v 0.1093 0.8135 0.3420
v 0.2378 -0.9441 0.1407
v -0.6135 0.6770 -0.3226
v -0.1005 0.8608 -0.3556
v 0.3055 -0.9808 0.2031
v -0.5043 0.5714 -0.1707
v -0.6160 0.6267 -0.4027
v 0.4368 -0.6287 0.2649
v -0.4312 -0.9459 0.3277
v -0.5454 -0.8890 0.2256
v -0.2960 0.9763 -0.3999
v 0.3536 -0.9882 0.0842
v -0.5289 0.5925 -0.1162
v -0.3955 0.4737 0.2200
v -0.1505 -0.1751 0.0296
v 0.1198 -0.0844 0.3546
v -0.3752 -0.0710 0.2544
v 0.5744 0.3491 0.0445
v -0.7518 0.5313 -0.6844
v 0.2015 0.4743 -0.1355
v -0.0830 0.4742 -0.4594
v -0.6672 0.7102 -0.7234
v -0.4764 -0.9619 -0.0180
v 0.2425 -0.5823 0.0752
v -0.3871 -0.7055 0.3023
v 0.1866 0.6151 -0.2007
v 0.4226 0.4987 -0.0966
v -0.6927 0.6397 -0.1989
v -0.1568 0.9525 -0.3673
v -0.6431 0.8259 -0.6006
v -0.5200 -0.4704 0.1962
v -0.4488 -0.4115 0.2094
v -0.3857 0.5792 0.0876
v -0.3888 -0.4316 0.2136
v 0.0346 0.5908 -0.4726
v -0.3295 -0.8360 0.1865
v -0.2296 -0.0653 0.3394
v 0.0975 0.7409 0.4345
v 0.7837 0.4980 -0.2625
v -0.3812 0.5602 0.2422
v 0.2454 -0.7095 0.1193
v -0.2838 0.4439 0.4248
v -0.3627 0.5849 0.2969
v -0.0333 -0.4091 0.7445
v 0.8021 0.6007 -0.3011
v -0.2544 0.3149 -0.1666
v -0.0578 -0.2054 0.1222
v 0.1085 0.0223 -0.0176
v -0.0750 0.2903 0.4581
v 0.1561 0.0570 0.0189
v 0.1319 0.7254 -0.3410
v 0.0189 0.5294 -0.6084
v -0.3672 -0.7614 0.2995
v -0.0131 0.3987 -0.3843
v -0.4573 -0.1327 0.2449
v 0.6685 0.7257 -0.2347
v -0.0945 0.2945 0.4795
v 0.2522 -0.5330 0.3036
v -0.0802 0.3574 0.4965
v 0.4076 -0.8965 0.0939
v 0.2108 -0.1539 0.0072
v -0.7553 0.7190 -0.6002
v 0.4851 -0.9557 0.1683
v -0.5268 -0.7031 0.1086
v 0.6798 0.3955 -0.1228
v -0.6325 0.6843 -0.2928
v 0.2527 -0.0644 0.2905
v -0.4962 -0.3482 0.1956
v -0.4765 -0.9855 0.0802
v -0.2168 -0.2414 0.3225
v 0.2831 0.9852 -0.3634
v -0.1152 0.8169 0.3519
v 0.7895 0.7740 -0.3936
v -0.3683 0.4508 0.2903
v 0.7004 0.7970 -0.5320
v 0.6771 0.8613 -0.5180
v -0.3056 -0.5197 0.1907
v 0.6579 0.3831 -0.1122
v -0.4463 -0.3287 0.2494
v 0.4061 0.5511 -0.0304
v -0.6900 0.5830 -0.5101
v 0.4320 -0.4262 0.1184
v 0.2010 -0.3825 0.0424
v 0.4375 0.3056 0.0367
v -0.2560 -0.0275 0.3177
v 0.3601 -0.0798 0.1329
v 0.2816 -0.7923 0.1739
v 0.4407 -0.2423 0.0670
v 0.5451 0.3412 -0.0738
v 0.1584 0.9386 -0.3125
v 0.4557 -0.9957 -0.0016
v 0.2565 -0.0033 0.2455
v -0.2534 -0.2426 -0.0045
v 0.5630 0.6013 -0.2010
v 0.4030 -0.7316 0.1931
v 0.2220 0.6071 -0.1784
v -0.3259 -0.3550 0.2832
v -0.1202 0.7200 0.4366
v 0.0064 -0.2196 0.4789
v -0.2009 0.6877 0.4162
v -0.3501 0.6524 -0.0108
v -0.0894 0.8002 -0.3305
v -0.3773 -0.3569 -0.0255
v 0.2346 0.4282 0.4269
v -0.5067 -0.5095 0.2518
v 0.6264 0.6810 -0.1290
v -0.0297 0.3599 0.5063
v -0.5537 -0.6152 0.1607
v -0.1363 0.5294 0.5023
v 0.2263 -0.7943 0.3824
v 0.0276 0.2073 -0.1237
v -0.0769 0.8485 -0.2044
v -0.1148 0.0712 -0.0486
v 0.6887 0.4386 -0.0663
v -0.6929 0.7222 -0.5622
v -0.3134 -0.6010 0.0422
v 0.4403 -0.8977 0.1877
v -0.4493 -0.6199 0.0224
v -0.4091 -0.1890 0.3078
v 0.1405 0.4538 -0.1510
v 0.1796 -0.2621 0.3090
v -0.7225 0.6017 -0.6226
v 0.4837 0.3188 -0.0567
v 0.3479 -0.8562 0.1765
v 0.5253 0.6076 -0.1718
v -0.0542 0.8395 0.3431
v 0.2729 -0.9912 0.3810
v 0.4365 -0.8876 0.1725
v 0.1845 -0.9722 0.2653
v -0.2804 0.6714 -0.0587
v -0.3613 0.4055 -0.1170
v -0.5997 0.3528 -0.1151
v -0.7319 0.5907 -0.6342
v -0.5046 -0.4903 0.0029
v -0.8217 0.6126 -0.2637
v 0.3116 -0.8197 0.3764
v -0.5904 -0.9545 0.2021
v -0.0522 0.7281 0.4577
v -0.1053 0.8202 -0.1553
v 0.1498 0.8134 -0.2997
v 0.7792 0.6239 -0.0786
v -0.3518 -0.5320 0.2546
v -0.0829 0.4852 -0.5438
v 0.4635 0.4968 -0.1109
v -0.2878 0.6511 -0.0843
v 0.5559 0.5594 -0.0231
v 0.3581 -0.5967 0.0395
v 0.5374 0.4652 0.1010
v 0.2095 0.8601 -0.2440
v 0.4146 -0.3700 0.2114
v 0.3780 -0.6302 0.0686
v 0.0577 0.8882 0.0480
v -0.0033 0.0198 -0.0769
v 0.1309 0.6005 0.4774
v 0.3426 -0.1051 0.2493
v 0.0591 -0.2407 0.1099
v -0.0074 0.0869 0.4337
v -0.2546 0.1915 0.2667
v 0.0484 0.8953 -0.0677
v 0.0013 0.8913 -0.0497
v 0.4098 -0.7650 0.2938
v -0.5461 -0.6524 0.1183
v -0.0809 -0.3392 0.6367
v -0.3448 0.3729 0.3139
v -0.2561 0.1525 0.2939
v 0.3242 -0.2671 -0.0333
v -0.5992 -0.9902 0.1852
v 0.1153 0.6500 -0.3502
v -0.3576 0.6571 0.2236
v -0.2544 0.6422 -0.1385
v 0.2115 0.2798 -0.1459
v 0.0530 0.4126 -0.3987
v -0.1653 0.7810 -0.0943
v -0.5223 0.5894 -0.1425
v -0.1532 0.8813 -0.2418
v 0.1277 0.8553 0.0135
v -0.5170 -0.7723 0.1272
v -0.5893 -0.8798 0.0991
v -0.3220 0.0017 0.1409
v -0.5251 0.4095 -0.2056
v -0.0858 0.8521 -0.2207
v 0.0525 0.8741 0.2753
v 0.0519 0.4605 -0.5706
v 0.1597 -0.0274 0.0088
v 0.4536 -0.3637 0.1527
v 0.0293 0.4340 -0.4767
v 0.1257 0.5122 -0.1684
v 0.6591 0.5192 -0.3652
v 0.1749 -0.6087 0.2559
v 0.4306 -0.1812 0.1113
v 0.4794 0.4817 0.1492
v 0.3565 -0.7761 0.1737
v -0.3926 -0.7599 0.3055
v -0.1040 0.2123 0.4273
v -0.5260 0.5936 -0.2116
v -0.3556 0.6798 0.1585
v -0.1761 0.4854 0.4851
v 0.2492 0.6347 -0.0287
v 0.6457 0.7962 -0.3520
v -0.3897 0.4791 0.2634
v -0.2986 0.4209 -0.1405
v -0.1782 0.1208 0.3828
v 0.0716 0.8227 -0.2256
v -0.4220 -0.9795 0.0548
v -0.2704 0.7395 0.0755
v 0.3702 -0.8539 0.2073
v 0.2972 -0.8707 0.3728
v 0.2517 -0.9766 0.4211
v 0.2211 0.1754 0.0470
v 0.6771 0.4784 -0.0383
v -0.5262 -0.4814 0.0034
v -0.2309 0.1862 -0.0235
v 0.2434 0.0360 0.2448
v 0.3037 0.4569 0.3578
v 0.4226 -0.2764 0.0255
v 0.1548 -0.2672 0.0181
v 0.1347 0.7873 0.3763
v -0.0545 -0.3685 0.6183
v 0.3192 0.5972 0.2744
v -0.5023 -0.8009 0.2504
v -0.6984 0.7230 -0.4311
v 0.1933 -0.7726 0.2126
v -0.3653 0.3754 -0.1011
v 0.1633 -0.3013 0.2726
v -0.2149 0.6674 -0.1713
v 0.1559 0.6026 -0.1519
v 0.2247 0.0384 0.2697
v 0.5654 0.6522 -0.2318
v -0.5980 0.3774 -0.2234
v -0.3651 -0.1415 0.0056
v -0.0548 -0.2157 0.4630
v -0.0090 -0.2909 0.6190
v -0.0616 -0.2020 0.0985
v 0.2659 0.5126 0.4028
v 0.2169 0.1327 0.3085
v 0.1867 0.9576 -0.3399
v 0.1504 0.1622 0.4055
v -0.5235 -0.3115 0.0228
v -0.2840 0.4380 -0.1471
v 0.3290 -0.7630 0.3916
v -0.3322 -0.9737 0.3382
v 0.2201 0.8119 -0.2684
v -0.3276 -0.6541 0.2692
v -0.2672 0.1254 0.1199
v 0.5364 0.3733 0.0776
v 0.0195 0.7331 0.4551
v 0.1346 0.6035 -0.2100
v 0.1949 0.8182 0.1164
v 0.6931 0.8478 -0.4144
v -0.1864 0.8589 0.1820
v -0.1015 0.3095 0.4873
v -0.3406 0.6077 0.3169
v -0.2237 0.8282 -0.2880
v 0.1686 -0.1503 0.0045
v -0.6599 0.5973 -0.1339
v 0.1574 0.8249 0.0570
v -0.1262 0.8902 -0.2507
v 0.7628 0.8153 -0.3483
v -0.1316 0.7690 -0.3094
v 0.3977 -0.1852 0.2414
v -0.1545 0.9586 -0.3410
v 0.3812 -0.4957 0.2352
v -0.7999 0.4717 -0.3589
v 0.7827 0.7204 -0.2787
v 0.0099 0.1080 0.4177
v -0.4393 -0.6491 0.3074
v -0.1037 0.6327 0.4800
v 0.0097 -0.3019 0.4094
v -0.0965 0.4949 -0.3960
v -0.3592 -0.0506 0.1423
v 0.1912 0.7074 -0.0686
v -0.7514 0.7029 -0.4125
v 0.1263 0.8365 -0.0424
v 0.4152 0.3517 0.1588
v -0.2757 -0.6260 0.1611
v -0.5273 -0.3456 0.0249
v -0.2966 0.7431 0.1458
v -0.1340 0.8880 0.1663
v 0.1200 0.7770 -0.1270
v 0.3560 -0.9281 0.0045
v 0.0905 0.4850 -0.4244
v 0.0548 0.6187 0.4929
v -0.6654 0.4834 -0.4152
v 0.1446 -0.3380 0.1317
v -0.0106 0.4105 -0.4409
v 0.1396 0.8630 0.0886
v -0.3562 0.2891 0.2104
v 0.1865 0.7799 0.0381
v 0.1426 0.7675 -0.1949
v 0.2241 -0.5197 0.1229
v 0.5455 0.5660 -0.1831
v -0.3184 -0.3993 0.0403
v 0.1941 0.3015 0.4185
v -0.5214 0.4767 -0.2883
v -0.0751 0.6241 -0.4408
v 0.0075 0.9017 -0.0267
v 0.3794 -0.7926 0.1952
v 0.0974 0.4852 0.5039
v 0.0413 -0.2821 0.4703
v -0.1856 0.1610 -0.0758
v 0.2134 0.7739 0.3117
v -0.2425 0.3091 0.4034
v -0.5068 0.3357 -0.0291
v -0.4205 -0.5128 -0.0096
v 0.0604 0.4323 -0.5103
v 0.7037 0.7461 -0.4241
v 0.2137 -0.0043 0.3081
v 0.0252 0.3327 -0.1760
v 0.7901 0.6853 -0.5458
v 0.2953 -0.9843 0.1538
v -0.5371 -0.9088 0.0209
v 0.7672 0.7351 -0.4868
v 0.3377 0.6258 0.1800
v 0.2606 0.4921 -0.1230
v -0.4213 -0.6174 0.0298
v 0.1786 0.7893 -0.0668
v -0.3904 0.6248 0.0752
v 0.3161 -0.0627 0.1095
v -0.0434 -0.2204 0.3265
v 0.1686 0.8063 -0.0335
v -0.3826 -0.8846 0.3234
v -0.4134 -0.4393 -0.0019
v -0.7497 0.6816 -0.6617
v 0.6322 0.4845 -0.3313
v -0.2095 0.7291 0.3751
v 0.4922 0.5338 -0.0516
v -0.1451 0.5856 -0.2527
v 0.0448 0.6515 -0.4164
v 0.3808 -0.9784 -0.0726
v -0.7972 0.6444 -0.3114
v 0.0486 0.3044 -0.1885
v -0.5618 0.3970 -0.2437
v 0.5240 0.3619 -0.1275
v 0.1749 -0.4042 0.1811
v 0.3292 -0.6078 0.3566
v 0.4715 0.5535 0.0065
v 0.3578 -0.7171 0.3631
v -0.3162 -0.3648 -0.0030
v -0.0804 -0.0441 -0.0463
v 0.3936 -0.8748 0.1710
v 0.6989 0.5050 -0.3540
v -0.4136 -0.4653 0.2204
v -0.1664 0.5868 0.4797
v -0.0313 0.4466 -0.4656
v 0.7750 0.6929 -0.5564
v -0.5732 0.5970 -0.3321
v 0.7990 0.7189 -0.4801
v 0.8276 0.7150 -0.3774
v 0.7171 0.4132 -0.1479
v -0.3966 0.3315 -0.0541
v 0.3550 -0.6248 0.3580
v 0.1221 0.2876 0.4481
v -0.0509 0.8913 -0.0236
v -0.2512 0.0225 0.0732
v 0.5777 0.5129 -0.2271
v 0.3848 -0.5334 0.3036
v -0.2801 0.6617 0.3401
v 0.3656 -0.3853 -0.0324
v 0.4735 0.5140 -0.0904
v 0.2521 0.2758 0.3432
v 0.3761 -0.1963 0.0216
v 0.2513 0.6951 0.0042
v -0.4140 -0.3242 -0.0323
v 0.0864 0.8279 0.3445
v 0.2132 0.7920 0.1476
v -0.2896 -0.2263 0.3363
v -0.5513 0.4176 -0.2881
v -0.4255 -0.1038 0.2494
v 0.6477 0.7347 -0.3143
v -0.6051 -0.8756 0.1036
v -0.3482 -0.3075 -0.0270
v 0.0760 0.1669 0.4458
v -0.0269 -0.1293 -0.0457
v -0.1976 -0.0012 0.0112
v -0.5511 -0.4579 0.1008
v 0.2210 -0.4758 0.1006
v 0.1381 -0.2714 0.2679
v 0.3521 0.4118 -0.0801
v -0.3213 -0.0970 0.3131
v 0.2158 -0.2745 -0.0092
v -0.2277 -0.2895 0.3012
v -0.6447 -0.9511 0.0593
v 0.2489 0.8599 -0.2788
v -0.5411 -0.3259 0.0707
v -0.1440 0.5868 -0.2369
v 0.5542 0.6064 -0.1076
v 0.6372 0.7105 -0.2656
v 0.2261 -0.9681 0.4226
v 0.7947 0.7488 -0.3461
v -0.6656 0.4654 -0.4472
v -0.1676 -0.0637 0.3588
v 0.7586 0.4878 -0.2915
v 0.6855 0.7885 -0.5691
v 0.5073 0.3182 -0.0009
v -0.6816 0.7898 -0.5369
v 0.1349 0.6066 -0.1740
v 0.1262 0.1406 -0.0567
v 0.1900 0.3940 0.4498
v 0.0420 -0.1649 0.3915
v -0.0077 0.7700 -0.3469
v -0.6437 0.4649 -0.0642
v 0.3102 -0.9624 -0.0052
v -0.0563 0.5862 -0.4315
v 0.3952 -0.9022 0.2686
v -0.1616 0.8503 0.0106
v -0.2948 0.4832 -0.1639
v -0.2699 0.7640 0.2174
v 0.4355 -0.5354 0.0372
v 0.1515 0.1510 -0.0784
v 0.0768 0.4591 -0.5253
v -0.0616 -0.1494 -0.0160
v 0.0992 0.7165 0.4379
v 0.4102 -0.3393 -0.0051
v -0.5531 0.6075 -0.3360
v 0.0322 0.5479 -0.5551
v -0.1868 0.6219 -0.2949
v 0.2652 0.6227 -0.0720
v 0.1556 0.7415 -0.2288
v 0.6211 0.5299 -0.2855
v 0.1393 0.7502 -0.3336
v -0.5252 -0.4536 0.1549
v -0.1292 0.2479 0.4425
v 0.4705 0.3114 -0.0420
v -0.5008 -0.8708 0.0685
v 0.2812 0.6350 0.3243
v 0.1988 0.9072 -0.3875
v 0.1795 -0.6442 0.2881
v -0.3285 0.4361 0.3515
v 0.0132 0.3484 -0.1607
v -0.4543 -0.3679 -0.0256
v -0.1189 -0.2531 0.1478
v -0.1243 0.7946 -0.1407
v -0.2767 0.6973 0.3302
v 0.1551 0.6886 0.4387
v -0.3724 0.3834 0.2490
v 0.2623 0.6387 -0.0161
v 0.2053 0.8441 -0.2823
v -0.2611 0.1632 0.0627
v -0.3906 0.5038 0.2353
v -0.3661 0.3214 0.1388
v -0.3328 -0.5967 0.0285
v -0.1751 0.3224 0.4641
v 0.4353 0.3266 -0.0700
v -0.8181 0.5509 -0.4639
v -0.3187 -0.8284 0.2337
v 0.2324 0.7824 0.1537
v -0.7854 0.4620 -0.1932
v 0.1822 -0.9763 0.3925
v 0.2258 -0.9162 0.1904
v -0.0589 0.3147 0.4641
v -0.3741 -0.9819 0.3388
v 0.2705 -0.8497 0.1626
v 0.8229 0.6953 -0.4474
v -0.0333 -0.2891 0.6456
v 0.3288 -0.8652 0.1351
v -0.4532 -0.8388 0.1111
v -0.5257 -0.2499 0.0765
v -0.5447 0.6025 -0.1909
v 0.0342 0.8276 -0.2245
v 0.7244 0.7544 -0.5136
v 0.4618 0.4692 0.1709
v 0.5036 0.5198 -0.1900
v 0.4736 -0.9938 0.0053
v -0.5913 0.5064 0.0018
v -0.1737 0.2444 -0.1802
v 0.4414 -0.9053 0.2179
v -0.0329 0.1857 -0.1264
v -0.2766 0.0643 0.2400
v -0.6989 0.5303 -0.4872
v 0.4481 -0.9946 0.1785
v -0.4904 0.3778 -0.1762
v -0.5208 -0.8577 0.2332
v -0.2861 0.7059 -0.0614
v 0.0369 -0.2536 0.4752
v 0.0571 0.4671 -0.4214
v -0.6987 0.6755 -0.2606
v 0.0805 0.7485 -0.3285
v 0.2262 0.9500 -0.3839
v 0.2047 0.6410 -0.1831
v 0.1477 0.4820 -0.1687
v 0.0282 -0.0904 0.3870
v -0.3326 0.5751 0.3381
v -0.5200 -0.9394 -0.0745
v 0.7728 0.7839 -0.4047
v -0.1957 0.7177 -0.1317
v -0.3768 -0.7630 0.0800
v -0.1409 0.6158 0.4737
v 0.2136 0.7882 -0.2646
v 0.1868 -0.5534 0.2136
v -0.0297 0.9017 0.0675
v -0.1247 0.5431 -0.2530
v 0.1073 0.5937 -0.3883
v -0.5756 0.3716 -0.0391
v 0.2852 0.5090 -0.1301
v -0.4994 0.5327 -0.2012
v -0.7384 -0.9757 0.0355
v 0.1287 -0.2684 0.0512
v -0.2646 0.1362 0.1080
v -0.7473 0.6845 -0.3873
v -0.7477 0.4935 -0.7194
v -0.5060 0.5218 0.0948
v -0.0807 -0.1886 0.3310
v -0.0918 0.2608 0.4458
v -0.6223 -0.9160 0.0845
v 0.2776 0.9389 -0.3133
v 0.1674 -0.6072 0.1560
v 0.0367 0.6741 -0.3962
v -0.0130 0.0445 0.4134
v -0.5413 -0.6837 0.1008
v -0.3666 0.5482 0.3141
v 0.3119 -0.1449 0.3071
v -0.0998 0.8496 -0.2093
v 0.1413 -0.3041 0.2462
v -0.0098 0.2098 -0.1344
v -0.0347 0.3660 0.5109
v -0.0842 0.4046 -0.1545
v -0.2631 0.5112 0.4368
v -0.0888 0.6774 -0.4340
v -0.5482 -0.9343 -0.0668
v -0.3934 0.5508 0.2098
v -0.1775 0.8492 0.2030
v 0.2558 -0.9837 0.3511
v 0.5773 0.4179 -0.2554
v 0.2394 0.9839 -0.3113
v -0.7311 -0.9758 0.0272
v 0.3789 0.4362 0.2068
v 0.1410 0.0591 0.3966
v 0.2444 0.6618 -0.0322
v 0.5306 0.5784 -0.1217
v -0.6996 0.6565 -0.5907
v -0.2808 0.7075 0.0748
v -0.5215 -0.8017 0.2199
v 0.5169 0.4822 -0.2171
v -0.0149 -0.2452 0.3442
v 0.2366 0.8977 -0.2969
v 0.4159 0.5507 0.1414
v -0.7429 0.7573 -0.5518
v 0.3048 0.4520 0.3403
v -0.7873 0.4521 -0.2143
v 0.0909 0.2294 -0.1736
v -0.3052 -0.6384 0.2411
v -0.2790 0.0518 0.1324
v -0.5579 -0.4133 -0.0053
v -0.5029 -0.2044 0.1829
v 0.7431 0.7422 -0.5041
v -0.2878 0.7072 -0.0310
v 0.6299 0.4887 -0.2965
v 0.7826 0.6554 -0.1605
v -0.0531 0.6829 -0.4049
v -0.5234 -0.6679 0.0840
v -0.7698 0.4490 -0.3805
v -0.2392 0.1819 0.2981
v 0.4104 -0.5110 0.2026
v -0.0781 -0.3093 0.5915
v 0.2936 -0.6043 0.0453
v 0.3972 0.3624 0.1761
v 0.5702 0.3345 0.0238
v -0.4775 -0.5395 -0.0022
v -0.5524 -0.5086 0.1563
v -0.8273 0.5167 -0.5426
v 0.6808 0.7287 -0.3791
v -0.0731 0.9114 0.1374
v -0.0479 -0.2028 0.1398
v 0.6839 0.8365 -0.4006
v -0.4985 -0.7239 0.0902
v 0.4303 -0.3709 0.0078
v 0.7917 0.4929 -0.1956
v -0.7141 0.4966 -0.1371
v 0.2016 0.9167 -0.3473
v -0.3414 -0.5956 0.2700
v 0.2924 0.6075 0.3215
v -0.3115 -0.4273 0.0878
v 0.3415 -0.1243 0.2643
v -0.4241 -0.6874 0.0418
v 0.1090 0.4964 -0.1781
v -0.2700 -0.4184 0.1379
v -0.5199 -0.8846 0.0448
v 0.6804 0.8395 -0.2952
v -0.7996 0.4822 -0.5744
v -0.0847 0.0176 -0.0628
v -0.8271 0.5287 -0.5040
v 0.4373 -0.2158 0.0870
v -0.0571 0.5474 0.5169
v -0.5821 0.4613 -0.3049
v -0.4176 -0.4177 0.2149
v -0.6149 0.3841 -0.2844
v -0.3213 -0.9845 0.2351
v 0.1845 -0.7632 0.3233
v -0.7417 0.6416 -0.6392
v 0.7886 0.7784 -0.4252
v 0.3099 -0.0645 0.0927
v 0.4166 0.3090 0.0038
v 0.0456 -0.0074 0.4091
v -0.2709 0.1903 0.1911
v -0.4537 -0.2390 -0.0168
v 0.1558 -0.6364 0.1813
v 0.3203 -0.0758 0.0735
v 0.4132 -0.1511 0.1731
v -0.3015 -0.9682 0.3005
v -0.3867 0.3985 0.1701
v 0.4382 0.3361 0.1348
v 0.1747 0.8027 0.0627
v -0.0989 -0.1703 0.3376
v -0.2342 0.1659 0.0221
v -0.3134 0.5377 -0.1569
v 0.2936 0.7145 0.1843
v -0.6415 0.4211 -0.3826
v -0.2838 0.7563 0.2054
v 0.7314 0.8483 -0.4585
v -0.5372 -0.3546 0.0681
v -0.5922 0.6053 -0.3593
v -0.3939 0.5659 0.1694
v 0.0054 0.0782 0.4324
v 0.5447 0.6375 -0.1985
v -0.7932 0.4966 -0.6266
v 0.2742 0.9132 -0.2982
v 0.3026 0.6642 0.0511
v 0.6294 0.4675 -0.3196
v 0.2954 -0.6554 0.0846
v 0.3167 -0.4924 0.2662
v -0.3578 0.3306 0.2386
v 0.0980 0.8261 0.3202
v -0.6587 -0.9287 -0.0317
v 0.7461 0.7286 -0.4882
v 0.2409 -0.6973 0.3705
v 0.7127 0.5735 -0.0241
v 0.7242 0.7492 -0.4780
v -0.2716 0.4102 0.4288
v -0.3985 0.3570 0.1377
v -0.2660 0.2534 0.3211
v 0.7457 0.5980 -0.0427
v -0.5397 -0.6687 0.1193
v 0.4331 -0.5610 0.0902
v -0.4427 -0.7211 0.0690
v -0.3865 0.5097 -0.1207
v -0.2776 0.0040 0.0696
v 0.2994 -0.8759 0.0767
v 0.1436 0.9159 -0.3295
v -0.1028 0.8905 -0.3287
v -0.3992 -0.9876 0.1292
v 0.4784 0.4561 -0.1204
v 0.1670 0.0823 0.0237
v -0.2953 -0.2883 -0.0171
v -0.2160 0.6577 -0.2103
v 0.2838 0.7097 0.2290
v 0.2659 0.4163 0.4018
v -0.4905 -0.8855 0.0171
v 0.3338 -0.2990 -0.0337
v 0.1229 0.1896 -0.1412
v -0.6648 0.7110 -0.4933
v -0.1785 0.8068 -0.0906
v 0.6120 0.3682 -0.0824
v -0.2751 0.9173 -0.3422
v 0.1286 0.2851 -0.1871
v 0.0982 0.3126 -0.1928
v -0.6417 0.4636 -0.3818
v -0.0207 -0.1214 0.4068
v 0.3163 -0.9814 0.3547
v 0.0534 -0.1979 0.3352
v -0.5458 -0.4620 0.0010
v -0.7421 0.4996 -0.5383
v -0.8351 0.5482 -0.3363
v 0.0731 0.1776 0.4420
v 0.3096 -0.3744 0.2811
v 0.1011 0.5083 -0.3355
v -0.0868 0.1363 0.4247
v -0.1268 0.8605 -0.0956
v 0.0552 0.4359 -0.4353
v 0.6446 0.7647 -0.2991
v 0.4079 -0.9866 0.2061
v -0.4534 0.5388 -0.1750
v 0.4097 -0.1700 0.2138
v 0.0693 0.8054 -0.2813
v 0.2905 -0.0542 0.2079
v 0.7454 0.5439 -0.3532
v 0.1322 0.5826 -0.2655
v -0.3223 0.2794 0.3028
v -0.1079 0.0884 -0.0697
v 0.6822 0.6086 -0.0589
v 0.1158 -0.3002 0.1982
v 0.1805 -0.7797 0.2793
v 0.4185 0.5324 0.1600
v -0.0285 0.8938 -0.0471
v -0.6520 0.6962 -0.7135
v 0.7296 0.5527 -0.3581
v 0.3350 0.6379 0.0387
v -0.8161 0.4721 -0.2735
v -0.0141 -0.3546 0.4872
v 0.6355 0.5097 -0.2979
v -0.7086 0.7307 -0.5693
v -0.2438 0.8528 -0.3057
v -0.4082 -0.1350 0.2938
v 0.2699 -0.7847 0.1722
v 0.5490 0.5420 -0.1874
v -0.5627 -0.4750 0.0953
v -0.1077 0.2608 0.4550
v -0.3701 0.3579 0.1954
v -0.6363 -0.9247 0.1753
v 0.4282 0.3081 -0.0182
v 0.1801 0.8913 -0.3868
v 0.2612 0.2068 0.0952
v -0.6425 0.4384 -0.0260
v 0.1576 0.8513 -0.3587
v -0.5617 0.3867 0.0191
v 0.2905 0.3454 0.3195
v -0.4683 -0.4519 0.2052
v -0.0765 0.1555 0.4427
v 0.3927 -0.7042 0.1339
v 0.1536 0.1396 -0.0384
v -0.3140 -0.7392 0.1132
v 0.2368 0.7179 0.0213
v 0.2393 0.3511 0.3947
v -0.0808 -0.0097 -0.0642
v -0.1865 0.7464 -0.0964
v -0.5183 -0.6552 0.0673
v -0.0817 -0.2740 0.4522
v -0.6348 -0.8986 0.1021
v 0.0624 -0.1218 0.3638
v -0.3104 -0.9226 0.2398
v -0.2012 0.7024 -0.1939
v -0.4686 0.3456 -0.1213
v -0.7344 0.4424 -0.1828
v -0.2121 0.8851 -0.3218
v 0.2149 -0.4126 0.0621
v 0.7843 0.6716 -0.2224
v 0.0675 0.4393 -0.5207
v -0.6451 0.4019 -0.1406
v 0.0245 0.6142 0.4973
v 0.1023 0.7187 -0.3651
v 0.3565 -0.5205 0.0067
v 0.1909 0.9430 -0.3638
v 0.0385 0.5231 -0.6004
v 0.7409 0.4750 -0.0566
v -0.3022 -0.1223 0.3305
v -0.4071 -0.5201 0.2712
v 0.1770 0.3863 -0.1725
v 0.0371 0.8969 -0.0904
v 0.3151 0.2811 0.1046
v -0.2622 0.2137 -0.0431
v 0.4732 -0.9844 0.0258
v 0.7014 0.4178 -0.2475
v -0.5786 -0.8817 0.1808
v -0.3446 -0.8658 0.1748
v 0.2021 0.0084 0.0464
v 0.7523 0.5371 -0.0459
v -0.3162 -0.6296 0.0528
v 0.2686 0.7240 0.2865
v 0.2704 -0.9866 0.0611
v -0.2616 0.1582 0.1243
v -0.3126 0.2989 0.3056
v 0.2591 -0.4154 0.0001
v -0.3434 0.5251 0.3447
v 0.2258 -0.4704 0.2223
v 0.3456 0.6255 0.1243
v -0.4932 -0.9201 -0.0183
v 0.2063 0.0841 0.0884
v 0.1778 0.6157 0.4566
v 0.3505 -0.1824 0.0124
v 0.0751 0.4988 -0.2284
v -0.4529 -0.6201 0.3038
v 0.0858 0.8274 -0.2280
v -0.5391 0.6011 -0.3213
v 0.0165 0.5309 -0.6413
v 0.2310 0.9422 -0.3801
v -0.2187 0.5410 -0.1579
v 0.1371 0.0488 0.0051
v -0.5138 0.5740 -0.2653
v -0.4924 0.5710 -0.1501
v -0.3628 0.6245 0.2559
v 0.8045 0.7225 -0.4360
v -0.5340 0.5919 -0.0767
v 0.2029 -0.0851 0.0063
v -0.0961 0.7620 -0.3452
v 0.2391 0.0613 0.2107
v 0.2317 0.0981 0.2487
v 0.3608 -0.8959 0.3268
v -0.0713 0.4755 0.5180
v 0.6803 0.8461 -0.4019
v -0.7329 0.4654 -0.1641
v -0.6930 0.5964 -0.7453
v 0.6439 0.7201 -0.2083
v -0.7669 0.7453 -0.5407
v 0.0041 -0.1557 -0.0131
v 0.4857 -0.9853 0.0986
v 0.1397 -0.2951 0.0761
v 0.0190 -0.2149 0.3063
v 0.2455 -0.6239 0.3492
v -0.2973 0.6501 0.3274
v -0.5226 0.5698 -0.2984
v -0.6986 0.7278 -0.6947
v -0.6422 -0.9928 0.1463
v 0.7279 0.6840 -0.4418
v 0.2223 -0.8290 0.2286
v -0.3892 -0.9160 0.1125
v 0.7220 0.7752 -0.2430
v -0.1882 0.7143 -0.1768
v -0.3136 -0.4398 0.1633
v 0.3507 -0.8671 0.3278
v 0.3625 -0.0825 0.1827
v -0.0322 -0.3669 0.6438
v 0.1336 0.7714 -0.1024
v -0.4536 -0.4497 -0.0159
v -0.1233 0.8138 -0.1108
v 0.1537 0.5645 -0.3218
v 0.1485 0.7299 -0.3055
v 0.6549 0.8373 -0.3244
v 0.1383 0.6288 0.4589
v -0.2765 0.4712 -0.1551
v -0.2547 0.9760 -0.4134
v 0.2049 0.7376 -0.0649
v -0.3983 0.3328 0.0726
v 0.5076 0.5455 0.0523
v 0.2560 0.8770 -0.2742
v -0.3618 -0.9222 0.1497
v 0.1895 -0.8053 0.2528
v 0.0313 0.4511 -0.4633
v 0.3952 0.3065 0.0053
v -0.0551 -0.4222 0.7307
v 0.3209 0.4824 0.3305
v -0.2402 0.7904 0.1028
v 0.3842 -0.8891 0.2885
v 0.3359 -0.0957 0.0703
v 0.5706 0.5475 0.0066
v 0.8298 0.6728 -0.4553
v -0.7898 0.5195 -0.4296
v 0.6000 0.3840 -0.2322
v -0.4160 -0.0983 0.1022
v -0.4155 -0.9904 0.3164
v -0.4789 -0.8977 0.0023
v 0.3492 -0.5590 0.0327
v 0.7548 0.4946 -0.3149
v 0.5068 -0.9318 0.1024
v 0.0253 -0.2298 0.1386
v -0.2354 0.8002 0.1306
v -0.5806 0.6600 -0.3098
v -0.0880 -0.1965 0.2727
v -0.3023 0.6376 -0.0781
v 0.4060 -0.9907 0.0396
v 0.2057 -0.8574 0.2621
v 0.2822 0.7099 0.1244
v 0.7676 0.4591 -0.1849
v -0.7088 0.5987 -0.5778
v 0.2440 0.3990 0.4060
v 0.6054 0.4612 -0.3020
v -0.2866 0.0195 0.1041
v -0.0047 -0.2006 0.1314
v 0.0313 0.8399 -0.1228
v 0.4499 -0.3112 0.1697
v 0.1506 -0.0415 0.3429
v 0.2450 -0.6930 0.1067
v -0.2067 0.1995 -0.1202
v -0.3670 0.4740 -0.1226
v 0.2415 0.2348 -0.0700
v 0.2774 -0.7929 0.4047
v -0.4549 0.3927 -0.1609
v 0.0529 0.3134 0.4816
v 0.2984 -0.2119 -0.0239
v -0.4960 0.3381 0.0452
v 0.7124 0.7705 -0.5228
v -0.3597 -0.7156 0.0631
v 0.3221 -0.5758 0.0316
v 0.1656 -0.3375 0.2490
v -0.4955 -0.7516 0.0896
v 0.5225 -0.9524 0.1133
v -0.0184 0.4084 -0.4418
v 0.2357 0.3562 -0.1509
v 0.2227 -0.0178 0.0365
v 0.6356 0.6312 -0.0744
v -0.2588 0.4674 0.4343
v -0.5637 -0.9939 -0.1159
v -0.2410 0.0877 0.0954
v 0.2696 -0.9724 0.0517
v -0.0744 0.3104 0.4855
v -0.5634 -0.9893 -0.1253
v -0.0570 0.2222 -0.1541
v -0.0636 0.4135 -0.3951
v 0.0363 -0.1945 0.4158
v 0.2167 0.7377 -0.0242
v 0.2619 -0.4674 0.0334
v 0.2436 0.1802 0.0321
v -0.5421 -0.9555 -0.1050
v -0.2609 0.2990 0.3848
v 0.3197 0.6704 0.2134
v -0.1745 -0.0917 0.3685
v 0.1840 -0.9859 0.2919
v -0.3750 0.5928 -0.0245
v 0.1227 0.4263 0.4930
v 0.2740 -0.3151 -0.0288
v -0.0361 0.5553 -0.5095
v -0.0461 0.4377 -0.2991
v -0.0094 0.8413 0.3485
v 0.0389 -0.2118 0.0755
v 0.4246 -0.5839 0.2921
v 0.0273 -0.1222 -0.0295
v 0.0581 0.7837 -0.2949
v 0.7560 0.7783 -0.2705
v 0.2176 0.8066 0.1962
v 0.2153 0.6848 -0.0539
v -0.0241 0.8568 -0.1279
v -0.4801 0.5872 -0.1063
v 0.1286 0.8601 0.2317
v 0.3717 -0.9640 -0.0838
v -0.5274 -0.9929 0.0062
v -0.1366 0.1315 0.4071
v -0.6407 0.6868 -0.3094
v 0.0025 0.6063 0.4963
v 0.0707 0.5719 -0.4284
v 0.1618 -0.6058 0.1997
v 0.0660 0.8334 -0.1061
v -0.6043 -0.8927 0.1673
v -0.3232 0.6521 -0.0333
v -0.3543 -0.3902 0.2543
v -0.1018 0.8262 -0.1714
v 0.0483 0.6660 -0.4004
v 0.5325 0.5520 -0.0664
v -0.1549 0.7398 -0.3041
v 0.2307 0.6594 0.3798
v 0.0804 0.8878 0.0486
v -0.1107 0.1824 -0.1376
v 0.6790 0.8486 -0.4277
v 0.6630 0.8327 -0.3792
v -0.3152 -0.5552 0.2378
v 0.4483 -0.9644 0.1064
v 0.7746 0.5108 -0.3052
v 0.2796 -0.1475 0.0001
v -0.2961 0.9874 -0.4009
v 0.0467 -0.1927 0.3738
v 0.1614 -0.6400 0.2352
v 0.2725 0.6226 -0.0480
v 0.1221 0.8370 -0.2100
v -0.2012 0.2981 -0.1901
v 0.4301 -0.6972 0.2563
v -0.4381 0.3576 0.1071
v -0.4434 -0.9842 0.3161
v 0.2438 0.1519 0.2270
v 0.4129 -0.3995 0.1918
v 0.1329 -0.0640 -0.0098
v 0.0054 0.4679 -0.5799
v -0.2033 0.8023 -0.0729
v -0.0854 -0.1640 0.0174
v -0.1267 0.5448 -0.3248
v 0.0798 0.4694 -0.1848
v 0.5574 0.4716 0.0823
v 0.3620 0.5869 0.0274
v -0.8133 0.6066 -0.3205
v -0.3282 -0.2130 -0.0224
v -0.2088 0.9316 -0.2788
v 0.6452 0.6114 -0.3040
v -0.2786 0.5873 -0.1749
v 0.5708 0.3827 0.0674
v 0.7073 0.8500 -0.3121
v 0.2786 -0.7700 0.1658
v 0.4895 0.5205 0.1208
v 0.8202 0.7318 -0.4090
v 0.1814 0.8778 -0.3851
v -0.3293 0.6823 0.0784
v -0.4824 -0.4042 -0.0405
v 0.0918 0.6297 -0.4427
v -0.8200 0.5126 -0.4903
v -0.4718 -0.8815 0.0411
v -0.3629 0.4727 0.3209
v -0.2710 0.7327 0.0133
v -0.0753 -0.4392 0.7578
v -0.3486 -0.5268 0.0336
v 0.6730 0.7060 -0.3507
v -0.1234 0.2861 0.4712
v -0.6198 0.4238 -0.3689
v 0.2330 0.1339 0.1357
v -0.3982 -0.8318 0.1166
v 0.1538 0.6913 -0.2798
v -0.6875 -0.9810 -0.0798
v 0.3254 -0.8755 0.0844
v -0.5277 -0.5871 0.0464
v -0.2615 0.5948 0.4170
v -0.1755 0.6426 -0.3218
v 0.2122 -0.3087 0.3008
v 0.1328 -0.2006 0.0251
v 0.4543 -0.2643 0.0859
v -0.1793 0.5160 0.4913
v -0.8132 0.4783 -0.2430
v -0.7372 0.6905 -0.3952
v 0.3913 -0.8715 0.2575
v 0.5733 0.5904 -0.0646
v -0.5345 0.4795 -0.2930
v -0.0918 -0.0189 -0.0553
v 0.4253 -0.5073 0.1731
v 0.6418 0.3944 -0.0825
v -0.7895 0.5696 -0.6318
v 0.0774 0.0458 -0.0618
v -0.1583 0.7444 -0.2511
v 0.0347 0.8956 -0.0238
v -0.5525 -0.6422 0.1977
v -0.7978 0.5971 -0.6365
v -0.2048 0.7541 0.3548
v 0.2422 -0.6496 0.0921
v -0.0287 -0.2076 0.1123
v -0.2435 -0.3037 0.0242
v 0.0036 -0.2028 0.0705
v 0.2734 0.0125 0.1493
v -0.2815 0.7279 0.1014
v 0.2984 0.3883 0.3359
v -0.3093 -0.9831 0.2682
v 0.2164 0.7086 0.3697
v 0.0656 0.8764 0.2104
v -0.7375 0.7416 -0.5612
v 0.2886 0.2572 0.0797
v -0.5444 -0.9329 0.0131
v -0.2262 0.7628 -0.0782
v -0.1447 0.7012 0.4459
v 0.2027 0.7742 0.0539
v 0.3031 -0.5514 0.0406
v 0.3387 0.5415 0.2457
v -0.1445 0.8473 0.2845
v -0.2592 -0.3923 0.2060
v 0.0364 0.5242 -0.6329
v -0.5159 0.5787 -0.2912
v 0.2668 -0.1620 -0.0069
v 0.1032 0.4902 -0.4767
v 0.0415 0.8821 -0.0428
v -0.7168 0.6302 -0.5899
v -0.1207 0.8910 0.1907
v -0.2626 0.1266 0.2467
v -0.6787 0.4079 -0.1677
v -0.1319 0.6345 0.4638
v -0.3949 -0.9806 0.3367
v -0.4954 0.5137 -0.2023
v 0.0365 0.5180 -0.6427
v -0.2340 0.3294 0.4333
v 0.0000 0.4262 -0.4484
v 0.7965 0.6743 -0.2863
v -0.2221 0.7804 -0.0640
v 0.1206 0.6501 -0.3402
v 0.6855 0.6604 -0.3536
v 0.2438 0.7191 0.0747
v -0.5947 0.4037 -0.0141
v -0.3052 -0.3625 0.0086
v -0.2021 -0.3591 0.1572
v 0.2020 0.8977 -0.3151
v -0.4189 -0.9794 0.2753
v 0.3579 0.5705 0.1925
v 0.7141 0.8102 -0.5550
v -0.3222 0.7100 0.1850
v 0.1064 0.3130 0.4657
v -0.8105 0.5962 -0.3813
v -0.5362 0.6225 -0.2539
v -0.5467 0.4049 -0.2086
v 0.2976 0.5547 -0.0996
v 0.1455 -0.2859 0.2575
v -0.1630 -0.3090 0.2108
v 0.1590 -0.3193 0.2488
v 0.3791 -0.9714 -0.0791
v 0.2427 -0.2067 0.3328
v 0.3190 -0.7753 0.1640
v -0.4661 -0.3196 -0.0293
v -0.1008 0.6196 -0.4235
v 0.6970 0.4023 -0.2330
v -0.5462 0.5836 -0.1598
v 0.5627 0.3535 0.0431
v 0.6402 0.4008 -0.2658
v -0.0967 0.8832 0.2449
v 0.1894 0.5745 -0.1326
v 0.2707 0.2978 0.3419
v 0.7594 0.6910 -0.2387
v 0.5957 0.3673 -0.1769
v 0.0432 0.2115 -0.1537
v 0.2854 0.6265 -0.0040
v -0.3201 0.6099 0.3327
v 0.0750 0.8781 -0.0891
v 0.2969 -0.4333 -0.0052
v 0.1562 0.7295 -0.1381
v -0.4757 -0.2696 0.2450
v -0.0875 0.8893 -0.0523
v -0.0927 0.7838 0.4144
v 0.0215 0.4129 -0.4507
v 0.5841 0.4311 0.0739
v -0.5661 -0.5244 0.1488
v 0.3132 0.6405 0.2349
v 0.8385 0.6670 -0.4378
v 0.5712 0.3820 -0.1692
v 0.0050 -0.0952 -0.0441
v 0.1898 -0.5987 0.2818
v 0.2932 -0.0613 0.0820
v -0.3002 -0.9493 0.2809
v 0.3495 -0.2066 0.2992
v -0.1537 0.5846 -0.1974
v 0.1968 -0.4112 0.0919
v 0.0124 -0.3410 0.5879
v -0.3686 -0.2586 -0.0317
v 0.6772 0.5865 -0.3483
v -0.2414 0.1297 0.3054
v -0.0180 0.4337 -0.2352
v -0.3143 -0.9662 0.3289
v 0.2698 0.2671 -0.0618
v -0.0216 -0.3764 0.6690
v 0.4010 -0.5694 0.3160
v -0.6447 0.6576 -0.2197
v -0.5588 -0.9725 0.0060
v 0.5271 -0.9815 0.0690
v 0.4629 -0.3777 0.1009
v -0.2141 0.6527 0.4285
v 0.1455 0.3588 0.4662
v 0.4314 -0.5686 0.1800
v 0.0581 -0.0550 -0.0240
v -0.1532 0.8463 -0.0542
v 0.0094 0.4348 -0.2716
v -0.3533 0.2978 0.0820
v 0.4513 -0.9931 0.2150
v 0.1672 -0.9769 0.3414
v -0.2077 0.8415 0.1470
v 0.6464 0.8870 -0.5236
v -0.3724 -0.4688 0.0213
v -0.5043 -0.8925 0.0128
v -0.2639 0.3446 0.4052
v -0.1278 0.8767 -0.0393
v 0.2214 0.7264 0.0362
v -0.3368 0.6580 0.2714
v -0.6039 -0.9894 0.0463
v -0.5705 -0.9137 0.2069
v -0.7787 0.7196 -0.4567
v -0.1711 0.8379 0.2676
v 0.1870 -0.1944 0.3267
v 0.3172 -0.6610 0.0747
v 0.1498 0.4503 -0.1488
v 0.1133 0.5215 -0.3911
v -0.4319 -0.7860 0.3071
v 0.3740 0.5039 0.2047
v 0.2446 -0.2663 -0.0219
v 0.1808 -0.8830 0.3015
v 0.5799 0.3950 -0.2338
v -0.2727 0.2781 -0.1292
v -0.4788 -0.1733 0.2175
v -0.3800 0.4792 0.2940
v -0.1923 0.1998 0.3716
v -0.7393 0.7738 -0.5236
v -0.0000 0.8468 -0.2131
v -0.1971 -0.1699 0.3426
v -0.5796 -0.9898 -0.1153
v 0.1654 -0.9522 0.3635
v -0.0715 0.4507 -0.3633
v 0.1827 0.1562 -0.0587
v -0.2418 0.7087 0.3644
v -0.4354 0.3238 0.0435
v -0.1844 0.8112 -0.0501
v 0.6517 0.8075 -0.2959
v 0.3754 -0.9640 -0.0092
v 0.4336 -0.5087 0.1291
v -0.3249 -0.1616 0.3421
v -0.4573 -0.6850 0.0607
v 0.3680 -0.1398 0.2615
v 0.8362 0.6742 -0.3766
v -0.3047 -0.9212 0.2650
v -0.5548 0.6180 -0.2110
v -0.5190 -0.3200 0.1794
v 0.1720 0.4724 -0.1430
v -0.2561 0.6142 -0.1613
v -0.0027 0.8552 -0.1203
v -0.0768 -0.3287 0.5731
v -0.3624 0.3560 -0.0800
v -0.3720 -0.7838 0.0971
v 0.1751 -0.3585 0.2419
v -0.5945 -0.8970 0.0425
v -0.0248 -0.0826 0.3943
v 0.2879 0.7111 0.1480
v -0.4797 -0.9388 -0.0203
v -0.8014 0.4671 -0.2053
v -0.3018 -0.3323 0.2981
v -0.7053 0.5959 -0.7544
v 0.3273 0.5552 0.2983
v 0.7892 0.5102 -0.2855
v 0.6033 0.5804 -0.0419
v -0.2253 -0.2836 0.0221
v 0.4916 0.3173 -0.0207
v 0.2704 0.6912 -0.0202
v -0.3612 0.6635 0.0237
v 0.3490 -0.6827 0.0796
v -0.5349 -0.8523 0.2078
v -0.2004 0.5917 -0.2299
v 0.2519 -0.6708 0.3692
v 0.6007 0.3708 -0.1496
v 0.2742 0.9740 -0.3681
v 0.4344 -0.5315 0.1178
v -0.7981 0.5302 -0.6820
v -0.3461 0.6789 0.1172
v -0.3817 -0.3027 -0.0302
v -0.4272 -0.9927 0.0750
v -0.3217 0.2663 0.2074
v 0.2780 -0.0770 0.2528
v -0.6965 -0.9460 0.0989
v 0.0153 0.6964 -0.4023
v 0.1069 0.8251 -0.1955
v 0.2147 0.2285 0.3597
v -0.5385 0.4399 -0.3001
v 0.5446 0.5034 0.0726
v -0.2056 -0.3038 0.0811
v -0.4326 -0.6941 0.3048
v 0.0521 0.6331 -0.4383
v 0.1140 0.5108 0.5038
v 0.7699 0.4734 -0.2542
v -0.7757 0.6643 -0.3152
v 0.6740 0.7382 -0.3624
v -0.3729 -0.4089 0.0015
v 0.1819 -0.9416 0.2625
v 0.3031 0.6687 0.0089
v 0.1227 0.5746 -0.2638
v 0.5408 0.4396 -0.2408
v -0.3019 -0.7341 0.2329
v 0.0660 0.1229 0.4319
v 0.2003 0.5116 0.4641
v 0.6645 0.5498 -0.3398
v 0.2817 -0.3598 0.2842
v -0.7833 0.4626 -0.2651
v -0.2851 0.4938 0.4278
v -0.4750 -0.5663 0.2963
v -0.5854 0.5504 -0.3538
v -0.3005 0.5721 -0.1575
v -0.2155 -0.0002 0.3345
v -0.7056 0.7422 -0.4715
v -0.1816 0.7303 0.4025
v -0.3535 -0.3994 0.2415
v -0.0915 0.0355 -0.0734
v -0.3674 -0.0783 0.0932
v 0.3172 0.3889 0.2955
v -0.7413 0.5961 -0.1511
v 0.3927 -0.2768 -0.0022
v -0.5711 -0.9813 -0.0799
v 0.0151 0.6417 0.4987
v -0.6060 0.6599 -0.4011
v 0.3410 -0.4160 -0.0202
v -0.3284 0.6870 0.1302
v -0.0684 0.4653 -0.2351
v -0.0362 0.6359 -0.4454
v 0.3965 -0.1470 0.2267
v -0.7550 0.4392 -0.3889
v -0.1202 -0.0336 -0.0200
v -0.5167 -0.3708 -0.0313
v 0.0020 0.1165 0.4168
v -0.5071 -0.3474 -0.0192
v -0.6447 0.8170 -0.6013
v -0.0307 0.4657 -0.5730
v 0.2770 -0.8923 0.0958
v -0.2182 0.9350 -0.3824
v -0.5294 -0.7278 0.1188
v -0.3044 -0.2197 0.3421
v -0.1095 0.7621 0.4244
v 0.1026 0.5464 -0.2750
v -0.5406 -0.9871 -0.0711
v -0.2560 -0.3178 0.0110
v 0.0711 0.2668 -0.1880
v 0.7420 0.8078 -0.3287
v 0.1743 0.7226 0.4049
v 0.1173 0.3348 0.4742
v -0.1798 0.9651 -0.3816
v 0.7946 0.5926 -0.3749
v 0.2279 0.1889 -0.0216
v 0.6781 0.8999 -0.4015
v 0.4788 -0.9230 0.1738
v -0.7403 0.5668 -0.6157
v 0.2347 0.5852 -0.1658
v -0.6826 0.4869 -0.1232
v 0.0643 0.8759 0.2357
v 0.3136 0.4752 -0.0869
v 0.3823 -0.9532 0.2894
v -0.8344 0.5319 -0.3286
v -0.2590 0.0204 0.3059
v -0.5950 0.3557 -0.0935
v -0.0491 -0.2957 0.6669
v -0.6270 0.4114 -0.0290
v 0.3785 0.4291 -0.0880
v -0.0784 0.4856 -0.2811
v -0.6223 -0.8897 0.1525
v 0.2282 0.0692 0.1419
v 0.1304 0.5435 0.4876
v 0.3521 -0.3491 -0.0342
v 0.0821 0.5132 -0.5747
v 0.6925 0.5796 -0.3621
v -0.7875 0.6077 -0.2022
v -0.6815 0.4451 -0.4317
v -0.2826 0.7151 0.0515
v 0.1594 0.7366 -0.1227
v -0.6467 0.8320 -0.5909
v -0.5045 0.3445 -0.1202
v 0.6281 0.4984 -0.2844
v 0.0681 -0.2284 0.0779
v -0.7410 0.5496 -0.6338
v 0.0128 0.4038 -0.4264
v -0.1558 -0.2371 0.2870
v 0.2871 0.2399 0.2949
v -0.8249 0.4856 -0.2908
v -0.2194 -0.0386 0.3500
v -0.8246 0.5097 -0.5799
v 0.1695 0.2176 0.3597
v -0.5599 -0.5415 0.1350
v -0.6900 0.6685 -0.5284
v 0.1365 0.8515 0.0553
v -0.1634 0.2078 0.3928
v -0.5511 -0.9902 0.2071
v -0.3476 -0.0912 0.0510
v 0.3222 -0.7002 0.1024
v 0.1288 -0.3245 0.1886
v -0.1683 0.9610 -0.3046
v -0.5632 0.6393 -0.3487
v -0.5744 0.3573 -0.1524
v 0.3166 0.6414 0.0183
v -0.1933 0.7948 0.3176
v -0.2380 -0.3970 0.1528
v 0.4334 -0.4160 0.0429
v 0.6931 0.7884 -0.5777
v -0.2267 0.6489 -0.1801
v 0.2711 -0.6338 0.0777
v -0.4152 -0.2674 0.2986
v -0.4411 -0.4586 0.2155
v -0.0710 0.6499 -0.4573
v -0.1321 0.6953 -0.3464
v 0.3282 -0.1268 0.2849
v -0.7462 0.4938 -0.4458
v -0.5181 -0.8353 0.1443
v 0.0306 -0.1584 0.4061
v -0.2896 -0.1792 -0.0101
v -0.0609 0.0811 -0.0891
v 0.2387 0.9504 -0.3559
v 0.2983 -0.6316 0.3622
v 0.3028 -0.1769 -0.0049
v -0.4865 -0.2072 0.2244
v -0.0217 -0.2008 0.4674
v -0.7699 0.4912 -0.6734
v -0.3246 -0.7509 0.2638
v -0.1633 0.5954 -0.2013
v -0.3888 -0.0569 0.1877
v 0.7487 0.6226 -0.0562
v 0.0906 0.5896 -0.4058
v -0.4979 -0.6530 0.0504
v -0.1628 -0.0485 0.3633
v -0.4936 0.4894 -0.2084
v 0.3044 0.6729 0.2299
v 0.4385 -0.4698 0.0824
v -0.4667 0.5899 0.0267
v 0.2842 0.2412 0.1883
v -0.2066 0.0944 0.3642
v -0.5184 -0.2714 0.0334
v -0.5425 -0.6608 0.1710
v -0.4497 -0.8865 0.3079
v -0.4946 -0.9864 0.2607
v -0.5356 -0.6858 0.0900
v 0.1598 0.5444 0.4837
v -0.2937 -0.5211 0.1181
v 0.3157 0.5975 -0.0151
v 0.2377 -0.4316 0.0280
v -0.4765 -0.3416 -0.0190
v -0.0187 -0.3786 0.7204
v 0.5893 0.4731 -0.2439
v -0.0340 0.0157 0.4185
v -0.5378 -0.7823 0.1767
v -0.7433 0.6681 -0.2726
v -0.5965 0.4870 -0.3483
v -0.0095 -0.2115 0.2904
v 0.0882 0.8101 -0.2887
v -0.3900 0.4226 0.1707
v -0.3488 -0.3873 -0.0076
v 0.0113 0.8592 0.3252
v 0.0807 0.8818 -0.0729
v 0.5099 0.3699 -0.1270
v -0.0185 0.5761 0.5144
v -0.4588 -0.8951 0.0118
v -0.0928 0.5654 -0.4164
v -0.2797 0.0018 0.2792
v -0.6941 0.6842 -0.5856
v 0.1717 0.2506 -0.1595
v -0.6741 0.6832 -0.2736
v -0.1705 -0.2870 0.2573
v -0.7180 0.7131 -0.6979
v -0.5630 -0.9556 -0.0019
v 0.2307 0.4545 0.4259
v 0.4241 -0.8959 0.1464
v -0.1028 0.4303 -0.1759
v 0.1325 0.6752 -0.3218
v -0.4357 -0.8754 0.0801
v -0.3801 0.5617 0.2730
v 0.3474 -0.9208 -0.0033
v 0.1819 -0.8857 0.3471
v -0.0152 -0.1513 -0.0225
v -0.0001 0.3684 0.5053
v -0.5656 -0.8595 0.1389
v -0.1358 0.3964 -0.1850
v -0.7238 0.5022 -0.4861
v 0.2782 0.7021 0.2748
v 0.4682 -0.9864 0.1806
v 0.1236 0.8532 0.2691
v 0.3386 0.3215 0.1394
v 0.4133 -0.6628 0.1251
v -0.5562 0.5015 -0.2919
v -0.3681 0.6496 0.2027
v -0.3316 0.3986 0.3327
v -0.3474 -0.4921 0.0560
v 0.2999 -0.9898 0.3674
v -0.0450 0.1907 0.4331
v 0.2544 0.2274 -0.0184
v 0.4254 -0.6593 0.1685
v -0.2255 0.8959 -0.2842
v -0.1205 0.1010 -0.0663
v 0.2538 0.1799 0.0499
v -0.2610 0.1700 0.2347
v -0.7367 0.6280 -0.6413
v -0.1224 0.8849 -0.0055
v 0.2807 -0.5073 0.2875
v -0.3505 -0.6336 0.2821
v 0.1714 -0.6921 0.2793
v 0.2194 0.1065 0.1185
v -0.4440 -0.9488 0.0077
v -0.2108 0.5991 0.4562
v 0.0954 0.0815 -0.0326
v -0.2719 0.1189 0.1977
v 0.0606 0.4609 -0.4403
v 0.3776 -0.7623 0.1765
v -0.3586 -0.2867 0.3137
v 0.3103 -0.6186 0.0519
v 0.1601 0.7364 -0.2826
v 0.4348 -0.4514 0.1064
v 0.0382 0.6216 -0.4504
v -0.6438 -0.9205 -0.0329
v -0.1178 0.1446 0.4143
v 0.0729 0.6698 0.4820
v 0.4021 -0.9934 0.1160
v -0.0630 -0.0126 0.4103
v -0.3621 -0.5047 0.2439
v 0.3346 -0.9371 -0.0329
v 0.1452 0.8278 -0.0449
v -0.6488 -0.9096 0.1052
v -0.7356 -0.9644 0.0317
v -0.4759 0.3298 -0.0636
v 0.3764 -0.8203 0.3146
v -0.3271 0.2597 0.0573
v -0.3925 0.3347 0.0990
v -0.2714 0.6416 0.3844
v 0.3072 0.5388 -0.0804
v 0.3181 -0.9131 0.0343
v -0.0319 0.8569 0.3278
v -0.3632 0.4422 -0.1277
v 0.3849 -0.7996 0.3308
v 0.3957 -0.3766 -0.0190
v -0.1457 0.6261 -0.3618
v -0.7199 0.5278 -0.1425
v -0.1944 -0.3485 0.1853
v -0.2853 -0.1924 0.3461
v 0.7938 0.6411 -0.2699
v 0.0249 0.4603 -0.5618
v 0.2202 0.7417 -0.0495
v 0.1208 0.7804 -0.1538
v -0.6096 0.3801 -0.2410
v 0.8145 0.5132 -0.1746
v 0.1378 -0.3170 0.1091
v 0.1797 -0.6577 0.1419
v -0.6315 0.6271 -0.1644
v -0.5447 0.5260 0.0502
v 0.4600 -0.3725 0.0616
v 0.7622 0.8010 -0.4753
v -0.7345 0.5102 -0.5728
v 0.2529 0.6369 0.3891
v -0.0114 -0.3710 0.6735
v -0.3590 0.5940 0.2740
v 0.2763 -0.5290 0.0520
v -0.5502 -0.5626 0.1461
v -0.4333 0.5244 0.1318
v 0.3596 0.3663 -0.0651
v -0.0094 0.7131 0.4725
v 0.2737 0.7432 0.2072
v -0.3157 -0.9701 0.2251
v 0.1670 -0.2514 0.3021
v -0.1680 -0.1374 0.0127
v 0.2493 -0.0876 0.0359
v 0.7675 0.7231 -0.5201
v 0.2940 -0.9492 0.0316
v 0.2983 0.4023 0.3579
v -0.3916 -0.7122 0.0541
v -0.5382 -0.6529 0.1466
v -0.0739 -0.2323 0.4421
v -0.1547 0.5322 0.4895
v 0.6553 0.9117 -0.4218
v -0.7463 0.5408 -0.6450
v -0.1907 0.5358 -0.1698
v 0.0073 0.8314 0.3701
v -0.3723 0.5942 0.0296
v 0.2212 0.4439 -0.1333
v -0.8076 0.6154 -0.3513
v -0.6617 0.4344 -0.4124
v 0.1695 0.9262 -0.2660
v 0.3051 0.3672 0.3171
v 0.7721 0.7899 -0.5004
v 0.7489 0.7957 -0.2937
v -0.1449 0.8773 0.0748
v 0.0874 -0.2425 0.1072
v 0.1433 -0.0045 0.3686
v 0.2632 0.8824 -0.2815
v 0.0802 0.4845 -0.3925
v -0.1033 0.1835 0.4400
v 0.2175 0.0691 0.2971
v 0.2457 0.1921 0.0743
v 0.3783 -0.8620 0.2606
v -0.0179 0.7443 -0.3604
v 0.2144 0.2209 0.3212
v 0.3002 -0.9413 0.3813
v -0.6915 0.5231 -0.4673
v 0.2001 -0.7352 0.3439
v 0.0681 0.7076 0.4653
v -0.5384 0.4265 -0.2718
v -0.5517 -0.4167 0.0613
v -0.7204 0.6923 -0.6920
v 0.2500 0.0848 0.1612
v -0.2381 0.7928 0.1923
v -0.5168 0.5851 -0.2280
v -0.2819 -0.4193 0.1876
v -0.3119 -0.7483 0.1277
v -0.5427 -0.3769 0.0491
v 0.7715 0.6088 -0.4529
v 0.8221 0.5918 -0.1832
v -0.7913 0.6479 -0.3341
v -0.1465 -0.2333 0.0989
v -0.3632 0.6555 0.0095
v -0.2418 0.7371 0.3352
v 0.0949 0.0139 0.4056
v -0.2695 0.1962 -0.0239
v 0.6347 0.5382 -0.2969
v -0.4956 0.3336 0.0182
v 0.0110 0.3992 0.5061
v -0.0324 0.4230 -0.3531
v 0.0987 0.6887 -0.3658
v -0.6550 0.6898 -0.4458
v 0.5780 0.4400 -0.2783
v 0.3985 0.5468 0.1609
v 0.3283 -0.8910 0.3607
v 0.2354 0.0060 0.0647
v -0.1587 -0.2280 0.0729
v 0.2688 -0.9039 0.0788
v 0.4346 -0.5985 0.1066
v 0.7562 0.7369 -0.4950
v 0.2002 -0.5310 0.2175
v -0.5611 -0.4185 0.0160
v 0.0058 -0.1831 0.0018
v 0.2730 0.6338 0.3431
v -0.3851 0.5865 0.1821
v 0.3990 -0.1541 0.0840
v 0.5074 0.4716 -0.1476
v -0.6002 0.4400 -0.3210
v -0.6653 0.7426 -0.5148
v -0.2834 0.4632 0.4172
v -0.2535 0.5783 -0.1936
v -0.5571 -0.9886 -0.0748
v -0.3403 -0.3166 0.3015
v 0.1969 -0.2225 0.3206
v -0.6328 0.5383 -0.0397
v -0.2923 0.3300 0.3659
v -0.2741 0.1833 0.1094
v -0.0185 0.4244 -0.4736
v 0.5554 0.3240 -0.0082
v 0.7824 0.7029 -0.5646
v 0.1852 0.0521 0.0532
v -0.3916 0.3285 0.0399
v -0.0517 0.4178 -0.4169
v 0.6294 0.3645 -0.1614
v 0.2436 0.1804 0.2085
v 0.2118 -0.5953 0.1007
v 0.6588 0.6466 -0.3112
v -0.3271 0.3617 0.3253
v 0.3568 -0.3431 0.2746
v 0.2650 -0.1111 0.0198
v -0.5212 0.6002 -0.2762
v -0.0577 -0.3149 0.7076
v -0.2958 -0.2970 0.3153
v 0.0106 -0.2490 0.3695
v -0.2375 0.6611 -0.1269
v -0.6332 0.4583 -0.3649
v -0.2215 0.7795 -0.0253
v -0.6258 0.6750 -0.3990
v -0.3276 -0.7724 0.2619
v 0.1776 -0.7375 0.2109
v 0.2480 0.1843 0.1672
v 0.1554 0.5569 -0.1514
v 0.7447 0.8379 -0.3779
v -0.7094 0.7110 -0.6092
v 0.2556 -0.8526 0.1969
v -0.4651 -0.7147 0.0641
v -0.8245 0.5264 -0.3471
v -0.4806 0.4443 0.1333
v -0.4825 0.4213 0.1293
v -0.2017 0.2598 -0.1760
v -0.3155 -0.2669 -0.0262
v -0.0921 0.8349 0.3463
v -0.1230 0.1483 -0.0773
v 0.6878 0.7859 -0.4321
v -0.3740 -0.5459 0.0168
v -0.7731 0.7368 -0.5153
v 0.2658 -0.8538 0.1843
v 0.4553 0.5376 -0.0552
v 0.5239 0.5649 -0.1075
v 0.0387 -0.0547 -0.0439
v -0.7681 0.7103 -0.6041
v -0.3948 -0.0792 0.1019
v 0.1121 0.1113 -0.0700
v 0.3380 0.5566 0.2380
v 0.1090 -0.0982 -0.0074
v -0.4689 -0.4812 0.2472
v 0.1464 -0.1831 0.3389
v 0.3430 -0.9782 0.0104
v 0.1040 0.6260 0.4744
v -0.2189 -0.1891 0.0097
v 0.7739 0.6046 -0.4248
v 0.3401 -0.0628 0.1318
v -0.1770 -0.3342 0.1527
v -0.5577 -0.9917 0.0444
v 0.6969 0.8032 -0.4472
v 0.2070 -0.6776 0.1198
v -0.1937 0.5772 -0.1770
v 0.4240 -0.1673 0.1328
v 0.0383 -0.2352 0.3930
v 0.2672 -0.5461 0.0657
v 0.7063 0.4842 -0.0323
v -0.7554 0.7578 -0.4965
v -0.3071 0.4622 0.3763
v 0.1459 0.7566 -0.1915
v 0.4162 0.4018 0.1893
v 0.6705 0.8519 -0.3203
v -0.5014 -0.3910 0.1683
v -0.2556 0.2568 0.3796
v -0.1481 0.0399 -0.0254
v -0.1512 0.8520 -0.3464
v 0.0804 0.4628 -0.3636
v 0.7019 0.8462 -0.3830
v -0.2204 0.2693 0.4243
v 0.5079 0.3296 0.0552
v -0.3830 -0.6032 0.0161
v -0.2111 0.6700 0.4093
v 0.7436 0.6861 -0.4827
v 0.2361 0.4835 0.4349
v -0.1327 0.4276 -0.1565
v -0.1620 0.2074 -0.1587
v -0.2775 0.5433 -0.1842
v 0.2906 0.3612 -0.0756
v -0.3803 0.4060 0.1878
v 0.1013 -0.2302 0.0696
v 0.2040 0.7598 -0.0256
v 0.0339 -0.2236 0.3381
v 0.3485 -0.5412 0.3256
v -0.3113 0.5946 -0.1287
v 0.8165 0.6302 -0.3047
v 0.0913 0.1336 0.4186
v 0.2483 0.5062 0.4117
v 0.0109 0.1017 -0.1156
v -0.5630 -0.5012 0.0563
v 0.3325 -0.3295 0.2877
v -0.1356 0.8705 0.2112
v 0.2932 -0.6963 0.3821
v 0.4246 -0.2340 0.2156
v -0.0052 0.8989 0.0725
v -0.5387 -0.8730 0.0508
v -0.0971 0.2367 -0.1824
v 0.4390 -0.4200 0.0625
v -0.1166 0.5393 -0.3936
v -0.1373 0.7973 -0.1056
v -0.6777 0.6984 -0.4363
v -0.3323 0.2780 0.2794
v -0.7983 0.5852 -0.6301
v -0.2007 0.6363 -0.2675
v -0.6348 -0.9908 -0.0008
v -0.5176 0.5444 0.0625
v 0.7820 0.7422 -0.4767
v 0.1169 -0.1556 0.0020
v -0.1121 0.1047 -0.0887
v 0.0431 0.4461 -0.3441
v 0.7982 0.6477 -0.4922
v 0.8029 0.7161 -0.4509
v 0.4122 -0.9564 0.0018
v 0.1283 0.1565 0.4182
v -0.1971 0.6739 -0.2566
v 0.2955 0.9842 -0.3467
v 0.3803 -0.3864 0.2356
v 0.3316 0.5347 0.2570
v -0.2227 0.1577 0.3562
v 0.1803 -0.9876 0.3516
v -0.2514 0.3725 0.4287
v 0.2434 0.6190 -0.1435
v 0.0754 0.8343 0.3195
v -0.0203 -0.3426 0.4617
v 0.1669 0.6593 0.4452
v -0.3363 -0.2505 0.3330
v -0.0903 0.4170 -0.1741
v 0.7577 0.5693 -0.3509
v 0.0263 0.0351 -0.0855
v -0.0947 0.5053 -0.3343
v 0.0743 0.1669 -0.1005
v -0.0074 0.6398 -0.4447
v 0.1925 0.7711 -0.2713
v -0.5851 0.3810 -0.1624
v -0.1471 -0.2649 0.2554
v -0.5435 -0.4683 0.1484
v 0.4012 -0.9373 0.0212
v -0.5408 -0.7157 0.2018
v 0.3907 -0.8689 0.2060
v -0.2534 0.5175 -0.1599
v -0.1559 0.7532 -0.2650
v 0.7658 0.7128 -0.5714
v -0.4110 0.5107 -0.1342
v 0.6175 0.6929 -0.2661
v -0.7430 0.5106 -0.6152
v -0.4655 -0.7342 0.0817
v 0.3039 -0.3535 0.2819
v -0.6779 0.5598 -0.4671
v -0.0388 0.6413 0.4984
v 0.3796 -0.6240 0.3456
v -0.1062 -0.2253 0.1178
v 0.2399 0.0865 0.1936
v -0.3490 -0.9710 0.1796
v 0.7075 0.7893 -0.5757
v 0.6425 0.8691 -0.5204
v -0.6577 -0.9725 0.1519
v -0.4654 -0.9255 -0.0149
v 0.3309 0.6578 0.1585
v -0.3803 -0.4723 0.2182
v 0.1797 -0.3951 0.1210
v -0.2521 0.7440 -0.0280
v -0.1207 0.6377 0.4714
v -0.1059 0.0562 -0.0703
v 0.2406 -0.9879 0.1892
v -0.5093 -0.5974 0.2765
v -0.0614 0.4593 -0.5053
v 0.5129 0.4454 0.1197
v -0.3534 0.4185 0.3208
v -0.1265 -0.2707 0.2001
v -0.2637 0.7677 0.1512
v -0.0025 0.6656 -0.4071
v 0.4576 -0.3225 0.1477
v 0.0575 0.3870 -0.1601
v -0.5898 0.6311 -0.1909
v 0.0878 -0.2053 0.0352
v 0.2215 -0.9903 0.3873
v 0.2090 0.2093 0.3200
v 0.6085 0.6814 -0.1429
v 0.3220 -0.9205 0.0013
v -0.0819 -0.1888 0.0521
v -0.0833 -0.3758 0.7025
v -0.2038 0.9202 -0.4089
v -0.6082 0.3772 -0.2632
v -0.5516 -0.6108 0.1779
v -0.4418 0.5938 -0.0308
v 0.1851 0.3143 -0.1734
v 0.2087 0.9285 -0.2633
v 0.1613 0.8147 0.0477
v 0.6252 0.4928 -0.0112
v 0.1884 0.8220 0.2375
v 0.2074 -0.7623 0.1796
v 0.1477 0.2036 -0.1436
v 0.0066 0.4352 -0.2284
v -0.7522 0.5033 -0.7264
v 0.3155 0.5678 -0.0539
v 0.4331 -0.5330 0.1660
v 0.4454 -0.9826 0.1145
v -0.0448 0.4538 -0.4850
v -0.6620 -0.9747 0.0770
v -0.1604 0.3699 0.4772
v -0.4036 -0.6136 0.3014
v 0.7668 0.7161 -0.4877
v 0.3180 0.3789 -0.0795
v -0.7281 0.6387 -0.6259
v 0.2481 -0.8896 0.1605
v -0.6883 0.7031 -0.6544
v -0.3422 -0.4336 0.2051
v 0.6951 0.6290 -0.0844
v -0.6670 0.5322 -0.1102
v 0.6843 0.3996 -0.0996
v 0.3503 -0.9874 0.3121
v -0.0668 -0.1961 0.2659
v 0.2531 0.5786 -0.1522
v 0.1869 0.7807 -0.2353
v -0.1705 0.8478 0.0592
v -0.2537 0.1252 0.0923
v 0.0114 0.2723 -0.1594
v 0.7328 0.4828 -0.3162
v 0.1004 0.5317 -0.3681
v -0.5444 0.5794 -0.1760
v 0.0457 -0.2389 0.1862
v -0.0007 0.1012 0.4207
v 0.2100 0.4134 -0.1537
v -0.6328 -0.9788 0.0764
v 0.1717 -0.9779 0.3666
v 0.1109 0.6605 -0.4171
v -0.6471 0.8146 -0.5807
v -0.4525 -0.3837 -0.0273
v -0.4580 -0.2581 -0.0197
v -0.3546 -0.6979 0.2905
v -0.2482 0.1334 0.0796
v 0.2981 0.2736 0.0480
v 0.6036 0.4595 0.0569
v -0.7316 0.5044 -0.1502
v -0.7858 0.4556 -0.3713
v 0.1286 -0.0103 -0.0130
v -0.3456 -0.7387 0.0845
v -0.7402 0.4257 -0.2248
v -0.1523 -0.1229 0.3670
v 0.6050 0.5118 -0.2603
v -0.4002 0.5523 0.1991
v 0.3679 -0.9785 -0.0819
v 0.7333 0.7175 -0.4808
v 0.1352 0.7665 -0.2892
v -0.5498 -0.3679 0.0183
v -0.0484 -0.3442 0.4869
v -0.3901 -0.1387 0.0219
v 0.1825 0.2107 -0.1239
v -0.4673 -0.5444 0.2933
v 0.2797 -0.7093 0.1162
v 0.2246 -0.9811 0.3368
v 0.6567 0.8916 -0.4401
v 0.0424 0.8950 0.0676
v 0.3439 -0.4948 0.2587
v -0.3830 0.5118 0.2896
v -0.3714 -0.5694 0.0173
v -0.8016 0.6471 -0.5691
v -0.5336 0.5058 0.0746
v -0.5013 -0.2417 0.2023
v -0.1629 0.5635 -0.3441
v -0.4277 -0.1384 0.2831
v -0.5586 -0.9676 -0.0232
v 0.0850 0.0419 -0.0360
v -0.5494 0.5868 -0.1436
v -0.3940 -0.8139 0.3008
v 0.1874 -0.2672 -0.0018
v -0.0302 0.4391 -0.5280
v -0.3445 -0.7766 0.1132
v -0.3250 -0.8826 0.2008
v -0.5551 -0.6614 0.1874
v -0.4731 -0.7914 0.0893
v -0.0727 0.3916 -0.1518
v 0.3450 0.4968 0.2414
v -0.3896 -0.3439 0.2754
v 0.0521 0.4070 -0.1751
v 0.4762 0.3104 -0.0079
v -0.5417 -0.5727 0.0543
v -0.6857 0.4154 -0.3791
v 0.5290 0.3523 -0.1183
v -0.6382 0.5623 -0.1069
v -0.5558 0.5344 0.0246
v -0.4353 -0.9695 0.0230
v 0.3163 -0.9873 0.0479
v 0.6514 0.4141 -0.0724
v -0.5475 0.3684 -0.1784
v 0.2420 0.7680 0.1420
v 0.2690 -0.0994 0.2807
v -0.5251 0.5373 -0.2895
v 0.3121 -0.0642 0.0864
v -0.4456 -0.4921 -0.0026
v 0.6558 0.5195 -0.0199
v 0.0706 0.2074 0.4166
v -0.1057 0.5007 -0.3739
v 0.3961 -0.8035 0.3019
v 0.7336 0.8082 -0.5437
v 0.4095 0.5750 0.1003
v -0.1905 0.8151 -0.0342
v 0.0094 -0.2030 0.2280
v -0.4016 0.5559 0.1855
v 0.1305 0.8605 0.1501
v -0.3332 -0.9935 0.2603
v -0.2206 0.7735 0.0154
v 0.7504 0.8297 -0.4065
v -0.2937 -0.6983 0.2147
v -0.2827 -0.3811 0.2491
v -0.1597 0.2945 -0.1980
v -0.3680 -0.4147 0.2321
v -0.1207 0.4819 -0.1918
v 0.2267 0.7196 -0.0597
v -0.1834 0.0313 0.3762
v -0.3902 -0.4909 0.2488
v 0.0223 0.4170 -0.3611
v -0.2134 0.5987 -0.2232
v 0.6163 0.6146 -0.0630
v 0.2873 -0.7392 0.1421
v 0.6630 0.9078 -0.4283
v -0.1580 0.8520 -0.0733
v -0.5523 -0.5477 0.0410
v 0.4489 -0.3480 0.1674
v -0.2085 -0.1977 0.3392
v 0.3248 0.4498 0.2802
v 0.7626 0.8155 -0.3794
v 0.5850 0.5331 0.0235
v -0.2021 0.8959 -0.3328
v -0.5467 -0.6788 0.2060
v -0.0745 0.8497 -0.1205
v 0.4069 -0.2054 0.0412
v -0.4207 -0.4339 0.2179
v -0.3472 -0.8246 0.2813
v -0.3742 0.5760 -0.0611
v -0.2928 -0.3896 0.2393
v 0.0035 0.5283 -0.6457
v -0.1629 0.5883 -0.2490
v -0.0208 0.4304 0.5178
v -0.3884 0.5920 0.2047
v -0.0299 0.4400 -0.5459
v 0.0490 0.2555 0.4444
v 0.1710 0.8005 -0.0742
v -0.0196 0.5581 -0.5450
v 0.6516 0.8777 -0.5318
v 0.4581 -0.9965 0.1481
v 0.0220 0.4071 -0.4245
v 0.4517 -0.9116 0.2052
v -0.1369 0.5599 -0.2194
v 0.2039 -0.4183 0.2201
v 0.4349 0.4869 0.1825
v -0.3296 -0.0015 0.1885
v 0.0464 0.8852 0.2421
v -0.0312 0.8090 0.3972
v 0.4172 0.5328 -0.0630
v -0.2372 0.0040 0.0498
v -0.4813 -0.3787 -0.0403
v -0.3572 0.6581 0.1337
v -0.0365 0.2630 0.4560
v -0.4729 -0.5194 -0.0083
v 0.1239 0.1653 -0.1129
v -0.2675 -0.0148 0.0455
v 0.2887 -0.6212 0.0644
v -0.2568 -0.4107 0.1879
v -0.5581 0.6447 -0.2910
v -0.4807 0.3785 0.1101
v 0.2076 0.6623 -0.1017
v -0.3822 0.5760 0.1098
v 0.5139 0.5232 -0.1190
v -0.0424 -0.3450 0.5062
v -0.3724 -0.3301 -0.0299
v 0.7102 0.7791 -0.4470
v 0.2101 -0.5450 0.2722
v -0.5604 0.5691 -0.3000
v -0.1091 0.7933 0.3942
v 0.7609 0.6051 -0.4181
v 0.6719 0.4986 -0.0303
v -0.2184 0.5059 0.4753
v 0.1677 -0.5938 0.1703
v 0.7995 0.6433 -0.2437
v 0.2802 -0.4224 -0.0051
v -0.3057 0.4400 0.3769
v -0.4458 0.4886 0.1416
v -0.1597 0.4003 0.4850
v 0.7451 0.5002 -0.3304
v -0.0595 -0.4405 0.7598
v 0.4145 -0.6126 0.0841
v -0.7083 0.3964 -0.3141
v -0.2672 0.1812 0.0016
v 0.1977 0.0362 0.0603
v 0.2763 0.2295 0.0580
v -0.7293 0.7702 -0.4981
v 0.2595 0.2468 -0.0280
v 0.3674 -0.9516 0.0390
v 0.5276 -0.9925 0.0761
v 0.0628 0.0174 0.4151
v -0.0664 0.8857 0.2355
v -0.3119 -0.0753 0.0578
v -0.0620 0.8893 0.2179
v -0.3089 0.0045 0.1060
v 0.0602 0.4756 -0.2252
v -0.2234 0.7953 0.0778
v 0.4841 0.5250 -0.0733
v 0.1456 0.7529 -0.1545
v -0.6585 -0.9818 0.1293
v -0.3792 0.6321 0.0406
v 0.0979 0.8443 -0.2520
v 0.3238 -0.6705 0.3735
v 0.3185 0.2894 0.1557
v -0.3212 0.6893 -0.0386
v -0.7034 0.7001 -0.3220
v -0.0630 -0.2865 0.5972
v 0.4628 -0.9364 0.1137
v 0.1104 0.4300 -0.1531
v 0.3699 -0.9518 -0.0763
v 0.4787 -0.9936 -0.0416
v -0.1520 -0.1052 0.0050
v 0.6942 0.8806 -0.3855
v -0.6834 0.7283 -0.6835
v -0.0236 0.8371 -0.2359
v 0.0431 0.4390 -0.5219
v -0.8039 0.6468 -0.4516
v 0.6176 0.3750 -0.1422
v 0.0007 0.7144 -0.3915
v -0.2276 -0.3630 0.2199
v 0.4176 -0.9039 0.0857
v -0.7513 0.5696 -0.6435
v 0.3300 -0.2518 0.3171
v -0.1043 -0.0625 0.3830
v 0.0166 0.4267 0.5157
v -0.5271 -0.3377 0.1454
v 0.2457 0.2494 -0.0738
v -0.3465 0.4524 0.3241
v 0.7220 0.5735 -0.3608
v -0.7786 0.6343 -0.2263
v -0.0539 0.7101 0.4709
v -0.7785 0.4487 -0.3457
v -0.6581 0.7110 -0.7195
v 0.3734 -0.0965 0.1712
v 0.1547 0.2917 0.4423
v 0.1784 -0.0087 0.3244
v -0.3944 0.5229 0.2044
v 0.2762 0.4669 0.3951
v -0.2117 0.5864 -0.2128
v -0.0809 0.6277 0.4819
v 0.1169 0.8608 0.2094
v -0.0091 -0.1493 0.4230
v 0.3229 0.3492 0.2169
v -0.2768 0.0769 0.1606
v 0.3909 0.5137 0.1861
v -0.4453 -0.7462 0.3026
v 0.8361 0.6419 -0.4016
v -0.4352 -0.0923 0.1941
v 0.3646 -0.9583 0.0372
v -0.2663 0.9625 -0.3361
v -0.0412 -0.3076 0.6906
v -0.2577 -0.3499 0.2717
v 0.7480 0.7036 -0.1965
v 0.0709 0.4715 -0.2085
v 0.8148 0.7086 -0.4156
v 0.0071 0.3563 -0.1639
v -0.6424 0.4377 -0.0692
v 0.1754 0.0598 0.3679
v 0.6622 0.7088 -0.1606
v 0.0329 0.2544 -0.1760
v 0.6560 0.3871 -0.0977
v 0.8049 0.6297 -0.1925
v -0.3275 -0.7102 0.0799
v 0.3226 0.4425 -0.0884
v 0.0593 0.8288 -0.1609
v 0.0838 -0.0959 -0.0087
v -0.2898 -0.7379 0.1861
v -0.3392 -0.2852 0.3153
v -0.2725 0.1326 0.1579
v 0.3976 -0.6499 0.0976
v -0.5543 0.6330 -0.2316
v 0.0217 -0.2112 0.2501
v 0.4554 -0.9876 0.2231
v -0.1973 0.4182 -0.1841
v 0.1856 -0.9627 0.4052
v -0.0902 0.5217 0.5125
v 0.7958 0.7216 -0.5488
v 0.3486 0.6065 0.0369
v 0.1641 0.2410 0.4064
v 0.7157 0.4289 -0.2629
v -0.2770 0.0836 0.2048
v 0.1621 0.2218 0.3787
v 0.1905 0.1814 0.3418
v -0.4802 -0.1561 0.1429
v 0.7798 0.7917 -0.3676
v -0.7043 0.5890 -0.5463
v -0.0509 0.4525 -0.5001
v 0.0581 0.8323 -0.1166
v -0.4094 -0.2647 -0.0295
v -0.6952 0.7100 -0.5948
v -0.0260 0.0880 0.4345
v -0.3231 -0.0471 0.2861
v 0.1584 -0.6622 0.2022
v 0.1464 -0.0516 -0.0066
v 0.1530 0.1006 -0.0099
v 0.6487 0.9047 -0.4371
v -0.6797 -0.9922 -0.0810
v 0.2444 -0.3067 0.3063
v 0.2307 -0.5695 0.3154
v 0.0661 -0.0292 -0.0315
v -0.6168 0.5606 -0.0417
v -0.0927 0.5050 -0.2862
v -0.2613 0.1605 0.2690
v -0.1196 0.6730 -0.3923
v 0.2458 0.6544 0.3696
v 0.4666 -0.9204 0.1318
v 0.0424 0.5719 -0.5041
v -0.6998 0.4729 -0.4578
v 0.1576 0.1998 0.3690
v -0.4036 0.5314 -0.1356
v 0.5309 0.3250 -0.0579
v -0.0401 0.0746 0.4200
v -0.6703 0.4502 -0.1169
v 0.1844 -0.9118 0.3904
v 0.7506 0.8007 -0.4712
v -0.0059 -0.3660 0.5652
v -0.5385 -0.3243 0.1221
v -0.2958 -0.2486 -0.0196
v 0.7080 0.8323 -0.2940
v -0.3170 0.6996 -0.0306
v -0.4753 -0.9428 0.2959
v -0.4317 -0.1949 0.2927
v -0.2907 -0.2450 0.3342
v 0.0191 0.5906 0.5107
v 0.3810 -0.7691 0.1929
v -0.3863 -0.5464 0.2775
v 0.0135 -0.2866 0.5671
v 0.1375 -0.2554 0.0342
v 0.8248 0.7168 -0.3885
v -0.2781 0.7358 0.2651
v 0.2574 -0.7649 0.1566
v 0.4728 0.3193 0.0405
v 0.4145 0.4260 0.1957
v 0.0211 0.9031 -0.0817
v -0.4601 -0.5589 0.2996
v -0.7591 0.7638 -0.5134
v 0.7659 0.6011 -0.0568
v -0.3249 -0.4932 0.1156
v 0.2836 -0.4282 0.2601
v 0.2415 0.6500 -0.0353
v 0.3775 -0.9851 0.0536
v -0.7630 0.4982 -0.7277
v 0.2658 0.2284 0.0358
v 0.2023 0.6733 0.4122
v -0.5017 -0.5974 0.0304
v -0.4047 0.5833 0.0440
v 0.6841 0.7038 -0.1439
v -0.0609 0.6713 -0.4371
v 0.2264 -0.8559 0.2223
v 0.0346 -0.2834 0.4208
v -0.3963 -0.0792 0.2582
v -0.5503 -0.6302 0.1815
v -0.5056 -0.2029 0.0918
v 0.4601 -0.9655 0.0652
v 0.5210 -0.9933 0.1085
v 0.1516 0.5073 0.4904
v -0.2421 0.4118 0.4564
v 0.2269 -0.7223 0.3689
v -0.4487 0.5854 -0.0722
v 0.8147 0.7094 -0.4664
v -0.8275 0.5805 -0.5399
v -0.5502 0.5303 -0.2906
v -0.5647 -0.9639 -0.1184
v 0.3329 -0.3700 0.2761
v -0.1032 0.6730 -0.4275
v 0.1063 0.1336 0.4136
v -0.2040 0.7367 -0.0906
v -0.5812 -0.9811 0.1035
v -0.2226 0.6718 0.3928
v -0.4205 -0.8091 0.2984
v 0.2379 -0.9851 0.1689
v 0.2535 -0.6456 0.0851
v -0.8019 0.6087 -0.3821
v 0.6300 0.7202 -0.2283
v -0.6173 0.3860 -0.0462
v 0.2164 -0.5114 0.2226
v -0.2650 0.1503 0.1546
v -0.3578 0.5109 0.3349
v 0.3710 -0.1883 0.2763
v -0.2837 -0.2332 -0.0177
v 0.5941 0.5292 -0.0037
v -0.1792 0.7721 -0.2841
v -0.1288 0.7899 -0.3179
v -0.1044 0.8905 -0.0374
v -0.3659 -0.0495 0.2205
v -0.5382 0.4165 -0.2431
v 0.1389 -0.3519 0.1849
v 0.6908 0.3862 -0.1472
v 0.2868 0.3994 -0.0916
v -0.6416 0.8169 -0.5940
v -0.3140 -0.5629 0.0450
v 0.2841 0.3061 0.3260
v 0.0498 -0.1469 0.0151
v -0.5370 -0.3189 0.0977
v 0.0836 -0.2535 0.1579
v 0.1146 0.5245 -0.4561
v 0.0534 0.4539 -0.1874
v -0.2027 0.6257 -0.2460
v -0.1806 -0.0049 -0.0111
v 0.6185 0.3923 -0.2442
v -0.3861 -0.4576 0.2155
v -0.2275 0.7138 -0.0807
v 0.5096 0.5171 -0.1397
v -0.4125 -0.8628 0.3030
v 0.8281 0.6888 -0.3681
v -0.3657 0.3143 0.1182
v 0.6343 0.3901 -0.1095
v 0.2558 -0.9123 0.1286
v -0.4916 -0.1701 0.0960
v -0.0990 0.5291 -0.3903
v -0.3174 -0.4345 0.1924
v 0.6671 0.3842 -0.2071
v -0.0113 0.4447 -0.5389
v -0.5137 -0.2200 0.1482
v 0.0240 -0.0462 0.3965
v -0.0543 -0.4046 0.7611
v 0.5945 0.6587 -0.1303
v 0.4606 -0.9349 -0.0034
v 0.3971 0.3115 -0.0161
v 0.6828 0.8707 -0.5153
v 0.0051 0.8360 -0.2485
v -0.3686 -0.3060 0.3025
v 0.1805 0.7791 -0.0342
v 0.1639 0.9397 -0.2928
v 0.2539 0.3329 -0.1314
v 0.1947 -0.0325 0.3295
v 0.7234 0.8170 -0.2791
v 0.5778 0.6700 -0.1702
v 0.2316 0.5847 0.4249
v 0.2832 -0.0096 0.1724
v 0.3320 -0.7639 0.1453
v -0.4861 0.5724 0.0585
v -0.7710 0.6765 -0.2800
v 0.4345 -0.6434 0.1543
v -0.0031 0.3574 0.4675
v -0.3633 0.4322 0.3093
v -0.4224 -0.3926 -0.0226
v -0.0582 0.6599 -0.4475
v -0.6839 0.6113 -0.5059
v 0.5727 0.6806 -0.2280
v -0.1643 0.9675 -0.3236
v 0.7875 0.7237 -0.5000
v -0.1631 -0.0469 -0.0094
v -0.1750 0.7516 -0.1736
v 0.1957 -0.4235 0.1702
v 0.1777 0.7081 -0.1605
v 0.2621 0.7071 0.1047
v 0.4740 -0.9277 0.1942
v 0.1549 0.5021 -0.1587
v -0.1371 0.8591 -0.0368
v -0.2274 -0.1172 0.0083
v 0.4264 -0.5383 0.2536
v -0.0247 0.3565 0.4887
v 0.1160 0.6153 -0.3680
v -0.2998 0.9745 -0.3846
v -0.0266 0.4159 -0.4402
v -0.2915 0.5945 -0.1538
v 0.3967 -0.4170 0.1944
v 0.8039 0.6130 -0.2912
v -0.0781 0.1356 -0.1133
v -0.5365 0.5814 -0.1527
v 0.5330 0.5983 -0.1263
v -0.0945 -0.0822 0.3878
v 0.7940 0.4802 -0.1677
v 0.1219 0.8667 0.1108
v -0.1832 -0.1081 0.3551
v -0.5282 0.5840 -0.1943
v -0.2676 0.9084 -0.3293
v -0.1408 0.1472 -0.0672
v 0.0005 0.4125 0.5047
v 0.5239 0.3381 0.0445
v -0.0819 0.4448 -0.3922
v -0.6896 -0.9766 0.0699
v 0.7620 0.7099 -0.5119
v -0.3369 0.4770 0.3384
v -0.6584 0.4108 -0.1532
v -0.0108 -0.1864 0.1773
v -0.4788 0.5048 0.1226
v 0.7105 0.8553 -0.4907
v 0.1935 -0.7905 0.3386
v 0.1751 0.6877 -0.2111
v 0.0012 -0.0218 0.4086
v 0.0654 0.0577 0.4200
v 0.0065 0.8920 0.2072
v -0.2573 0.7395 -0.0382
v 0.6967 0.8006 -0.5734
v 0.2163 0.7489 0.0473
v 0.0837 0.1888 0.4404
v 0.4317 -0.6796 0.2148
v -0.6772 0.6988 -0.7177
v 0.2406 -0.9821 0.2594
v -0.0619 0.8352 -0.2799
v -0.3093 -0.7742 0.2348
v 0.2510 0.9342 -0.3180
v 0.4770 -0.9193 0.1448
v -0.5201 -0.7706 0.2505
v -0.3863 0.6307 0.1521
v 0.3447 -0.8881 0.0932
v 0.2381 0.8359 -0.2651
v -0.3562 -0.1974 -0.0188
v 0.3671 -0.7274 0.1332
v -0.4394 -0.6412 0.0400
v -0.2956 -0.5216 0.1651
v 0.6153 0.3732 -0.1967
v -0.6869 0.8191 -0.5604
v 0.0505 0.3252 0.4931
v -0.6186 -0.9273 -0.0320
v 0.0129 0.8045 -0.3053
v 0.0861 0.2492 0.4243
v -0.2838 -0.4285 0.1591
v -0.8196 0.5751 -0.5750
v -0.1154 0.1650 -0.0953
v 0.2048 -0.8127 0.3519
v 0.1397 0.1349 0.3955
v -0.4963 -0.1977 0.0635
v -0.4354 -0.0904 0.1676
v 0.8187 0.7021 -0.3492
v -0.1818 0.4188 0.4900
v 0.4247 -0.9315 0.1013
v -0.0675 0.2135 0.4369
v 0.3725 -0.6158 0.0455
v -0.4789 -0.8742 0.0555
v 0.1990 0.7417 0.3700
v -0.6799 -0.9849 -0.0392
v -0.1426 0.8973 -0.3965
v 0.1254 0.8678 0.1845
v -0.2510 0.2237 0.3061
v 0.0245 -0.1457 -0.0146
v 0.4236 0.4018 -0.1037
v 0.0169 0.4406 -0.2383
v -0.1615 0.7104 -0.3143
v 0.1434 0.6139 -0.1787
v -0.0502 0.8909 0.2450
v 0.7794 0.5813 -0.3387
v -0.2391 0.1585 0.3306
v 0.7279 0.8582 -0.4435
v 0.1256 0.5989 -0.3548
v 0.5183 0.4419 -0.1612
v 0.1804 0.6312 -0.2222
v 0.3999 -0.3955 0.2076
v -0.8389 0.5143 -0.2881
v -0.7377 -0.9764 0.0449
v -0.2602 0.7793 0.1289
v 0.1554 0.7480 -0.0906
v -0.4419 -0.2246 -0.0106
v 0.2573 0.2301 0.2618
v -0.2114 0.6736 -0.2006
v -0.2461 -0.2979 0.0121
v 0.0794 0.4605 -0.4805
v 0.0921 0.6181 -0.4232
v -0.5192 0.4372 -0.2426
v -0.6931 -0.9238 0.0709
v 0.1503 0.8142 -0.3684
v 0.1711 0.2092 0.3550
v -0.7775 0.6949 -0.6075
v 0.0002 0.8509 -0.1893
v -0.3001 -0.6911 0.0999
v 0.1328 0.4414 0.4876
v -0.0043 0.5469 -0.5841
v 0.1573 -0.3773 0.1798
v -0.3082 -0.9288 0.3062
v -0.2665 0.1910 0.0296
v -0.7657 0.6741 -0.3855
v 0.8053 0.5824 -0.2975
v -0.0681 0.5125 -0.5795
v 0.1173 0.5557 -0.2092
v -0.5555 -0.9777 -0.0126
v -0.5409 0.4281 0.0799
v -0.0818 -0.2287 0.2072
v 0.2764 0.6722 0.3276
v 0.3440 -0.9324 -0.0353
v 0.5954 0.4644 0.0679
v -0.0162 0.3503 -0.1534
v -0.7005 0.7062 -0.7111
v -0.1637 0.7594 -0.1365
v -0.1064 0.7038 0.4614
v 0.2991 0.2831 0.2459
v 0.2839 -0.1821 -0.0099
v 0.3116 0.4084 0.2776
v -0.1933 0.3091 0.4489
v 0.7098 0.4066 -0.1241
v -0.8020 0.6321 -0.3239
v 0.5107 0.4751 0.1201
v -0.2714 0.9758 -0.4145
v -0.5748 -0.9415 0.0001
v -0.4699 -0.7802 0.2926
v 0.1707 0.6389 0.4421
v -0.5121 0.4294 -0.2106
v -0.1903 0.3363 -0.1993
v 0.8150 0.5908 -0.1247
v -0.4949 -0.2421 0.0145
v 0.1185 0.5505 -0.3129
v 0.4507 0.3109 0.0569
v -0.2003 0.7881 -0.0376
v -0.3256 -0.4900 0.1459
v 0.2791 -0.8730 0.1433
v -0.3141 -0.9056 0.3013
v -0.0916 0.5898 -0.4151
v 0.0840 0.4342 -0.1743
v 0.1677 0.6138 -0.2008
v 0.3410 -0.6471 0.0564
v -0.0648 0.4381 -0.4082
v -0.2152 0.2473 0.3762
v 0.2955 0.6789 0.2855
v -0.6546 0.8222 -0.6059
v 0.3715 -0.6959 0.1067
v 0.0547 0.8557 0.3166
v -0.0533 0.6181 0.4954
v -0.6615 0.3942 -0.3386
v -0.1101 -0.2119 0.2789
v -0.0435 0.8566 -0.1779
v -0.4747 -0.4205 0.1976
v 0.4690 0.3636 -0.1088
v -0.5659 -0.8701 0.0675
v 0.0943 0.8207 -0.2939
v 0.6512 0.3935 -0.2521
v -0.7099 0.6164 -0.5564
v -0.6545 -0.9324 -0.0029
v -0.2398 0.2851 0.4181
v -0.2632 0.1781 0.0724
v -0.3877 0.5697 0.2174
v -0.0005 0.3938 -0.4181
v 0.0426 0.1626 0.4244
v -0.1307 -0.1719 0.3256
v 0.1936 -0.6612 0.3219
v -0.0567 0.4469 -0.4686
v -0.4631 -0.8631 0.2820
v 0.7702 0.4803 -0.0763
v -0.0071 0.2027 0.4316
v 0.2431 -0.9791 0.1323
v -0.2962 -0.4347 0.1749
v -0.0455 0.2905 -0.1784
v 0.0602 0.4692 -0.5855
v -0.7841 0.6542 -0.6085
v 0.2616 0.2108 0.0316
v 0.6643 0.8818 -0.4881
v -0.0576 0.8345 0.3616
v -0.2525 0.5257 0.4489
v 0.3601 0.3320 0.1372
v 0.7755 0.5822 -0.3826
v 0.1927 0.2881 -0.1640
v -0.3039 -0.8142 0.2194
v -0.7290 0.4949 -0.4590
v -0.2585 -0.2026 0.3380
v 0.1056 0.2182 0.4036
v -0.6540 -0.9726 0.0242
v -0.0046 0.5684 -0.5186
v 0.3268 0.5547 0.2712
v -0.0379 -0.3378 0.4625
v -0.3025 -0.4334 0.1360
v 0.6506 0.7533 -0.3318
v -0.5286 -0.3185 0.1520
v -0.0305 -0.2144 0.3043
v 0.3714 -0.5814 0.0388
v -0.5041 -0.9798 0.1337
v 0.2319 -0.8172 0.3793
v -0.4303 -0.1363 0.0547
v -0.1768 0.7719 -0.2920
v -0.6265 0.3746 -0.2549
v 0.5176 0.4285 -0.1908
v -0.2455 0.2650 -0.1432
v 0.6732 0.7584 -0.3610
v -0.3371 -0.3899 0.0118
v 0.7583 0.7322 -0.5672
v -0.0114 -0.1952 0.2248
v -0.7156 0.7246 -0.5880
v 0.0307 0.2993 0.4564
v 0.0877 0.8814 0.0672
v 0.0803 0.2915 0.4710
v -0.0535 0.8991 0.0245
v -0.3622 0.3309 -0.0209
v 0.6476 0.8265 -0.3079
v 0.0908 0.5490 -0.4643
v -0.2548 0.5683 0.4275
v -0.0046 -0.2048 0.1051
v -0.1223 0.2192 -0.1762
v 0.5904 0.3729 0.0548
v -0.5092 0.5639 0.0487
v -0.4164 -0.9452 0.0762
v -0.3801 -0.9846 0.2406
v -0.3982 -0.3982 -0.0155
v -0.4999 0.4918 -0.2226
v 0.3866 -0.6818 0.1064
v 0.1672 0.7343 -0.0830
v -0.5219 0.4232 0.1036
v -0.2078 0.7100 -0.1486
v 0.8004 0.7625 -0.4160
v 0.1283 0.4754 0.4844
v -0.5012 0.4710 -0.2167
v -0.2178 0.6975 -0.1219
v -0.7967 0.5849 -0.4038
v -0.3397 0.6250 -0.0662
v -0.5401 -0.6421 0.0706
v -0.1612 0.8438 0.0419
v -0.2977 -0.7120 0.1241
v 0.2610 -0.9781 0.0687
v -0.7779 0.4919 -0.5934
v 0.2843 -0.8789 0.0987
v 0.3604 -0.8407 0.2098
v -0.5925 0.3861 -0.2657
v 0.0861 0.8669 0.2699
v -0.4105 -0.0907 0.2589
v 0.1274 0.6716 -0.3507
v -0.0729 -0.1810 0.3970
v -0.1368 0.7914 -0.3448
v 0.4078 -0.4068 0.0034
v -0.4067 0.5103 0.1587
v -0.5774 -0.9697 -0.0666
v -0.2762 0.7633 0.1647
v -0.0475 0.7927 -0.3078
v 0.3153 0.6503 0.0316
v 0.1088 0.5348 -0.4604
v 0.2705 -0.8949 0.0699
v -0.1031 -0.1926 0.2800
v -0.1050 -0.2511 0.1741
v -0.0758 0.3844 0.5065
v 0.6395 0.3693 -0.1755
v -0.0694 -0.2656 0.5149
v -0.1771 0.8155 -0.0546
v -0.3328 0.6476 0.2901
v -0.8113 0.6067 -0.6019
v -0.4831 -0.7021 0.2917
v -0.3834 -0.1118 0.0507
v 0.1905 -0.5470 0.1660
v -0.7286 0.7480 -0.4705
v 0.1911 -0.5627 0.1393
v -0.6021 0.6371 -0.4177
v 0.0302 0.0278 0.4165
v 0.1115 -0.1299 0.3567
v -0.0330 -0.2041 0.2721
v -0.3885 -0.5719 0.0170
v 0.6736 0.8213 -0.2884
v 0.2812 0.4978 -0.1285
v 0.7296 0.7945 -0.4763
v 0.1254 0.6986 -0.3305
v -0.1156 0.5523 -0.3984
v -0.5174 -0.7617 0.1206
v 0.0032 0.4221 -0.1950
v -0.5356 -0.6955 0.1307
v -0.7445 0.6307 -0.2137
v -0.7979 0.4910 -0.3965
v 0.1282 0.1223 -0.0431
v 0.0707 0.3250 0.4920
v -0.7896 0.4647 -0.3301
v 0.1203 -0.1256 -0.0069
v 0.1067 0.8430 -0.2211
v 0.2719 0.9935 -0.3270
v 0.3039 0.5323 0.3517
v -0.1585 0.1851 0.4142
v 0.2270 0.1391 0.2925
v 0.3043 0.6386 0.3044
v -0.0207 0.4198 -0.1927
v 0.3173 -0.0543 0.1347
v 0.1005 0.7844 -0.3270
v -0.0386 -0.1931 0.2337
v -0.3400 -0.8684 0.2805
v 0.2363 0.3176 0.3829
v 0.4386 0.3456 -0.1003
v 0.4716 0.3458 -0.1090
v 0.0485 0.4512 -0.2880
v -0.6698 0.7183 -0.6915
v -0.1100 -0.0255 0.3996
v -0.1804 -0.3260 0.1995
v 0.4163 -0.6822 0.3078
v -0.7066 0.8026 -0.5838
v -0.0708 -0.3199 0.4855
v -0.0047 -0.3093 0.6481
v 0.6413 0.4601 -0.0263
v -0.0520 0.6789 0.4855
v 0.6509 0.5406 -0.0222
v 0.7701 0.6591 -0.1012
v 0.2739 0.2747 0.3094
v 0.5685 0.3766 -0.1977
v 0.3735 -0.8643 0.2840
v 0.2343 0.6276 0.4013
v -0.3855 -0.9903 0.1874
v -0.3828 -0.2058 -0.0214
v 0.0676 0.4630 -0.5705
v -0.1513 0.8519 -0.3941
v 0.1529 0.1731 0.3984
v -0.1327 0.7999 -0.3049
v 0.6361 0.3856 -0.2333
v 0.2363 0.4998 -0.1319
v -0.4522 -0.9040 0.0141
v 0.4719 0.3338 -0.0932
v 0.7765 0.6279 -0.4706
v 0.6149 0.6623 -0.1173
v -0.7479 0.5585 -0.6403
v -0.7161 0.4419 -0.4247
v 0.1868 0.6274 -0.2117
v 0.2677 0.6742 -0.0309
v -0.6871 0.6196 -0.7496
v -0.3757 0.5498 -0.0972
v 0.7374 0.7347 -0.4866
v -0.1979 -0.3250 0.1358
v 0.5712 0.6004 -0.0757
v -0.0763 -0.0976 -0.0341
v 0.6803 0.7592 -0.4085
v 0.1878 0.7972 0.0812
v -0.3360 -0.9178 0.1921
v -0.6442 -0.9686 0.0727
v 0.5072 0.5360 -0.1732
v -0.6457 0.3818 -0.1941
v -0.6563 -0.9821 0.0927
v -0.4968 -0.9937 0.0204
v 0.4391 -0.5027 0.0775
v -0.0446 -0.2459 0.3770
v 0.6480 0.7519 -0.2829
v -0.1517 -0.3075 0.1919
v 0.3577 -0.2952 0.2892
v 0.2257 0.0339 0.0985
v 0.3666 -0.9846 -0.0729
v -0.5998 0.4120 -0.3342
v -0.3729 -0.1205 0.0358
v 0.7282 0.6207 -0.4088
v 0.0361 0.8900 0.2142
v -0.5665 0.4003 -0.2204
v 0.0984 0.5644 -0.4099
v 0.1010 0.4846 -0.5075
v -0.3246 0.6366 -0.0677
v -0.0093 -0.1784 -0.0104
v -0.4379 0.5538 -0.1442
v -0.7829 0.6930 -0.4361
v 0.0942 0.1723 0.4411
v 0.5818 0.6252 -0.0946
v -0.1688 -0.1257 0.3535
v 0.2371 0.4726 -0.1097
v 0.0223 0.5908 -0.4779
v -0.2679 -0.3920 0.1218
v -0.3523 -0.0941 0.2961
v -0.6622 -0.9411 0.1452
v -0.2659 0.2164 0.2593
v -0.4010 -0.5159 0.0113
v -0.5122 -0.2694 0.0182
v 0.7475 0.6866 -0.1552
v -0.6461 0.3905 -0.3234
v 0.1134 0.5379 -0.2384
v -0.1271 0.5656 -0.2894
v -0.1349 0.0684 -0.0324
v -0.2037 0.8527 -0.2682
v 0.7363 0.7722 -0.5536
v 0.2965 0.6061 -0.0468
v -0.2742 0.2245 -0.0326
v -0.2893 0.0165 0.2496
v 0.2236 -0.9051 0.4112
v -0.1645 0.8393 -0.0894
v 0.2064 0.7533 0.3348
v 0.4173 -0.9255 0.0158
v -0.0648 -0.2003 0.3191
v -0.1859 -0.2311 0.0493
v 0.1553 -0.3526 0.1626
v 0.1240 0.8503 -0.2191
v 0.7473 0.7524 -0.2492
v 0.1156 0.0490 -0.0062
v -0.0225 -0.1848 0.1955
v -0.0499 0.6037 -0.4514
v 0.5100 0.5723 -0.1634
v 0.2418 0.7634 0.1706
v -0.4646 -0.7647 0.0912
v 0.2760 -0.9859 0.3978
v -0.2036 0.9135 -0.3566
v 0.1709 0.7813 -0.0772
v 0.5584 0.3439 -0.0416
v -0.2126 0.7941 0.0441
v 0.1643 0.6042 -0.3033
v -0.2238 0.6145 -0.2087
v -0.0135 -0.3516 0.5064
v -0.0014 0.4368 0.5128
v -0.8176 0.5245 -0.3715
v 0.3243 -0.5353 0.3195
v 0.2157 -0.8149 0.2152
v 0.1350 0.8841 -0.3504
v 0.2906 -0.0520 0.0861
v 0.1732 0.1315 -0.0043
v 0.3383 -0.3099 0.2972
v 0.0722 0.3565 -0.1834
v 0.0888 0.4969 -0.4057
v 0.3901 -0.1528 0.2458
v -0.3972 -0.7428 0.0648
v 0.1260 0.1129 0.4088
v 0.3154 -0.9437 -0.0109
v -0.2940 0.0252 0.2119
v -0.1387 0.3713 -0.1970
v 0.2535 0.1123 0.1748
v -0.6436 0.6802 -0.3975
v -0.8199 0.5859 -0.3392
v -0.1277 0.8721 0.0510
v 0.2387 0.2121 -0.0121
v -0.2947 0.2115 0.0576
v 0.2531 0.7386 0.1351
v -0.6312 0.3779 -0.0738
v -0.3721 0.4099 0.2314
v -0.1780 0.1614 0.3995
v 0.2784 -0.0441 0.2084
v 0.3149 0.6768 0.1930
v 0.2531 0.3212 0.3753
v 0.0817 0.8215 -0.1873
v 0.0289 0.4361 -0.3305
v -0.1524 -0.1519 0.3406
v -0.4354 -0.5237 -0.0069
v 0.3360 0.4959 -0.0767
v 0.2041 0.7995 0.2360
v 0.2987 -0.8002 0.1825
v 0.7936 0.5514 -0.3133
v -0.6845 -0.9675 0.0497
v -0.3008 0.6927 0.0572
v -0.0391 0.5812 -0.4614
v -0.5569 0.6384 -0.2604
v -0.3446 0.6755 0.0347
v -0.4534 -0.2876 -0.0316
v 0.3080 -0.5995 0.0430
v -0.1654 0.5146 -0.1750
v -0.0306 -0.2760 0.6041
v -0.3742 0.6113 0.0553
v -0.6284 0.5300 -0.0677
v -0.0893 0.4902 -0.2388
v 0.2772 -0.3840 -0.0146
v -0.8006 0.6378 -0.4358
v 0.1222 0.6547 0.4710
v -0.7526 0.5054 -0.6755
v -0.7045 0.6602 -0.2381
v -0.6658 -0.9442 0.1277
v 0.4404 -0.2113 0.1110
v -0.1137 0.5335 -0.3673
v 0.3950 -0.5080 0.2504
v -0.5433 -0.9419 0.2294
v 0.3435 0.6301 0.1570
v -0.5589 -0.4404 0.0036
v -0.6178 0.5628 -0.0953
v 0.1641 0.5797 -0.2748
v -0.5724 0.5957 -0.0928
v -0.6536 -0.9754 -0.0724
v -0.2719 -0.6508 0.1338
v 0.1104 0.1012 0.4169
v 0.7177 0.8109 -0.4633
v 0.3733 -0.8511 0.2349
v -0.0594 0.7509 0.4492
v -0.3549 -0.9926 0.2031
v 0.2591 0.3505 0.3858
v -0.3410 0.6698 -0.0272
v 0.3413 -0.9848 0.3280
v 0.4367 0.5555 -0.0170
v 0.6244 0.5202 -0.0183
v -0.8178 0.4970 -0.2442
v -0.0584 0.5942 -0.4304
v 0.0676 -0.0682 0.3790
v -0.0928 -0.1239 0.3709
v -0.8170 0.6284 -0.5534
v 0.0797 0.1723 -0.1033
v 0.1343 0.5870 -0.2498
v -0.3295 -0.4218 0.2207
v 0.2876 0.2774 0.0199
v -0.0753 0.3331 0.4994
v 0.2829 -0.8675 0.1254
v -0.1985 -0.3058 0.2664
v 0.4064 -0.4213 0.1729
v 0.2590 -0.0529 0.0522
v -0.0801 -0.3194 0.5320
v 0.6822 0.6647 -0.1078
v -0.2380 1.0002 -0.3700
v -0.1549 0.8022 -0.2960
v 0.1477 -0.1049 0.3525
v 0.7895 0.7707 -0.3311
v 0.0993 0.8036 0.3763
v 0.0253 0.1346 -0.1233
v -0.2564 -0.2181 0.3388
v 0.6783 0.7861 -0.4172
v -0.0003 -0.2237 0.3157
v 0.1482 0.7759 -0.2057
v 0.2227 0.7805 0.2113
v -0.6859 0.6901 -0.4054
v 0.3649 -0.1692 0.2846
v -0.5320 0.5896 -0.3057
v -0.3196 0.7066 0.1169
v 0.6986 0.7099 -0.3918
v -0.4518 -0.1972 0.2703
v 0.3364 0.6174 0.0325
v -0.0819 0.4784 -0.2981
v -0.8222 0.5995 -0.4905
v -0.3338 0.5712 -0.1205
v -0.2447 0.7546 0.0372
v 0.1155 0.6498 -0.3887
v 0.2653 0.7100 0.0777
v 0.1640 0.7161 -0.1143
v 0.7084 0.7770 -0.5710
v -0.3137 0.6289 0.3236
v 0.4165 -0.5423 0.0257
v -0.5482 -0.9826 0.2217
v -0.2630 0.0701 0.0976
v -0.6031 -0.9063 -0.0033
v 0.3166 -0.1246 0.0291
v -0.1008 0.6648 -0.4392
v -0.1333 -0.0431 0.3821
v 0.1156 0.2100 0.4029
v 0.3813 -0.3041 -0.0218
v -0.6783 0.3884 -0.2977
v -0.1613 -0.0750 -0.0059
v 0.7457 0.7984 -0.4323
v 0.1684 -0.7161 0.2567
v 0.1148 0.7547 -0.3394
v -0.2514 0.0547 0.0939
v -0.1693 0.7566 -0.1066
v -0.2727 0.3698 -0.1680
v -0.3880 -0.3693 0.2604
v -0.2857 0.7455 0.1864
v 0.1079 0.0950 -0.0598
v -0.3163 -0.3157 0.3074
v 0.7470 0.4346 -0.1460
v -0.6745 0.7058 -0.4551
v -0.0594 0.1761 0.4498
v 0.0519 0.5489 -0.5039
v -0.0241 0.5236 0.5204
v 0.4510 0.5138 -0.0941
v 0.4580 -0.2647 0.1272
v 0.3552 -0.5845 0.3453
v -0.6004 -0.8996 0.0853
v -0.4487 -0.8830 0.0649
v -0.6973 0.3946 -0.2037
v -0.3121 0.2671 0.3124
v -0.0288 -0.3515 0.5041
v 0.4062 -0.9687 0.0108
v 0.3226 -0.3954 -0.0278
v -0.3046 -0.9756 0.3063
v -0.0156 0.5277 -0.6029
v 0.5082 0.5177 -0.1989
v -0.0532 -0.0026 -0.0744
v 0.2067 -0.3940 0.2423
v 0.3945 -0.8113 0.2658
v 0.7758 0.7077 -0.2645
v -0.3280 -0.4562 0.0829
v -0.3555 -0.4835 0.2077
v -0.0671 0.8225 -0.3016
v -0.1858 0.8144 -0.0738
v -0.2941 0.2732 0.3512
v 0.0285 0.1729 -0.1257
v -0.7334 0.6153 -0.1626
v -0.2112 0.8258 0.1007
v -0.6022 0.5793 -0.1108
v -0.8209 0.6287 -0.2987
v 0.1512 0.8250 -0.0271
v 0.0005 0.1866 -0.1300
v -0.0753 0.1891 -0.1066
v -0.6987 0.4162 -0.1789
v -0.0458 0.4260 -0.1923
v 0.6406 0.7035 -0.2879
v -0.3589 0.3537 0.2148
v 0.7327 0.7078 -0.2238
v 0.2742 0.6781 0.0076
v 0.7140 0.8653 -0.4395
v -0.5097 0.3602 0.0740
v 0.3043 0.2521 0.2583
v -0.5819 0.4881 0.0241
v 0.7072 0.8163 -0.2720
v -0.5893 0.6698 -0.3248
v -0.5192 -0.9243 -0.0498
v 0.1602 -0.3247 0.0514
v -0.3925 0.5837 -0.0464
v 0.0741 0.4951 -0.5881
v -0.3064 0.2460 -0.0138
v -0.0644 -0.1946 0.2771
v 0.0042 0.4905 -0.6327
v 0.4453 -0.5120 0.0268
v -0.0398 -0.2433 0.3524
v -0.2866 -0.6361 0.0823
v 0.1029 0.8027 -0.1005
v 0.1082 -0.2210 0.0457
v 0.1697 0.7969 0.0483
v -0.6967 0.6497 -0.2135
v 0.0107 -0.2044 0.2504
v 0.0554 0.1513 0.4385
v 0.3996 -0.8804 0.2401
v -0.1437 -0.2733 0.1606
v 0.7347 0.5791 -0.3688
v -0.1948 0.3721 -0.1976
v -0.5523 -0.5407 0.1590
v 0.2745 0.2386 0.2228
v -0.3091 0.3292 0.3445
v 0.6908 0.8821 -0.4859
v -0.0784 0.6973 0.4659
v -0.1531 0.7630 -0.1678
v -0.4616 -0.8180 0.1094
v -0.5293 0.3477 0.0045
v -0.1459 0.7826 -0.1283
v -0.3460 0.6699 0.0050
v -0.5532 -0.5921 0.1910
v 0.2562 -0.3745 0.2792
v 0.7402 0.6952 -0.4651
v 0.3804 -0.9585 0.0342
v 0.0800 -0.2418 0.2546
v -0.4736 -0.5942 0.0164
v -0.4284 -0.5637 0.2942
v -0.4209 0.5464 0.1172
v -0.2227 0.0640 0.0564
v 0.3353 0.3132 0.0073
v 0.2735 -0.9916 0.0866
v -0.2148 0.9275 -0.4026
v -0.5357 0.3536 -0.1504
v -0.1099 0.8652 -0.1093
v -0.0048 0.5518 -0.5673
v 0.0777 -0.1960 0.3115
v 0.2906 0.2747 0.2768
v 0.1986 -0.1007 0.3371
v -0.5531 -0.4611 0.0133
v -0.0945 0.5022 -0.5302
v -0.3802 -0.6511 0.0305
v 0.0188 -0.0493 -0.0557
v -0.7279 0.5879 -0.6891
v -0.0604 -0.2457 0.4931
v 0.3409 0.4762 0.2592
v -0.0029 -0.2433 0.5172
v -0.5196 -0.4392 0.1540
v 0.0522 -0.0207 -0.0593
v 0.0996 -0.0999 0.3546
v 0.3927 -0.1761 0.0447
v -0.4475 -0.7815 0.0928
v 0.0409 0.4052 -0.3910
v 0.4174 -0.4330 -0.0101
v -0.5300 0.5999 -0.2989
v -0.3728 -0.5286 0.0234
v 0.5566 0.5648 -0.0436
v -0.5268 0.4284 -0.2224
v 0.0196 0.8975 -0.0972
v -0.7731 0.4899 -0.5062
v -0.4502 0.3311 0.0605
v -0.5468 0.5548 0.0102
v -0.0980 -0.0735 -0.0274
v -0.4377 -0.2702 -0.0292
v -0.1884 0.7013 -0.2304
v -0.6081 0.6293 -0.1783
v 0.2066 -0.4491 0.1172
v 0.3424 0.6182 0.0454
v 0.2735 -0.5976 0.0627
v 0.2376 0.7695 0.2217
v -0.5206 -0.5803 0.0206
v 0.8232 0.6964 -0.4681
v 0.4213 -0.5269 0.2265
v -0.4578 -0.1457 0.0723
v -0.7294 0.7178 -0.6090
v -0.7139 0.4036 -0.2202
v -0.4567 -0.3758 0.2225
v 0.3839 -0.9756 -0.0610
v -0.6459 0.4118 -0.0491
v 0.0248 -0.2949 0.4165
v -0.5847 0.4327 0.0230
v 0.3600 -0.0974 0.2168
v -0.2782 -0.4298 0.1464
v 0.2358 -0.9779 0.4219
v 0.3452 -0.3547 0.2690
v 0.4433 -0.9863 -0.0154
v -0.0545 0.8974 0.0592
v 0.2601 0.2132 0.0510
v -0.7145 0.4452 -0.1575
v 0.2095 0.7582 0.0098
v 0.6278 0.5726 -0.2844
v 0.3751 0.3678 0.1797
v -0.5391 -0.6730 0.0950
v -0.3693 -0.0488 0.1807
v -0.0401 -0.1277 0.4076
v -0.5332 -0.9003 0.0355
v -0.4099 0.3522 0.1254
v -0.0704 0.6372 -0.4563
v -0.3569 0.5344 -0.1107
v -0.6587 0.8056 -0.6025
v -0.3474 0.6297 0.2693
v 0.2913 -0.9683 0.0384
v 0.6514 0.7758 -0.3518
v 0.1289 0.5081 0.4910
v 0.2377 0.1748 0.2661
v -0.4534 0.5437 0.1036
v 0.2391 0.1623 0.0791
v 0.4771 -0.9525 -0.0173
v -0.4817 -0.6372 0.2950
v 0.3583 -0.9787 -0.0381
v -0.7827 0.6794 -0.4158
v -0.2175 0.1729 0.3612
v -0.7707 0.4898 -0.7127
v -0.5578 -0.5299 0.0597
v 0.5087 0.5178 0.0975
v -0.1215 -0.1689 0.3417
v -0.4376 -0.9826 0.0303
v -0.5977 -0.9813 0.1340
v -0.0270 0.4295 -0.2977
v -0.0791 -0.3125 0.5107
v -0.1647 -0.3182 0.1604
v -0.1738 0.4472 -0.1587
v -0.4056 -0.4632 0.0016
v -0.6532 0.3914 -0.1811
v 0.5316 -0.9954 0.0880
v -0.5558 -0.5798 0.1233
v -0.4287 -0.2975 0.2751
v 0.3811 -0.9882 0.2868
v 0.0799 0.4748 -0.5718
v 0.6572 0.8727 -0.4864
v -0.3495 -0.9702 0.3442
v -0.2513 0.4515 0.4566
v 0.5539 0.5833 -0.0912
v 0.6378 0.8141 -0.3249
v -0.4143 0.3203 -0.0009
v -0.1041 0.5200 -0.3154
v 0.3207 0.5567 0.3135
v 0.0875 0.8679 -0.0388
v 0.2390 0.1886 0.0181
v -0.1430 0.8599 0.0179
v 0.1289 0.8401 0.2881
v 0.7217 0.4370 -0.0806
v 0.1334 0.1992 0.3876
v -0.6921 0.6956 -0.3710
v -0.0199 -0.3057 0.6691
v -0.1632 0.8727 -0.3502
v 0.2141 0.7588 -0.0470
v -0.6192 0.5313 -0.3990
v 0.1870 -0.3135 0.0112
v -0.8244 0.5610 -0.3502
v -0.7009 0.5002 -0.4642
v -0.3911 -0.8786 0.1126
v 0.3512 0.6103 0.0829
v -0.3961 0.5782 0.1564
v -0.7352 0.4101 -0.2621
v -0.2353 0.1149 0.0842
v 0.3905 -0.8053 0.2299
v -0.2414 0.5819 0.4422
v -0.3618 -0.8120 0.1182
v 0.5936 0.4527 -0.2848
v 0.2082 -0.3063 -0.0063
v -0.0961 -0.1251 -0.0073
v -0.1721 0.6844 -0.3004
v 0.0609 0.8320 0.3503
v 0.2283 0.9205 -0.2635
v 0.8143 0.6206 -0.4172
v 0.3389 -0.7795 0.1652
v 0.6430 0.7936 -0.3261
v 0.7593 0.6149 -0.4491
v -0.0437 -0.2132 0.0596
v -0.4050 -0.2373 0.3050
v 0.4210 -0.9462 0.2478
v 0.1526 0.4496 0.4879
v -0.6037 0.3768 -0.1273
v 0.3732 0.5636 -0.0079
v 0.3188 -0.8327 0.1864
v 0.2120 0.6651 0.4009
v -0.7887 0.6227 -0.6395
v 0.1809 0.7892 -0.0555
v 0.0304 0.3971 -0.4061
v 0.7684 0.6783 -0.5270
v -0.2339 0.4718 -0.1682
v 0.0267 -0.1562 0.0169
v 0.1316 0.9001 -0.2693
v 0.7293 0.5866 -0.3873
v -0.5372 -0.7013 0.2377
v 0.2343 0.3720 0.4177
v -0.0505 -0.1925 -0.0011
v 0.4275 -0.5168 0.1594
v -0.0620 0.4514 -0.4675
v -0.5050 -0.3673 0.1820
v 0.1078 0.4486 -0.1753
v 0.2222 -0.6304 0.0910
v 0.1747 -0.9793 0.2951
v 0.0014 -0.3473 0.6558
v 0.2888 0.9598 -0.3199
v -0.3594 -0.4321 0.2054
v -0.0945 -0.0430 -0.0297
v -0.6046 0.3694 -0.0605
v -0.3280 0.6123 -0.0990
v -0.6602 0.6419 -0.4583
v -0.6857 0.7191 -0.6604
v -0.0645 0.8504 -0.1744
v 0.8262 0.6951 -0.3896
v 0.0868 0.5054 -0.3858
v -0.7874 0.6514 -0.5958
v 0.0148 0.3719 0.5112
v 0.2113 -0.8628 0.3680
v -0.7625 0.6614 -0.2527
v -0.2868 -0.5743 0.0760
v 0.3842 -0.8260 0.2958
v -0.3528 0.3639 -0.0923
v -0.3529 -0.0497 0.2515
v -0.2948 0.7381 0.2384
v -0.5097 -0.2501 0.0418
v -0.2272 0.5462 -0.1594
v -0.5129 -0.4439 -0.0321
v 0.6969 0.8734 -0.4534
v -0.0475 0.8575 -0.1244
v 0.3618 0.3114 0.0051
v -0.0876 -0.3445 0.6962
v 0.3952 -0.2321 0.0194
v 0.3166 -0.5668 0.3419
v -0.0767 -0.2692 0.4228
v -0.6428 0.4800 -0.0207
v -0.3741 0.5980 0.2494
v -0.7974 0.5668 -0.4172
v 0.3434 -0.9905 0.3058
v -0.0334 -0.3062 0.4145
v -0.4389 0.4220 0.1491
v 0.4546 0.5652 0.0282
v 0.6117 0.7054 -0.2539
v -0.5116 -0.6013 0.0403
v 0.6695 0.8883 -0.5059
v -0.3772 0.4289 0.2744
v 0.2853 -0.3321 -0.0323
v 0.6713 0.5664 -0.3433
v 0.1805 0.7643 -0.2411
v -0.2524 0.2246 -0.0807
v -0.1777 0.6632 0.4358
v 0.4178 -0.9038 0.2317
v -0.5160 -0.3346 0.0105
v -0.5233 0.3697 0.0576
v -0.7877 0.5585 -0.6377
v -0.3009 -0.7849 0.2106
v -0.2784 0.6642 -0.0653
v 0.1031 0.7659 0.4138
v -0.5499 -0.4597 0.0444
v -0.5367 -0.9904 -0.0278
v -0.1545 0.7607 -0.2355
v 0.0420 -0.2611 0.4486
v 0.4506 -0.4466 0.0336
v 0.4418 -0.5635 0.1545
v -0.6685 0.7661 -0.5473
v -0.3524 -0.1268 0.0260
v -0.7647 0.6267 -0.6972
v 0.5940 0.6100 -0.0701
v -0.5066 -0.2668 0.2017
v 0.2568 -0.7929 0.3994
v -0.8043 0.5147 -0.4662
v 0.4888 -0.9845 -0.0364
v 0.5183 0.5391 -0.0890
v 0.2766 -0.8752 0.1104
v -0.7286 0.6974 -0.3677
v 0.5497 0.6478 -0.2127
v -0.8060 0.4706 -0.2426
v -0.0075 -0.2545 0.3684
v 0.1025 0.8515 -0.3211
v 0.3124 0.2624 0.1583
v -0.0994 0.8977 0.0757
v 0.1192 0.4778 0.4931
v -0.2218 -0.0767 0.0059
v 0.2276 -0.7478 0.1533
v -0.0824 0.4579 -0.4171
v 0.1853 -0.3882 0.2248
v -0.0610 -0.3388 0.7315
v -0.6248 -0.9064 0.0174
v -0.5673 -0.9646 -0.0393
v 0.0831 -0.0511 0.3828
v -0.5521 -0.5697 0.2022
v 0.6033 0.7076 -0.2095
v 0.0825 0.4699 -0.5167
v -0.7969 0.6158 -0.4243
v -0.6149 -0.8999 0.0085
v 0.3826 -0.4007 0.2293
v -0.0544 -0.1990 0.2072
v -0.0486 -0.0620 0.4012
v -0.0613 0.4643 -0.4475
v 0.6892 0.8781 -0.3611
v -0.0553 0.4460 -0.4184
v 0.0332 0.5631 -0.5154
v 0.3047 -0.3195 0.3036
v 0.5866 0.5451 -0.0152
v 0.4961 0.3187 -0.0411
v -0.0408 0.4991 0.5137
v 0.4137 -0.8865 0.2113
v 0.4880 0.4201 -0.1302
v 0.2428 -0.4305 0.2442
v 0.6267 0.6406 -0.2792
v 0.5275 -0.9506 0.0918
v -0.5036 -0.7026 0.0811
v -0.2093 0.2200 -0.1371
v -0.5284 -0.7116 0.1612
v 0.0307 0.4233 -0.4208
v 0.3160 0.6718 0.1749
v -0.3804 0.3379 -0.0507
v 0.0254 0.0941 0.4362
v 0.4636 0.3146 0.0690
v 0.2876 -0.8134 0.1896
v 0.6863 0.3912 -0.2152
v -0.4031 -0.3638 -0.0298
v 0.0447 0.8438 -0.1074
v -0.4389 0.4210 -0.1713
v -0.6844 0.6048 -0.7518
v 0.5933 0.3776 0.0448
v -0.2025 0.1384 -0.0100
v 0.4361 -0.5125 0.0093
v -0.3925 0.5231 0.2213
v -0.3554 -0.9520 0.3457
v 0.7755 0.7214 -0.5714
v -0.0745 0.4394 -0.4043
v 0.2816 0.6684 0.3049
v 0.4375 -0.5577 0.1997
v 0.7809 0.7720 -0.4915
v -0.2839 0.7192 -0.0506
v 0.2289 -0.2320 0.3322
v -0.0630 0.4526 -0.5307
v -0.3131 0.7263 0.2064
v -0.1682 0.3467 0.4712
v -0.0746 -0.2297 0.3969
v -0.0197 0.9142 0.1196
v 0.3212 -0.0772 0.2094
v -0.0812 -0.2847 0.4902
v -0.3365 -0.4880 0.1848
v 0.7903 0.6060 -0.4144
v 0.2764 0.9814 -0.3174
v -0.0415 -0.3054 0.4345
v -0.4885 -0.2908 0.2303
v 0.6733 0.3864 -0.1373
v 0.1323 0.7904 -0.3052
v 0.7209 0.7866 -0.4535
v 0.5329 0.4232 0.1044
v -0.0713 -0.4474 0.7511
v 0.1574 0.7203 -0.2786
v -0.5648 0.6402 -0.3152
v -0.1590 0.8751 0.1305
v -0.1665 0.0953 -0.0131
v 0.7106 0.6801 -0.1297
v -0.4989 -0.1840 0.1340
v 0.0299 0.4970 -0.6357
v 0.1524 -0.0753 0.3522
v 0.1360 0.8532 -0.3709
v -0.8132 0.5791 -0.3876
v 0.8161 0.6104 -0.2255
v -0.1526 0.8712 0.1778
v 0.6296 0.7018 -0.2679
v -0.3901 -0.0658 0.2301
v 0.2561 0.9702 -0.3779
v 0.2729 0.6294 -0.0190
v 0.2157 -0.5272 0.1500
v -0.2586 0.7677 0.1865
v -0.0869 0.8524 -0.3178
v 0.5493 0.5679 -0.0690
v 0.0215 0.4816 -0.6070
v 0.5157 0.5337 -0.1873
v 0.2752 0.9221 -0.2958
v 0.0846 0.5071 -0.3140
v 0.1028 0.5184 -0.5202
v 0.7632 0.6740 -0.1482
v -0.1076 -0.1603 0.0190
v -0.2382 0.5605 -0.1854
v -0.4856 0.3545 -0.1464
v 0.6189 0.3752 -0.2198
v -0.7734 0.7277 -0.5296
v 0.3409 0.3451 -0.0538
v -0.0225 -0.2531 0.3686
v 0.2459 -0.5319 0.0844
v -0.5474 -0.9857 0.0070
v 0.7394 0.6779 -0.1316
v -0.7301 -0.9837 0.0361
v 0.1838 -0.8062 0.2937
v 0.3451 -0.8173 0.3526
v 0.2388 0.0171 0.2722
v 0.1838 0.7949 -0.0126
v -0.4827 -0.5619 0.0030
v -0.0833 0.4664 -0.5011
v -0.1346 -0.1161 0.3708
v -0.5315 -0.7208 0.1391
v 0.5828 0.3738 0.0031
v 0.2506 0.2811 -0.1088
v 0.7244 0.5116 -0.3469
v -0.3249 0.4497 -0.1320
v 0.0201 -0.2415 0.4934
v 0.5073 0.4924 -0.2017
v -0.3029 0.3060 -0.1009
v -0.1622 0.0726 0.3979
v -0.3649 -0.0624 0.1195
v 0.0217 0.4291 -0.2008
v 0.0744 0.1117 0.4185
v 0.0461 0.7024 -0.3971
v 0.4522 -0.3808 0.1441
v -0.2543 -0.4053 0.1691
v -0.3587 -0.5807 0.0197
v -0.5061 0.5584 -0.2360
v -0.7111 0.5534 -0.1406
v 0.4095 -0.3547 -0.0117
v -0.0728 -0.1347 -0.0332
v 0.3894 -0.2197 0.2658
v -0.0752 0.7553 -0.3458
v -0.1682 0.8224 -0.0981
v 0.5072 0.5225 -0.1071
v -0.2111 0.2394 -0.1578
v -0.1134 0.6837 -0.3870
v 0.0128 0.3521 0.4755
v -0.4286 0.3331 -0.0775
v 0.0436 0.4684 -0.5900
v 0.2955 0.9804 -0.3375
v 0.5317 0.5395 0.0390
v 0.2067 0.6042 -0.1838
v 0.0567 0.8244 -0.2185
v 0.0571 0.0280 -0.0716
v -0.0742 0.8608 0.2977
v 0.3196 0.4418 0.3228
v -0.4958 -0.8779 0.0244
v 0.1123 0.5375 -0.3759
v 0.1378 0.8274 -0.0890
v 0.7363 0.6486 -0.0806
v 0.0517 0.8359 -0.1393
v 0.7258 0.8394 -0.3366
v 0.4903 -0.9928 -0.0271
v 0.7834 0.6581 -0.5091
v 0.0590 0.8859 -0.0637
v -0.4152 -0.6317 0.3030
v -0.8353 0.5670 -0.3282
v -0.2527 0.7392 -0.0695
v 0.6691 0.5433 -0.3690
v -0.0609 0.9004 -0.0729
v -0.5308 -0.2723 0.1334
v 0.7464 0.6335 -0.4575
v -0.6071 0.4024 -0.3321
v -0.1668 0.8318 -0.3000
v 0.3186 -0.9059 0.0522
v -0.2486 0.7499 -0.0547
v 0.3754 0.3281 -0.0476
v -0.6776 -0.9524 -0.0438
v -0.4064 -0.8939 0.3254
v 0.2462 0.7603 0.2687
v -0.1019 0.6587 0.4797
v -0.0710 -0.3249 0.7133
v -0.1007 0.8318 0.3266
v -0.3434 -0.1421 0.3327
v 0.4911 0.4155 0.1426
v -0.1745 0.8885 -0.3791
v 0.3384 0.5944 0.2444
v 0.0647 0.0189 -0.0583
v -0.3707 -0.5037 0.0254
v 0.1151 0.5037 -0.4517
v 0.6528 0.5264 -0.3254
v -0.1416 0.4383 -0.1590
v -0.0199 0.3099 -0.1591
v -0.3790 0.5924 0.0114
v -0.1996 0.1377 0.3621
v -0.7642 0.7512 -0.4767
v 0.8316 0.5439 -0.1647
v 0.0274 0.4938 0.5130
v -0.3442 0.6559 0.2426
v -0.3623 -0.9908 0.3212
v -0.3202 0.6932 0.0924
v -0.2941 0.0525 0.1985
v -0.0644 -0.0847 0.3906
v -0.7552 0.5039 -0.6319
v 0.2895 -0.1488 0.3133
v 0.0420 0.0996 -0.1075
v 0.4723 0.3110 0.0115
v -0.1982 -0.0251 0.3474
v 0.1600 0.7104 -0.2692
v -0.6342 0.3852 -0.0570
v 0.1677 0.6970 -0.2398
v 0.1880 -0.6063 0.1174
v -0.4646 -0.6641 0.0451
v 0.2900 0.7048 0.2489
v -0.8084 0.6738 -0.5117
v -0.2223 0.1347 0.3367
v -0.0031 -0.2918 0.3961
v -0.4657 -0.2460 0.2638
v 0.4536 -0.9556 -0.0259
v 0.7590 0.7886 -0.3074
v -0.0954 0.4984 -0.4083
v 0.2387 -0.3951 0.0100
v -0.0333 0.9079 0.0356
v 0.3915 -0.4834 -0.0211
v 0.3268 0.3878 0.2366
v 0.4206 0.3121 0.0996
v 0.6562 0.8985 -0.3933
v 0.4504 -0.5040 0.0456
v -0.4053 -0.3681 0.2577
v 0.8241 0.5371 -0.2121
v -0.3579 0.5633 -0.0872
v 0.2842 0.4733 -0.1098
v 0.2411 0.5285 0.4243
v 0.1198 0.5664 0.4941
v 0.2779 -0.2080 0.3364
v -0.1689 0.8722 -0.4014
v -0.3128 -0.5117 0.0918
v -0.6281 0.5956 -0.4220
v 0.2461 -0.2607 0.3246
v -0.4445 -0.5570 0.0025
v 0.0940 0.6476 -0.4392
v -0.5804 -0.8939 0.0358
v -0.2412 0.6726 -0.1118
v -0.3334 0.5507 0.3623
v -0.5716 0.6328 -0.3763
v -0.0501 0.5733 -0.4480
v 0.7700 0.4608 -0.0914
v 0.5117 0.5483 -0.1453
v -0.4161 -0.1178 0.2711
v -0.0865 0.4816 -0.4476
v -0.5141 -0.9765 -0.0661
v -0.2521 0.7271 -0.0749
v 0.0574 0.2196 -0.1654
v -0.0078 -0.1201 -0.0474
v -0.8028 0.4830 -0.5639
v -0.8095 0.5679 -0.5999
v 0.0722 0.4900 -0.2696
v 0.0008 0.0655 0.4286
v 0.1163 0.5492 -0.3736
v 0.3410 -0.7300 0.1246
v -0.0869 0.1028 -0.1044
v -0.1407 0.7906 0.3778
v -0.6540 0.6919 -0.3816
v -0.2311 0.7443 -0.0750
v -0.0148 -0.3699 0.6184
v -0.2077 0.3297 0.4552
v -0.5851 0.4124 0.0116
v 0.7352 0.4317 -0.2267
v -0.4297 -0.8454 0.1122
v 0.4155 0.3255 -0.0661
v 0.2819 -0.2704 0.3216
v 0.5090 0.5422 -0.0085
v 0.1719 0.8310 0.2116
v 0.0901 0.5023 -0.5645
v 0.4417 0.4656 0.1841
v -0.4295 0.3670 -0.1403
v -0.2403 0.4523 -0.1502
v 0.4527 -0.3054 0.0514
v 0.6538 0.8582 -0.3987
v -0.1940 0.6784 -0.2243
v 0.6526 0.8664 -0.5281
v -0.3772 0.5897 -0.0435
v 0.0704 0.0993 -0.0951
v -0.3124 0.3968 -0.1270
v 0.2068 0.7501 0.0346
v 0.3996 -0.3279 0.2455
v -0.4546 -0.9737 0.0022
v -0.1839 0.9218 -0.2667
v 0.0915 0.7787 -0.3218
v 0.0212 0.4321 -0.4758
v -0.2616 -0.2946 0.3153
v -0.3357 0.4331 0.3350
v 0.4228 -0.6420 0.1099
v 0.6622 0.8510 -0.5070
v 0.3686 -0.5610 0.0352
v -0.4782 -0.3971 0.1964
v -0.5186 -0.7896 0.1345
v -0.1946 0.4732 -0.1694
v -0.5151 0.4432 -0.2202
v -0.4038 -0.1664 0.0117
v 0.7615 0.7916 -0.4457
v 0.3193 0.2813 0.1448
v -0.1611 0.1680 -0.1153
v -0.0521 -0.3605 0.6429
v 0.3291 0.6162 0.2306
v -0.0302 -0.0940 -0.0478
v -0.2959 0.2939 0.3367
v 0.3952 -0.7738 0.2187
v 0.1215 -0.2643 0.2358
v 0.5365 0.4006 -0.1983
v 0.8273 0.6345 -0.4441
v 0.6910 0.8787 -0.3986
v 0.2979 -0.9825 0.0438
v -0.6622 -0.9313 0.1285
v -0.4963 -0.4480 0.1848
v -0.4859 -0.1651 0.1792
v 0.3870 0.5772 0.0381
v -0.0648 0.0467 0.4197
v 0.1025 0.2395 0.4158
v -0.2119 0.8080 0.2725
v -0.3687 -0.3647 0.2647
v -0.0802 -0.4365 0.7480
v 0.3036 -0.6417 0.0696
v 0.4345 -0.4533 -0.0026
v 0.7610 0.6829 -0.2350
v 0.5012 0.4934 -0.1330
v -0.8080 0.6968 -0.5089
v -0.1999 0.7951 0.0018
v -0.5650 -0.5138 0.0883
v -0.1262 0.0906 -0.0425
v 0.0606 -0.1224 0.0010
v 0.0251 0.7790 -0.3167
v 0.4282 0.5685 0.0222
v 0.3328 -0.8716 0.1134
v -0.2927 0.0321 0.1705
v 0.4743 0.4801 -0.1120
v -0.7389 0.6833 -0.3009
v 0.4162 -0.8924 0.1226
v -0.0997 0.0232 0.4151
v -0.6709 0.8200 -0.5651
v -0.6876 -0.9796 0.0861
v 0.2445 0.4312 0.4075
v -0.7281 0.6436 -0.2284
v -0.4178 -0.2367 -0.0254
v 0.3260 0.2941 0.1188
v -0.5651 -0.9598 -0.0618
v 0.1560 0.6539 -0.3044
v 0.1656 -0.9317 0.3360
v 0.3062 0.3061 0.2343
v -0.1121 0.1162 -0.0941
v 0.3974 -0.6980 0.3293
v -0.5346 -0.9281 -0.0637
v -0.6653 0.6874 -0.3038
v 0.3615 -0.8838 0.1002
v -0.6981 -0.9551 0.0386
v 0.1602 0.5952 -0.2556
v -0.6660 0.6556 -0.2132
v 0.2784 -0.6758 0.0907
v 0.1913 0.7657 -0.0224
v 0.1501 0.7688 -0.0834
v 0.3300 0.4376 0.2617
v 0.3481 -0.5119 0.2890
v 0.1732 0.8042 0.2737
v 0.7694 0.7729 -0.3004
v -0.2506 -0.1098 0.3371
v 0.0027 -0.0711 -0.0584
v 0.7187 0.8022 -0.5635
v 0.7058 0.7239 -0.2200
v -0.5210 -0.9186 -0.0245
v 0.1922 0.7610 0.0356
v 0.4256 -0.6582 0.1463
v 0.2667 0.6114 -0.0847
v -0.3230 -0.9810 0.3236
v -0.0757 -0.2023 0.3836
v -0.0715 -0.4422 0.7422
v -0.0394 -0.3715 0.6133
v -0.5128 -0.9774 0.2526
v 0.2012 0.7754 -0.0471
v 0.3209 -0.1880 0.3181
v -0.0137 0.4148 -0.3550
v 0.7399 0.6300 -0.4366
v 0.2842 -0.0244 0.1199
v -0.6705 0.7462 -0.5226
v 0.0275 0.4193 -0.4571
v 0.1348 0.6974 -0.3077
v 0.4052 -0.3180 -0.0115
v 0.4644 -0.3500 0.1097
v -0.1124 -0.1272 0.0053
v 0.6818 0.8261 -0.4488
v -0.0931 0.0143 -0.0550
v -0.3398 0.3234 0.2885
v 0.2986 0.6911 0.1766
v 0.2614 -0.8708 0.3849
v 0.1161 0.7929 0.3685
v -0.1681 0.1158 -0.0326
v -0.7543 0.4997 -0.6175
v 0.2023 -0.6563 0.3270
v 0.0328 0.4386 -0.4426
v 0.2324 0.6415 -0.1110
v -0.4806 -0.8392 0.1154
v 0.7232 0.7836 -0.4591
v 0.3117 -0.5225 0.0177
v 0.0201 0.4310 -0.3047
v 0.2328 -0.5293 0.1045
v 0.7989 0.7285 -0.4620
v 0.4465 -0.9176 0.0376
v -0.4548 -0.9915 0.0249
v 0.1859 0.6879 -0.1532
v -0.3741 -0.1229 0.3119
v -0.3377 -0.9847 0.2123
v -0.0813 -0.4230 0.7355
v 0.0074 0.7851 -0.3124
v 0.1774 -0.3934 0.1603
v -0.5374 0.5719 -0.1689
v -0.6129 0.4451 -0.3319
v 0.1231 -0.2092 0.3223
v 0.2666 0.6534 -0.0162
v -0.1655 0.0455 0.3902
v -0.0865 -0.4056 0.7467
v 0.5214 0.3517 0.0734
v -0.7876 0.4940 -0.6860
v -0.1450 0.7450 0.4183
v 0.0117 0.5122 -0.6351
v -0.1344 0.8324 0.3092
v -0.1290 0.4678 0.5083
v 0.3383 -0.1945 0.0003
v -0.0082 -0.3092 0.4119
v 0.0029 0.8977 0.1888
v 0.0249 0.8446 -0.1157
v -0.6886 0.7615 -0.5088
v -0.3457 0.3228 -0.0228
v 0.0014 -0.3463 0.5078
v -0.2493 0.7407 0.0259
v -0.3955 0.3440 -0.0810
v -0.2509 0.6577 -0.1206
v -0.6347 -0.9283 0.0670
v 0.4060 -0.7287 0.2097
v 0.1681 0.4843 -0.1564
v -0.1262 -0.2049 0.2914
v 0.1190 0.7498 0.4116
v 0.0317 0.3881 0.5040
v 0.0678 0.1233 -0.1074
v -0.6526 0.6974 -0.3410
v 0.0622 0.1906 0.4230
v -0.0847 0.8321 -0.1625
v -0.2637 0.4035 -0.1723
v -0.5409 -0.5923 0.0569
v 0.1448 0.2761 0.4371
v -0.1274 0.7976 -0.1690
v 0.1589 0.7449 -0.2399
v 0.1840 0.6832 -0.1898
v 0.1640 -0.9507 0.3163
v -0.5101 -0.9101 -0.0137
v 0.5323 0.6285 -0.1869
v 0.4526 -0.2603 0.1585
v 0.4526 -0.9310 0.0461
v -0.0827 -0.0724 -0.0471
v 0.2475 0.2458 0.3527
v 0.0092 0.8963 0.2355
v -0.0175 0.9071 0.1898
v -0.5278 -0.7961 0.1672
v -0.2310 0.5809 -0.2014
v 0.1359 0.8035 -0.2004
v -0.5738 0.5541 -0.0202
v 0.6038 0.4934 0.0153
v -0.1159 0.8881 0.0383
v -0.5308 0.6007 -0.2309
v 0.7931 0.7295 -0.5274
v 0.3317 0.4758 0.3053
v 0.4024 -0.7451 0.2239
v -0.6047 0.6776 -0.3669
v -0.0703 -0.0447 0.3944
v 0.6452 0.9071 -0.4268
v 0.3602 -0.4215 0.2387
v -0.6523 0.8324 -0.5978
v -0.5339 -0.7331 0.2283
v 0.0043 0.4459 -0.5646
v 0.0506 0.7795 0.4201
v -0.0706 0.3504 -0.1849
v 0.0475 0.4553 -0.2479
v -0.7923 0.7023 -0.4606
v -0.2063 0.8343 0.2225
v -0.7135 0.7254 -0.5739
v -0.2224 0.3038 0.4262
v 0.0624 0.7465 0.4446
v 0.3724 -0.4157 -0.0159
v -0.0132 0.6078 -0.4702
v -0.7527 0.7302 -0.5682
v 0.5191 0.5402 -0.1178
v -0.2967 -0.7583 0.2101
v 0.2460 0.0455 0.1704
v 0.7125 0.7571 -0.2383
v -0.1661 -0.3075 0.2333
v 0.2749 -0.3599 -0.0236
v 0.1375 -0.2347 0.2909
v -0.2891 -0.6045 0.0723
v 0.1730 0.8183 0.0666
v 0.4897 0.3141 0.0155
v 0.0580 0.7509 -0.3442
v 0.3431 -0.0724 0.1925
v -0.3693 0.5976 0.0444
v 0.2937 0.3228 -0.0463
v -0.4008 -0.1098 0.2890
v 0.2027 0.0457 0.3221
v -0.4085 -0.1867 -0.0076
v -0.6160 0.5918 -0.1285
v 0.5434 -0.9903 0.0834
v 0.0676 0.4357 -0.3801
v -0.7840 0.5783 -0.6374
v -0.4817 -0.1604 0.0852
v -0.2079 0.6909 -0.1715
v 0.4484 0.5183 0.1581
v 0.0588 0.9012 0.0857
v -0.3290 -0.4306 0.0608
v -0.1927 0.1028 0.0119
v -0.1972 0.1732 0.3899
v -0.5641 0.3520 -0.1048
v -0.5047 0.5518 -0.1933
v -0.5509 -0.5208 0.1631
v -0.3776 0.3284 0.0251
v 0.1009 0.8003 -0.1452
v 0.1415 0.0832 -0.0014
v -0.3610 -0.8195 0.2911
v 0.8278 0.5636 -0.1395
v -0.1917 0.7992 0.0321
v 0.4159 -0.7467 0.2494
v -0.5647 -0.5559 0.1045
v 0.3538 -0.3824 0.2573
v -0.3722 0.5293 -0.1117
v -0.4358 -0.4195 -0.0175
v 0.8166 0.5767 -0.2647
v 0.1461 0.6020 -0.2295
v 0.0253 0.0645 0.4185
v -0.0222 0.5189 -0.6418
v -0.6611 0.7208 -0.7125
v 0.4267 -0.4120 0.0270
v 0.0740 0.4784 -0.2463
v 0.2842 -0.6907 0.1121
v 0.3146 -0.8720 0.1074
v -0.3320 0.7023 0.2121
v 0.6174 0.5709 -0.0333
v -0.2654 0.0765 0.2606
v -0.3825 0.6112 0.1834
v -0.0401 0.8979 -0.1031
v 0.3580 -0.7143 0.1052
v 0.1907 0.7882 0.3001
v 0.6428 0.8814 -0.5168
v 0.1198 0.8014 -0.1827
v -0.2711 0.3138 0.3869
v 0.7363 0.4263 -0.2021
v 0.3240 -0.0652 0.1830
v -0.1839 0.8155 0.2967
v -0.4469 -0.7178 0.3045
v -0.3318 -0.5115 0.0531
v 0.1404 0.7297 0.4214
v -0.5358 -0.6912 0.1149
v 0.8021 0.7218 -0.4655
v 0.2045 0.7856 0.0796
v -0.8157 0.5062 -0.6085
v 0.6031 0.4483 0.0291
v -0.1153 0.6493 -0.3901
v 0.4023 -0.4593 -0.0210
v 0.2368 0.6490 -0.0464
v 0.3896 -0.9919 0.0701
v -0.2111 -0.0344 0.0183
v 0.2484 0.7445 0.1123
v -0.3807 0.6334 0.0595
v 0.3797 -0.4254 0.2195
v -0.5896 -0.8698 0.1192
v -0.3473 -0.4473 0.0462
v 0.5226 0.5793 -0.1785
v -0.2301 0.9859 -0.4001
v 0.8132 0.6455 -0.4770
v 0.4779 0.5484 0.0942
v 0.1936 0.6980 -0.0705
v -0.1104 0.2296 0.4274
v -0.1711 0.7932 0.3482
v 0.2493 -0.4991 0.0684
v 0.8034 0.5998 -0.3370
v -0.4697 0.3573 0.0975
v 0.4369 -0.6036 0.1226
v 0.3052 0.5538 0.3283
v 0.4320 -0.5194 0.1367
v 0.6897 0.4620 -0.3200
v -0.2804 0.9841 -0.4148
v -0.0578 -0.1547 0.4089
v -0.0139 -0.0437 -0.0618
v -0.7853 0.7080 -0.5857
v -0.7249 0.6249 -0.1958
v 0.6835 0.4454 -0.3010
v -0.1321 -0.2733 0.2133
v -0.2822 0.9882 -0.3682
v -0.3315 -0.4936 0.0896
v -0.0162 -0.3773 0.7014
v -0.5518 0.3556 -0.0823
v -0.5722 0.3972 -0.2813
v -0.8084 0.5678 -0.6210
v 0.2691 -0.6884 0.1084
v -0.6678 0.6834 -0.4981
v 0.1516 0.7457 -0.1008
v -0.2574 0.0479 0.2909
v -0.1382 0.3380 -0.2024
v -0.0405 -0.2183 0.4760
v -0.5543 0.4495 0.0670
v 0.2088 0.0613 0.0900
v -0.1136 0.8307 -0.1094
v -0.3194 0.3600 -0.1058
v 0.3874 0.4818 -0.0732
v -0.1283 -0.2274 0.2729
v -0.3641 -0.9940 0.2979
v -0.0391 -0.1780 0.4406
v -0.5070 -0.7637 0.2706
v 0.2648 -0.7532 0.1383
v -0.3124 -0.4060 0.2340
v -0.1363 0.2544 -0.1897
v 0.2778 0.2594 -0.0107
v 0.1459 0.8272 0.0468
v -0.2414 0.0663 0.3159
v 0.1154 0.8602 -0.0280
v 0.2801 -0.9021 0.3917
v 0.4658 0.3501 0.1309
v 0.3594 -0.9757 -0.0792
v 0.4041 -0.1433 0.1161
v -0.1314 0.8814 0.1149
v -0.3621 -0.6541 0.2931
v -0.1139 0.8264 0.3302
v 0.2761 -0.8237 0.1928
v -0.5622 -0.8536 0.1659
v 0.2490 -0.3479 -0.0155
v 0.1550 -0.1869 0.0140
v -0.7065 0.5917 -0.7372
v -0.2613 0.7801 0.2294
v 0.1070 0.5526 -0.4346
v -0.3107 -0.1993 -0.0214
v 0.2389 0.1550 0.1057
v -0.0367 0.6696 -0.4140
v 0.3492 0.5345 0.2300
v 0.3948 -0.1266 0.2086
v -0.1199 0.9111 -0.2826
v 0.0902 0.8514 0.3042
v 0.2949 0.6938 0.1573
v 0.2520 0.2348 0.3371
v 0.0453 0.3857 -0.1598
v -0.7619 0.7244 -0.5570
v -0.5425 0.4169 -0.2191
v -0.4420 -0.3410 -0.0351
v -0.0110 0.4967 -0.6379
v 0.3352 0.3196 0.1595
v -0.1623 0.2961 0.4638
v -0.7954 0.5449 -0.6640
v -0.5641 -0.5420 0.1193
v -0.4063 -0.3500 0.2630
v 0.5945 0.4995 0.0518
v 0.2801 0.5503 -0.1282
v 0.5070 0.5141 -0.1301
v -0.5145 0.3422 -0.0518
v -0.0256 0.2734 -0.1548
v -0.1622 0.3214 0.4648
v -0.1870 0.7077 -0.2474
v 0.1819 -0.3540 0.0518
v -0.4944 -0.5453 0.2820
v 0.1727 0.1290 0.3638
v -0.4698 -0.1504 0.2341
v -0.2519 0.1597 0.0553
v 0.1765 -0.5860 0.2260
v 0.0735 0.6888 -0.3817
v -0.6608 -0.9207 0.1388
v -0.0264 -0.3845 0.6997
v -0.4257 -0.4873 -0.0013
v 0.3499 -0.5847 0.0343
v -0.2583 0.2347 -0.0993
v 0.2801 0.2858 0.2997
v 0.6757 0.8543 -0.4467
v 0.1024 0.2600 0.4435
v 0.0671 -0.0965 0.3735
v 0.1816 -0.0546 0.0007
v -0.2972 -0.5783 0.2205
v 0.7588 0.6919 -0.2043
v 0.1522 0.8447 -0.3314
v -0.7609 0.5588 -0.6421
v 0.0326 -0.2352 0.3597
v -0.0707 0.4687 -0.5177
v 0.0249 0.9002 0.1952
v -0.1238 0.7365 0.4279
v 0.2298 -0.5095 0.2427
v -0.0461 -0.3865 0.6945
v -0.0470 -0.1755 -0.0154
v 0.7134 0.7989 -0.5045
v -0.6034 0.3910 -0.1973
v 0.2139 -0.5192 0.1784
v 0.2859 0.6861 0.0373
v 0.0273 0.5838 -0.5042
v 0.6742 0.8632 -0.4180
v 0.2556 -0.9316 0.0752
v 0.1645 0.4700 0.4770
v 0.3345 -0.6078 0.0407
v -0.3727 0.6504 0.0734
v 0.2524 -0.2784 0.3227
v -0.1366 -0.0904 0.3666
v -0.0304 -0.4095 0.7269
v -0.3639 0.3054 0.1693
v -0.8008 0.6367 -0.3463
v 0.5360 0.5503 -0.0218
v -0.3209 0.5700 -0.1430
v 0.0609 0.4569 -0.5394
v -0.5607 -0.5507 0.0771
v 0.2192 0.8016 -0.2610
v -0.6776 0.7997 -0.6005
v -0.5216 -0.9637 -0.0842
v 0.2380 0.2001 0.2676
v -0.0476 -0.2751 0.5939
v -0.1176 0.0434 -0.0365
v -0.4850 -0.5187 -0.0125
v -0.0109 0.4360 -0.4960
v -0.3830 -0.1526 0.3144
v 0.0290 0.7633 -0.3520
v 0.1645 -0.2285 0.3105
v 0.0372 0.4309 -0.1903
v -0.5763 -0.8687 0.1570
v -0.7549 0.6184 -0.1876
v -0.1023 0.5733 0.5063
v 0.2625 -0.7483 0.3908
v -0.0371 0.4145 -0.4295
v -0.6675 0.7276 -0.4872
v -0.8218 0.5832 -0.2411
v 0.2628 -0.8960 0.4005
v -0.4042 -0.9823 0.0990
v -0.0268 0.4364 -0.4886
v -0.5107 0.5773 -0.1539
v -0.2916 0.9601 -0.3750
v 0.3840 -0.8285 0.2610
v 0.2203 -0.3274 -0.0050
v -0.3867 0.6142 0.1171
v -0.1981 0.7975 0.2965
v 0.3787 -0.5662 0.3298
v -0.8165 0.4985 -0.3233
v -0.3758 -0.1871 0.3270
v -0.1310 0.3423 0.4889
v -0.7662 0.4451 -0.2423
v -0.6554 -0.9131 0.1151
v -0.0219 -0.2945 0.3972
v 0.0712 -0.0092 -0.0296
v 0.2371 -0.9780 0.1592
v 0.1380 0.8155 -0.3428
v 0.6685 0.8902 -0.4309
v -0.2846 0.7045 0.3009
v 0.4483 -0.9421 0.0629
v 0.0173 -0.3439 0.5394
v 0.2974 -0.4509 0.2646
v -0.7383 0.5932 -0.7252
v -0.1849 0.5939 -0.2681
v -0.2016 0.6998 0.3965
v 0.0508 -0.1995 0.3135
v 0.2255 0.1526 0.0923
v -0.1951 0.7227 -0.1552
v -0.1376 0.8233 0.3370
v -0.2195 0.0397 0.3429
v -0.4952 -0.8544 0.0961
v -0.4860 -0.6934 0.0683
v 0.8184 0.5647 -0.1152
v -0.8370 0.5362 -0.3076
v -0.3422 0.5170 -0.1241
v -0.3919 0.5442 0.1669
v 0.2985 -0.3926 0.2699
v 0.4196 -0.4461 0.1502
v 0.2286 0.2121 -0.0499
v -0.0599 0.6058 -0.4406
v -0.1299 0.7676 -0.3446
v -0.4930 -0.3304 0.2135
v -0.4823 -0.2093 0.0338
v -0.7640 0.6846 -0.6408
v -0.8291 0.5995 -0.2771
v 0.0427 -0.2268 0.3999
v -0.5130 0.5400 -0.2807
v 0.0164 -0.3238 0.5911
v 0.1050 0.8042 -0.3310
v -0.1062 0.4178 -0.1539
v 0.0224 -0.2459 0.3806
v 0.1010 -0.2690 0.1927
v 0.2556 0.7612 0.1952
v -0.5098 -0.6455 0.0588
v 0.0393 0.8427 0.3380
v 0.5968 0.4233 0.0700
v 0.3169 -0.5048 0.2906
v 0.3646 -0.0928 0.1194
v -0.0092 0.5625 -0.5472
v 0.1668 0.6444 -0.2876
v 0.3080 0.3097 0.2639
v -0.5376 0.5819 -0.3054
v -0.0833 0.5551 -0.4852
v 0.1479 0.2544 0.4298
v -0.0015 0.4686 0.5145
v 0.2179 0.5413 -0.1275
v -0.7491 0.5112 -0.7144
v -0.5559 0.5762 -0.0334
v 0.0037 0.9020 -0.0741
v -0.2733 0.7378 0.2891
v 0.1097 -0.0247 -0.0201
v -0.5168 -0.2459 0.0551
v -0.1623 -0.1730 0.3320
v 0.2788 0.2568 0.0187
v -0.3958 0.5995 0.1352
v 0.3035 0.2985 0.2786
v 0.3818 0.4043 0.1988
v -0.0746 0.3234 -0.1920
v 0.2581 -0.8156 0.3895
v 0.1970 0.8141 -0.2377
v -0.0994 0.0134 -0.0417
v -0.1063 0.7933 -0.3434
v -0.7160 0.7287 -0.6601
v -0.3342 -0.9691 0.2035
v -0.2114 -0.1314 0.3474
v -0.1023 -0.0197 -0.0318
v -0.7139 0.8050 -0.5694
v -0.1563 0.7510 -0.2984
v -0.0527 0.7723 -0.3513
v -0.5391 0.4491 -0.3031
v -0.5815 -0.9800 0.0141
v 0.0235 -0.1333 0.4028
v 0.4577 -0.9690 0.1058
v -0.0855 0.6081 0.4998
v -0.3464 -0.8328 0.1552
v -0.0728 0.4680 -0.2579
v -0.4240 -0.0898 0.1382
v 0.2408 0.1653 0.1623
v -0.5443 -0.6950 0.2213
v 0.1485 0.8015 -0.3745
v -0.7899 0.4897 -0.5432
v -0.2908 0.6236 -0.1272
v -0.0268 -0.3290 0.7121
v -0.7251 0.6552 -0.6360
v 0.1974 0.0746 0.3392
v -0.2513 0.1975 -0.0400
v -0.5179 -0.5157 0.0106
v 0.0458 -0.2074 0.3518
v 0.3091 -0.8530 0.1540
v -0.3898 0.4721 0.1954
v -0.1836 -0.2527 0.3001
v -0.5222 0.3799 -0.1981
v -0.5424 -0.5993 0.0693
v 0.5555 0.4464 -0.2522
v -0.7039 0.7723 -0.5090
v 0.0751 0.6478 -0.4389
v -0.5401 0.6193 -0.3128
v 0.2366 -0.1784 0.3297
v -0.3243 -0.0799 0.3026
v -0.1232 0.5584 -0.2776
v 0.8054 0.7548 -0.3903
v 0.2520 0.6820 0.3593
v -0.1240 0.7652 0.4048
v -0.2685 0.9949 -0.4003
v -0.0014 0.9006 -0.0905
v 0.3324 0.5192 0.2640
v -0.4948 -0.8513 0.2597
v -0.5545 -0.6131 0.1070
v 0.4169 -0.8755 0.1767
v -0.5960 0.4778 0.0060
v -0.6806 0.7395 -0.5533
v -0.6253 0.4080 -0.3586
v 0.0883 0.8750 0.2360
v 0.1452 0.8429 0.2048
v 0.6504 0.4812 -0.3377
v -0.7344 0.6521 -0.6358
v 0.3475 -0.9759 0.0416
v -0.1680 -0.2032 0.3189
v -0.4057 -0.3786 0.2474
v 0.8089 0.6153 -0.2669
v -0.5019 -0.9861 0.0511
v -0.3631 -0.8655 0.3004
v -0.5844 0.6339 -0.3999
v -0.6651 -0.9214 0.1122
v 0.1017 -0.2534 0.2312
v -0.3626 0.3144 0.0385
v -0.5379 -0.8392 0.1777
v -0.5413 -0.4891 0.1732
v -0.5455 -0.6327 0.1324
v -0.8288 0.5548 -0.5501
v -0.1480 0.4145 0.4959
v 0.6523 0.8398 -0.3479
v -0.1359 0.1688 -0.1221
v -0.4164 0.3489 -0.1107
v -0.6403 -0.9619 0.0581
v 0.2985 0.4136 0.3317
v -0.0564 -0.4417 0.7521
v 0.8255 0.6654 -0.3360
v -0.1162 0.7574 -0.3481
v -0.0985 0.8354 -0.1185
v -0.2719 -0.6041 0.1088
v 0.3379 0.6179 0.2179
v 0.4925 0.3484 0.1043
v -0.1402 -0.0016 0.3910
v 0.6463 0.5019 -0.3464
v 0.8251 0.5467 -0.1275
v 0.4173 -0.6804 0.1387
v -0.1988 -0.3325 0.2366
v -0.7959 0.5409 -0.4152
v -0.2598 0.8935 -0.3316
v 0.0016 -0.3210 0.6492
v 0.3419 -0.1241 0.0475
v 0.5822 0.3704 0.0604
v -0.6774 0.3812 -0.2530
v 0.3372 0.5935 0.2253
v -0.0535 0.0986 -0.1113
v 0.0391 0.4251 0.5147
v -0.7230 0.6227 -0.7459
v 0.1850 0.7875 0.3258
v -0.6440 0.6467 -0.1860
v -0.3482 0.6255 -0.0330
v -0.4381 -0.1190 0.0814
v -0.2908 0.9542 -0.3642
v 0.4636 0.3683 0.1462
v -0.2202 0.8209 -0.2930
v 0.4081 -0.1317 0.1635
v -0.6567 0.6559 -0.4407
v 0.4396 -0.4352 0.0592
v -0.6666 0.8287 -0.5978
v -0.2477 0.9493 -0.3751
v -0.5614 -0.5106 0.1260
v 0.0602 0.6792 -0.3906
v -0.0451 0.5926 -0.4518
v -0.2488 0.9718 -0.3245
v -0.4165 -0.0684 0.1744
v -0.7293 0.4685 -0.4456
v 0.3330 -0.9129 0.0429
v -0.3111 -0.2682 0.3272
v 0.3900 -0.8993 0.0829
v 0.2314 0.2609 -0.1085
v -0.2461 0.7915 0.1559
v -0.0229 0.8966 0.2171
v -0.8128 0.6411 -0.5236
v -0.4875 0.5932 -0.0607
v -0.2537 0.5671 -0.1933
v -0.1352 0.8327 -0.3845
v 0.3442 -0.6638 0.0748
v -0.4490 -0.1112 0.1194
v -0.3834 0.5957 0.0867
v 0.1629 0.7211 -0.1826
v 0.7793 0.7619 -0.4953
v -0.3290 -0.9433 0.2025
v -0.2556 0.6674 0.3814
v 0.2824 -0.8868 0.0952
v 0.2213 0.1361 0.1097
v 0.2541 0.0267 0.2040
v 0.0706 0.0106 -0.0362
v 0.2150 -0.9690 0.2064
v 0.4490 0.3296 -0.0886
v -0.0410 0.1220 -0.1226
v -0.5327 0.4451 0.0937
v 0.0161 0.5526 0.5193
v -0.7000 0.6433 -0.5808
v -0.6423 -0.9544 -0.0614
v 0.3349 -0.9890 0.0685
v 0.1983 0.6787 -0.1271
v 0.2722 0.7325 0.1494
v 0.3084 -0.0880 0.2380
v 0.2741 0.4583 -0.1047
v -0.5329 -0.4151 -0.0329
v -0.6496 -0.9896 0.1567
v -0.1514 0.5529 -0.3318
v 0.1287 0.3252 0.4569
v -0.7461 0.4937 -0.4991
v 0.7414 0.7879 -0.4465
v 0.3620 -0.8752 0.3097
v -0.4595 -0.8280 0.2867
v -0.1408 -0.1800 0.3204
v 0.0545 0.7287 0.4507
v -0.0308 0.7817 -0.3321
v -0.6299 0.3819 -0.3061
v -0.4046 -0.7966 0.0939
v -0.3099 -0.8133 0.1870
v 0.6465 0.5804 -0.0425
v -0.6267 0.5388 -0.0277
v -0.8040 0.5342 -0.2113
v -0.4675 0.5636 -0.1548
v -0.3514 0.5544 0.3329
v -0.7599 0.5409 -0.6806
v 0.4689 0.4369 0.1623
v -0.2389 0.1116 0.3159
v -0.3527 -0.3763 0.2632
v -0.7256 0.6244 -0.6740
v -0.5812 0.6413 -0.2240
v 0.0532 0.4560 -0.4192
v -0.6413 0.4086 -0.0348
v 0.3731 -0.9122 0.0681
v 0.0887 -0.1469 0.3530
v -0.1303 0.7842 -0.3039
v -0.0790 0.4494 -0.1914
v -0.7156 0.6815 -0.2888
v 0.0341 0.4395 -0.2013
v 0.3082 0.4810 0.3389
v -0.3056 -0.1732 0.3435
v -0.1668 0.5868 -0.1887
v -0.5319 -0.3269 0.0410
v -0.3726 0.6422 0.0231
v -0.0194 0.5646 -0.5189
v -0.2376 0.2771 -0.1601
v -0.2840 -0.0832 0.0286
v 0.4175 -0.2115 0.2265
v -0.7984 0.4936 -0.5944
v 0.0497 0.5120 -0.6073
v 0.2977 0.2969 -0.0031
v -0.0009 0.7886 0.4198
v -0.5032 -0.2346 0.0356
v 0.7945 0.4824 -0.1138
v -0.7103 0.5837 -0.5665
v 0.6615 0.5481 -0.3649
v 0.2316 0.3930 -0.1515
v -0.7779 0.7147 -0.5676
v 0.7562 0.8224 -0.3655
v 0.7031 0.7189 -0.4198
v -0.2272 0.8042 0.2156
v 0.7424 0.8093 -0.5123
v -0.7594 0.5973 -0.1615
v -0.0524 0.7789 -0.3423
v -0.4130 0.5550 -0.1234
v 0.4212 0.3744 0.1725
v -0.4030 -0.6522 0.0300
v 0.2272 0.7885 0.2373
v -0.2240 0.1865 0.3291
v 0.7678 0.7915 -0.4203
v -0.0325 0.9020 -0.0234
v 0.1836 0.5019 -0.1539
v -0.2032 0.1652 -0.0373
v -0.5356 0.3550 -0.1064
v 0.1810 0.7086 -0.1332
v -0.4038 0.4527 0.1704
v 0.2267 0.2852 0.3675
v 0.0884 0.1567 0.4392
v -0.3181 -0.6728 0.0674
v 0.7541 0.5926 -0.3965
v -0.0708 0.4757 -0.5646
v -0.5551 -0.4784 0.1322
v -0.2145 0.4596 0.4792
v 0.3040 0.5868 0.3107
v 0.4894 0.4016 -0.1286
v -0.5807 0.6432 -0.3981
v -0.7805 0.6800 -0.6099
v -0.3446 -0.8871 0.1582
v -0.3042 -0.9458 0.2429
v -0.3932 -0.5432 0.0068
v -0.4372 -0.8944 0.0639
v -0.4154 -0.0804 0.1322
v -0.7941 0.5139 -0.6967
v -0.3897 -0.6291 0.2972
v -0.0984 -0.1820 0.2915
v -0.4731 -0.2785 -0.0218
v 0.2182 0.1803 0.0223
v 0.2281 0.7784 0.1922
v -0.8157 0.5028 -0.5904
v 0.0187 -0.1847 0.0439
v -0.0411 0.4486 -0.2331
v -0.0999 0.4957 -0.4957
v -0.2661 0.1056 0.1087
v -0.7160 -0.9372 0.0451
v -0.0243 -0.1419 -0.0337
v -0.5656 -0.9846 0.1629
v -0.5284 -0.7528 0.1751
v -0.8015 0.5052 -0.6661
v 0.0225 0.8895 -0.0437
v 0.3504 0.6063 0.1475
v 0.3597 -0.6309 0.0575
v -0.0826 0.4784 -0.5137
v 0.6073 0.6494 -0.2534
v -0.0548 0.4517 -0.2534
v 0.0172 0.4386 -0.5163
v -0.5817 0.6235 -0.3793
v -0.3990 0.5425 0.1502
v 0.6612 0.4193 -0.2815
v -0.0563 0.4348 -0.4443
v 0.4365 -0.3076 0.0243
v 0.3816 -0.1131 0.1051
v -0.1769 0.7369 -0.2193
v 0.1068 0.2718 0.4523
v -0.5217 -0.2270 0.0977
v 0.2142 -0.8741 0.3802
v -0.0848 0.4611 -0.2169
v -0.7544 0.5755 -0.6536
v 0.3451 -0.1654 0.0235
v 0.0537 0.8747 -0.0958
v -0.4659 -0.8054 0.2811
v 0.3122 0.2762 0.2094
v -0.8083 0.4934 -0.5522
v -0.7448 0.6289 -0.7226
v 0.3615 -0.5797 0.0313
v -0.2301 0.3564 -0.1895
v 0.1121 0.4591 0.5024
v -0.2050 -0.2045 0.0171
v 0.3965 -0.7799 0.2345
v 0.3682 0.5150 -0.0658
v 0.3741 0.5296 -0.0552
v 0.6152 0.4051 -0.0114
v -0.5143 -0.9011 -0.0011
v -0.4526 -0.1044 0.1743
v 0.4018 -0.7902 0.2811
v 0.8039 0.5595 -0.0957
v 0.5412 0.6003 -0.1122
v -0.3744 0.3355 0.1380
v -0.2839 0.0352 0.1315
v 0.1131 0.8902 -0.2992
v 0.0762 0.0833 -0.0682
v -0.1613 0.8632 0.2257
v -0.5192 -0.8769 0.0613
v -0.2119 0.8145 0.2374
v 0.8126 0.5958 -0.2781
v -0.6018 0.6511 -0.2197
v -0.0596 0.4089 -0.4032
v 0.1985 -0.8275 0.2772
v -0.6241 0.6720 -0.2734
v 0.1078 0.6400 -0.4166
v -0.0608 0.4680 -0.4361
v -0.4989 -0.8410 0.1239
v -0.0744 -0.1995 0.3433
v -0.3006 0.7199 0.1036
v 0.7548 0.4385 -0.1196
v -0.0575 -0.3327 0.4757
v 0.2758 -0.8908 0.0660
v 0.5371 0.4090 -0.1753
v 0.2255 -0.4356 0.2256
v 0.0068 0.4059 -0.1817
v 0.1309 -0.2539 0.2635
v -0.4653 0.3738 -0.1654
v -0.3276 -0.7903 0.2666
v -0.6042 0.5804 -0.0630
v -0.3256 0.2951 -0.0121
v -0.2662 0.4496 -0.1513
v -0.1549 0.4929 0.4869
v 0.7303 0.4620 -0.2981
v -0.7473 0.4167 -0.2833
v -0.4542 -0.3477 0.2401
v -0.6777 -0.9190 0.0688
v 0.7902 0.5834 -0.3235
v -0.1071 0.5244 -0.4873
v -0.3826 -0.7976 0.3023
v 0.1112 0.5023 -0.4109
v 0.0895 0.4883 -0.4126
v 0.2631 0.0173 0.1233
v -0.6102 -0.9853 0.1869
v -0.7233 0.5584 -0.5512
v -0.5087 -0.2992 0.1937
v -0.2225 0.5006 -0.1684
v 0.4197 -0.7185 0.2851
v -0.7626 0.5541 -0.1524
v -0.1912 -0.0416 -0.0011
v 0.0488 0.4241 -0.4133
v 0.2085 -0.9806 0.2270
v -0.4719 -0.1450 0.1041
v -0.4650 -0.2040 0.0139
v -0.6260 0.3738 -0.0600
v 0.7113 0.6519 -0.0990
v -0.7708 0.4875 -0.7001
v 0.4398 -0.5699 0.2456
v 0.7516 0.7876 -0.5426
v -0.6851 0.7253 -0.4633
v 0.3979 0.3641 -0.0759
v -0.2736 -0.5903 0.1256
v -0.4604 -0.3040 0.2513
v -0.3905 0.5671 0.1421
v -0.4100 -0.4830 0.0036
v 0.1842 0.4334 -0.1590
v 0.0937 0.5984 0.4987
v -0.2592 0.2630 0.3909
v 0.3669 -0.8650 0.1432
v -0.0598 0.8970 -0.0920
v 0.6562 0.5418 -0.3232
v -0.6918 0.6909 -0.5550
v -0.1110 0.8497 0.3064
v 0.0866 0.8859 0.1832
v -0.1631 0.8272 0.2889
v 0.0209 0.9060 0.1573
v -0.1115 -0.1157 0.3752
v -0.8260 0.4893 -0.2739
v -0.5308 -0.7782 0.1980
v -0.1560 0.1429 0.3963
v -0.0273 0.4907 -0.6110
v -0.3252 -0.2166 0.3417
v -0.0809 -0.2022 0.2593
v -0.7519 0.6391 -0.6988
v 0.0949 0.8252 -0.2000
v 0.4455 -0.4058 0.0936
v 0.5374 -0.9854 0.0738
v -0.0436 -0.2416 0.5036
v 0.7489 0.6141 -0.4284
v 0.4845 -0.9434 0.0990
v -0.2278 0.6517 0.4079
v 0.0066 -0.3548 0.5368
v -0.3028 -0.7655 0.1558
v 0.1757 0.5548 -0.1310
v 0.1807 0.1696 -0.0845
v -0.3443 -0.4708 0.1812
v 0.7303 0.8301 -0.3132
v -0.0941 0.8743 -0.2748
v 0.4926 0.5446 0.0685
v -0.3447 0.6083 -0.0713
v -0.4264 -0.2099 -0.0131
v 0.1522 0.5787 -0.3337
v -0.3023 0.6167 -0.1132
v -0.3460 0.6727 -0.0192
v 0.4074 -0.8980 0.0624
v -0.6312 0.3993 -0.0913
v -0.0639 -0.2121 0.1805
v -0.5172 -0.5433 0.2613
v 0.4226 -0.2894 0.2249
v 0.3124 0.3730 0.2613
v -0.5623 0.4371 -0.3032
v 0.4180 -0.4047 0.1714
v 0.0130 0.4463 -0.5478
v -0.0413 0.6557 -0.4348
v 0.6610 0.6749 -0.1119
v -0.3509 0.2790 0.1963
v -0.0352 0.5077 -0.6094
v -0.4088 0.5883 -0.0219
v -0.1540 0.7645 -0.1877
v -0.3641 0.5501 -0.0967
v 0.0524 0.0063 -0.0569
v 0.6393 0.3891 -0.0951
v 0.0023 0.7548 0.4497
v -0.5227 -0.2486 0.1569
v -0.6848 0.6551 -0.5143
v -0.1519 -0.2826 0.2228
v 0.4935 0.5053 -0.1238
v 0.2507 0.1132 0.1960
v 0.3435 0.3076 0.0316
v -0.2775 0.2132 -0.0117
v -0.7132 -0.9783 0.0658
v 0.3341 0.4535 0.2384
v 0.7314 0.4151 -0.1853
v -0.3209 0.3221 -0.0619
v -0.1950 0.8111 0.0128
v 0.2365 0.6890 0.3717
v -0.7705 0.6594 -0.6177
v -0.2088 0.2890 0.4405
v 0.1934 0.4873 -0.1515
v 0.2429 -0.7855 0.1702
v -0.8148 0.5974 -0.4577
v -0.8026 0.6312 -0.5964
v 0.7133 0.7040 -0.4402
v 0.1033 0.5369 -0.3187
v -0.1370 0.4474 -0.1748
v -0.4817 -0.7268 0.0832
v 0.4811 -0.9396 0.1857
v 0.6577 0.7037 -0.3220
v 0.5568 0.4228 -0.2478
v -0.4009 0.3837 -0.1222
v -0.3585 -0.2067 0.3338
v 0.1976 -0.8632 0.3008
v -0.4940 0.5904 -0.0179
v 0.2032 0.1151 0.3156
v -0.1199 -0.0699 -0.0159
v 0.1772 0.8046 0.0210
v -0.2739 0.1479 0.2309
v 0.5322 0.4657 -0.2370
v -0.3738 0.3627 0.1725
v 0.7120 0.8475 -0.4036
v -0.6987 0.4069 -0.3435
v -0.1453 0.8630 -0.0796
v -0.8266 0.6214 -0.5318
v 0.3476 0.3546 0.1906
v 0.2524 -0.8676 0.1769
v -0.7001 0.3912 -0.2881
v 0.2000 0.1933 -0.0856
v -0.3448 -0.0608 0.1073
v -0.3628 -0.4273 0.0197
v 0.8241 0.6216 -0.3748
v -0.1834 0.8168 0.2712
v 0.6529 0.3761 -0.1296
v -0.0235 0.3918 -0.4138
v -0.5224 -0.2345 0.1367
v -0.1640 0.5742 -0.2890
v 0.1074 0.8755 0.0446
v 0.2942 -0.4664 0.0065
v 0.8127 0.5443 -0.2537
v 0.4883 -0.9904 0.1522
v -0.2382 0.9520 -0.4094
v -0.0009 0.4952 0.5076
v 0.3170 -0.1462 0.0159
v 0.3556 0.3336 -0.0418
v 0.0748 0.4815 -0.3402
v 0.0109 -0.0241 -0.0756
v -0.1013 0.1624 -0.0936
v -0.0767 -0.1521 0.0017
v -0.6802 -0.9552 -0.0626
v 0.3965 -0.5041 0.2260
v -0.0167 0.0794 -0.0932
v 0.2404 0.7278 -0.0348
v 0.4167 -0.4701 0.1791
v 0.3564 0.3435 -0.0548
v -0.7627 0.4295 -0.3256
v 0.3601 0.3171 0.1053
v -0.1110 0.8781 -0.0582
v -0.1176 -0.2027 0.0748
v 0.0011 0.6761 0.4888
v 0.0270 0.8387 -0.2033
v 0.1957 0.6889 0.4003
v -0.6565 0.3817 -0.2800
v -0.0975 0.7211 0.4475
v 0.2956 0.4624 -0.0977
v -0.4802 -0.8237 0.1206
v 0.1522 0.5854 0.4788
v 0.0772 0.7787 -0.3226
v 0.6222 0.4458 -0.3059
v -0.6911 -0.9891 -0.0672
v 0.4606 -0.9455 0.2171
v 0.7148 0.5256 -0.0251
v 0.6385 0.5073 -0.3380
v 0.2896 -0.8426 0.1776
v 0.3797 -0.9633 -0.0740
v -0.4144 0.3357 0.0685
v -0.4752 -0.6831 0.0609
v -0.5419 -0.6813 0.1830
v 0.2471 0.9893 -0.3512
v -0.0128 0.7607 -0.3565
v -0.5532 -0.5348 0.1803
v 0.1214 0.3458 -0.1913
v 0.3715 0.4991 -0.0736
v 0.4326 -0.4052 0.1539
v -0.3768 0.3898 0.2085
v 0.2664 -0.0807 0.2734
v 0.7856 0.7350 -0.4703
v -0.2354 0.1994 -0.0763
v -0.3960 0.4717 0.1820
v -0.1871 -0.0680 0.0057
v -0.2477 0.9949 -0.3510
v 0.4237 -0.9831 0.0072
v 0.5062 -0.9843 0.1439
v 0.6730 0.7930 -0.3846
v -0.4632 -0.1267 0.1384
v 0.5291 0.6183 -0.1913
v -0.3930 0.6186 0.0966
v -0.0152 0.1214 0.4243
v -0.6433 -0.8983 0.1437
v -0.2597 -0.3222 0.0358
v 0.3002 0.6913 0.1235
v -0.2391 0.6412 -0.1713
v 0.6866 0.7227 -0.2083
v 0.0321 0.8193 -0.2565
v 0.1809 0.2812 0.4146
v 0.0170 -0.2205 0.1788
v -0.4949 0.5567 0.0757
v 0.6855 0.8596 -0.4361
v 0.6612 0.4302 -0.2959
v -0.0228 0.5802 -0.5046
v 0.1216 0.2268 0.4125
v -0.7459 0.7574 -0.4865
v -0.2929 -0.0241 0.0606
v -0.2651 0.1051 0.1421
v -0.0739 0.8376 0.3289
v -0.1005 0.0820 0.4199
v -0.5640 0.4924 0.0400
v -0.2460 0.0889 0.3129
v -0.2350 0.9946 -0.3893
v 0.0618 0.4598 -0.4941
v 0.0667 0.0446 -0.0719
v 0.0278 0.4410 -0.4617
v -0.1307 0.8787 0.0280
v -0.6331 0.6265 -0.4200
v -0.0957 0.8884 0.0573
v -0.5359 0.3570 0.0183
v 0.5311 0.5303 0.0544
v -0.2755 0.2103 0.2267
v 0.2249 0.4885 -0.1352
v 0.4804 -0.9576 0.1876
v 0.0542 0.4529 -0.4058
v -0.6348 -0.9433 0.1779
v -0.5390 -0.5832 0.2431
v 0.2235 -0.4979 0.2173
v -0.1060 0.5079 -0.2582
v -0.1028 -0.0969 -0.0141
v 0.1771 -0.7646 0.2518
v -0.4944 -0.8689 0.2656
v -0.6406 0.8258 -0.5915
v -0.0669 0.7352 -0.3805
v 0.4629 -0.9805 0.0434
v -0.4265 -0.0759 0.1873
v 0.1857 -0.1980 0.0010
v -0.1348 0.0735 0.4115
v -0.3190 -0.7247 0.1008
v -0.3118 -0.6991 0.2506
v -0.3425 0.6165 0.2811
v -0.0605 -0.1769 -0.0081
v 0.2970 -0.5687 0.0420
v -0.0491 0.4008 -0.4047
v -0.1807 0.8191 -0.2476
v -0.2928 -0.2052 -0.0158
v -0.3295 0.7102 0.1700
v -0.3442 -0.1614 -0.0125
v 0.4102 -0.6925 0.1518
v 0.6562 0.9010 -0.4380
v 0.0943 0.6713 -0.4153
v -0.1739 0.4616 -0.1694
v -0.8326 0.5511 -0.5029
v -0.3225 -0.9555 0.3262
v -0.2752 -0.1961 -0.0053
v 0.0224 0.0777 -0.0906
v -0.1128 0.5120 -0.4391
v 0.0168 0.4660 -0.5744
v -0.2211 0.7810 -0.0029
v -0.3027 0.6548 -0.0487
v 0.2400 0.7218 -0.0468
v 0.3246 -0.4620 -0.0033
v 0.3290 0.6536 0.2010
v 0.0905 0.4812 -0.5545
v -0.3315 -0.6349 0.0397
v -0.3143 0.2998 -0.0435
v 0.5262 0.3744 0.0927
v -0.0042 -0.1938 0.1501
v -0.4854 -0.9751 -0.0195
v -0.2153 0.8233 0.1947
v -0.8176 0.5903 -0.3582
v -0.4313 0.5608 -0.1316
v -0.5859 0.6184 -0.1649
v 0.2259 -0.1119 0.0140
v -0.3757 0.4496 0.2676
v -0.3937 0.5274 0.2497
v 0.3018 -0.7581 0.3981
v 0.2484 -0.2980 -0.0236
v -0.0062 0.4682 -0.5776
v 0.3683 0.5453 -0.0383
v -0.5725 -0.9202 0.0131
v -0.1440 0.3137 0.4733
v 0.3696 -0.9418 0.0523
v -0.3105 0.2923 -0.0668
v -0.0468 0.7837 -0.3251
v -0.1634 0.8235 0.3121
v -0.5388 -0.4447 -0.0213
v 0.1160 0.1500 -0.0747
v 0.3008 -0.9730 0.3693
v 0.3564 -0.7952 0.3638
v 0.0691 0.3542 0.4894
v -0.2362 0.6573 -0.1526
v -0.6935 0.6799 -0.6730
v 0.0863 0.6569 0.4745
v 0.5794 0.5686 -0.0448
v -0.5119 0.5641 -0.1829
v -0.5136 0.5590 -0.2170
v 0.0569 -0.0306 0.4036
v -0.5617 -0.5826 0.0860
v -0.4098 -0.7129 0.0568
v 0.2648 -0.8966 0.1175
v -0.5424 -0.8552 0.1223
v 0.3628 -0.1179 0.2412
v 0.0604 0.6164 -0.4427
v -0.7031 0.8134 -0.5605
v 0.5058 0.4111 0.1250
v -0.5243 0.4548 -0.2875
v -0.5865 0.5837 -0.1139
v 0.4147 -0.2927 0.0112
v 0.1298 0.7695 -0.3024
v 0.1758 0.6248 -0.2352
v -0.1271 0.8615 -0.0602
v -0.1166 -0.1707 0.3144
v -0.1129 0.6964 -0.3721
v 0.2445 -0.9498 0.1227
v -0.0463 0.7058 -0.4040
v -0.3236 -0.5796 0.2544
v 0.1280 0.5548 -0.3538
v -0.5718 -0.9816 0.0217
v -0.3214 -0.4558 0.1565
v -0.0248 -0.0217 -0.0749
v -0.3917 -0.9755 0.1217
v 0.6424 0.7166 -0.2487
v -0.6174 -0.9709 -0.0415
v 0.6421 0.7099 -0.1641
v 0.6329 0.4307 -0.2912
v 0.7986 0.7007 -0.2821
v 0.4791 -0.9794 0.1716
v 0.3715 0.5646 0.1708
v -0.2579 -0.2727 0.3235
v -0.0987 0.6463 -0.4277
v 0.2229 -0.8762 0.2035
v 0.1040 -0.2308 0.2938
v 0.3859 -0.2580 -0.0041
v 0.2956 0.9748 -0.3402
v -0.2815 0.0325 0.2800
v -0.7048 0.6218 -0.7132
v -0.7962 0.5888 -0.4125
v -0.7878 0.5907 -0.6562
v 0.3902 -0.4185 -0.0071
v -0.3375 0.6419 -0.0223
v 0.0442 -0.1210 0.3809
v -0.8239 0.5971 -0.5827
v 0.4311 0.5723 0.0914
v -0.3341 0.4993 0.3662
v -0.6213 0.3853 -0.1028
v 0.7214 0.7290 -0.2278
v 0.1156 0.7363 -0.3496
v -0.0407 -0.3746 0.7472
v -0.7395 0.5927 -0.6519
v 0.2398 0.0399 0.1508
v -0.0435 -0.3644 0.5432
v 0.7721 0.6607 -0.5066
v -0.2489 0.7750 0.2710
v 0.5924 0.3762 -0.1640
v 0.4901 0.3428 0.0894
v -0.1179 0.8112 -0.1641
v 0.2200 0.9743 -0.3536
v -0.4080 0.4748 0.1681
v -0.1931 0.2467 0.3982
v 0.1061 -0.2442 0.2695
v -0.0263 0.5836 -0.4814
v -0.2022 -0.3528 0.2098
v 0.0986 0.5000 -0.3642
v 0.2721 -0.9579 0.4078
v -0.5407 -0.5087 0.2033
v 0.5762 0.4814 0.0668
v 0.1068 0.7049 0.4531
v 0.7240 0.6412 -0.4120
v -0.0818 0.8573 -0.2626
v -0.7816 0.6595 -0.2551
v -0.6560 0.7160 -0.7066
v 0.2972 -0.2914 0.3090
v -0.4317 -0.7509 0.0766
v 0.5517 0.6356 -0.1512
v -0.7930 0.7104 -0.5502
v 0.2886 0.2441 0.1559
v 0.3107 -0.0590 0.1989
v -0.2776 0.9985 -0.3807
v 0.1591 0.8508 -0.3895
v -0.3094 -0.1501 -0.0016
v 0.8070 0.6869 -0.3120
v -0.0178 0.0441 -0.0885
v 0.3896 0.3110 0.0887
v -0.3520 -0.7927 0.2911
v -0.5986 -0.9324 0.1949
v -0.1704 0.6373 0.4606
v 0.3798 -0.7339 0.1533
v 0.6629 0.7619 -0.2583
v 0.5088 0.5551 -0.1521
v 0.5322 0.5662 -0.0871
v 0.0886 -0.2571 0.2017
v 0.1805 0.7222 -0.0717
v -0.0430 0.7419 -0.3630
v 0.7315 0.8435 -0.3934
v -0.4982 -0.4532 -0.0295
v -0.7708 0.5100 -0.7212
v 0.0735 0.8544 0.2953
v -0.6468 0.6478 -0.4319
v 0.4679 -0.9942 -0.0373
v -0.4845 -0.7706 0.0990
v 0.3270 -0.3413 0.2764
v -0.2823 -0.6884 0.1259
v 0.7083 0.5997 -0.3716
v -0.2168 0.9755 -0.3074
v 0.2628 -0.1654 0.3288
v -0.2376 0.7447 0.0083
v -0.0161 -0.2374 0.5099
v 0.1608 0.0351 0.0239
v -0.1271 0.8672 -0.0799
v 0.1111 0.6504 -0.4220
v -0.3263 -0.5484 0.0388
v -0.3735 -0.0933 0.0609
v 0.6427 0.8982 -0.4301
v -0.0058 0.9075 0.0498
v -0.0625 -0.4116 0.7124
v -0.5455 0.6265 -0.2996
v -0.7048 0.6290 -0.7398
v 0.0383 0.9012 0.0487
v -0.6661 0.7299 -0.5261
v -0.2704 -0.1794 0.3400
v -0.0700 0.4477 -0.4890
v 0.7466 0.7198 -0.4872
v -0.2602 -0.2418 0.3289
v 0.2532 0.9748 -0.3038
v 0.2840 -0.1117 0.2793
v 0.4492 -0.3213 0.1782
v 0.2934 -0.7117 0.1242
v -0.0590 -0.1918 0.4297
v -0.0557 0.8884 -0.0507
v 0.0049 -0.1939 0.2042
v -0.1305 0.7884 -0.1856
v 0.3343 -0.2359 -0.0212
v -0.8085 0.5457 -0.6361
v 0.1818 0.0061 0.3212
v -0.7596 0.5509 -0.6496
v 0.0717 0.6025 -0.4291
v -0.2587 0.1802 -0.0069
v 0.7169 0.5862 -0.3688
v -0.2219 0.7772 0.3088
v -0.3293 -0.8689 0.2366
v -0.1041 0.5336 -0.2869
v -0.6698 0.6705 -0.2507
v -0.5357 -0.3460 0.1293
v 0.0116 -0.0637 0.4031
v -0.2955 0.6025 -0.1302
v -0.0070 0.3743 0.5114
v 0.0854 0.8215 -0.2614
v 0.5465 0.3406 0.0446
v 0.0494 0.5766 -0.4714
v 0.0345 0.4497 -0.2653
v 0.0701 0.2735 0.4414
v 0.0689 -0.1619 0.3448
v -0.6246 0.4793 -0.3759
v -0.5301 -0.3703 0.1247
v -0.0256 0.4369 -0.2750
v -0.0354 -0.0413 0.4007
v 0.4285 -0.5395 0.0893
v 0.7709 0.5818 -0.3556
v -0.2986 0.2723 -0.0785
v -0.0235 0.7236 -0.3891
v 0.5262 0.4930 -0.2143
v 0.4807 0.5538 0.0316
v -0.2005 0.1157 0.0020
v -0.1827 0.2544 0.4271
v 0.4410 -0.5533 0.1188
v 0.0449 0.4917 -0.6070
v 0.7907 0.4919 -0.0989
v -0.1804 0.5538 -0.1801
v 0.4424 -0.9686 0.2288
v -0.4473 0.4446 0.1436
v -0.2719 -0.4147 0.1651
v -0.5761 -0.9826 -0.1220
v 0.6680 0.3950 -0.0876
v 0.1211 0.5730 -0.3631
v 0.0816 0.4682 -0.5564
v 0.1750 -0.3491 0.0726
v -0.5049 -0.5582 0.0169
v 0.6897 0.6013 -0.3568
v -0.6594 -0.9702 0.0063
v 0.0316 -0.1061 -0.0283
v -0.6333 0.3919 -0.1808
v -0.1483 0.8349 -0.3201
v 0.6498 0.6137 -0.0651
v 0.5345 0.3185 -0.0059
v -0.3354 0.3027 0.2667
v -0.2409 0.2395 -0.1305
v -0.0037 0.5210 0.5133
v -0.7971 0.4939 -0.5226
v -0.4045 -0.6520 0.3044
v -0.4847 0.5177 -0.1888
v -0.2375 -0.3806 0.1814
v 0.1689 0.8414 0.1928
v -0.2467 0.7558 -0.0210
v -0.4825 -0.6715 0.0530
v 0.3830 -0.2652 0.2725
v -0.6741 0.6988 -0.5340
v 0.4178 -0.7164 0.2290
v 0.1147 0.7222 0.4260
v -0.2010 -0.2727 0.2938
v 0.2013 -0.7787 0.3595
v 0.1861 -0.7124 0.3159
v 0.3039 -0.0453 0.1521
v 0.2403 0.2276 0.2963
v 0.2274 -0.6139 0.3334
v 0.3016 -0.8990 0.0531
v 0.2819 -0.3783 0.2791
v -0.0704 -0.3043 0.6665
v -0.8100 0.5655 -0.2120
v 0.6437 0.7691 -0.3215
v 0.5884 0.3881 0.0655
v -0.0830 -0.3282 0.6911
v -0.7718 0.7221 -0.5859
v 0.1533 0.5602 -0.3044
v 0.3372 -0.7464 0.1376
v 0.1715 0.6271 -0.2569
v 0.3365 -0.4352 -0.0165
v -0.2182 0.7092 0.3719
v 0.1298 0.7114 0.4280
v -0.5545 -0.6233 0.1987
v 0.1671 0.5962 -0.2636
v -0.3840 -0.3878 0.2419
v 0.4400 -0.6328 0.2256
v 0.6552 0.5306 -0.3628
v 0.6483 0.8940 -0.4364
v 0.1632 0.6139 -0.2231
v 0.7607 0.6401 -0.4761
v -0.0854 -0.1796 0.0351
v -0.3131 -0.1916 0.3385
v -0.4278 0.5881 0.0201
v -0.7981 0.4702 -0.2924
v -0.1587 0.8520 -0.0344
v -0.1147 0.5284 -0.3473
v 0.5288 0.5951 -0.1491
v -0.7710 0.6876 -0.4083
v -0.5491 -0.8832 0.0434
v -0.2516 0.9861 -0.3391
v -0.0983 0.8296 -0.3490
v 0.5852 0.6835 -0.2431
v -0.1075 0.8325 -0.1922
v -0.5301 -0.5600 0.0348
v -0.5470 0.3574 -0.1623
v -0.3241 0.2986 0.2908
v -0.0809 0.4835 -0.4853
v 0.0560 0.8167 -0.2577
v 0.7546 0.7004 -0.4942
v -0.2297 -0.2602 0.3125
v 0.2277 0.1684 0.2897
v -0.1772 0.8247 0.0388
v -0.2735 -0.3133 0.3027
v -0.4080 -0.9381 0.3365
v 0.2671 -0.9308 0.4077
v 0.2703 -0.0587 0.2484
v 0.3739 0.3075 0.0523
v -0.3209 0.2464 0.1176
v -0.1797 0.8961 -0.2537
v -0.4239 -0.0760 0.2121
v 0.0101 0.0899 0.4328
v 0.0843 0.5032 -0.2521
v 0.4561 -0.9045 0.1518
v -0.1772 0.7633 -0.0972
v 0.8068 0.7480 -0.4396
v -0.6162 0.6657 -0.2516
v -0.1947 0.9835 -0.3201
v -0.0345 0.4706 -0.5887
v -0.3572 0.2857 0.1339
v 0.2480 -0.3392 0.2967
v 0.4436 0.5416 0.1429
v -0.4785 0.5802 -0.1285
v -0.2794 0.9408 -0.3596
v -0.0410 0.3749 -0.1529
v 0.3605 -0.7577 0.3668
v 0.2027 -0.3450 0.0154
v -0.7171 0.6925 -0.3935
v -0.7439 0.4195 -0.3066
v 0.2829 0.2816 -0.0472
v 0.4295 -0.6159 0.1149
v 0.4479 -0.2291 0.1443
v 0.2267 -0.7513 0.3719
v 0.1923 0.6652 0.4244
v -0.1023 0.0337 -0.0655
v 0.1129 0.6107 0.4842
v 0.1176 -0.2878 0.2179
v -0.4202 -0.9927 0.1143
v 0.1483 -0.2474 0.2866
v 0.3673 -0.2434 0.2895
v -0.2893 -0.5545 0.1778
v -0.4284 0.5660 -0.1119
v -0.5361 -0.5303 0.2306
v -0.5888 -0.9721 -0.0084
v -0.2291 -0.2249 0.3319
v 0.5561 0.4978 -0.2087
v -0.3364 0.6867 -0.0136
v 0.0758 0.2009 0.4173
v -0.0787 -0.3035 0.4769
v -0.2736 0.0658 0.1135
v 0.3317 0.6122 0.2514
v 0.2924 -0.0372 0.1564
v -0.4041 0.3926 0.1558
v -0.3495 0.4568 -0.1247
v 0.0600 0.5999 -0.4415
v 0.4073 -0.1345 0.1870
v 0.4154 -0.2450 0.0285
v 0.0099 0.4021 -0.3794
v 0.7785 0.7238 -0.4803
v 0.6937 0.7817 -0.5725
v -0.4959 -0.3343 -0.0101
v -0.4164 -0.5002 -0.0032
v 0.2551 -0.2186 -0.0210
v -0.4367 -0.9266 0.0340
v -0.5129 0.3744 0.0853
v 0.0385 0.5058 -0.6359
v -0.6804 0.7483 -0.4945
v -0.6827 0.6122 -0.1551
v -0.5566 -0.4788 0.0693
v -0.6324 -0.9397 0.0572
v -0.5538 -0.4374 0.0522
v -0.0273 0.8342 -0.2567
v 0.3300 0.4283 0.2435
v 0.3567 -0.1140 0.0654
v -0.2946 -0.1434 0.3362
v -0.0580 0.4594 -0.2744
v -0.3882 0.6355 0.0774
v 0.0114 0.8812 -0.1099
v 0.2671 -0.8096 0.1903
v -0.3047 0.6884 0.2987
v -0.5710 0.4457 0.0408
v 0.1721 0.0186 0.0292
v 0.2069 0.2801 0.3921
v -0.3749 -0.4464 0.0183
v -0.1766 0.1367 -0.0346
v 0.0781 0.8813 -0.0213
v 0.0293 0.8817 -0.1066
v -0.6561 0.6160 -0.4534
v 0.6630 0.7272 -0.2074
v -0.8008 0.6684 -0.5748
v -0.1753 0.6025 -0.3302
v -0.0891 0.4848 -0.4714
v -0.0073 -0.3185 0.4367
v 0.6708 0.7246 -0.2247
v 0.2221 0.3091 0.3975
v 0.3116 0.4125 0.3076
v -0.7438 0.7222 -0.6361
v -0.5657 0.3993 -0.2088
v 0.1117 0.8400 -0.0938
v 0.2183 -0.5008 0.1949
v -0.2950 -0.5524 0.0783
v -0.2944 -0.9602 0.2722
v -0.0695 -0.1820 0.0052
v -0.0861 -0.2293 0.1560
v -0.3962 -0.9446 0.1044
v -0.0962 0.7312 -0.3773
v -0.6473 0.4903 -0.0304
v 0.3355 0.3011 0.0717
v -0.7254 0.6341 -0.6861
v -0.1395 0.5274 -0.2102
v -0.3376 0.3432 -0.0710
v -0.5012 -0.5297 0.0069
v -0.0459 0.2132 -0.1246
v -0.1487 0.7812 -0.1550
v -0.6288 -0.9355 0.0489
v -0.5301 0.4374 -0.2813
v 0.1494 0.7182 -0.3073
v -0.5584 -0.8661 0.0967
v -0.4555 0.3215 -0.0200
v 0.1127 -0.0322 0.3797
v 0.6232 0.4811 -0.3149
v 0.0829 0.4965 -0.2892
v 0.1289 0.4001 -0.1757
v 0.5967 0.4143 0.0229
v -0.7453 0.5201 -0.6384
v -0.1131 0.8866 -0.0779
v 0.1762 -0.1648 0.3411
v -0.1436 0.7498 -0.3130
v -0.8205 0.6217 -0.5105
v -0.5697 0.6541 -0.2811
v -0.1181 0.0475 0.4129
v -0.1812 0.2766 0.4473
v -0.3782 0.4375 0.2336
v 0.2640 0.4717 -0.1069
v 0.7865 0.7780 -0.4463
v 0.1450 0.3099 0.4528
v 0.4414 0.5561 0.1231
v 0.1017 0.8664 -0.3037
v 0.3511 0.3784 0.2082
v -0.1738 0.7530 -0.1393
v 0.4215 0.5751 0.0647
v -0.6219 -0.9863 0.0513
v 0.2149 -0.4042 0.0461
v -0.1262 0.8911 -0.3854
v -0.4348 -0.4898 0.2552
v 0.2329 0.2381 0.3618
v -0.0767 0.4506 -0.4884
v -0.1056 0.3003 -0.1985
v 0.1605 0.8382 -0.3853
v -0.0754 0.6871 -0.3990
v 0.4339 -0.2758 0.2089
v 0.4543 -0.4716 0.0514
v 0.5680 0.6540 -0.1657
v 0.0949 0.4836 -0.4531
v 0.6829 0.3833 -0.1691
v 0.2351 0.1436 0.1358
v 0.0851 0.6992 0.4565
v -0.7824 0.7324 -0.4928
v 0.2389 -0.5280 0.2816
v 0.3237 0.4346 0.3039
v -0.3124 0.3752 0.3575
v -0.0579 0.1558 -0.1179
v 0.0427 -0.2275 0.4220
v -0.2975 0.6979 -0.0415
v -0.1479 0.7161 -0.3375
v 0.3985 -0.1230 0.1428
v 0.2043 0.0186 0.2993
v -0.0317 0.2362 -0.1393
v 0.1437 0.8151 -0.3846
v -0.1311 -0.2727 0.1790
v -0.3171 0.6929 -0.0039
v 0.3638 -0.4408 -0.0097
v 0.6643 0.8501 -0.4922
v 0.2102 0.1326 0.0602
v -0.6653 -0.9443 -0.0636
v 0.0559 0.4517 -0.4362
v 0.0722 0.6622 -0.4276
v 0.3514 -0.0738 0.1621
v 0.2414 -0.4531 0.2403
v 0.3408 -0.3192 -0.0363
v 0.1102 0.8833 0.1464
v 0.0329 -0.3182 0.5059
v 0.3694 -0.4911 -0.0119
v 0.2212 0.8009 0.1848
v 0.3883 0.3465 0.1609
v -0.4008 0.5025 0.2151
v 0.1842 -0.5719 0.2448
v 0.3677 -0.9419 -0.0446
v 0.4503 -0.8921 0.1644
v -0.0284 -0.0715 -0.0626
v 0.1891 0.2580 0.4106
v -0.0819 -0.1199 -0.0304
v 0.1888 0.0885 0.0540
v -0.3643 0.5116 -0.1165
v 0.1425 0.8368 -0.0595
v -0.8303 0.5501 -0.5838
v 0.7348 0.6507 -0.4487
v -0.0773 0.7183 0.4515
v -0.1510 0.5749 -0.3695
v 0.7035 0.4350 -0.2772
v 0.3120 0.6667 0.2498
v -0.3283 0.4080 0.3465
v -0.3275 0.4153 -0.1230
v 0.5445 0.6225 -0.2020
v -0.0454 0.4494 -0.5331
v -0.3279 0.7045 0.1387
v 0.7807 0.7779 -0.3822
v -0.4444 -0.1753 0.2791
v -0.1143 0.5868 -0.3956
v -0.4237 0.4583 0.1577
v -0.4283 -0.7315 0.0615
v 0.6248 0.4573 0.0016
v -0.3762 -0.5752 0.2835
v -0.4821 -0.3109 0.2270
v 0.6756 0.8841 -0.4837
v 0.4156 0.5135 -0.0844
v -0.7653 0.4758 -0.4291
v -0.5997 0.4202 -0.3343
v 0.0789 0.6843 -0.3841
v -0.3312 0.6233 0.3011
v 0.0252 0.4714 0.5199
v 0.0329 0.4348 -0.5305
v 0.1262 0.5669 -0.2263
v 0.4376 -0.5299 0.1489
v -0.5317 -0.8362 0.1663
v 0.1960 -0.8240 0.3147
v 0.6820 0.6392 -0.0876
v 0.2265 -0.1347 0.3195
v 0.2600 -0.8292 0.1997
v 0.2062 0.5894 0.4448
v 0.2971 -0.9298 0.0345
v -0.5454 -0.9421 -0.0914
v 0.0542 0.8336 -0.1841
v 0.2676 0.7403 0.2508
v -0.4485 -0.5445 -0.0055
v 0.1922 -0.8813 0.2638
v -0.6824 0.4494 -0.1344
v 0.2421 0.4564 0.4105
v 0.1028 0.5207 -0.2124
v -0.2951 -0.9642 0.2604
v -0.4380 -0.8072 0.0998
v -0.5272 -0.8679 0.0627
v 0.3775 0.4714 0.2083
v -0.6490 0.6336 -0.4391
v 0.5118 0.4027 -0.1437
v -0.7791 0.4949 -0.4822
v -0.0112 -0.2254 0.4917
v -0.2590 0.4384 0.4400
v -0.8123 0.5436 -0.3929
v -0.6916 0.6920 -0.4141
v 0.3699 -0.3226 -0.0330
v -0.0672 -0.4405 0.7618
v 0.3162 0.6079 0.2939
v 0.6658 0.4576 -0.0413
v -0.5684 0.4584 -0.3000
v 0.1059 0.8678 0.0693
v -0.0445 0.9110 0.0845
v -0.3158 0.3217 0.3171
v -0.1094 0.4867 -0.2167
v -0.5601 -0.9617 -0.0337
v -0.0981 0.4643 -0.1953
v 0.3796 -0.1307 0.2445
v -0.0485 0.3960 -0.1687
v -0.5034 0.5539 -0.2528
v 0.0780 -0.0885 0.3671
v -0.6624 0.6931 -0.6996
v -0.0649 0.8455 -0.2537
v -0.1968 0.5977 -0.2452
v -0.1980 0.7852 -0.2829
v 0.7674 0.8067 -0.3953
v -0.0345 -0.2061 0.0135
v -0.0490 -0.2893 0.4047
v 0.2223 0.6457 0.3977
v -0.3186 -0.4487 0.1730
v -0.5843 0.6378 -0.2056
v -0.5353 0.3459 -0.0703
v 0.0595 -0.2299 0.2608
v 0.0415 -0.0309 -0.0612
v -0.4164 -0.9791 0.0745
v -0.0003 0.5304 -0.6108
v -0.3196 -0.2354 0.3399
v -0.0582 0.4435 -0.1978
v 0.0024 0.7365 -0.3642
v 0.3076 -0.2481 -0.0282
v -0.4397 -0.3134 -0.0287
v 0.5694 0.3673 -0.1470
v -0.5392 -0.4875 0.0322
v 0.7430 0.7015 -0.4857
v -0.0545 0.4627 -0.5479
v -0.5161 0.3551 -0.1328
v 0.1598 -0.2422 0.0122
v 0.3751 -0.8284 0.2295
v 0.1062 0.5323 -0.3575
v -0.1626 0.7334 -0.2808
v 0.4391 -0.6064 0.1578
v 0.4276 -0.3285 0.0120
v -0.2158 0.8069 -0.2886
v 0.3186 0.6413 0.2707
v 0.1084 0.8570 -0.0394
v -0.2674 0.0564 0.2712
v -0.8192 0.5173 -0.6010
v 0.0720 0.5909 -0.4185
v -0.6119 0.5614 -0.0847
v -0.0335 -0.1556 -0.0232
v -0.1138 -0.2361 0.2443
v 0.4345 -0.2406 0.1895
v -0.7792 0.5126 -0.1669
v -0.3129 -0.8989 0.2675
v -0.7807 0.4993 -0.7139
v -0.0207 0.9139 0.1544
v 0.1236 0.8261 0.3035
v -0.1462 0.5584 -0.3696
v 0.3272 0.5124 0.3142
v -0.7755 0.4898 -0.6090
v -0.0294 -0.3621 0.5798
v 0.3026 0.6548 -0.0021
v -0.5147 0.4696 -0.2666
v 0.3066 0.6171 0.0211
v -0.1118 0.9079 -0.3005
v -0.3639 0.6659 0.1692
v 0.6752 0.7929 -0.2683
v 0.4377 -0.2075 0.1782
v -0.6216 0.5765 -0.1138
v 0.6629 0.5995 -0.3322
v -0.8219 0.6155 -0.5761
v 0.3852 -0.5608 0.0416
v -0.1795 -0.1413 0.3473
v -0.0931 0.5352 -0.5170
v 0.0191 0.8187 -0.2813
v -0.4124 -0.8439 0.1160
v -0.2422 0.8002 0.2304
v -0.0188 0.5045 -0.6414
v 0.0542 0.8822 -0.0179
v -0.7481 0.7688 -0.5031
v -0.4775 -0.3505 0.2160
v -0.1408 0.8197 -0.3313
v -0.7376 0.6061 -0.7356
v 0.0716 0.7359 -0.3649
v -0.3966 -0.5536 0.0073
v -0.2365 -0.3905 0.1381
v -0.5446 -0.5594 0.2261
v 0.1813 0.7579 -0.2615
v -0.5424 0.3602 -0.0062
v 0.3840 -0.5899 0.0499
v -0.3138 -0.3718 0.2680
v 0.0225 0.7421 -0.3562
v 0.0801 0.4705 -0.3936
v 0.3586 -0.4760 0.2466
v 0.7351 0.7082 -0.2010
v 0.1392 0.5513 -0.3245
v 0.5195 0.5574 -0.1249
v 0.3348 0.5303 0.2853
v -0.6025 0.6467 -0.4170
v 0.6424 0.3724 -0.2012
v 0.0037 0.3170 -0.1625
v 0.3680 -0.4132 0.2323
v 0.5003 0.3638 0.1054
v 0.8191 0.6372 -0.3258
v -0.0836 0.4731 -0.4080
v -0.0842 0.6973 -0.3893
v 0.3364 0.5731 0.2599
v -0.0035 0.4312 -0.4704
v -0.6471 0.4565 -0.0273
v 0.7709 0.8092 -0.3584
v -0.7097 0.6924 -0.3022
v 0.6882 0.8003 -0.5620
v -0.3903 -0.7895 0.3076
v -0.0688 -0.3816 0.7548
v 0.2398 0.2590 0.3631
v 0.3287 0.5259 -0.0666
v -0.5440 0.6227 -0.2854
v -0.6464 0.3797 -0.2967
v 0.2735 0.2489 0.3234
v -0.5552 -0.8688 0.0617
v -0.8363 0.5500 -0.2735
v 0.5438 0.5242 -0.1919
v -0.1725 -0.2011 0.0330
v -0.6784 0.7736 -0.5845
v 0.0779 -0.0232 0.3995
v -0.7151 0.7602 -0.5773
v 0.0572 0.7625 -0.3398
v -0.7950 0.7083 -0.5060
v -0.0623 0.8601 -0.1144
v 0.0944 0.8308 -0.2705
v -0.0132 0.7830 -0.3170
v -0.6365 0.5034 -0.0650
v -0.4270 -0.9185 0.0670
v 0.3803 -0.9484 0.0396
v -0.3075 0.7037 0.0144
v 0.0774 0.8659 -0.1005
v 0.2742 0.7187 0.2523
v -0.4095 -0.8585 0.1163
v 0.7607 0.7655 -0.5248
v 0.2192 -0.8868 0.3970
v -0.5708 0.6460 -0.2564
v 0.8173 0.6191 -0.3526
v -0.7959 0.7038 -0.5345
v 0.1273 0.5622 -0.2941
v 0.4404 -0.5497 0.1350
v 0.6925 0.5810 -0.0279
v -0.3759 -0.1003 0.2954
v -0.1033 0.5051 -0.2406
v -0.3429 0.4159 -0.1191
v 0.6438 0.3782 -0.1217
v 0.7235 0.6977 -0.1566
v -0.3388 0.2868 0.0664
v -0.0021 0.8634 -0.1142
v -0.4867 -0.9871 0.0022
v 0.8210 0.6827 -0.4915
v 0.2392 0.2189 0.2841
v 0.1372 0.0130 0.0076
v -0.0255 0.4737 0.5210
v -0.0887 -0.1487 0.3649
v -0.5761 -0.9575 -0.0046
v -0.2140 0.7516 0.3377
v 0.2609 -0.8846 0.1439
v 0.3334 -0.4233 0.2539
v 0.0212 0.9074 0.0948
v 0.1078 0.5069 -0.4895
v 0.0236 -0.2050 0.2733
v -0.6733 0.6909 -0.7079
v -0.3697 0.5999 0.0133
v -0.0906 0.6109 -0.4309
v -0.6824 -0.9682 -0.0774
v 0.6791 0.8339 -0.4848
v -0.1577 0.1706 0.4159
v -0.3986 -0.0704 0.1268
v 0.3046 0.4850 -0.0920
v 0.3020 -0.0590 0.1025
v -0.3503 0.3171 0.2226
v 0.7134 0.7248 -0.4523
v -0.2824 0.9450 -0.3562
v 0.8291 0.5688 -0.2005
v 0.0598 0.2926 0.4528
v -0.3954 0.5922 0.1633
v -0.1661 0.0448 -0.0066
v 0.0750 0.4622 -0.5375
v 0.6935 0.5201 -0.0203
v 0.7534 0.4591 -0.2433
v -0.2325 0.4750 0.4600
v 0.4023 -0.7510 0.3144
v -0.2857 -0.7073 0.1924
v -0.6758 0.6962 -0.3818
v -0.5769 0.4017 -0.2960
v 0.3242 0.4123 0.2530
v -0.2236 -0.3676 0.1806
v 0.2988 -0.9862 0.1024
v 0.4183 -0.6712 0.1913
v -0.1970 -0.2445 0.0261
v 0.1851 -0.4201 0.1920
v 0.0061 -0.3106 0.4340
v -0.0240 0.5321 -0.5815
v -0.4884 0.3907 -0.1794
v 0.0708 -0.0797 -0.0163
v -0.2400 0.6809 0.3706
v -0.6232 -0.9284 0.0591
v -0.5926 0.5910 -0.1347
v -0.1624 0.8532 -0.3186
v -0.7772 0.5554 -0.1660
v 0.2110 0.9760 -0.3278
v -0.0508 -0.3641 0.7472
v 0.0391 0.4396 -0.5499
v 0.2646 -0.6505 0.0885
v 0.2617 -0.5721 0.0581
v -0.7151 0.7136 -0.4211
v 0.4543 -0.3470 0.1377
v -0.2970 0.2583 0.2684
v -0.0310 0.3955 0.5062
v 0.0115 0.6075 -0.4706
v -0.1725 0.0052 0.3734
v -0.4555 -0.1140 0.2113
v -0.1210 0.5272 -0.2315
v -0.2214 -0.3706 0.1397
v 0.2904 -0.8180 0.3847
v -0.1472 0.8506 -0.0967
v -0.3851 0.6404 0.1115
v 0.6442 0.7360 -0.2962
v 0.4866 -0.9423 0.1607
v -0.7214 0.6660 -0.6622
v 0.0977 0.2571 -0.1839
v 0.2860 0.3066 0.3066
v -0.1757 0.0845 -0.0015
v -0.7553 0.4296 -0.2690
v 0.2660 0.5941 -0.1318
v 0.4174 -0.8944 0.1397
v -0.3283 -0.9319 0.3353
v -0.2130 0.4519 -0.1577
v 0.2230 -0.1637 0.3235
v -0.1989 0.7328 -0.1046
v 0.3182 0.6264 0.2543
v 0.1754 0.7083 -0.1090
v 0.8173 0.5999 -0.2124
v -0.7609 0.5281 -0.7052
v -0.2098 -0.2918 0.2906
v -0.0746 0.5024 -0.5752
v -0.1002 0.8243 0.3612
v 0.0131 0.2380 -0.1463
v 0.5244 0.5239 0.0743
v -0.4075 -0.0628 0.1965
v 0.4226 -0.9018 0.0525
v -0.3422 0.4947 -0.1265
v 0.4086 -0.7044 0.2007
v -0.2412 0.0672 0.0908
v 0.5479 0.4574 0.0880
v -0.0924 0.8879 0.2147
v 0.1822 0.3658 0.4493
v -0.4228 -0.1603 0.0249
v -0.1372 0.7904 -0.2049
v 0.2812 0.6358 -0.0053
v 0.4851 0.3538 0.1228
v 0.7834 0.7205 -0.4829
v -0.5176 -0.6181 0.0519
v 0.6010 0.5010 0.0392
v 0.2458 -0.8286 0.2064
v 0.1984 -0.8614 0.3356
v 0.6437 0.8755 -0.5285
v 0.7260 0.8427 -0.3733
v -0.3051 0.6381 0.3467
v 0.7239 0.6126 -0.0510
v -0.5161 0.5772 -0.2420
v -0.3960 -0.9881 0.3291
v -0.7963 0.6833 -0.4561
v 0.0077 -0.2585 0.3784
v 0.3569 -0.2878 -0.0269
v 0.4149 -0.7018 0.1739
v 0.3986 -0.7560 0.2145
v -0.1971 0.9842 -0.3710
v 0.0487 0.5426 -0.5382
v 0.2239 -0.1796 -0.0067
v 0.4661 0.3998 0.1590
v -0.5285 -0.5350 0.0284
v -0.5260 -0.8043 0.1869
v -0.6896 0.6598 -0.5634
v -0.0605 0.8844 -0.1057
v 0.3050 0.6985 0.2003
v -0.7614 0.6473 -0.6237
v 0.7190 0.7718 -0.4628
v -0.7750 0.5857 -0.6691
v -0.0643 0.8480 -0.2277
v 0.2021 0.1389 0.0345
v 0.2716 -0.9423 0.0460
v 0.2992 0.4275 0.3355
v -0.3108 -0.0110 0.2568
v -0.4862 -0.6342 0.0335
v 0.5936 0.6610 -0.2490
v 0.4424 -0.5890 0.1411
v -0.6106 0.6554 -0.2334
v -0.6258 0.3911 -0.1558
v 0.4149 -0.5034 -0.0112
v 0.0599 -0.1835 0.0332
v -0.0313 0.7908 -0.3112
v -0.3769 -0.4868 0.0246
v -0.0741 0.5290 -0.5543
v -0.1691 -0.3270 0.1747
v -0.2437 0.6664 0.3949
v -0.5287 -0.7732 0.2235
v -0.5012 -0.1824 0.1583
v 0.3440 0.5921 0.0090
v 0.1670 0.8070 0.3055
v 0.0746 0.4586 -0.3903
v 0.4040 0.3028 0.0508
v -0.3407 0.6748 0.2164
v 0.0833 0.6162 -0.4363
v -0.1589 0.7527 -0.2864
v -0.5134 -0.3436 0.1662
v 0.6629 0.8861 -0.5216
v 0.1317 0.7565 0.4086
v -0.7901 0.6832 -0.5947
v -0.8159 0.5003 -0.3557
v -0.7316 0.4118 -0.3214
v 0.2080 0.6655 -0.1449
v -0.1186 0.8136 -0.1848
v 0.0464 0.0781 -0.0845
v -0.3398 -0.8474 0.2725
v -0.5148 0.3449 -0.0818
v -0.3187 -0.4581 0.1249
v 0.0010 0.5810 0.5073
v -0.2734 0.7303 -0.0437
v -0.3285 -0.0521 0.0945
v 0.2567 -0.6745 0.0999
v 0.3718 0.4501 -0.0818
v 0.3160 0.5795 0.3044
v 0.3999 -0.8790 0.1205
v 0.3933 -0.6125 0.0677
v 0.2764 -0.4899 0.2652
v -0.3663 0.6136 0.0233
v 0.1214 0.8358 -0.3632
v -0.2540 0.6649 -0.0966
v -0.3847 0.5416 0.2270
v -0.0433 -0.1497 0.4182
v 0.2166 -0.6781 0.3497
v 0.2995 -0.5278 0.3143
v 0.0444 0.5789 -0.4815
v -0.0525 0.2554 -0.1719
v 0.8152 0.6490 -0.3138
v -0.3451 -0.4518 0.1924
v -0.2106 0.8015 -0.2830
v -0.6200 0.6453 -0.2005
v -0.2292 0.8220 0.1760
v 0.2293 0.6403 -0.1311
v -0.5236 0.5857 -0.2468
v 0.1014 0.8655 -0.0881
v 0.4750 -0.9842 -0.0424
v 0.3148 -0.8448 0.3706
v -0.3229 -0.8072 0.2557
v 0.2253 0.4031 0.4284
v -0.3295 -0.3938 0.2493
v 0.3818 -0.7815 0.1937
v 0.3780 -0.3653 -0.0308
v 0.1816 -0.0103 0.0233
v 0.2329 -0.3776 0.2688
v -0.0104 0.5870 -0.5023
v -0.5287 0.5698 -0.1631
v -0.6065 0.4487 -0.0018
v 0.1334 0.5446 -0.1848
v -0.4492 0.5755 -0.1147
v -0.4963 -0.2699 -0.0001
v 0.1306 0.3819 0.4750
v -0.5872 -0.9847 0.0239
v -0.3234 -0.9906 0.2896
v -0.1427 0.6711 0.4614
v 0.1494 -0.2172 0.3142
v 0.2315 -0.0462 0.0300
v 0.3832 -0.7658 0.3413
v -0.3231 -0.4754 0.1427
v 0.3106 -0.7490 0.1492
v 0.0060 -0.1243 0.4055
v -0.4266 -0.3940 0.2335
v -0.4563 0.3831 0.1232
v 0.3536 -0.9326 0.0361
v -0.5199 -0.4950 0.0133
v -0.8045 0.6784 -0.5516
v 0.2026 0.7230 -0.0681
v -0.6508 -0.9024 0.1308
v -0.5041 0.4794 0.1142
v 0.5925 0.6980 -0.2366
v -0.0737 -0.3492 0.7335
v -0.1402 0.7396 -0.3348
v -0.5405 -0.6733 0.2369
v -0.8199 0.5423 -0.6191
v 0.1139 0.7932 -0.1641
v 0.7583 0.6749 -0.5026
v -0.8107 0.5968 -0.6158
v 0.3335 0.6483 0.0966
v 0.2595 0.7053 -0.0149
v 0.2756 -0.1267 0.0153
v -0.3207 -0.8923 0.2181
v -0.1487 0.8611 -0.4036
v -0.0540 -0.3613 0.5565
v 0.0388 0.2097 0.4269
v -0.0202 -0.3573 0.7226
v -0.7966 0.6976 -0.4830
v 0.7478 0.4397 -0.2050
v 0.0510 0.4560 -0.4555
v -0.5208 -0.7490 0.1279
v 0.1523 0.8558 0.1515
v -0.5074 -0.6860 0.0799
v 0.6996 0.8732 -0.4934
v -0.0815 -0.3435 0.7205
v -0.1458 0.7686 -0.2121
v -0.4763 -0.1912 0.0421
v 0.3033 0.2464 0.2339
v 0.7370 0.8009 -0.4434
v -0.0127 -0.3245 0.6863
v -0.0490 0.7336 -0.3788
v 0.0377 0.7129 0.4704
v 0.2089 -0.8687 0.2377
v 0.7207 0.7715 -0.4806
v 0.1084 -0.1827 0.0159
v 0.2532 0.5218 -0.1342
v -0.2914 0.0419 0.2499
v -0.0292 0.8183 -0.2915
v -0.6453 0.6614 -0.4208
v -0.0492 -0.3561 0.5835
v 0.3773 0.3475 -0.0683
v -0.7565 0.6732 -0.2927
v 0.3669 -0.9739 -0.0161
v 0.3555 -0.6949 0.0949
v 0.0780 0.6234 0.4832
v 0.2835 0.6685 -0.0041
v -0.4139 0.5708 0.0793
v -0.0294 -0.3521 0.4843
v -0.4171 -0.5370 0.0074
v -0.5663 -0.9804 -0.1263
v 0.4441 -0.9438 0.2267
v -0.5545 0.3950 -0.2000
v -0.7833 0.6440 -0.4007
v -0.0402 -0.3402 0.7301
v 0.0949 -0.0681 0.3747
v 0.0565 0.4306 -0.4099
v -0.8195 0.5434 -0.6038
v 0.3436 0.5023 0.2557
v -0.7536 0.4895 -0.7199
v -0.3279 0.6869 0.1167
v -0.1301 0.6074 0.4902
v -0.1121 0.8815 -0.0967
v -0.3053 0.2731 -0.0395
v -0.2284 0.6755 -0.1458
v 0.1787 -0.2351 0.3123
v 0.4159 -0.9888 0.0838
v -0.3812 -0.0610 0.1589
v 0.0959 0.5302 -0.5066
v 0.2026 0.7107 0.3892
v 0.3282 -0.2845 0.3065
v -0.7216 0.7777 -0.5145
v 0.1508 0.4694 -0.1634
v 0.0775 0.6333 -0.4444
v -0.7585 0.6469 -0.2367
v 0.3932 -0.7518 0.1906
v 0.7690 0.7351 -0.5561
v 0.4245 -0.6609 0.2038
v 0.2578 -0.9207 0.0661
v -0.2409 -0.3105 0.0474
v 0.3239 -0.4476 0.2616
v -0.3824 0.4213 0.2043
v 0.0811 0.8938 0.1501
v -0.3009 -0.5104 0.1343
v 0.4222 -0.5292 0.2011
v -0.3315 -0.0641 0.0849
v -0.3355 0.2844 0.0347
v -0.0237 0.6138 0.4993
v -0.5836 0.6547 -0.3822
v 0.0793 0.4790 -0.4650
v 0.0892 0.7332 -0.3584
v -0.8112 0.6454 -0.4834
v 0.0105 -0.1267 -0.0392
v -0.0296 -0.1727 -0.0189
v -0.4718 -0.9793 -0.0017
v -0.3297 -0.8637 0.2099
v -0.0567 -0.2922 0.4189
v -0.0817 0.6665 -0.4492
v 0.1191 0.5158 -0.1773
v -0.4956 -0.6772 0.0522
v 0.3361 -0.8046 0.1787
v -0.1862 0.7376 -0.1420
v 0.0378 -0.2826 0.4515
v 0.1111 0.5453 -0.3435
v -0.0766 0.9026 0.0324
v 0.5706 0.4525 -0.2657
v 0.1633 0.7351 -0.2715
v -0.2846 0.3341 -0.1465
v 0.1842 0.1590 0.3675
v -0.6444 0.5390 -0.0969
v -0.4557 0.5662 -0.1286
v -0.7812 0.5072 -0.4308
v -0.4403 -0.1629 0.0263
v 0.0938 0.4819 -0.5227
v 0.4180 -0.6816 0.1703
v -0.0560 0.9042 0.1953
v -0.1120 0.4270 -0.1630
v -0.4457 0.3249 -0.0543
v 0.6718 0.5572 -0.0186
v 0.4462 -0.3654 0.0329
v -0.1154 0.5213 -0.4414
v 0.4187 -0.9934 0.2416
v 0.3484 -0.9530 0.3227
v 0.5481 0.5496 -0.0040
v -0.1148 -0.1077 -0.0070
v 0.2226 -0.2022 -0.0098
v -0.0904 0.6551 -0.4494
v 0.4803 -0.9690 -0.0355
v -0.5482 -0.6147 0.2222
v -0.4992 -0.5756 0.0179
v 0.6125 0.4768 -0.2724
v -0.1484 -0.3018 0.1658
v 0.7151 0.4231 -0.0999
v 0.2623 0.2384 0.0182
v 0.2260 0.2063 0.2989
v -0.7786 0.6300 -0.6663
v -0.5440 -0.5347 0.0352
v -0.6208 -0.9877 0.1022
v 0.4307 -0.9802 0.0952
v -0.2468 -0.0055 0.3262
v -0.0022 0.9016 0.1001
v -0.3192 -0.1111 0.0194
v -0.2624 0.4851 0.4357
v -0.5350 0.5588 0.0323
v -0.3830 0.3721 0.1634
v 0.3431 -0.1568 0.2976
v -0.1837 0.2365 0.3930
v 0.0945 0.8167 -0.1786
v 0.0107 0.4350 -0.4731
v 0.2473 -0.0854 0.3011
v -0.8282 0.5978 -0.3014
v -0.3644 -0.8632 0.1509
v -0.0682 0.4872 -0.5788
v -0.3802 0.6242 0.1999
v 0.8109 0.7127 -0.5176
v 0.4580 -0.9747 0.0649
v -0.4202 -0.4742 0.2375
v 0.2839 -0.9809 0.3947
v -0.1899 0.7322 -0.1635
v 0.3887 0.4852 0.1981
v 0.5509 0.6384 -0.1672
v -0.3352 0.2739 0.0924
v -0.5609 0.4047 -0.2601
v -0.0785 0.4874 -0.5624
v -0.2266 0.4113 -0.1736
v 0.3377 -0.8490 0.3527
v 0.2468 0.0469 0.1882
v -0.0192 -0.1976 0.0026
v 0.1981 -0.9056 0.4013
v 0.0416 0.9058 0.1205
v -0.5908 0.3997 -0.3191
v -0.4819 -0.1792 0.0554
v -0.5825 0.4123 -0.3217
v -0.2920 0.7059 -0.0532
v -0.3171 0.2718 -0.0173
v 0.3818 -0.4631 -0.0222
v -0.6679 0.5968 -0.4664
v -0.0725 -0.2143 0.3640
v -0.0860 -0.0953 -0.0242
v -0.3463 -0.5460 0.0175
v -0.1256 -0.1546 0.3560
v -0.0876 -0.4096 0.7312
v -0.1921 0.9427 -0.4029
v -0.4216 -0.9377 0.0543
v 0.1916 0.4411 0.4633
v -0.1776 0.7153 -0.2319
v 0.8147 0.7091 -0.3341
v 0.0658 -0.1816 0.3332
v -0.6858 0.6113 -0.7419
v -0.1940 0.9876 -0.3440
v 0.2402 0.7164 -0.0122
v 0.5375 0.5819 -0.1051
v 0.1110 0.2013 0.4114
v -0.0871 0.4832 -0.5016
v -0.5153 0.5085 -0.2916
v 0.0299 -0.1775 0.0382
v -0.5115 -0.2232 0.0511
v -0.3812 -0.8297 0.2996
v 0.2630 0.9927 -0.3474
v 0.6504 0.8230 -0.3493
v -0.5679 0.6137 -0.1743
v 0.1735 0.5764 -0.1348
v 0.1648 0.8331 0.0705
v -0.2195 -0.2802 0.0448
v -0.6985 -0.9722 0.0959
v 0.8178 0.5698 -0.2414
v 0.4027 -0.5329 -0.0006
v 0.1601 0.7399 -0.1637
v 0.8063 0.6914 -0.5319
v -0.0632 0.2804 -0.1859
v -0.2978 -0.6808 0.2298
v -0.7001 0.5910 -0.1452
v -0.4417 -0.6684 0.3046
v -0.4895 -0.7914 0.1084
v 0.2694 0.4416 0.3926
v 0.1817 0.7638 -0.0805
v 0.3040 -0.3651 -0.0280
v -0.0006 0.8910 -0.1025
v -0.7060 -0.9333 0.0716
v -0.0857 0.8817 -0.1094
v 0.2367 0.1237 0.2629
v 0.2633 -0.5583 0.3271
v -0.1248 0.4933 0.4999
v 0.0960 0.6962 -0.3631
v -0.2371 0.7699 0.0693
v -0.0889 -0.1717 0.3461
v -0.3807 0.6450 0.0464
v -0.6385 -0.9831 -0.0532
v -0.2168 0.7603 -0.0868
v -0.0353 0.8107 -0.3018
v 0.0987 0.0580 0.4155
v -0.8088 0.4866 -0.3415
v 0.3614 -0.2661 0.2875
v 0.0815 -0.1217 0.0003
v -0.6903 0.6156 -0.7615
v -0.3833 0.5952 0.1126
v -0.7047 0.6824 -0.6221
v -0.3446 -0.7626 0.2816
v -0.5860 0.3595 -0.1357
v 0.1106 0.8722 -0.3257
v 0.0252 0.0145 -0.0722
v -0.5517 -0.6052 0.1308
v -0.3805 -0.8662 0.3062
v 0.6569 0.4877 -0.0314
v -0.0593 0.5002 -0.5908
v 0.2304 0.6492 -0.0640
v -0.6571 0.6664 -0.4283
v -0.3844 0.4698 0.2377
v 0.6851 0.8123 -0.4376
v 0.1092 0.8671 -0.0620
v -0.2987 0.6890 -0.0457
v -0.2512 -0.1443 0.0072
v -0.4059 -0.0657 0.2196
v 0.6787 0.4168 -0.0734
v -0.2009 -0.1397 0.0113
v -0.3868 0.5696 0.2046
v 0.5242 0.4602 -0.2283
v -0.5369 -0.6071 0.0635
v -0.6329 -0.9774 0.0608
v 0.2165 -0.5085 0.1504
v -0.6361 0.5008 -0.0194
v -0.0243 0.6546 -0.4285
v 0.7390 0.5643 -0.0343
v -0.6928 0.6278 -0.1763
v -0.7390 0.5755 -0.6345
v -0.8150 0.6210 -0.4447
v -0.7346 0.6125 -0.6386
v 0.0160 -0.3409 0.5690
v -0.1914 0.6028 -0.2683
v -0.0287 -0.1864 0.1812
v 0.1300 0.0095 0.3860
v -0.0982 0.5519 -0.4707
v 0.7156 0.8459 -0.3649
v -0.7001 0.3890 -0.2600
v -0.7500 0.5104 -0.6997
v 0.4129 0.3397 -0.0851
v -0.4315 0.5782 -0.0939
v 0.3648 -0.8718 0.1120
v 0.5498 0.6209 -0.1331
v 0.2938 -0.9213 0.0420
v -0.2676 -0.0552 0.3228
v -0.4712 0.3633 -0.1580
v -0.1426 0.3672 0.4903
v 0.1396 0.7834 -0.3640
v 0.7139 0.8481 -0.3511
v 0.3603 -0.9204 0.0655
v 0.6051 0.3714 -0.0413
v 0.2425 -0.3939 0.2612
v -0.6644 0.4781 -0.1013
v -0.4009 -0.1238 0.0398
v -0.7224 0.5167 -0.5305
v -0.3973 -0.0599 0.1722
v -0.2110 0.2561 0.4176
v -0.2288 0.2252 -0.1158
v -0.6565 0.7920 -0.5729
v 0.7302 0.8377 -0.4653
v -0.3389 -0.7961 0.1279
v 0.3164 -0.4019 0.2667
v 0.4535 -0.5745 0.1321
v 0.0417 0.4607 -0.2207
v -0.3812 -0.0581 0.2134
v 0.4447 -0.3764 0.1671
v -0.7869 0.6288 -0.3978
v 0.1946 -0.6217 0.3063
v 0.7002 0.4468 -0.2883
v 0.5404 0.3980 0.0857
v -0.2554 -0.2097 -0.0028
v -0.7552 0.7513 -0.5468
v 0.2153 -0.4472 0.2048
v 0.7616 0.4612 -0.2176
v -0.0136 0.5994 0.5051
v -0.5077 -0.8755 0.0399
v -0.5465 -0.9446 -0.0102
v -0.3109 -0.5043 0.1636
v 0.1615 0.8205 0.0162
v -0.1416 0.8035 -0.2190
v -0.1216 0.8554 -0.2166
v -0.0436 0.3373 -0.1756
v -0.0581 -0.3777 0.6707
v -0.1956 0.9710 -0.3027
v 0.3740 -0.3528 0.2573
v 0.1409 0.8348 -0.0777
v 0.1986 0.7649 -0.0733
v 0.8051 0.7090 -0.3153
v 0.8117 0.5333 -0.2339
v -0.2995 -0.5775 0.0608
v -0.7817 0.6007 -0.6760
v -0.2927 -0.6516 0.2078
v -0.5127 -0.8247 0.1472
v 0.1154 -0.1552 0.3489
v 0.7169 0.7568 -0.4645
v 0.1524 0.5922 -0.1487
v -0.8232 0.5891 -0.4722
v 0.4496 -0.9789 -0.0282
v -0.5163 0.4500 0.1108
v -0.6354 0.6928 -0.3486
v 0.2086 0.6533 -0.1548
v -0.2067 0.3997 0.4751
v 0.1915 -0.6431 0.3080
v 0.1883 -0.3689 0.2430
v -0.0144 0.3845 0.5131
v -0.2568 0.7347 -0.0090
v -0.4260 -0.1845 0.0053
v -0.1800 -0.3257 0.2157
v 0.0270 0.3956 -0.1768
v 0.2318 0.7150 0.3580
v -0.0751 0.4695 -0.3392
v 0.0298 -0.3097 0.5390
v 0.4712 -0.9111 0.1646
v 0.3804 -0.9616 -0.0329
v -0.0723 -0.1979 0.0752
v 0.3136 0.3883 0.3122
v 0.7054 0.8564 -0.3398
v -0.6746 0.6827 -0.4114
v 0.4099 -0.5587 0.0610
v 0.2731 0.6785 -0.0023
v 0.3477 -0.8302 0.1997
v 0.3224 -0.7340 0.1335
v -0.5404 -0.3777 0.0919
v -0.2065 0.0447 0.0285
v 0.7242 0.5047 -0.0336
v 0.3288 0.5659 -0.0452
v 0.2416 -0.9363 0.4199
v -0.0853 0.8583 -0.2425
v -0.6722 0.4567 -0.4493
v 0.7638 0.6935 -0.5315
v 0.0205 -0.2010 0.0673
v -0.3351 0.6832 0.1914
v -0.1160 0.8325 0.3177
v 0.1282 0.8202 0.3257
v -0.6820 0.8276 -0.5824
v 0.3443 0.5718 -0.0280
v -0.0451 -0.4261 0.7386
v 0.3924 -0.4897 0.2214
v -0.3249 0.2619 0.1515
v -0.1290 0.6625 -0.3666
v -0.7579 0.4960 -0.6965
v 0.1756 -0.3141 0.2702
v 0.2810 -0.9111 0.0508
v -0.3900 -0.1778 -0.0067
v -0.4396 -0.6705 0.0518
v 0.8065 0.4943 -0.1381
v -0.0887 -0.1817 0.3007
v 0.8039 0.6467 -0.2931
v 0.0164 -0.3102 0.5874
v 0.4147 -0.6849 0.1913
v -0.0801 -0.0989 0.3838
v 0.5996 0.4646 -0.2648
v -0.5236 -0.3505 -0.0155
v -0.1419 0.0230 0.4021
v -0.7609 0.7398 -0.4651
v 0.2868 0.3363 -0.0684
v -0.6042 0.6432 -0.1984
v -0.0249 -0.2154 0.0524
v -0.0648 0.5397 -0.5430
v -0.3229 0.4623 0.3514
v 0.1636 0.7218 -0.0872
v -0.5181 -0.2227 0.0729
v 0.7511 0.8122 -0.4231
v 0.4204 -0.6767 0.1817
v -0.3470 0.5440 -0.1130
v -0.1802 0.5900 -0.2504
v -0.7025 0.7136 -0.5769
v 0.3361 0.3340 -0.0385
v 0.4407 0.3042 0.0146
v 0.1762 -0.9360 0.3935
v 0.7545 0.6682 -0.1164
v -0.1689 -0.0221 0.3714
v -0.0905 0.4923 -0.4328
v 0.7996 0.6245 -0.4589
v 0.7888 0.6644 -0.2013
v 0.4463 0.5044 -0.1024
v 0.6550 0.7734 -0.2763
v 0.0891 0.5296 -0.5297
v -0.1056 0.2053 -0.1628
v 0.0070 -0.2084 0.0941
v 0.0765 0.8152 -0.2666
v 0.4247 -0.9162 0.1182
v -0.0351 0.6015 -0.4574
v 0.7083 0.8532 -0.3658
v 0.1055 0.8829 0.0912
v -0.3857 0.5685 0.1073
v -0.2329 0.7556 -0.0643
v -0.8188 0.5145 -0.5100
v 0.3151 0.3122 0.2058
v 0.2767 0.6651 -0.0104
v 0.1939 -0.6404 0.1182
v 0.3319 -0.9141 0.0181
v 0.3309 -0.2082 -0.0148
v -0.4808 -0.2173 0.0168
v 0.3506 0.4742 -0.0830
v 0.3147 -0.4245 -0.0137
v 0.2292 0.7749 0.1800
v -0.6946 0.7673 -0.5847
v 0.4731 -0.9998 -0.0323
v 0.1631 0.5733 -0.2983
v 0.2739 0.5780 -0.1257
v 0.0011 -0.3494 0.4865
v 0.1854 0.8062 0.2584
v -0.5141 0.4516 -0.2332
v -0.3267 -0.8226 0.1617
v 0.0488 0.5161 0.5179
v 0.3441 -0.9730 -0.0420
v 0.8266 0.6334 -0.3574
v -0.7123 0.5454 -0.5285
v 0.1968 0.7993 0.2784
v -0.1792 -0.3080 0.2514
v -0.5500 0.5897 -0.1708
v 0.7648 0.8039 -0.4150
v 0.0139 -0.1700 0.4270
v -0.6513 -0.9512 0.0572
v -0.3354 0.4508 0.3322
v 0.0796 -0.0422 -0.0220
v 0.2536 0.9940 -0.3337
v -0.3161 0.4814 -0.1417
v -0.4999 -0.9409 -0.0492
v -0.2315 -0.3229 0.2804
v 0.4753 0.5578 0.0663
v 0.4471 -0.9928 0.1255
v -0.3210 0.6831 0.0330
v 0.1355 0.7647 -0.1691
v 0.0014 -0.3404 0.4643
v -0.0217 0.9062 -0.0871
v 0.3980 -0.2503 0.2559
v -0.7644 0.4902 -0.5246
v 0.7794 0.6836 -0.2655
v -0.0817 0.7932 -0.3292
v 0.0382 0.4359 -0.5094
v -0.5711 -0.9008 0.0279
v 0.0077 0.4158 -0.3462
v 0.4209 -0.4717 -0.0162
v 0.3028 -0.1122 0.0372
v 0.0857 0.4721 -0.5362
v -0.0623 -0.0976 -0.0419
v -0.2245 -0.3499 0.2422
v 0.4244 -0.9917 0.1178
v -0.7042 0.6920 -0.4035
v -0.5080 0.5062 -0.2835
v -0.7774 0.5354 -0.6946
v -0.2632 0.0973 0.2738
v -0.2578 0.8834 -0.3166
v -0.6203 -0.8795 0.1261
v -0.2360 -0.1676 0.3466
v -0.6885 0.8187 -0.5919
v 0.1301 0.5716 -0.1918
v 0.3939 -0.1110 0.1712
v 0.6236 0.6687 -0.2678
v 0.0088 -0.2437 0.3478
v -0.3048 0.7014 0.0797
v -0.6912 0.5041 -0.4597
v -0.3355 -0.4613 0.1828
v 0.2233 -0.3693 0.0071
v -0.1752 0.7407 -0.1891
v 0.2663 -0.2838 -0.0290
v -0.6378 -0.8917 0.1152
v 0.7788 0.4570 -0.1400
v -0.1206 0.8939 0.1177
v -0.6836 -0.9931 -0.0609
v -0.4348 0.3713 0.1316
v -0.3073 -0.5324 0.0821
v 0.2591 -0.8708 0.1595
v -0.7557 0.7512 -0.4741
v 0.2702 -0.1328 0.2983
v -0.1397 0.8629 0.0431
v 0.4780 0.3322 0.0970
v 0.1054 -0.2665 0.2162
v -0.7625 0.4952 -0.6002
v 0.4345 -0.6319 0.1992
v 0.4009 -0.4315 -0.0111
v -0.0766 -0.1377 0.3857
v -0.5044 0.5220 -0.2653
v -0.3375 -0.1370 0.0070
v -0.8063 0.6184 -0.6139
v -0.5360 0.3726 -0.1913
v 0.1995 0.1486 0.3462
v 0.0536 -0.2038 0.2926
v -0.2890 0.6792 0.3177
v 0.3835 0.3091 0.0349
v -0.0551 -0.0426 -0.0567
v -0.2355 0.5913 -0.2032
v -0.1200 0.8447 -0.3797
v 0.6610 0.5876 -0.0454
v 0.5724 0.3552 -0.0145
v 0.0987 0.1221 -0.0851
v 0.1652 0.7279 -0.1560
v -0.5147 -0.6930 0.0901
v 0.3057 -0.3372 0.2969
v 0.2757 0.2997 -0.0820
v -0.2167 0.6881 0.3811
v 0.4180 -0.9878 0.0995
v -0.2035 0.6637 -0.2292
v -0.3427 -0.0283 0.1479
v 0.5083 0.3342 -0.1038
v -0.3049 0.4641 -0.1553
v 0.1134 0.6822 -0.3650
v 0.5850 0.3715 -0.1973
v 0.1670 0.1023 0.3762
v 0.1562 0.7565 -0.2215
v 0.2616 -0.4332 0.2540
v -0.0798 0.8533 -0.2810
v 0.2498 0.9520 -0.3411
v -0.6095 -0.9117 0.0506
v -0.5524 -0.5105 0.0463
v -0.5781 0.3918 -0.1964
v -0.1997 0.0753 0.3712
v 0.2421 -0.9878 0.4045
v -0.5616 0.3620 -0.0317
v 0.1499 0.6155 0.4699
v -0.0344 0.8563 -0.1964
v 0.0555 -0.1436 0.3654
v -0.1320 0.3997 0.4977
v 0.7018 0.7760 -0.5566
v -0.7118 0.6675 -0.6279
v 0.1510 0.2091 0.3769
v -0.5226 -0.6898 0.2633
v 0.1711 0.8092 -0.0577
v -0.0061 -0.3543 0.5787
v 0.1096 0.6094 -0.4033
v 0.0645 0.4644 -0.3432
v -0.4052 -0.5034 0.0064
v 0.2090 -0.4430 0.1904
v 0.1773 -0.0714 0.3405
v 0.2869 -0.3336 0.3006
v -0.0935 0.7857 -0.3378
v -0.3349 -0.8311 0.2625
v 0.4204 -0.1697 0.1938
v -0.3543 -0.5618 0.0142
v 0.4414 -0.9171 0.1319
v 0.3774 -0.6513 0.0751
v 0.1206 0.1788 0.4239
v 0.4531 -0.4736 0.0343
v 0.4284 -0.6171 0.1773
v 0.7409 0.5704 -0.3587
v 0.2982 -0.6754 0.0971
v 0.3010 0.3368 -0.0565
v 0.1254 0.8544 -0.0139
v -0.7565 0.6160 -0.7145
v -0.5556 0.6304 -0.3264
v -0.4437 -0.2300 0.2821
v 0.1893 -0.3449 0.2661
v -0.1310 -0.1875 0.0462
v 0.3533 0.6101 0.1301
v -0.2167 0.1733 -0.0585
v 0.4656 -0.9368 0.0041
v 0.6789 0.8364 -0.4197
v 0.1632 0.7484 0.3962
v 0.1129 0.1442 -0.0707
v -0.0580 -0.3530 0.5361
v 0.0226 -0.3285 0.5611
v 0.2304 -0.4107 0.2494
v -0.1554 0.4796 -0.1780
v 0.3576 -0.9353 0.0536
v -0.2488 0.7754 0.1756
v 0.6247 0.6979 -0.1585
v 0.0030 0.4403 -0.5495
v -0.4592 0.4213 0.1366
v 0.0402 -0.0765 -0.0424
v 0.0981 -0.1859 0.3294
v -0.7543 0.6986 -0.6559
v 0.2832 -0.8390 0.3859
v -0.2013 0.7868 -0.0911
v -0.6167 0.5621 -0.0648
v -0.1504 0.5457 -0.2038
v -0.2232 0.7802 0.0398
v -0.3858 -0.9540 0.1194
v -0.1299 0.7552 -0.3451
v -0.3720 -0.6325 0.0287
v 0.3480 -0.0766 0.1107
v -0.2492 0.9349 -0.3574
v -0.3436 -0.8875 0.3144
v 0.5063 -0.9316 0.1185
v -0.2101 0.9925 -0.3383
v -0.1556 0.7824 -0.2432
v 0.1079 0.6721 -0.4025
v 0.0149 0.5557 -0.5551
v -0.3775 0.3222 0.0691
v -0.5298 -0.4851 0.0173
v -0.3893 0.3298 -0.0258
v -0.0094 -0.2098 0.0416
v -0.7832 0.4942 -0.4212
v -0.0785 0.8938 -0.1007
v -0.5726 -0.9678 -0.1086
v -0.0872 -0.1995 0.0811
v 0.1936 0.8156 0.2146
v -0.7843 0.5107 -0.4384
v 0.3916 -0.5047 -0.0159
v 0.4463 -0.5763 0.1417
v -0.5185 -0.4667 -0.0178
v -0.0326 0.9056 -0.0700
v 0.3319 0.3042 0.0375
v -0.3360 -0.4993 0.0736
v -0.6768 0.3809 -0.2769
v 0.1982 -0.8933 0.2422
v -0.0372 -0.3807 0.6709
v 0.0456 -0.1070 -0.0093
v 0.7643 0.7070 -0.2467
v 0.6238 0.6014 -0.0498
v 0.3582 -0.8124 0.1984
v 0.0147 0.5438 -0.5869
v 0.3316 0.4937 0.2747
v 0.0233 0.4407 -0.2200
v 0.8207 0.6636 -0.4845
v 0.2964 0.5895 0.3421
v -0.5992 0.6179 -0.3752
v 0.1496 0.8197 -0.2140
v -0.0899 0.2300 0.4355
v -0.0479 0.4664 -0.5711
v -0.0201 -0.1690 0.4400
v 0.1760 -0.2296 0.0028
v -0.4233 -0.6585 0.0421
v 0.2828 0.6913 0.0937
v 0.2872 -0.8623 0.1462
v 0.3460 -0.4977 0.0004
v 0.3284 -0.8583 0.1577
v -0.3803 0.3652 -0.1016
v -0.3684 -0.2615 0.3154
v 0.0067 -0.0079 -0.0805
v 0.3043 -0.9113 0.0463
v 0.2922 -0.1751 0.3265
v 0.2103 -0.9341 0.4218
v -0.4761 0.4807 0.1320
v 0.3752 -0.6617 0.0825
v -0.2301 0.7710 0.0285
v -0.0846 0.8978 -0.0917
v 0.3739 -0.4477 -0.0118
v 0.4151 -0.7085 0.1833
v -0.2997 -0.7801 0.1858
v 0.3422 -0.9184 0.0477
v -0.1500 0.7750 -0.2336
v 0.2584 -0.4003 0.2678
v 0.7957 0.7284 -0.3132
v 0.8017 0.7085 -0.5443
v 0.7605 0.7135 -0.5660
v 0.0649 -0.1907 0.3206
v -0.4370 -0.7062 0.0655
v 0.2902 0.2561 0.2932
v -0.2961 0.6655 -0.0459
v 0.7073 0.7213 -0.1922
v 0.7696 0.7334 -0.5388
v 0.1574 0.7253 -0.2208
v -0.3260 -0.0076 0.2233
v 0.5087 0.4724 -0.1752
v -0.4093 -0.3071 -0.0356
v 0.4459 -0.9635 0.0953
v 0.2354 0.7258 0.0021
v 0.2791 0.5944 -0.0976
v -0.5664 -0.5128 0.1095
v -0.4508 -0.5927 0.0167
v 0.2453 0.4762 0.4141
v -0.8026 0.4939 -0.6093
v -0.3732 0.6571 0.1099
v -0.4310 -0.7720 0.0813
v -0.7063 0.4585 -0.4431
v -0.8216 0.5258 -0.6132
v 0.6947 0.8491 -0.3051
v 0.4420 -0.2675 0.1869
v 0.4125 -0.7144 0.1750
v -0.3032 0.4458 -0.1508
v 0.3122 -0.7958 0.3974
v 0.3648 -0.5492 0.0256
v -0.7713 0.6670 -0.3015
v -0.2413 0.8057 0.1719
v -0.1106 -0.1782 0.0382
v 0.4180 -0.2235 0.0507
v 0.4520 0.3257 0.1020
v -0.3791 -0.8357 0.1271
v 0.4956 0.4432 -0.1346
v -0.1316 0.7226 -0.3574
v -0.2326 0.8162 0.1473
v -0.1324 0.7874 -0.3508
v -0.6917 0.6913 -0.3001
v -0.0073 -0.3572 0.6497
v 0.1897 0.7852 0.0513
v -0.2758 0.1410 0.1936
v -0.5429 -0.4731 0.0342
v -0.1865 0.7168 -0.2111
v 0.3732 0.5966 0.1214
v 0.2253 0.6832 0.3769
v -0.1517 0.7137 0.4264
v 0.1643 -0.2007 0.3263
v -0.4580 -0.9579 -0.0096
v -0.1719 0.5850 -0.2706
v -0.5640 -0.4900 0.0968
v -0.5984 -0.8722 0.1308
v -0.1240 0.7947 -0.3544
v 0.6332 0.3841 -0.1011
v -0.0440 0.4415 -0.5128
v -0.1766 0.7071 -0.2851
v 0.3172 0.5333 -0.0694
v -0.1785 -0.2138 0.0392
v 0.5306 -0.9633 0.0764
v -0.3842 0.4337 0.2201
v -0.5476 -0.4717 0.0521
v 0.0243 0.3124 -0.1797
v 0.5169 0.4467 -0.2049
v 0.0636 0.3914 0.5035
v -0.1202 0.0158 -0.0269
v -0.7558 0.5983 -0.7115
v -0.5122 -0.6667 0.0595
v -0.2664 0.0391 0.1013
v -0.4670 -0.8270 0.1140
v -0.1001 0.6885 -0.3877
v -0.4064 -0.5840 0.0175
v 0.4622 -0.9050 0.1871
v 0.2360 -0.8675 0.3850
v -0.0654 0.8018 -0.3110
v -0.8115 0.5258 -0.6345
v -0.4201 -0.5635 0.0152
v 0.2337 -0.9390 0.1693
v 0.1357 0.5910 -0.2275
v -0.5761 0.5235 -0.3264
v -0.6995 0.6793 -0.6047
v 0.1333 0.4567 0.4874
v 0.2239 0.5765 -0.1600
v 0.0804 0.8025 -0.2868
v 0.2123 -0.9751 0.4195
v 0.0417 -0.2675 0.4320
v -0.1708 0.1498 -0.0489
v -0.7969 0.6379 -0.3704
v 0.2236 0.4752 0.4442
v -0.7207 0.5300 -0.5464
v 0.4212 -0.9195 0.2402
v -0.4014 0.5396 0.1961
v -0.6204 0.3870 -0.1207
v -0.2920 0.2520 -0.0418
v -0.7293 -0.9505 0.0491
v -0.4137 -0.1574 0.3021
v -0.8231 0.6097 -0.5586
v -0.0548 0.8557 -0.1930
v -0.5432 -0.3914 -0.0232
v -0.7835 0.7148 -0.5132
v -0.7574 0.4930 -0.4619
v -0.0225 -0.3133 0.4301
v -0.6451 0.3979 -0.1660
v 0.4238 -0.6422 0.1769
v -0.4892 -0.4751 -0.0093
v -0.0780 -0.4042 0.7106
v -0.4247 -0.2135 0.2930
v 0.3625 -0.7893 0.1863
v 0.4876 0.3260 0.0554
v 0.2330 0.1920 0.0086
v 0.3570 0.3106 0.0863
v -0.8049 0.5585 -0.6274
v 0.4408 -0.5689 0.1126
v -0.4440 -0.9939 0.0814
v 0.0388 0.7418 -0.3498
v -0.1240 0.8802 0.0800
v 0.1925 0.5600 -0.1272
v 0.2270 -0.8398 0.3806
v -0.2107 0.7796 -0.0445
v -0.0435 -0.4093 0.7126
v -0.2730 0.0961 0.2364
v 0.6371 0.5774 -0.3006
v 0.6761 0.4296 -0.2918
v 0.3070 -0.9171 0.0358
v 0.2561 -0.4938 0.2559
v 0.6805 0.6230 -0.3450
v -0.7251 -0.9531 0.0327
v 0.2473 -0.1389 0.3109
v 0.2961 0.6646 0.0338
v 0.3585 -0.2209 -0.0023
v -0.7539 0.6837 -0.3202
v -0.0093 0.1627 0.4272
v 0.0573 0.4605 -0.5525
v -0.0062 -0.2657 0.5614
v -0.3162 -0.5324 0.0633
v 0.1709 -0.9547 0.3844
v 0.1181 -0.2409 0.0425
v -0.6714 -0.9649 -0.0791
v 0.0338 0.4867 -0.6106
v 0.0599 0.1430 0.4404
v -0.3567 -0.4630 0.2005
v -0.2009 -0.0533 0.0088
v -0.6385 -0.9116 0.0900
v 0.1070 0.5196 -0.4933
v 0.0259 0.4187 -0.1884
v 0.0244 0.2861 -0.1786
v 0.7409 0.4341 -0.1024
v 0.2208 -0.5324 0.1269
v -0.5397 -0.4061 0.1078
v -0.6976 0.7000 -0.5708
v 0.1980 0.1611 -0.0048
v -0.2974 -0.0944 0.0291
v 0.2700 -0.3307 0.2991
v -0.5157 0.5652 -0.1959
v 0.1201 0.6674 -0.3753
v -0.7148 0.7246 -0.6865
v 0.7283 0.8312 -0.3521
v -0.4394 -0.1508 0.0515
v -0.1790 0.5894 -0.2311
v 0.3561 0.4849 0.2263
v -0.3867 -0.2206 0.3221
v 0.7750 0.7862 -0.4414
v -0.3813 -0.4244 0.2157
v -0.7026 0.6186 -0.7590
v 0.0328 0.3200 0.4613
v -0.7718 0.6741 -0.3447
v -0.2503 0.7936 0.2115
v -0.5286 -0.2677 0.1022
v 0.2617 -0.5216 0.2914
v 0.3605 -0.9865 0.0632
v -0.3059 -0.5456 0.0622
v -0.4265 -0.8277 0.1107
v 0.4407 -0.2288 0.1741
v 0.0279 -0.2224 0.2362
v -0.1486 0.8220 -0.2231
v 0.2054 -0.3680 0.2586
v 0.2933 -0.4050 0.2687
v 0.5464 0.3964 -0.1735
v -0.6756 0.6853 -0.4231
v -0.5625 -0.9765 -0.0387
v -0.4754 -0.8582 0.0879
v -0.2598 0.6019 -0.1746
v -0.5240 -0.2897 0.1579
v -0.1032 0.8475 -0.1126
v 0.3145 -0.4453 -0.0096
v 0.1053 0.5068 -0.5148
v -0.5045 -0.6779 0.0568
v 0.6368 0.3854 -0.1152
v -0.6603 0.5082 -0.0999
v -0.4670 -0.9084 -0.0005
v -0.2548 -0.1093 0.0112
v 0.1441 0.2621 -0.1766
v 0.0394 0.7201 -0.3829
v -0.5325 -0.7449 0.1477
v -0.2678 -0.2236 0.3366
v 0.5409 0.3481 -0.1046
v 0.0112 0.7728 -0.3409
v 0.2458 -0.8027 0.1865
v 0.4005 -0.5760 0.0552
v -0.2843 0.7227 -0.0051
v -0.5362 -0.2745 0.0859
v 0.0427 -0.0736 0.3946
v -0.6241 0.6135 -0.1436
v 0.1187 0.0928 -0.0356
v -0.4614 -0.1638 0.0497
v 0.4888 -0.9716 0.0890
v 0.3311 0.6073 0.0250
v -0.7567 0.4994 -0.4470
v 0.3564 0.6103 0.1100
v -0.5636 0.4242 -0.3014
v -0.3903 -0.8621 0.1267
v 0.0282 -0.1828 0.4269
v 0.4319 -0.1740 0.1494
v -0.7947 0.6279 -0.6231
v -0.0379 -0.2123 0.0322
v -0.3574 0.6243 -0.0033
v -0.6739 0.6341 -0.4881
v 0.6695 0.4201 -0.0644
v -0.7159 0.5818 -0.5911
v 0.2952 0.5818 -0.0861
v 0.7122 0.4034 -0.1663
v 0.0841 0.7908 -0.3058
v -0.0345 0.6176 -0.4539
v -0.5966 -0.9878 0.0793
v 0.7468 0.6591 -0.4732
v -0.4129 -0.7663 0.0773
v -0.1203 0.8434 -0.1061
v 0.3293 -0.8719 0.3498
v 0.0676 0.8847 0.0673
v 0.6599 0.8202 -0.3690
v 0.5897 0.4192 -0.2716
v -0.2677 0.1728 0.1365
v -0.3029 -0.6720 0.0866
v -0.1944 0.8078 -0.2686
v -0.0557 0.4532 -0.4305
v 0.1979 0.5299 -0.1363
v 0.2567 0.7483 0.2248
v 0.7404 0.8242 -0.3540
v -0.1589 0.4454 0.4919
v 0.2185 0.6300 0.4192
v 0.6560 0.4376 -0.0503
v -0.1426 0.8500 -0.2238
v 0.2366 0.4261 -0.1397
v -0.7451 0.4998 -0.5838
v -0.7073 0.4090 -0.1933
v 0.0589 0.8826 -0.0823
v 0.6648 0.3800 -0.1553
v 0.1321 0.7785 -0.0947
v -0.5668 0.3858 -0.1849
v 0.3516 0.5410 -0.0527
v -0.3649 0.6644 0.0548
v -0.2189 0.9883 -0.3256
v 0.7536 0.8022 -0.5212
v 0.1073 0.5088 -0.2012
v 0.3228 -0.8249 0.1855
v 0.6527 0.7392 -0.2600
v -0.2278 0.7613 -0.0484
v -0.5725 -0.9711 -0.0804
v -0.7976 0.5134 -0.4131
v 0.1480 -0.2306 0.0153
v -0.5047 0.5095 -0.2500
v -0.4440 -0.1142 0.2464
v -0.5059 -0.7451 0.1044
v -0.7597 0.4905 -0.5763
v -0.5547 0.5694 -0.0184
v -0.7856 0.5230 -0.7022
v 0.7190 0.8450 -0.3196
v 0.1553 0.1661 -0.1042
v -0.8111 0.6613 -0.4786
v 0.4066 -0.4754 -0.0220
v 0.2238 0.0243 0.0802
v -0.7463 0.4363 -0.2082
v 0.3447 0.3082 0.1017
v -0.7919 0.6561 -0.2968
v 0.2150 -0.1545 0.3248
v -0.4001 0.5526 0.1322
v 0.6015 0.4400 -0.2906
v 0.2267 -0.3399 0.2908
v 0.0690 0.4427 -0.3878
v -0.1604 0.7755 -0.1006
v -0.7816 0.4498 -0.3194
v -0.6483 -0.9270 0.0703
v -0.5414 0.5670 -0.0070
v 0.2423 0.0597 0.1576
v 0.1239 0.8424 -0.0848
v 0.4094 -0.1507 0.1441
v -0.0303 0.5173 -0.6074
v -0.7744 0.5818 -0.1672
v -0.1761 0.9761 -0.3514
v 0.4210 -0.5521 0.0758
v -0.6758 0.7247 -0.7085
v 0.3423 -0.6317 0.0528
v 0.3705 0.3507 0.1646
v 0.0607 0.8746 -0.0406
v 0.1977 0.7774 -0.0602
v -0.5499 0.6159 -0.3327
v 0.5081 0.5650 -0.1730
v 0.0590 0.4688 -0.3215
v -0.4796 -0.4923 -0.0026
v -0.0598 -0.1935 0.2511
v -0.0751 0.1921 0.4457
v -0.5024 0.5312 -0.2308
v 0.3858 -0.4102 0.2180
v -0.7462 0.7639 -0.5377
v -0.6916 0.5991 -0.7570
v -0.5645 -0.5249 0.1363
v -0.7401 0.6403 -0.6763
v -0.6522 0.4299 -0.0958
v 0.0089 0.0457 0.4145
v -0.7073 0.5138 -0.4842
v -0.5318 -0.7733 0.1647
v -0.5850 -0.9068 0.0143
v 0.1245 0.7507 -0.3427
v 0.4184 -0.5775 0.0740
v -0.2108 0.5774 -0.1978
v -0.5134 -0.8147 0.1495
v 0.2379 -0.2363 -0.0214
v -0.1026 0.0050 0.4076
v 0.1862 0.1040 0.0308
v -0.5132 -0.8601 0.0834
v -0.5626 -0.9885 0.0297
v -0.7294 0.5380 -0.5936
v 0.6883 0.7953 -0.5723
v -0.4168 -0.1336 0.0400
v -0.4273 -0.2518 -0.0292
v 0.2104 -0.9853 0.4031
v 0.0990 0.5256 -0.3784
v -0.6358 0.6375 -0.4279
v -0.1874 -0.2139 0.0286
v 0.5559 0.4216 0.0856
v 0.4603 -0.3488 0.1263
v -0.0159 0.5164 -0.6448
v 0.0205 -0.0837 -0.0475
v 0.7977 0.5967 -0.3195
v -0.7086 0.5676 -0.5362
v 0.4655 -0.3218 0.1184
v -0.2395 -0.0573 0.0142
v 0.7653 0.6204 -0.0632
v -0.5363 -0.3669 -0.0177
v -0.7035 0.6052 -0.7604
v 0.1525 0.5343 -0.1512
v 0.0029 0.5977 -0.4753
v -0.8321 0.5180 -0.3119
v -0.6615 0.6847 -0.4699
v -0.5111 0.5542 -0.2782
v -0.5231 0.4465 -0.2661
v 0.2707 -0.8792 0.1309
v -0.7698 0.4960 -0.6281
v 0.7626 0.7155 -0.5332
v -0.2844 -0.6642 0.1931
v -0.6593 0.7970 -0.5604
v 0.3498 -0.9798 0.0532
v 0.0700 0.7224 -0.3776
v -0.8040 0.5929 -0.4315
v 0.7569 0.7908 -0.4325
v 0.4391 -0.9318 0.1200
v 0.8051 0.7405 -0.4511
v -0.7245 0.4278 -0.1965
v 0.2811 -0.3014 0.3103
v 0.3330 -0.6827 0.0857
v 0.1045 0.6719 0.4696
v 0.0302 0.5587 -0.5437
v -0.4276 -0.8572 0.1080
v -0.4300 -0.5852 0.0189
v -0.1107 0.6146 -0.3998
v 0.6843 0.7216 -0.2207
v -0.6713 0.4288 -0.1452
v -0.6885 -0.9287 0.0529
v 0.0360 0.8929 -0.0507
v -0.3212 -0.8338 0.2157
v -0.1884 0.2122 -0.1501
v 0.1578 -0.0691 -0.0075
v 0.3507 0.3351 0.1564
v -0.0186 0.4661 -0.5673
v -0.6419 0.4792 -0.3873
v 0.2626 0.6130 -0.1045
v -0.7196 0.3986 -0.2421
v 0.0263 0.5462 -0.5711
v -0.7004 0.7150 -0.5697
v 0.1904 0.6869 -0.0995
v 0.6828 0.7184 -0.1846
v -0.0778 -0.1756 0.3753
v 0.5214 -0.9655 0.0728
v -0.1519 0.8327 -0.1038
v 0.6682 0.9011 -0.3941
v 0.0601 -0.1708 0.3465
v -0.0244 -0.3689 0.5480
v -0.2836 0.0655 0.1945
v -0.0733 -0.1595 0.3900
v 0.4737 -0.9756 0.1913
v 0.7013 0.6185 -0.3699
v -0.6892 0.7159 -0.7135
v -0.3494 -0.3313 -0.0237
v -0.1375 0.8616 -0.0898
v -0.7761 0.7168 -0.5325
v 0.5057 0.3915 0.1163
v 0.4271 -0.5418 0.1878
v -0.0731 0.8972 -0.0214
v 0.2571 0.2231 0.0202
v 0.3365 -0.9828 0.0402
v 0.6462 0.4337 -0.0460
v 0.5588 0.4570 -0.2483
v -0.5352 -0.6940 0.1023
v -0.6001 0.6662 -0.3851
v 0.4064 -0.8812 0.1516
v 0.0027 0.8384 -0.2280
v 0.1969 -0.1337 0.0058
v 0.0223 -0.3002 0.4440
v -0.0013 0.5553 0.5122
v -0.4591 -0.1850 0.0204
v 0.4968 0.3472 -0.1184
v 0.1403 0.1335 -0.0407
v -0.2936 -0.0233 0.2854
v -0.8192 0.5039 -0.5341
v -0.3581 0.6619 0.1846
v 0.4580 0.4911 0.1674
v 0.3708 0.5437 0.1941
v 0.8287 0.6510 -0.3450
v -0.1408 0.1873 -0.1465
v -0.2737 -0.0422 0.0363
v 0.1176 0.8630 0.0740
v 0.0200 0.1869 0.4289
v 0.4419 -0.5625 0.1420
v -0.5139 0.5797 0.0103
v -0.2283 0.8016 0.1996
v 0.3300 -0.5533 0.0317
v 0.0512 0.5959 -0.4588
v -0.4038 -0.5307 0.0083
v -0.5004 -0.4017 -0.0419
v 0.5998 0.4279 -0.2840
v -0.2802 -0.2660 0.3308
v -0.0025 0.5920 -0.4828
v 0.2374 -0.4948 0.2416
v 0.1395 0.8310 0.0151
v -0.1087 0.5688 -0.3996
v -0.0768 0.8336 -0.3083
v 0.3120 0.2602 0.2033
v 0.3041 -0.4194 0.2598
v 0.1390 -0.0270 0.3631
v -0.5399 -0.3485 0.1065
v -0.8033 0.7038 -0.5166
v 0.6957 0.6718 -0.1209
v 0.3686 0.3925 -0.0777
v -0.0291 0.5884 -0.4730
v 0.3520 -0.2576 -0.0234
v 0.3016 -0.0444 0.1213
v -0.5658 0.5954 -0.1532
v 0.0498 0.6097 -0.4490
v -0.4712 0.3331 -0.0903
v -0.5487 -0.5829 0.1484
v -0.0576 0.4482 -0.3410
v 0.7459 0.4387 -0.1852
v -0.4581 0.5032 0.1305
v -0.4937 -0.8992 -0.0054
v -0.4903 0.3397 -0.0905
v -0.6685 0.6302 -0.1728
v 0.3720 -0.1019 0.2002
v -0.6347 -0.9831 0.0898
v 0.8168 0.7009 -0.4928
v 0.0205 0.5185 0.5198
v -0.3292 -0.4574 0.1663
v 0.0307 -0.2090 0.4450
v 0.6656 0.3729 -0.1785
v 0.4539 0.4122 0.1757
v 0.5690 0.4741 -0.2337
v -0.3953 0.5732 -0.0733
v 0.1370 -0.3226 0.1616
v -0.3798 0.4305 0.2497
v -0.6740 0.7540 -0.5310
v 0.6420 0.7197 -0.2781
v -0.0556 -0.2049 0.0271
v 0.3113 -0.9713 0.0046
v 0.1068 0.5245 -0.3487
v 0.0208 0.9001 0.0669
v -0.5520 -0.4670 0.0745
v -0.0802 0.6569 0.4799
v -0.0496 -0.2603 0.5462
v -0.5193 0.4950 0.0989
v -0.0654 -0.0224 -0.0664
v -0.0672 -0.3484 0.5501
v -0.5357 -0.3534 -0.0033
v 0.2039 -0.4470 0.1566
v -0.6494 0.4499 -0.0397
v -0.5506 0.4905 0.0629
v -0.7091 0.6999 -0.3688
v -0.6798 -0.9820 -0.0846
v -0.1232 -0.0060 -0.0255
v 0.3411 -0.1401 0.2852
v 0.4110 0.4709 0.1969
v -0.6853 0.4810 -0.4597
v 0.1017 0.5684 -0.4005
v 0.2917 0.4298 0.3629
v 0.2859 0.6746 0.0216
v 0.0154 0.8553 -0.1137
v 0.4353 -0.4875 -0.0012
v -0.7035 0.7012 -0.6114
v 0.1905 0.7691 0.0031
v -0.5126 0.3694 -0.1782
v -0.7457 0.4301 -0.2430
v 0.2528 0.3834 -0.1369
v 0.8278 0.5549 -0.2150
v -0.0596 -0.1954 0.2323
v -0.1939 0.0911 0.0195
v -0.3064 -0.1284 0.0059
v -0.3760 0.6354 0.1281
v 0.7390 0.6080 -0.4092
v 0.7910 0.7494 -0.4659
v -0.1539 0.7645 -0.2996
v -0.0204 -0.3695 0.5667
v 0.4291 -0.9844 0.1075
v -0.4778 -0.9071 -0.0112
v -0.5392 -0.6645 0.1027
v -0.2231 0.0822 0.3469
v 0.2233 -0.5467 0.1080
v 0.0954 0.3001 0.4731
v 0.1030 0.7380 -0.3500
v 0.1743 0.6204 -0.2190
v 0.1406 0.7645 -0.1470
v 0.1370 0.8343 -0.0108
v 0.1063 0.4896 -0.4483
v 0.0790 0.4631 0.5125
v 0.0658 0.4707 -0.4304
v -0.1027 0.7469 0.4390
v 0.1871 0.4909 0.4734
v 0.2009 -0.5295 0.1877
v 0.3343 -0.9754 -0.0130
v 0.0168 -0.3337 0.4715
v 0.3061 -0.1031 0.2553
v -0.6218 0.6831 -0.3399
v -0.1958 0.5851 -0.2122
v -0.0755 -0.4186 0.7598
v 0.3964 0.4565 0.2009
v -0.5115 -0.2187 0.1197
v -0.0840 0.5019 -0.5510
v 0.2247 0.7830 0.1219
v -0.4979 0.3422 -0.0741
v 0.2503 0.0818 0.1764
v 0.3422 -0.9127 0.0610
v 0.6779 0.5415 -0.0175
v 0.6548 0.8885 -0.5091
v 0.0798 0.4926 -0.3989
v -0.2848 -0.1128 0.0152
v -0.0402 0.8849 -0.1130
v 0.2663 0.7316 0.2264
v -0.6778 0.6872 -0.6918
v 0.3565 0.6038 0.0501
v 0.2869 -0.8385 0.1877
v 0.0671 0.8270 -0.1410
v 0.7197 0.7942 -0.4521
v 0.5082 -0.9622 0.1389
v 0.6429 0.6846 -0.2963
v 0.4462 -0.4730 0.0135
v 0.0808 0.8817 -0.0592
v 0.5319 0.4994 0.0907
v 0.1654 -0.3937 0.1825
v 0.4369 -0.6638 0.2459
v 0.2079 0.6873 0.3872
v 0.4638 -0.3656 0.1168
v 0.2198 0.2283 -0.0971
v 0.0283 0.4439 -0.2524
v -0.5001 -0.6878 0.0683
v -0.2494 0.4984 0.4551
v 0.4322 -0.4321 0.0106
v 0.0489 -0.2424 0.1493
v 0.4334 -0.6677 0.2265
v -0.0290 0.8616 -0.1196
v -0.6646 0.6979 -0.4686
v 0.3170 -0.2202 0.3218
v 0.5937 0.5909 -0.0582
v -0.0200 0.9003 -0.0995
v 0.7215 0.4450 -0.2733
v -0.3666 -0.6737 0.2938
v -0.7756 0.7328 -0.4754
v -0.1097 0.7223 -0.3763
v -0.0061 -0.3464 0.6871
v 0.2476 0.5122 -0.1277
v 0.3640 -0.8291 0.2140
v 0.3781 -0.3437 -0.0272
v -0.7609 0.6425 -0.6669
v -0.0847 0.8975 -0.0695
v 0.2686 -0.0955 0.0353
v -0.4173 -0.8824 0.0904
v 0.3619 -0.1493 0.2803
v -0.3431 0.6744 0.1299
v 0.3979 -0.8732 0.1903
v -0.8153 0.6296 -0.4846
v 0.4041 -0.2973 -0.0053
v 0.2479 -0.3784 -0.0046
v -0.5511 -0.3745 -0.0047
v 0.6678 0.3765 -0.1936
v -0.7463 0.7149 -0.6542
v 0.3791 -0.5254 -0.0014
v 0.4504 -0.5682 0.1242
v -0.4682 -0.1261 0.1704
v -0.1780 0.8570 -0.2447
v -0.6549 -0.9870 0.1214
v 0.6741 0.7677 -0.3969
v -0.5637 -0.8865 0.0370
v 0.1289 0.7409 -0.3424
v -0.5329 -0.6634 0.0892
v -0.5585 -0.9580 -0.0076
v -0.0459 0.5963 0.5099
v -0.4994 -0.2178 0.0411
v 0.3995 -0.7890 0.2540
v -0.4322 0.3979 0.1451
v -0.5036 -0.6253 0.0381
v 0.1007 0.5252 -0.2260
v 0.4052 -0.2699 0.2529
v 0.0152 0.5637 -0.5414
v -0.0641 -0.2308 0.3694
v 0.2337 -0.6187 0.0842
v 0.7058 0.6999 -0.4154
v -0.3436 0.3819 -0.1070
v -0.6262 -0.9629 -0.0525
v 0.7528 0.4656 -0.2661
v -0.4004 -0.6670 0.0360
v -0.7110 0.5011 -0.4675
v -0.0578 0.7550 -0.3541
v -0.0071 0.3376 -0.1538
v 0.4355 -0.6260 0.1496
v 0.3466 0.3064 0.0601
v -0.3908 0.5017 0.1937
v -0.5399 -0.5637 0.0435
v 0.4424 0.3504 0.1509
v 0.0970 0.8738 -0.0109
v 0.7866 0.5849 -0.3797
v 0.7476 0.4663 -0.2820
v 0.3970 -0.8754 0.1441
v 0.7513 0.4428 -0.2245
v -0.1513 0.7296 0.4229
v -0.4415 -0.7380 0.0771
v 0.1681 0.6679 -0.2508
v 0.6547 0.8341 -0.3661
v -0.2727 0.2309 -0.0667
v -0.0854 0.8987 0.0446
v -0.6616 0.6679 -0.2320
v 0.0931 0.4797 -0.4871
v -0.4517 0.5936 0.0109
v -0.8011 0.5017 -0.5075
v -0.6617 -0.9329 0.0583
v 0.0209 0.9012 -0.0609
v -0.1060 0.5376 -0.4821
v 0.3035 -0.1263 0.2930
v -0.4265 -0.7847 0.0894
v -0.0209 0.5233 -0.6264
v 0.0847 0.4729 -0.3794
v 0.6425 0.5042 -0.0203
v -0.2287 0.1236 0.0412
v -0.7176 0.4307 -0.1754
v 0.7127 0.4521 -0.2941
v -0.5808 0.5362 -0.0054
v 0.2082 0.6548 0.4102
v -0.4311 -0.7005 0.0572
v 0.3329 0.5913 0.2621
v -0.7382 0.6397 -0.6987
v -0.2017 0.4558 -0.1587
v -0.0212 -0.2600 0.5589
v -0.1939 0.8046 0.0524
v -0.0961 0.5181 -0.5291
v -0.0857 0.7115 -0.3914
v 0.2476 -0.1279 0.0110
v -0.0912 0.8404 -0.1890
v 0.0214 0.7170 -0.3904
v -0.0121 0.4765 -0.6008
v -0.1484 0.4661 0.5001
v 0.0860 -0.1249 0.3607
v -0.7017 0.5986 -0.7270
v -0.8045 0.5263 -0.6679
v -0.7372 0.6366 -0.6625
v -0.8070 0.5114 -0.6345
v -0.0114 0.5288 -0.6402
v -0.7636 0.6425 -0.6309
v -0.5339 -0.3002 0.1435
v -0.7810 0.6333 -0.6321
v -0.7369 0.5317 -0.6229
v 0.0461 0.5027 -0.6133
v -0.7492 0.5048 -0.6056
v -0.4108 -0.0734 0.1567
v -0.7308 0.5199 -0.5869
v -0.7365 0.7299 -0.5849
v -0.7574 0.7273 -0.5853
v -0.0515 0.5243 -0.5824
v -0.0537 0.4749 -0.5821
v -0.7384 0.7332 -0.5668
v 0.4893 0.3810 0.1343
v -0.6901 0.7406 -0.5654
v 0.7787 0.7307 -0.5593
v 0.2162 0.6687 0.3860
v -0.0675 0.4695 -0.5473
v -0.3809 0.6492 0.0912
v -0.6744 0.7440 -0.5426
v -0.6873 0.6334 -0.5273
v -0.7617 0.7569 -0.5317
v 0.0065 0.4394 -0.5207
v -0.5361 -0.2890 0.0957
v 0.2366 0.1622 0.1363
v 0.0733 -0.2395 0.0955
v 0.0859 0.4729 -0.5032
v 0.0395 0.5812 -0.4966
v -0.8054 0.6734 -0.4966
v 0.7755 0.7207 -0.5044
v 0.8055 0.7171 -0.4886
v -0.3305 0.6793 0.1003
v -0.0682 0.4678 -0.4679
v -0.4304 -0.0972 0.1501
v 0.7914 0.7629 -0.4603
v -0.0494 0.6178 -0.4527
v -0.6874 0.4560 -0.4487
v -0.0666 0.4715 -0.4475
v -0.8130 0.5766 -0.4475
v -0.0775 0.5679 -0.4366
v 0.0654 0.6082 -0.4400
v 0.1225 0.8730 0.1546
v 0.1145 0.5489 -0.4101
v -0.0839 0.5755 -0.4238
v -0.5024 -0.8811 0.2667
v -0.5884 0.6525 -0.3988
v 0.7204 0.6620 -0.4107
v 0.4894 -0.9924 0.1079
v 0.0303 -0.3209 0.4823
v 0.7794 0.5949 -0.4017
v -0.5543 -0.5682 0.1664
v 0.0612 0.4302 -0.3971
v 0.1159 0.6214 -0.3963
v 0.6789 0.8103 -0.3981
v 0.2576 -0.9151 0.1032
v 0.6977 0.6851 -0.3846
v 0.7042 0.8424 -0.3920
v -0.1183 0.6191 0.4892
v 0.2816 -0.7784 0.4046
v 0.7602 0.8232 -0.3914
v -0.0606 -0.1233 0.3986
v 0.0219 0.7312 -0.3754
v 0.6752 0.8141 -0.3856
v -0.5011 -0.7623 0.1061
v 0.2346 0.9501 -0.3839
v -0.6249 0.6814 -0.3738
v 0.7010 0.8690 -0.3616
v 0.6783 0.8773 -0.3532
v 0.6806 0.5717 -0.3595
v 0.7072 0.5839 -0.3631
v 0.7574 0.5785 -0.3622
v 0.1206 0.7847 -0.3502
v -0.7331 0.4160 -0.3535
v 0.6560 0.5376 -0.3454
v 0.1174 0.5444 -0.3571
v 0.1063 -0.0555 0.3720
v 0.1337 0.7547 -0.3444
v -0.1130 0.7699 -0.3436
v -0.1345 0.7591 -0.3398
v 0.1270 0.5493 -0.3414
v 0.6918 0.8611 -0.3331
v -0.4265 -0.0873 0.1590
v 0.0006 -0.3567 0.6221
v -0.2536 0.1742 0.2667
v -0.0379 -0.3681 0.5638
v -0.5243 -0.8088 0.1724
v -0.2980 -0.9686 0.2812
v -0.0162 -0.1905 0.1539
v 0.4175 -0.9036 0.1023
v 0.6315 0.6850 -0.2784
v 0.4451 0.3687 0.1631
v -0.3848 -0.8161 0.1070
v -0.1790 0.7852 -0.2718
v -0.5115 -0.7224 0.1039
v 0.6448 0.7219 -0.2590
v 0.1924 -0.9321 0.4102
v 0.0593 0.6436 0.4923
v 0.3477 -0.7857 0.1690
v -0.4990 0.5359 -0.2446
v 0.7774 0.6643 -0.2490
v 0.4315 -0.5872 0.1705
v -0.6627 0.3759 -0.2325
v -0.1416 0.5796 -0.2261
v 0.2557 0.0088 0.0997
v -0.0468 0.8455 -0.2304
v 0.2854 0.2460 0.1114
v 0.1489 0.6111 -0.2094
v 0.5580 0.6580 -0.1981
v 0.1759 0.7060 -0.1916
v -0.1256 0.8184 -0.2008
v -0.1828 0.7264 -0.1925
v -0.1698 0.5359 -0.1848
v 0.6902 0.3953 -0.1846
v 0.3165 0.5796 0.2853
v 0.5200 0.5911 -0.1734
v -0.0087 -0.3642 0.5387
v -0.5220 0.5671 -0.1768
v -0.1872 0.4629 0.4909
v -0.4115 -0.0772 0.2316
v 0.0771 0.8144 -0.1504
v 0.0373 -0.2049 0.2940
v -0.1690 0.4370 -0.1622
v -0.2508 0.4621 -0.1561
v 0.1433 0.5429 -0.1637
v 0.0892 0.1976 -0.1507
v -0.2758 -0.0163 0.2955
v 0.8196 0.5248 -0.1360
v 0.3049 -0.1959 0.3291
v 0.2546 0.4224 -0.1283
v 0.5030 0.5111 -0.1187
v 0.3368 -0.8373 0.1913
v 0.5800 0.6438 -0.1185
v 0.4757 0.5086 -0.1072
v -0.0128 0.8800 -0.1116
v -0.2750 0.2638 -0.1010
v 0.5962 0.6427 -0.1017
v -0.6008 0.5748 -0.0984
v 0.3135 0.5931 0.2945
v 0.3056 0.4876 0.3517
v 0.1601 0.7953 -0.0859
v -0.0419 0.9054 -0.0891
v -0.0906 0.0833 -0.0799
v -0.3856 0.5821 0.2275
v -0.6346 0.5281 -0.0794
v -0.3358 -0.4472 0.1930
v 0.1276 0.8439 -0.0645
v 0.1190 0.8532 -0.0734
v -0.4730 -0.1369 0.1947
v -0.3110 -0.4396 0.1250
v 0.3444 -0.9666 -0.0529
v 0.3454 -0.1765 0.3034
v 0.2529 -0.1124 0.3005
v -0.5387 -0.2938 0.1206
v -0.5226 -0.2424 0.1193
v 0.3751 -0.9796 -0.0478
v -0.0056 -0.1349 -0.0402
v -0.0466 -0.1218 -0.0461
v -0.5130 -0.9869 -0.0352
v 0.0546 -0.0874 -0.0199
v -0.2619 0.7280 -0.0255
v -0.4069 -0.7201 0.3064
v -0.5296 0.5817 -0.0247
v 0.2175 -0.4183 0.2372
v -0.3882 -0.3811 -0.0234
v -0.4775 -0.3549 -0.0234
v -0.2642 0.0029 0.3064
v -0.3472 0.6742 0.1987
v 0.1739 0.8089 -0.0191
v 0.1638 0.1847 0.3711
v -0.1403 0.8769 0.1961
v -0.3166 0.6602 0.3064
v 0.4771 -0.9532 -0.0022
v 0.3580 -0.4729 -0.0082
v 0.3634 -0.8658 0.1248
v 0.0405 -0.1347 0.0021
v 0.3544 -0.9774 0.3124
v -0.3014 0.7092 -0.0059
v -0.6539 -0.9830 0.0016
v 0.2820 -0.4445 -0.0011
v -0.3614 -0.4447 0.2035
v -0.2217 0.1618 -0.0023
v -0.4548 -0.5788 0.0070
v -0.4108 -0.5212 0.0044
v 0.2668 -0.4412 0.0082
v 0.5761 0.3430 0.0169
v -0.3569 0.6322 0.0038
v 0.0762 0.7202 0.4437
v -0.1492 0.8642 0.1991
v -0.5940 0.4534 0.0116
v -0.3458 -0.0481 0.1264
v -0.0036 -0.2014 0.0219
v 0.5506 0.3344 0.0271
v 0.4976 0.3686 0.1204
v -0.2055 0.7847 0.0242
v -0.3876 -0.6322 0.0267
v -0.5585 -0.4433 0.0286
v -0.0212 -0.2114 0.0270
v 0.0099 0.4600 0.5183
v -0.4532 -0.9940 0.0451
v 0.2876 -0.9371 0.0399
v 0.3784 -0.1575 0.0510
v 0.2532 0.1889 0.0324
v 0.2500 0.7169 0.0456
v 0.2256 -0.8607 0.3795
v -0.4441 -0.6878 0.0610
v 0.6020 0.4255 0.0601
v -0.5844 -0.8868 0.0669
v 0.4621 -0.3114 0.0708
v -0.5348 -0.2779 0.0655
v -0.4293 -0.7167 0.0617
v -0.6209 -0.9855 0.0801
v 0.2325 -0.6003 0.0806
v 0.4276 -0.1914 0.0863
v -0.3900 0.5300 0.2383
v -0.5659 -0.5433 0.0853
v 0.4861 -0.9576 0.0913
v 0.4144 -0.1653 0.0925
f 3925 2712 1369
f 1747 2961 3450
f 3175 3711 3166
f 3010 4156 3108
f 4325 5520 3279
f 2244 3645 3653
f 1066 1346 2599
f 3051 4568 5861
f 3800 3921 6373
f 3497 587 2695
f 1587 4366 3437
f 5693 6398 2414
f 1464 138 1988
f 2998 993 6288
f 2362 3562 30
f 2858 3890 5251
f 505 2251 4559
f 1738 3773 6180
f 55 6336 5241
f 1751 2099 4621
f 1181 4690 633
f 16 2486 2719
f 45 2321 4218
f 83 4913 724
f 1218 6122 6704
f 1366 4252 5303
f 295 2918 2613
f 1483 945 2339
f 5475 2262 4529
f 1562 4931 1392
f 2731 4976 277
f 4417 5898 5404
f 804 4542 4282
f 5018 1678 2952
f 1579 5284 4999
f 245 4673 950
f 2335 5529 5299
f 493 5046 5950
f 249 4340 4426
f 5019 3173 2448
f 2925 3797 4772
f 50 3609 642
f 1734 2040 4772
f 1722 1213 3748
f 4644 3945 6765
f 695 4839 6126
f 2170 1893 1239
f 606 3728 1163
f 263 2626 2498
f 4880 2669 6857
f 3953 912 2761
f 3360 6027 4717
f 66 905 3440
f 3084 6559 4798
f 2265 5099 673
f 634 1148 6078
f 3510 1027 3170
f 34 3017 6237
f 2950 3476 3760
f 291 3185 3658
f 328 4947 1196
f 5885 1270 6127
f 2523 2940 4819
f 3478 4767 5028
f 4729 5707 3484
f 1210 4791 2843
f 2973 686 5414
f 3323 5418 2536
f 1917 2665 5141
f 2556 3584 5606
f 238 2591 5387
f 2334 4168 3436
f 3974 6258 1883
f 3215 5511 1130
f 122 1761 1020
f 2912 4344 6447
f 745 2385 4692
f 6078 6727 6955
f 2541 1714 6264
f 6071 6612 5995
f 473 3255 3339
f 1071 3305 1816
f 9 934 1025
f 940 4873 4752
f 4447 2584 20
f 3130 6295 6858
f 3894 6048 2726
f 2455 3083 2711
f 4336 6913 5718
f 598 5969 6287
f 143 6763 3147
f 1159 2979 6837
f 6613 1848 5208
f 1653 5144 5012
f 1464 1988 2526
f 236 5230 4582
f 1933 2779 5835
f 1294 6495 286
f 160 4146 6715
f 137 2745 2683
f 1439 3226 566
f 1435 1736 6198
f 385 1085 1327
f 2110 3169 2166
f 1071 1816 3158
f 2869 4301 3829
f 2052 2499 6486
f 3881 19 5678
f 1504 5566 367
f 4860 5338 3026
f 82 3852 1417
f 865 2213 1552
f 615 6744 4145
f 1722 4451 5958
f 1072 2141 6472
f 4718 6193 6331
f 2144 862 1050
f 5789 5272 5295
f 5244 6102 854
f 3122 5697 4711
f 107 515 873
f 6520 3469 4822
f 149 930 6048
f 4666 2595 941
f 3999 5067 5367
f 1666 1587 3437
f 668 3485 5424
f 5795 5978 3589
f 256 3704 5606
f 2999 316 5959
f 1188 2299 5608
f 2674 751 3309
f 207 136 6003
f 2699 3420 3051
f 2612 2512 6576
f 2505 3669 6046
f 2441 3447 5619
f 1312 1231 6781
f 3673 3698 5360
f 244 4140 4432
f 1967 3709 1425
f 5612 5179 6045
f 773 6823 5967
f 5023 219 5068
f 3965 3512 6739
f 1002 6832 2780
f 1781 4912 6956
f 1489 2644 5907
f 2033 109 5626
f 3763 184 5380
f 2461 6456 3461
f 782 3575 3731
f 1163 3728 4419
f 4439 1686 5343
f 870 874 3338
f 1942 3692 2568
f 3170 1027 4836
f 1261 5140 2658
f 2769 4361 4712
f 5149 3099 4890
f 742 3715 3806
f 2167 3308 269
f 2571 4637 1297
f 482 5288 2743
f 1520 4310 2600
f 633 6187 1533
f 3610 5601 3956
f 5790 5913 6806
f 3493 5987 2175
f 472 3941 220
f 3582 5392 3503
f 465 1584 931
f 3473 2752 6661
f 1876 4651 150
f 952 5396 1053
f 650 4240 2766
f 232 6208 2670
f 1571 2351 6193
f 3790 3359 5527
f 4769 459 3240
f 128 4959 1373
f 634 6705 1703
f 894 1080 4705
f 2736 5736 4321
f 3205 4702 4882
f 5233 3445 5350
f 3015 3862 5788
f 3468 2572 4593
f 3064 4660 4063
f 1929 6721 5647
f 3863 3088 5357
f 520 40 2378
f 2062 3936 4316
f 3336 368 6336
f 1452 4838 255
f 2336 4930 4866
f 854 6804 3079
f 333 6485 1361
f 2260 4811 1345
f 5452 1803 2406
f 433 1141 1518
f 2499 1597 5990
f 881 3796 874
f 947 6669 4780
f 862 1160 5983
f 5280 6938 6759
f 139 4581 432
f 1247 338 643
f 63 6624 5248
f 130 2159 3066
f 4122 1361 2370
f 334 2784 3095
f 2989 4269 3468
f 4011 280 1378
f 1753 986 6471
f 284 1450 1717
f 5485 2649 6135
f 2854 6572 5060
f 642 2052 2631
f 372 2581 2245
f 204 4834 5587
f 1902 4205 6908
f 1452 4497 2886
f 3128 6108 2350
f 3234 2192 6239
f 5591 6077 2857
f 5085 5444 6830
f 3602 5252 6577
f 1577 6805 1860
f 957 802 4620
f 956 3288 5892
f 640 4546 2695
f 1795 6432 6346
f 1989 4374 6355
f 5026 2222 6495
f 4039 5217 2852
f 3673 6463 2461
f 524 4649 2504
f 378 2146 2021
f 4287 3106 2326
f 3821 994 1304
f 695 6126 6090
f 1268 3117 2286
f 2035 2888 6620
f 515 4671 5744
f 5160 909 3132
f 534 5891 3087
f 1968 3250 5838
f 2616 1828 4625
f 1920 33 5825
f 3483 5084 6422
f 5418 5924 4020
f 4593 6792 792
f 2894 2414 6232
f 3359 4687 3238
f 957 4620 6503
f 5565 4790 1106
f 4644 6765 6543
f 477 5108 3586
f 4926 6770 3912
f 2239 4522 593
f 2949 3361 4488
f 1809 3366 4749
f 191 3599 6490
f 1912 6373 2657
f 1718 6905 5745
f 1970 5823 3399
f 3533 5568 2831
f 2656 5584 2583
f 2100 2908 2392
f 1411 4337 6117
f 3776 229 2574
f 1201 1358 2420
f 2582 6881 6877
f 5118 620 1811
f 68 1983 5335
f 1044 4495 2130
f 373 3393 3341
f 2726 6048 3550
f 2439 5881 6335
f 819 5083 2957
f 1189 1976 6737
f 698 1713 4450
f 1770 1258 96
f 6460 4677 718
f 1727 2466 5996
f 666 707 1420
f 284 6541 2152
f 2566 1049 5324
f 3485 3471 4440
f 238 3062 4080
f 3180 5663 6222
f 1350 6539 4816
f 1307 393 6397
f 3182 4 639
f 565 5929 3121
f 974 1433 3331
f 271 1866 898
f 1176 472 532
f 5310 4944 756
f 3745 3149 442
f 5916 2391 6288
f 2513 6013 2354
f 434 4592 2676
f 2504 5602 5857
f 2789 6510 5943
f 2018 4302 2164
f 5023 2508 571
f 4553 6491 1528
f 143 3769 4149
f 1477 1873 2053
f 3381 3368 5195
f 418 3537 5941
f 1889 3734 6406
f 2352 4276 3154
f 833 1778 4424
f 2077 1962 4284
f 2553 3077 2582
f 26 6591 2547
f 1486 705 5251
f 3580 3982 5747
f 1101 398 2993
f 2196 6766 6291
f 695 6090 4119
f 4363 3040 2851
f 466 3116 3061
f 2781 5050 6719
f 298 3285 4991
f 2711 3923 3626
f 1002 2780 5390
f 3235 350 5521
f 1281 5345 4111
f 4279 4687 5861
f 92 4404 4777
f 5872 311 1007
f 1968 5838 4624
f 3169 5327 2041
f 592 817 2176
f 3129 4849 87
f 2994 132 4570
f 1401 2134 6117
f 4054 400 3903
f 872 748 2453
f 379 37 5684
f 801 279 2822
f 365 6609 3645
f 3105 5126 6377
f 610 1512 1505
f 6225 709 1140
f 5689 5995 6612
f 1754 784 5862
f 839 4194 793
f 1473 4981 4524
f 612 3850 1856
f 4281 2302 4234
f 4544 5395 5346
f 4140 4820 4432
f 978 3365 215
f 1081 2056 1925
f 2465 3433 6332
f 1002 5390 1858
f 2705 6171 4343
f 4320 2088 693
f 4382 4968 2694
f 3721 1318 4470
f 5712 1902 5964
f 869 5546 1544
f 4072 6001 5733
f 2323 6681 2594
f 483 5002 3439
f 5128 6492 5365
f 1722 2929 1213
f 669 5816 1144
f 5714 6483 5347
f 647 829 1112
f 731 236 4582
f 4046 941 4355
f 4852 4633 1942
f 703 955 569
f 4871 5903 3324
f 3128 5908 6108
f 342 1716 2158
f 260 1232 2635
f 316 5726 2619
f 665 5507 4324
f 1366 530 6155
f 1453 1663 5547
f 2785 6678 4181
f 47 4874 1708
f 2971 6564 2065
f 1932 3954 1444
f 2537 5596 5973
f 1052 1121 3146
f 3905 1371 4543
f 5124 6664 6537
f 969 4056 6837
f 4542 6820 3346
f 4621 5079 6340
f 5321 4509 2467
f 1633 5520 3864
f 2834 3394 1550
f 1100 4611 3060
f 5565 4779 5778
f 6309 4156 3110
f 488 242 3794
f 1802 6555 6663
f 2265 5321 5633
f 6189 6267 5116
f 2138 3113 1880
f 2218 174 3816
f 1983 4668 5335
f 3911 6827 6752
f 3903 5967 5870
f 649 1913 6870
f 4477 2736 2118
f 2175 5987 2928
f 369 2408 4328
f 36 2399 6444
f 3514 3049 3828
f 2425 3600 5824
f 3386 2446 2345
f 2322 5323 6756
f 4170 3076 4264
f 1207 1644 4115
f 330 6348 1199
f 295 2613 3854
f 3994 5368 1096
f 1440 3648 6439
f 3521 3968 6058
f 615 3646 6744
f 2426 5204 4676
f 2800 6441 2909
f 1264 3688 4560
f 1629 6010 6940
f 3643 64 2496
f 3551 2058 6725
f 645 1334 883
f 1522 303 4889
f 5402 4860 1814
f 5353 4249 6702
f 204 2937 1839
f 3633 301 5849
f 2294 3434 4282
f 2597 4469 6669
f 646 843 2696
f 2039 2751 5957
f 5272 5789 2246
f 4199 6456 5629
f 1212 3331 4569
f 139 803 3974
f 3855 2462 6113
f 2481 1931 3752
f 2933 4237 3508
f 3526 3952 1286
f 442 2337 3736
f 1082 1846 597
f 3096 5231 5458
f 4497 6277 5227
f 3503 4557 3582
f 5203 5609 5262
f 4440 3471 186
f 4097 4323 6686
f 3774 5571 3008
f 2144 1299 2608
f 4414 6860 125
f 3002 4227 2669
f 2851 4088 3589
f 338 1036 2420
f 2652 4487 313
f 3897 4867 62
f 886 3281 5192
f 2658 5140 4176
f 825 6028 5515
f 716 4819 2940
f 725 6845 3412
f 940 4466 4873
f 786 1355 5190
f 5591 4677 6460
f 921 778 564
f 1780 1482 6317
f 3734 5102 6406
f 2086 2012 954
f 4134 1254 6184
f 928 596 2050
f 3243 4866 4930
f 1804 3387 5277
f 898 2097 3662
f 1832 1966 3730
f 673 5820 6158
f 2846 5047 6248
f 5004 6311 2890
f 3634 5286 1712
f 937 6446 2502
f 3369 3995 4280
f 4405 4829 312
f 5999 4695 1582
f 3561 5187 5118
f 1346 1066 5088
f 5677 4346 6035
f 1472 1001 3970
f 2207 4536 1104
f 1595 62 4867
f 5449 6842 282
f 1922 2940 2523
f 1501 6384 469
f 4890 6513 1491
f 1864 3017 2708
f 207 5374 136
f 2907 4443 3090
f 1013 4255 3511
f 893 2209 1095
f 457 6275 6242
f 4202 2406 1803
f 4496 5514 4812
f 2509 2801 1091
f 2751 4818 5596
f 2031 6867 1383
f 1879 5040 6805
f 5157 6656 794
f 4630 3322 6062
f 3012 5476 120
f 6322 3246 6885
f 1758 4983 2083
f 531 5892 4200
f 4052 3526 2471
f 2433 465 3702
f 3198 6395 1097
f 3461 5581 3150
f 5665 3723 1728
f 2529 360 5143
f 6000 1103 6904
f 301 3267 4105
f 2763 6278 1410
f 4712 3285 6534
f 3218 2495 1750
f 2968 3325 1214
f 2253 3699 3563
f 1604 4174 93
f 1475 716 3153
f 1303 2468 686
f 1784 3427 6425
f 1715 3728 3479
f 5755 3970 1001
f 1376 6656 4128
f 6133 5219 6403
f 4509 6149 2467
f 3107 2220 3290
f 5888 6153 247
f 3548 6390 6831
f 4152 1445 5232
f 256 602 2824
f 1085 4693 4079
f 6115 800 3352
f 1796 3207 884
f 1921 3231 3082
f 2119 1390 1926
f 4274 6191 3880
f 5363 2064 6773
f 5821 6430 923
f 1751 5263 3881
f 511 5549 6562
f 1472 6566 5618
f 3829 1820 48
f 559 4005 1076
f 3916 4283 837
f 3979 3949 324
f 4173 887 2315
f 4576 6461 6830
f 5540 5301 1875
f 1055 4555 5193
f 965 6801 1033
f 4329 2417 1205
f 3082 326 915
f 3134 2549 5592
f 3934 4666 491
f 1842 4766 1302
f 1335 4922 4002
f 914 4947 328
f 2352 2095 5395
f 5663 5964 6556
f 457 6954 6275
f 913 4764 5342
f 4560 468 5441
f 3896 6823 6128
f 3821 5185 994
f 4613 3579 795
f 1776 5063 6547
f 4746 3953 1864
f 1676 3603 2932
f 1724 148 2340
f 3920 4406 5986
f 4415 3820 5246
f 2286 2370 4241
f 1897 5286 1110
f 1009 6122 100
f 2841 5863 4941
f 72 5772 3843
f 3994 2886 5368
f 3453 2863 6407
f 495 4521 3605
f 3364 4212 6868
f 6653 589 6743
f 3735 2000 1961
f 1804 5783 3387
f 4435 464 2809
f 1130 46 4083
f 1695 5326 3563
f 440 2163 3788
f 3492 6581 6431
f 2330 6693 3280
f 3575 5711 1005
f 4431 5349 1952
f 420 2310 3831
f 1502 5361 3484
f 1633 6867 2942
f 4973 201 3371
f 4059 6725 2058
f 1105 4680 2939
f 1911 450 49
f 195 3554 1152
f 2450 162 3942
f 976 3785 121
f 562 3151 5027
f 5057 5946 1647
f 374 5206 2156
f 195 458 2224
f 1745 5718 3704
f 1496 4926 3722
f 2145 6321 4925
f 435 621 3478
f 804 5120 4542
f 97 2009 1166
f 1689 3574 1231
f 3841 3722 968
f 2144 1160 862
f 1838 5547 2882
f 1345 4242 3975
f 2990 6289 5797
f 1223 4229 3225
f 1506 5249 323
f 2768 5472 5817
f 5600 3886 5801
f 1734 5538 1499
f 6308 6838 6016
f 4078 1147 4331
f 910 6127 1270
f 6533 5558 6776
f 4006 4989 4947
f 1012 2405 1675
f 235 3749 4334
f 5947 1691 3776
f 1802 6663 1536
f 2654 5003 2022
f 144 27 5815
f 254 3717 2502
f 3926 5917 5456
f 2060 552 6829
f 2728 5020 5880
f 2280 1250 5473
f 5259 485 2447
f 4664 3884 1518
f 963 3409 3163
f 939 1031 1143
f 2322 6733 5323
f 4151 4138 1230
f 5896 796 5562
f 144 3423 27
f 526 4312 4843
f 2197 5406 3052
f 1137 874 870
f 713 6553 985
f 3265 2281 2375
f 289 2726 3550
f 4070 6557 2899
f 3207 2220 3786
f 4722 3613 3557
f 461 1724 2340
f 3773 4640 6180
f 2423 2895 62
f 61 4498 6735
f 4289 1651 6682
f 4608 6185 4778
f 363 3733 5055
f 4015 6105 6112
f 2592 3199 5810
f 1881 3261 723
f 1287 5432 2808
f 517 6636 2395
f 1352 5302 4259
f 3777 2133 4870
f 137 698 4450
f 1537 6936 5571
f 3868 715 5282
f 502 5786 2606
f 4 4762 5924
f 784 6793 5862
f 1684 5031 4074
f 2971 2400 6691
f 594 2134 1401
f 1128 1379 4332
f 267 3908 1997
f 147 2278 3783
f 906 5491 5714
f 3043 5362 5625
f 321 6013 5646
f 2477 1116 2921
f 4264 6729 4642
f 176 5979 3706
f 1845 789 3861
f 3255 3351 3339
f 5912 4564 2874
f 3301 4971 645
f 366 6269 1443
f 3492 3644 5281
f 997 2305 1171
f 3290 5790 6806
f 5619 2619 5726
f 5840 5254 6089
f 5495 6660 1974
f 2382 1406 4726
f 2548 1173 5829
f 427 928 1406
f 1933 2674 2779
f 5331 4608 4778
f 6000 4705 6407
f 2830 4117 6816
f 148 5274 1193
f 3530 6603 5739
f 2843 4791 6352
f 1984 1093 1945
f 4129 827 3911
f 1694 4071 2605
f 830 4171 3757
f 806 4638 3966
f 4053 5436 1503
f 862 5983 5781
f 34 1885 2158
f 468 6462 3289
f 1763 6619 3022
f 3708 601 6108
f 3535 3878 4961
f 1922 5991 2940
f 1530 6345 2568
f 4920 6145 4538
f 2437 1858 1039
f 933 5902 5399
f 1779 1236 4416
f 1702 4895 6749
f 3779 5382 6506
f 4705 6038 6920
f 3045 702 5384
f 2059 2735 1269
f 3101 2197 2185
f 2403 4885 2375
f 2143 3732 2574
f 3777 6599 1535
f 2887 1086 376
f 1875 3793 2934
f 1081 4957 189
f 1677 885 1808
f 2378 6888 1892
f 765 4227 1697
f 753 4452 6507
f 1797 1282 5534
f 3418 5637 2150
f 3721 4470 946
f 1293 4721 3686
f 2571 2480 4637
f 5793 6392 3426
f 2334 2858 2808
f 2955 3607 1556
f 1884 6107 3042
f 2978 2395 1930
f 2773 178 6952
f 844 2980 4891
f 2993 6156 2315
f 899 6640 1156
f 3883 3939 5866
f 1632 1645 3320
f 5329 5081 5773
f 2712 4724 5264
f 1303 5086 1203
f 6249 6669 4469
f 475 4069 1412
f 5320 5439 1732
f 4948 3638 3587
f 2095 2352 5487
f 3425 5821 6834
f 3229 5967 3903
f 1048 121 377
f 4417 5885 5898
f 2770 4986 1592
f 363 103 3733
f 603 502 5629
f 2004 3398 1078
f 2416 3988 4381
f 4036 6483 4712
f 1576 5735 4274
f 3215 1130 4684
f 1453 1815 1663
f 970 3472 4887
f 3203 67 92
f 5872 4505 6386
f 603 2936 4537
f 1637 697 4403
f 465 3232 1584
f 2188 5396 5761
f 3817 2212 11
f 2604 3633 3993
f 3568 4928 5422
f 3177 2108 17
f 5563 2002 1126
f 657 2915 1999
f 473 3145 3255
f 1565 1045 5371
f 4497 5227 6521
f 243 570 1405
f 764 1180 1320
f 3262 972 6612
f 984 1390 2119
f 1365 2601 5313
f 4994 5169 1181
f 4781 5656 5269
f 2377 498 749
f 2822 6322 801
f 1394 5561 2617
f 858 3063 4444
f 5539 6746 6653
f 2753 4055 5142
f 791 167 4045
f 2026 1411 6117
f 2805 3778 6567
f 1802 1512 276
f 3180 3777 4870
f 4025 6780 6581
f 1530 6849 2630
f 917 5043 1457
f 2043 81 6409
f 4110 4855 3136
f 1879 1577 4096
f 3497 2695 1710
f 4625 1828 5617
f 1127 5897 4502
f 962 6274 1278
f 804 4282 5839
f 486 6300 2636
f 6263 5692 401
f 1986 6815 4663
f 4868 5456 5947
f 1741 6524 5645
f 2208 5655 6265
f 82 4292 2713
f 1793 184 2051
f 4693 1085 6006
f 153 4607 1686
f 566 3623 2463
f 894 4705 6920
f 2451 4315 4773
f 254 2502 6481
f 3096 5407 5138
f 1586 3270 3713
f 2975 4215 1940
f 1241 2341 4360
f 5972 2027 6065
f 3356 5100 5162
f 1069 5835 6259
f 249 920 5988
f 1672 5934 3367
f 4751 6299 5412
f 2032 6063 6841
f 910 4610 1118
f 2459 3336 3590
f 5053 5116 6807
f 3437 3348 1666
f 3253 266 4714
f 158 6829 552
f 409 1140 709
f 3872 822 6011
f 175 6316 5720
f 2830 3005 4117
f 3883 6032 160
f 3560 2053 4638
f 4213 6739 3512
f 1413 5296 2082
f 1496 3722 2392
f 1217 3929 1944
f 660 2685 4511
f 4199 5629 502
f 3228 1651 4085
f 1554 1699 3140
f 5504 1053 2987
f 1252 2282 5586
f 1356 5154 2372
f 4163 5052 5031
f 1174 5630 6325
f 2930 5447 6600
f 5324 2941 5535
f 4162 3028 5572
f 903 2562 1608
f 4535 4750 4745
f 2617 5561 208
f 2131 4547 3052
f 4668 6514 4679
f 1393 3680 6034
f 5121 529 3335
f 144 2770 6878
f 2163 4184 1432
f 2683 2745 3464
f 3677 4427 3671
f 5375 1886 5968
f 5524 4139 4481
f 4703 6465 4628
f 1683 4331 6235
f 1867 3844 1216
f 4409 4603 4761
f 3015 6115 6828
f 1285 3000 2379
f 4600 5402 5167
f 458 1777 2224
f 3882 3551 6339
f 837 911 4484
f 1766 5615 3225
f 198 929 5649
f 431 1708 4874
f 2404 3111 6683
f 5828 3389 1961
f 2423 2047 1578
f 2786 5869 4551
f 4840 3969 382
f 5623 6067 6024
f 1775 4214 341
f 4100 4229 1223
f 2741 5800 5261
f 600 4823 5548
f 1971 2518 4596
f 5160 4869 909
f 4650 6897 6202
f 6384 6691 1384
f 3545 5143 360
f 1676 2292 3303
f 148 1193 6628
f 2076 2184 4277
f 1563 5724 3373
f 292 4349 2420
f 477 3586 5151
f 4678 1570 6449
f 1909 1237 6910
f 4449 5460 4946
f 2676 4518 1603
f 519 5002 2120
f 2970 4495 3173
f 1447 279 6592
f 3266 4775 3139
f 2883 3018 3544
f 5372 1360 5653
f 1786 6399 2884
f 1612 3710 6360
f 5020 5757 6253
f 4722 5272 932
f 1587 1399 2226
f 433 1518 3884
f 5801 4161 2110
f 1049 3580 5747
f 1929 1615 5208
f 1976 4685 5053
f 432 4581 3536
f 1147 3824 4331
f 1386 4359 4552
f 1613 2107 3865
f 5681 6919 5353
f 4997 1765 4236
f 5993 5942 6073
f 5081 622 5773
f 2516 6485 5936
f 864 3594 3120
f 5446 2190 1353
f 4063 5263 5882
f 3026 2391 4322
f 284 1717 3500
f 1115 3372 2244
f 5800 3662 5261
f 848 3542 6099
f 5197 3217 1596
f 2947 1071 4243
f 5539 6748 6746
f 1834 973 3534
f 2029 5047 5919
f 3845 3487 6255
f 1757 1936 3149
f 4858 5580 6291
f 2354 2318 1083
f 2641 935 4308
f 471 5060 6572
f 4645 1443 2401
f 2121 3561 3615
f 3129 87 2660
f 2169 3130 6858
f 2047 6155 6570
f 403 2355 2702
f 5103 918 4856
f 3712 1405 4131
f 4866 3970 5755
f 292 3601 4349
f 4065 3303 1090
f 2218 3816 5383
f 3066 145 4484
f 1638 2823 497
f 1952 179 3422
f 3801 186 5552
f 494 1770 3741
f 333 6252 1079
f 3459 6089 6450
f 2381 4052 4537
f 3622 6365 1971
f 2184 2810 795
f 5889 1991 6531
f 6328 575 2011
f 5106 2536 2462
f 1626 6802 564
f 1905 1260 2573
f 3469 4223 999
f 2423 1578 2895
f 6388 5758 633
f 737 2879 2091
f 4179 1112 6528
f 2439 6335 1026
f 4141 1428 6169
f 6094 6764 5246
f 4592 4743 412
f 410 726 5207
f 1078 3398 3660
f 585 1885 34
f 3949 188 341
f 179 1904 3422
f 1217 1944 2482
f 456 1376 6255
f 815 3201 681
f 2596 3799 1623
f 3943 6659 3116
f 3802 6170 3824
f 554 4736 4732
f 5522 4058 2527
f 4924 6711 6594
f 545 460 2742
f 431 2472 2829
f 706 2369 3402
f 2410 2487 1355
f 5408 259 6824
f 464 4059 5664
f 1299 3866 6541
f 1441 1766 3225
f 4659 3591 1491
f 3296 418 6083
f 696 422 3663
f 3463 5444 5085
f 2211 6798 2739
f 1760 1636 2146
f 5875 5416 6655
f 1167 6379 3718
f 2902 3587 155
f 2107 5506 2900
f 2423 3570 2047
f 3179 198 436
f 3725 4527 5032
f 1153 4226 6257
f 2260 77 3764
f 5323 5098 5798
f 840 4419 6054
f 777 5182 3115
f 4979 4969 1440
f 2957 5352 3669
f 2010 3765 3412
f 3003 2285 6920
f 1996 6389 3549
f 1697 4227 3002
f 706 3402 1600
f 4585 3582 4557
f 3654 4847 3784
f 4085 672 260
f 1909 1235 1237
f 508 2048 2069
f 5199 3469 6520
f 4270 832 6961
f 1258 2490 5440
f 1493 5117 281
f 1925 4929 3772
f 4465 1459 4990
f 3961 532 5302
f 1812 200 1132
f 1590 2093 6767
f 3905 4543 5389
f 2931 5457 2320
f 4355 6125 3838
f 1988 2836 2526
f 1223 5615 2793
f 2279 424 6255
f 6573 5253 2975
f 5427 6142 6261
f 2095 2787 5346
f 4456 1341 2384
f 5509 6476 6539
f 4020 3896 6128
f 1667 5962 6372
f 611 346 1926
f 4168 3389 5828
f 3978 5793 5240
f 3448 1878 2336
f 4900 5317 5165
f 1593 529 5121
f 1464 246 138
f 2085 216 497
f 3701 912 1219
f 3390 851 6445
f 2381 2936 2656
f 824 6045 5179
f 1586 5266 2394
f 818 3498 4640
f 178 2773 504
f 3372 2910 6571
f 2009 5860 4774
f 5358 2159 3330
f 882 2376 3571
f 2933 3508 5079
f 2389 3280 3744
f 169 769 3286
f 1365 5313 6487
f 12 3651 1422
f 1544 5546 1212
f 4016 2241 3547
f 4436 3705 6587
f 2685 2860 6941
f 4339 5548 440
f 1648 2632 3112
f 412 3527 38
f 2638 3709 6895
f 1399 1587 1666
f 2757 3376 2511
f 1608 2562 3955
f 3743 5113 5950
f 2042 389 4977
f 1652 5544 5188
f 1129 826 5939
f 809 2341 3672
f 2664 6518 4586
f 718 3762 481
f 2199 6775 1759
f 935 5624 4308
f 4335 3018 2883
f 4168 6511 3389
f 475 5330 4449
f 2784 6250 5743
f 3126 2428 6021
f 3809 2115 4803
f 4940 2472 1726
f 1246 3069 1546
f 32 5398 2897
f 1067 252 4062
f 5754 6026 1737
f 652 1975 6129
f 438 2377 2319
f 2576 6772 3102
f 4225 6409 5848
f 5912 6068 4942
f 2682 2209 4369
f 1705 5580 3325
f 3999 5367 253
f 2417 6085 6138
f 4636 3641 6209
f 2351 1854 1143
f 1936 5686 5954
f 2810 5091 4613
f 5717 5487 2352
f 2137 4470 5710
f 4034 467 2798
f 1724 5274 148
f 1583 1918 5399
f 1788 6722 2976
f 765 1479 2669
f 5516 6484 6279
f 4788 2198 5593
f 1114 2141 4376
f 781 4549 4859
f 4306 3580 1049
f 1903 461 6490
f 1697 3036 765
f 2661 1169 924
f 2954 2988 1144
f 2677 5780 5678
f 1225 2465 6332
f 4080 6954 1339
f 2638 1736 1425
f 2522 3795 5150
f 3074 3945 5698
f 664 1704 1210
f 2030 4694 2948
f 313 4147 2684
f 1241 2618 4004
f 2099 1751 5463
f 3891 3312 4909
f 1281 6529 5345
f 1315 6282 2400
f 4015 6112 834
f 4556 5437 2106
f 1450 1490 785
f 4412 6671 2419
f 4076 6044 5703
f 3235 721 3968
f 6150 4658 6742
f 4585 3959 4207
f 4360 2341 809
f 3589 5931 5795
f 2723 6269 4648
f 886 4298 3281
f 4876 4540 6734
f 213 774 227
f 3848 5145 3254
f 5118 5484 620
f 5420 6496 1849
f 967 656 1570
f 992 2109 1827
f 4589 4776 208
f 2136 2635 2729
f 3367 5934 2304
f 2928 5987 6917
f 3019 4235 1265
f 5064 6131 3746
f 4215 4799 5340
f 5770 4137 5599
f 1373 6430 5821
f 2430 3720 2469
f 3135 2434 6930
f 669 1144 2988
f 1520 4662 1941
f 4702 5301 3921
f 814 794 4125
f 6106 1737 6026
f 2033 3115 2769
f 4056 1159 6837
f 4709 6937 2228
f 6067 4896 6654
f 3898 1710 4026
f 2979 5700 5844
f 6069 5272 95
f 2605 4071 4285
f 2199 1759 5281
f 902 1799 3709
f 1794 860 2020
f 17 2108 2587
f 1102 1753 6471
f 1959 4186 4908
f 6097 5410 4658
f 2717 5297 4437
f 1280 30 3562
f 3237 1673 2504
f 1985 5855 2232
f 1564 5416 6735
f 3318 1887 4280
f 3524 95 5272
f 3650 198 5649
f 964 3276 3641
f 3622 22 6365
f 708 4612 2258
f 108 3963 2109
f 2353 452 6055
f 1068 1360 5372
f 5065 6846 5975
f 3678 1049 2566
f 2989 1928 4269
f 816 186 4438
f 5623 6024 5304
f 2620 89 652
f 3130 4313 6295
f 3578 5570 4030
f 73 3935 2444
f 2910 3372 6088
f 3303 2292 1090
f 304 6928 5453
f 546 6905 5348
f 2622 4740 4745
f 701 1496 2908
f 4505 2747 6386
f 993 4563 1660
f 3652 6411 1914
f 4645 5886 4845
f 5213 3530 5739
f 757 5951 4385
f 2108 2459 3590
f 306 1588 1924
f 4142 1380 5074
f 1404 5362 3871
f 1745 2824 4336
f 1304 994 3664
f 3227 5877 6902
f 3539 3435 1128
f 2122 2061 3233
f 42 869 1544
f 4009 5269 5695
f 6087 2276 923
f 70 4648 4771
f 3773 1738 5722
f 5220 1902 334
f 4174 6403 5219
f 2072 1455 4099
f 4827 6107 88
f 2201 4299 5896
f 451 241 2951
f 688 5841 2624
f 1586 4433 3270
f 386 2553 2582
f 3933 5684 2049
f 2190 2796 4595
f 600 1637 1357
f 6308 6016 4469
f 2770 1955 359
f 2811 1301 5492
f 5851 5604 6521
f 347 6776 3555
f 282 4247 4806
f 402 6895 5846
f 841 2221 5899
f 7 4153 6047
f 1422 5933 5879
f 3675 4860 4600
f 326 3359 3790
f 5130 4540 549
f 4449 6353 6797
f 6076 1699 345
f 1053 5396 2188
f 2788 4276 6215
f 789 1845 3876
f 5914 6844 6335
f 2645 6473 6184
f 63 4448 4552
f 2708 3701 1219
f 921 1809 778
f 296 4639 4643
f 2155 1672 1661
f 3105 6377 2297
f 3811 1543 4837
f 1257 6749 1284
f 3693 6258 3974
f 4006 4947 914
f 1136 5886 1877
f 2275 6313 6863
f 5854 3442 6714
f 1771 5941 3058
f 183 1973 5232
f 1622 630 2360
f 1789 4088 6033
f 3630 5557 6489
f 1234 6561 3900
f 2382 427 1406
f 4312 3448 4843
f 3059 3758 5697
f 2102 5314 6680
f 4305 3686 3021
f 4444 704 5113
f 3386 2345 2878
f 916 4898 5408
f 2922 872 5311
f 2037 4970 6645
f 5739 6603 6811
f 397 709 6486
f 2140 2538 5106
f 910 1118 742
f 625 787 5361
f 243 5614 541
f 2046 1088 6086
f 387 2802 3176
f 5446 6205 6104
f 5883 6195 3629
f 1883 5623 5304
f 770 954 2012
f 1419 3104 2747
f 456 3487 6144
f 2675 3103 5706
f 2148 5583 4636
f 2320 6162 6240
f 4001 5650 4623
f 2979 969 6837
f 4078 4645 4845
f 516 4795 1829
f 3088 4908 5643
f 1385 5161 747
f 867 1530 5393
f 1176 3961 3715
f 3165 3931 5981
f 5612 6075 5558
f 5763 1908 354
f 2221 5713 567
f 5423 841 6526
f 2665 2028 1045
f 728 2081 282
f 172 6797 6353
f 1461 6796 2832
f 5744 3027 3528
f 3489 4357 4486
f 1585 93 643
f 557 6937 1553
f 2688 1821 4532
f 1223 2793 4100
f 3908 5465 3808
f 3849 5858 5271
f 5218 2246 5789
f 902 3709 1967
f 2815 3361 2949
f 2174 6881 2544
f 3417 2596 3167
f 2754 1969 4408
f 201 2760 3371
f 50 766 3609
f 460 5955 2742
f 3557 3613 4175
f 634 1703 1580
f 2037 6645 5209
f 670 522 5
f 273 4965 6891
f 2358 6366 4148
f 186 816 4440
f 4690 6187 633
f 3059 5697 3920
f 3714 2996 6621
f 3041 1738 3506
f 3582 4809 3804
f 2340 6628 2935
f 881 2120 5002
f 483 755 5859
f 3836 620 5484
f 2814 6540 5680
f 4514 240 6102
f 1762 4556 4345
f 273 5979 6593
f 5759 362 2805
f 557 18 6937
f 2236 76 2177
f 2947 4243 79
f 1746 2525 6721
f 3268 1719 267
f 1764 2168 2708
f 4022 3911 827
f 124 340 4249
f 5264 5860 2712
f 119 6235 3824
f 2658 4176 4401
f 2445 2993 3782
f 905 66 2811
f 6355 4374 4215
f 714 2332 4910
f 4823 3050 6679
f 4046 1656 2681
f 2436 5587 5157
f 3564 5998 2170
f 1263 3823 6417
f 3646 4086 4136
f 3068 6118 6136
f 1089 3057 5094
f 468 2038 6462
f 5124 2169 6664
f 4571 6039 2610
f 3072 4922 5974
f 1997 3268 267
f 3306 5531 5373
f 3327 6438 6927
f 2546 1835 1233
f 486 1159 4056
f 1230 5052 4163
f 4699 6565 492
f 2849 5451 2189
f 1628 3585 2228
f 2911 6196 1521
f 1329 631 6412
f 239 808 4212
f 193 53 25
f 805 4887 420
f 3571 3353 1028
f 54 4353 3000
f 324 4891 4391
f 4963 756 3692
f 1493 3025 6720
f 2175 2928 5531
f 1272 1197 2924
f 4846 890 4680
f 4678 6449 283
f 2919 4964 3616
f 2350 3313 5331
f 368 4781 2005
f 5540 2934 5946
f 5466 4896 6067
f 836 2367 4263
f 3696 1286 5075
f 219 4821 5260
f 901 1387 1747
f 353 3310 4108
f 205 820 5628
f 5092 672 4085
f 84 5808 3294
f 2927 3841 209
f 3687 5800 1279
f 4286 6382 6441
f 3298 6854 2238
f 597 6655 1469
f 2603 6458 3230
f 2105 2195 5501
f 272 5905 5794
f 4776 3813 5766
f 1194 2552 2586
f 6395 1608 1117
f 1974 6660 5669
f 2761 3316 3953
f 6112 1109 2794
f 3298 4535 4740
f 726 3102 305
f 4067 4561 4879
f 2857 4557 3503
f 89 5936 6270
f 2216 6408 3666
f 2413 2270 6192
f 1539 3630 5205
f 2696 1062 1472
f 599 1083 2318
f 3264 2176 4363
f 6276 4669 481
f 2525 5024 5647
f 4562 2448 5706
f 305 3102 4438
f 106 4549 5997
f 554 2715 1157
f 1602 3951 6474
f 6304 6808 4412
f 4862 3337 4481
f 344 3815 1552
f 3719 3884 4578
f 3693 803 6301
f 1365 6871 6911
f 3510 1889 1027
f 4704 2375 2281
f 1434 1752 6132
f 441 1629 3223
f 5892 3288 4200
f 3642 3527 4723
f 3379 428 5855
f 2634 4221 3025
f 1638 6771 1283
f 6177 4706 5318
f 3798 1964 4732
f 3351 5632 2124
f 3413 3423 4307
f 5562 796 3842
f 1213 2092 1806
f 4068 5317 4192
f 974 2431 4271
f 3901 6378 1134
f 698 2588 1713
f 5301 6697 1875
f 6265 5655 6616
f 846 4492 6833
f 3678 4306 1049
f 1399 678 3417
f 3170 3184 2818
f 3690 231 4268
f 1974 5292 6343
f 2156 1234 2200
f 2430 2768 907
f 244 749 498
f 1332 3295 391
f 863 6337 565
f 2183 307 1993
f 3347 2258 4739
f 3568 1119 4928
f 738 1006 4878
f 2602 6148 5164
f 1739 3323 2853
f 1614 5234 24
f 5096 5758 6273
f 4120 2275 6863
f 1033 2572 6465
f 6381 6743 4879
f 4699 3346 6565
f 1786 2884 2667
f 371 643 6467
f 3324 6034 3680
f 3343 3684 5410
f 2920 5148 5837
f 513 1048 680
f 5628 6007 6066
f 447 779 5077
f 3247 5810 4236
f 318 6520 2510
f 936 4292 150
f 1747 2659 6027
f 1836 6270 5936
f 4797 83 3747
f 4849 6272 87
f 2216 1444 3954
f 3113 2877 823
f 1158 4881 3518
f 434 2676 1682
f 3291 1325 2677
f 4582 5230 4397
f 138 4303 2694
f 1420 904 666
f 6178 5975 5911
f 5184 4548 2342
f 1546 870 1246
f 104 5588 398
f 1133 1295 2360
f 3426 6392 1423
f 1885 32 1311
f 3267 301 747
f 1205 2417 6138
f 416 1661 975
f 4345 452 5904
f 708 3981 4473
f 1648 3112 5930
f 637 3262 4730
f 692 1818 6170
f 1811 356 2682
f 3736 4506 3745
f 3360 3948 1747
f 4449 6797 5460
f 2412 2938 2125
f 323 1370 1506
f 2071 6841 5572
f 999 4223 4575
f 5504 6041 5760
f 5482 4203 5782
f 937 5224 5856
f 861 1011 6500
f 3474 1454 6410
f 3290 6806 2915
f 542 4820 6143
f 5481 6639 2246
f 1459 2921 769
f 2383 344 3810
f 3489 6500 1011
f 4112 5261 6454
f 3462 3409 3498
f 1279 1956 6592
f 618 6351 844
f 1315 5515 6282
f 2591 1339 4090
f 2164 4302 6129
f 3480 6192 6148
f 466 2992 5455
f 3494 6944 2562
f 1120 4188 3569
f 238 5387 4831
f 4560 2601 1365
f 25 4714 1195
f 2634 4222 4221
f 385 6848 1085
f 4055 5574 586
f 1959 2503 4186
f 1374 3864 5520
f 4726 1406 2756
f 3801 3815 1824
f 627 5438 859
f 3888 3703 2709
f 3053 2102 6680
f 2101 4804 2997
f 2815 1274 3361
f 4078 4331 4753
f 1710 4546 6008
f 2944 4706 6177
f 3901 4529 5774
f 2153 5189 6218
f 3508 4145 5079
f 858 2807 3063
f 965 2419 1200
f 1818 3336 6336
f 1550 1934 4931
f 20 1154 3525
f 588 4726 2756
f 701 2908 1943
f 3127 3620 3219
f 133 122 5668
f 2017 1774 6220
f 5245 667 6301
f 1054 4831 4133
f 4129 5197 827
f 1177 6233 6604
f 1787 25 53
f 1502 4725 4803
f 3765 2592 548
f 4079 1327 1085
f 250 3166 1109
f 1630 3060 100
f 1550 3394 3636
f 5038 5672 3838
f 3862 1087 5671
f 102 6149 5870
f 3977 5127 6938
f 4874 47 4287
f 2522 5887 3795
f 540 3340 1248
f 3846 1580 4326
f 291 94 4150
f 1849 3531 4818
f 4533 215 4157
f 1374 1684 516
f 1387 2458 3727
f 4453 5172 5242
f 647 3244 960
f 4348 6935 5349
f 5048 2869 1594
f 835 1301 2811
f 4789 4261 6738
f 4648 2080 6505
f 3306 5373 5737
f 970 3434 3472
f 1462 2464 4154
f 4140 498 1773
f 1619 6538 2090
f 1415 2358 3410
f 3665 376 1086
f 4916 4961 2036
f 1479 4693 6857
f 1135 1972 6850
f 1627 4902 4318
f 5438 3488 2491
f 3557 4175 5296
f 3818 1497 2693
f 1396 6473 2645
f 1170 6643 4519
f 3621 4297 6719
f 4474 2053 1873
f 604 212 6926
f 1232 4826 3725
f 2205 4448 4327
f 1310 2991 5982
f 269 1850 2681
f 5611 1956 5928
f 2309 4217 4141
f 2166 3597 2272
f 3989 1040 3976
f 3757 4171 147
f 1244 3937 3771
f 3367 2304 2885
f 1079 2530 1064
f 491 4666 4453
f 2458 1260 3727
f 1689 5239 3574
f 5392 3804 6123
f 1419 2747 2264
f 2279 5715 424
f 882 3636 3394
f 3609 1410 6278
f 3235 3968 3521
f 819 3556 5083
f 154 3321 1272
f 50 4633 766
f 159 6715 6443
f 1327 1890 327
f 2307 1330 5072
f 3208 1474 2496
f 1477 3314 6459
f 2935 4279 3661
f 1577 6231 6312
f 781 3101 4549
f 609 5428 2293
f 722 6432 6723
f 4250 5304 6024
f 1531 5984 4377
f 315 118 6091
f 2611 1820 1410
f 951 2076 4277
f 1163 4041 606
f 5581 4199 2606
f 4172 2346 931
f 1334 645 4971
f 1022 1090 165
f 5277 5516 6232
f 4097 5201 4323
f 2982 3475 5528
f 4068 4192 5045
f 2569 3709 1799
f 3602 6577 2976
f 1477 1255 1873
f 521 250 4494
f 799 3587 2902
f 4320 693 6272
f 2367 2471 3526
f 2577 837 4283
f 2809 3944 6934
f 4238 3143 2893
f 2517 3490 2655
f 1305 576 5110
f 4616 5909 3959
f 2038 6195 1411
f 5995 4507 1946
f 5418 4914 5924
f 2566 5535 1726
f 1582 4695 6064
f 474 3213 2084
f 2196 6291 5580
f 1535 6599 2481
f 2158 6925 34
f 5950 5113 704
f 363 2667 6086
f 114 5024 6292
f 4501 6804 6102
f 4865 293 4853
f 2589 552 2284
f 2118 4567 2268
f 2446 1333 1437
f 3217 1221 1596
f 1533 6273 6388
f 2043 6409 4092
f 4814 3905 5631
f 2797 273 6593
f 1650 4501 240
f 4671 3027 5744
f 3283 5905 4430
f 5191 6619 5249
f 5125 3744 3280
f 453 1078 824
f 1715 754 3728
f 4098 3569 4494
f 2710 873 515
f 121 3785 3326
f 5001 2638 1471
f 3284 6575 5203
f 963 5022 6605
f 2718 4073 2415
f 785 1638 497
f 1974 5706 5457
f 1508 4098 6499
f 560 6488 581
f 4915 1868 5560
f 3222 1305 4716
f 1602 6600 5447
f 701 1943 1006
f 611 6047 4153
f 3223 5970 441
f 4401 27 3695
f 350 3521 3126
f 318 591 5199
f 780 6741 3718
f 3959 5909 3396
f 2478 5916 5413
f 175 512 257
f 1644 2123 1671
f 1454 3474 1099
f 1963 6205 3424
f 4098 5101 4190
f 1328 2142 2914
f 3391 218 800
f 1729 3542 848
f 5634 2691 2240
f 3624 3344 4783
f 4621 6340 5882
f 543 1536 6663
f 2359 1557 4193
f 175 5720 512
f 96 479 1679
f 5603 6304 2954
f 1628 4580 6183
f 533 5660 6138
f 434 2101 4380
f 2078 2683 934
f 331 308 2633
f 3362 461 1903
f 2427 5508 2907
f 650 6418 3686
f 2883 4454 4335
f 3029 5478 3430
f 1986 1275 6815
f 5323 5798 6756
f 5508 6472 2141
f 9 1025 4775
f 3992 5107 4170
f 2559 4614 2614
f 1405 1758 4131
f 1030 4551 5869
f 1257 6293 4225
f 150 4651 4289
f 1174 6325 2666
f 3425 5353 5255
f 3047 3983 4562
f 3438 2521 1707
f 4833 5054 6391
f 1615 2962 733
f 247 6852 2289
f 3008 6545 4873
f 5470 91 463
f 5310 4963 6393
f 2245 4818 3531
f 590 484 2444
f 3687 6592 279
f 2870 5035 3762
f 2493 6509 1364
f 4211 5578 5490
f 4374 6818 5340
f 1250 3642 4380
f 733 5764 1615
f 1291 1191 2039
f 2486 6740 4072
f 890 1524 3467
f 2755 6429 4049
f 493 5950 704
f 5131 2405 1598
f 613 3620 3127
f 304 2657 6373
f 151 2278 5354
f 4789 6050 6757
f 432 3536 2840
f 1533 1939 6273
f 836 4263 1769
f 2833 5432 1287
f 4278 639 5089
f 2535 3236 2390
f 4786 6431 4905
f 1522 4444 2839
f 3131 3733 103
f 5793 3505 1867
f 1792 6023 551
f 2686 5513 5073
f 648 5294 5021
f 3610 4609 5601
f 3092 6411 6216
f 2173 5231 5138
f 1746 6721 2700
f 5935 2914 1904
f 892 5599 5320
f 310 5 2248
f 1182 6340 4130
f 4984 3856 4216
f 3056 888 4950
f 2958 5653 6627
f 1548 3146 1121
f 3038 4985 2393
f 2120 5454 4697
f 3933 379 5684
f 1129 5939 2530
f 2933 5463 4237
f 2332 4884 2837
f 1080 4960 3453
f 4159 5896 5430
f 1869 1667 2655
f 2802 6544 5247
f 2122 6145 518
f 550 5427 5929
f 6497 5702 6667
f 5381 6352 5983
f 2095 1345 3324
f 2854 5060 3604
f 108 5645 3963
f 6162 5706 2130
f 4869 3246 2822
f 928 2756 1406
f 152 6303 918
f 1297 5545 3075
f 2168 6890 6535
f 4473 5518 5295
f 1971 3897 3022
f 4476 2669 5994
f 582 88 6107
f 1438 5211 5394
f 2355 4979 6439
f 2293 4619 1860
f 545 2551 460
f 4517 1763 5640
f 5481 5911 6639
f 4098 6241 5101
f 205 2300 820
f 2442 1583 5738
f 3672 926 3938
f 1950 1297 5489
f 1598 3989 3274
f 3821 3407 4664
f 226 1061 5605
f 3847 2347 141
f 825 3983 3047
f 2994 4570 6167
f 6442 6714 3442
f 5132 5552 1029
f 3163 1938 5022
f 1041 3775 4099
f 2805 362 711
f 4657 166 5054
f 607 1484 967
f 657 1999 5397
f 3804 1467 5469
f 2443 3842 3598
f 268 5221 3514
f 3720 907 2575
f 1581 2626 5339
f 4338 3928 1205
f 1340 4396 1827
f 81 5848 6409
f 2788 77 3154
f 260 2136 3228
f 1557 3110 4156
f 2845 2778 1946
f 3188 5472 6218
f 4019 406 1635
f 559 3962 4005
f 524 2504 5857
f 93 5710 1604
f 2999 6369 316
f 3766 1038 140
f 3103 6428 4562
f 127 1733 522
f 968 1507 1407
f 114 1767 5536
f 930 2985 1744
f 2868 1621 4679
f 3909 2979 5844
f 199 4412 2923
f 100 6122 3839
f 1663 2435 5547
f 3444 2825 28
f 3112 5474 4597
f 560 4169 6488
f 1102 3143 5975
f 2536 2966 3273
f 2282 1739 5586
f 2454 5910 6338
f 1790 3647 3552
f 3214 533 6138
f 3841 2927 3722
f 853 4014 1984
f 3334 4091 4692
f 1284 4895 1478
f 933 811 2917
f 673 895 2265
f 3714 4999 4849
f 6368 1019 5103
f 2686 1837 5513
f 747 3936 2327
f 3180 6222 2483
f 4560 5070 468
f 1110 3054 5336
f 4871 5729 6245
f 280 4958 1378
f 547 1282 689
f 705 1472 2149
f 4747 5975 3143
f 1494 194 2506
f 343 487 4611
f 5265 5648 5556
f 2942 6867 5257
f 2602 6063 5766
f 578 2076 6098
f 4291 6284 5576
f 3499 5155 5321
f 2495 6219 4206
f 3685 1807 850
f 1924 3488 5307
f 1624 4707 2966
f 1480 4089 3565
f 86 4948 1991
f 3299 1560 5830
f 1196 4528 1418
f 2396 4375 3313
f 99 6286 5853
f 1539 1892 3630
f 1256 5752 6147
f 2966 5228 2618
f 16 2719 3171
f 1153 2409 1983
f 395 3929 3517
f 1562 3478 5028
f 276 610 4080
f 4354 6899 3258
f 3885 2051 937
f 523 6305 1059
f 3001 5412 5769
f 3312 4290 3436
f 705 1001 1472
f 6283 754 5985
f 415 6436 5298
f 4143 1296 167
f 4409 6326 6015
f 220 3699 2253
f 2882 6498 6357
f 1253 5166 3666
f 3037 6503 4620
f 3754 5404 3827
f 2757 477 3376
f 1715 313 2684
f 1970 6812 5823
f 6790 1341 4456
f 707 2048 2767
f 271 5403 1866
f 6115 3352 6828
f 5309 6850 5037
f 739 2600 6708
f 1693 4119 3962
f 1037 5216 1305
f 3846 6635 6261
f 4627 2690 2024
f 1958 5356 2671
f 2906 91 4410
f 3202 1438 4514
f 1131 3403 5327
f 5183 6463 5913
f 5872 3329 6672
f 2024 5212 1206
f 3088 5154 4908
f 1138 5809 3435
f 1532 1240 2470
f 6218 5189 6260
f 3704 5718 6508
f 3560 3314 1477
f 4741 3573 4942
f 2651 1187 4042
f 1795 2896 6432
f 4871 1345 3030
f 725 1932 6845
f 2172 6276 2703
f 4517 3918 5249
f 5103 1019 991
f 2463 6637 2874
f 5064 3746 990
f 4881 3032 3694
f 3534 5661 3927
f 4376 1072 4896
f 3600 5486 4951
f 4565 6931 101
f 3059 3920 739
f 5751 5788 5992
f 3996 4022 827
f 3271 3824 1147
f 504 2773 5226
f 364 2984 2721
f 4147 1040 5985
f 102 2789 6149
f 884 37 2223
f 3848 2298 5145
f 683 6032 3257
f 4150 5315 1701
f 3673 6806 5913
f 1063 3412 6845
f 5224 6904 1103
f 6319 2896 2775
f 4206 6219 5748
f 2895 3897 62
f 1962 2697 4284
f 1078 3660 824
f 25 6646 4714
f 4020 6113 2536
f 1344 6598 1208
f 1599 2023 937
f 1737 6545 2990
f 3369 886 3995
f 2590 4127 6502
f 5641 53 4609
f 5049 1185 204
f 3222 4696 1305
f 2719 4897 2859
f 6359 6892 5725
f 1780 6317 4094
f 5367 5039 6838
f 4118 6050 5059
f 2866 3448 1830
f 3489 4486 6056
f 333 5015 6252
f 1079 5056 1836
f 1405 4983 1758
f 2416 4381 5142
f 3511 3843 5772
f 3480 3893 6192
f 4564 4942 3573
f 4789 6757 4261
f 2556 365 3645
f 1963 3084 6205
f 1027 4087 6750
f 1242 6839 565
f 5385 5888 6869
f 3577 2024 1206
f 901 1747 3948
f 2150 5599 3003
f 4580 5908 6183
f 2849 6350 5825
f 1077 5260 4821
f 1513 1928 2989
f 3361 1274 3188
f 4430 5104 1616
f 2111 5559 4459
f 3087 5293 3304
f 806 2954 2429
f 2216 3954 4191
f 2595 385 327
f 3972 4606 5365
f 4113 4980 1357
f 1290 560 3964
f 5208 4390 626
f 762 2730 3876
f 519 5030 5716
f 1239 938 4503
f 1753 4994 3009
f 3712 6646 243
f 2562 5178 3494
f 4488 5876 4700
f 3931 6370 5981
f 1943 1789 1006
f 2614 4614 4758
f 2014 6557 401
f 3016 3156 3186
f 4790 2163 1106
f 1012 3724 1598
f 1321 787 1178
f 2407 2903 797
f 2565 6330 5816
f 513 1299 1050
f 1372 3429 5008
f 2267 797 2903
f 1953 5703 2287
f 1822 5601 4220
f 4409 4761 6326
f 4021 6065 1175
f 192 2987 2188
f 11 2341 4004
f 2206 3525 480
f 2468 617 686
f 659 3840 6077
f 1046 3732 180
f 169 1391 769
f 1947 3594 2945
f 4182 4692 3980
f 4206 5033 2495
f 6577 5252 5763
f 385 1327 327
f 1161 5945 6952
f 306 5307 5201
f 1548 3804 5469
f 2488 6151 5109
f 5393 2714 1469
f 5041 6942 6289
f 211 2860 660
f 2718 2538 4073
f 987 4302 2018
f 69 2562 6944
f 419 1797 355
f 4409 2717 4603
f 381 5264 4724
f 2646 2816 4310
f 2002 6563 1903
f 1783 6229 4635
f 5670 4067 1402
f 4594 5037 2249
f 5337 5989 217
f 2072 3388 1455
f 6535 6890 5894
f 1844 4404 5553
f 195 6228 1509
f 5097 2583 2223
f 5797 6942 6022
f 3698 6051 5360
f 1828 2838 5617
f 6002 2312 6665
f 454 2670 1266
f 1203 5450 2805
f 524 5857 5230
f 4749 4638 2053
f 2197 3085 6853
f 3750 4978 1818
f 5061 6334 6052
f 5207 6207 4700
f 822 3986 5875
f 3370 4187 5343
f 1984 3210 1093
f 5334 3902 916
f 3089 3389 6511
f 960 3244 2279
f 569 1038 3766
f 241 3139 2951
f 2248 1808 885
f 2029 6248 5047
f 320 5959 1426
f 2982 5582 4962
f 1663 4425 2435
f 2978 1100 4271
f 4134 6184 2959
f 1474 2109 3963
f 2060 1401 4337
f 335 1960 351
f 423 4033 2542
f 3803 5116 4398
f 3637 3355 5423
f 558 5005 3205
f 5176 1106 3960
f 9 1341 2078
f 1821 13 174
f 353 2427 3310
f 4242 1345 4811
f 2252 6014 832
f 5143 1287 6079
f 682 3599 4792
f 601 4955 3313
f 1787 243 6646
f 2088 3700 952
f 1615 4390 5208
f 3044 5042 5500
f 425 3142 2327
f 5713 6703 5209
f 5691 5993 6073
f 6461 6583 6830
f 2717 3938 4603
f 2161 5646 1822
f 5650 4001 1526
f 1823 216 5061
f 3122 851 5697
f 6038 4705 6904
f 5097 1136 3887
f 4174 15 5147
f 4504 80 4177
f 2891 4702 5533
f 4491 6470 5127
f 1191 2303 3729
f 3327 3205 5005
f 2460 2739 6229
f 409 6342 1140
f 452 2353 5904
f 2504 1673 71
f 3543 3834 740
f 4898 259 5408
f 6693 5125 3280
f 5187 5701 6512
f 3863 5357 6817
f 1763 3022 6570
f 2512 6374 6576
f 28 3676 5667
f 2710 515 59
f 2770 1592 1955
f 4828 54 3000
f 192 6182 6843
f 1382 3715 4526
f 2671 5356 3588
f 2830 6816 5976
f 4558 5294 6519
f 4825 4674 6501
f 289 5864 1618
f 4274 3880 6310
f 1802 276 6555
f 2582 868 6881
f 2063 6430 5971
f 2856 3873 6018
f 550 1343 6674
f 134 6020 211
f 1924 3161 3488
f 84 592 5808
f 6263 401 5156
f 4565 101 911
f 683 353 4108
f 5046 4111 5345
f 4645 2401 5886
f 3105 2297 1674
f 5542 923 6584
f 2120 4697 6025
f 6043 2866 5462
f 2810 4613 795
f 5085 6830 6583
f 1823 2969 216
f 868 2544 6881
f 238 1339 2591
f 853 1984 1945
f 2077 6922 546
f 4545 6060 4365
f 3029 3430 1353
f 2880 5868 4048
f 6214 2827 3127
f 2083 4983 4541
f 2126 5225 5325
f 3612 4315 3415
f 3275 4439 989
f 3813 6148 2602
f 3180 6599 3777
f 4209 1886 5375
f 2877 983 3183
f 3602 4688 3167
f 3346 1124 3277
f 1954 5628 820
f 3930 4947 3328
f 2005 4781 4460
f 4007 3854 2613
f 5179 5558 6533
f 3424 1353 476
f 2021 5834 5351
f 453 2012 3024
f 5477 958 4528
f 455 3626 3923
f 5780 1325 5463
f 3199 4236 5810
f 887 3991 6139
f 2020 2314 4463
f 5795 1636 5978
f 5386 4812 5514
f 2203 4024 5928
f 1119 3568 2580
f 3655 6377 5126
f 554 1964 2475
f 3735 4344 2000
f 1090 2292 165
f 2969 3819 4797
f 2994 1302 5642
f 3770 4254 5486
f 4636 6209 6245
f 6194 3773 3755
f 5512 237 5918
f 692 6170 3802
f 5890 6835 3119
f 5492 4123 6791
f 3536 4884 2840
f 2174 4923 4599
f 2520 5747 4587
f 2667 5055 1054
f 4283 3916 4670
f 5310 6393 2631
f 2530 1079 3397
f 2368 2313 5952
f 1206 1861 4464
f 2156 4230 3652
f 1880 3238 4445
f 3826 6346 539
f 3374 23 6124
f 3407 4190 5101
f 1329 5289 5170
f 746 6307 4116
f 5224 2023 6038
f 1177 5805 6233
f 1749 6266 1367
f 6173 6663 6413
f 5386 5680 4812
f 352 4906 4047
f 881 5002 483
f 3933 3033 17
f 1577 6312 4096
f 262 5118 1811
f 2170 3801 1824
f 156 833 5819
f 122 1257 5668
f 375 6549 695
f 3429 843 646
f 227 3591 4937
f 1616 1590 4928
f 2590 3276 2876
f 748 3400 1840
f 3893 6003 5244
f 336 3359 326
f 1910 6658 1183
f 282 6842 1226
f 3073 1102 6846
f 419 355 291
f 5601 1822 5646
f 687 4755 1211
f 5263 4621 5882
f 2854 1302 4766
f 5478 2497 3430
f 4537 4052 2471
f 781 2131 3101
f 2946 3614 4523
f 805 1416 4887
f 4545 5922 6553
f 1213 2929 2092
f 4314 4508 4490
f 3418 2023 5637
f 4020 5924 3896
f 5362 6243 58
f 1684 1374 5031
f 3480 6148 3813
f 3483 1702 6751
f 5427 6261 6635
f 395 2262 3929
f 1986 2830 5976
f 1388 2396 6447
f 3141 3094 3337
f 540 6870 3340
f 3611 3847 3980
f 2602 5572 6063
f 2485 3620 6383
f 4048 5868 661
f 251 966 57
f 652 4302 987
f 1840 3400 6600
f 4153 3332 414
f 3243 5312 4866
f 536 6120 4553
f 3081 1968 5373
f 4017 5495 3302
f 2723 4648 4815
f 3168 2104 6516
f 3488 3161 4049
f 460 859 5955
f 4973 5173 4824
f 2358 1415 6366
f 1159 1825 2979
f 2105 5501 518
f 2292 2932 4106
f 4311 5608 2299
f 2160 1541 3413
f 4561 5592 2549
f 4229 1791 1441
f 6269 2401 1443
f 1737 2990 5754
f 1112 3244 647
f 2742 1711 2598
f 2017 331 1248
f 2011 2154 5703
f 4621 2099 5079
f 3446 1639 2180
f 2866 6043 1878
f 535 437 1038
f 1105 2287 1750
f 702 6557 4070
f 4465 4990 2921
f 4848 6568 5177
f 1607 5324 1037
f 1543 4644 3470
f 351 1707 2772
f 971 6560 2054
f 3958 1427 2309
f 303 1522 2839
f 3130 1056 4313
f 3631 6617 5304
f 2307 4196 5961
f 41 1807 3700
f 5541 791 6670
f 3879 2625 6943
f 1227 5123 5443
f 3043 5625 787
f 3050 1357 4980
f 2485 1351 1948
f 1498 4618 6692
f 2132 1267 4070
f 2203 5928 4112
f 3991 3528 6139
f 1172 1833 3114
f 245 2228 4673
f 2955 6021 3607
f 4799 4374 5340
f 724 3747 83
f 1710 2695 4546
f 2737 5804 3318
f 5132 285 1552
f 908 928 189
f 2390 2815 2949
f 3156 2985 3186
f 1063 6039 4571
f 1975 5174 6262
f 1408 1714 2541
f 2931 1974 5457
f 1119 5794 6647
f 6205 3084 6240
f 1413 2258 4612
f 1488 896 3307
f 2809 6934 4851
f 1331 5314 3300
f 3622 1990 22
f 5759 5415 362
f 5050 6745 6719
f 4410 91 838
f 946 4470 2137
f 411 4367 3227
f 3878 4429 2036
f 287 4790 4296
f 3358 6433 4597
f 1155 6256 3916
f 2019 1514 5262
f 1180 71 1673
f 4961 5139 4853
f 1660 3684 5413
f 3716 6662 5895
f 2547 96 3239
f 5263 4063 19
f 5096 3382 6103
f 1829 4795 3566
f 2176 817 3040
f 189 5707 1081
f 2887 6556 2202
f 871 6577 2850
f 248 4954 365
f 4753 1443 4078
f 6226 4084 6616
f 3772 2133 1925
f 2668 861 3783
f 2643 4495 2970
f 788 4990 2743
f 4399 3100 5111
f 2390 3184 6213
f 2504 71 5602
f 1577 5287 6231
f 1482 4246 20
f 2991 6059 6235
f 2626 2970 3173
f 1869 2873 1667
f 3413 1541 6110
f 2251 535 1038
f 3956 5646 6013
f 1889 763 1027
f 1456 6753 6164
f 1263 1581 3823
f 2381 4537 2936
f 4719 1331 3300
f 2916 4760 577
f 1139 1687 1850
f 3366 3966 4638
f 4276 6535 5894
f 3713 5772 72
f 308 5125 429
f 428 1934 5799
f 4548 2689 6688
f 4095 3675 4600
f 1652 3151 5544
f 858 1142 2881
f 3747 4701 2813
f 4039 2852 1840
f 3064 5882 3737
f 1462 4154 2849
f 934 3464 1342
f 6031 6179 134
f 2337 4318 3736
f 5399 3050 5999
f 2457 5566 1448
f 5400 6071 5995
f 1456 6318 6753
f 3939 5621 6644
f 1368 4667 4195
f 56 6840 4547
f 1328 2914 5695
f 112 6172 5309
f 2027 3380 1389
f 6029 5610 6666
f 3624 4783 759
f 1431 4779 5565
f 344 1552 2213
f 5534 1282 547
f 4460 4781 5269
f 3181 6241 1508
f 1579 2106 5284
f 2600 4310 2816
f 4658 1182 6742
f 825 6333 3983
f 1962 5654 6080
f 1698 5064 990
f 1646 4034 2722
f 889 4428 4082
f 6163 3782 1372
f 2950 4943 3476
f 1017 925 2335
f 865 4353 2213
f 2430 5472 2768
f 4297 4261 5648
f 4 5924 4914
f 1097 4543 1371
f 1429 6523 3235
f 997 1247 2305
f 1077 1334 4971
f 948 6200 5094
f 493 1035 2132
f 2433 3702 1654
f 1523 5744 3528
f 1692 5075 1286
f 2554 2883 3544
f 4579 1975 1179
f 1019 6368 3252
f 732 5298 5817
f 1671 2271 237
f 1204 2594 1245
f 2100 3888 1943
f 663 3531 2827
f 659 6460 3922
f 3258 6899 6242
f 5083 3556 5122
f 4293 5998 3564
f 4801 3668 3380
f 5247 2565 669
f 2820 5581 319
f 3706 2958 6699
f 1349 3015 6649
f 4173 6595 887
f 2500 6589 4515
f 156 2152 6638
f 274 4955 601
f 478 4397 3178
f 4814 4548 5184
f 4507 5689 4071
f 2652 3479 5305
f 3390 1634 6493
f 1657 6458 803
f 5354 6273 1939
f 4358 5609 6575
f 5173 131 1437
f 3044 5500 716
f 3927 5661 2450
f 3631 5304 4250
f 1669 6431 770
f 1011 1460 3489
f 5572 6841 6063
f 2719 2486 4897
f 2031 5257 6867
f 4969 1817 4861
f 2306 4438 6772
f 4201 5899 3334
f 821 1262 404
f 4027 5225 357
f 1021 5519 562
f 2972 794 6656
f 1929 5647 210
f 3614 3793 4523
f 5186 2353 6421
f 3075 5545 5915
f 3886 6954 457
f 6168 3758 6708
f 2858 2529 6079
f 2327 3936 1538
f 1313 2288 4935
f 2570 967 4988
f 1917 835 4900
f 4077 3669 6884
f 1825 5700 2979
f 1607 5243 2552
f 3338 2562 6903
f 494 5198 4383
f 1807 4652 1872
f 2075 1585 946
f 4213 3512 5626
f 569 955 764
f 6317 6874 4094
f 3732 2345 180
f 137 4450 4224
f 2478 3684 3343
f 1540 4844 4158
f 4225 6164 6396
f 741 3355 3637
f 69 4808 2533
f 3220 6267 6427
f 3979 188 3949
f 1161 3104 3097
f 5013 1126 6234
f 2429 2954 1144
f 192 6843 2987
f 736 1743 4400
f 5309 5037 5767
f 1854 2351 4315
f 2310 703 3831
f 1193 5268 2935
f 281 6596 1412
f 2084 3213 6208
f 2402 2266 1849
f 4396 1695 1882
f 1996 6604 6389
f 679 5289 1765
f 2571 1297 3075
f 4323 792 6686
f 2372 3088 3863
f 2477 4990 6916
f 1942 2568 6345
f 392 1198 6689
f 1959 4908 5154
f 548 2528 1514
f 4667 6710 4195
f 6579 5246 3820
f 4200 1727 1000
f 1445 4482 3236
f 4878 6185 6347
f 310 1721 2852
f 2624 6861 6461
f 3068 2860 6118
f 4118 5556 6757
f 314 2584 4447
f 5090 5771 4471
f 1111 5322 4245
f 1980 3322 3358
f 62 1595 6755
f 2469 6218 5472
f 5337 3642 5989
f 3395 4175 297
f 1234 4335 2200
f 207 1529 6302
f 803 432 1657
f 2091 3883 6715
f 704 3063 2325
f 910 698 4610
f 5676 5688 6231
f 2442 4035 2325
f 1940 2366 2753
f 787 5625 2056
f 768 4793 4061
f 1156 3516 2313
f 3308 5129 269
f 1620 6826 6813
f 1987 5478 4595
f 572 292 1194
f 1686 3241 5644
f 609 2293 1860
f 2854 5917 6572
f 3298 2238 2296
f 3973 6009 3855
f 2889 1309 2129
f 270 2914 5935
f 3150 5042 3044
f 899 2368 3039
f 353 4654 6472
f 802 3756 1847
f 3724 5462 1830
f 516 1829 1633
f 3299 2483 6222
f 1115 1034 6948
f 4472 2257 5783
f 4325 2942 4476
f 5356 6290 5192
f 1245 3187 4324
f 5131 3274 6728
f 2568 1271 4575
f 2055 6227 6433
f 2046 2667 2884
f 1579 4556 2106
f 1857 2283 3948
f 1903 6563 2090
f 2572 1033 4593
f 3283 4928 6647
f 4836 6750 3170
f 3322 1980 6642
f 4585 4557 2846
f 5304 5153 1883
f 3088 5643 5357
f 3221 5705 4402
f 3761 3878 4160
f 95 4612 6100
f 1861 5212 6424
f 2273 4413 4180
f 256 1745 3704
f 3567 4675 3624
f 2454 6338 579
f 1504 2143 5566
f 82 2713 3852
f 1057 5851 6521
f 815 222 2628
f 1973 5871 4992
f 5401 6373 3921
f 1102 5975 6846
f 3942 3963 5645
f 2573 1004 4254
f 5825 33 5451
f 4245 5322 3276
f 3844 6587 3705
f 2402 2751 4429
f 4166 1068 5160
f 2553 3183 983
f 1438 161 5211
f 5335 3011 68
f 1418 6522 6501
f 756 4944 1407
f 1493 281 4222
f 446 1843 6609
f 2007 4008 4761
f 497 2823 6211
f 2863 4365 5048
f 4741 4942 6259
f 1062 2696 2653
f 1016 6419 3861
f 1383 1829 3566
f 1953 3567 3624
f 86 1606 4948
f 4628 6465 2572
f 410 3102 726
f 4577 5412 3001
f 5471 2914 270
f 317 4415 4847
f 5235 5880 5020
f 2634 3025 6615
f 5912 4942 4564
f 4942 6068 6918
f 3049 5500 5042
f 2804 4571 3455
f 2004 6492 5847
f 2958 3252 6368
f 1461 2946 5645
f 1731 2886 5604
f 585 32 1885
f 2786 896 2610
f 6363 5593 2198
f 476 6114 4075
f 1616 4928 3283
f 4665 445 5344
f 2474 6537 6321
f 967 1570 3502
f 3414 5152 6515
f 4389 2205 1900
f 3703 5537 1945
f 1544 1212 4569
f 5216 1977 4716
f 1333 2446 2439
f 1897 2177 76
f 5974 2819 6626
f 3433 3098 5030
f 5129 1850 269
f 1412 4069 4946
f 1579 4345 4556
f 4168 2334 2808
f 2228 3585 394
f 4021 2358 5972
f 3108 4197 6783
f 2217 4366 2799
f 1087 3015 6828
f 164 1392 1725
f 3625 3685 3445
f 3068 4841 6941
f 1025 934 5291
f 5471 5197 5695
f 3851 664 4731
f 2824 2556 288
f 1480 3565 2721
f 2777 1922 1803
f 4579 1179 1079
f 2869 1103 1594
f 5676 5823 5688
f 729 3220 6427
f 912 5377 4066
f 4281 3431 2302
f 1222 3436 4290
f 3209 4894 3135
f 1430 5569 798
f 1823 6391 380
f 1973 305 5871
f 3836 2096 5355
f 2540 6310 3880
f 1701 6835 5890
f 235 775 2507
f 3673 5913 6463
f 3525 2206 4109
f 1136 3899 5886
f 2825 2678 3430
f 1520 739 3920
f 4769 5099 4422
f 3901 5774 5887
f 3885 937 5856
f 1455 6236 4905
f 3634 6614 1110
f 405 2960 4756
f 1865 5029 5031
f 2174 6877 6881
f 4101 5870 4509
f 448 1782 1677
f 5450 5829 5759
f 1951 4016 5519
f 4052 3952 3526
f 930 149 2985
f 755 6585 1714
f 612 2974 4244
f 1300 2198 4788
f 5248 6624 864
f 3243 4930 3556
f 1152 5045 1731
f 2230 3200 2662
f 5077 4060 1165
f 4286 6167 4570
f 915 326 3790
f 3416 6960 3738
f 4532 6882 5073
f 3149 1936 2275
f 2208 6265 3092
f 1332 5811 3295
f 1461 6524 6796
f 2400 6175 4048
f 4689 5696 4584
f 1772 2794 1489
f 1963 3530 2964
f 2434 3135 6951
f 1450 284 1490
f 2730 1016 789
f 2667 2046 6086
f 3123 3208 6268
f 2040 2066 5512
f 3067 3527 3481
f 596 908 1931
f 4239 2598 1711
f 2428 3518 3607
f 5132 1029 285
f 1376 6437 2972
f 3507 2228 245
f 2960 2207 4756
f 228 1701 5315
f 117 3116 466
f 5827 6488 6713
f 2402 3406 2266
f 155 6602 4650
f 384 6769 6275
f 1318 3721 4472
f 1686 4607 4370
f 3555 6761 5480
f 445 2399 5375
f 808 406 1697
f 915 4615 3082
f 534 319 2410
f 1296 1039 1342
f 444 825 3047
f 4014 171 3210
f 2728 2964 5213
f 224 513 1050
f 3269 5429 5407
f 818 4640 6194
f 1384 661 6384
f 2869 5644 4301
f 5693 2480 2571
f 2277 2767 1395
f 4953 6056 6918
f 797 2388 2168
f 1784 3074 5698
f 5760 6041 6651
f 2774 1376 4128
f 4127 2590 2876
f 314 3319 4904
f 2331 6466 22
f 1871 4708 868
f 1083 4126 1151
f 604 6722 1788
f 691 3999 253
f 2899 3297 4070
f 1084 6896 3466
f 4145 6150 6742
f 115 6453 690
f 417 6450 3486
f 418 5510 3537
f 255 4838 5615
f 2843 5381 6073
f 1576 5888 396
f 733 3334 2385
f 2920 1238 5148
f 3168 4236 3199
f 4180 6668 5241
f 4563 3596 1660
f 544 1816 1323
f 214 6566 5312
f 3341 3393 1080
f 1456 6164 5694
f 3109 6826 5756
f 998 6022 4137
f 1121 5258 6349
f 546 6274 5745
f 1220 1720 1319
f 2738 5628 6066
f 4661 6786 5333
f 6253 1526 1658
f 1381 3027 4671
f 1918 4835 3667
f 976 5781 5983
f 10 2683 2078
f 312 4829 4647
f 1033 6200 1561
f 367 5214 5576
f 4524 4981 6955
f 2497 3676 3430
f 223 6687 3032
f 3643 6477 64
f 1670 3306 5737
f 946 1585 1088
f 3006 3563 3699
f 3226 5066 566
f 26 2547 3239
f 2196 2374 6766
f 249 4426 920
f 2682 4369 262
f 909 2822 2045
f 125 4758 3541
f 4912 5662 2403
f 1452 6530 4838
f 5366 5894 6890
f 4358 6575 5728
f 3913 5409 1882
f 1644 1671 4115
f 1942 1555 3692
f 400 4054 5155
f 3247 5289 1329
f 3414 5402 3302
f 5366 6925 6215
f 4057 5844 4273
f 4472 4605 1318
f 1011 4467 1614
f 2995 3404 80
f 3043 335 2772
f 3637 4313 1056
f 1203 6567 6203
f 2486 2870 6740
f 2021 2658 5834
f 4034 3348 2217
f 1711 2243 3454
f 2387 3781 2453
f 4548 5631 2689
f 3403 6893 6668
f 4504 5775 2995
f 1116 6916 4850
f 270 5197 5471
f 1377 40 4500
f 722 6723 2909
f 247 3619 6852
f 5194 4368 4945
f 5040 5852 6805
f 3487 4198 5732
f 3069 2324 1546
f 3683 5214 367
f 1548 121 3146
f 3677 5708 4970
f 2888 2973 6620
f 1277 2546 6096
f 835 66 4195
f 729 6673 51
f 1341 2161 2384
f 1651 6099 5076
f 222 1574 1748
f 3135 6930 3209
f 951 5756 6826
f 2954 6304 199
f 3150 6684 2820
f 3065 5375 2399
f 1391 6489 5557
f 2007 3997 5202
f 669 2565 5816
f 3855 6824 2462
f 2522 537 3901
f 3690 4632 5017
f 4514 136 3202
f 680 377 4807
f 3620 2240 2691
f 1824 6130 4975
f 1365 6911 4560
f 430 3733 2194
f 2297 150 1674
f 2411 147 4171
f 13 771 900
f 362 5594 6088
f 123 4709 3114
f 4000 598 6360
f 4126 719 1151
f 786 3840 1640
f 3689 2640 3892
f 4550 6504 6351
f 2033 2769 583
f 708 2440 3981
f 4076 5703 2154
f 2959 2392 6947
f 5248 4327 63
f 3426 1351 3405
f 4167 2127 1125
f 2842 2109 4744
f 3089 5432 1337
f 2627 3871 5362
f 1355 2422 2826
f 1961 3389 3432
f 541 570 243
f 281 5330 475
f 2509 5033 2801
f 161 932 4228
f 3226 6652 413
f 2121 3615 2905
f 2397 6700 4683
f 4187 4439 5343
f 3039 5153 6640
f 6380 1076 4005
f 96 1258 3239
f 135 3859 3812
f 3010 4917 2383
f 1704 5930 1210
f 2992 2948 4694
f 2865 4268 231
f 2193 1725 1985
f 1080 3453 6407
f 1579 4999 6621
f 1799 329 2569
f 2118 2268 3964
f 3055 6542 435
f 3147 4975 6130
f 1391 5332 6912
f 2295 2417 4204
f 1415 555 2668
f 28 2825 3430
f 4175 3613 6678
f 1842 2854 4766
f 3383 3011 1621
f 3612 3415 6939
f 4114 4853 5139
f 2781 6361 5222
f 1997 2365 6550
f 2473 5954 3825
f 1710 814 2557
f 235 2507 5918
f 2171 6607 4354
f 5569 5374 6302
f 1635 406 605
f 786 2725 1355
f 2603 4342 5245
f 2626 3173 5019
f 1186 2284 5237
f 2847 6091 118
f 2373 6197 4970
f 1349 6649 5421
f 4019 3549 3191
f 2219 4758 529
f 703 569 3766
f 3718 3837 1167
f 4083 46 1584
f 4897 1121 6349
f 33 3588 1481
f 2996 6876 124
f 1043 4047 1251
f 1479 6857 2669
f 4877 5156 401
f 2227 5238 5744
f 4075 6114 5135
f 4601 3089 1337
f 4045 167 4224
f 3181 1508 5996
f 479 5740 1679
f 1731 5045 5796
f 5153 5304 6617
f 2166 3169 2041
f 1636 3195 5978
f 1350 5791 5509
f 857 5832 4657
f 3138 1994 4956
f 453 1669 2012
f 3600 5573 5486
f 2795 6882 4532
f 581 5827 959
f 3822 1641 2772
f 3356 6437 456
f 581 4477 560
f 2421 6082 5480
f 5318 3776 1691
f 2751 5596 2963
f 4480 4370 1646
f 69 2412 3955
f 2546 4987 4010
f 3466 6873 6642
f 387 3176 4547
f 1600 3402 31
f 3873 6683 6018
f 109 4213 5626
f 1513 2986 3155
f 2977 4175 6678
f 2727 2659 4105
f 1973 4992 5232
f 577 1112 2916
f 2032 5809 6210
f 3926 5223 471
f 2410 2817 2487
f 3505 5948 6587
f 4382 2694 6597
f 5547 6498 2882
f 3076 5539 4264
f 838 2098 2778
f 5647 6721 2525
f 3675 4737 1595
f 3995 6290 4565
f 1150 3972 6492
f 2230 4311 3200
f 578 2489 2076
f 1880 4445 3740
f 1360 6320 3252
f 339 985 6553
f 190 2680 6958
f 1167 6414 6379
f 3039 3023 1883
f 2375 4885 3097
f 2016 2104 6455
f 986 1335 1417
f 3010 3108 6778
f 809 3659 5586
f 1690 1801 242
f 2396 6367 6447
f 1226 1706 5491
f 2427 353 6472
f 1801 4534 3160
f 1072 6472 4654
f 2784 5993 6250
f 838 2778 4410
f 2294 2211 168
f 981 4798 5880
f 526 4843 3891
f 2087 3833 3884
f 62 6755 6754
f 5440 2490 314
f 4387 618 4427
f 2103 3281 4754
f 6185 4375 6347
f 954 2444 3935
f 3646 6093 4086
f 3450 5081 5329
f 4522 5149 593
f 1674 5724 3615
f 48 1820 2611
f 978 2771 6410
f 3529 1688 5990
f 4366 1587 2269
f 3296 3164 418
f 18 950 1058
f 4488 5517 5876
f 1095 1707 893
f 4394 1556 811
f 1325 6422 615
f 958 4635 4196
f 6243 6199 4929
f 4332 5006 1128
f 3348 1319 6887
f 4013 5681 5353
f 1871 1170 6040
f 2788 1716 1424
f 306 5201 4097
f 1502 2115 625
f 2039 1191 2036
f 2722 2798 2792
f 4045 6670 791
f 93 1247 643
f 1559 2641 3912
f 5411 5551 3608
f 2622 4745 5839
f 1524 1139 876
f 1007 1371 4505
f 4230 2200 4408
f 2754 4454 1969
f 176 3706 6699
f 3007 2514 712
f 4208 5223 855
f 2844 1800 5058
f 285 865 1552
f 412 6932 4927
f 675 2291 2661
f 1806 1600 105
f 707 2069 2048
f 304 6373 1847
f 4187 3370 2763
f 3466 6062 6873
f 2121 2905 1704
f 2116 1742 2814
f 3626 637 2455
f 2972 5162 6285
f 6698 3708 6836
f 3658 3185 6371
f 270 5935 6935
f 2749 5779 2061
f 3675 1595 2312
f 3731 6469 3194
f 1489 5907 1772
f 1112 577 3244
f 1324 99 6051
f 2289 2357 226
f 3695 3423 641
f 3787 5776 6194
f 3892 2640 3566
f 3255 3263 5826
f 261 2198 5089
f 2622 3874 4740
f 3785 2055 6433
f 5568 2031 2831
f 3384 177 5617
f 3917 2008 1566
f 176 4356 1294
f 496 1428 525
f 3493 2175 5270
f 566 5523 3623
f 4434 904 4462
f 716 2940 3153
f 1998 3947 901
f 1227 6478 5492
f 1077 4971 5068
f 1955 326 3082
f 3547 5519 4016
f 3677 6197 4427
f 139 3532 913
f 5423 3355 6703
f 244 4432 2026
f 2071 5809 6841
f 3883 160 6715
f 527 2015 5940
f 3903 5870 4101
f 27 4986 2770
f 4369 5777 262
f 1936 5954 3965
f 2260 5487 5717
f 3079 3809 110
f 162 3963 3942
f 1731 5796 2886
f 5267 514 3744
f 1208 5000 1344
f 2576 6260 5189
f 2125 6298 1608
f 1423 3559 4681
f 4134 6225 1254
f 4017 4343 4899
f 821 4050 776
f 1958 2671 3654
f 2334 3890 2858
f 1683 6059 2025
f 4461 5299 5529
f 2761 3739 3316
f 3183 915 2877
f 2542 2516 5936
f 5639 1920 4244
f 64 1242 2496
f 5862 5879 1754
f 2681 4757 941
f 2901 3354 4851
f 4391 3278 6819
f 386 2582 6877
f 3962 4119 6090
f 771 3882 6907
f 4893 2633 1966
f 3900 3895 985
f 495 4715 1026
f 1343 64 6477
f 5782 5683 5311
f 3487 5732 4384
f 2966 2618 1241
f 3907 4270 6961
f 1875 1834 3793
f 3407 3821 4351
f 2313 2368 1156
f 1969 3092 4408
f 1597 2499 6278
f 274 6698 6836
f 360 4114 5139
f 5340 6818 4341
f 6020 5401 5057
f 3401 3754 3827
f 5637 1665 2150
f 3342 4169 579
f 4037 530 5303
f 4215 5340 1940
f 998 5819 2432
f 1502 3484 4726
f 2061 2122 2749
f 44 3971 3787
f 2968 4678 1501
f 424 3845 6255
f 4320 6272 1748
f 1155 3916 170
f 2524 2084 232
f 944 6620 3404
f 4576 6830 5419
f 2169 2373 1056
f 4831 1348 6910
f 862 5781 1050
f 4231 3124 3485
f 5013 526 6606
f 4039 6474 6426
f 1992 293 4906
f 4229 6362 5229
f 299 4952 6794
f 5911 4747 6639
f 3455 4571 3579
f 3554 1509 5290
f 679 5925 5170
f 4863 3514 5221
f 2861 4139 6733
f 2010 5119 5175
f 229 3776 2560
f 3287 3460 241
f 590 4107 484
f 1866 4485 2548
f 4768 3206 4917
f 3783 4148 6366
f 4887 3472 2492
f 2579 4496 4102
f 2937 3494 3374
f 1944 3929 5475
f 4676 5204 2424
f 293 1992 3535
f 2958 6627 3252
f 1543 3811 650
f 6201 6442 3442
f 145 5358 3522
f 3361 6260 4488
f 3383 68 3011
f 5621 6879 6617
f 706 1311 32
f 425 571 2508
f 6263 5156 6889
f 3388 4049 6429
f 2872 1828 2616
f 3710 1540 4158
f 3336 692 3590
f 5468 3598 225
f 2148 441 5583
f 2910 6088 1639
f 403 2664 3333
f 4000 4826 598
f 2090 6538 3362
f 4425 501 2926
f 6093 3646 615
f 3209 4178 4894
f 2894 6232 6279
f 3965 6739 6313
f 3973 4876 6009
f 3649 5912 2874
f 736 4094 1743
f 2251 505 616
f 562 3090 5900
f 395 3427 2262
f 831 1937 924
f 621 2803 5200
f 4170 5980 3076
f 3490 5873 1869
f 610 6514 384
f 3496 5171 3590
f 4517 5640 5956
f 1642 3791 2737
f 2287 6634 3567
f 5937 3212 5858
f 2453 5482 5311
f 3334 5899 4091
f 4309 6695 6033
f 469 81 2196
f 6349 4998 2859
f 2654 2022 6865
f 5515 6028 6282
f 2602 5164 5572
f 42 5018 869
f 4421 4859 6455
f 2625 1891 2227
f 752 2135 2232
f 4511 2685 543
f 4101 4054 3903
f 3966 6707 5603
f 1364 4979 2355
f 1047 494 3741
f 2066 6914 5512
f 1767 2338 5536
f 4414 4974 3658
f 111 2798 514
f 2102 5533 2847
f 2994 5642 132
f 1265 4235 132
f 4953 6918 5579
f 252 2743 4990
f 1063 4571 2804
f 5398 585 1864
f 55 3750 1818
f 468 3289 5441
f 4665 5078 5417
f 2900 5506 6482
f 337 3438 1707
f 964 3641 4636
f 1915 2889 555
f 3805 4076 2154
f 214 6884 2505
f 5508 3553 6709
f 3976 883 1077
f 593 1948 1351
f 2270 4725 2237
f 4786 4905 2444
f 1028 3353 2114
f 109 5465 1476
f 4326 863 565
f 2282 5418 1739
f 2493 1656 5082
f 116 3583 2821
f 1160 2144 2317
f 4958 280 5753
f 4065 5883 4436
f 3399 1626 778
f 2688 3882 771
f 2171 5327 3169
f 2368 3023 3039
f 357 788 5288
f 3258 6769 6898
f 971 5194 6560
f 3638 4727 4602
f 2441 4617 5800
f 4349 3657 4854
f 5265 5567 6608
f 212 4110 6926
f 2252 1256 5248
f 2887 5663 6556
f 2382 5742 427
f 941 2956 4666
f 5671 5960 2073
f 2119 1845 5598
f 187 6415 2206
f 1179 6270 1836
f 4767 750 5028
f 3756 5963 4832
f 3605 4521 6228
f 5542 5470 463
f 5115 4066 5377
f 2732 6686 6801
f 249 564 4340
f 761 4265 2503
f 988 3684 1660
f 4486 4942 6918
f 4923 5564 4599
f 680 4807 5909
f 4141 6169 5622
f 40 1377 1459
f 638 236 731
f 2145 3159 6321
f 830 6500 6103
f 3330 3522 5358
f 4139 4862 4481
f 231 4653 1475
f 226 5605 5735
f 1024 1719 5391
f 1193 2935 6628
f 2937 204 1185
f 123 2542 5936
f 1217 4240 4837
f 4237 1325 615
f 1712 2950 3634
f 1566 4732 3269
f 748 2922 3400
f 1949 5275 1060
f 2574 4868 5947
f 4132 5786 4537
f 1430 798 3031
f 5543 1289 1216
f 3717 1665 2502
f 690 1005 5150
f 3782 2993 5588
f 3671 6724 5708
f 3451 6074 2720
f 5684 85 6871
f 1785 2194 3617
f 5792 6413 6555
f 3666 6408 2291
f 2096 2843 6073
f 336 326 1592
f 3555 5558 2034
f 1667 6372 2655
f 1331 6680 5314
f 4358 1169 2661
f 1826 4665 5417
f 78 6262 5174
f 457 5801 3886
f 3202 1430 1438
f 23 1714 6124
f 4637 1596 1221
f 4155 4427 6197
f 2333 5391 3268
f 4397 71 3178
f 204 5587 5049
f 4177 6324 4504
f 191 6490 461
f 519 6025 6332
f 3556 4930 1878
f 115 4252 6453
f 172 6353 3595
f 838 91 3651
f 3515 5080 3547
f 1899 3471 3124
f 1371 5184 2342
f 1749 1805 6342
f 3073 6030 6497
f 611 3325 4442
f 5459 6821 3099
f 6343 6774 5495
f 2697 101 4284
f 4405 1664 6581
f 5038 3838 5805
f 1171 2305 5219
f 1057 3501 1777
f 2615 5836 3867
f 477 5151 3376
f 1129 2530 4329
f 2654 6865 3608
f 3291 4895 1702
f 1065 5267 2017
f 3924 6135 14
f 143 4149 4139
f 1435 4011 5831
f 1599 937 2502
f 3519 3835 4272
f 1606 86 6011
f 574 6727 6950
f 4613 56 3455
f 1028 2114 1678
f 3247 2528 5810
f 3109 1255 6459
f 2281 6923 4704
f 4161 5801 457
f 3319 4383 4043
f 1101 5388 4047
f 3625 5977 1298
f 1909 6503 1235
f 5903 6209 3324
f 4686 4816 6476
f 3627 1116 3034
f 208 5766 388
f 2110 6607 3169
f 3059 6708 3758
f 5307 5438 5734
f 5126 3615 3561
f 3099 2172 2703
f 482 3331 5288
f 5594 362 5415
f 80 1907 4177
f 726 1973 3792
f 4603 3938 926
f 4499 3055 74
f 1366 5303 530
f 56 4864 6440
f 725 5814 1932
f 2072 4049 3388
f 2869 6060 5644
f 1403 4441 3553
f 581 959 4477
f 162 632 1474
f 1529 207 3707
f 1708 4377 6026
f 6144 2838 456
f 3033 5313 2601
f 1539 5659 2378
f 3895 113 4805
f 592 699 5808
f 1002 5010 6832
f 1283 892 1732
f 1870 2623 2155
f 3186 505 3016
f 3420 80 3404
f 2474 6321 3159
f 951 4277 6341
f 630 5237 2284
f 2081 5347 4036
f 4768 4917 3010
f 3858 2312 6002
f 636 354 1908
f 1208 6598 1632
f 586 2457 1740
f 1680 2984 364
f 4011 3262 6612
f 4734 2988 199
f 806 2429 1620
f 4379 6480 1135
f 3579 2610 795
f 1601 6001 3503
f 1228 3573 4741
f 1913 649 6342
f 754 4147 5985
f 4489 860 2862
f 78 2018 2164
f 2035 6281 2734
f 3891 4909 2912
f 3180 2483 2481
f 1896 5222 889
f 3716 5895 3819
f 3366 6707 3966
f 1231 1312 2195
f 2939 3467 5873
f 958 4196 5333
f 1242 6268 3208
f 3358 3785 6433
f 2708 2168 1510
f 3837 3718 4164
f 4220 4609 53
f 4414 3658 6860
f 5198 1261 4383
f 1300 257 3726
f 919 4883 2269
f 3603 1133 2932
f 2467 6149 2789
f 947 2007 1398
f 3018 1234 3900
f 6188 1185 4808
f 351 2772 335
f 3654 3784 5630
f 2853 3273 1241
f 2076 2810 2184
f 4856 2958 6368
f 2470 4028 2455
f 1388 6347 2396
f 5346 572 6894
f 645 6618 3301
f 1235 6503 4044
f 4573 5421 5458
f 421 3402 2868
f 1307 2243 1711
f 5130 4920 4538
f 5063 6820 5507
f 3549 4019 1545
f 6097 6744 3646
f 4098 4494 6499
f 4004 6012 4794
f 975 2983 5779
f 3315 2819 5974
f 4184 440 5548
f 2580 3568 5292
f 323 4317 3858
f 181 5767 257
f 2224 1777 6862
f 1879 4096 5134
f 3483 5910 5084
f 5412 6299 1631
f 1629 6146 2488
f 6192 3028 6949
f 65 3159 2145
f 1009 5391 2333
f 2421 5480 6761
f 173 6354 4785
f 1630 2126 4271
f 3921 5057 5401
f 1952 636 4431
f 1567 2025 1547
f 4026 719 4126
f 350 4889 5521
f 1728 507 328
f 4510 3843 3511
f 5156 2672 6889
f 1309 619 5233
f 1611 6389 6604
f 2376 4318 3571
f 4542 3346 4699
f 2031 5568 3364
f 2986 2004 4350
f 4632 6731 2867
f 2290 1951 1949
f 3100 4399 2832
f 1623 6561 2156
f 1078 1150 2004
f 962 1278 3520
f 6384 2971 6691
f 2044 3815 1755
f 974 5325 1433
f 3453 4960 3674
f 6267 6737 6807
f 389 3935 4977
f 3138 1798 1994
f 1981 3559 2750
f 289 5411 5864
f 5440 314 6650
f 5180 5538 3797
f 1653 4760 5144
f 3474 6632 1099
f 5449 1603 4518
f 5261 4112 1070
f 5793 3426 4901
f 1519 527 5634
f 1880 3113 823
f 2836 6550 2526
f 758 3513 4165
f 6226 6616 5545
f 4714 3712 4131
f 1486 5251 3890
f 5209 6701 6689
f 1075 943 6404
f 4293 3564 4482
f 1806 4915 1600
f 6615 1493 4222
f 843 3007 712
f 719 5417 1151
f 1100 1630 4271
f 3217 6935 4348
f 2215 4372 2713
f 4811 3764 275
f 3648 4555 6439
f 4012 1683 2025
f 2673 3910 1230
f 70 1877 4815
f 4365 2869 5048
f 1374 516 3864
f 106 868 4295
f 2058 3882 4210
f 4421 4864 4859
f 284 2608 6541
f 2799 2269 4883
f 5750 6525 2735
f 3350 5757 2728
f 4443 6709 3553
f 989 4187 1410
f 1606 3638 4948
f 3679 4761 4603
f 1491 1519 5149
f 3303 3282 1676
f 606 1465 5305
f 3344 1245 4783
f 5987 3543 6917
f 3106 6576 4263
f 1294 286 5606
f 3792 1973 6207
f 2064 3779 6773
f 964 2876 3276
f 3672 2341 11
f 970 4887 3296
f 5562 3842 485
f 6530 1452 3994
f 1482 4043 6317
f 5672 416 4861
f 1727 5996 4015
f 4104 6940 2862
f 3789 6240 6162
f 1403 3553 5508
f 4219 5524 6716
f 3724 1040 1598
f 1272 3321 1197
f 4109 6415 6310
f 6053 574 5784
f 2371 178 4888
f 1087 3862 3015
f 4785 6354 2759
f 3168 3199 5175
f 568 1441 1791
f 6106 3190 4752
f 517 5546 6636
f 1218 325 3839
f 2969 2981 3819
f 700 955 4604
f 4809 3582 4207
f 4773 3612 6732
f 440 3788 697
f 704 2325 4851
f 4475 1783 3328
f 2530 5939 1064
f 950 4735 1075
f 139 913 4581
f 5505 5562 485
f 2353 2711 6421
f 2387 2453 748
f 3287 3697 5390
f 4157 5523 5066
f 773 3229 4876
f 1617 4569 5799
f 5124 6537 2474
f 1721 4232 2128
f 4535 2296 6591
f 209 3841 4029
f 834 2300 4015
f 4879 4642 6729
f 783 3003 1537
f 5530 4555 5779
f 3607 3518 3960
f 5518 5789 5295
f 3419 6271 3499
f 3817 3997 2212
f 6462 2001 3289
f 257 5767 4278
f 5949 127 2617
f 1152 1731 458
f 6060 2783 153
f 244 2134 749
f 3658 94 291
f 3601 292 572
f 4304 1816 2171
f 115 690 6760
f 487 1476 5465
f 4357 6929 6924
f 3008 4873 4466
f 1077 4821 3392
f 3154 77 5717
f 1726 2326 3678
f 4159 6119 6856
f 155 6717 1314
f 4525 3083 2455
f 2386 6206 6496
f 3143 1102 6471
f 1222 3875 3436
f 3265 4368 4388
f 423 3114 1833
f 1343 2913 6674
f 638 2629 5643
f 5513 1766 6263
f 1037 5324 1442
f 2015 1491 3591
f 4393 4958 2898
f 3242 4253 4433
f 2201 2837 4299
f 2641 6611 1507
f 916 3902 4898
f 2260 3764 4811
f 178 504 717
f 5029 5242 5172
f 811 1432 2917
f 3107 3559 2220
f 638 4186 90
f 2389 5364 5613
f 385 1901 6848
f 3834 4459 740
f 4053 1503 6932
f 4929 1925 2056
f 277 4471 2762
f 3592 3431 4281
f 5344 5968 1886
f 5999 1583 5399
f 2224 6862 6228
f 700 3172 2629
f 4333 4018 6907
f 33 2103 5451
f 3210 5931 1093
f 2783 4545 6553
f 552 165 2292
f 5616 760 2929
f 856 2263 1381
f 4735 6951 3870
f 827 2480 5693
f 185 5705 3221
f 3446 2180 6571
f 2534 1088 3431
f 2529 1062 360
f 217 3481 3527
f 563 4287 47
f 1888 1862 5115
f 238 4080 1339
f 404 2828 982
f 3419 3803 6271
f 2757 6590 477
f 1331 5503 6261
f 2259 315 6053
f 871 2976 6577
f 635 2067 3616
f 5058 4770 1631
f 673 4769 5820
f 1685 6816 4683
f 139 3974 1883
f 553 2893 5488
f 1455 1487 6327
f 2282 4914 5418
f 165 2060 4337
f 420 6822 3914
f 3081 6917 3250
f 1393 3641 5322
f 4363 5807 3195
f 203 4769 3240
f 1201 2420 4349
f 3794 383 2256
f 6283 6120 2973
f 1778 6638 2152
f 5177 6879 5621
f 6097 4658 6150
f 2459 368 3336
f 5640 6155 5956
f 82 1335 4002
f 5942 4949 6199
f 1716 2788 6215
f 3156 3237 2504
f 435 2649 2803
f 24 6957 1560
f 374 5763 5206
f 3139 4478 5256
f 3946 967 3260
f 50 642 1555
f 3035 4090 1339
f 973 5661 3534
f 4197 3141 3337
f 4998 6897 2859
f 6322 6885 3447
f 2833 1559 1575
f 1107 2030 2948
f 2388 4696 1510
f 2803 2649 4403
f 4839 6549 6136
f 589 1761 1402
f 1244 1073 3937
f 2157 3193 826
f 990 6119 4159
f 3178 764 6810
f 1052 4630 3932
f 6146 315 6438
f 1564 4498 1469
f 2618 5228 1881
f 6083 1618 4024
f 2668 555 4467
f 3646 1290 5071
f 5884 2597 2225
f 3062 5792 6555
f 1752 1346 5765
f 4192 5368 5796
f 3491 3197 1560
f 3614 3738 6960
f 2356 1832 2154
f 4823 1357 3050
f 3772 6199 6507
f 3368 2692 5195
f 1294 4356 5026
f 3717 6334 977
f 3570 1005 690
f 2144 1050 1299
f 1511 4273 5700
f 88 978 215
f 500 5463 1751
f 1859 6939 3415
f 4813 5111 4451
f 852 4824 1437
f 114 5536 2962
f 4784 5971 4959
f 3772 4929 6199
f 1895 316 2619
f 4768 3010 6778
f 471 5685 3192
f 854 6102 6804
f 5581 2606 319
f 4718 5745 4483
f 101 6931 4081
f 5183 6456 6463
f 2997 4804 6726
f 2644 1489 6190
f 3798 4732 1266
f 1439 6652 3226
f 4810 3228 1084
f 1207 3219 1644
f 272 2580 4759
f 5522 5925 4058
f 2585 6506 6416
f 760 1758 2848
f 1036 4418 2420
f 2096 3836 6512
f 3759 5251 2529
f 1869 5873 4828
f 2009 3982 5860
f 5103 4856 6368
f 5166 5847 5128
f 1288 2298 6417
f 1629 6940 315
f 846 4424 4492
f 370 6127 3656
f 2079 4978 2733
f 2919 3849 4964
f 681 3201 588
f 1762 6152 449
f 3341 1080 5496
f 2252 5752 1256
f 2044 6130 3815
f 84 3294 2350
f 258 1249 3307
f 3197 24 1560
f 3285 4361 3879
f 914 328 507
f 4623 6402 5014
f 267 6803 3908
f 1174 2666 2841
f 1852 3454 1041
f 2806 3038 4340
f 2515 5445 4241
f 4893 4246 736
f 5980 4170 5107
f 345 3251 3001
f 390 5768 6564
f 2707 4993 1204
f 380 2981 1823
f 3204 4336 6571
f 1328 5269 5704
f 2175 5531 3306
f 2842 1741 2109
f 3917 1566 5458
f 356 3449 1641
f 3684 4658 5410
f 5571 6936 6942
f 1439 4564 3573
f 2928 6917 3081
f 6240 3084 2320
f 3134 6379 5638
f 1865 5031 4325
f 5757 5650 6253
f 4772 5538 1734
f 1931 908 3752
f 3887 3952 4052
f 1938 3971 44
f 268 3865 2900
f 3360 1747 6027
f 2117 6533 6776
f 1429 4889 303
f 3498 5585 6180
f 1250 4380 5473
f 1270 4417 698
f 3156 3016 3237
f 1734 1499 2311
f 6513 4890 849
f 5098 5323 6733
f 5034 6844 5914
f 1654 5613 5364
f 3674 4545 4365
f 1470 6775 6082
f 365 2556 248
f 5025 584 1390
f 732 4087 1015
f 1648 1704 4626
f 2902 155 4527
f 3849 5271 4964
f 753 5712 5964
f 202 3216 904
f 5947 6323 1691
f 2863 3674 4365
f 3182 4762 4
f 3362 1903 2090
f 869 5210 6636
f 2488 6146 6151
f 4166 737 6320
f 2730 762 2875
f 3628 4058 6040
f 533 2782 4686
f 1680 3869 2984
f 6321 6537 4925
f 2283 6787 4951
f 1085 6848 1901
f 1908 1914 636
f 1481 5192 3281
f 1744 4649 524
f 3454 2243 1041
f 6049 503 3663
f 5013 6234 526
f 1511 2024 4273
f 1396 1945 6473
f 225 1308 4420
f 2397 4683 6816
f 2332 2840 4884
f 3972 5365 6492
f 1089 6814 3057
f 4879 6729 6381
f 5419 5444 1157
f 2252 832 2063
f 806 3560 4638
f 5687 6817 4939
f 3686 4721 4644
f 115 6760 3945
f 2480 1596 4637
f 5800 4617 3662
f 3529 5990 5927
f 521 6933 250
f 2563 4682 3315
f 2286 4122 2370
f 1832 2356 1966
f 5539 6653 4264
f 6285 969 6109
f 37 3452 2223
f 3995 2449 4280
f 3477 3895 4805
f 2146 4383 2021
f 889 4082 1896
f 3662 4617 271
f 1356 5820 4672
f 156 6771 1490
f 987 1841 4178
f 6273 5758 6388
f 879 4357 3489
f 4599 4758 5682
f 403 3333 6789
f 2097 198 3650
f 5725 5959 1895
f 2014 4286 2899
f 1915 1309 2889
f 3152 155 3587
f 626 1329 5170
f 3510 3170 3734
f 3064 4063 5882
f 4467 555 2889
f 3927 4523 1834
f 3876 1845 1926
f 3786 1332 391
f 806 3966 5603
f 520 1798 5359
f 965 2732 6801
f 536 1853 6120
f 4448 4389 6464
f 999 3578 4030
f 2426 4676 3761
f 4810 1084 1980
f 2554 5877 4962
f 1293 3686 4305
f 553 5777 4369
f 2803 697 5200
f 2083 142 735
f 2286 6517 1268
f 3137 6626 2819
f 669 2988 4734
f 5841 688 5865
f 1628 3507 5127
f 181 257 512
f 4229 5229 5077
f 274 6836 4103
f 4490 3518 4314
f 855 4330 3363
f 4050 6302 776
f 1120 4351 4255
f 3403 6668 2041
f 541 275 3764
f 5467 4684 6168
f 2927 209 880
f 2421 6761 3140
f 1805 4014 6633
f 2505 6884 3669
f 2281 1662 6923
f 1379 3028 5285
f 2443 3598 5468
f 2230 3428 4311
f 2293 5428 2835
f 4518 2676 6435
f 154 1272 4385
f 4230 6216 3652
f 5807 3589 5978
f 2191 6694 5975
f 2718 2415 3261
f 1232 5032 2635
f 1282 1797 689
f 1943 3888 1789
f 933 4394 811
f 948 5094 6196
f 1124 4221 3277
f 4263 6374 1769
f 3023 3532 1883
f 275 541 5731
f 1672 6131 2983
f 2458 3947 1260
f 1879 6805 1577
f 5750 1139 6525
f 4378 2526 1706
f 969 6246 4056
f 4437 5297 3659
f 4090 6677 2348
f 874 4697 5454
f 1429 6529 6523
f 4880 6857 6006
f 213 227 3203
f 4816 355 1350
f 3556 3940 5122
f 197 6863 4213
f 4259 5326 4144
f 2561 2558 6532
f 613 3127 4782
f 4518 4927 1421
f 4639 490 1652
f 3495 2238 6854
f 2306 6711 5493
f 5585 3506 1738
f 4490 4508 5467
f 3806 3656 6127
f 1525 5627 2492
f 2216 3666 1643
f 1336 2103 4754
f 2607 5607 5219
f 2413 3893 110
f 4525 6800 2165
f 2261 826 3193
f 4936 6360 3710
f 732 6452 5298
f 1807 1872 3700
f 3515 4256 5544
f 1748 3093 4320
f 1733 1677 1808
f 2483 506 2481
f 2980 5534 4891
f 632 509 3643
f 3742 1921 2160
f 3949 618 324
f 3194 6469 6174
f 39 5728 1198
f 1069 6924 1933
f 1586 3713 5266
f 1436 3242 126
f 582 6958 2680
f 4392 6621 2996
f 626 5522 6613
f 1475 4653 2461
f 3634 1110 5286
f 3609 6278 2052
f 5806 3570 6453
f 1202 449 4032
f 2429 578 1620
f 78 5174 4352
f 33 5639 4023
f 763 52 1015
f 998 2432 5797
f 3798 2670 6731
f 1145 1946 2006
f 757 1344 5000
f 5357 4939 6817
f 197 4213 1476
f 1326 5641 1573
f 3881 5263 19
f 1884 2871 6958
f 359 6878 2770
f 1212 5546 517
f 4095 3731 4737
f 347 5281 3644
f 2260 1345 5487
f 3134 5638 2549
f 2393 3054 6614
f 4925 6664 6858
f 3504 5829 5279
f 4458 4540 4876
f 2107 2900 3865
f 1697 3002 808
f 2545 1478 4660
f 5841 5865 6601
f 4402 5705 4292
f 206 124 2456
f 2338 2765 5536
f 6022 6942 6936
f 88 582 978
f 4703 5094 6200
f 4710 4767 3478
f 4161 6899 6607
f 43 1459 1377
f 6284 4291 1192
f 4392 2996 3923
f 3182 6510 4762
f 489 2481 3752
f 3642 5337 3527
f 394 3585 1833
f 1901 6006 1085
f 2777 6461 4576
f 2395 2431 517
f 5253 6355 4215
f 1077 5068 5260
f 792 6299 4967
f 3848 6417 2298
f 2104 5175 6081
f 1168 2405 5352
f 54 5873 3467
f 3977 6938 5280
f 902 1051 1799
f 2758 6143 2746
f 1044 3173 4495
f 294 984 5598
f 3930 3328 5477
f 2765 6295 4313
f 1757 3149 5686
f 642 3609 2052
f 4716 1305 5216
f 5527 3359 3238
f 525 6201 3442
f 1991 5889 4936
f 1224 4533 6661
f 3495 4040 5341
f 1316 5732 4198
f 6106 4752 1737
f 3836 5355 620
f 2600 739 1520
f 69 3955 2562
f 968 4926 3912
f 897 2727 4135
f 2784 6908 5993
f 3158 3078 4226
f 1313 2983 2288
f 3538 2238 3495
f 5148 2147 5698
f 3787 6194 3755
f 752 4062 2135
f 3424 6205 5446
f 1054 4133 2667
f 3731 3575 4737
f 984 2119 5598
f 255 5615 1837
f 1558 2261 2474
f 3920 5986 4110
f 2358 4021 1122
f 1365 6487 6871
f 1284 5668 1257
f 2254 3889 5205
f 133 5668 4164
f 676 1204 5168
f 2047 6224 1366
f 1770 96 1679
f 3195 378 1463
f 4480 5343 1686
f 1676 2932 2292
f 1998 1004 3947
f 3152 3638 4602
f 1071 1310 3305
f 2690 4627 2821
f 388 5766 6063
f 752 482 4062
f 1986 4663 2830
f 6601 6794 5841
f 3288 956 6777
f 2724 5988 5652
f 4179 311 2916
f 1561 6625 4328
f 5348 3263 3145
f 2973 5414 754
f 1870 2155 5038
f 1570 1354 3502
f 3049 6176 3157
f 2608 2317 2144
f 4475 3328 4947
f 2344 6314 6726
f 4793 174 900
f 2267 2388 797
f 52 6452 732
f 3905 1662 2054
f 1047 3741 5840
f 595 2348 5833
f 1615 114 2962
f 890 6525 1524
f 829 6585 6528
f 1581 2970 2626
f 1320 569 764
f 3535 352 3878
f 4496 4812 4102
f 3230 6458 1657
f 1756 2558 2561
f 4939 3914 5687
f 2395 6636 1930
f 5663 4870 5964
f 1196 3930 5477
f 1720 678 6887
f 1124 3346 3245
f 623 3265 2375
f 3904 1192 4291
f 1453 6558 1815
f 1888 5377 3701
f 100 3839 5932
f 1661 416 5672
f 4399 4590 3962
f 5318 4706 3776
f 1852 6327 4239
f 2322 6608 6733
f 943 1075 4591
f 1951 5519 5275
f 2580 2931 4759
f 4482 938 3236
f 2891 2102 3053
f 4796 5394 3438
f 49 696 503
f 1768 3048 2948
f 1326 3577 1206
f 3986 4165 2748
f 2204 2740 1034
f 338 6467 643
f 2344 6726 4804
f 461 2340 191
f 3695 5351 5834
f 2062 4316 917
f 5437 4556 6036
f 19 4063 1478
f 483 5859 3796
f 572 2586 2407
f 312 4647 624
f 5563 6606 6563
f 373 3227 6902
f 3574 5822 6297
f 3275 4031 4301
f 55 1818 6336
f 73 484 4977
f 1268 5351 3695
f 890 3467 2939
f 2809 4851 4435
f 1815 3691 4035
f 856 5204 2426
f 4417 1270 5885
f 920 3760 3476
f 3001 5769 6076
f 2791 677 2776
f 95 3557 5296
f 2864 4164 3718
f 2336 1222 4290
f 2199 3555 6082
f 2973 1853 3404
f 760 266 3253
f 2271 1671 2123
f 1226 5491 728
f 1367 1805 1749
f 5671 2073 3835
f 3475 1969 5528
f 1070 1279 2741
f 4451 5409 5958
f 144 6878 4307
f 3452 379 734
f 336 2699 3051
f 12 4039 6244
f 674 4042 4602
f 121 3326 3146
f 1680 3727 4622
f 2427 6472 5508
f 1357 3924 4407
f 1095 2209 356
f 2882 6357 3551
f 2538 3261 5228
f 4734 369 669
f 1297 1950 5545
f 3823 4755 1288
f 2276 6087 3834
f 835 4195 4787
f 3899 3452 5886
f 1571 6193 4718
f 6944 1185 6188
f 3523 5226 4840
f 2754 4335 4454
f 6088 1115 711
f 4018 1742 2116
f 1352 6385 3384
f 1957 6670 4045
f 2813 497 2969
f 2686 2795 5093
f 5681 3421 6919
f 4847 4415 5246
f 202 3282 1338
f 298 6595 4173
f 778 1809 3780
f 3862 5992 5788
f 2006 3951 5447
f 4784 4959 5752
f 65 2145 2338
f 631 5666 2094
f 1627 4318 2376
f 28 3430 3676
f 2387 2 4539
f 5206 5763 5252
f 5016 6175 6282
f 2237 4725 1502
f 1956 1070 5928
f 1183 6764 6094
f 154 5951 807
f 4888 4526 5144
f 1597 2763 3370
f 4054 5321 5155
f 2944 1023 2560
f 1306 6637 3623
f 144 4307 3423
f 1929 210 1615
f 1137 870 1546
f 2553 2953 3183
f 5605 6191 4274
f 1218 3839 6122
f 79 4984 4216
f 15 1604 5658
f 709 6225 2631
f 331 655 1248
f 3943 340 6659
f 975 4861 416
f 5932 3839 4742
f 3061 2828 404
f 1576 4274 6415
f 3513 6204 5832
f 3386 5843 2446
f 4404 67 5553
f 2539 5124 3193
f 4236 6516 2716
f 6252 3397 1079
f 973 2891 3053
f 474 6536 3213
f 6160 3860 4933
f 2539 2373 2169
f 2837 4884 4656
f 1671 2581 4115
f 881 874 5454
f 4814 5631 4548
f 2250 4209 5375
f 3328 1783 4635
f 3216 4901 4462
f 1172 4709 394
f 998 5797 6022
f 2640 2031 1383
f 2291 4683 3666
f 2017 6220 331
f 3357 3264 5679
f 1907 1592 4986
f 2012 2086 3024
f 3022 6619 2518
f 1468 3190 15
f 4405 6581 3492
f 880 2959 6947
f 1901 5242 4880
f 1167 5107 6414
f 3486 6450 1679
f 469 1705 1501
f 5314 2259 3300
f 1726 2472 2326
f 609 2236 5428
f 5566 2143 332
f 4043 4383 2146
f 6049 3663 194
f 3178 1180 764
f 5600 6677 4090
f 1084 3466 6642
f 439 4956 14
f 4819 716 3157
f 3866 4616 2152
f 4151 4680 1091
f 5999 3050 4695
f 5966 6433 6227
f 2950 3760 4426
f 2565 5247 6544
f 3372 1115 6088
f 4257 5584 2704
f 966 3736 4902
f 3002 3385 5257
f 1382 4526 3656
f 68 1153 1983
f 220 2253 532
f 478 4582 4397
f 3541 4758 5564
f 2599 6294 6089
f 422 4689 3663
f 4742 1141 5932
f 951 6826 6098
f 2827 372 663
f 3646 5071 6097
f 3872 1991 4936
f 4857 737 4166
f 4009 4460 5269
f 1181 633 4682
f 3961 1176 532
f 296 683 4108
f 1945 5537 6473
f 5675 6716 2493
f 1621 4668 4679
f 1229 196 4976
f 738 3432 3389
f 4288 1722 3748
f 3051 3420 4911
f 3781 5482 2453
f 812 4687 4279
f 2956 941 4757
f 4299 2837 5278
f 291 694 3185
f 339 6553 5922
f 5769 4770 2231
f 5903 6245 6209
f 1438 1851 161
f 509 6477 3643
f 3691 4435 4851
f 3691 6558 4435
f 3837 4164 5308
f 4022 4233 4413
f 3137 5319 6569
f 2351 1143 6193
f 1117 4912 1662
f 223 131 6687
f 5603 6707 6304
f 461 3272 1724
f 782 6767 5711
f 4791 6227 2055
f 3009 1146 986
f 3330 2447 1569
f 1111 1393 5322
f 2348 6677 5833
f 234 1645 6092
f 4357 1347 6929
f 2707 3619 6153
f 3400 6546 6600
f 3501 6862 1777
f 880 209 2959
f 1506 2331 2247
f 6230 6665 3897
f 4162 5572 5164
f 5889 6531 3725
f 624 4647 1800
f 4312 1830 3448
f 1613 3768 3922
f 1421 5449 4518
f 1703 4598 2616
f 5364 875 1654
f 3129 2996 3714
f 6049 2277 1911
f 3493 1978 3543
f 3369 4280 1887
f 208 5561 4589
f 2445 1197 3091
f 3596 4164 1979
f 2174 1735 2185
f 973 5282 5661
f 2047 5806 6224
f 187 5385 6869
f 653 4794 6012
f 130 473 2159
f 3465 2967 6369
f 2337 3353 3571
f 3654 317 4847
f 5661 5282 2450
f 4833 857 5054
f 942 2011 575
f 1548 5469 121
f 1828 2872 2838
f 686 2734 1303
f 3668 3458 3380
f 703 2310 955
f 5185 325 994
f 6132 1752 5765
f 3302 5402 4017
f 1567 4774 3378
f 730 6103 6500
f 2255 5689 6612
f 1729 6405 6410
f 2255 3421 3441
f 878 4371 1446
f 1338 3282 3303
f 3044 3461 3150
f 66 3440 1368
f 2787 3680 3657
f 5709 6404 5274
f 1611 3191 6389
f 4193 1557 4468
f 3926 471 6572
f 2603 3230 2790
f 1809 4749 2053
f 43 1377 510
f 2317 5743 1160
f 496 525 3200
f 894 6920 2285
f 3311 6029 4953
f 2066 2963 6914
f 895 4386 3419
f 2186 1645 2532
f 332 2143 2574
f 1021 6915 1649
f 1369 2712 5850
f 340 6702 4249
f 5973 2581 237
f 4201 6221 2765
f 214 1995 6566
f 864 3120 6014
f 299 3071 474
f 4986 4177 1907
f 4194 4996 3201
f 1229 6658 1910
f 3658 6371 6860
f 1786 4133 5387
f 1898 6793 2112
f 2474 3159 1558
f 1466 587 3497
f 3471 1899 1074
f 1881 5228 3261
f 1718 5745 4718
f 2755 5433 5699
f 3377 1074 5552
f 588 2756 681
f 6375 2277 1494
f 1306 3072 6637
f 227 1495 3591
f 812 3238 4687
f 2186 6314 5000
f 1771 2726 5941
f 5600 2272 6677
f 898 3662 271
f 1698 916 5064
f 94 4974 228
f 1841 6475 4178
f 2507 4772 5918
f 308 1730 2633
f 820 834 1954
f 3363 5685 4208
f 4204 5015 2295
f 2448 4562 3983
f 1897 5336 2177
f 132 4235 2648
f 2748 4362 5416
f 1898 2112 4359
f 601 3708 6698
f 1701 3052 3176
f 1979 3767 988
f 56 6330 6840
f 2042 2720 389
f 4141 6442 6201
f 499 4759 2320
f 1917 3165 835
f 3145 473 5577
f 4573 5458 5231
f 2633 4400 331
f 3298 6083 6854
f 848 6099 4921
f 3877 5798 5098
f 763 5050 52
f 2739 4635 6229
f 3057 6814 4093
f 1841 6292 6315
f 4394 2881 1142
f 300 6161 4110
f 2752 3473 5021
f 1342 3464 2745
f 68 3856 1153
f 3977 5280 5908
f 3461 6456 4199
f 3037 4511 4044
f 1310 5982 3305
f 4487 883 3976
f 693 87 6272
f 2454 5084 5910
f 2992 1262 2948
f 603 2704 5584
f 339 3018 985
f 661 6338 6318
f 3457 6116 1010
f 1012 1675 3940
f 2583 5584 1796
f 1719 6803 267
f 1345 3975 3030
f 6396 6753 6751
f 652 6129 4302
f 3037 4044 6503
f 5218 5789 5803
f 3441 4013 4071
f 947 4780 3375
f 2809 464 3944
f 2387 4539 3781
f 5917 6323 5456
f 396 226 5735
f 570 4541 4983
f 1308 2304 644
f 3812 4733 1276
f 1782 1108 1677
f 1701 3176 6835
f 2172 3099 4522
f 1060 3242 1949
f 722 539 6346
f 1256 4327 5248
f 6381 6653 6743
f 5310 756 4963
f 1338 3303 4065
f 2628 1748 6272
f 2643 2970 3254
f 876 2229 4193
f 3231 6875 4307
f 3603 1676 3282
f 1555 4963 3692
f 2090 3891 1619
f 1549 4877 4059
f 4673 2228 6937
f 5162 2972 6437
f 3641 1393 6034
f 4694 5455 2992
f 3376 5151 4386
f 1706 6550 2365
f 988 3596 1979
f 4244 1920 5825
f 5070 3629 468
f 3867 4041 2615
f 1681 2406 6176
f 5550 1295 3663
f 1380 5497 5074
f 4711 5697 3758
f 3465 2180 1639
f 821 776 1262
f 1573 4609 4209
f 704 4444 3063
f 1268 378 5351
f 1005 537 2522
f 408 5610 3137
f 399 927 6460
f 3945 4644 4721
f 3040 5921 4309
f 1601 6123 1121
f 1601 4897 2486
f 5482 5782 5311
f 5235 5020 221
f 1239 1893 6050
f 3109 5756 6812
f 2096 6251 2843
f 2058 6005 1549
f 2188 4739 2258
f 5329 5773 3993
f 30 4457 2147
f 1844 5553 6897
f 1202 4032 4232
f 3851 4731 6251
f 2847 6927 6091
f 45 2216 4191
f 721 3235 6523
f 3083 4525 6421
f 1894 2266 4676
f 6367 4955 2912
f 3987 18 2434
f 1952 6935 5935
f 3245 6401 1124
f 1453 4435 6558
f 2613 6781 6297
f 6049 194 2277
f 3570 6758 1005
f 1449 6872 5785
f 2330 4795 2013
f 3568 5422 5292
f 1819 6254 2324
f 5511 3694 3371
f 329 1799 1051
f 680 5909 3866
f 4043 4904 3319
f 930 2609 2503
f 1307 4830 393
f 3313 4608 5331
f 4794 653 5202
f 1480 1906 4089
f 2134 6306 749
f 1817 5672 4861
f 713 3477 580
f 2945 2112 6793
f 4153 346 611
f 4132 4537 2471
f 4806 1603 5449
f 3158 4984 4243
f 2080 5051 4012
f 1601 1121 4897
f 2975 5677 6451
f 306 4097 2732
f 1843 3653 6609
f 390 967 5768
f 1123 120 20
f 3637 5423 6526
f 240 337 1960
f 4698 1767 6292
f 1320 5944 569
f 700 4604 3172
f 3002 2669 3385
f 818 6194 5776
f 1649 521 4188
f 90 236 638
f 594 4779 1551
f 3257 6067 6654
f 1146 2563 1335
f 4275 4347 1140
f 2321 4191 3618
f 1946 1145 5400
f 2406 3157 6176
f 82 1417 1335
f 1912 558 3800
f 389 5727 5590
f 2208 5658 5655
f 999 4575 3578
f 1897 76 3368
f 2936 5584 2656
f 1104 2476 1143
f 2672 1549 6005
f 587 5010 1002
f 3284 5203 1514
f 1471 2638 402
f 925 6735 5416
f 2149 1472 1062
f 35 5363 2585
f 574 6053 6690
f 4 4914 639
f 1804 5277 6398
f 1111 3657 1393
f 3579 4571 2610
f 2571 1804 5693
f 1624 2966 2536
f 4634 6468 4342
f 2073 6461 6861
f 2867 3213 99
f 2896 6451 3988
f 4734 199 2408
f 762 3876 414
f 2425 918 6303
f 3599 1903 6490
f 547 4891 5534
f 2272 5575 5431
f 1691 2994 6167
f 3106 4263 5075
f 4102 2067 671
f 415 6452 6018
f 3191 3549 6389
f 386 6877 4599
f 4593 1033 6792
f 776 1529 5526
f 1990 4596 684
f 3919 4334 3749
f 487 1024 4611
f 476 4667 1368
f 2153 6218 2469
f 1356 4672 5154
f 1280 4457 30
f 2804 3455 5119
f 288 6571 4336
f 3814 4546 640
f 3463 800 218
f 3782 6598 2113
f 209 4944 5310
f 494 1258 1770
f 5762 6223 4679
f 911 1962 6080
f 4641 1917 5141
f 4342 6468 5245
f 1244 6597 1073
f 1360 1068 6320
f 1097 2324 3198
f 1622 2360 5696
f 4476 5994 4325
f 672 4826 1232
f 3735 6447 4344
f 3353 5741 2114
f 3602 6722 4688
f 2631 6486 709
f 4669 6276 2172
f 1262 5526 6921
f 493 2132 3019
f 971 2054 4388
f 126 4433 1586
f 206 2456 2693
f 3649 5579 5912
f 4940 2829 2472
f 603 5584 2936
f 4566 399 5953
f 56 6440 3455
f 3469 6849 4223
f 5267 3744 1774
f 5140 6132 5765
f 1859 6007 6939
f 2827 6214 372
f 759 4783 6681
f 443 5679 4033
f 1202 3014 3539
f 4973 3371 3694
f 898 2548 528
f 4631 4483 5745
f 4321 444 6784
f 2270 2237 4996
f 705 1486 1001
f 6313 4213 6863
f 1239 4503 6448
f 2653 360 1062
f 943 4591 1193
f 4793 5386 5514
f 1239 6448 2170
f 528 3504 436
f 141 6412 2094
f 3302 5495 6774
f 656 390 283
f 347 2117 6776
f 990 5589 6119
f 3270 4433 4253
f 4150 1701 5890
f 880 6947 1400
f 955 426 764
f 2593 2366 3946
f 1531 1194 5607
f 3957 2484 4123
f 5319 5874 6569
f 3657 3680 1393
f 3673 4653 3698
f 1162 481 4669
f 1304 3664 4510
f 1458 3015 3681
f 2674 3309 6662
f 7 2484 4153
f 69 2533 1039
f 3458 3981 1389
f 4055 586 5142
f 3953 4216 2897
f 384 6275 6954
f 3242 2290 1949
f 4622 2364 1680
f 1019 6443 4146
f 677 4767 1659
f 2648 4235 3297
f 4730 5683 5782
f 5399 6679 3050
f 4918 5613 1654
f 1847 6373 6179
f 4417 5404 3754
f 388 6063 2032
f 6885 3246 1895
f 4165 4362 2748
f 3316 4216 3953
f 4061 4793 5514
f 625 3809 1650
f 2211 492 6798
f 2191 3458 3668
f 5336 3054 2835
f 5177 1156 6640
f 2729 6896 1084
f 5639 4244 3889
f 2761 1831 3739
f 760 2092 2929
f 5954 5686 3825
f 2339 945 2796
f 1199 6240 1515
f 4075 5135 3424
f 3958 5622 1188
f 341 4214 3671
f 5022 1938 2173
f 290 5663 2887
f 3401 3958 2679
f 767 1565 5371
f 2121 664 5701
f 2151 6898 6769
f 2294 492 2211
f 3509 3937 3349
f 1567 4012 2025
f 2755 5852 6429
f 337 4796 3438
f 579 6338 5868
f 2536 6113 2462
f 3698 1324 6051
f 504 3523 6356
f 2828 3116 1696
f 2923 2408 199
f 1691 1302 2994
f 974 517 2431
f 354 2758 5273
f 1429 3743 6610
f 1509 4521 3224
f 106 2544 868
f 763 6745 5050
f 2190 5446 6104
f 986 5488 6471
f 2769 3115 4361
f 3794 2256 3894
f 2138 1880 5283
f 5494 4572 6427
f 2675 5706 1974
f 3550 930 1190
f 1597 3529 5927
f 2952 1678 2114
f 44 1349 5421
f 868 4708 679
f 1264 6911 5543
f 4027 357 5288
f 6010 4489 2862
f 116 746 441
f 2538 5228 4707
f 1820 4031 989
f 5153 6617 6640
f 603 5183 2704
f 1437 1333 852
f 2498 6023 1792
f 2213 3810 344
f 4036 4247 2081
f 1210 2843 4731
f 3151 5080 3515
f 1391 6912 6489
f 3635 5551 5411
f 2168 2388 1510
f 368 5241 6336
f 2916 311 4760
f 2870 2703 5035
f 2156 6561 1234
f 409 709 397
f 920 3476 5652
f 1015 52 732
f 1641 3822 356
f 639 261 5089
f 4463 2452 710
f 242 1801 437
f 1909 957 6503
f 530 5956 6155
f 8 4238 893
f 5590 5727 3972
f 1444 1030 5869
f 5591 2857 6001
f 3248 6622 2022
f 2684 754 1715
f 1835 2366 4341
f 954 4786 2444
f 556 3891 2912
f 1384 4048 661
f 3618 3174 5609
f 783 1537 2578
f 1267 2132 1035
f 3205 4882 558
f 1127 380 6391
f 3058 3537 5112
f 4071 5158 4507
f 5293 3865 3304
f 5319 6029 6344
f 2183 1993 3171
f 160 683 4146
f 4700 2949 4488
f 3378 4771 4554
f 5342 4764 6855
f 546 5745 6905
f 3574 6518 5822
f 2038 1411 2001
f 1460 1614 3197
f 59 5744 5238
f 62 6754 2423
f 2514 4114 2653
f 4128 5157 2541
f 1928 6580 4269
f 3934 491 385
f 2864 3718 6741
f 1400 2927 880
f 5282 6680 3868
f 2531 4050 1497
f 3300 2259 5784
f 1248 654 5250
f 803 3693 3974
f 2920 3795 2362
f 4633 4852 5181
f 3378 5860 381
f 1622 5696 4248
f 5094 3057 6196
f 3602 2976 6722
f 5061 216 2085
f 5129 2229 1850
f 1120 1013 4188
f 4738 2687 5168
f 4092 4225 6293
f 661 1456 5694
f 1431 2646 4779
f 4586 889 3333
f 2654 3608 5551
f 65 78 3159
f 721 3192 5685
f 1415 3410 1915
f 4605 5915 6578
f 3876 1926 346
f 1123 4893 1966
f 3726 5089 2198
f 411 4142 5074
f 2041 6668 4413
f 6751 6753 6318
f 2508 5068 2361
f 2382 3484 5742
f 1431 5565 5176
f 1187 1844 4650
f 1382 3656 3806
f 4287 5673 3106
f 1354 1214 6154
f 2004 5847 4350
f 2840 1657 432
f 1887 4300 2550
f 2286 3117 4122
f 4825 6501 6522
f 1574 222 4455
f 519 3439 5002
f 5113 3743 2839
f 1023 2775 2560
f 2407 6894 572
f 1747 1387 2961
f 1706 2526 6550
f 2482 272 221
f 4006 3753 4989
f 3910 1269 4846
f 4517 5956 3918
f 2177 5428 2236
f 4850 3833 2087
f 3792 6207 5207
f 3409 5585 3498
f 1154 120 5476
f 2865 231 1475
f 477 5494 5108
f 886 6290 3995
f 2104 4295 2716
f 549 3723 2105
f 4068 1152 2028
f 2099 2933 5079
f 1702 6749 1257
f 3011 5335 4668
f 821 1497 4050
f 2904 6159 6400
f 1502 625 5361
f 2275 442 3149
f 1274 732 5817
f 1254 1140 4347
f 3138 439 6959
f 1183 5464 6777
f 2124 5259 2159
f 4107 5040 484
f 5506 6794 6601
f 1243 4262 5051
f 467 2799 4883
f 3225 5615 1223
f 406 5937 5858
f 3396 4807 377
f 1111 4245 2943
f 4515 1251 6139
f 2510 3638 1606
f 3603 1295 1133
f 3662 1919 6454
f 2853 4360 1739
f 4720 6682 5867
f 2865 1475 2475
f 5123 4123 2484
f 1702 1257 6396
f 1566 1266 4732
f 2724 6799 5988
f 301 4105 5849
f 5540 5946 5301
f 2451 5907 2960
f 3101 3052 5406
f 173 4785 651
f 5858 3212 5271
f 2281 5901 1662
f 4803 4725 110
f 240 4514 4796
f 5295 6069 6100
f 1537 4137 6936
f 2644 4443 3553
f 203 3240 2654
f 1482 1780 4246
f 2489 2810 2076
f 5560 1311 1600
f 1570 4678 1354
f 2554 5582 2883
f 5068 4971 2361
f 3615 5724 2905
f 5459 3099 2703
f 3618 3954 3174
f 1300 5723 257
f 4109 2206 6415
f 1449 2221 567
f 695 6549 4839
f 3292 5906 6202
f 3368 5286 1897
f 1274 4087 732
f 3629 3688 3705
f 4479 5710 4470
f 662 3254 2970
f 5966 6227 1210
f 3376 4386 6296
f 4257 1796 5584
f 4704 6923 2403
f 1265 3682 493
f 4072 4677 6001
f 4788 5593 6015
f 3752 908 189
f 549 4540 1189
f 2637 2271 2123
f 6369 2967 5726
f 1313 6111 4538
f 4268 6551 4632
f 3484 5707 5742
f 1348 4831 1054
f 3046 5557 6888
f 470 5525 670
f 1280 3427 1784
f 354 5273 2850
f 3610 3956 1886
f 3368 3381 1712
f 4133 1786 2667
f 546 3145 5577
f 2403 2375 4704
f 915 3183 2953
f 218 3391 163
f 3838 4046 4355
f 4153 3957 3332
f 1619 6836 6538
f 549 1189 507
f 2203 3495 6854
f 1234 3018 4335
f 5937 6101 3212
f 2022 5003 4379
f 5374 3202 136
f 620 5355 1404
f 1769 2817 4132
f 2758 2746 871
f 866 1743 4094
f 1674 150 5724
f 3839 325 4742
f 5483 4418 997
f 4664 1518 5185
f 1882 5409 1827
f 4112 4040 2203
f 112 6736 3023
f 2991 6181 5982
f 58 2056 5625
f 2312 3858 4124
f 4871 3324 1345
f 5452 1681 688
f 4723 412 4743
f 788 357 5920
f 6122 3771 6704
f 2372 5154 3088
f 3070 4159 5430
f 1347 3309 751
f 5422 6343 5292
f 1805 6633 4347
f 1061 6157 5440
f 1245 4892 3187
f 3162 5709 5274
f 3211 341 685
f 2762 4471 1042
f 559 1076 3606
f 2641 4308 6611
f 2727 6027 2659
f 5433 2692 5699
f 4932 467 4034
f 5018 42 628
f 545 1534 624
f 2235 5405 6064
f 2130 4495 1483
f 4554 4771 4648
f 3024 2086 348
f 530 1020 1761
f 6213 3184 3170
f 3846 4395 1580
f 5839 4745 2687
f 3831 703 3766
f 4184 5548 629
f 281 4221 4222
f 5683 6061 6198
f 1046 3926 5456
f 3347 5761 4652
f 5999 1582 1583
f 4424 6248 1855
f 994 325 1218
f 4594 5943 4278
f 3941 4051 220
f 646 2696 1472
f 3387 3592 5746
f 4912 6923 1662
f 5473 6631 1003
f 5799 1934 1617
f 5687 3914 6822
f 2816 6168 2600
f 2520 4587 1442
f 665 4364 1625
f 4144 6268 6385
f 755 1714 1164
f 2829 4940 5535
f 5762 4679 6514
f 1567 3378 6505
f 4934 5654 1962
f 1964 554 4732
f 1574 596 1451
f 768 3816 4793
f 1526 4001 6418
f 3516 1156 6568
f 3655 2215 6377
f 1331 6261 6142
f 5372 6892 6359
f 3418 6920 6038
f 3950 4317 323
f 1101 5276 398
f 5240 5811 3978
f 4509 5870 6149
f 2127 4051 2161
f 3980 6872 3284
f 5467 6168 2816
f 3313 2350 6108
f 5087 5881 2446
f 5896 6856 796
f 1278 2663 531
f 5532 992 5409
f 1567 1166 4774
f 3031 1497 3818
f 3175 250 6933
f 4104 6690 6053
f 1657 173 3230
f 3401 3827 3958
f 3270 5772 3713
f 2879 4848 5621
f 421 6223 375
f 2203 6854 4024
f 3896 5967 6823
f 1871 2582 3077
f 3201 815 4194
f 6350 4154 4244
f 2246 6639 932
f 1269 4453 2059
f 4615 1593 3082
f 922 3764 77
f 6061 3262 6198
f 215 4827 88
f 1632 2186 1208
f 74 1132 4499
f 3595 6353 5330
f 4631 1859 4483
f 990 4159 3070
f 1563 3373 2567
f 164 3055 435
f 4064 6538 5300
f 6311 5004 6618
f 3541 614 4414
f 4657 6519 166
f 2725 534 2410
f 1576 6869 5888
f 6137 331 6220
f 1981 2750 3786
f 383 3794 242
f 4567 3343 2268
f 375 6223 1505
f 4467 2889 5234
f 30 2147 1238
f 819 2957 3669
f 5691 6073 5381
f 1669 3492 6431
f 6547 665 4588
f 3119 4150 5890
f 2786 1063 5869
f 309 3660 1668
f 4111 3682 3604
f 3326 3785 3358
f 6351 2980 844
f 2650 4260 5196
f 4770 5058 1759
f 4125 2972 5555
f 115 3945 4252
f 6486 2499 397
f 3664 3843 4510
f 2979 6109 969
f 2477 2921 4990
f 350 3235 3521
f 3123 1695 1340
f 4361 3115 5182
f 1383 3566 2640
f 3263 6331 5826
f 1148 5784 6950
f 5854 6714 6356
f 1607 1037 5243
f 2192 3234 1381
f 2790 3230 651
f 2705 5095 6171
f 3665 1086 879
f 4044 4511 543
f 2263 2500 3027
f 2682 356 2209
f 2757 6817 6387
f 3765 548 5814
f 911 2577 4565
f 277 2762 2466
f 622 364 1
f 2172 4522 2239
f 3375 5723 4629
f 2118 6171 5095
f 161 3613 932
f 3074 6543 6765
f 3755 3773 6037
f 4434 666 904
f 917 6121 6762
f 393 4830 5955
f 444 5736 4477
f 2852 1721 2128
f 1205 3928 4329
f 4916 3545 4961
f 1098 6280 6457
f 4807 3396 5909
f 1369 1692 3925
f 4350 5166 1253
f 1713 1957 4045
f 3073 6846 5316
f 4348 5489 1221
f 3041 3506 5429
f 2117 3644 1669
f 5100 969 6285
f 199 2988 2954
f 1072 3257 6654
f 4544 6535 5395
f 3126 3521 1158
f 3855 6009 6824
f 6396 6164 6753
f 1284 1478 2545
f 3896 102 5967
f 562 5080 3151
f 2065 4010 2971
f 3712 4714 6646
f 2621 3612 6939
f 5041 6545 3008
f 2942 5257 6730
f 1219 912 4746
f 2891 5533 2102
f 224 5781 976
f 2045 3132 909
f 358 5379 1439
f 2913 509 6586
f 1625 1667 3595
f 5450 5086 5829
f 384 2151 6769
f 278 5900 3711
f 1953 2287 3567
f 4708 6040 4058
f 5025 3904 4291
f 2574 5947 3776
f 2708 1510 3701
f 1511 710 2452
f 3349 3664 1218
f 152 4643 1810
f 5583 5970 1589
f 3178 71 1180
f 185 5236 1876
f 5722 800 6037
f 4115 372 6214
f 2454 4086 5084
f 1447 5864 5411
f 4423 3535 4961
f 2044 3147 6130
f 3954 3618 4191
f 2906 2778 5737
f 4527 3725 6531
f 2073 5960 5085
f 3450 2961 5081
f 212 3751 4662
f 3198 3069 903
f 1917 4900 5165
f 32 3383 2369
f 273 3706 5979
f 345 309 3251
f 1999 3906 5397
f 4265 2654 5551
f 2264 6688 4038
f 3283 5794 5905
f 5504 5760 6329
f 2687 4745 3443
f 2878 2143 2308
f 1087 3352 5960
f 4658 3064 3737
f 3425 60 5353
f 1275 4093 6814
f 2118 5095 4567
f 1133 2360 2284
f 5257 3364 3002
f 5253 6573 3826
f 1240 1532 6800
f 2148 6245 5729
f 225 4420 4516
f 1932 5814 2019
f 1387 3727 2961
f 321 3139 5256
f 2573 2241 3546
f 470 1898 4359
f 91 2906 5838
f 323 6002 1370
f 2275 3353 442
f 1052 5258 1121
f 1154 5476 3525
f 3658 4974 94
f 534 2820 319
f 5222 5798 889
f 6257 3258 6747
f 2952 869 5018
f 2700 2527 4058
f 6279 6484 5431
f 3540 3456 1007
f 1138 3539 1108
f 899 3039 6640
f 2368 5952 6172
f 1658 2766 221
f 3058 5941 3537
f 1755 4646 1723
f 5215 4843 3448
f 2163 440 4184
f 4996 5285 2270
f 1975 4352 5174
f 830 861 6500
f 3072 4002 4922
f 4345 5904 1762
f 3104 1419 623
f 2245 5596 4818
f 2561 6670 3428
f 5657 6292 1767
f 2343 4167 1125
f 851 4406 5697
f 978 4802 2771
f 1168 5083 5122
f 3707 3480 3813
f 1281 721 6529
f 2728 4798 2964
f 4105 5842 5849
f 5714 6676 1362
f 4566 5953 718
f 4026 2557 5417
f 705 2149 5251
f 874 3796 3338
f 2072 4099 3775
f 5630 3784 6325
f 353 683 4654
f 600 5548 4339
f 3759 2529 2858
f 790 1971 6365
f 3545 4916 3729
f 2510 4727 3638
f 1433 5325 4027
f 1854 1104 1143
f 2738 3520 531
f 40 1459 3046
f 1153 6257 2409
f 4140 1773 4820
f 3350 5213 5739
f 2249 5442 2789
f 1637 3924 1357
f 603 4537 5786
f 952 1872 5396
f 4058 3628 3113
f 1338 5948 202
f 3844 3705 3688
f 817 5921 3040
f 1069 6259 4357
f 3998 5280 6759
f 2540 6650 314
f 3951 6426 6474
f 1756 2230 2662
f 189 427 5742
f 3182 639 4278
f 1821 174 2218
f 4690 1181 5169
f 293 398 5276
f 534 3087 3196
f 5412 1631 4770
f 3248 847 2045
f 1789 4878 1006
f 853 1945 1396
f 6103 6666 5610
f 4201 3334 6221
f 146 823 2877
f 18 3987 950
f 2738 531 205
f 2804 5119 3412
f 2516 2542 4033
f 1452 6277 4497
f 1601 2486 5733
f 972 3626 3421
f 2331 22 2247
f 5346 2787 572
f 1685 4683 2291
f 107 1381 4671
f 5311 5683 6945
f 1 364 2721
f 1978 6834 2276
f 1857 5426 286
f 3850 3924 6696
f 1386 470 4359
f 2231 4770 6775
f 2098 6244 2006
f 1620 6098 6826
f 1685 5976 6816
f 3032 6687 3694
f 5399 5902 6679
f 1803 2523 4202
f 4060 4733 3812
f 2342 4505 1371
f 3069 1246 6903
f 3425 5255 5821
f 3368 1712 5286
f 5670 4574 4067
f 2460 6229 5938
f 1968 3081 3250
f 1276 4595 135
f 4196 4635 2739
f 4650 5906 6717
f 194 1295 2506
f 4665 1826 5499
f 5372 5653 6892
f 5985 1040 4553
f 5187 2121 5701
f 5878 1977 4587
f 5159 5863 1278
f 3156 4649 2985
f 1690 488 5112
f 2180 3465 2999
f 1059 2157 523
f 5436 1421 1503
f 4338 1205 5660
f 1179 1975 89
f 4431 6494 4084
f 4951 5486 4254
f 2570 5576 5574
f 4219 6733 4139
f 644 5934 2155
f 6194 4640 3773
f 2451 405 4315
f 2437 2695 1858
f 2658 4401 5834
f 3487 4384 6144
f 5171 3496 2587
f 3538 2547 2238
f 4385 5951 154
f 1194 5483 5607
f 5599 4137 3003
f 743 4125 5555
f 3354 6934 5384
f 4500 6959 439
f 3350 5739 2642
f 1560 3299 6588
f 3597 2166 4233
f 3494 1185 6944
f 2147 4457 1784
f 169 3286 5332
f 3215 4508 3694
f 2208 3092 1969
f 2749 5530 5779
f 833 846 5819
f 2348 5387 2591
f 2234 6833 4492
f 1446 810 5726
f 2746 4820 1773
f 3724 3940 5462
f 825 5515 6333
f 1790 3870 6951
f 1984 4014 3210
f 4217 6442 4141
f 1359 1436 891
f 2586 5110 576
f 3005 4628 2572
f 2294 1032 3434
f 201 3533 2760
f 5769 2231 6423
f 3193 5124 2261
f 5026 2425 5824
f 1448 332 229
f 4520 6862 5383
f 3451 896 6074
f 1839 2937 3374
f 3807 4100 2793
f 3452 734 4845
f 5272 2246 932
f 5237 4296 1186
f 2035 2734 2888
f 3497 1710 3898
f 1870 5923 2623
f 2622 3434 3874
f 146 3790 5527
f 5407 5429 5138
f 3337 5812 4481
f 4568 4911 1853
f 3282 4260 2650
f 1906 4303 4089
f 5709 3162 6470
f 5159 4941 5863
f 6534 5845 4036
f 1170 4519 3113
f 2748 5416 5875
f 169 5332 1391
f 4292 5705 150
f 953 3599 191
f 1824 4975 1893
f 1244 3771 6597
f 4121 5352 6883
f 3798 6731 6551
f 1591 6621 4392
f 1749 6342 649
f 172 4231 5460
f 1635 1215 949
f 1577 1860 4619
f 6479 6702 340
f 2820 534 3196
f 5147 6133 6403
f 472 220 532
f 697 2803 4403
f 1067 2743 252
f 1329 6412 141
f 781 4859 4864
f 2946 3738 3614
f 2219 5595 4183
f 3241 1686 4439
f 3407 4351 4190
f 3489 730 6500
f 963 6605 3506
f 190 6962 3710
f 2208 1969 5658
f 23 5498 4493
f 119 3824 6170
f 1181 1146 3670
f 2763 1410 4187
f 2712 3925 4724
f 454 2008 2965
f 63 4552 6624
f 373 6902 3393
f 3460 5390 2780
f 2570 4988 5576
f 1652 5027 3151
f 5638 6379 6414
f 1189 4540 1976
f 5077 779 1791
f 2087 3884 407
f 3530 1963 3440
f 2947 79 1831
f 4044 543 6173
f 1461 5645 6524
f 361 4165 2871
f 3812 1276 135
f 2252 5248 6014
f 1842 6323 5917
f 1369 5850 3580
f 3222 4716 1916
f 1240 6800 4525
f 1230 4163 2673
f 5105 4216 3856
f 4546 3814 6008
f 654 4400 1743
f 3984 653 723
f 1465 6618 645
f 2188 5761 4739
f 4314 3694 4508
f 2266 3761 4676
f 1183 3784 6764
f 363 5055 2667
f 1303 5088 5086
f 1527 4329 3928
f 734 3271 1147
f 2656 3887 4052
f 2316 5050 2781
f 3221 6632 6405
f 4663 6815 4628
f 2483 3299 506
f 2678 2825 6710
f 4905 6431 6780
f 2649 6542 4903
f 219 6859 2405
f 2016 6455 4859
f 2790 2476 1104
f 3971 3163 3462
f 3844 3688 1216
f 1884 3042 361
f 1066 436 5279
f 1554 6075 5612
f 2981 4502 3819
f 4699 2294 4282
f 1114 2960 4441
f 568 1791 779
f 2413 110 2270
f 2904 5949 208
f 338 103 6467
f 2205 6147 1900
f 3249 4277 6231
f 3973 3855 6823
f 5036 6619 684
f 4505 2342 2264
f 4263 6576 6374
f 2693 1696 206
f 3180 4870 5663
f 627 1800 5201
f 61 5299 4461
f 839 2106 5437
f 5022 963 3163
f 3656 4526 178
f 2707 676 3443
f 263 5635 5339
f 104 1372 5588
f 922 2083 4541
f 3717 61 4461
f 1000 205 531
f 4939 4919 3914
f 4493 3338 23
f 939 651 6004
f 2604 301 3633
f 6064 6527 2235
f 5138 3506 6605
f 3970 5312 1472
f 4110 6161 4855
f 5513 6263 6889
f 2812 3439 3456
f 211 6020 2860
f 3869 1359 891
f 2718 3261 2538
f 664 2121 1704
f 2614 6860 6371
f 1639 6571 2910
f 3290 2220 5790
f 5287 4619 6802
f 4310 1941 2319
f 540 1248 5250
f 5559 2111 6087
f 2966 1241 3273
f 2180 5959 320
f 5148 1238 2147
f 6163 1632 6598
f 5160 3132 4166
f 4519 6643 983
f 3545 360 5139
f 98 3771 6122
f 1935 6064 4695
f 387 6544 2802
f 2807 4835 3063
f 3578 6358 1507
f 5087 2446 5843
f 2307 5961 1330
f 574 2862 1473
f 1319 4607 1220
f 3956 5344 1886
f 3395 2082 5296
f 773 5967 3229
f 1444 2216 5787
f 2946 4523 3942
f 4250 3257 6886
f 1480 2721 2984
f 2397 6795 6700
f 36 5499 743
f 3411 3072 6626
f 2870 5459 2703
f 3958 1188 2679
f 1177 6604 1996
f 1349 3681 3015
f 447 1165 539
f 2525 6475 5024
f 1301 3332 5492
f 6120 6283 5985
f 4451 5532 5409
f 4842 5442 5037
f 6754 6755 6758
f 242 437 383
f 2473 5238 1891
f 3870 2329 1075
f 4430 2482 1944
f 944 2035 6620
f 3518 4881 4314
f 4895 2677 5678
f 5471 5695 2914
f 2919 5804 3849
f 2496 1242 3208
f 2032 6210 448
f 5360 2915 6806
f 3438 5394 5211
f 3565 4089 4303
f 2113 1272 2924
f 2416 6847 3988
f 472 6790 4456
f 51 2492 5627
f 3246 4869 6359
f 6347 4375 2396
f 1841 4698 6292
f 2226 2269 1587
f 1207 6214 3127
f 2343 1125 2003
f 4084 6265 6616
f 5062 2693 6651
f 1643 5365 5787
f 3989 1598 1040
f 5367 6308 253
f 1245 2594 4783
f 2394 891 126
f 2962 5536 6221
f 1474 1340 2109
f 3284 6872 1449
f 2459 2108 6864
f 1408 6124 1714
f 4643 4639 6548
f 516 1633 3864
f 6515 5152 5167
f 1927 5266 72
f 2038 2001 6462
f 2029 5919 5190
f 2361 4971 3301
f 1416 1690 5510
f 4795 2330 5721
f 3507 4491 5127
f 4713 6713 6488
f 2283 4254 1998
f 2842 5532 3100
f 2647 2204 3653
f 2237 3201 4996
f 4034 2798 2722
f 4818 2751 2402
f 3015 5788 3985
f 235 5918 3749
f 1047 5840 6294
f 5090 3630 6489
f 1202 4232 129
f 3363 721 5685
f 248 897 4954
f 3473 413 6652
f 1228 4741 5835
f 536 4553 1528
f 2114 5741 2275
f 2833 2303 1559
f 4230 4408 6216
f 54 4828 5873
f 6151 6438 3327
f 917 1457 2062
f 2981 1127 4502
f 2568 4575 4223
f 5866 6886 6032
f 618 3949 3671
f 3717 977 1732
f 4572 2757 6387
f 359 1955 3231
f 5159 6274 6922
f 4091 5785 3980
f 5806 6453 6224
f 4759 981 272
f 2412 4143 2938
f 995 5233 5350
f 2773 6952 5945
f 2578 1537 5571
f 5968 5344 445
f 2233 2944 6177
f 3867 1465 4041
f 1121 6123 3804
f 1057 1821 2218
f 3013 5830 1560
f 845 6143 354
f 6253 1658 5020
f 392 1169 39
f 44 4573 2173
f 2792 1688 3529
f 2058 4210 6005
f 462 3214 6085
f 572 2787 3601
f 3365 4157 215
f 4290 3312 5215
f 4797 5895 83
f 134 6373 5401
f 4719 5503 1331
f 327 1890 4355
f 305 186 5871
f 3094 2229 5129
f 2854 3604 1302
f 5955 75 393
f 1924 5307 306
f 2907 5508 6709
f 2178 5442 4842
f 3870 1075 4735
f 807 1603 154
f 369 2802 5247
f 659 6077 5591
f 5507 6825 5120
f 2314 6307 2821
f 1986 3256 1275
f 3205 3327 6927
f 1465 3867 2890
f 6035 4381 3988
f 1004 2573 1260
f 4219 5098 6733
f 2957 1168 5352
f 1413 5479 5296
f 4839 6136 1647
f 2886 4497 5604
f 714 4910 5259
f 691 5884 3984
f 3411 6626 6569
f 2593 3946 3260
f 2614 4758 6860
f 1585 2075 93
f 3387 5746 5516
f 411 5074 3774
f 3395 297 5378
f 3486 1919 929
f 2013 4206 5748
f 4009 6827 2273
f 2123 2691 2637
f 3955 2412 2125
f 3539 1128 1202
f 835 3165 1301
f 3695 27 3423
f 2105 3723 2195
f 3302 6774 3414
f 949 6256 1545
f 2098 3651 6244
f 1622 2776 630
f 3468 4593 4967
f 439 5651 200
f 3818 2693 5062
f 162 6674 6586
f 95 6100 6069
f 3893 854 3079
f 2660 6329 2996
f 5330 6353 4449
f 2405 6728 219
f 5467 4508 4684
f 141 4182 3847
f 694 4816 5146
f 1962 911 2697
f 2605 2175 3306
f 5422 6774 6343
f 3510 3734 1889
f 450 2192 2210
f 5848 6164 4225
f 863 6809 6337
f 1779 157 4782
f 2938 4143 791
f 381 5860 5264
f 2674 6662 3716
f 1626 5287 6802
f 734 4078 4845
f 80 3420 2699
f 745 4182 2094
f 158 1401 6829
f 4322 2391 5916
f 1516 1531 4377
f 2077 4934 1962
f 9 3266 1341
f 2213 4353 3810
f 2215 3655 4372
f 5887 5774 4003
f 1046 5456 4868
f 1158 2428 3126
f 659 3922 1640
f 3473 4533 5066
f 6754 6758 3570
f 1254 4347 3853
f 968 3912 2641
f 2688 13 1821
f 73 2444 484
f 758 4165 361
f 1118 137 2683
f 3271 734 3496
f 5760 6651 2456
f 1018 5189 3277
f 4490 5467 4211
f 5372 6359 4869
f 1027 763 1015
f 1315 4987 6023
f 1242 565 5425
f 625 1650 1178
f 1 3481 217
f 6312 6231 1249
f 5434 5421 6649
f 3299 5830 1451
f 861 3757 3783
f 2700 3113 2138
f 2915 6051 1999
f 2965 5434 2524
f 3965 5954 3512
f 1955 1592 326
f 672 598 4826
f 629 6679 5902
f 830 6103 3382
f 5169 3073 6497
f 3399 3832 1873
f 849 4659 1491
f 564 6808 6304
f 3035 1339 3886
f 1602 5447 3951
f 2374 1020 4037
f 3014 4232 885
f 1097 1371 6675
f 2757 2511 6817
f 3138 6959 5359
f 1800 4647 5058
f 16 5459 2870
f 1299 680 3866
f 2206 480 187
f 2904 6400 5949
f 1914 6494 4431
f 2010 5175 2592
f 4693 6006 6857
f 5240 5793 1867
f 1010 2244 3457
f 994 1218 3664
f 600 4339 1637
f 2707 6153 4993
f 4875 2436 5157
f 3540 4179 6528
f 6136 5057 1647
f 4107 6236 6429
f 3051 4687 336
f 3968 721 3363
f 4848 5177 5621
f 3706 5069 2958
f 1815 6552 501
f 1823 6052 6391
f 177 3384 6385
f 443 699 3357
f 1137 6025 4697
f 3663 4584 5550
f 3538 479 2547
f 1508 5369 6105
f 783 5496 2285
f 2775 3988 6847
f 3660 6045 824
f 1693 31 421
f 682 2002 1903
f 4657 5832 6204
f 519 2120 6025
f 543 6663 6173
f 1601 5733 6001
f 3801 4152 186
f 836 1769 4132
f 1013 4253 1060
f 145 3066 5358
f 1545 2623 5923
f 2235 2926 501
f 5579 6068 5912
f 1063 2804 3412
f 1864 6237 3017
f 90 5230 236
f 1257 122 6293
f 2973 3404 6620
f 3171 849 16
f 4510 3511 4255
f 1618 418 289
f 142 2083 922
f 1457 2532 234
f 5128 5365 1643
f 2219 5682 4758
f 1195 6906 25
f 2555 306 561
f 956 5892 2663
f 3028 1379 2071
f 4997 4236 2716
f 442 3353 2337
f 2069 3405 508
f 1188 5608 1957
f 1355 2487 2422
f 1515 6240 3789
f 2267 2903 1305
f 153 580 4607
f 386 4599 5682
f 1222 5755 3890
f 5620 2779 2674
f 3414 5422 5152
f 1689 328 1196
f 172 3000 3124
f 6617 6879 6640
f 5575 3597 6279
f 859 75 5955
f 4162 6148 6949
f 392 924 1169
f 677 750 4767
f 3500 334 2317
f 6316 4780 6669
f 1764 6890 2168
f 1773 871 2746
f 69 1039 2412
f 5559 6087 5542
f 38 3067 3572
f 3611 3980 3284
f 828 3697 3287
f 148 6628 2340
f 4747 8 6630
f 1322 5832 857
f 3416 6090 6126
f 3522 170 3916
f 1884 361 2871
f 229 332 2574
f 1291 5957 2066
f 661 5868 6338
f 5218 6178 5481
f 4922 1335 2563
f 443 3357 5679
f 239 3533 201
f 3556 6043 3940
f 5381 5983 6250
f 1826 4125 743
f 1848 1929 5208
f 529 5595 2219
f 157 4416 2767
f 1620 3314 806
f 4230 2156 2200
f 3048 670 5525
f 1832 5748 6219
f 777 1891 5182
f 1557 2359 3110
f 4910 2837 5505
f 4114 2514 4853
f 544 1131 5327
f 1805 4275 6342
f 2041 4413 4233
f 4785 6004 651
f 4863 6176 3514
f 773 3973 6823
f 4604 4919 4939
f 1778 4616 3959
f 85 6911 6871
f 131 4330 3133
f 5254 6450 6089
f 4669 2172 4681
f 1435 5831 1736
f 2998 6288 6748
f 1209 6819 4251
f 1193 4445 5268
f 1290 579 4169
f 3322 3326 3358
f 1211 5253 3826
f 2084 5788 474
f 950 1075 6404
f 4553 1040 6491
f 300 5986 851
f 706 32 2369
f 2367 3526 3696
f 1039 3697 828
f 4129 3911 6752
f 4748 4391 4093
f 5100 6285 5162
f 5016 959 6713
f 371 6467 1184
f 3008 4466 3774
f 617 2468 6203
f 6574 4094 6874
f 3195 5807 5978
f 293 3535 4423
f 3291 3483 6422
f 4102 4812 2550
f 984 3904 5025
f 352 3535 1992
f 152 1810 6303
f 1447 6592 5864
f 1793 48 5181
f 4722 932 3613
f 711 3778 2805
f 149 813 2985
f 5821 923 2276
f 3071 5506 6160
f 1563 1648 4626
f 599 5256 4478
f 2525 1746 4982
f 3177 17 5704
f 3595 1667 2873
f 4297 5648 2322
f 3167 1399 3417
f 2967 1639 878
f 254 6481 61
f 466 6165 2992
f 4311 1957 5608
f 3117 6110 5015
f 3885 48 1793
f 1771 3058 488
f 3461 4199 5581
f 3287 5390 3460
f 273 5653 5069
f 3733 1054 5055
f 2116 2814 5680
f 2719 5965 3171
f 1591 1579 6621
f 14 4903 5651
f 1647 3416 6126
f 3969 2403 5662
f 1659 2776 677
f 6002 6665 1370
f 1705 3325 2968
f 1144 2489 2429
f 170 4516 4420
f 1249 1488 3307
f 5281 1759 4829
f 1130 2418 6880
f 3248 2045 6622
f 4952 5992 3835
f 63 4327 4448
f 386 5682 4183
f 2701 1165 4060
f 4661 5333 2307
f 4406 3920 5697
f 5008 5618 1995
f 2301 2441 5800
f 498 1788 1773
f 3685 850 5350
f 1385 2361 5161
f 3209 5690 4178
f 2627 5362 3043
f 999 4030 2187
f 759 5009 6328
f 4400 4893 736
f 5760 6876 6329
f 2865 2475 6551
f 451 3287 241
f 2059 4666 2956
f 1389 3380 3458
f 3828 3049 5042
f 216 2969 497
f 4633 1555 1942
f 258 4096 6312
f 1703 4326 1580
f 2481 506 1931
f 4900 4787 5317
f 2294 4699 492
f 5252 3167 2596
f 1159 1794 1825
f 1505 4841 6549
f 3428 1957 4311
f 561 1200 2555
f 4523 3927 3942
f 884 1289 37
f 5306 4317 3950
f 4328 2419 965
f 4600 6469 3731
f 2846 6248 3959
f 1506 2247 5249
f 4309 6033 2851
f 614 3085 4974
f 4947 4989 4475
f 3689 3892 4918
f 2377 749 1551
f 1774 3744 5125
f 4151 1091 4138
f 2369 1621 3402
f 2143 2878 3732
f 1009 2333 98
f 507 3220 3753
f 4987 551 6023
f 2507 5624 935
f 211 6031 134
f 296 4643 991
f 2845 5158 1670
f 5147 15 5984
f 724 4913 1347
f 965 1033 4328
f 3318 3020 2737
f 4184 2917 1432
f 9 4775 3266
f 405 2451 2960
f 2588 3401 2679
f 2085 2823 6334
f 3264 4363 4373
f 60 1978 5270
f 92 4777 2651
f 3523 4840 6356
f 4139 4768 4862
f 5233 619 3445
f 1657 6354 173
f 1772 4773 2794
f 2178 4842 1972
f 2644 6190 4443
f 767 1016 1565
f 518 2749 2122
f 1629 315 6146
f 4670 1642 4283
f 3404 2995 944
f 1429 5521 4889
f 3236 938 3184
f 958 5333 6786
f 3016 505 4559
f 2603 5245 6458
f 2449 2577 3020
f 789 3876 2730
f 5425 565 6337
f 5000 1208 2186
f 2497 3807 3676
f 2367 3696 5075
f 3820 5639 3889
f 3409 3506 5585
f 3672 11 926
f 1501 5893 2971
f 2543 5813 1513
f 2750 2519 3978
f 1130 6880 4684
f 1433 5288 3331
f 4219 6716 5098
f 4233 2166 2041
f 5306 6746 6748
f 785 1490 1638
f 1217 4837 3517
f 3311 6344 6029
f 1996 1870 1177
f 2284 2360 630
f 6246 2838 5011
f 3275 4301 3241
f 387 6840 6544
f 235 4334 775
f 2473 59 5238
f 4920 518 6145
f 4876 6734 6648
f 5447 2898 1145
f 3880 5440 6650
f 2098 1946 2778
f 171 4014 1805
f 1105 6634 2287
f 1251 4515 1043
f 6734 5130 4538
f 3150 2564 5042
f 918 6699 4856
f 2556 5606 248
f 426 955 700
f 2575 907 6565
f 1017 2335 5299
f 5420 1894 2386
f 757 2344 5951
f 4706 2560 3776
f 6407 4705 1080
f 407 3719 6241
f 2750 1332 3786
f 1289 391 3295
f 3578 6611 5570
f 2855 5466 5623
f 3374 3494 5498
f 841 5899 2765
f 1998 4254 1004
f 3042 4827 215
f 2197 228 3085
f 1618 5611 4024
f 2535 183 3236
f 6755 3575 6758
f 2033 583 3808
f 131 5173 6687
f 3047 4562 6428
f 290 6588 6222
f 1572 2642 6811
f 4810 1980 5636
f 3840 6866 5919
f 2967 3465 1639
f 3166 1489 2794
f 2367 5075 4263
f 3356 456 6246
f 1722 4288 4451
f 2742 4830 1307
f 3382 2411 4171
f 3781 6800 1532
f 1401 6117 4337
f 450 2424 2192
f 2660 1053 6329
f 4000 4936 5889
f 3550 6048 930
f 2394 1906 1480
f 3340 6870 1065
f 3681 3787 3755
f 143 3147 3769
f 158 2589 1401
f 2568 4223 6849
f 777 3115 3512
f 3060 1024 5391
f 2996 124 6057
f 438 1941 3751
f 3351 2124 2159
f 564 5988 6799
f 1941 4662 3751
f 744 6345 1530
f 4192 5796 5045
f 2597 691 253
f 4116 6307 2020
f 4396 1882 1827
f 2095 5346 5395
f 57 966 696
f 4795 516 5033
f 434 4380 4743
f 3481 2721 3067
f 5137 1125 1822
f 2689 6212 4038
f 3960 5490 5176
f 4906 293 1101
f 3426 1423 1351
f 2290 4016 1951
f 5036 4596 2518
f 135 2796 3859
f 4060 5145 2298
f 2047 3570 5806
f 2373 741 1056
f 4844 822 4158
f 5456 6323 5947
f 1176 742 472
f 2438 1201 322
f 2194 6909 2438
f 4531 294 5087
f 2124 5632 4785
f 652 5690 5926
f 2930 5846 2569
f 575 3012 942
f 1959 5154 761
f 322 4854 2943
f 58 4929 2056
f 3451 2720 3307
f 762 6370 3931
f 5161 3301 6618
f 5334 916 1698
f 4736 163 3041
f 5321 4054 4509
f 4316 6121 917
f 1906 2394 1073
f 1276 4100 1987
f 2706 1688 111
f 538 4077 6884
f 1830 4312 6234
f 1080 3393 4960
f 329 1051 2898
f 634 6955 4981
f 6722 604 6926
f 321 5256 6013
f 2264 4038 4945
f 4194 839 4996
f 5637 2023 1599
f 3068 6136 6549
f 1445 183 5232
f 1060 5275 4188
f 2404 4428 5382
f 2336 1878 4930
f 54 1524 4353
f 4995 1316 3715
f 4313 6526 2765
f 140 437 1801
f 563 6833 5673
f 1985 961 74
f 2680 6287 4802
f 2294 168 1032
f 1964 3798 6551
f 146 5527 823
f 916 5408 2288
f 674 4727 2651
f 180 2345 5223
f 3769 4646 4917
f 6453 3570 690
f 1817 1656 4046
f 3304 268 3514
f 5004 2890 4105
f 3981 5518 4473
f 3826 6573 1795
f 2046 3431 1088
f 1813 1589 5970
f 904 4260 3282
f 760 2848 2092
f 2036 2751 2039
f 4528 6786 4825
f 4867 3897 6665
f 553 4369 2893
f 4395 5503 4719
f 2220 3207 4257
f 3879 1891 2625
f 5163 2598 4239
f 1271 6358 3578
f 5065 5975 6694
f 3958 3827 1427
f 1094 3755 6037
f 3846 5427 6635
f 2729 6657 5549
f 769 1391 5557
f 886 3369 2814
f 3595 5330 5117
f 4135 365 4954
f 2475 1964 6551
f 3444 6530 3994
f 6479 340 3943
f 3941 2384 4051
f 4865 2514 3007
f 6143 4820 2746
f 2907 3310 2427
f 5092 6287 5969
f 2234 5673 6833
f 2060 165 552
f 1835 4341 6818
f 2357 26 226
f 1741 108 2109
f 29 6363 261
f 4155 4550 4427
f 632 3643 1474
f 1769 6374 2487
f 1740 2457 1448
f 3194 6174 1590
f 718 4677 6740
f 592 2176 699
f 192 2082 5378
f 1923 6467 103
f 2262 5774 4529
f 556 2912 4955
f 475 1412 6596
f 748 2128 2387
f 3770 5573 4256
f 3592 2534 3431
f 2675 5669 3103
f 1207 3127 3219
f 648 5021 4950
f 257 4278 3726
f 1853 4907 4568
f 5190 5919 6866
f 1635 949 1545
f 2855 6301 667
f 4010 2065 6096
f 5114 5354 2278
f 3292 4630 6062
f 2624 6461 2777
f 555 1415 1915
f 2404 6683 3873
f 1025 3139 4775
f 52 5050 6042
f 4401 4176 27
f 1368 3440 6114
f 3112 2632 5474
f 1382 3806 3715
f 338 1247 1036
f 1072 4654 3257
f 740 3250 6917
f 5801 2110 2272
f 612 5205 2974
f 156 892 1283
f 2906 4624 5838
f 5920 357 433
f 2151 384 2074
f 1253 3666 4683
f 788 5920 6916
f 3186 2985 813
f 2494 5425 6337
f 270 6935 3217
f 2848 1758 2083
f 3355 2037 6703
f 376 290 2887
f 1698 3070 6072
f 2723 2401 6269
f 1182 5882 6340
f 1463 4241 5445
f 6253 5650 1526
f 913 6736 4764
f 1499 4728 1191
f 3555 5480 6082
f 3218 6044 4076
f 2493 5524 1656
f 4178 2525 4982
f 2579 4061 5514
f 3218 4076 3805
f 636 845 354
f 1723 2044 1755
f 3109 6813 6826
f 2032 6841 5809
f 3816 4520 5383
f 3511 5772 4253
f 389 5590 2274
f 782 3194 1590
f 4088 2851 6033
f 111 2792 2798
f 4676 2424 1894
f 1253 6700 3155
f 5328 1346 5088
f 1238 2920 2362
f 3965 6313 1936
f 3338 4493 5178
f 978 2680 4802
f 1175 2440 2363
f 1083 599 6832
f 5180 1499 5538
f 911 6080 4484
f 668 5424 4946
f 1504 4886 6420
f 5522 5170 5925
f 5186 1762 5904
f 3707 3813 4776
f 1531 1516 1194
f 1781 3969 5662
f 3349 72 3843
f 2999 3465 6369
f 1058 6937 18
f 2322 5648 5265
f 2069 4434 3405
f 1504 367 4886
f 2747 3329 6386
f 246 1464 5436
f 3172 5357 2629
f 1841 987 4698
f 286 248 5606
f 1204 1245 5168
f 976 2055 3785
f 3626 972 637
f 3674 4960 5922
f 3419 3499 895
f 2879 5621 3939
f 2508 2361 3142
f 1583 2442 4835
f 3953 5398 1864
f 589 6653 6746
f 212 604 3751
f 1771 3794 3894
f 5725 6892 6891
f 1117 1662 5389
f 2842 3100 6796
f 1643 5787 2216
f 632 6586 509
f 1728 328 1689
f 3604 5060 4111
f 2514 2653 712
f 107 873 2210
f 2590 5963 3276
f 3877 5098 5675
f 2452 4627 2024
f 4436 6587 4065
f 1756 5854 2558
f 3834 3543 2276
f 2859 5965 2719
f 662 1263 3848
f 3006 5409 3913
f 3621 6719 6745
f 1039 828 1342
f 2447 3330 2159
f 31 4590 105
f 5024 6315 6292
f 1815 501 1663
f 5461 4966 2268
f 2433 6493 1634
f 3096 5458 1566
f 3819 4502 888
f 4073 259 6582
f 349 2145 6295
f 4531 5087 6420
f 5034 5914 6419
f 515 107 4671
f 3136 4688 6722
f 276 1512 610
f 1504 6420 2308
f 3416 3738 6090
f 5423 5713 841
f 1554 5612 309
f 3544 5922 4960
f 4035 5405 6552
f 1031 6193 1143
f 4826 5889 3725
f 1953 759 2011
f 3592 4281 5746
f 5223 3926 180
f 1192 4531 4886
f 5131 1598 3274
f 1307 6397 2243
f 4601 6851 3089
f 5046 3743 5950
f 675 2661 924
f 8 4747 4238
f 1831 1547 2179
f 3245 3346 6820
f 1291 2066 2311
f 1213 1806 3748
f 1618 1956 5611
f 2466 1727 277
f 4684 6880 6168
f 5125 6220 1774
f 5464 1183 6658
f 929 1919 5649
f 3064 6186 988
f 597 1469 1082
f 2991 6235 6181
f 3120 832 6014
f 2689 2054 6560
f 4182 745 4692
f 3803 3586 6189
f 439 14 5651
f 208 388 2904
f 3741 1770 5840
f 1712 4943 2950
f 816 4438 2306
f 1438 1430 1851
f 2511 3376 6296
f 1987 4100 3807
f 2604 1003 5749
f 2018 78 4698
f 1347 4913 3309
f 6648 6009 4876
f 4298 2814 1742
f 5433 3161 6623
f 1814 5095 2705
f 2191 3668 6694
f 3274 4821 6728
f 2890 6311 1465
f 1066 2599 929
f 3274 3989 3392
f 1174 1517 5630
f 53 5641 1326
f 2369 3383 1621
f 5933 5542 6584
f 2013 4795 5033
f 1256 6147 2205
f 1649 6933 521
f 2099 5463 2933
f 2977 297 4175
f 1563 4626 2905
f 2998 6748 5539
f 6279 6232 5516
f 818 5776 3462
f 1252 4914 2282
f 4389 5455 2030
f 2731 1229 4976
f 4993 6153 5888
f 2179 1310 2947
f 1434 6132 5198
f 1855 2422 4655
f 5353 6919 4249
f 376 3665 3491
f 1113 1550 3636
f 587 1466 5010
f 4897 6349 2859
f 5071 5461 6097
f 3703 4088 2709
f 1034 2740 6948
f 887 6139 1251
f 3096 3269 5407
f 1118 2683 10
f 748 872 2922
f 2388 2267 4696
f 3909 6109 2979
f 520 5359 40
f 366 2080 6269
f 2596 5206 5252
f 2036 4961 3878
f 4023 5639 4415
f 720 2885 2304
f 386 4183 2953
f 413 3473 5066
f 4195 6710 4787
f 2725 2410 1355
f 142 1868 735
f 206 1696 124
f 4996 839 4332
f 4040 4112 6454
f 1273 4950 5021
f 1982 2625 2227
f 156 1490 2152
f 5302 532 4259
f 3409 963 3506
f 2296 4535 3298
f 1926 1845 2119
f 991 4146 296
f 3329 2371 5144
f 3767 3064 988
f 858 1522 1142
f 3934 2595 4666
f 2539 2157 2373
f 866 2398 1743
f 5279 5088 1066
f 528 436 898
f 2706 5990 1688
f 226 396 2289
f 3872 4158 822
f 4100 6362 4229
f 2725 5891 534
f 373 6901 4142
f 946 1088 2534
f 1271 1407 1507
f 4526 3715 1316
f 1367 171 1805
f 3549 1545 5923
f 1872 5761 5396
f 644 2304 5934
f 3185 694 5146
f 1723 4646 3769
f 4060 2298 2701
f 2777 5991 1922
f 5036 684 4596
f 1589 1813 5109
f 2162 1150 3024
f 3910 4846 4151
f 2980 6351 1527
f 4244 5825 6350
f 2702 2355 3854
f 240 1960 1650
f 142 922 1424
f 685 341 3256
f 2384 3941 4456
f 3515 3547 2241
f 58 6243 4929
f 933 2917 5902
f 375 695 4119
f 117 128 3116
f 2250 3065 3577
f 415 6018 6436
f 4024 5611 5928
f 5279 5086 5088
f 745 2094 5666
f 2199 6082 6775
f 1736 5831 1378
f 877 927 399
f 1460 879 3489
f 5450 5759 2805
f 170 4420 1155
f 1729 848 1876
f 429 2330 2013
f 93 4174 5219
f 5622 6169 1188
f 5109 6151 5453
f 3249 5688 5756
f 1498 4685 5435
f 183 6207 1973
f 833 156 6638
f 3807 2793 3676
f 2934 6960 3416
f 5913 2704 5183
f 4422 2178 459
f 841 5713 2221
f 61 6481 4498
f 4365 6060 2869
f 3990 3348 4034
f 1046 180 3926
f 636 1914 4431
f 3168 5175 2104
f 4883 875 4938
f 5389 1662 3905
f 1487 4239 6327
f 807 2344 2676
f 5654 130 6080
f 1565 5141 1045
f 618 3671 4427
f 4594 5767 5037
f 3090 6190 5900
f 922 4541 541
f 1956 5864 6592
f 2262 5475 3929
f 4560 3688 5070
f 743 5499 1826
f 4197 3110 3141
f 181 5309 5767
f 5136 75 1041
f 5300 6538 3998
f 4068 5165 5317
f 1660 5413 993
f 2559 2614 6371
f 683 160 6032
f 1304 3639 3821
f 657 5397 1162
f 1042 5771 5332
f 3595 5117 6720
f 1303 1203 2468
f 6106 4377 5984
f 3063 4835 2325
f 5226 5945 4885
f 3947 1387 901
f 4434 2069 666
f 737 2091 159
f 4014 853 6633
f 1989 2501 5635
f 6138 6085 3214
f 1092 3460 2780
f 229 2560 1448
f 2664 5822 6518
f 1670 5737 2778
f 273 6891 5653
f 4297 6756 6361
f 2997 6762 6631
f 2114 4120 2952
f 1623 6140 6561
f 4394 3667 2881
f 33 1481 2103
f 2254 3820 3889
f 3373 5724 150
f 1849 4818 2402
f 325 5185 4742
f 834 820 2300
f 454 2965 2524
f 3175 6915 1021
f 5032 4527 1149
f 1811 2682 262
f 3803 6189 5116
f 1058 950 4673
f 2818 3184 6738
f 518 5501 2749
f 1381 2210 2192
f 988 1660 3596
f 149 6048 3894
f 691 3984 3999
f 3229 6692 4876
f 5076 6247 1651
f 4875 794 6008
f 1404 6199 6243
f 1861 5614 4464
f 1137 6332 6025
f 3750 1131 2733
f 3447 2301 6322
f 1615 5764 4390
f 3318 4300 1887
f 979 343 1409
f 1528 2002 682
f 2062 1457 1538
f 4589 5561 1500
f 2118 3964 4477
f 3824 6235 4331
f 662 3848 3254
f 2030 1107 1386
f 76 2692 3368
f 2226 4855 6161
f 2872 5011 2838
f 1582 6064 5405
f 1228 2779 358
f 2186 2532 6314
f 560 1290 4169
f 2440 6065 2027
f 4391 6819 4093
f 483 3796 881
f 843 104 5376
f 3860 3922 927
f 4224 167 2745
f 4001 4623 5014
f 1168 5122 2405
f 3758 6880 2418
f 36 6444 5499
f 482 1067 4062
f 3013 1560 6685
f 3212 6101 4973
f 165 4337 1022
f 2401 4815 1877
f 512 5720 4764
f 2778 2845 1670
f 1975 1558 4352
f 1834 6697 4765
f 3661 4792 953
f 1850 4757 2681
f 3883 5866 6032
f 762 414 6370
f 519 3433 5030
f 1695 4144 5326
f 1671 237 2581
f 903 1608 6395
f 661 6318 1456
f 2295 6085 2417
f 3187 6372 4364
f 1367 6266 2398
f 4727 6520 4822
f 2040 5512 5918
f 3872 6011 86
f 667 5466 2855
f 770 6431 4786
f 4572 6387 6673
f 3404 4911 3420
f 2306 6772 6711
f 1041 4099 1852
f 149 3894 2256
f 5289 3247 1765
f 295 4555 2918
f 1298 1175 5448
f 1205 6138 5660
f 832 6457 6961
f 2223 3452 3899
f 308 429 1730
f 1098 6134 4267
f 1950 5489 5349
f 2478 3343 4567
f 3763 772 6446
f 179 1952 5935
f 2685 1536 543
f 1749 540 6266
f 4008 4629 4761
f 4744 992 5532
f 1149 6657 2635
f 2535 2390 2949
f 3164 1416 5510
f 2324 6254 1546
f 748 2852 2128
f 159 6320 737
f 1225 6254 2465
f 494 4383 2490
f 1233 6818 4374
f 35 5239 1418
f 5927 5990 1597
f 537 5711 6378
f 3576 2160 1921
f 3998 6538 6836
f 4371 878 5594
f 1434 5198 494
f 770 4786 954
f 5152 5422 4928
f 4952 5751 5992
f 1190 930 2503
f 4741 6259 5835
f 2329 3740 4591
f 3925 70 4771
f 4491 245 5709
f 139 432 803
f 3375 257 5723
f 5080 562 5519
f 4504 6324 5765
f 3441 5689 2255
f 4442 3325 4858
f 5681 3441 3421
f 1052 3322 4630
f 1478 4895 5678
f 4862 21 3337
f 1154 20 120
f 1895 2619 6885
f 5863 2663 1278
f 4797 3819 5895
f 2448 2130 5706
f 649 540 1749
f 5150 1005 2522
f 843 5376 3007
f 6688 2342 4548
f 4933 877 474
f 3716 888 3056
f 4544 5044 6535
f 343 4611 1409
f 465 1634 3232
f 3338 5178 2562
f 1003 4316 5749
f 1491 527 5674
f 251 3736 966
f 3804 4809 1467
f 4605 6616 1318
f 5716 6675 1371
f 523 1129 4329
f 936 2713 4292
f 4323 5201 1800
f 418 3164 5510
f 315 4104 6053
f 2753 5142 4381
f 6030 5702 6497
f 1092 599 4478
f 1 217 5773
f 1397 5518 3981
f 790 6466 1370
f 144 5815 2770
f 5023 571 6883
f 1232 3725 5032
f 5477 3328 958
f 4301 5644 3241
f 3196 3828 5042
f 1848 2700 6721
f 1407 3692 756
f 6096 2065 6782
f 727 2233 6177
f 1135 5309 5952
f 3163 3409 3462
f 1199 6348 6104
f 3470 6543 3517
f 3142 425 2508
f 3801 2170 5998
f 1692 3678 2326
f 1862 1888 1014
f 114 210 5024
f 3058 5112 488
f 594 1401 4446
f 286 5426 897
f 1385 747 3142
f 2343 3699 220
f 490 2907 5027
f 1023 2800 2775
f 1449 3317 3284
f 1978 60 6834
f 5356 6931 6290
f 3172 4939 5357
f 1037 1305 5110
f 1989 6355 2501
f 1811 3871 3449
f 751 1933 6929
f 2002 5563 6563
f 384 4080 610
f 1361 5015 333
f 1463 6517 4241
f 2495 3218 6219
f 4428 889 4586
f 5926 6930 2620
f 435 3478 164
f 2430 907 3720
f 2715 2940 5991
f 723 653 6012
f 1140 1254 6225
f 4952 5841 6794
f 1947 2945 784
f 520 2378 5659
f 3385 4476 6730
f 1523 3528 1982
f 3901 5887 2522
f 1668 3660 5813
f 6574 6874 2146
f 742 1176 3715
f 4586 6506 5382
f 4703 4628 6815
f 923 3907 1754
f 1373 5971 6430
f 1769 2487 2817
f 3684 988 6186
f 6121 6631 6762
f 2284 1186 2589
f 4515 6589 1043
f 25 1787 6646
f 1317 3906 5853
f 1042 4471 5771
f 513 680 1299
f 710 1825 1794
f 1503 1421 4927
f 3600 5188 5573
f 3126 6021 350
f 1652 5188 6548
f 1505 1536 4841
f 211 660 6031
f 1568 3865 5293
f 4542 6825 6820
f 1265 3604 3682
f 3340 1065 2017
f 4993 2323 2594
f 2087 407 3034
f 1413 4612 5479
f 1220 4607 580
f 2593 5574 4055
f 1241 4004 2341
f 3527 5337 217
f 1316 4995 5732
f 188 4093 3256
f 1203 5086 5450
f 3188 6218 6260
f 2971 5893 6564
f 3971 3462 5776
f 1038 5944 2251
f 984 294 3904
f 2594 1204 4993
f 5755 1001 1486
f 2349 4324 5507
f 2028 5165 4068
f 4725 2270 110
f 3041 5429 4736
f 4408 3092 6216
f 640 2695 2533
f 2346 2831 3689
f 428 4972 1934
f 5262 5609 3174
f 1871 6040 4708
f 1781 6532 2558
f 4973 3694 6687
f 1298 6434 1175
f 718 6740 3762
f 1604 5710 4479
f 3249 6231 5688
f 1000 1727 2300
f 4898 6582 259
f 2393 4985 3054
f 2819 3315 408
f 4008 2007 947
f 702 5133 6557
f 3109 6812 1255
f 2882 3551 6725
f 3076 5980 5730
f 1874 2603 2790
f 3924 4154 4407
f 283 5893 1501
f 102 4762 6510
f 4762 102 3896
f 5332 5771 6912
f 4995 5302 6831
f 176 1294 6508
f 6364 633 5758
f 1936 6313 2275
f 1426 273 2797
f 4492 4655 2234
f 1322 925 4362
f 3308 5812 5129
f 227 4937 307
f 2215 2297 6377
f 2876 5583 1589
f 5557 1892 6888
f 1291 1499 1191
f 2894 3996 2414
f 2870 3762 6740
f 3655 553 4372
f 2606 5786 2817
f 1323 1816 3305
f 2010 3412 5119
f 32 585 5398
f 2941 2552 2829
f 2077 4941 6922
f 2265 5633 5442
f 951 6098 2076
f 723 3999 3984
f 3818 5062 2977
f 658 5561 1394
f 1567 6505 4012
f 2585 6773 3779
f 2030 1386 6464
f 2443 2447 485
f 3887 1136 3952
f 185 1876 5705
f 5041 6289 6545
f 5565 1186 4790
f 1678 5018 628
f 4839 1647 6126
f 3627 3148 1042
f 224 976 121
f 2589 4446 1401
f 2138 5283 3552
f 671 4061 2579
f 2378 40 6888
f 231 3690 3698
f 6498 6907 6357
f 5319 5610 6029
f 629 4823 6679
f 4214 6645 6724
f 3251 2543 4751
f 124 1696 340
f 1520 3920 4662
f 2321 3618 2661
f 4862 4768 21
f 2857 3503 6001
f 2344 807 5951
f 4178 6475 2525
f 974 4271 5325
f 2964 4798 6559
f 2225 2597 1398
f 1748 1574 1451
f 4769 4422 459
f 4017 6660 5495
f 2661 4218 2321
f 22 684 2247
f 933 3667 4394
f 429 3730 1730
f 2397 4117 6795
f 848 4289 4651
f 1187 4404 1844
f 5525 2948 3048
f 4192 5317 5368
f 2512 2487 6374
f 753 4205 5712
f 6000 6407 2863
f 178 2371 6952
f 5725 1895 3246
f 787 3484 5361
f 3814 5049 4875
f 2493 5082 4969
f 3395 5296 4175
f 2185 5997 3101
f 2630 5393 1530
f 268 3304 3865
f 278 562 5900
f 2497 5478 3807
f 2177 5336 5428
f 322 2194 2438
f 3489 6056 730
f 117 466 1900
f 2714 5393 2630
f 790 3897 1971
f 3331 482 752
f 4999 5284 6272
f 1472 5312 6566
f 97 1831 3408
f 3384 5617 4384
f 1610 850 41
f 2430 2469 5472
f 2797 6913 320
f 4311 2299 3200
f 3631 4250 6886
f 2445 2924 1197
f 956 3784 6777
f 4091 3980 4692
f 1252 3659 5297
f 3514 6176 3049
f 1546 6254 1225
f 3000 172 2873
f 1397 2191 6178
f 1746 2700 2138
f 2024 6070 4273
f 510 4062 252
f 4109 6310 2540
f 1923 1184 6467
f 3732 2878 2345
f 4824 5173 1437
f 970 6706 3874
f 3768 5891 1640
f 4879 2549 4642
f 21 3108 6783
f 2898 6900 329
f 815 2628 793
f 200 5651 4499
f 805 1801 1416
f 2292 4106 552
f 3087 3828 3196
f 797 5346 6894
f 700 2629 731
f 449 6036 4556
f 1414 2025 6059
f 1512 1536 1505
f 2251 5944 4559
f 2097 436 198
f 627 460 2551
f 3190 1468 1969
f 3029 1353 2190
f 244 498 4140
f 4363 2851 5807
f 3727 622 2961
f 448 1677 6400
f 5716 1371 1007
f 1613 3860 2107
f 4855 3482 3136
f 1388 3735 1961
f 636 1952 845
f 1326 243 1787
f 2592 5810 2528
f 701 1575 3912
f 3321 4247 1197
f 3635 1190 5551
f 1661 5672 2155
f 68 5105 3856
f 1194 292 4418
f 1431 5490 2816
f 3224 6844 5034
f 4943 3381 5195
f 5009 5502 6328
f 1698 990 3070
f 3218 3805 6219
f 5047 2857 5919
f 4321 5736 444
f 2383 3810 1557
f 5148 5698 3945
f 4958 1967 2328
f 3093 41 3700
f 4926 1496 6770
f 975 1440 4861
f 351 1960 1707
f 3459 417 6089
f 4029 4944 209
f 2022 6622 6865
f 4291 4988 1542
f 3652 6216 6411
f 289 3635 5411
f 4028 1240 4525
f 3959 6248 1778
f 847 3132 2045
f 3866 2152 6541
f 579 5868 3915
f 1264 1216 3688
f 613 4782 157
f 946 2534 2257
f 1783 6017 6229
f 119 6181 6235
f 774 775 227
f 2657 5453 5005
f 3096 5138 5231
f 4092 6409 4225
f 2780 6832 599
f 4717 5426 3948
f 1564 6655 5416
f 4431 4084 1950
f 2872 6095 6718
f 336 1592 2699
f 1740 1448 2416
f 4200 277 1727
f 2239 593 1351
f 2524 3985 5788
f 104 398 5376
f 5560 1600 4915
f 3891 556 4103
f 1612 190 3710
f 6017 5938 6229
f 1776 3025 6401
f 3877 889 5798
f 4499 6542 3055
f 430 1785 1909
f 2191 1397 3458
f 4789 1239 6050
f 399 6286 877
f 1252 5586 3659
f 979 197 1476
f 4060 5229 4733
f 2560 2775 6847
f 2266 3406 3761
f 3720 2575 6788
f 2821 3583 3975
f 5791 1350 5534
f 3832 3399 3780
f 4583 4695 4980
f 659 1640 3840
f 2867 99 5017
f 2528 141 2347
f 728 906 2081
f 1952 5349 6935
f 1323 2733 1131
f 1682 2344 4804
f 2185 1735 5997
f 2288 6131 5064
f 3291 2677 4895
f 1179 89 6270
f 3985 2524 5434
f 1364 6789 6785
f 5104 4430 1944
f 2 1762 2165
f 882 2791 2376
f 654 1743 6266
f 5177 6640 6879
f 4918 1654 3702
f 4905 6236 590
f 4605 4472 5915
f 4833 6391 5529
f 4618 5435 6692
f 2409 6257 6747
f 2503 2609 1485
f 1609 1588 5652
f 6547 5507 665
f 4453 4666 2059
f 6054 4419 686
f 1716 6215 2158
f 1714 6585 6264
f 996 5797 2432
f 2022 4379 2313
f 1310 6059 2991
f 1789 2709 4088
f 682 1903 3599
f 92 774 213
f 1305 2903 576
f 5085 5960 3352
f 4276 2352 5395
f 933 5399 3667
f 1181 4682 1146
f 4594 2249 5943
f 51 5627 729
f 650 3686 4644
f 1902 2784 334
f 878 1639 6088
f 3253 4131 1758
f 4560 5441 2601
f 3147 6763 5059
f 2923 2419 2408
f 3662 6454 5261
f 3788 2163 4790
f 1551 6306 594
f 1300 3726 2198
f 436 3504 5279
f 2555 1588 306
f 3387 5783 3592
f 1898 470 1422
f 331 6137 308
f 2318 2354 5256
f 948 2911 3119
f 5485 4403 2649
f 4333 6712 1742
f 298 3091 1197
f 469 6164 5848
f 1099 6632 3221
f 5255 6702 6479
f 2594 6681 4783
f 1439 566 2463
f 1342 2745 1296
f 1743 2398 6266
f 3093 3700 2088
f 4665 5344 2513
f 1751 3881 500
f 5632 1008 6004
f 876 4193 4468
f 1596 827 5197
f 1008 3351 5826
f 444 3047 6784
f 5191 684 6619
f 1294 3704 6508
f 2354 1083 1151
f 3157 4202 4819
f 3720 2153 2469
f 3600 4951 5824
f 1059 4550 4155
f 3356 5162 6437
f 3761 3406 4429
f 1374 5520 4325
f 1577 4619 5287
f 3767 4660 3064
f 1670 2605 3306
f 3492 5281 4829
f 412 3572 4053
f 5529 6391 6052
f 3337 3094 5812
f 745 5764 2385
f 4118 5059 6763
f 720 2304 3598
f 4160 352 6589
f 274 601 6698
f 506 3299 1451
f 3625 3445 5977
f 1022 5883 4065
f 2356 3012 1966
f 6049 1911 503
f 1293 5303 4252
f 842 6293 122
f 780 3134 5592
f 4559 1673 3237
f 47 1708 6026
f 361 6204 3513
f 509 2913 1343
f 5239 6416 3574
f 446 2615 1843
f 1 2721 3481
f 404 982 821
f 951 6341 5756
f 2333 3268 2836
f 3289 2639 5441
f 3 3558 6603
f 572 1194 2586
f 2116 5680 900
f 3152 3587 3638
f 5818 1654 875
f 3574 6297 1231
f 8 893 2521
f 4330 131 6058
f 4563 5308 3596
f 1979 5668 1284
f 2959 6473 2392
f 1562 2834 4931
f 281 6594 4221
f 3254 3859 5554
f 82 4002 1655
f 2535 2949 4700
f 511 6717 3292
f 3980 3847 4182
f 57 696 873
f 4964 5271 4824
f 370 5885 6127
f 304 1847 3756
f 899 1156 2368
f 1484 1835 2546
f 1388 6447 3735
f 3232 4083 1584
f 2640 2831 2031
f 882 3394 2791
f 3799 113 3895
f 4754 4298 1742
f 1629 441 6010
f 3177 5704 5656
f 4634 4342 4536
f 1994 3850 6696
f 1016 2730 2875
f 2876 964 5583
f 2346 3689 1863
f 2715 3153 2940
f 106 2016 4549
f 178 717 370
f 4258 2701 2298
f 4669 4681 3107
f 2371 4888 5144
f 3206 4149 3769
f 5706 6162 2320
f 1073 2394 5266
f 25 6906 193
f 727 6167 4286
f 597 1846 6011
f 733 2385 5764
f 4033 5679 2515
f 3637 6526 4313
f 4661 2307 5072
f 2301 5800 3687
f 1043 6589 352
f 2180 320 6913
f 433 3833 5920
f 1150 2274 3972
f 656 6449 1570
f 2955 1556 1142
f 5 310 12
f 842 1020 2374
f 1535 489 4957
f 308 6137 5125
f 3464 934 2683
f 467 4932 2799
f 5248 864 6014
f 1566 2008 1266
f 5687 6387 6817
f 1436 1359 2290
f 3892 5721 2389
f 1175 6065 2440
f 315 6091 6438
f 780 5592 6741
f 2107 3860 6160
f 1004 1260 3947
f 2067 635 1700
f 4585 4207 3582
f 98 6597 3771
f 5687 6822 6387
f 4968 4382 2836
f 883 5305 1465
f 4323 1800 792
f 815 681 4455
f 126 1586 2394
f 2190 4595 3029
f 6212 6560 5194
f 832 6134 6457
f 740 463 3250
f 1202 6036 449
f 4672 761 5154
f 1446 5726 2967
f 4338 6476 3928
f 816 5424 3485
f 4118 6763 143
f 1707 1960 337
f 860 4489 4116
f 840 2204 2647
f 5763 374 1908
f 654 655 4400
f 1089 5094 4703
f 1444 5787 1030
f 4549 2016 4859
f 2602 5766 3813
f 259 2462 6824
f 3252 159 6443
f 579 3915 3342
f 2567 5636 1980
f 3001 6076 345
f 650 2766 6641
f 1861 6424 5731
f 814 6008 794
f 3271 3802 3824
f 1641 3043 2772
f 3673 2461 4653
f 1255 1970 3399
f 478 764 426
f 2007 5202 653
f 4445 4279 5268
f 2982 4962 3227
f 3565 4303 3572
f 720 6856 6119
f 4056 6246 5011
f 2755 3161 5433
f 6019 3960 1106
f 4722 3524 5272
f 5074 5497 3774
f 1717 1450 1086
f 595 3431 6399
f 1753 3073 5169
f 1057 1777 5851
f 595 2302 3431
f 228 4763 1701
f 1425 1736 2328
f 574 1473 4524
f 4109 2540 4319
f 3219 2123 1644
f 612 4244 3850
f 3211 685 675
f 3469 5199 2630
f 1624 2536 5106
f 254 61 3717
f 302 3636 882
f 660 4511 6031
f 6593 6508 5718
f 3838 1817 4046
f 4851 3354 704
f 2590 6928 5963
f 4447 2540 314
f 1686 5644 153
f 3801 5552 5132
f 547 689 3278
f 1476 487 343
f 3269 4732 4736
f 3645 6609 3653
f 4778 6185 6695
f 3683 367 5566
f 1508 6241 4098
f 1060 4188 1013
f 3780 1809 3832
f 164 1725 2193
f 1974 6343 5495
f 575 6328 5502
f 162 1474 3963
f 3600 6548 5188
f 3112 5966 5930
f 5188 5544 4256
f 2226 3967 2269
f 1901 491 5242
f 3639 4351 3821
f 5216 4587 1977
f 707 2767 1494
f 1870 5038 1177
f 3985 6649 3015
f 1859 4631 6066
f 652 5926 2620
f 6000 6904 4705
f 5585 1738 6180
f 3648 1440 5779
f 1289 3295 1216
f 3106 5075 2326
f 3131 2194 3733
f 3964 2268 4966
f 980 1165 2701
f 859 5438 75
f 2596 1623 5206
f 3533 2831 4172
f 3951 2006 6426
f 1182 4130 6742
f 2081 906 5347
f 530 1761 5956
f 3347 4652 3632
f 5949 2617 208
f 4166 6320 1068
f 2905 4626 1704
f 3315 4682 408
f 1937 3211 675
f 1052 3932 5258
f 224 1050 5781
f 1328 5704 2142
f 2015 3591 3919
f 3360 4717 3948
f 2049 6487 5313
f 176 6699 4356
f 4588 3025 1776
f 1422 5470 5933
f 4545 2783 6060
f 1421 6842 5449
f 2100 5537 3888
f 3079 6804 3809
f 147 2411 5114
f 2855 6258 6301
f 3403 1131 6893
f 936 150 2297
f 5805 1890 6233
f 4102 3616 2067
f 2768 5817 5298
f 1860 6805 5852
f 2528 3247 1329
f 3036 3191 1611
f 1224 4558 3042
f 4234 6484 4281
f 5200 4710 621
f 4738 5839 2687
f 4525 1762 5186
f 435 6542 2649
f 642 6393 4963
f 832 3120 6134
f 884 2223 2583
f 1524 4468 4353
f 828 5291 934
f 444 3080 825
f 6129 6262 2164
f 1538 571 425
f 1239 6738 938
f 2112 3594 4411
f 4450 1713 4045
f 4068 5045 1152
f 4217 6217 6356
f 2235 6527 2926
f 1904 2639 3422
f 4576 5419 5991
f 797 5044 4544
f 3607 6019 1556
f 1185 5049 3814
f 3329 5872 6386
f 6206 2380 6496
f 5366 6215 4276
f 1158 3518 2428
f 1201 2438 1358
f 5524 2493 6716
f 2689 4038 6688
f 5576 5214 5574
f 3988 6451 5677
f 3759 2858 5251
f 2057 2869 3829
f 2728 5880 4798
f 611 1214 3325
f 609 1860 5802
f 2486 4072 5733
f 1556 4394 1142
f 1235 5792 1237
f 1594 6000 2863
f 112 3023 6172
f 57 873 2710
f 502 2606 4199
f 616 3186 1492
f 44 5421 4573
f 2797 5718 6913
f 2906 5737 4624
f 3216 5793 4901
f 3221 6405 185
f 5220 334 2202
f 116 2821 746
f 3703 3888 5537
f 5949 1733 127
f 1145 5753 280
f 888 648 4950
f 1940 5340 4341
f 4937 1993 307
f 3348 3990 1319
f 4922 2563 3315
f 2077 4817 4941
f 4306 3678 1692
f 2767 2277 6375
f 288 6116 3457
f 1686 4370 4480
f 22 6466 6365
f 1933 751 2674
f 368 2005 5241
f 4609 4220 5601
f 4084 6494 6411
f 1763 4517 6619
f 1878 6043 3556
f 622 5081 2961
f 2364 1359 3869
f 2540 3880 6650
f 330 1199 1515
f 1814 4322 5095
f 3122 3232 6445
f 1983 2409 2074
f 355 694 291
f 3708 5908 5280
f 5677 6035 3988
f 4838 6530 5667
f 4122 5015 1361
f 1847 6179 802
f 1094 6115 1458
f 3705 4436 3629
f 783 6901 5496
f 3899 5097 2223
f 1804 6398 5693
f 1477 6459 1255
f 3250 463 5838
f 3595 2873 172
f 4371 5415 1173
f 2406 4202 3157
f 6290 886 5192
f 2273 6779 4413
f 542 6143 4185
f 3855 6113 6823
f 2437 2533 2695
f 5671 3835 5992
f 1746 2138 3552
f 5243 2586 2552
f 753 5964 4452
f 4789 6738 1239
f 3132 6568 4857
f 3119 6835 6625
f 858 2881 3667
f 2021 1261 2658
f 4503 2170 6448
f 2126 1630 5932
f 4690 5169 6667
f 4869 2822 909
f 1262 2992 404
f 1319 4370 4607
f 2456 124 6876
f 4958 2328 1378
f 4969 4861 1440
f 1243 4753 4262
f 1759 4647 4829
f 923 6430 1965
f 4702 2891 4765
f 1027 6750 4836
f 2729 2635 6657
f 5246 6579 1910
f 2503 1959 761
f 2315 887 5388
f 1779 4782 265
f 2131 3052 3101
f 1640 3922 3768
f 5466 6067 5623
f 2516 1361 6485
f 2049 5684 6487
f 2815 4087 1274
f 2581 372 4115
f 59 515 5744
f 2631 6225 5310
f 2106 793 5284
f 849 6821 16
f 2634 6615 4222
f 2649 4903 6135
f 1547 1831 97
f 4473 5295 708
f 467 4883 514
f 2266 5420 1849
f 1629 2488 3223
f 2518 6619 5036
f 2057 5856 1103
f 44 2173 1938
f 701 6770 1496
f 400 6271 3803
f 5212 2024 2690
f 1093 5931 4800
f 5274 6404 943
f 1718 6331 3263
f 3701 1510 1916
f 817 5331 5921
f 5285 3028 2270
f 1409 4611 1100
f 5542 6087 923
f 69 6944 6188
f 122 5670 1761
f 418 5941 289
f 5029 5172 2673
f 1207 4115 6214
f 2173 6605 5022
f 5493 5424 2306
f 2421 1470 6082
f 2319 2646 4310
f 519 5716 3456
f 4064 5300 3272
f 1637 5485 3924
f 4240 650 3811
f 1094 1458 3755
f 1254 3853 2645
f 1096 4787 6710
f 6337 6809 2494
f 2160 462 6085
f 3753 5627 1525
f 690 5148 6760
f 1854 4315 405
f 97 3408 4066
f 2789 5943 2249
f 4129 6752 5197
f 1967 4393 902
f 2548 4485 1173
f 1010 6116 3645
f 298 4173 3091
f 3900 6561 6140
f 3789 6162 1483
f 114 5657 1767
f 177 6385 6268
f 3313 6108 601
f 1327 6233 1890
f 3618 4358 2661
f 5600 4090 3886
f 3242 1060 4253
f 182 3546 1359
f 284 3500 2608
f 1627 4248 5696
f 1076 1292 2832
f 784 1098 1947
f 2796 945 5554
f 4419 3728 754
f 3172 4604 4939
f 1966 3012 120
f 3536 4581 5342
f 1125 5137 193
f 1695 3563 3006
f 1681 6176 4863
f 318 1846 591
f 1380 2578 5497
f 2685 6941 1536
f 240 4796 337
f 720 796 6856
f 2407 797 6894
f 3611 2347 3847
f 69 6188 4808
f 10 742 1118
f 4134 5310 6225
f 4107 5852 5040
f 4489 441 746
f 1114 4376 4536
f 4153 2484 3957
f 105 4590 4813
f 1013 3511 4253
f 5016 3080 959
f 252 1459 43
f 412 4927 4592
f 3947 2458 1387
f 978 6953 3365
f 5556 4261 6757
f 278 1021 562
f 1284 6749 4895
f 3701 1916 1014
f 3901 1134 4529
f 4988 967 3502
f 1568 5293 3087
f 1976 5053 6737
f 3158 4243 1071
f 3815 344 1755
f 1426 5959 4965
f 1236 6206 4416
f 1937 675 924
f 1723 3769 2044
f 4532 4210 2688
f 423 123 3114
f 127 1394 2617
f 2636 860 1794
f 3165 4641 3931
f 627 5201 5734
f 323 3858 6002
f 5856 5224 1103
f 3749 5918 237
f 1826 2557 814
f 2071 3435 5809
f 5504 6329 1053
f 1411 6195 1022
f 1130 4083 2418
f 2601 2639 6084
f 246 5436 4053
f 3277 4221 6594
f 3625 4652 1807
f 1891 3879 5182
f 3770 3515 2241
f 295 5193 4555
f 638 5643 4186
f 4290 5215 2336
f 1604 5655 5658
f 564 6799 6808
f 3711 5900 6190
f 1185 640 4808
f 24 5234 2889
f 1661 2983 975
f 2089 3294 3585
f 3002 3364 6868
f 3118 6908 4205
f 387 4547 6840
f 1148 1580 4395
f 2590 6502 6928
f 3536 4656 4884
f 6431 6581 6780
f 4749 3366 4638
f 589 5306 3950
f 36 5844 4057
f 234 6092 1995
f 3729 4916 1191
f 5169 6497 6667
f 2064 2768 3111
f 4261 4297 5102
f 3562 4003 5774
f 4293 1445 4152
f 2786 2610 6039
f 499 4798 981
f 2416 5142 586
f 665 3187 4364
f 1935 6527 6064
f 503 696 3663
f 2777 5452 688
f 99 1324 5017
f 2288 2983 6131
f 1383 1633 1829
f 4860 3026 1814
f 2305 1247 93
f 1253 3155 2986
f 3365 5523 4157
f 722 2909 779
f 3830 4232 4032
f 1781 5662 4912
f 481 1162 5397
f 567 5713 5209
f 3986 4844 6946
f 3347 4739 5761
f 4668 2074 6514
f 4485 1446 4371
f 3550 1190 3635
f 3176 3052 4547
f 1362 6483 5714
f 2046 2884 6399
f 748 1840 2852
f 1868 1424 1716
f 3315 5974 4922
f 2849 2926 1462
f 409 397 1913
f 1440 6439 4979
f 2214 4670 3916
f 6097 6150 6744
f 1228 358 3573
f 1843 2647 3653
f 5329 3633 3450
f 3345 508 6383
f 429 6693 2330
f 4180 4413 6668
f 4057 6070 2399
f 4754 6712 1336
f 1127 5054 5897
f 5980 5107 6141
f 2189 5451 1336
f 765 3036 1611
f 2813 785 497
f 4356 6699 918
f 304 3756 4832
f 1466 3898 4026
f 3111 6436 6683
f 1409 1100 2978
f 550 5929 1343
f 4827 3042 6107
f 3801 5132 1552
f 5004 747 5161
f 583 2769 1362
f 4025 5163 4239
f 3137 5610 5319
f 3548 3384 6390
f 3858 4317 4124
f 2894 4233 3996
f 2930 6600 5846
f 2234 2612 5673
f 2424 1911 1894
f 4557 2857 5047
f 3182 4278 5943
f 4824 5271 3212
f 16 2870 2486
f 5014 6402 4442
f 3992 4170 4264
f 318 1606 1846
f 1138 6210 5809
f 6421 2711 3083
f 4008 947 4629
f 3719 407 3884
f 3433 519 6332
f 2188 2987 1053
f 47 233 996
f 4145 6744 6150
f 3624 4675 3344
f 2279 3244 5715
f 2967 878 1446
f 6376 6335 6844
f 3756 4245 5963
f 2473 3512 5954
f 1656 2167 2681
f 4372 553 986
f 1795 6573 2975
f 6244 6426 2006
f 393 5136 6397
f 3891 4103 1619
f 1065 1913 2706
f 2835 3038 2806
f 1336 6712 4333
f 119 2079 6181
f 4843 3312 3891
f 1582 5405 5738
f 3065 2399 6070
f 2744 5758 5096
f 3526 1286 3696
f 846 2432 5819
f 1259 568 5007
f 1412 4946 5424
f 3033 2601 6084
f 348 2162 3024
f 5600 5801 2272
f 4380 6631 5473
f 6606 526 2090
f 1466 3497 3898
f 411 3227 4142
f 1768 2948 6921
f 710 1794 4463
f 3915 4169 3342
f 6062 3466 3292
f 3978 6392 5793
f 4330 6058 3363
f 472 4456 3941
f 2459 6864 368
f 2283 4951 4254
f 883 1334 1077
f 713 985 3477
f 5591 6001 4677
f 3444 1096 6710
f 3121 3846 4326
f 2421 6076 5769
f 4978 6170 1818
f 1581 5339 5635
f 2507 2925 4772
f 2199 347 3555
f 3141 2229 3094
f 4269 6580 2572
f 3740 4445 1193
f 3673 5360 6806
f 2085 6211 2823
f 6068 5579 6918
f 754 5414 4419
f 3809 6804 4501
f 2303 2833 1287
f 4247 154 4806
f 2744 5096 5610
f 6095 6300 6718
f 1473 860 2636
f 380 1127 2981
f 1089 4703 1275
f 6106 5984 15
f 266 760 5616
f 3675 2312 5338
f 662 1581 1263
f 5530 5501 1312
f 2402 4429 3406
f 4932 4034 2217
f 2225 2007 653
f 2193 74 3055
f 5752 4959 6147
f 2323 5888 5385
f 2613 2918 6781
f 4598 6705 4981
f 5946 5057 3921
f 149 2256 813
f 2193 1985 74
f 3642 4723 4743
f 1040 4147 313
f 3117 641 6110
f 2047 1366 6155
f 879 1347 4357
f 2847 5533 3205
f 1251 4047 5388
f 4973 6687 5173
f 5338 2391 3026
f 4724 3925 4771
f 2579 5514 4496
f 227 307 3203
f 3047 6428 6784
f 85 37 1289
f 2795 3593 5093
f 1975 6262 6129
f 1475 3153 2475
f 5091 5816 4613
f 2066 5957 2751
f 1756 2561 2230
f 116 2148 5729
f 4376 4896 4634
f 1021 5275 5519
f 5355 2096 6199
f 1583 1582 5738
f 2149 2529 5251
f 948 1561 6200
f 4625 5617 6809
f 3285 4712 4361
f 3593 6277 255
f 3415 4315 2351
f 1535 1925 2133
f 4021 5972 6065
f 1111 4854 3657
f 461 4064 3272
f 586 5214 3683
f 3986 2748 5875
f 674 4602 4727
f 3255 5826 3351
f 188 4748 4093
f 471 5223 4208
f 3830 6152 2
f 410 5207 5876
f 633 6364 4682
f 4042 4650 6602
f 4825 5072 4674
f 3892 2389 5613
f 92 67 4404
f 3185 2782 462
f 3316 3739 4216
f 3801 1552 3815
f 4387 4550 6351
f 1395 4416 6206
f 2149 1062 2529
f 1963 2964 6559
f 3004 2503 1485
f 2794 6732 834
f 4817 2841 4941
f 814 1710 6008
f 3542 4802 6247
f 1932 3174 3954
f 1808 522 1733
f 5695 5197 6752
f 831 924 392
f 512 4764 6736
f 60 4013 5353
f 1474 3643 2496
f 10 6790 472
f 1478 5678 19
f 1162 3290 2915
f 3379 1985 1725
f 2008 3917 2965
f 370 5898 5885
f 1300 4788 5723
f 1533 3668 4801
f 2058 1549 4059
f 1887 6540 2814
f 1138 1108 1782
f 5389 6395 1117
f 3861 6419 5914
f 2200 2754 4408
f 2673 5172 4453
f 234 1995 2505
f 2691 5634 527
f 2982 5528 4454
f 4912 1117 6956
f 1571 3415 2351
f 4226 3856 4984
f 1775 341 1937
f 1252 29 4914
f 1627 5696 4902
f 1353 2678 476
f 1832 3805 2154
f 6588 3299 6222
f 480 3525 5476
f 6329 6876 2996
f 475 4449 4069
f 583 1362 6676
f 1011 1614 1460
f 198 3179 929
f 645 883 1465
f 4138 5052 1230
f 4623 5443 5123
f 3092 4084 6411
f 1122 3410 2358
f 1055 6439 4555
f 2638 1425 3709
f 1648 5930 1704
f 5140 5765 6324
f 1182 3737 5882
f 5220 2202 5964
f 3152 4042 155
f 1927 1073 5266
f 4390 5764 5666
f 1846 1606 6011
f 600 1357 4823
f 4833 5529 2335
f 3324 3641 6034
f 4557 5047 2846
f 2094 6412 631
f 3734 3170 2818
f 995 3013 2129
f 5505 2201 5562
f 1096 5368 5317
f 2607 6133 5147
f 128 6147 4959
f 622 3727 1680
f 2570 5574 3260
f 2880 3915 5868
f 2741 1279 5800
f 1533 6667 5702
f 2513 3956 6013
f 2738 205 5628
f 2893 4369 2209
f 730 6666 6103
f 2013 5748 3730
f 5727 6074 4606
f 3986 6946 4165
f 1488 2184 896
f 564 778 1626
f 978 6410 6953
f 2400 1384 6691
f 1227 5492 6791
f 1932 2019 3174
f 6077 5919 2857
f 975 5779 1440
f 1602 6474 1840
f 910 3806 6127
f 185 6405 5236
f 646 1472 5618
f 2054 5901 4388
f 4087 2815 4691
f 5834 4401 3695
f 1819 3098 6254
f 848 4921 4289
f 3861 5881 5598
f 630 2776 5237
f 175 257 4780
f 3097 3104 623
f 1573 5641 4609
f 2070 6441 6382
f 1209 4093 6819
f 1523 1982 2227
f 1624 5106 4707
f 1886 4609 3610
f 3470 4644 6543
f 172 5460 6797
f 4321 6784 6428
f 4015 2300 1727
f 5884 691 2597
f 5012 4526 6394
f 2421 6423 1470
f 772 3763 5393
f 370 3656 178
f 888 3716 3819
f 1735 2174 2544
f 1687 2956 4757
f 4958 5753 2898
f 3534 3927 1834
f 45 4218 6408
f 5067 5039 5367
f 499 2320 3084
f 2162 2274 1150
f 5945 3097 4885
f 3694 5511 3215
f 2040 2311 2066
f 2155 5672 5038
f 3946 2366 607
f 3582 3804 5392
f 1498 5116 5053
f 3281 4298 4754
f 523 1527 6305
f 5041 5571 6942
f 4210 5073 6005
f 3274 3392 4821
f 2424 5204 6239
f 3068 6941 2860
f 1064 5939 2261
f 1833 3585 3294
f 1458 3681 3755
f 2842 4744 5532
f 522 670 3048
f 3034 1116 4850
f 3878 352 4160
f 1166 2009 4774
f 2759 2840 2332
f 3034 4850 2087
f 1912 5005 558
f 3872 86 1991
f 1563 2905 5724
f 212 4662 3920
f 82 4266 3221
f 4785 5632 6004
f 3834 6087 2111
f 3857 4234 5833
f 4611 1024 3060
f 968 3722 4926
f 5370 5740 5341
f 4585 2846 3959
f 702 3045 5133
f 6483 2769 4712
f 2217 3348 3437
f 2992 6165 404
f 419 689 1797
f 3434 2622 4282
f 2931 2320 4759
f 3991 4991 1982
f 3160 4534 3831
f 4428 4586 5382
f 3977 4580 5127
f 2561 6532 5541
f 2806 4619 2293
f 5117 5330 281
f 3886 1339 6954
f 2882 6725 1838
f 1755 2383 4646
f 3768 1568 5891
f 2000 4344 4909
f 784 6280 1098
f 4013 4285 4071
f 3118 4949 5942
f 4720 3228 4810
f 1678 628 1113
f 727 6441 2233
f 4246 1780 4094
f 1331 6142 3868
f 1987 3807 5478
f 2185 614 4923
f 607 1835 1484
f 993 2998 5539
f 609 5802 5699
f 2877 4519 983
f 910 742 3806
f 5701 6251 6512
f 470 12 1422
f 3339 3351 2159
f 2104 6081 6455
f 3222 1916 4696
f 796 3598 3842
f 1298 1122 6434
f 2930 6900 5447
f 1041 75 3775
f 4565 6290 6931
f 1902 5220 5964
f 3224 5034 5290
f 981 5235 272
f 2624 3519 6861
f 1132 2135 1812
f 747 5749 3936
f 2727 4105 2890
f 448 6400 6159
f 1834 4765 973
f 4878 6033 6695
f 2592 2528 3189
f 2317 334 6629
f 3329 6952 2371
f 4279 5861 3661
f 3961 5302 4995
f 3905 5184 1371
f 3567 6634 4675
f 500 5678 5780
f 3747 2813 4797
f 916 2288 5064
f 3443 676 5168
f 498 438 3751
f 2160 3576 3335
f 4379 1135 2313
f 403 6789 2355
f 968 1407 4029
f 3742 4307 6875
f 4563 5730 5308
f 3825 4506 59
f 2415 5039 5067
f 944 5328 2035
f 1540 6946 4844
f 217 3993 5773
f 4717 897 5426
f 1424 922 2788
f 1163 840 4041
f 113 2596 3417
f 799 4948 3587
f 5755 1486 3890
f 2415 2139 5039
f 993 5730 4563
f 1505 6549 375
f 5467 2816 5578
f 1638 1490 6771
f 1971 3022 2518
f 1980 3358 4597
f 5247 669 369
f 2515 5679 5445
f 110 3893 3079
f 4163 5029 2673
f 2781 6719 6361
f 1259 5692 6263
f 5226 4885 4840
f 4126 4872 5010
f 1120 3569 4190
f 2725 786 5891
f 1195 4714 5616
f 4209 4609 1886
f 3033 6084 2142
f 851 5986 4406
f 5266 3713 72
f 1632 6163 1372
f 4231 3485 668
f 1158 3032 4881
f 507 1189 3220
f 2749 5501 5530
f 2275 5741 3353
f 4554 4648 6505
f 877 3860 927
f 3090 5027 2907
f 6182 5378 297
f 526 6234 4312
f 5381 6250 5691
f 3916 6256 949
f 5119 6081 5175
f 4530 6470 3162
f 2892 2117 1669
f 1909 1785 957
f 468 3629 2038
f 3491 1560 6588
f 4898 3902 6582
f 1930 1409 2978
f 4189 5012 6394
f 1311 706 1600
f 548 2592 3189
f 5410 6097 5461
f 923 1754 6584
f 617 3778 6054
f 3107 3290 1162
f 434 1682 4804
f 448 6159 2032
f 2435 1336 6498
f 797 2168 5044
f 926 2212 3679
f 1347 751 6929
f 3799 3895 6140
f 1521 419 2911
f 699 3294 5808
f 1675 2405 3940
f 1210 6227 4791
f 1047 1434 494
f 1933 6924 6929
f 279 801 3687
f 3969 4885 2403
f 2802 6835 3176
f 1819 5030 3098
f 4152 4992 5871
f 446 6609 365
f 3192 721 1281
f 3453 3674 2863
f 897 4717 6027
f 9 2078 934
f 5959 316 1895
f 4095 4600 3731
f 20 3525 4319
f 2129 5233 995
f 3177 5656 6864
f 692 3496 3590
f 2250 5375 3065
f 2126 5325 4271
f 32 2897 3383
f 3924 3850 4154
f 2856 6452 6042
f 747 5004 3267
f 1827 2109 1340
f 386 2953 2553
f 4056 6718 6300
f 2250 3577 1326
f 3378 4774 5860
f 3632 708 2258
f 324 4391 3979
f 734 1147 4078
f 3143 6471 2893
f 2969 1823 2981
f 531 2663 5892
f 3594 4267 6134
f 1264 5543 1216
f 3994 1452 2886
f 3880 6191 1061
f 1453 1838 4435
f 940 4752 3190
f 5419 1157 6554
f 598 1612 6360
f 4678 2968 1354
f 1196 5477 4528
f 1215 1642 4670
f 3602 3167 5252
f 223 6058 131
f 912 4066 2761
f 36 5555 3909
f 690 5150 5837
f 302 1678 3636
f 2666 5863 2841
f 409 1913 6342
f 1498 5435 4618
f 15 5658 1468
f 6104 6348 2190
f 6163 6598 3782
f 1237 5792 4831
f 797 4544 5346
f 5148 3945 6760
f 4364 5962 1625
f 2060 6829 1401
f 3719 4578 5101
f 2167 1656 4481
f 469 6384 5694
f 1352 4259 4144
f 2833 1337 5432
f 2729 1084 2136
f 2153 3346 3277
f 2767 6375 1494
f 348 2274 2162
f 2153 3277 5189
f 2531 1497 3031
f 6010 2862 6940
f 2043 2374 81
f 3998 3272 5300
f 2113 1344 1272
f 3538 5341 479
f 2613 5822 4007
f 2278 151 4148
f 1626 5676 5287
f 3428 6670 1957
f 2506 1295 3603
f 4009 2273 4460
f 5794 3283 6647
f 1017 5299 6735
f 608 3181 2762
f 4589 1500 4776
f 5359 6959 40
f 2245 5973 5596
f 1447 5411 3608
f 2357 4750 6591
f 554 1157 163
f 5759 1173 5415
f 3037 6031 4511
f 1164 3796 5859
f 582 6107 1884
f 6118 5057 6136
f 3078 4304 3258
f 2889 2129 6685
f 4035 3691 2325
f 1353 3430 2678
f 852 4964 4824
f 2904 388 6159
f 2738 6066 4631
f 4968 2836 138
f 400 5155 3499
f 2842 6796 6524
f 2395 2978 2431
f 4421 6455 6081
f 1693 3962 31
f 2015 527 1491
f 3054 4985 2835
f 2098 838 3651
f 143 2861 6608
f 4590 5111 4813
f 4938 5364 3744
f 4933 3860 877
f 155 573 4527
f 3232 4711 4083
f 5043 6726 6314
f 1539 1798 5659
f 2848 735 2092
f 1559 935 2641
f 4217 6714 6442
f 138 246 4303
f 739 6708 3059
f 5009 5385 5502
f 6274 962 5745
f 455 6919 3421
f 2472 4874 4287
f 2052 6278 2499
f 2665 1045 5141
f 2363 5448 1175
f 1185 3814 640
f 735 2848 2083
f 2291 4218 2661
f 1553 4709 2068
f 4229 1441 3225
f 1578 2047 6570
f 3485 3124 3471
f 5261 1070 2741
f 3444 3994 1096
f 4927 6932 1503
f 3903 400 4398
f 172 3124 4231
f 2989 4751 1513
f 2946 3942 5645
f 455 3923 6057
f 14 4956 6696
f 2408 2419 4328
f 402 5846 6546
f 3652 1914 1908
f 3187 4892 6372
f 4603 926 3679
f 1637 4403 5485
f 1803 1922 2523
f 2151 2074 6898
f 5738 5405 4035
f 5092 4802 6287
f 956 6325 3784
f 541 4541 570
f 1044 2130 2448
f 1349 44 3787
f 766 4633 5181
f 544 1323 1131
f 2625 1982 6943
f 3111 2768 6436
f 4965 5725 6891
f 1322 4165 3513
f 1578 3022 3897
f 3102 6772 4438
f 1427 717 6217
f 1839 1408 204
f 2185 2197 6853
f 4180 5241 2005
f 3101 5406 2197
f 1302 3604 5642
f 2301 3447 2441
f 2738 4631 3520
f 3049 3157 5500
f 1297 1221 5489
f 2366 2593 2753
f 5686 4506 3825
f 5597 4139 4149
f 2382 4726 3484
f 1485 2181 3004
f 738 3089 1006
f 103 1358 6909
f 1637 4339 697
f 6267 6807 5116
f 2028 3554 1045
f 2466 2762 3181
f 1243 366 1443
f 644 2155 2623
f 868 4997 2716
f 442 3736 3745
f 6676 5491 2365
f 38 3572 412
f 982 2828 2693
f 833 6638 1778
f 372 2245 663
f 3150 5581 6684
f 5176 5565 1106
f 3284 1514 3611
f 4893 4400 2633
f 826 1129 523
f 670 5 12
f 3343 5410 5461
f 459 6480 4379
f 1273 2779 5620
f 3473 6652 5021
f 3814 4875 6008
f 2788 3154 4276
f 493 3682 5046
f 241 4478 3139
f 2391 4317 5306
f 539 1165 3086
f 1879 5134 2042
f 4490 4211 3518
f 1110 6614 3054
f 637 972 3262
f 2045 2822 3608
f 2495 2509 1091
f 2485 2240 3620
f 1634 6445 3232
f 917 6762 5043
f 5605 1061 6191
f 2391 5306 6288
f 605 1215 1635
f 1402 1761 5670
f 577 5012 4189
f 4533 4157 5066
f 4242 275 3975
f 2489 5091 2810
f 3163 3971 1938
f 2063 5971 4784
f 802 4245 3756
f 553 5488 986
f 4160 2426 3761
f 4308 775 1709
f 2635 5032 1149
f 345 1699 1554
f 4937 4659 1993
f 575 5502 187
f 1981 2220 3559
f 2365 3908 6676
f 3949 341 3671
f 64 6839 1242
f 4018 900 771
f 3068 6549 4841
f 3006 5958 5409
f 3863 6817 2511
f 3280 2389 2330
f 1626 5823 5676
f 918 5103 152
f 1145 2898 5753
f 799 1991 4948
f 2621 1954 834
f 5001 1471 6945
f 2222 5824 4951
f 977 2823 1732
f 768 6 3816
f 1106 2163 6019
f 3429 646 5618
f 1083 6832 4872
f 3827 5898 717
f 5157 4128 6656
f 1336 6907 6498
f 3952 70 3925
f 460 627 859
f 318 5199 6520
f 1498 6692 3903
f 4098 4190 3569
f 5430 5278 6072
f 522 3048 127
f 2037 3355 741
f 753 6507 4949
f 3309 83 5895
f 2537 6914 2963
f 4017 4899 6660
f 4299 5278 5430
f 1788 2976 1773
f 2225 1398 2007
f 3204 6913 4336
f 2071 1379 3435
f 465 931 1863
f 98 4382 6597
f 3121 4326 565
f 1760 2146 378
f 4181 161 1851
f 5925 679 4708
f 4800 3589 4088
f 2142 5704 17
f 179 5935 1904
f 2673 1269 3910
f 5597 3206 4768
f 879 1460 3665
f 3857 5431 4234
f 1754 3907 784
f 3666 5166 1643
f 627 5734 5438
f 746 2821 6307
f 3305 2733 1323
f 532 2253 5326
f 3386 2878 5843
f 4091 5899 5785
f 480 3012 575
f 3425 6834 60
f 2772 1707 3822
f 2405 6859 5352
f 831 1775 1937
f 2552 2941 1607
f 4399 5111 4590
f 4422 5099 2178
f 4151 4846 4680
f 577 4189 424
f 1538 1457 6046
f 1773 2976 871
f 2859 6897 5553
f 493 704 1035
f 4156 2383 1557
f 4881 3694 4314
f 390 5893 283
f 2567 1980 5474
f 2097 898 436
f 602 3584 2556
f 1148 4395 3300
f 3850 6166 1856
f 21 4768 6778
f 2554 4962 5582
f 3542 2771 4802
f 217 2280 3993
f 1411 4432 2001
f 2735 4846 1269
f 1874 2790 1104
f 1525 6017 4475
f 1487 6780 3144
f 4444 5113 2839
f 3830 4032 6152
f 1031 6331 6193
f 5329 3993 3633
f 715 3868 6142
f 801 6322 2301
f 6305 1527 6504
f 3152 4602 4042
f 247 2289 396
f 2912 6447 6367
f 2001 4820 542
f 3288 6777 5464
f 766 2611 3609
f 948 6196 2911
f 6469 4600 5167
f 1186 4446 2589
f 3147 5059 4975
f 677 3394 750
f 1677 1733 6400
f 1261 5198 5140
f 1821 5227 4532
f 4494 3569 521
f 4067 4574 4561
f 5827 6713 959
f 4927 6435 4592
f 2907 6709 4443
f 943 1193 5274
f 3244 577 5715
f 3119 291 4150
f 5114 6273 5354
f 5062 6651 6041
f 3763 867 5393
f 2794 4773 6732
f 1565 4641 5141
f 164 2193 3055
f 15 4174 1604
f 1649 6915 6933
f 1641 3449 2627
f 3661 5861 4568
f 2758 871 5273
f 1684 4074 2801
f 599 2318 5256
f 1003 6121 4316
f 1823 5061 6052
f 1397 6178 5218
f 1971 4596 3622
f 290 3491 6588
f 4201 2765 5899
f 218 163 1157
f 5854 6356 382
f 708 6100 4612
f 1025 5291 451
f 5907 2644 4441
f 2461 6463 6456
f 472 742 10
f 3833 4850 5920
f 75 5438 3775
f 2764 1567 1547
f 976 6352 4791
f 2871 6962 6958
f 264 6074 896
f 1510 4696 1916
f 414 346 4153
f 1397 5803 5518
f 4177 4176 6324
f 304 5963 6928
f 1034 3653 2204
f 2108 5171 2587
f 1668 2543 3251
f 2073 6861 4272
f 4502 5897 888
f 2054 5631 3905
f 359 3231 6878
f 1203 6203 2468
f 4073 6582 2415
f 478 6810 764
f 2604 5749 301
f 5245 6468 667
f 2314 2020 6307
f 232 2084 6208
f 287 3788 4790
f 1369 3580 1692
f 4709 1553 6937
f 1038 569 5944
f 3522 3916 145
f 3258 6898 6747
f 4661 5072 4825
f 3720 6788 2153
f 721 6523 6529
f 804 4738 5120
f 2404 3873 4082
f 1277 6782 5768
f 1037 5110 5243
f 1923 103 363
f 2827 4782 3127
f 946 2257 3721
f 873 696 49
f 3879 6943 4991
f 89 2068 5936
f 6071 4011 6612
f 2880 5016 4713
f 1091 2801 4138
f 102 6510 2789
f 2019 548 1514
f 2557 4026 1710
f 1386 4552 6464
f 4361 5182 3879
f 2302 595 5833
f 3258 4226 3078
f 1119 272 5794
f 457 6899 4161
f 1919 3486 4040
f 2849 4154 6350
f 2202 6556 5964
f 1134 2093 5104
f 2513 2354 4665
f 2811 6478 3558
f 2777 4576 5991
f 3812 3859 5145
f 1790 3552 5283
f 2132 4235 3019
f 656 967 390
f 2601 5441 2639
f 3512 2473 777
f 2928 3081 5531
f 4776 5766 208
f 3736 4318 4902
f 1142 4889 2955
f 1513 3155 1605
f 1144 5091 2489
f 1572 1227 5443
f 3919 5940 2015
f 5452 2406 1681
f 2390 6213 4691
f 1609 6623 1924
f 903 6395 3198
f 1280 2262 3427
f 1852 4239 3454
f 3431 2046 6399
f 3155 6700 6795
f 1231 2195 4294
f 3600 1810 6548
f 2377 2646 2319
f 2576 3102 5517
f 5309 6172 5952
f 686 2888 2734
f 5467 5578 4211
f 1432 811 6019
f 5457 5706 2320
f 2498 2626 6333
f 4865 4853 2514
f 5014 4442 4858
f 6339 3551 6357
f 1186 5778 4446
f 1972 4842 5037
f 1438 5394 4514
f 2642 5757 3350
f 579 4136 4086
f 5040 4977 484
f 4000 5889 4826
f 3854 2355 5193
f 2266 1894 5420
f 2995 80 4504
f 4258 1288 687
f 4690 6667 6187
f 2945 6793 784
f 4514 6102 136
f 5109 5453 4127
f 1999 5853 3906
f 1184 1923 363
f 1057 6521 1821
f 580 4805 1220
f 3175 278 3711
f 3084 4798 499
f 425 2327 1538
f 53 1326 1787
f 65 2338 1767
f 4908 4186 5643
f 2732 4097 6686
f 1689 1418 5239
f 5149 1519 593
f 598 6287 1612
f 1023 2233 6441
f 713 2783 6553
f 1108 3539 3014
f 885 1721 2248
f 4742 5185 1141
f 4037 1020 530
f 3045 5664 4877
f 5942 6199 2096
f 1855 2826 2422
f 3566 5721 3892
f 3311 4953 5579
f 2401 1877 5886
f 3216 3505 5793
f 2864 4561 4574
f 2390 4691 2815
f 5847 6492 5128
f 2243 6397 5136
f 1732 2823 1283
f 5690 3209 5926
f 1093 4800 3703
f 1611 1327 4079
f 1564 6735 4498
f 3874 6706 4740
f 1027 1015 4087
f 352 4047 1043
f 72 3349 3937
f 1735 106 5997
f 998 4137 5770
f 2445 3782 2113
f 3970 4866 5312
f 3851 5701 664
f 1327 1611 6604
f 993 5916 6288
f 3266 3139 321
f 891 1436 126
f 31 3962 4590
f 3685 3625 1807
f 6372 4892 2517
f 4485 1866 1446
f 194 3663 1295
f 875 919 5818
f 4484 6080 3066
f 4420 1308 2623
f 3911 4022 4413
f 273 1426 4965
f 1889 3621 6745
f 2983 1313 5779
f 95 5479 4612
f 3414 6515 5167
f 673 5099 4769
f 1232 260 672
f 4196 2739 6798
f 2077 546 4934
f 252 4990 1459
f 2002 1528 6491
f 4196 2307 5333
f 1512 1802 1536
f 258 6312 1249
f 749 6306 1551
f 802 2943 4245
f 802 322 2943
f 878 6088 5594
f 895 6158 6296
f 2537 2963 5596
f 1047 1752 1434
f 4525 5186 6421
f 1531 5147 5984
f 171 2182 3210
f 629 2917 4184
f 637 4730 4203
f 4493 5498 5178
f 1352 3384 3548
f 1489 3166 3711
f 4350 5847 5166
f 567 5209 1198
f 1254 2645 6184
f 1976 4540 4685
f 766 5181 2611
f 458 5851 1777
f 3214 2782 533
f 3003 6920 2150
f 856 2426 2263
f 4524 6955 6727
f 1896 2856 5222
f 505 3186 616
f 6539 6476 4816
f 1614 4467 5234
f 3524 4722 3557
f 1091 4680 1105
f 1900 466 5455
f 80 1592 1907
f 1161 3097 5945
f 4675 2517 3344
f 1563 2632 1648
f 4613 6330 56
f 3444 28 6530
f 3061 404 6165
f 3576 3082 5121
f 1768 2698 3048
f 2096 6512 6251
f 1045 3554 5371
f 923 1965 3907
f 182 2364 4622
f 3509 6704 3771
f 310 2248 1721
f 1180 5944 1320
f 5855 428 5799
f 6018 6683 6436
f 454 1266 2008
f 3434 970 3874
f 1318 5655 4479
f 1963 3424 5135
f 143 4139 2861
f 938 3564 4503
f 1431 5176 5490
f 770 2012 1669
f 1026 6376 4521
f 260 3228 4085
f 4794 3997 3817
f 1381 2263 3027
f 1425 2328 1967
f 1065 6870 1913
f 6238 3992 4642
f 2037 5209 6703
f 4470 1318 4479
f 1316 4198 4526
f 3240 459 4379
f 969 5100 6246
f 3298 6706 3296
f 6146 6438 6151
f 1272 1344 4385
f 5228 2966 4707
f 3918 3950 5249
f 1801 805 4534
f 419 1521 689
f 1702 6396 6751
f 3175 6933 6915
f 2146 2182 6574
f 1437 131 3133
f 74 961 1132
f 3379 5855 1985
f 1742 4018 4333
f 3212 4973 4824
f 1107 2948 5525
f 3101 5997 4549
f 3009 3670 1146
f 1394 127 3048
f 1868 142 1424
f 2533 4808 640
f 2524 5788 2084
f 408 2744 5610
f 2209 4238 2893
f 4973 6101 201
f 716 3461 3044
f 2247 684 5191
f 1778 2152 4616
f 3521 6058 1158
f 1889 6745 763
f 4206 2013 5033
f 1130 5511 46
f 1509 3224 5290
f 3004 4186 2503
f 2239 1351 1423
f 101 4081 1517
f 1235 6173 6413
f 3840 5919 6077
f 6182 6041 6843
f 3168 6516 4236
f 802 3617 322
f 12 6244 3651
f 1055 5193 2355
f 623 1419 4945
f 5046 5345 3743
f 1871 868 2582
f 4709 2228 394
f 2577 2449 4565
f 2288 5408 4935
f 632 162 6586
f 655 331 4400
f 421 2868 6223
f 2433 1654 5818
f 392 6689 6701
f 2290 3546 4016
f 768 4061 6
f 5065 5316 6846
f 1058 4673 6937
f 4651 1876 848
f 2314 4627 2452
f 87 693 952
f 2241 4016 3546
f 134 5401 6020
f 4167 4051 2127
f 3903 6692 3229
f 5222 6756 5798
f 2733 3305 5982
f 2539 2169 5124
f 2501 6355 4755
f 2689 6560 6212
f 4943 1712 3381
f 986 1417 4372
f 1531 2607 5147
f 1852 4099 6327
f 5256 2354 6013
f 1016 3861 789
f 4977 3935 73
f 5374 5569 3202
f 2731 3288 1229
f 3505 3844 1867
f 4045 4224 4450
f 1030 4606 4551
f 4065 6587 1338
f 2731 4200 3288
f 174 4793 3816
f 168 2460 1032
f 3285 5845 6534
f 6103 5610 5096
f 162 2450 6674
f 944 2995 5328
f 2592 5175 3199
f 4728 1499 5180
f 1487 4905 6780
f 1324 3690 5017
f 1263 6417 3848
f 1298 5448 3632
f 6469 5167 5152
f 1953 3624 759
f 1008 5826 1031
f 3580 5850 3982
f 5123 6402 4623
f 2074 2409 6747
f 1089 1275 6814
f 2517 4675 3490
f 3447 2619 5619
f 1857 6787 2283
f 5088 2734 6281
f 1419 2264 4945
f 430 1348 3733
f 3164 3296 4887
f 358 1439 3573
f 3670 4994 1181
f 1388 1961 3432
f 2922 6546 3400
f 4703 6200 6465
f 4256 3515 3770
f 4531 3904 294
f 3939 6644 5866
f 4121 3669 5352
f 1267 5384 702
f 786 6866 3840
f 453 2892 1669
f 6072 3070 5430
f 1026 1333 2439
f 1160 5743 5983
f 6532 6956 5541
f 2019 5814 548
f 2816 5490 5578
f 141 2094 4182
f 1171 5219 5607
f 5945 5226 2773
f 1607 2941 5324
f 1560 6957 6685
f 1534 2598 5163
f 452 4392 3923
f 3449 3871 2627
f 5127 6470 6938
f 4925 6858 6295
f 2070 401 5692
f 6280 6961 6457
f 2621 6007 1954
f 1748 1451 1610
f 5363 4674 2064
f 1304 4510 3639
f 1280 1784 4457
f 1915 3410 1309
f 2344 1682 2676
f 3385 6730 5257
f 3033 3933 2049
f 1718 2242 6905
f 3496 734 379
f 3576 1921 3082
f 836 2471 2367
f 3541 4414 125
f 3251 4577 3001
f 2630 6849 3469
f 3888 2709 1789
f 885 1677 3014
f 2287 6044 1750
f 4285 4013 60
f 1297 4637 1221
f 4577 4751 5412
f 81 469 5848
f 514 5267 111
f 1967 4958 4393
f 6507 6199 4949
f 5549 6657 6562
f 3926 6572 5917
f 728 282 1226
f 3311 3649 6344
f 666 2069 707
f 4094 6574 866
f 4993 5888 2323
f 64 5929 565
f 4160 6589 2426
f 139 1883 3532
f 1826 814 4125
f 1698 6016 5334
f 2720 2042 258
f 2621 6732 3612
f 3213 6731 6208
f 224 1048 513
f 1007 4179 3540
f 830 3757 861
f 3987 2434 4735
f 1064 1558 1975
f 2747 3104 3329
f 5056 1179 1836
f 6112 6105 5369
f 989 4439 4187
f 6482 6601 5221
f 4720 5636 2567
f 2322 5265 6608
f 1533 5702 3668
f 5874 2874 3411
f 6310 6415 4274
f 2137 5710 93
f 2258 3347 3632
f 2316 5222 2856
f 4304 2171 4354
f 4294 3723 5665
f 1507 6358 1271
f 5258 4998 6349
f 813 383 1492
f 5102 3734 4261
f 4370 3990 1646
f 3 905 2811
f 1805 4347 4275
f 684 22 1990
f 802 1785 3617
f 2971 4010 2400
f 1491 5674 1519
f 2220 2704 5790
f 1715 3125 313
f 2584 4043 1482
f 3640 193 6906
f 651 939 2790
f 431 4874 2472
f 4500 40 6959
f 1439 2463 4564
f 3227 4962 5877
f 1220 4805 1720
f 610 1505 5762
f 849 1491 6513
f 2990 6545 6289
f 3650 5649 2097
f 2546 4010 6096
f 836 4132 2471
f 4412 6808 6799
f 810 1446 1866
f 2919 4300 5804
f 3738 6380 6090
f 990 3746 5589
f 2844 792 1800
f 31 3402 421
f 3760 920 4426
f 4305 3021 6291
f 5930 5966 1210
f 508 3345 2048
f 3097 623 2375
f 4442 6402 7
f 126 3242 4433
f 4305 6766 5303
f 430 2194 1785
f 298 1197 5845
f 840 2647 4041
f 4319 4447 20
f 956 2663 2666
f 855 3363 4208
f 589 1402 6743
f 1542 4988 3502
f 4074 5031 5052
f 1097 6675 2324
f 289 3550 3635
f 2509 2495 5033
f 3911 6779 6827
f 4822 3469 999
f 2939 5873 1105
f 1948 593 1519
f 27 2770 5815
f 123 2068 4709
f 2255 6612 972
f 4164 2864 4574
f 3311 5579 3649
f 1390 584 1354
f 1225 6332 1137
f 5090 2254 3630
f 42 1544 1617
f 464 1838 6725
f 3220 1189 6737
f 3730 1966 1730
f 398 3007 5376
f 857 4657 5054
f 549 4920 5130
f 6489 5771 5090
f 5419 6554 5991
f 2173 4573 5231
f 546 6922 6274
f 3314 3560 806
f 230 3075 5915
f 1912 3800 6373
f 2693 2456 6651
f 5431 3857 6677
f 4925 6295 2145
f 5865 5221 6601
f 5494 477 6590
f 591 1082 2630
f 954 3935 2086
f 1718 4718 6331
f 1795 2975 6451
f 4254 3770 2573
f 2690 2821 3975
f 50 1555 4633
f 4959 5971 1373
f 109 1476 4213
f 6512 5484 5187
f 3746 6131 1672
f 5347 6483 4036
f 3548 5302 1352
f 4912 2403 6923
f 163 3391 5722
f 2820 6684 5581
f 3889 2974 5205
f 3209 6930 5926
f 549 518 4920
f 3950 323 5249
f 5408 6111 4935
f 5166 5128 1643
f 1944 5475 1134
f 5728 6575 3317
f 3520 4631 5745
f 625 2115 3809
f 4882 4702 3921
f 2740 6054 3778
f 5195 2692 1609
f 27 4176 4986
f 3474 6410 6405
f 4011 6071 280
f 1864 2708 1219
f 1589 4127 2876
f 3293 3529 3370
f 129 3014 1202
f 5207 4700 5876
f 3096 1566 3269
f 1575 1559 3912
f 3516 6568 3132
f 1358 338 2420
f 133 4164 4574
f 2032 6159 388
f 4781 6864 5656
f 4309 4778 6695
f 987 5690 652
f 2597 6308 4469
f 3457 6571 288
f 1920 5639 33
f 5099 5442 2178
f 3581 5620 2674
f 769 5557 3046
f 5299 61 6735
f 6106 6026 4377
f 577 424 5715
f 1276 4733 6362
f 1865 4880 5029
f 4632 6551 6731
f 4720 4810 5636
f 1114 2207 2960
f 3990 4370 1319
f 3343 5461 2268
f 612 1856 1539
f 783 1380 4142
f 2811 5492 6478
f 1819 6675 5716
f 5188 4256 5573
f 410 5876 3102
f 4297 2322 6756
f 1042 5332 3627
f 4338 5660 533
f 97 5115 1862
f 5152 4928 6174
f 626 5170 5522
f 5001 5683 6198
f 5488 2893 6471
f 4023 2671 3588
f 683 3257 4654
f 2229 3141 4193
f 2650 5196 3603
f 3341 5496 6901
f 5865 688 1681
f 2547 6591 2296
f 1869 4828 2873
f 1478 4063 4660
f 2140 4073 2538
f 772 4498 6481
f 349 2338 2145
f 3053 6680 5282
f 6028 3080 5016
f 3936 5749 4316
f 3354 5384 1035
f 782 5711 3575
f 1271 3578 4575
f 4106 2932 1133
f 761 203 2654
f 4629 5723 6326
f 263 5339 2626
f 1289 884 391
f 3594 2112 2945
f 1251 5388 887
f 2964 3530 5213
f 1892 1539 2378
f 2579 4102 671
f 305 4438 186
f 3683 5566 2457
f 2737 3849 5804
f 3074 6765 3945
f 4883 4938 514
f 196 5090 4471
f 3090 4443 6190
f 679 5170 5289
f 1199 6104 6205
f 3258 6257 4226
f 3520 5745 962
f 5790 2704 5913
f 871 2850 5273
f 3558 1572 6811
f 5527 3238 823
f 1879 2042 5040
f 4889 1142 1522
f 5328 5088 6281
f 4760 311 6672
f 4658 3737 1182
f 575 187 480
f 2710 59 251
f 469 5580 1705
f 5866 6644 6886
f 4530 6759 6470
f 111 1688 2792
f 1102 3073 1753
f 2482 5905 272
f 4397 5230 5857
f 6250 5993 5691
f 842 4092 6293
f 1259 6263 1766
f 2935 3661 953
f 4231 668 5460
f 1898 5862 6793
f 626 631 1329
f 2026 6117 2134
f 5604 4497 6521
f 379 3452 37
f 3608 6865 6622
f 5380 184 5181
f 5759 5829 1173
f 2370 1361 2516
f 1259 1766 1441
f 1972 5037 6850
f 399 6460 5953
f 6237 1864 585
f 3196 5042 2564
f 5214 586 5574
f 4561 2549 4879
f 117 1900 128
f 3541 5564 614
f 2761 3408 1831
f 3396 377 4207
f 1899 3124 3000
f 2941 2829 5535
f 3100 2832 6796
f 1681 4863 5865
f 991 4643 152
f 1609 2692 6623
f 3823 1581 5635
f 5719 6855 6249
f 3050 4980 4695
f 464 5664 3944
f 3272 4530 1724
f 2096 6073 5942
f 1853 4911 3404
f 1049 5747 2520
f 4104 315 6940
f 2723 4815 2401
f 890 2735 6525
f 1636 1760 3195
f 5437 6036 5006
f 2565 6544 6840
f 729 5627 3753
f 2768 2064 4674
f 3695 641 1268
f 847 2313 3516
f 3578 1507 6611
f 4058 3113 2700
f 447 5077 1165
f 1135 5952 2313
f 3021 5014 4858
f 1946 4507 5158
f 1759 6775 4770
f 3681 1349 3787
f 956 2666 6325
f 740 6917 3543
f 1421 1226 6842
f 166 5897 5054
f 682 4792 536
f 424 6394 3845
f 900 5680 5386
f 5029 4880 5242
f 4458 6692 5435
f 2098 2006 1946
f 925 1017 6735
f 1736 2638 5001
f 1256 2205 4327
f 1351 508 3405
f 3374 5498 23
f 1655 1306 3623
f 3519 4272 6861
f 2460 5938 2492
f 4419 5414 686
f 4461 5529 6052
f 2310 3914 4919
f 2832 1292 1461
f 5149 4522 3099
f 3699 2343 2479
f 3228 2136 1084
f 623 4945 4368
f 1998 3948 2283
f 1047 6294 1752
f 6181 2733 5982
f 3158 4226 4984
f 4168 5828 3436
f 132 2648 4570
f 222 1748 2628
f 5462 3940 6043
f 565 6839 64
f 3722 2927 1400
f 961 2135 1132
f 1541 2160 6085
f 5469 1467 121
f 4831 6910 1237
f 3999 2415 5067
f 2648 3297 4286
f 4949 4205 753
f 367 5576 6284
f 3100 4451 5111
f 3112 4597 6433
f 495 1700 4715
f 2276 6834 5821
f 2980 1527 5509
f 2349 5120 4738
f 4353 4468 3810
f 2750 3978 5811
f 2828 1696 2693
f 1905 2573 3546
f 2782 4816 4686
f 3710 6962 1540
f 1444 5869 1063
f 184 3763 2051
f 5920 4850 6916
f 2818 6738 4261
f 1411 2026 4432
f 4669 3107 1162
f 1362 2769 6483
f 6230 1370 6665
f 1987 4595 1276
f 2985 4649 1744
f 109 3808 5465
f 3030 5729 4871
f 3060 5391 100
f 2636 1794 486
f 3438 4228 2521
f 3062 4831 5792
f 3620 2691 3219
f 20 2584 1482
f 1719 5465 6803
f 2559 462 4614
f 4972 4931 1934
f 342 5560 1868
f 2764 1166 1567
f 2774 2279 1376
f 2659 1747 5842
f 2627 3043 1641
f 241 1092 4478
f 3078 1816 4304
f 1405 570 4983
f 319 2606 2410
f 3394 2834 5028
f 2108 3590 5171
f 3206 3769 4917
f 2934 5540 1875
f 1877 3952 1136
f 2653 4114 360
f 2812 755 483
f 1941 4310 1520
f 4746 912 3953
f 3690 4268 4632
f 812 4279 4445
f 1455 4905 1487
f 3291 1702 3483
f 1480 2984 3869
f 2218 5383 3501
f 1690 5112 5510
f 125 6860 4758
f 2795 5227 3593
f 1225 1137 1546
f 1283 6771 156
f 4139 5597 4768
f 1806 2092 4915
f 984 5025 1390
f 3680 2095 3324
f 1183 6777 3784
f 981 5880 5235
f 1747 3450 5842
f 84 2350 5331
f 5771 6489 6912
f 1087 6828 3352
f 5015 6110 2295
f 5475 4529 1134
f 4338 4686 6476
f 2153 6788 3346
f 2222 286 6495
f 1736 1378 2328
f 2299 6169 1428
f 4640 3498 6180
f 1700 671 2067
f 976 4791 2055
f 2404 4082 4428
f 1049 2520 5324
f 1355 2826 5190
f 3692 1407 1271
f 3561 3655 5126
f 67 307 2183
f 1666 3348 6887
f 35 2585 6416
f 2100 1943 2908
f 1103 6000 1594
f 3246 6322 2822
f 6410 1454 6953
f 1541 2295 6110
f 1435 3262 4011
f 2901 6934 3354
f 5853 6051 99
f 4925 6537 6664
f 1184 363 6086
f 1363 4128 2541
f 307 67 3203
f 3072 5974 6626
f 4730 6061 5683
f 489 1535 2481
f 3103 4562 5706
f 2418 4083 4711
f 302 3571 1028
f 197 979 1930
f 5545 1950 6226
f 5278 4656 5342
f 780 6379 3134
f 55 5241 3750
f 5255 5353 6702
f 1776 6547 4588
f 3796 23 3338
f 538 5312 3243
f 1128 3435 1379
f 2274 5590 3972
f 3095 2317 6629
f 5076 6099 6247
f 2989 3259 4751
f 330 2339 2796
f 1553 2620 6930
f 5949 6400 1733
f 408 6364 2744
f 4495 2643 1483
f 46 4172 931
f 143 6608 5567
f 4792 4907 536
f 4649 3156 2504
f 2832 3606 1076
f 5739 6811 2642
f 5418 3323 1739
f 2390 3236 3184
f 193 4220 53
f 3 2811 3558
f 4593 792 4967
f 1792 263 2498
f 1500 1529 4776
f 662 2970 1581
f 4483 1859 3415
f 1342 828 934
f 2051 3763 6446
f 942 2154 2011
f 504 6356 6217
f 5307 3488 5438
f 1192 4886 367
f 4353 285 2379
f 3161 1924 6623
f 4163 5031 5029
f 3279 1633 2942
f 440 697 4339
f 1236 2380 6206
f 710 1511 1825
f 1161 6952 3329
f 2059 2956 1687
f 36 4057 2399
f 3424 476 4075
f 1248 3340 2017
f 5684 6871 6487
f 4772 2040 5918
f 1318 6616 5655
f 3861 5914 5881
f 835 2811 66
f 39 4358 5728
f 5420 2386 6496
f 938 4482 3564
f 431 1516 1708
f 1404 6243 5362
f 648 166 5294
f 420 3831 4534
f 3333 889 6785
f 793 2628 5284
f 5217 310 2852
f 3770 5486 5573
f 2124 714 5259
f 736 4246 4094
f 342 2158 1311
f 1224 3042 215
f 85 1289 5543
f 1771 3894 2726
f 417 3486 929
f 1126 3724 1830
f 3016 4559 3237
f 2883 5582 4454
f 422 696 966
f 400 3803 4398
f 525 3442 2662
f 801 2301 3687
f 4286 2014 6382
f 2235 501 6552
f 1642 2737 3020
f 4494 5369 6499
f 2531 798 4050
f 1276 6362 4100
f 296 3310 4639
f 385 491 1901
f 3882 2688 4210
f 1460 3197 3665
f 4961 4853 4423
f 5750 1687 1139
f 5053 6807 6737
f 2093 1616 5104
f 863 2616 4625
f 857 4833 2335
f 3270 4253 5772
f 3661 4907 4792
f 4961 3545 5139
f 1101 4047 4906
f 6189 3586 6427
f 422 4902 4689
f 2024 3065 6070
f 589 6746 5306
f 3472 3434 1375
f 3072 3411 6637
f 998 5770 5819
f 3021 6418 4001
f 175 4780 6316
f 5979 6508 6593
f 5589 3746 2885
f 915 3790 2877
f 3233 4538 6145
f 4731 2843 6251
f 1137 4697 874
f 897 4135 4954
f 2965 3917 5434
f 738 4878 3432
f 1814 2705 4017
f 5366 3017 6925
f 1689 5665 1728
f 961 1985 2232
f 4135 3867 5836
f 2523 4819 4202
f 1384 2400 4048
f 2672 6005 5073
f 3441 4071 5689
f 1190 4265 5551
f 5879 5862 1422
f 4588 1625 6720
f 5016 4048 6175
f 2717 5593 5297
f 3820 4415 5639
f 4359 4411 4552
f 1613 3865 3768
f 3918 5956 1761
f 938 6738 3184
f 4023 317 2671
f 3893 5244 854
f 6470 6759 6938
f 5084 4086 6093
f 3844 3505 6587
f 376 3491 290
f 2303 1287 3729
f 847 3248 2022
f 2830 4663 3005
f 942 2356 2154
f 5298 6436 2768
f 3454 4239 1711
f 5434 6649 3985
f 3320 1645 2186
f 3967 3390 6493
f 5484 5118 5187
f 5629 5183 603
f 4720 5867 3228
f 3051 5861 4687
f 4822 999 2187
f 3443 5168 2687
f 2648 4286 4570
f 5534 2980 5791
f 2454 579 4086
f 2272 5431 6677
f 2527 6613 5522
f 2599 417 929
f 712 2696 843
f 1857 3948 5426
f 4144 3123 6268
f 5387 4133 4831
f 2160 3335 4614
f 85 5543 6911
f 3775 5438 2491
f 2787 2095 3680
f 2174 2185 4923
f 2665 5165 2028
f 5297 5593 6363
f 2993 398 5588
f 1212 517 974
f 1275 3256 4093
f 4007 2702 3854
f 1772 2451 4773
f 607 2366 1835
f 1363 2541 6264
f 1331 3868 6680
f 2165 1762 4525
f 614 4974 4414
f 1891 777 2473
f 1820 989 1410
f 243 4464 5614
f 3861 5598 1845
f 314 2490 3319
f 5238 2227 1891
f 4513 1500 5561
f 1500 658 1529
f 5874 3411 6569
f 664 1210 4731
f 4486 6918 6056
f 2774 960 2279
f 1994 6166 3850
f 2690 275 6424
f 5365 4606 5787
f 1467 4809 377
f 190 1612 2680
f 549 507 1728
f 2795 4532 5227
f 6187 6667 1533
f 2732 561 306
f 6226 1950 4084
f 1455 6327 4099
f 4301 4031 3829
f 1398 2597 6669
f 765 4079 4693
f 3028 2071 5572
f 3138 5359 1798
f 4538 6111 6648
f 961 2232 2135
f 1273 5021 6652
f 1556 6019 811
f 2707 3443 3619
f 4026 4126 1466
f 5749 747 301
f 3554 5290 5371
f 1913 4512 2706
f 1288 6417 3823
f 1411 1022 4337
f 4989 3753 1525
f 4655 2612 2234
f 474 5751 299
f 3702 1863 4918
f 1029 1074 1285
f 3745 4506 3149
f 1764 2708 3017
f 1957 2588 2679
f 347 3644 2117
f 1423 2519 3559
f 39 1169 4358
f 4477 5736 2736
f 1610 3093 1748
f 3395 5378 2082
f 4620 6179 6031
f 423 443 4033
f 1364 6785 3877
f 5516 4281 6484
f 2362 4003 3562
f 675 1685 2291
f 1906 2694 4303
f 99 6536 6286
f 1178 787 625
f 3317 567 5728
f 3240 5003 2654
f 3781 1532 5482
f 729 3753 3220
f 2707 1204 676
f 1917 5165 2665
f 3544 339 5922
f 396 5888 247
f 4250 6024 6067
f 3639 4510 4255
f 176 6508 5979
f 1696 6659 340
f 23 1164 1714
f 6081 3455 4421
f 4524 6727 574
f 2449 3020 4280
f 4024 6854 6083
f 2034 3140 6761
f 2833 1575 1337
f 5805 3838 6125
f 508 1351 2485
f 3475 2982 940
f 648 888 5897
f 1444 1063 6845
f 4011 1378 5831
f 2353 6055 2711
f 3195 1463 4373
f 491 4453 5242
f 4225 6396 1257
f 1994 6696 4956
f 1854 4756 1104
f 2974 3889 4244
f 4452 5964 4870
f 5412 4770 5769
f 446 365 5836
f 791 4143 167
f 3802 3271 3496
f 1873 1809 4474
f 474 3071 4933
f 3133 4330 855
f 2926 6527 1462
f 5331 4778 5921
f 1012 3940 3724
f 1576 396 5735
f 1871 3077 1170
f 5417 2557 1826
f 3419 4386 3803
f 1221 3217 4348
f 2264 2342 6688
f 2359 3141 3110
f 3308 4481 5812
f 893 4238 2209
f 1110 5336 1897
f 6130 1824 3815
f 225 4516 5468
f 3503 5392 6123
f 4764 5720 6316
f 1214 1926 6154
f 1356 3863 2511
f 5953 6460 718
f 2185 6853 614
f 1562 164 3478
f 1674 3615 5126
f 3112 6433 5966
f 4838 5667 2793
f 3254 5145 3859
f 4816 694 355
f 930 1744 2609
f 1031 5826 6331
f 5517 3102 5876
f 3763 5380 867
f 2742 5955 4830
f 678 1666 6887
f 1397 3981 3458
f 974 3331 1212
f 5033 1684 2801
f 1454 5523 3365
f 3332 4123 5492
f 685 1986 5976
f 2344 757 6314
f 2760 4172 46
f 1545 6256 2623
f 1963 5135 6114
f 5107 3837 6141
f 4661 4825 6786
f 107 2210 1381
f 4685 1498 5053
f 5073 6889 2672
f 3960 4211 5490
f 4628 3005 4663
f 3309 5895 6662
f 2443 485 3842
f 2934 3416 1647
f 3679 3997 2007
f 3288 5464 1229
f 1449 567 3317
f 895 673 6158
f 5948 1338 6587
f 146 2877 3790
f 3472 2460 2492
f 2740 2204 6054
f 1679 5370 3486
f 1277 5768 1484
f 2878 2308 5843
f 580 153 2783
f 3130 2169 1056
f 1370 2331 1506
f 3319 2490 4383
f 1690 1416 1801
f 2879 737 4857
f 4289 6682 3373
f 1463 378 6517
f 2024 3577 3065
f 559 3606 3962
f 5279 5829 5086
f 726 305 1973
f 2619 3447 6885
f 1538 3936 2062
f 2249 5037 5442
f 1293 4252 4721
f 1542 584 5025
f 3407 4578 4664
f 3797 2303 5180
f 2226 3390 3967
f 2168 6535 5044
f 971 4388 4368
f 729 6427 4572
f 2438 6909 1358
f 2692 5433 6623
f 2897 4216 5105
f 588 1502 4726
f 3915 4713 6488
f 2871 6946 1540
f 2612 3106 5673
f 913 5342 4581
f 2019 5262 3174
f 4591 1075 2329
f 740 5542 463
f 151 1939 3380
f 5459 16 6821
f 1126 2002 6491
f 893 1707 2521
f 5092 6247 4802
f 2077 4284 4817
f 2102 2847 5314
f 1977 1014 4716
f 3862 5671 5992
f 1443 4645 4078
f 787 4729 3484
f 1068 5372 5160
f 5846 3709 2569
f 2309 1427 4217
f 5400 1145 280
f 4788 6015 6326
f 724 1347 879
f 1065 2706 111
f 1904 6084 2639
f 1569 3522 3330
f 1395 2386 2277
f 5092 5969 672
f 3671 5708 3677
f 2753 6035 4346
f 3908 6803 5465
f 1649 4188 5275
f 4899 4343 2736
f 3700 1872 952
f 2630 1469 2714
f 1357 4407 4113
f 3620 3345 6383
f 1170 3113 3628
f 2093 1590 1616
f 2137 93 2075
f 3230 173 651
f 506 1451 596
f 455 4249 6919
f 3159 4352 1558
f 586 3683 2457
f 5883 1022 6195
f 5259 5505 485
f 563 996 846
f 2079 6170 4978
f 2003 1125 193
f 501 4425 1663
f 615 6422 5084
f 1583 4835 1918
f 2054 2689 5631
f 1819 2324 6675
f 6319 6432 2896
f 1565 2875 4641
f 4252 6224 6453
f 2233 1023 2944
f 231 3698 4653
f 1610 5830 3013
f 2779 1273 358
f 3206 5597 4149
f 3429 5618 5008
f 1517 2841 101
f 3166 2794 1109
f 4066 3408 2761
f 5107 3992 6414
f 3647 4894 4982
f 1994 1798 6166
f 1813 3223 2488
f 412 4723 3527
f 2158 6215 6925
f 2535 6207 183
f 3902 2415 6582
f 5872 6672 311
f 3594 6134 3120
f 4966 5071 1290
f 12 310 5217
f 3148 3034 608
f 3188 1274 5817
f 4636 6245 2148
f 3750 6893 1131
f 5601 5646 3956
f 1389 3981 2440
f 833 4424 846
f 1832 3730 5748
f 1007 311 4179
f 3297 2899 4286
f 2027 1389 2440
f 1117 1608 6298
f 2705 4343 4017
f 3900 985 3018
f 4276 5395 6535
f 1683 6235 6059
f 91 5838 463
f 3297 2132 4070
f 2064 3111 3779
f 5012 5144 4526
f 2278 4148 3783
f 1327 6604 6233
f 2485 1948 2240
f 1760 378 3195
f 459 2178 6480
f 4373 5679 3264
f 2766 4240 221
f 2472 4287 2326
f 713 580 2783
f 4293 4152 6768
f 239 6101 808
f 4472 3721 2257
f 863 4625 6809
f 2618 1881 4004
f 4873 6545 4752
f 687 1288 4755
f 782 1590 6767
f 5901 2054 1662
f 486 4056 6300
f 2048 3345 157
f 2532 1645 234
f 1337 1575 701
f 3482 2226 1399
f 798 6302 4050
f 2651 4042 674
f 1868 4915 735
f 4530 3162 1724
f 341 3211 1937
f 2512 2422 2487
f 1679 6450 5254
f 4378 1226 1421
f 3252 6627 1360
f 2698 1394 3048
f 133 4574 5670
f 1184 6086 1088
f 5483 997 5607
f 596 1931 506
f 724 1086 1450
f 2880 4713 3915
f 5157 4834 2541
f 1294 5606 3704
f 1116 5332 3286
f 4319 2540 4447
f 3482 3167 4688
f 1524 876 4468
f 1831 2179 2947
f 3640 2003 193
f 1632 6092 1645
f 1114 4441 1403
f 2125 5541 6298
f 420 6673 6822
f 362 6088 711
f 2599 6089 417
f 494 2490 1258
f 251 57 2710
f 5504 6843 6041
f 1350 5509 6539
f 1910 1183 6094
f 4130 6340 5079
f 3773 5722 6037
f 1498 3903 4398
f 3197 1614 24
f 5727 4606 3972
f 1717 2887 3500
f 5156 1549 2672
f 580 3477 4805
f 2925 1559 3797
f 1595 6665 2312
f 1023 6441 2800
f 356 1811 3449
f 549 2105 518
f 2507 775 5624
f 2535 4700 6207
f 5008 1995 6092
f 227 775 1495
f 4118 5567 5556
f 1435 6198 3262
f 4022 3996 4233
f 678 1399 1666
f 4785 2759 714
f 6189 6427 6267
f 1086 724 879
f 3978 2519 6392
f 1689 1196 1418
f 624 1800 2551
f 1518 1141 5185
f 445 4665 5499
f 1815 4035 6552
f 3148 608 2762
f 1121 3804 1548
f 2755 4049 3161
f 1948 5634 2240
f 2477 6916 1116
f 2435 6498 5547
f 3977 5908 4580
f 2662 3442 5854
f 253 6308 2597
f 1916 4716 1014
f 1741 2842 6524
f 3201 2237 588
f 1301 6370 3332
f 303 2839 3743
f 2624 5841 3519
f 1198 5209 6689
f 3993 2280 2604
f 1865 4325 5994
f 5612 5558 5179
f 280 6071 5400
f 1111 2943 4854
f 2604 2280 1003
f 4019 1635 1545
f 4466 411 3774
f 964 4636 5583
f 1093 3703 1945
f 4305 5303 1293
f 1408 3374 6124
f 665 4324 3187
f 5617 2494 6809
f 980 687 3086
f 4106 2284 552
f 1768 6921 2698
f 367 6284 1192
f 3 6603 905
f 3742 2160 3413
f 94 5315 4150
f 4107 590 6236
f 6020 6118 2860
f 1226 4378 1706
f 3418 6038 2023
f 2107 6160 5506
f 3335 4758 4614
f 698 4417 3754
f 3542 6247 6099
f 2161 1341 3266
f 4515 3528 2500
f 913 3532 6736
f 3476 1609 5652
f 3778 6203 6567
f 3649 5874 6344
f 2678 6710 4667
f 4872 6832 5010
f 1273 3056 4950
f 827 5693 3996
f 1753 3009 986
f 5649 1919 3662
f 3816 6 4520
f 2664 4586 3333
f 5249 6619 4517
f 529 1593 5595
f 3133 5223 2345
f 5125 6137 6220
f 256 2824 1745
f 4245 3276 5963
f 433 3884 3833
f 1454 3365 6953
f 2797 6593 5718
f 1009 100 5391
f 564 6802 4340
f 786 1640 5891
f 1312 6781 2918
f 3774 5497 5571
f 157 1779 4416
f 2129 1309 5233
f 1720 6887 1319
f 3644 3492 1669
f 1496 2392 2908
f 4288 4813 4451
f 1720 113 678
f 450 2210 873
f 1999 6051 5853
f 348 2086 3935
f 3621 6406 5102
f 2545 4660 3767
f 4558 4657 6204
f 2555 6671 2724
f 3094 5129 5812
f 1632 3320 2186
f 2983 1661 1672
f 2134 594 6306
f 4520 6228 6862
f 5437 5006 839
f 5063 5507 6547
f 4748 188 4391
f 2260 5717 77
f 5443 5650 5757
f 8 2521 932
f 2565 6840 6330
f 2050 1574 2756
f 1928 6795 4117
f 2550 4300 3616
f 4087 4691 6750
f 3210 2182 5931
f 1203 2805 6567
f 1694 5158 4071
f 613 3345 3620
f 3809 4501 1650
f 652 89 1975
f 776 5526 1262
f 3259 4967 6299
f 79 4243 4984
f 1279 6592 3687
f 1958 5630 4081
f 1346 1752 2599
f 1724 3162 5274
f 3778 617 6203
f 2130 1483 6162
f 782 3731 3194
f 4113 4583 4980
f 2838 4384 5617
f 1691 6167 5318
f 2009 5878 3982
f 3723 549 1728
f 3845 4198 3487
f 5589 2885 6119
f 6361 6756 5222
f 634 4981 6705
f 5617 177 2494
f 1718 3263 2242
f 1473 2862 860
f 658 1500 4513
f 3923 2996 6057
f 757 4385 1344
f 2343 3640 2479
f 535 616 383
f 546 5577 4934
f 1364 6509 4979
f 4975 5059 6050
f 250 5369 4494
f 680 1048 377
f 3743 5345 6610
f 1851 1430 3031
f 3827 5404 5898
f 419 291 2911
f 5938 1525 2492
f 1797 5534 1350
f 2090 526 3891
f 3372 6571 3457
f 4371 5594 5415
f 1307 1711 2742
f 1571 4483 3415
f 1029 1285 2379
f 4747 5911 5975
f 3930 1196 4947
f 333 1836 5936
f 452 3923 6055
f 1469 2630 1082
f 1508 6105 5996
f 3035 3886 4090
f 2207 1114 4536
f 688 2624 2777
f 4702 3205 5533
f 1483 2339 3789
f 727 6177 5318
f 2576 1018 6711
f 2543 1513 4751
f 2585 3779 6506
f 1151 5417 5078
f 3275 989 4031
f 3251 4751 4577
f 3463 3352 800
f 744 867 5380
f 6121 1003 6631
f 2470 2455 4203
f 631 626 5666
f 3944 5384 6934
f 2100 6473 5537
f 1135 6480 1972
f 4121 6046 3669
f 2280 5473 1003
f 4878 6347 3432
f 29 639 4914
f 947 1398 6669
f 4120 6863 197
f 2308 6420 5843
f 3684 6186 4658
f 3588 5356 5192
f 5319 6344 5874
f 1652 490 5027
f 823 3238 1880
f 3742 3413 4307
f 1762 449 4556
f 1116 3627 5332
f 4363 2176 3040
f 2316 2781 5222
f 1926 1390 6154
f 3108 21 6778
f 1554 3140 6075
f 1390 1354 6154
f 1133 2284 4106
f 2219 4183 5682
f 1270 698 910
f 6212 5194 4945
f 511 3292 3466
f 915 2953 4615
f 3675 5338 4860
f 2222 6787 1857
f 2316 2856 6042
f 4293 6768 5998
f 3504 2548 5829
f 6208 6731 2670
f 3045 4877 5133
f 5198 6132 5140
f 3679 2007 4761
f 746 4116 4489
f 5664 4059 4877
f 658 1394 2698
f 3455 6440 4421
f 3129 3714 4849
f 1190 2503 4265
f 1091 1750 2495
f 4081 6931 5356
f 21 6783 3337
f 1683 5051 4262
f 89 2620 2068
f 2506 3603 5196
f 67 2183 2859
f 4121 6883 571
f 1955 3082 3231
f 3262 6061 4730
f 116 5729 3583
f 3253 4714 4131
f 3099 6821 4890
f 2567 5474 2632
f 3061 3116 2828
f 744 5380 4852
f 3154 5717 2352
f 3221 4402 82
f 147 5114 2278
f 3645 6116 2556
f 4975 6050 1893
f 1812 4500 200
f 481 4566 718
f 689 1521 3278
f 2361 1385 3142
f 480 5476 3012
f 4620 802 6179
f 1194 4418 5483
f 2570 3260 967
f 2973 754 6283
f 2139 5334 6838
f 415 5298 6452
f 1764 3017 6890
f 312 5163 1664
f 1813 2488 5109
f 511 1314 6717
f 2413 6192 3893
f 1738 163 5722
f 2850 6577 5763
f 1016 767 6419
f 2755 5699 5802
f 314 4904 2584
f 2182 5795 5931
f 3224 6376 6844
f 3600 6303 1810
f 375 4119 1693
f 3239 6157 1061
f 2586 576 2407
f 653 5884 2225
f 4737 6755 1595
f 2202 3500 2887
f 5269 5656 5704
f 828 3287 5291
f 3786 391 3207
f 3067 3565 3572
f 281 4924 6594
f 5240 3295 5811
f 4350 1253 2986
f 2259 118 315
f 2743 5288 788
f 616 1492 383
f 2791 3394 677
f 2677 1325 5780
f 498 3751 604
f 2080 4012 6505
f 35 1418 4674
f 1233 4374 1989
f 2836 3268 6550
f 218 5444 3463
f 3707 4776 1529
f 4894 4178 4982
f 609 5699 2236
f 4148 151 2358
f 4220 5137 1822
f 6339 6357 6907
f 2800 6432 6319
f 3536 5342 4656
f 2953 4183 5595
f 2855 5623 1883
f 808 3002 6868
f 1018 2576 5189
f 3761 4429 3878
f 1277 1484 2546
f 5278 6855 5719
f 5542 4459 5559
f 1628 5127 4580
f 492 1330 5961
f 2122 3233 6145
f 4892 3344 2517
f 3426 3405 4901
f 4551 4606 6074
f 1842 1302 6323
f 354 6143 2758
f 5013 5563 1126
f 2360 4584 5696
f 3445 619 5977
f 1246 3338 6903
f 1872 4652 5761
f 422 966 4902
f 4027 5288 1433
f 1013 1120 4255
f 195 1152 458
f 1594 2863 5048
f 2101 2997 4380
f 2559 3185 462
f 1126 6491 3724
f 3133 2446 1437
f 1070 1956 1279
f 2370 2516 2515
f 1092 2780 599
f 1235 4044 6173
f 858 4444 1522
f 2072 2491 4049
f 1031 6004 1008
f 1622 4248 2776
f 1104 4342 1874
f 635 4964 852
f 1313 2061 5779
f 2621 6939 6007
f 3717 4461 6052
f 490 3310 2907
f 478 3178 6810
f 1152 3554 2028
f 612 1539 5205
f 2808 5432 6511
f 445 6444 2399
f 200 4499 1132
f 1471 402 2922
f 4835 2442 2325
f 1076 6380 1292
f 3628 6040 1170
f 5688 5823 6812
f 1135 6850 5309
f 1701 4763 3052
f 1415 2668 3783
f 839 5006 4332
f 2387 3830 2
f 1726 3678 2566
f 182 1359 2364
f 3631 6644 6617
f 420 4534 805
f 371 1585 643
f 158 552 2589
f 4340 6802 4619
f 395 6543 3074
f 342 1868 1716
f 5106 2538 4707
f 1059 6504 4550
f 5846 6895 3709
f 905 6603 3530
f 1741 5645 108
f 470 670 12
f 482 2743 1067
f 1280 5774 2262
f 1011 861 4467
f 2580 5292 2931
f 1776 6401 3245
f 3551 3882 2058
f 1790 3740 2329
f 921 6707 3366
f 128 1373 6479
f 5722 3391 800
f 825 3080 6028
f 2563 1146 4682
f 4259 532 5326
f 4171 830 3382
f 4765 2891 973
f 919 6493 5818
f 727 4286 6441
f 4891 618 844
f 2253 3563 5326
f 1687 5750 2735
f 887 6595 3991
f 3213 2867 6731
f 629 5902 2917
f 5341 5740 479
f 1105 4675 6634
f 2059 1687 2735
f 1109 5369 250
f 4373 5445 5679
f 3629 5070 3688
f 2909 6441 5007
f 3091 6156 2445
f 2285 3003 783
f 2222 4951 6787
f 542 4185 3422
f 4629 6326 4761
f 1148 3300 5784
f 1865 5994 2669
f 164 1562 1392
f 4412 2724 6671
f 3148 2762 1042
f 1273 5620 3056
f 2380 1236 265
f 2245 2581 5973
f 4373 1463 5445
f 420 51 6673
f 5505 2837 2201
f 4458 5435 4540
f 3517 3929 1217
f 5066 5523 566
f 3010 2383 4156
f 3765 2010 2592
f 6519 5294 166
f 5098 6716 5675
f 1488 4277 2184
f 2792 3529 2722
f 4214 6701 6645
f 1356 2372 3863
f 1439 5379 6652
f 434 4804 2101
f 3322 6642 6873
f 405 4756 1854
f 1525 5938 6017
f 4772 3797 5538
f 166 648 5897
f 1935 4695 4583
f 4750 3443 4745
f 457 6242 6899
f 2690 3975 275
f 3758 2418 4711
f 2763 1597 6278
f 4652 1298 3632
f 4694 2030 5455
f 5430 5896 4299
f 2972 4125 794
f 3473 6661 4533
f 289 5941 2726
f 1610 41 3093
f 894 2285 5496
f 1397 5218 5803
f 6657 1149 6562
f 2114 2275 4120
f 5494 6590 4572
f 2197 4763 228
f 403 2702 4007
f 11 2212 926
f 1572 3558 6478
f 1576 6415 187
f 3852 4372 1417
f 2317 3095 5743
f 4376 4634 4536
f 1104 4536 4342
f 5278 5342 6855
f 4647 1759 5058
f 1837 1766 5513
f 4795 5721 3566
f 3246 6359 5725
f 221 1217 2482
f 4452 4870 2133
f 5649 3662 2097
f 42 1617 1934
f 4458 4876 6692
f 1290 4136 579
f 856 1381 3234
f 1376 2972 6656
f 2516 4033 2515
f 1308 225 2304
f 5268 4279 2935
f 1963 6559 3084
f 3422 3289 542
f 3485 4440 816
f 730 4953 6029
f 2304 225 3598
f 3118 4205 4949
f 5719 6016 6072
f 4754 1742 6712
f 5558 6075 2034
f 3575 1005 6758
f 6387 6822 6673
f 2720 6074 389
f 3037 4620 6031
f 5485 6135 3924
f 1404 5355 6199
f 585 34 6237
f 500 5780 5463
f 4540 5130 6734
f 3030 3583 5729
f 5985 4553 6120
f 3593 255 5093
f 2922 5311 6945
f 444 4477 959
f 3933 2587 379
f 3129 2660 2996
f 407 6241 3181
f 4037 6766 2374
f 5872 1007 4505
f 3269 4736 5429
f 1123 1966 120
f 525 2662 3200
f 2415 3902 2139
f 2183 3171 5965
f 2299 1428 496
f 6541 2608 1299
f 1639 3446 6571
f 1243 5051 2080
f 4699 4282 4542
f 3476 4943 1609
f 3940 2405 5122
f 2104 2016 4295
f 6416 6506 6518
f 3293 5343 1646
f 511 6562 1314
f 5260 5068 219
f 2923 4412 2419
f 2491 3488 4049
f 1595 4867 6665
f 2227 5744 1523
f 79 3739 1831
f 4907 1853 536
f 3259 6299 4751
f 2156 5206 1623
f 193 5137 4220
f 1892 5557 3630
f 2900 5221 268
f 3292 6202 4630
f 5041 3008 5571
f 4121 571 6046
f 6241 3719 5101
f 384 6514 2074
f 3588 5192 1481
f 1695 3006 3913
f 3517 4837 1543
f 708 2363 2440
f 116 441 2148
f 637 4203 2455
f 3992 4264 4642
f 824 5179 2892
f 318 2510 1606
f 2404 3779 3111
f 1542 5025 4291
f 4118 6757 6050
f 2832 4399 3606
f 980 4258 687
f 708 3632 2363
f 1198 5728 567
f 1321 1178 1650
f 2419 6671 1200
f 4181 3031 2785
f 4613 5816 6330
f 1101 2993 5388
f 953 191 2340
f 5229 4060 5077
f 1451 5830 1610
f 724 4701 3747
f 2668 4467 861
f 914 507 4006
f 1059 4155 2373
f 2363 3632 5448
f 3907 6961 6280
f 931 2346 1863
f 980 3086 1165
f 1653 5012 577
f 2021 4383 1261
f 5151 3586 3803
f 381 4724 4771
f 786 5190 6866
f 5119 3455 6081
f 3115 2033 5626
f 4405 312 1664
f 3581 3056 5620
f 2612 6576 3106
f 430 1909 6910
f 2643 3254 945
f 1464 4378 5436
f 4009 5695 6752
f 335 3043 1321
f 633 1533 6388
f 5515 1315 6023
f 2753 4346 1940
f 3914 2310 420
f 3122 4711 3232
f 1259 2070 5692
f 3137 6569 6626
f 2493 4979 6509
f 4730 5782 4203
f 3923 2711 6055
f 983 6643 3077
f 2465 3098 3433
f 2922 402 6546
f 6178 2191 5975
f 5423 6703 5713
f 3836 5484 6512
f 3256 341 188
f 2560 6847 1448
f 4865 3007 293
f 3006 3699 5958
f 1979 4164 5668
f 1041 2243 5136
f 5366 6890 3017
f 2656 2583 5097
f 2605 4285 5270
f 4755 6355 1211
f 3021 3686 6418
f 2739 168 2211
f 2021 5351 378
f 207 6003 3480
f 2179 6059 1310
f 450 873 49
f 1511 2452 2024
f 2608 3500 2317
f 1429 6610 6529
f 4042 6602 155
f 3913 1882 1695
f 2752 5294 1224
f 1380 783 2578
f 2324 3069 3198
f 6109 5555 6285
f 1729 6410 3542
f 2530 3397 4329
f 1069 1933 5835
f 4038 6212 4945
f 653 3984 5884
f 4185 6143 845
f 2410 2606 2817
f 2989 3468 3259
f 3224 4521 6376
f 3668 5065 6694
f 1790 5283 3740
f 544 5327 2171
f 3525 4109 4319
f 4349 4854 1201
f 6157 1258 5440
f 945 3254 5554
f 1729 1876 5236
f 6178 5911 5481
f 4505 2264 2747
f 2121 5187 3561
f 130 3066 6080
f 469 5694 6164
f 270 3217 5197
f 606 3479 3728
f 3809 4803 110
f 1981 3786 2220
f 3448 2336 5215
f 3607 3960 6019
f 5550 2360 1295
f 5072 907 4674
f 2880 4048 5016
f 2554 3544 5877
f 2265 3499 5321
f 3231 4307 6878
f 921 564 6304
f 4424 1855 4655
f 1659 4710 287
f 332 1448 5566
f 456 6255 3487
f 261 639 29
f 2499 5990 397
f 3082 1593 5121
f 546 5348 3145
f 3677 4970 6197
f 2942 6730 4476
f 1187 4650 4042
f 2566 5324 5535
f 527 1519 5674
f 4877 6557 5133
f 1926 1214 611
f 2242 3263 5348
f 1604 4479 5655
f 1625 3595 6720
f 2651 4822 2187
f 1285 1074 1899
f 2455 2711 3626
f 3092 6265 4084
f 2160 4614 462
f 3793 1834 4523
f 1739 4360 809
f 2333 4382 98
f 190 6958 6962
f 1243 1443 4753
f 4464 243 1326
f 1775 392 4214
f 5218 5481 2246
f 4555 5530 2918
f 5090 196 2254
f 256 5606 3584
f 1628 2228 3507
f 875 5364 4938
f 1430 3202 5569
f 3801 6768 4152
f 615 5084 6093
f 4572 6590 2757
f 5283 1880 3740
f 792 6792 1033
f 1781 6956 6532
f 4623 5650 5443
f 2897 5105 3383
f 1610 3013 850
f 2926 2189 4425
f 5644 6060 153
f 6196 3057 4251
f 3378 381 4771
f 4972 1392 4931
f 2896 1795 6451
f 1302 1691 6323
f 1195 5616 2479
f 199 6304 4412
f 1224 215 4533
f 60 5270 4285
f 79 4216 3739
f 4587 5747 3982
f 781 4864 2131
f 4928 1590 6174
f 1876 150 5705
f 783 4142 6901
f 219 6883 6859
f 730 6029 6666
f 4237 5463 1325
f 5282 715 2450
f 1730 1966 2633
f 3998 6836 3708
f 1866 2548 898
f 870 3338 1246
f 1765 4997 679
f 90 2181 5230
f 819 4077 538
f 5746 4281 5516
f 5320 2150 5439
f 3781 4539 6800
f 4452 3772 6507
f 3080 444 959
f 402 2638 6895
f 2070 6382 2014
f 2091 3939 3883
f 92 2651 2187
f 4297 3621 5102
f 1408 1839 3374
f 4919 955 2310
f 5258 6202 4998
f 940 411 4466
f 699 3264 3357
f 2843 6352 5381
f 2564 2820 3196
f 2031 3364 5257
f 1019 3252 6443
f 4081 5630 1517
f 4135 2727 2890
f 4344 2912 4909
f 2051 6446 937
f 3808 6676 3908
f 2742 2598 1534
f 7 6402 2484
f 5011 6718 4056
f 499 981 4759
f 6546 5846 6600
f 6380 4005 6090
f 4672 5820 761
f 1354 2968 1214
f 939 1143 2790
f 4691 3170 6750
f 2129 3013 6685
f 2423 6754 3570
f 5143 3729 1287
f 1530 2568 6849
f 2500 2426 6589
f 4916 2036 1191
f 233 5754 2990
f 815 4455 222
f 151 3380 2027
f 3938 4437 3659
f 2421 5769 6423
f 4204 6252 5015
f 1356 6296 6158
f 792 6801 6686
f 2433 1634 465
f 5797 6289 6942
f 796 720 3598
f 474 877 6536
f 1258 6157 3239
f 3581 3716 3056
f 1842 5917 2854
f 3967 919 2269
f 1313 4935 6111
f 6007 5628 1954
f 3817 4004 4794
f 2871 4165 6946
f 3531 1849 6496
f 3061 6165 466
f 1631 2844 5058
f 3835 3519 4952
f 299 5506 3071
f 3988 2775 2896
f 228 4974 3085
f 1216 3295 5240
f 3519 5841 4952
f 3762 5035 6276
f 3413 6110 641
f 5654 4934 5577
f 2577 911 837
f 1465 6311 6618
f 3812 5145 4060
f 2948 1262 6921
f 5436 4378 1421
f 2272 3597 5575
f 3917 5421 5434
f 3783 6366 1415
f 3424 5446 1353
f 195 1509 3554
f 214 5312 538
f 842 122 1020
f 287 4710 5200
f 2475 3153 2715
f 1452 255 6277
f 3164 4887 1416
f 1 5773 622
f 6192 6949 6148
f 3410 619 1309
f 2347 1514 2528
f 3845 6394 4198
f 741 3637 1056
f 778 3780 3399
f 4678 283 1501
f 312 1534 5163
f 6298 6956 1117
f 2326 5075 1692
f 2244 1034 1115
f 3509 3349 1218
f 533 4686 4338
f 2690 6424 5212
f 2057 3829 5856
f 302 1028 1678
f 56 4547 4864
f 3900 6140 3895
f 4284 101 2841
f 237 2537 5973
f 2229 1139 1850
f 521 3569 4188
f 1569 5468 4516
f 3474 6405 6632
f 1051 4393 2898
f 3350 2728 5213
f 2232 5855 5799
f 92 4030 5570
f 28 5667 6530
f 3215 4684 4508
f 5001 6945 5683
f 1720 4805 113
f 692 3802 3496
f 4852 5380 5181
f 4915 2092 735
f 3553 4441 2644
f 4041 2647 2615
f 2567 3373 6682
f 1006 3089 6851
f 1457 234 2505
f 561 965 1200
f 1375 2460 3472
f 1377 4500 1812
f 2902 4527 6531
f 4429 2751 2036
f 3545 3729 5143
f 744 4852 1942
f 2072 3775 2491
f 1683 4262 4331
f 1477 2053 3560
f 875 4883 919
f 392 39 1198
f 1000 2300 205
f 1905 3546 182
f 2431 2978 4271
f 1814 3026 4322
f 1735 2544 106
f 378 1268 6517
f 5972 2358 151
f 3418 2150 6920
f 1287 2808 6079
f 373 3341 6901
f 1668 5813 2543
f 3920 4110 212
f 4486 6259 4942
f 2222 1857 286
f 4558 6519 4657
f 5276 1101 293
f 3830 2128 4232
f 2089 3585 6183
f 2043 4092 2374
f 4167 220 4051
f 2200 4335 2754
f 3561 5118 5777
f 287 4296 1659
f 1564 1469 6655
f 3135 3647 6951
f 4130 5079 4145
f 242 488 1690
f 949 1215 2214
f 3204 2180 6913
f 4037 5303 6766
f 1997 6550 3268
f 3750 2733 4978
f 3787 3971 5776
f 3850 4244 4154
f 4900 835 4787
f 194 1494 2277
f 3959 3396 4207
f 1801 3160 140
f 3555 6776 5558
f 3671 4214 6724
f 3714 6621 4999
f 1841 6315 6475
f 3128 2350 2089
f 1138 1782 6210
f 4134 209 5310
f 1792 1989 263
f 106 4295 2016
f 3098 2465 6254
f 5565 5778 1186
f 514 4938 3744
f 334 3095 6629
f 2000 4909 3312
f 1388 3432 6347
f 3817 11 4004
f 1091 1105 1750
f 1896 3873 2856
f 3524 3557 95
f 3996 5693 2414
f 1651 4921 6099
f 309 1668 3251
f 3166 250 3175
f 1511 5700 1825
f 1124 3025 4221
f 1821 6521 5227
f 1195 2479 3640
f 3133 2345 2446
f 685 1685 675
f 6112 5369 1109
f 1069 4357 6924
f 333 5936 6485
f 389 2274 348
f 2070 5007 6441
f 563 5673 4287
f 2874 6637 3411
f 2340 2935 953
f 281 1412 4924
f 1572 6478 1227
f 2333 2836 4382
f 1798 1856 6166
f 4387 6351 618
f 568 779 2909
f 5680 6540 4812
f 2127 2161 1822
f 4162 5164 6148
f 298 4991 6595
f 35 6416 5239
f 4940 1726 5535
f 562 5027 3090
f 3267 5004 4105
f 5716 1007 3456
f 3494 5178 5498
f 1540 6962 2871
f 650 6641 6418
f 1494 2506 5196
f 2889 6685 6957
f 4442 7 611
f 264 4551 6074
f 1893 2170 1824
f 1573 4209 2250
f 207 3480 3707
f 604 1788 498
f 1958 3654 5630
f 6728 4821 219
f 5004 5161 6618
f 114 6292 5657
f 3927 2450 3942
f 10 2078 6790
f 986 1146 1335
f 2801 4074 5052
f 634 6078 6955
f 1699 6076 2421
f 3051 4911 4568
f 453 824 2892
f 1887 2814 3369
f 3613 161 4181
f 2760 46 5511
f 196 1910 6579
f 3998 6759 3272
f 5719 4469 6016
f 1651 3228 5867
f 1914 6411 6494
f 320 1426 2797
f 3403 2041 5327
f 1673 4559 1180
f 1172 3114 4709
f 1569 2447 5468
f 1501 2971 6384
f 1479 765 4693
f 1039 1858 3697
f 3482 4855 2226
f 1619 4103 6836
f 1059 6305 6504
f 297 2977 6041
f 5470 5542 5933
f 123 5936 2068
f 1436 2290 3242
f 2316 6042 5050
f 244 2026 2134
f 3962 6090 4005
f 5336 2835 5428
f 3800 4882 3921
f 2030 6464 4389
f 4241 6517 2286
f 2133 3772 4452
f 4689 4902 5696
f 3005 6580 4117
f 3909 5555 6109
f 5833 4234 2302
f 3552 3647 4982
f 77 2788 922
f 1874 4342 2603
f 1459 769 3046
f 277 196 4471
f 260 2635 2136
f 847 3516 3132
f 3750 5241 6893
f 5460 668 4946
f 4891 547 4391
f 1612 6287 2680
f 4353 2379 3000
f 230 1804 3075
f 892 5819 5770
f 261 6363 2198
f 4583 4407 2464
f 3045 5384 5664
f 1035 5384 1267
f 4960 3393 5877
f 1324 3698 3690
f 921 3366 1809
f 171 1367 2398
f 5545 6578 5915
f 3398 2986 1513
f 1242 5425 6268
f 4713 5016 6713
f 5785 6872 3980
f 5653 1360 6627
f 2760 3533 4172
f 5879 5933 6584
f 2115 1502 4803
f 1819 5716 5030
f 371 1088 1585
f 4624 5373 1968
f 2498 6333 6023
f 5515 6023 6333
f 17 2587 3933
f 6416 6518 3574
f 906 5714 5347
f 1096 5317 4787
f 3441 5681 4013
f 4847 5246 6764
f 1528 682 536
f 2652 883 4487
f 2296 2238 2547
f 5665 1689 1231
f 623 4368 3265
f 3597 4233 2894
f 3652 1908 374
f 1105 3490 4675
f 161 4228 3438
f 4594 4278 5767
f 3882 6339 6907
f 790 6230 3897
f 4003 2362 5887
f 1935 4583 2464
f 1613 3922 3860
f 647 960 1363
f 1333 1700 852
f 256 3584 602
f 3928 6476 5509
f 342 1311 5560
f 95 5296 5479
f 3911 4413 6779
f 5366 4276 5894
f 1163 4419 840
f 3255 3145 3263
f 2575 6565 6788
f 2895 1578 3897
f 3075 1804 2571
f 1674 5126 3105
f 3292 6717 5906
f 2001 4432 4820
f 1046 4868 3732
f 1830 6234 1126
f 2075 946 2137
f 476 1368 6114
f 4598 6300 6095
f 663 2245 3531
f 4969 5082 1817
f 2439 2446 5881
f 2217 2799 4932
f 163 1738 3041
f 5702 5316 3668
f 5352 6859 6883
f 2020 4463 1794
f 2531 3031 798
f 1680 364 622
f 4366 2269 2799
f 991 1019 4146
f 403 4007 2664
f 1336 2435 2189
f 1652 6548 4639
f 3257 4250 6067
f 1833 3294 423
f 92 5570 774
f 2636 6300 4981
f 772 6481 2502
f 294 5598 5881
f 1219 4746 1864
f 2930 2569 6900
f 3033 2049 5313
f 1537 3003 4137
f 428 3379 4972
f 3293 2722 3529
f 1877 70 3952
f 1603 807 2676
f 2975 5253 4215
f 54 3467 1524
f 2600 6168 6708
f 1408 2541 4834
f 817 592 5331
f 1095 356 3822
f 5108 6427 3586
f 6874 4043 2146
f 1333 4715 1700
f 3149 4506 5686
f 2232 5799 4569
f 6297 6781 1231
f 2915 5360 6051
f 6252 4204 3397
f 2420 4418 292
f 2085 497 6211
f 5638 6414 6238
f 3639 4255 4351
f 429 2013 3730
f 3618 5609 4358
f 3009 4994 3670
f 2937 1185 3494
f 3390 300 851
f 2800 6723 6432
f 3328 4635 958
f 291 3119 2911
f 4309 5921 4778
f 1605 3155 6795
f 4634 4896 5466
f 2376 2791 4248
f 775 4334 1495
f 461 3362 4064
f 4321 6660 2736
f 2199 5281 347
f 2057 1103 2869
f 4970 5708 6724
f 3838 5672 1817
f 2502 1665 5637
f 192 5378 6182
f 4346 5677 2975
f 3333 6785 6789
f 3483 6751 5910
f 2886 5796 5368
f 5131 6728 2405
f 4617 5403 271
f 92 2187 4030
f 282 2081 4247
f 2536 3273 3323
f 2309 4141 5622
f 1568 3087 5891
f 3020 4283 1642
f 5078 2354 1151
f 1786 5387 2348
f 2005 4460 2273
f 3907 1965 4270
f 5626 3512 3115
f 3717 6052 6334
f 605 3791 1215
f 3572 4303 246
f 6314 757 5000
f 724 1450 4701
f 1330 6565 907
f 1306 4002 3072
f 137 4610 698
f 4794 5202 3997
f 500 3881 5678
f 4492 4424 4655
f 4021 1175 6434
f 4247 4036 5845
f 82 1655 4266
f 5402 1814 4017
f 5714 5491 6676
f 1851 3031 4181
f 3067 38 3527
f 3901 537 6378
f 6392 2519 1423
f 955 4919 4604
f 2089 6183 3128
f 1108 3014 1677
f 1715 3479 3125
f 2034 6761 3555
f 1375 1032 2460
f 1571 4718 4483
f 3706 273 5069
f 936 2215 2713
f 3905 4814 5184
f 2501 4755 3823
f 5043 6314 2532
f 3834 2111 4459
f 3708 5280 3998
f 5051 1683 4012
f 3748 105 4288
f 2242 5348 6905
f 1120 4190 4351
f 369 4328 2802
f 931 1584 46
f 1206 5212 1861
f 395 6425 3427
f 6009 6111 6824
f 5345 6529 6610
f 987 4178 5690
f 2291 6408 4218
f 3477 985 3895
f 262 5777 5118
f 2929 2479 5616
f 1010 3645 2244
f 595 1786 2348
f 906 728 5491
f 3757 147 3783
f 5961 4196 6798
f 3332 6370 414
f 4320 3093 2088
f 2073 5085 6583
f 1376 456 6437
f 5587 4834 5157
f 5191 5249 2247
f 3136 6722 6926
f 1066 929 3179
f 1281 4111 5060
f 4780 257 3375
f 239 201 6101
f 4046 2681 941
f 1797 1350 355
f 1330 907 5072
f 4291 5576 4988
f 1890 6125 4355
f 4888 178 4526
f 3323 3273 2853
f 3708 6108 5908
f 806 5603 2954
f 3995 4565 2449
f 368 6864 4781
f 1848 2527 2700
f 4701 1450 785
f 2065 6564 5768
f 4297 6361 6719
f 2334 3875 3890
f 4388 5901 2281
f 752 4569 3331
f 649 6870 540
f 4928 1119 6647
f 4020 6128 6113
f 5287 5676 6231
f 2349 5507 5120
f 5087 5843 6420
f 2659 5842 4105
f 5301 4702 4765
f 2574 3732 4868
f 983 3077 2553
f 1928 4117 6580
f 3021 4858 6291
f 192 2258 1413
f 70 4815 4648
f 393 75 5136
f 1602 1840 6600
f 5643 2629 5357
f 2493 4969 4979
f 2287 5703 6044
f 4995 6831 6390
f 2776 4296 5237
f 1732 892 5320
f 2239 1423 4681
f 1948 1519 5634
f 1489 3711 6190
f 714 2759 2332
f 6116 288 2556
f 3298 3296 6083
f 4135 5836 365
f 4289 4921 1651
f 4305 6291 6766
f 333 1079 1836
f 6 671 3605
f 772 1469 4498
f 6298 5541 6956
f 3983 5019 2448
f 701 3912 6770
f 1188 1957 2679
f 3122 6445 851
f 2172 2239 4681
f 424 4189 6394
f 3344 4892 1245
f 4113 4407 4583
f 5507 6820 6825
f 330 2796 6348
f 4031 1820 3829
f 287 5200 697
f 3261 3999 723
f 2782 3185 5146
f 3390 6445 1634
f 2181 90 4186
f 168 2739 2460
f 4992 4152 5232
f 3938 3659 3672
f 5504 2987 6843
f 2549 5638 4642
f 3856 4226 1153
f 2950 4426 2393
f 3492 4829 4405
f 3457 2244 3372
f 3385 2669 4476
f 2100 2392 6473
f 3021 4001 5014
f 3444 6710 2825
f 5225 5932 1141
f 3258 6242 6769
f 1495 3919 3591
f 2817 5786 4132
f 1051 902 4393
f 2800 6319 2775
f 4600 4860 5402
f 1199 6205 6240
f 5156 4877 1549
f 741 2373 4970
f 4072 6740 4677
f 831 392 1775
f 3337 6783 4197
f 5711 6767 6378
f 4326 1703 2616
f 5962 4364 6372
f 3190 1969 3475
f 2289 6852 2357
f 177 5425 2494
f 726 3792 5207
f 1655 4002 1306
f 877 6286 6536
f 970 3296 6706
f 4685 4540 5435
f 2651 4777 1187
f 2353 5186 5904
f 1321 1650 1960
f 5777 553 3655
f 2686 5093 1837
f 1646 3990 4034
f 297 6041 6182
f 540 5250 6266
f 2365 1997 3908
f 2950 2393 3634
f 4333 6907 1336
f 4658 6186 3064
f 896 2184 795
f 1766 1837 5615
f 3388 6429 6236
f 3351 1008 5632
f 13 900 174
f 656 283 6449
f 1810 4643 6548
f 3902 5334 2139
f 3397 2417 4329
f 1719 487 5465
f 3846 5503 4395
f 3531 2380 2827
f 143 5567 4118
f 2462 2140 5106
f 1344 2113 6598
f 4431 1950 5349
f 196 6579 3820
f 284 2152 1490
f 3367 2885 3746
f 2037 741 4970
f 1633 3279 5520
f 1888 5115 5377
f 3523 504 5226
f 3726 4278 5089
f 2270 3028 6192
f 112 5309 181
f 1911 2277 2386
f 2156 3652 374
f 2398 2182 171
f 2875 3931 4641
f 843 3429 104
f 1543 650 4644
f 1597 3370 3529
f 1623 3799 6140
f 2396 4955 6367
f 3986 822 4844
f 2259 6053 5784
f 2445 6156 2993
f 647 1363 829
f 3619 3443 4750
f 3664 3349 3843
f 6288 5306 6748
f 2140 2462 259
f 4613 3455 3579
f 1458 6115 3015
f 573 155 1314
f 5265 5556 5567
f 14 6696 3924
f 3593 5227 6277
f 3633 5849 3450
f 2561 3428 2230
f 3779 2404 5382
f 3422 2639 3289
f 5108 5494 6427
f 1168 2957 5083
f 3240 4379 5003
f 454 2524 232
f 6413 6663 6555
f 1055 2355 6439
f 5056 1079 1179
f 1321 3043 787
f 1995 5618 6566
f 454 232 2670
f 1064 2261 1558
f 904 1420 4260
f 1286 3952 3925
f 4436 5883 3629
f 2845 1946 5158
f 520 5659 1798
f 1808 2248 522
f 2103 1336 5451
f 597 822 5875
f 1167 3837 5107
f 1392 3379 1725
f 4203 5482 2470
f 4396 1340 1695
f 6381 6729 4264
f 3468 4269 2572
f 2359 4193 3141
f 3764 922 541
f 97 4066 5115
f 4009 6752 6827
f 2564 3150 2820
f 3542 6410 2771
f 1034 2244 3653
f 1988 138 2836
f 4610 137 1118
f 5224 6038 6904
f 1124 6401 3025
f 2646 1551 4779
f 1867 1216 5240
f 1672 3367 3746
f 4356 2425 5026
f 2834 1562 5028
f 519 3456 3439
f 3118 5942 5993
f 4249 6057 124
f 1215 4670 2214
f 767 5371 5290
f 3945 4721 4252
f 118 2259 5314
f 1414 2179 1547
f 1229 1910 196
f 420 4887 51
f 4391 188 3979
f 759 6328 2011
f 5528 1969 4454
f 2735 890 4846
f 1965 6430 2063
f 4777 4404 1187
f 4475 6017 1783
f 606 5305 3479
f 1377 1812 510
f 3601 3657 4349
f 1064 1975 4579
f 4664 5185 3821
f 2960 5907 4441
f 2091 2879 3939
f 309 5612 3660
f 3558 6811 6603
f 1407 4944 4029
f 919 3967 6493
f 479 96 2547
f 3689 2831 2640
f 4241 2370 2515
f 1491 5149 4890
f 1375 3434 1032
f 2464 4407 4154
f 3019 1265 493
f 1376 2279 6255
f 4901 3405 4434
f 2720 258 3307
f 4420 2623 6256
f 6 4061 671
f 2038 3629 6195
f 1301 3165 5981
f 1292 3738 2946
f 1873 3832 1809
f 3146 3322 1052
f 685 5976 1685
f 2656 4052 2381
f 5612 6045 3660
f 5879 6584 1754
f 894 5496 1080
f 5833 6677 3857
f 1161 3329 3104
f 3087 3304 3828
f 6249 6855 6316
f 5278 5719 6072
f 2183 5965 2859
f 787 2056 4729
f 660 2860 2685
f 996 2990 5797
f 6020 5057 6118
f 6247 5092 1651
f 5653 6891 6892
f 2559 6371 3185
f 266 5616 4714
f 5159 6922 4941
f 945 1483 2643
f 5640 6570 6155
f 4592 434 4743
f 4561 6741 5592
f 2906 4410 2778
f 4288 105 4813
f 395 3517 6543
f 3181 5996 2466
f 1322 857 2335
f 4720 2567 6682
f 2205 4389 4448
f 34 6925 3017
f 1947 4267 3594
f 1094 6037 800
f 41 850 1807
f 4176 4177 4986
f 1793 2051 3885
f 1402 4879 6743
f 3627 3034 3148
f 6112 2794 834
f 151 2027 5972
f 4434 4462 4901
f 621 435 2803
f 5424 816 2306
f 2433 5818 6493
f 3118 5993 6908
f 382 3969 2558
f 1259 1441 568
f 2042 4977 5040
f 3025 1493 6615
f 1095 3822 1707
f 3646 4136 1290
f 2765 6526 841
f 4138 2801 5052
f 1356 6158 5820
f 2715 6554 1157
f 5031 1374 4325
f 772 2502 6446
f 2397 6816 4117
f 2555 1200 6671
f 3272 6759 4530
f 1392 4972 3379
f 2519 2750 3559
f 1898 1422 5862
f 3028 4162 6949
f 771 6907 4018
f 2139 6838 5039
f 1911 49 503
f 2587 3496 379
f 2389 5721 2330
f 908 596 928
f 722 6346 6432
f 4251 6819 3278
f 6648 6734 4538
f 2074 6747 6898
f 3081 5373 5531
f 207 6302 5374
f 1294 5026 6495
f 299 5751 4952
f 4729 2056 5707
f 2196 81 2374
f 3703 4800 4088
f 1057 2218 3501
f 2312 4124 5338
f 4514 5394 4796
f 1863 3702 465
f 3827 717 1427
f 881 5454 2120
f 2181 524 5230
f 1524 6525 1139
f 394 1833 1172
f 5263 1751 4621
f 5071 4966 5461
f 1029 5552 1074
f 2009 1977 5878
f 3540 6528 6585
f 3136 6926 4110
f 2065 5768 6782
f 884 2583 1796
f 550 2450 715
f 858 3667 2807
f 1097 6395 4543
f 1277 6096 6782
f 864 6624 4411
f 6381 4264 6653
f 2558 5854 382
f 6078 6950 6727
f 2969 4797 2813
f 1832 6219 3805
f 4424 1778 6248
f 1979 1284 2545
f 1860 5852 5802
f 1217 221 4240
f 1617 1544 4569
f 1480 3869 891
f 2849 2189 2926
f 3693 6301 6258
f 3241 4439 3275
f 1746 3552 4982
f 1651 5867 6682
f 4246 4893 1123
f 3294 2089 2350
f 2997 5043 6762
f 4664 4578 3884
f 2919 3616 4300
f 4214 392 6701
f 223 1158 6058
f 803 6458 6301
f 4260 1420 707
f 469 2196 5580
f 5324 2520 1442
f 1402 4067 4879
f 3022 1578 6570
f 202 5948 3216
f 2485 6383 508
f 1285 1899 3000
f 3934 385 2595
f 3023 6736 3532
f 3899 1136 5097
f 3414 6774 5422
f 3091 2315 6156
f 551 1989 1792
f 2827 2380 265
f 2226 300 3390
f 4229 5077 1791
f 704 3354 1035
f 1395 2767 4416
f 2802 4328 6625
f 3144 4025 4239
f 1328 5695 5269
f 6606 2090 6563
f 583 6676 3808
f 2073 6583 6461
f 1525 4475 4989
f 462 2782 3214
f 4801 1939 1533
f 3377 186 3471
f 802 957 1785
f 1053 2660 952
f 5258 4630 6202
f 1332 2750 5811
f 413 5066 3226
f 1134 6378 6767
f 26 2357 6591
f 699 443 423
f 2731 277 4200
f 3795 5837 5150
f 1942 6345 744
f 2029 1855 6248
f 2 6152 1762
f 904 3216 4462
f 2357 6852 4750
f 4134 2959 209
f 1904 2914 2142
f 544 2171 1816
f 547 3278 4391
f 2728 5757 5020
f 1532 2470 5482
f 6238 6414 3992
f 792 1033 6801
f 1359 3546 2290
f 3502 1354 584
f 3701 5377 912
f 2715 5991 6554
f 514 2798 467
f 3138 4956 439
f 5671 1087 5960
f 6062 3322 6873
f 3668 5316 5065
f 1026 4521 495
f 476 2678 4667
f 936 2297 2215
f 1680 2364 3869
f 1561 4328 1033
f 1815 6558 3691
f 1856 1798 1539
f 3852 2713 4372
f 5633 5321 2467
f 3758 6168 6880
f 6030 5316 5702
f 128 1900 6147
f 531 3520 1278
f 2445 2113 2924
f 2901 4851 6934
f 1993 4659 849
f 5010 1466 4126
f 982 2693 1497
f 4120 5210 2952
f 421 375 1693
f 3103 5669 6428
f 3826 1795 6346
f 605 3849 3791
f 2422 2612 4655
f 4788 6326 5723
f 1125 2127 1822
f 4174 5147 6403
f 980 2701 4258
f 2441 5619 5726
f 4923 614 5564
f 2698 6921 5526
f 3073 5316 6030
f 733 2962 3334
f 3717 1732 5439
f 2017 5267 1774
f 602 2556 2824
f 1930 5210 197
f 693 2088 952
f 1865 2669 4880
f 868 2716 4295
f 1366 6224 4252
f 4064 3362 6538
f 441 4489 6010
f 610 5762 6514
f 5013 6606 5563
f 2470 1240 4028
f 3770 2241 2573
f 5006 6036 1202
f 1209 4251 3057
f 4801 3380 1939
f 1296 2745 167
f 2128 3830 2387
f 658 4513 5561
f 4219 4139 5524
f 813 2256 383
f 2377 1551 2646
f 1627 2376 4248
f 4354 6607 6899
f 3398 1513 5813
f 1534 312 624
f 2132 3297 4235
f 3667 5399 1918
f 3207 391 884
f 100 5932 1630
f 571 1538 6046
f 5700 4273 5844
f 561 2732 965
f 511 3466 6896
f 1542 3502 584
f 905 3530 3440
f 3027 2500 3528
f 330 1515 2339
f 4924 5493 6711
f 3859 2796 5554
f 417 3459 6450
f 295 3854 5193
f 4588 6720 3025
f 1197 4247 5845
f 1647 5946 2934
f 5024 6475 6315
f 240 4501 6102
f 59 4506 251
f 3291 6422 1325
f 4010 1315 2400
f 711 6948 3778
f 2295 1541 6085
f 3591 4659 4937
f 1127 6391 5054
f 1921 6875 3231
f 3982 2712 5860
f 889 3877 6785
f 829 6264 6585
f 3893 3480 6003
f 2849 5825 5451
f 901 3948 1998
f 740 4459 5542
f 720 6119 2885
f 3983 6333 5019
f 4545 3674 5922
f 1719 1024 487
f 4485 4371 1173
f 4646 2383 4917
f 1947 1098 4267
f 2123 3219 2691
f 3906 481 5397
f 3837 5308 6141
f 1862 1977 2009
f 455 3421 3626
f 249 5988 564
f 1231 4294 5665
f 1881 723 6012
f 2729 5549 6896
f 672 5969 598
f 582 2680 978
f 3247 4236 1765
f 715 6142 5427
f 3769 3147 2044
f 4152 5871 186
f 304 4832 5963
f 948 3119 1561
f 795 2610 896
f 3679 2212 3997
f 5604 458 1731
f 539 3086 1211
f 2611 5181 48
f 1177 5038 5805
f 47 996 563
f 4882 3800 558
f 4130 4145 6742
f 3108 4156 6309
f 5211 161 3438
f 2645 3853 1396
f 5123 6791 4123
f 2254 196 3820
f 3873 1896 4082
f 2925 935 1559
f 1275 4703 6815
f 3182 5943 6510
f 1776 3245 6820
f 3724 6491 1040
f 1621 3011 4668
f 2436 5049 5587
f 2407 576 2903
f 5647 5024 210
f 2394 1480 891
f 792 2844 6299
f 3640 6906 1195
f 1259 5007 2070
f 3991 1982 3528
f 3846 6261 5503
f 4682 6364 408
f 5937 406 6101
f 3318 5804 4300
f 5204 3234 6239
f 3325 5580 4858
f 2537 5512 6914
f 1620 578 6098
f 996 2432 846
f 2414 6398 5277
f 1112 829 6528
f 1843 2615 2647
f 2022 2313 847
f 892 5770 5599
f 1373 5821 5255
f 1211 3826 539
f 2776 1659 4296
f 2298 1288 4258
f 4899 2736 6660
f 4747 6630 6639
f 445 5375 5968
f 3619 4750 6852
f 1965 2063 832
f 112 181 512
f 3121 5929 5427
f 866 2182 2398
f 3500 2202 334
f 950 5709 245
f 4760 6672 5144
f 2894 6279 3597
f 2982 4454 5582
f 2785 2977 6678
f 2867 5017 4632
f 2280 5989 1250
f 241 3460 1092
f 2861 6733 6608
f 1488 1249 4277
f 2913 6586 6674
f 3853 6633 853
f 1790 2329 3870
f 429 5125 6693
f 1356 2511 6296
f 993 5413 5916
f 1626 3399 5823
f 3144 4239 1487
f 1930 979 1409
f 755 3540 6585
f 3352 3463 5085
f 3617 2194 322
f 3982 5850 2712
f 1250 5989 3642
f 2323 5385 5009
f 727 5318 6167
f 189 5742 5707
f 5586 1739 809
f 2417 3397 4204
f 6630 932 6639
f 1291 2311 1499
f 6179 6373 134
f 438 2319 1941
f 1493 6720 5117
f 1638 1283 2823
f 4965 5959 5725
f 5023 6883 219
f 1996 3549 1870
f 4325 3279 2942
f 1890 5805 6125
f 1457 2505 6046
f 230 5915 4472
f 1745 4336 5718
f 2812 3540 755
f 1449 5785 2221
f 731 4582 478
f 2159 5259 2447
f 1292 2946 1461
f 3329 5144 6672
f 352 1992 4906
f 204 1408 4834
f 2800 2909 6723
f 3682 4111 5046
f 2441 5726 810
f 613 157 3345
f 827 1596 2480
f 2782 5146 4816
f 265 1236 1779
f 692 3336 1818
f 869 2952 5210
f 2181 4186 3004
f 1077 3392 3976
f 2853 1241 4360
f 4599 6877 2174
f 1573 2250 1326
f 321 2161 3266
f 809 3672 3659
f 2091 6715 159
f 1364 3877 5675
f 3207 1796 4257
f 3091 4173 2315
f 1722 5958 2479
f 1081 5707 2056
f 6249 4469 5719
f 1073 2694 1906
f 2315 5388 2993
f 1098 6457 6134
f 1862 2009 97
f 2802 6625 6835
f 4040 6454 1919
f 3038 2835 4985
f 293 4423 4853
f 1264 4560 6911
f 1516 4377 1708
f 5570 1709 774
f 2997 6631 4380
f 3505 3216 5948
f 300 4110 5986
f 3636 1678 1113
f 3233 2061 4538
f 535 383 437
f 3925 1692 1286
f 4315 3612 4773
f 3177 6864 2108
f 87 952 2660
f 2442 5738 4035
f 4840 382 6356
f 45 4191 2321
f 790 1370 6230
f 35 4674 5363
f 156 5819 892
f 3782 5588 1372
f 605 5858 3849
f 1470 6423 2231
f 2873 4828 3000
f 4696 2267 1305
f 4375 6185 4608
f 1099 3221 4266
f 4727 4822 2651
f 187 5502 5385
f 3762 6276 481
f 1418 6501 4674
f 6351 6504 1527
f 2866 1830 5462
f 5518 5803 5789
f 722 779 447
f 4321 6428 5669
f 3285 3879 4991
f 775 4308 5624
f 4217 6356 6714
f 1930 6636 5210
f 1694 1670 5158
f 2847 3205 6927
f 1912 2657 5005
f 687 1211 3086
f 5006 1202 1128
f 3249 5756 6341
f 3133 855 5223
f 2265 895 3499
f 66 1368 4195
f 4116 2020 860
f 3797 1559 2303
f 4020 2536 5418
f 4167 2343 220
f 59 2473 3825
f 1580 1148 634
f 2785 3818 2977
f 302 882 3571
f 1429 303 3743
f 1521 6196 4251
f 1269 2673 4453
f 6502 5453 6928
f 2135 510 1812
f 773 4876 3973
f 2389 3744 5364
f 2265 5442 5099
f 4357 6259 4486
f 1601 3503 6123
f 29 1252 6363
f 3991 6595 4991
f 4784 5752 2252
f 3987 4735 950
f 3308 2167 4481
f 5114 5096 6273
f 4026 5417 719
f 2384 2161 4051
f 4159 6856 5896
f 4998 6202 6897
f 760 3253 1758
f 2000 5828 1961
f 5408 6824 6111
f 5379 1273 6652
f 4762 3896 5924
f 810 1866 5403
f 799 6531 1991
f 1312 5501 2195
f 3717 5439 1665
f 3572 246 4053
f 2616 4598 2872
f 642 2631 6393
f 3005 2572 6580
f 4284 2841 4817
f 2411 5096 5114
f 3880 1061 5440
f 195 2224 6228
f 3733 1348 1054
f 1317 399 4566
f 5035 2703 6276
f 752 2232 4569
f 658 5526 1529
f 2546 1233 4987
f 4053 6932 412
f 573 6562 1149
f 1012 1598 2405
f 2195 3723 4294
f 5168 1245 2349
f 3919 3749 5940
f 2636 4981 1473
f 2642 5443 5757
f 4023 4415 317
f 345 1554 309
f 1081 1925 4957
f 1989 5635 263
f 2756 4455 681
f 4799 4215 4374
f 2221 5785 5899
f 2858 6079 2808
f 804 5839 4738
f 129 4232 3014
f 1695 3123 4144
f 3944 5664 5384
f 1569 170 3522
f 3507 245 4491
f 730 6056 4953
f 4532 5073 4210
f 4343 2118 2736
f 4598 6095 2872
f 2789 5442 5633
f 324 618 4891
f 2443 5468 2447
f 5204 856 3234
f 2734 5088 1303
f 1696 3116 6659
f 1414 6059 2179
f 4185 845 3422
f 1373 5255 6479
f 4373 4363 3195
f 5545 6616 6578
f 2034 6075 3140
f 349 6295 2765
f 4481 1656 5524
f 588 2237 1502
f 258 5134 4096
f 1191 4728 2303
f 2103 1481 3281
f 1414 1547 2025
f 322 1201 4854
f 3982 5878 4587
f 3712 243 1405
f 1953 2011 5703
f 3314 6813 6459
f 4232 1721 885
f 745 5666 5764
f 3393 6902 5877
f 947 3375 4629
f 1703 6705 4598
f 1936 1757 5686
f 278 3175 1021
f 4356 918 2425
f 3955 2125 1608
f 293 3007 398
f 4384 5732 6390
f 2562 903 3069
f 3268 5391 1719
f 3561 5777 3655
f 3436 5828 2000
f 1679 5740 5370
f 665 1625 4588
f 850 3013 995
f 3327 5005 5453
f 717 504 6217
f 3765 725 3412
f 449 6152 4032
f 5654 5577 473
f 3614 6960 3793
f 2875 762 3931
f 1887 2550 6540
f 304 5453 2657
f 121 1467 377
f 3667 4835 2807
f 2040 1734 2311
f 2806 4340 4619
f 800 6115 1094
f 488 3794 1771
f 2479 5958 3699
f 154 1603 4806
f 1514 5203 5262
f 2386 1395 6206
f 1983 2074 4668
f 406 3191 3036
f 3999 3261 2415
f 4246 1123 20
f 3865 1568 3768
f 5929 64 1343
f 2380 3531 6496
f 2529 5143 6079
f 1145 2006 5447
f 4168 2808 6511
f 900 4018 2116
f 2182 2146 5795
f 995 5350 850
f 4387 4427 4550
f 2721 3565 3067
f 2254 5205 3630
f 1072 4376 2141
f 2879 4857 4848
f 3452 4845 5886
f 2528 1329 141
f 1659 4767 4710
f 1310 1071 2947
f 2343 2003 3640
f 1322 2335 925
f 1099 4266 1454
f 2637 527 5940
f 4904 4043 2584
f 4124 2391 5338
f 4120 197 5210
f 4737 3575 6755
f 6469 5152 6174
f 976 5983 6352
f 321 5646 2161
f 3413 641 3423
f 4903 4499 5651
f 4321 5669 6660
f 3885 5856 3829
f 6242 6275 6769
f 5555 2972 6285
f 2171 3169 6607
f 5961 6798 492
f 4395 4719 3300
f 3490 1869 2655
f 1018 6594 6711
f 4388 2281 3265
f 865 285 4353
f 5654 473 130
f 2155 5934 1672
f 3356 6246 5100
f 1255 3399 1873
f 1464 2526 4378
f 6169 2299 1188
f 1247 4418 1036
f 1921 3742 6875
f 1033 6465 6200
f 2135 4062 510
f 1789 6033 4878
f 2786 6039 1063
f 550 6674 2450
f 5370 5341 3486
f 2944 2560 4706
f 638 731 2629
f 3407 5101 4578
f 6317 4043 6874
f 1428 6201 525
f 6111 6009 6648
f 3327 5453 6151
f 1247 997 4418
f 1143 2476 2790
f 2615 446 5836
f 3388 6236 1455
f 395 3074 6425
f 2784 5743 3095
f 2887 1717 1086
f 1018 3277 6594
f 1504 2308 2143
f 921 6304 6707
f 2220 4257 2704
f 3239 226 26
f 635 852 1700
f 2349 1245 4324
f 1934 1113 628
f 993 5539 5730
f 1383 6867 1633
f 744 1530 867
f 2868 4679 6223
f 4918 1863 3689
f 495 3605 671
f 4728 5180 2303
f 1515 3789 2339
f 810 5403 4617
f 1980 4597 5474
f 1039 1296 4143
f 4326 2616 863
f 1855 2029 2826
f 1516 2829 1194
f 3249 6341 4277
f 2585 5363 6773
f 1317 4566 3906
f 111 5267 1065
f 531 4200 1000
f 3506 5138 5429
f 2774 4128 960
f 52 6042 6452
f 4712 6534 4036
f 743 5555 36
f 3117 5015 4122
f 137 4224 2745
f 3179 436 1066
f 3801 5998 6768
f 4995 6390 5732
f 4539 2 2165
f 1593 4615 5595
f 5159 1278 6274
f 3346 6788 6565
f 1521 4251 3278
f 489 3752 4957
f 2112 4411 4359
f 1813 5970 3223
f 3876 346 414
f 2126 5932 5225
f 1470 2231 6775
f 550 715 5427
f 1591 452 4345
f 658 2698 5526
f 3110 4197 6309
f 5123 2484 6402
f 2856 6018 6452
f 701 6851 4601
f 2791 2776 4248
f 1059 2373 2157
f 4260 707 5196
f 5243 5110 2586
f 2840 2759 6354
f 1740 2416 586
f 1621 2868 3402
f 794 4875 5157
f 85 5684 37
f 3765 5814 725
f 2393 6614 3634
f 1526 2766 1658
f 1927 3937 1073
f 1756 2662 5854
f 5253 1211 6355
f 3957 4123 3332
f 3493 3543 5987
f 80 2699 1592
f 3293 1646 2722
f 1016 2875 1565
f 597 6011 822
f 2663 5863 2666
f 1322 4362 4165
f 4194 815 793
f 4918 3892 5613
f 731 478 700
f 2510 6520 4727
f 78 4352 3159
f 2595 4355 941
f 3132 4857 4166
f 4135 2890 3867
f 3135 4894 3647
f 5019 6333 2626
f 2576 6711 6772
f 4528 6522 1418
f 4599 5564 4758
f 2787 3657 3601
f 2552 1194 2829
f 1313 4538 2061
f 112 512 6736
f 2977 5062 6041
f 1589 5109 4127
f 3283 4430 1616
f 4000 6360 4936
f 3851 6251 5701
f 2079 2733 6181
f 1905 182 1260
f 1946 5400 5995
f 78 2164 6262
f 2331 1370 6466
f 1505 6223 5762
f 2652 313 3125
f 4512 5990 2706
f 667 6468 4634
f 591 1846 1082
f 1116 3286 2921
f 1379 5285 4332
f 5043 2532 1457
f 2125 2938 5541
f 1514 2347 3611
f 872 2453 5311
f 6406 3621 1889
f 299 6794 5506
f 3710 4158 4936
f 6443 6715 4146
f 389 6074 5727
f 445 5499 6444
f 1281 5060 3192
f 4304 4354 3258
f 1412 5424 5493
f 813 1492 3186
f 2655 6372 2517
f 1840 6474 4039
f 2717 6015 5593
f 4402 4292 82
f 1030 5787 4606
f 5760 2456 6876
f 5358 3066 2159
f 269 2681 2167
f 1837 5093 255
f 4866 5755 1222
f 1535 4957 1925
f 4491 5709 6470
f 2463 3623 6637
f 2717 4437 3938
f 2545 3767 1979
f 2424 6239 2192
f 716 1475 3461
f 761 2654 4265
f 1192 3904 4531
f 4518 6435 4927
f 2637 5940 2271
f 2377 438 498
f 869 6636 5546
f 1229 5464 6658
f 2050 596 1574
f 5409 992 1827
f 1044 2448 3173
f 3312 4843 5215
f 1227 6791 5123
f 313 4487 1040
f 6016 6838 5334
f 2684 4147 754
f 595 6399 1786
f 2637 2691 527
f 2620 1553 2068
f 4849 4999 6272
f 214 2505 1995
f 1260 4622 3727
f 3144 6780 4025
f 949 2214 3916
f 3548 6831 5302
f 772 5393 1469
f 1352 4144 6385
f 3784 4847 6764
f 900 5386 4793
f 4421 6440 4864
f 1141 357 5225
f 1235 6413 5792
f 6128 6823 6113
f 2822 279 3608
f 516 1684 5033
f 251 4506 3736
f 1729 5236 6405
f 4504 5765 5775
f 3603 3282 2650
f 1664 4025 6581
f 5946 3921 5301
f 939 6004 1031
f 2181 1485 524
f 84 5331 592
f 5506 6601 6482
f 4503 3564 2170
f 3335 529 4758
f 2621 834 6732
f 471 4208 5685
f 655 654 1248
f 3753 4006 507
f 2217 3437 4366
f 4785 714 2124
f 2537 237 5512
f 2593 3260 5574
f 554 163 4736
f 4262 4753 4331
f 3034 407 608
f 5910 6318 6338
f 765 2669 4227
f 3501 5383 6862
f 2697 911 101
f 5179 6533 2892
f 4282 2622 5839
f 65 1767 78
f 3076 5730 5539
f 5241 6668 6893
f 2599 1752 6294
f 1122 4021 6434
f 1816 3078 3158
f 1224 5294 4558
f 3915 6488 4169
f 1910 6094 5246
f 940 4367 411
f 496 3200 2299
f 1605 1928 1513
f 568 2909 5007
f 5362 58 5625
f 4910 2332 2837
f 4268 2865 6551
f 1883 5153 3039
f 1550 1113 1934
f 4765 6697 5301
f 3470 3517 1543
f 3113 4519 2877
f 2271 3749 237
f 545 624 2551
f 767 5034 6419
f 6069 5295 5272
f 2931 5292 1974
f 4681 3559 3107
f 5751 474 5788
f 3040 4309 2851
f 545 2742 1534
f 45 6408 2216
f 3509 3771 3937
f 2577 4283 3020
f 4734 2408 369
f 1475 2461 3461
f 5208 626 6613
f 4039 6426 6244
f 3359 336 4687
f 2365 5491 1706
f 1508 6499 5369
f 5167 5402 3414
f 3663 4689 4584
f 1687 4757 1850
f 238 4831 3062
f 1453 5547 1838
f 3436 3875 2334
f 537 1005 5711
f 316 6369 5726
f 1100 3060 1630
f 202 904 3282
f 2664 4007 5822
f 5447 6900 2898
f 470 1107 5525
f 177 6268 5425
f 4579 1079 1064
f 3853 4347 6633
f 3071 6160 4933
f 3243 3556 819
f 2786 4551 264
f 791 5541 2938
f 4274 5735 5605
f 128 3943 3116
f 605 406 5858
f 3613 4181 6678
f 495 671 1700
f 1447 3608 279
f 2813 4701 785
f 1970 1255 6812
f 3197 3491 3665
f 5910 6751 6318
f 4848 4857 6568
f 135 4595 2796
f 2428 3607 6021
f 5652 5988 920
f 4069 4449 4946
f 5944 1180 4559
f 1268 641 3117
f 397 5990 4512
f 3312 3436 2000
f 1844 6897 4650
f 591 2630 5199
f 1557 3810 4468
f 5840 6089 6294
f 31 105 1600
f 452 1591 4392
f 5160 5372 4869
f 1870 3549 5923
f 657 1162 2915
f 1958 4081 5356
f 1141 433 357
f 1431 2816 2646
f 4591 3740 1193
f 972 3421 2255
f 3361 3188 6260
f 1784 6425 3074
f 3648 5779 4555
f 2110 4161 6607
f 3038 2393 4426
f 3478 621 4710
f 775 774 1709
f 1422 3651 5470
f 3318 4280 3020
f 3589 4800 5931
f 1859 6066 6007
f 4397 5857 5602
f 2140 259 4073
f 2920 5837 3795
f 2864 6741 4561
f 189 928 427
f 4425 2189 2435
f 3387 5516 5277
f 4656 5278 2837
f 4987 1233 551
f 4764 6316 6855
f 2368 6172 3023
f 4266 1655 1454
f 4841 1536 6941
f 3276 5322 3641
f 2527 1848 6613
f 5124 2474 2261
f 99 3213 6536
f 5980 6141 5730
f 1429 3235 5521
f 4592 6435 2676
f 1526 6418 6641
f 798 5569 6302
f 157 2767 2048
f 4531 6420 4886
f 3384 4384 6390
f 4455 2756 1574
f 4180 2005 2273
f 4389 1900 5455
f 1963 6114 3440
f 2578 5571 5497
f 619 3410 1122
f 968 2641 1507
f 2033 3808 109
f 1105 5873 3490
f 573 1149 4527
f 2045 3608 6622
f 1174 2841 1517
f 1224 6661 2752
f 3932 4630 5258
f 1806 105 3748
f 4234 5431 6484
f 1186 4296 4790
f 6238 4642 5638
f 3660 3398 5813
f 1834 1875 6697
f 1531 5607 2607
f 2613 6297 5822
f 3377 3471 1074
f 426 700 478
f 450 1911 2424
f 4605 6578 6616
f 927 3922 6460
f 3890 3875 1222
f 1122 5977 619
f 182 4622 1260
f 3227 4367 2982
f 629 5548 4823
f 4981 6300 4598
f 776 6302 1529
f 5421 3917 5458
f 5390 3697 1858
f 1709 6611 4308
f 4272 3835 2073
f 2203 4040 3495
f 5470 3651 91
f 686 2973 2888
f 6133 2607 5219
f 3544 4960 5877
f 840 6054 2204
f 1932 1444 6845
f 3495 5341 3538
f 3885 3829 48
f 2173 5138 6605
f 3259 3468 4967
f 1632 1372 5008
f 2840 6354 1657
f 4348 5349 5489
f 3969 4840 4885
f 614 6853 3085
f 1037 1442 5216
f 3777 1535 2133
f 1699 2421 3140
f 431 2829 1516
f 6091 6927 6438
f 4015 5996 6105
f 842 2374 4092
f 327 4355 2595
f 1445 3236 183
f 1228 5835 2779
f 4624 5737 5373
f 296 4108 3310
f 812 4445 3238
f 4558 6204 3042
f 3605 6228 4520
f 2507 935 2925
f 1485 1744 524
f 1579 1591 4345
f 2588 3754 3401
f 839 793 2106
f 122 133 5670
f 973 3053 5282
f 4390 5666 626
f 932 6630 8
f 83 3309 4913
f 3392 3989 3976
f 6028 5016 6282
f 4528 4825 6522
f 1139 2229 876
f 1498 4398 5116
f 423 2542 123
f 1025 451 2951
f 608 407 3181
f 3508 4237 615
f 3581 2674 3716
f 3841 968 4029
f 769 2921 3286
f 1267 702 4070
f 3958 2309 5622
f 849 3171 1993
f 3631 6886 6644
f 557 6930 2434
f 3778 6948 2740
f 4763 2197 3052
f 4386 5151 3803
f 1736 5001 6198
f 3909 5844 36
f 2441 810 4617
f 439 200 4500
f 78 1767 4698
f 551 1233 1989
f 1218 6704 3509
f 2141 1114 1403
f 4878 6695 6185
f 3916 837 145
f 4411 6624 4552
f 4028 4525 2455
f 132 5642 3604
f 2862 6690 4104
f 2078 1341 6790
f 72 3937 1927
f 288 4336 2824
f 587 1002 1858
f 5852 4107 6429
f 1432 6019 2163
f 5078 4665 2354
f 6047 611 7
f 3167 3482 1399
f 1653 577 4760
f 667 4634 5466
f 1025 2951 3139
f 1692 3580 4306
f 5570 6611 1709
f 722 447 539
f 12 5217 4039
f 4155 6197 2373
f 5350 3445 3685
f 453 3024 1078
f 4698 987 2018
f 635 3616 4964
f 4543 6395 5389
f 557 2434 18
f 2793 5667 3676
f 3872 4936 4158
f 5914 6335 5881
f 4317 2391 4124
f 4792 3599 953
f 1209 3057 4093
f 5134 258 2042
f 2361 3301 5161
f 1935 1462 6527
f 6 3605 4520
f 3377 5552 186
f 3257 6032 6886
f 2715 554 2475
f 4080 384 6954
f 6313 6739 4213
f 2850 5763 354
f 5183 5629 6456
f 2963 2066 2751
f 5827 581 6488
f 399 1317 6286
f 492 6565 1330
f 4340 3038 4426
f 3131 6909 2194
f 377 4809 4207
f 2416 1448 6847
f 3264 699 2176
f 233 6026 5754
f 4488 6260 5517
f 119 6170 2079
f 654 6266 5250
f 661 5694 6384
f 1442 4587 5216
f 5343 4480 1646
f 3373 150 4289
f 2201 5896 5562
f 4516 170 1569
f 338 1358 103
f 3450 5849 5842
f 698 3754 2588
f 3795 5887 2362
f 5453 6502 4127
f 1494 5196 707
f 4409 6015 2717
f 3606 4399 3962
f 3642 4743 4380
f 93 5219 2305
f 644 2623 1308
f 4464 1326 1206
f 4446 5778 4779
f 42 1934 628
f 1252 5297 6363
f 960 4128 1363
f 3089 6511 5432
f 2939 4680 890
f 996 233 2990
f 4247 3321 154
f 3910 4151 1230
f 2001 542 3289
f 451 5291 3287
f 3533 4212 5568
f 400 3499 6271
f 1445 4293 4482
f 3108 6309 4197
f 3298 4740 6706
f 2050 2756 928
f 2835 2806 2293
f 1694 2605 1670
f 4095 4737 3675
f 6021 2955 350
f 441 5970 5583
f 1233 1835 6818
f 2675 1974 5669
f 1901 4880 6006
f 4367 940 2982
f 5536 2765 6221
f 5092 4085 1651
f 701 1006 6851
f 3146 3326 3322
f 2396 3313 4955
f 5730 6141 5308
f 3906 4566 481
f 196 277 4976
f 2918 5530 1312
f 2671 317 3654
f 589 3950 1761
f 1609 4943 5195
f 3451 3307 896
f 2755 5802 5852
f 1990 3622 4596
f 6201 1428 4141
f 4994 1753 5169
f 3029 4595 5478
f 4968 138 2694
f 4102 2550 3616
f 1631 6299 2844
f 1609 1924 1588
f 2336 4866 1222
f 4412 6799 2724
f 76 2236 2692
f 3798 1266 2670
f 5073 5513 6889
f 371 1184 1088
f 406 3036 1697
f 2314 2821 4627
f 2562 3069 6903
f 573 1314 6562
f 389 348 3935
f 1301 5981 6370
f 950 6404 5709
f 1576 187 6869
f 5807 2851 3589
f 1238 2362 30
f 5177 6568 1156
f 4996 4332 5285
f 1977 1862 1014
f 2226 6161 300
f 3204 6571 2180
f 4487 3976 1040
f 821 982 1497
f 1364 2355 6789
f 1337 701 4601
f 4568 4907 3661
f 4877 401 6557
f 1138 3435 3539
f 1155 4420 6256
f 230 5783 1804
f 373 4142 3227
f 2500 2263 2426
f 4198 6394 4526
f 716 5500 3157
f 1885 1311 2158
f 1476 343 979
f 1632 5008 6092
f 2029 5190 2826
f 4586 6518 6506
f 4863 5221 5865
f 1159 486 1794
f 5689 4507 5995
f 2479 2929 1722
f 790 6365 6466
f 2104 2716 6516
f 1021 1649 5275
f 690 5837 5148
f 2422 2512 2612
f 4277 1249 6231
f 5367 6838 6308
f 4059 464 6725
f 1029 2379 285
f 2169 6858 6664
f 3151 3515 5544
f 3218 1750 6044
f 1793 5181 184
f 1403 5508 2141
f 788 6916 4990
f 361 3513 758
f 401 2070 2014
f 390 6564 5893
f 6003 136 5244
f 140 3160 3766
f 1667 1625 5962
f 136 6102 5244
f 151 5354 1939
f 5509 5791 2980
f 4572 6673 729
f 4887 2492 51
f 784 3907 6280
f 937 2023 5224
f 759 6681 5009
f 339 3544 3018
f 2953 5595 4615
f 3701 1014 1888
f 3160 3831 3766
f 2652 5305 883
f 1072 6654 4896
f 2502 5637 1599
f 1705 2968 1501
f 2273 6827 6779
f 2605 5270 2175
f 239 4212 3533
f 2004 1150 6492
f 2997 6726 5043
f 366 1243 2080
f 849 4890 6821
f 2999 5959 2180
f 4101 4509 4054
f 1468 5658 1969
f 5203 6575 5609
f 3314 1620 6813
f 4164 3596 5308
f 4137 6022 6936
f 5034 767 5290
f 4924 1412 5493
f 1913 397 4512
f 2632 1563 2567
f 3609 2611 1410
f 1026 4715 1333
f 2131 4864 4547
f 2889 6957 24
f 1134 6767 2093
f 1655 5523 1454
f 1140 6342 4275
f 3339 2159 473
f 925 5416 4362
f 627 2551 1800
f 272 1119 2580
f 2812 3456 3540
f 5621 6617 6644
f 5688 6812 5756
f 13 2688 771
f 958 6786 4528
f 290 6222 5663
f 2157 2539 3193
f 4334 3919 1495
f 587 1858 2695
f 1474 3123 1340
f 1848 6721 1929
f 1853 2973 6120
f 977 6334 2823
f 408 3137 2819
f 3024 1150 1078
f 1291 2039 5957
f 3062 6555 276
f 2900 6482 5221
f 265 4782 2827
f 228 5315 94
f 1772 5907 2451
f 274 4103 556
f 5341 4040 3486
f 203 5820 4769
f 2348 2591 4090
f 3518 4211 3960
f 523 4329 1527
f 4004 1881 6012
f 1039 4143 2412
f 5284 2628 6272
f 1698 6072 6016
f 3239 1061 226
f 699 423 3294
f 2760 5511 3371
f 3363 6058 3968
f 3588 33 4023
f 2766 1526 6641
f 3382 5096 2411
f 4217 1427 6217
f 2463 2874 4564
f 2052 6486 2631
f 430 6910 1348
f 502 603 5786
f 2166 2272 2110
f 4542 5120 6825
f 5295 6100 708
f 2533 2437 1039
f 3547 5080 5519
f 1770 1679 5254
f 511 6896 5549
f 3031 3818 2785
f 6106 15 3190
f 5556 5648 4261
f 3493 5270 1978
f 103 6909 3131
f 5731 541 5614
f 4616 3866 5909
f 6540 2550 4812
f 223 3032 1158
f 4650 6202 5906
f 2035 5328 6281
f 712 2653 2696
f 4343 6171 2118
f 1527 3928 5509
f 4057 4273 6070
f 3383 5105 68
f 2686 5073 6882
f 2436 4875 5049
f 1817 5082 1656
f 3482 4688 3136
f 1148 6950 6078
f 2323 5009 6681
f 3975 3583 3030
f 4499 4903 6542
f 2478 5413 3684
f 5379 358 1273
f 1952 3422 845
f 2478 4322 5916
f 6348 2796 2190
f 971 4368 5194
f 3165 1917 4641
f 1083 4872 4126
f 2063 4784 2252
f 897 248 286
f 2429 2489 578
f 864 4411 3594
f 4905 590 2444
f 868 679 4997
f 1090 1022 4065
f 4205 1902 5712
f 247 6153 3619
f 3956 2513 5344
f 4077 819 3669
f 5731 6424 275
f 1980 1084 6642
f 43 510 252
f 1761 3950 3918
f 1292 6380 3738
f 4397 5602 71
f 5060 471 3192
f 556 4955 274
f 5091 1144 5816
f 67 2859 5553
f 3128 6183 5908
f 3335 3576 5121
f 1298 5977 1122
f 3715 3961 4995
f 1485 2609 1744
f 2014 2899 6557
f 3592 5783 2534
f 4058 5925 4708
f 455 6057 4249
f 5254 5840 1770
f 799 2902 6531
f 2555 2724 1588
f 1290 3964 4966
f 522 2248 5
f 2207 1104 4756
f 2314 2452 4463
f 563 846 6833
f 5328 2995 5775
f 3324 6209 3641
f 2481 6599 3180
f 1776 6820 5063
f 2752 5021 5294
f 597 5875 6655
f 711 1115 6948
f 2692 2236 5699
f 2764 1547 97
f 992 4744 2109
f 2786 264 896
f 2569 329 6900
f 6335 6376 1026
f 2744 6364 5758
f 2095 5487 1345
f 1665 5439 2150
f 750 3394 5028
f 2962 6221 3334
f 3600 2425 6303
f 203 761 5820
f 4735 2434 6951
f 683 296 4146
f 218 1157 5444
f 2561 5541 6670
f 2753 2593 4055
f 717 5898 370
f 1784 5698 2147
f 4991 6943 1982
f 4652 3625 1298
f 490 4639 3310
f 2276 3543 1978
f 5011 2872 6718
f 2737 3791 3849
f 4648 6269 2080
f 5245 6301 6458
f 4740 4535 4745
f 548 3189 2528
f 4691 6213 3170
f 4535 6591 4750
f 470 1386 1107
f 2753 4381 6035
f 4484 145 837
f 607 967 3946
f 4212 3364 5568
f 140 1038 437
f 6246 456 2838
f 2337 3571 4318
f 3100 5532 4451
f 738 3389 3089
f 2251 616 535
f 557 1553 6930
f 1509 6228 4521
f 2986 3398 2004
f 5095 4322 2478
f 780 3718 6379
f 217 5989 2280
f 4871 6245 5903
f 5209 6645 6701
f 2568 3692 1271
f 1658 221 5020
f 2855 1883 6258
f 2656 5097 3887
f 818 3462 3498
f 538 6884 214
f 2724 5652 1588
f 538 3243 819
f 4779 594 4446
f 1315 4010 4987
f 210 114 1615
f 829 1363 6264
f 2686 6882 2795
f 1215 3791 1642
f 560 4477 3964
f 1944 1134 5104
f 5575 6279 5431
f 1280 3562 5774
f 1965 832 4270
f 1755 344 2383
f 1561 3119 6625
f 2385 3334 4692
f 1170 3077 6643
f 118 5314 2847
f 5201 5307 5734
f 659 5591 6460
f 5905 2482 4430
f 509 1343 6477
f 2117 2892 6533
f 2235 6552 5405
f 1781 2558 3969
f 3220 6737 6267
f 1171 5607 997
f 221 272 5235
f 5633 2467 2789
f 3752 189 4957
f 1112 4179 2916
f 1364 5675 2493
f 224 121 1048
f 1322 3513 5832
f 1459 4465 2921
f 2922 6945 1471
f 3190 3475 940
f 6597 2694 1073
f 5061 2085 6334
f 4435 1838 464
f 3647 1790 6951
f 5743 6250 5983
f 2959 6184 6473
f 1253 4683 6700
f 2812 483 3439
f 1940 4341 2366
f 2349 4738 5168
f 5320 5599 2150
f 4240 3811 4837
f 1164 5859 755
f 3188 5817 5472
f 897 6027 2727
f 192 1413 2082
f 335 1321 1960
f 574 6950 5784
f 1400 6947 2392
f 5939 826 2261
f 4539 2165 6800
f 5419 6830 5444
f 1902 6908 2784
f 5328 5765 1346
f 3046 6888 40
f 2501 3823 5635
f 1949 1951 5275
f 4567 5095 2478
f 1618 5864 1956
f 2400 6282 6175
f 991 152 5103
f 1737 4752 6545
f 1763 6570 5640
f 3109 6459 6813
f 1400 2392 3722
f 113 3417 678
f 2414 5277 6232
f 1809 2053 4474
f 4838 2793 5615
f 2934 3793 6960
f 4386 895 6296
f 4228 932 2521
f 418 1618 6083
f 1664 5163 4025
f 361 3042 6204
f 2862 574 6690
f 1550 4931 2834
f 458 5604 5851
f 17 3033 2142
f 3953 2897 5398
f 747 2327 3142
f 104 3429 1372
f 3304 3514 3828
f 528 2548 3504
f 2777 1803 5452
f 1555 642 4963
f 617 6054 686
f 1317 5853 6286
f 853 1396 3853
f 2831 2346 4172
f 1166 2764 97
f 294 5881 5087
f 1911 2386 1894
f 1935 2464 1462
f 4552 4448 6464
f 128 6479 3943
f 2838 6144 4384
f 230 4472 5783
f 5517 6260 2576
f 1605 6795 1928
f 4554 6505 3378
f 5928 1070 4112
f 3537 5510 5112
f 4856 6699 2958
f 1636 5795 2146
f 3649 2874 5874
f 1986 685 3256
f 5026 5824 2222
f 1484 5768 967
f 620 1404 3871
f 1861 5731 5614
f 1655 3623 5523
f 92 213 3203
f 1572 5443 2642
f 2271 5940 3749
f 5140 6324 4176
f 233 47 6026
f 287 697 3788
f 582 1884 6958
f 3691 4851 2325
f 350 2955 4889
f 942 3012 2356
f 4375 4608 3313
f 349 2765 2338
f 3285 298 5845
f 606 4041 1465
f 5225 4027 5325
f 113 3799 2596
f 6249 6316 6669
f 3528 4515 6139
f 765 1611 4079
f 3293 3370 5343
f 808 6868 4212
f 159 3252 6320
f 4733 5229 6362
f 5328 5775 5765
f 475 6596 281
f 6101 406 808
f 276 4080 3062
f 2768 4674 907
f 3846 3121 5427
f 1009 98 6122
f 132 3604 1265
f 2257 2534 5783
f 5023 5068 2508
f 6210 1782 448
f 1164 23 3796
f 4019 3191 406
f 3508 615 4145
f 4910 5505 5259
f 192 2188 2258
f 4811 275 4242
f 102 5870 5967
f 2818 4261 3734
f 4970 6724 6645
f 155 4650 6717
f 5449 282 4806
f 1957 1713 2588
f 866 6574 2182
f 1628 6183 3585
f 3208 3123 1474
f 2178 1972 6480
f 826 523 2157
f 2975 1940 4346
f 1904 2142 6084
f 1811 620 3871
f 2652 3125 3479
f 14 6135 4903
f 3284 3317 6575
f 886 2814 4298
f 3448 2866 1878
f 5069 5653 2958
f 3143 4238 4747
f 2360 5550 4584
