v -0.0384 0.1281 0.0046
v -0.0451 0.1290 0.0022
v -0.0682 0.1514 0.0370
v -0.0021 0.1302 0.0231
v -0.0178 0.1279 0.0063
v -0.0253 0.1258 0.0051
v -0.0384 0.1280 0.0026
v 0.0315 0.1129 0.0302
v -0.0270 0.1094 0.0388
v -0.0229 0.1133 0.0378
v 0.0289 0.1201 0.0230
v -0.0622 0.1570 -0.0177
v 0.0400 0.1036 0.0241
v 0.0449 0.0940 0.0123
v -0.0325 0.1742 -0.0024
v -0.0743 0.1274 0.0528
v 0.0079 0.1315 0.0148
v 0.0394 0.1080 0.0077
v 0.0374 0.1003 -0.0093
v -0.0908 0.1414 0.0221
v -0.0848 0.1090 0.0232
v -0.0701 0.1563 0.0158
v -0.0857 0.1517 0.0271
v 0.0063 0.1255 0.0321
v 0.0093 0.1236 0.0340
v -0.0315 0.1258 0.0037
v -0.0497 0.1419 0.0123
v -0.0780 0.1362 0.0505
v -0.0033 0.1285 0.0278
v -0.0451 0.1237 0.0246
v -0.0790 0.0936 -0.0106
v 0.0222 0.1254 0.0215
v -0.0891 0.1246 0.0034
v 0.0399 0.1014 -0.0039
v 0.0423 0.1005 0.0010
v -0.0862 0.1170 0.0005
v -0.0325 0.1770 -0.0044
v -0.0766 0.1477 0.0413
v -0.0221 0.1126 0.0387
v -0.0197 0.1778 -0.0232
v -0.0396 0.1684 -0.0118
v -0.0312 0.1260 0.0075
v 0.0101 0.1287 0.0265
v -0.0467 0.1339 0.0153
v 0.0169 0.1228 0.0306
v 0.0189 0.1220 0.0314
v 0.0310 0.1157 0.0276
v -0.0405 0.1667 0.0035
v -0.0889 0.1288 0.0039
v -0.0539 0.1442 0.0261
v 0.0436 0.0980 0.0163
v 0.0439 0.0986 0.0103
v 0.0393 0.0951 0.0318
v -0.0544 0.1537 0.0176
v -0.0247 0.1566 -0.0041
v -0.0678 0.1460 0.0417
v -0.0722 0.1401 0.0475
v -0.0709 0.0636 0.0199
v -0.0908 0.1186 0.0058
v -0.0755 0.1274 0.0530
v -0.0405 0.1653 0.0038
v -0.0646 0.1613 -0.0179
v -0.0346 0.1268 0.0030
v -0.0697 0.1556 0.0071
v -0.0919 0.1159 0.0398
v -0.0603 0.1558 0.0106
v 0.0381 0.0967 -0.0092
v -0.0714 0.1660 -0.0185
v -0.0726 0.1652 -0.0170
v -0.0115 0.1201 0.0367
v -0.0084 0.1238 0.0338
v 0.0279 0.0927 0.0445
v -0.0134 0.1637 -0.0119
v -0.0437 0.1669 0.0038
v -0.0297 0.1251 0.0025
v -0.0424 0.1702 0.0005
v -0.0194 0.1126 0.0394
v -0.0908 0.1351 0.0197
v -0.0770 0.1275 0.0533
v -0.0852 0.1029 0.0008
v -0.0507 0.1446 0.0133
v 0.0310 0.1047 0.0359
v -0.0345 0.1712 -0.0008
v -0.0758 0.1407 0.0477
v -0.0387 0.1723 -0.0005
v 0.0390 0.1064 0.0230
v -0.0853 0.1089 0.0058
v 0.0452 0.0865 0.0211
v 0.0180 0.1273 0.0201
v -0.0019 0.0383 0.0473
v 0.0018 0.0374 0.0464
v -0.0172 0.1275 0.0033
v -0.0506 0.1565 0.0102
v -0.0355 0.1767 -0.0080
v 0.0401 0.1063 0.0043
v -0.0920 0.1271 0.0354
v 0.0375 0.0986 -0.0097
v 0.0409 0.0982 -0.0043
v 0.0425 0.0984 -0.0004
v 0.0320 0.1006 0.0373
v 0.0452 0.0908 0.0152
v -0.0304 0.1788 -0.0057
v -0.0284 0.1788 -0.0059
v -0.0724 0.1215 0.0537
v -0.0736 0.1457 0.0437
v -0.0615 0.1299 0.0401
v 0.0430 0.0940 0.0251
v -0.0122 0.1297 0.0166
v -0.0159 0.1288 0.0123
v 0.0115 0.1224 0.0341
v -0.0090 0.1280 0.0269
v -0.0649 0.1548 0.0297
v -0.0717 0.1550 0.0288
v 0.0195 0.1208 0.0327
v -0.0407 0.1731 -0.0037
v -0.0447 0.1704 -0.0038
v -0.0578 0.0397 0.0467
v -0.0560 0.0401 0.0469
v -0.0546 0.0407 0.0468
v -0.0500 0.1579 0.0093
v -0.0737 0.1480 0.0414
v -0.0137 0.1621 -0.0118
v -0.0739 0.1653 -0.0183
v 0.0387 0.1092 0.0109
v 0.0414 0.0951 -0.0051
v -0.0455 0.1625 0.0061
v -0.0435 0.1637 0.0052
v -0.0423 0.0396 0.0434
v -0.0416 0.0409 0.0429
v -0.0709 0.1677 -0.0223
v -0.0255 0.0905 0.0489
v -0.0358 0.1272 0.0023
v -0.0876 0.1378 0.0063
v -0.0145 0.1262 0.0268
v -0.0364 0.1742 -0.0115
v -0.0894 0.0917 0.0111
v -0.0343 0.1270 0.0043
v -0.0647 0.1576 -0.0111
v -0.0634 0.1557 -0.0119
v -0.0720 0.1396 -0.0072
v -0.0700 0.1430 0.0449
v -0.0754 0.1654 -0.0205
v -0.0767 0.1654 -0.0231
v 0.0286 0.1183 0.0273
v 0.0407 0.1006 0.0246
v 0.0407 0.1048 0.0162
v -0.0180 0.1112 0.0404
v -0.0749 0.1158 0.0518
v 0.0129 0.1156 0.0372
v 0.0125 0.1140 0.0382
v -0.0824 0.1103 0.0290
v -0.0154 0.1149 0.0387
v -0.0355 0.1712 0.0002
v -0.0365 0.1712 0.0006
v -0.0375 0.1712 0.0008
v -0.0385 0.1712 0.0008
v -0.0610 0.1193 -0.0099
v -0.0710 0.1678 -0.0488
v -0.0915 0.1461 0.0242
v -0.0151 0.1115 0.0410
v -0.0126 0.1153 0.0393
v 0.0032 0.0387 0.0460
v -0.0209 0.1148 0.0373
v -0.0902 0.1268 0.0052
v 0.0112 0.1138 0.0386
v 0.0277 0.1162 0.0310
v 0.0317 0.1030 -0.0138
v 0.0428 0.1004 0.0045
v 0.0008 0.1131 0.0419
v 0.0419 0.1030 0.0037
v 0.0394 0.0994 -0.0065
v -0.0721 0.1274 0.0524
v -0.0413 0.1703 0.0010
v 0.0038 0.1317 0.0104
v -0.0653 0.1509 0.0369
v 0.0347 0.1138 0.0223
v 0.0211 0.0393 0.0413
v 0.0176 0.0923 0.0484
v -0.0093 0.1165 0.0395
v -0.0799 0.0952 -0.0095
v 0.0410 0.1014 0.0226
v -0.0780 0.1134 -0.0038
v -0.0787 0.1354 -0.0049
v 0.0068 0.1057 -0.0209
v 0.0102 0.1059 -0.0202
v 0.0096 0.1301 0.0228
v 0.0052 0.1313 0.0189
v -0.0024 0.1311 0.0179
v -0.0368 0.1268 0.0185
v -0.0228 0.1240 0.0232
v -0.0713 0.1612 -0.0091
v -0.0620 0.1555 0.0072
v -0.0466 0.1327 0.0200
v -0.0562 0.0415 0.0464
v -0.0536 0.0426 0.0459
v -0.0518 0.0418 0.0458
v -0.0415 0.1638 0.0044
v -0.0051 0.1309 0.0094
v -0.0900 0.1351 0.0246
v -0.0072 0.1225 -0.0111
v -0.0470 0.0394 0.0449
v -0.0450 0.0426 0.0435
v -0.0330 0.1257 0.0191
v -0.0808 0.1506 0.0346
v -0.0638 0.1547 0.0038
v -0.0898 0.0918 0.0165
v 0.0215 0.1209 0.0316
v 0.0206 0.1225 0.0302
v -0.0654 0.1585 -0.0116
v -0.0327 0.1256 0.0009
v -0.0340 0.1258 -0.0007
v -0.0840 0.1071 0.0015
v 0.0393 0.1006 0.0280
v 0.0390 0.1080 0.0176
v -0.0536 0.1577 0.0095
v -0.0478 0.1574 0.0090
v -0.0375 0.1727 -0.0006
v 0.0445 0.0869 0.0240
v -0.0236 0.1578 -0.0034
v 0.0228 0.1219 0.0290
v -0.0107 0.1301 0.0123
v -0.0277 0.1167 0.0324
v -0.0254 0.1152 0.0341
v -0.0009 0.0415 0.0469
v 0.0037 0.0415 0.0459
v 0.0095 0.0410 0.0452
v -0.0480 0.1623 0.0065
v -0.0482 0.1602 0.0079
v -0.0465 0.1593 0.0078
v -0.0097 0.1118 0.0420
v -0.0080 0.1129 0.0415
v -0.0752 0.1319 0.0524
v -0.0612 0.1558 0.0224
v 0.0306 0.1186 0.0220
v 0.0385 0.1047 -0.0016
v -0.0833 0.1349 -0.0014
v -0.0365 0.1697 0.0010
v -0.0760 0.1228 0.0530
v 0.0357 0.1054 -0.0084
v -0.0705 0.1262 0.0525
v 0.0370 0.1053 -0.0050
v -0.0701 0.0964 -0.0160
v -0.0739 0.0944 -0.0146
v -0.0274 0.1803 -0.0072
v -0.0254 0.1802 -0.0087
v -0.0508 0.1639 0.0038
v -0.0597 0.1563 0.0064
v -0.0628 0.1550 0.0054
v -0.0353 0.1266 0.0176
v -0.0252 0.1262 0.0102
v -0.0702 0.1540 0.0319
v -0.0764 0.0975 0.0373
v -0.0387 0.1739 -0.0034
v -0.0580 0.0414 0.0460
v -0.0560 0.0437 0.0452
v -0.0525 0.0427 0.0456
v -0.0382 0.1266 -0.0030
v -0.0879 0.1357 0.0041
v -0.0489 0.0422 0.0446
v -0.0471 0.0425 0.0439
v -0.0425 0.0424 0.0427
v -0.0415 0.0424 0.0426
v -0.0414 0.0437 0.0421
v -0.0395 0.0423 0.0416
v -0.0691 0.1626 -0.0128
v -0.0669 0.1622 -0.0147
v -0.0665 0.1611 -0.0138
v -0.0312 0.1249 0.0011
v -0.0309 0.0362 0.0515
v -0.0291 0.0427 0.0515
v -0.0281 0.0421 0.0527
v -0.0263 0.0435 0.0527
v -0.0255 0.0435 0.0532
v -0.0257 0.0423 0.0537
v -0.0233 0.0432 0.0537
v 0.0091 0.1308 0.0193
v -0.0442 0.1653 0.0048
v 0.0223 0.1246 0.0239
v -0.0237 0.1568 -0.0055
v -0.0136 0.0431 0.0508
v -0.0072 0.0424 0.0488
v -0.0028 0.0427 0.0473
v 0.0012 0.0428 0.0461
v 0.0037 0.0427 0.0457
v 0.0067 0.0427 0.0454
v 0.0086 0.0427 0.0451
v 0.0202 0.1132 0.0370
v -0.0166 0.1279 0.0198
v -0.0530 0.1445 0.0225
v -0.0623 0.1729 -0.0541
v -0.0378 0.1725 -0.0115
v -0.0516 0.1296 0.0331
v -0.0650 0.1324 0.0423
v 0.0422 0.1021 0.0132
v 0.0261 0.1187 0.0293
v -0.0385 0.1697 0.0018
v -0.0939 0.1202 0.0241
v 0.0456 0.0895 0.0043
v -0.0066 0.1120 0.0419
v -0.0055 0.1114 0.0423
v -0.0768 0.1134 -0.0046
v -0.0480 0.1612 -0.0069
v -0.0432 0.1611 -0.0101
v -0.0506 0.0668 0.0369
v -0.0339 0.0934 -0.0240
v -0.0398 0.0930 -0.0233
v -0.0612 0.1555 0.0059
v -0.0690 0.1640 -0.0522
v -0.0648 0.1560 -0.0090
v -0.0044 0.1250 0.0327
v -0.0757 0.1506 0.0374
v -0.0668 0.1550 0.0288
v -0.0577 0.0450 0.0437
v -0.0538 0.0440 0.0450
v -0.0510 0.0438 0.0444
v -0.0470 0.0438 0.0432
v -0.0447 0.0439 0.0429
v -0.0425 0.0438 0.0421
v -0.0405 0.0438 0.0418
v -0.0395 0.0437 0.0413
v -0.0385 0.0437 0.0410
v -0.0144 0.1288 0.0186
v -0.0219 0.1261 0.0027
v -0.0252 0.1246 -0.0005
v -0.0269 0.1245 0.0005
v -0.0295 0.1245 0.0010
v -0.0306 0.0439 0.0503
v -0.0281 0.0454 0.0505
v -0.0275 0.0446 0.0508
v -0.0265 0.0447 0.0512
v -0.0255 0.0448 0.0520
v -0.0236 0.0462 0.0522
v -0.0233 0.0449 0.0530
v -0.0207 0.0448 0.0529
v -0.0662 0.1469 0.0400
v -0.0159 0.0448 0.0511
v -0.0112 0.0446 0.0494
v -0.0072 0.0444 0.0480
v -0.0049 0.0443 0.0474
v -0.0035 0.0443 0.0469
v -0.0025 0.0443 0.0467
v -0.0014 0.0442 0.0464
v 0.0012 0.0442 0.0460
v 0.0031 0.0442 0.0459
v 0.0045 0.0442 0.0460
v 0.0065 0.0441 0.0457
v 0.0079 0.0442 0.0454
v 0.0095 0.0441 0.0448
v 0.0189 0.1153 0.0365
v -0.0006 0.1226 0.0355
v 0.0067 0.1137 0.0404
v -0.0196 0.1171 0.0362
v -0.0798 0.1477 0.0397
v -0.0447 0.1295 0.0192
v -0.0805 0.1306 0.0526
v -0.0515 0.1550 0.0111
v -0.0395 0.1697 0.0019
v -0.0005 0.1043 -0.0223
v -0.0747 0.0901 -0.0147
v -0.0738 0.0881 -0.0154
v -0.0708 0.0918 -0.0162
v -0.0685 0.0912 -0.0166
v 0.0263 0.1198 0.0275
v -0.0395 0.1667 0.0031
v -0.0385 0.1667 0.0024
v -0.0045 0.1310 0.0158
v -0.0744 0.1362 0.0502
v -0.0177 0.1233 0.0295
v -0.0674 0.1592 -0.0093
v -0.0230 0.0911 0.0520
v -0.0437 0.1290 0.0043
v -0.0033 0.0973 0.0530
v 0.0462 0.0693 0.0238
v -0.0561 0.0452 0.0438
v -0.0525 0.0453 0.0436
v -0.0515 0.0453 0.0434
v -0.0498 0.0452 0.0427
v -0.0466 0.0456 0.0415
v -0.0441 0.0474 0.0402
v -0.0426 0.0460 0.0408
v -0.0416 0.0453 0.0414
v -0.0404 0.0453 0.0414
v -0.0385 0.0450 0.0406
v -0.0697 0.1559 0.0012
v -0.0715 0.1560 0.0249
v -0.0752 0.1552 0.0270
v -0.0060 0.0990 0.0505
v 0.0300 0.1132 -0.0077
v -0.0918 0.1161 0.0330
v -0.0299 0.0456 0.0494
v -0.0280 0.0470 0.0495
v -0.0260 0.0474 0.0501
v -0.0245 0.0474 0.0508
v -0.0245 0.0461 0.0516
v -0.0219 0.0462 0.0523
v -0.0201 0.0462 0.0521
v -0.0166 0.0460 0.0506
v -0.0146 0.0460 0.0499
v -0.0128 0.0459 0.0490
v -0.0105 0.0458 0.0484
v -0.0095 0.0458 0.0480
v -0.0085 0.0458 0.0477
v -0.0065 0.0457 0.0473
v -0.0055 0.0457 0.0472
v -0.0045 0.0457 0.0470
v -0.0025 0.0457 0.0470
v -0.0010 0.0457 0.0470
v 0.0005 0.0457 0.0473
v 0.0015 0.0458 0.0477
v 0.0027 0.0460 0.0483
v 0.0061 0.0459 0.0485
v 0.0075 0.0459 0.0478
v 0.0095 0.0456 0.0462
v -0.0349 0.1152 0.0329
v -0.0323 0.1165 0.0323
v -0.0472 0.1134 0.0349
v -0.0028 0.1114 0.0425
v 0.0430 0.0845 -0.0056
v -0.0077 0.1155 0.0403
v -0.0064 0.1152 0.0403
v -0.0347 0.1275 0.0096
v -0.0687 0.1456 0.0425
v 0.0209 0.1255 0.0232
v -0.0012 0.1130 0.0421
v 0.0303 0.0408 0.0286
v 0.0325 0.0458 0.0305
v -0.0491 0.1561 -0.0062
v -0.0286 0.1716 -0.0179
v -0.0305 0.0921 -0.0247
v -0.0326 0.0914 -0.0243
v -0.0299 0.0916 -0.0252
v -0.0897 0.1513 0.0148
v 0.0343 0.1134 0.0249
v 0.0368 0.1094 0.0249
v -0.0254 0.1818 -0.0089
v 0.0032 0.1307 0.0226
v 0.0067 0.1290 0.0268
v -0.0445 0.1282 0.0197
v -0.0292 0.1256 0.0088
v -0.0888 0.1206 0.0019
v -0.0049 0.0999 0.0490
v -0.0429 0.1683 0.0027
v -0.0663 0.1570 -0.0076
v -0.0633 0.1531 -0.0089
v -0.0557 0.0467 0.0421
v -0.0521 0.0464 0.0422
v -0.0505 0.0465 0.0414
v -0.0487 0.0465 0.0410
v -0.0473 0.0479 0.0395
v -0.0389 0.0469 0.0401
v -0.0375 0.0464 0.0401
v -0.0365 0.0464 0.0402
v -0.0236 0.0942 -0.0304
v -0.0307 0.1242 -0.0010
v -0.0320 0.1241 -0.0029
v -0.0233 0.0475 0.0510
v -0.0205 0.0474 0.0509
v -0.0188 0.0474 0.0504
v -0.0157 0.0473 0.0491
v -0.0145 0.0472 0.0484
v -0.0135 0.0472 0.0481
v -0.0125 0.0472 0.0480
v -0.0115 0.0472 0.0479
v -0.0105 0.0472 0.0478
v -0.0095 0.0472 0.0478
v -0.0085 0.0471 0.0477
v -0.0075 0.0471 0.0478
v -0.0065 0.0472 0.0483
v -0.0055 0.0473 0.0486
v -0.0043 0.0471 0.0488
v -0.0022 0.0474 0.0491
v 0.0015 0.0474 0.0498
v 0.0043 0.0476 0.0502
v 0.0062 0.0475 0.0499
v 0.0082 0.0473 0.0490
v 0.0095 0.0473 0.0483
v 0.0105 0.0471 0.0473
v -0.0763 0.1353 0.0511
v -0.0716 0.1438 0.0450
v -0.0677 0.1484 0.0400
v -0.0664 0.1483 0.0394
v -0.0809 0.0934 -0.0087
v -0.0778 0.1417 0.0469
v -0.0275 0.1787 -0.0067
v 0.0335 0.0454 0.0301
v 0.0354 0.0451 0.0301
v 0.0375 0.0455 0.0307
v 0.0387 0.0453 0.0306
v -0.0435 0.1605 0.0058
v -0.0127 0.1637 -0.0128
v 0.0327 0.1161 0.0236
v -0.0415 0.1682 0.0030
v 0.0393 0.1039 0.0259
v 0.0296 0.1034 0.0374
v -0.0256 0.1828 -0.0105
v -0.0246 0.1831 -0.0104
v 0.0014 0.1293 0.0264
v 0.0097 0.1221 0.0351
v -0.0746 0.1618 -0.0126
v -0.0438 0.1687 0.0020
v -0.0030 0.1295 0.0254
v -0.0641 0.1529 -0.0050
v -0.0684 0.1575 -0.0048
v -0.0690 0.1605 -0.0093
v -0.0575 0.0473 0.0403
v -0.0556 0.0482 0.0389
v -0.0544 0.0479 0.0402
v -0.0535 0.0478 0.0400
v -0.0517 0.0481 0.0390
v -0.0505 0.0477 0.0397
v -0.0495 0.0478 0.0395
v -0.0485 0.0478 0.0395
v -0.0455 0.0478 0.0397
v -0.0409 0.0480 0.0401
v -0.0375 0.0485 0.0395
v -0.0365 0.0478 0.0396
v -0.0355 0.0479 0.0396
v -0.0277 0.0486 0.0476
v -0.0259 0.0487 0.0488
v -0.0245 0.0487 0.0493
v -0.0233 0.0486 0.0494
v -0.0197 0.0488 0.0484
v -0.0185 0.0486 0.0482
v -0.0175 0.0486 0.0479
v -0.0165 0.0486 0.0476
v -0.0155 0.0486 0.0476
v -0.0145 0.0486 0.0479
v -0.0135 0.0486 0.0482
v -0.0125 0.0487 0.0488
v -0.0110 0.0486 0.0490
v -0.0095 0.0488 0.0496
v -0.0079 0.0489 0.0502
v -0.0056 0.0487 0.0501
v -0.0039 0.0490 0.0507
v -0.0023 0.0489 0.0506
v -0.0005 0.0489 0.0509
v 0.0011 0.0491 0.0514
v 0.0034 0.0489 0.0513
v 0.0057 0.0501 0.0519
v 0.0088 0.0488 0.0499
v 0.0104 0.0488 0.0487
v -0.0723 0.1232 0.0535
v 0.0452 0.0920 0.0038
v -0.0912 0.1132 0.0167
v -0.0738 0.1233 0.0535
v -0.0583 0.1559 0.0117
v -0.0766 0.1452 0.0440
v -0.0647 0.1483 0.0384
v -0.0630 0.1485 0.0375
v -0.0609 0.1482 0.0368
v 0.0023 0.1317 0.0156
v 0.0335 0.0469 0.0307
v 0.0347 0.0468 0.0307
v 0.0385 0.0476 0.0318
v 0.0406 0.0467 0.0314
v -0.0895 0.1421 0.0311
v -0.0772 0.1320 0.0526
v -0.0613 0.1512 0.0355
v 0.0438 0.0939 0.0229
v -0.0355 0.1727 -0.0003
v -0.0225 0.1832 -0.0115
v -0.0370 0.1280 0.0058
v -0.0725 0.1614 -0.0098
v -0.0554 0.0488 0.0364
v 0.0031 0.1133 0.0413
v -0.0535 0.0492 0.0374
v -0.0525 0.0490 0.0380
v -0.0515 0.0490 0.0376
v -0.0506 0.0491 0.0373
v -0.0495 0.0490 0.0378
v -0.0485 0.0491 0.0381
v -0.0470 0.0492 0.0387
v -0.0455 0.0491 0.0390
v -0.0438 0.0492 0.0395
v -0.0417 0.0495 0.0396
v -0.0365 0.0492 0.0391
v -0.0355 0.0492 0.0389
v -0.0032 0.0986 0.0514
v -0.0068 0.1009 0.0457
v -0.0430 0.1289 0.0136
v -0.0596 0.1558 0.0139
v -0.0730 0.1575 -0.0029
v -0.0262 0.0499 0.0463
v -0.0236 0.0498 0.0470
v -0.0225 0.0499 0.0465
v -0.0215 0.0499 0.0466
v -0.0205 0.0499 0.0464
v -0.0195 0.0499 0.0466
v -0.0185 0.0499 0.0468
v -0.0175 0.0499 0.0470
v -0.0165 0.0499 0.0474
v -0.0155 0.0500 0.0480
v -0.0145 0.0501 0.0487
v -0.0127 0.0502 0.0501
v -0.0110 0.0503 0.0505
v -0.0090 0.0502 0.0508
v -0.0061 0.0505 0.0515
v -0.0038 0.0504 0.0522
v -0.0020 0.0506 0.0528
v -0.0005 0.0505 0.0529
v 0.0005 0.0504 0.0524
v 0.0018 0.0505 0.0522
v 0.0039 0.0505 0.0526
v 0.0094 0.0510 0.0509
v -0.0624 0.1485 -0.0113
v -0.0912 0.1210 0.0069
v -0.0629 0.1601 -0.0201
v -0.0272 0.0911 -0.0317
v -0.0705 0.1726 -0.0530
v -0.0744 0.1292 0.0526
v -0.0622 0.1429 -0.0062
v -0.0947 0.1237 0.0192
v 0.0342 0.1119 -0.0029
v -0.0530 0.1400 0.0263
v -0.0614 0.1569 -0.0258
v -0.0845 0.1076 0.0236
v -0.0794 0.1450 0.0431
v -0.0895 0.1394 0.0310
v -0.0257 0.1247 0.0192
v 0.0334 0.0482 0.0313
v 0.0350 0.0494 0.0314
v 0.0389 0.0484 0.0321
v 0.0405 0.0485 0.0322
v -0.0402 0.1152 0.0338
v -0.0880 0.1215 -0.0001
v -0.0425 0.1653 0.0045
v 0.0264 0.1015 0.0413
v -0.0873 0.1196 -0.0004
v -0.0269 0.1819 -0.0134
v -0.0624 0.1491 -0.0042
v -0.0630 0.1517 -0.0075
v -0.0757 0.0945 0.0388
v -0.0021 0.1307 0.0206
v -0.0166 0.0985 0.0460
v -0.0080 0.1299 0.0215
v -0.0377 0.1249 0.0233
v -0.0505 0.0503 0.0363
v -0.0495 0.0504 0.0366
v -0.0485 0.0504 0.0373
v -0.0462 0.0506 0.0383
v -0.0438 0.0506 0.0391
v -0.0423 0.0510 0.0394
v -0.0394 0.0506 0.0393
v -0.0382 0.0520 0.0392
v -0.0347 0.0518 0.0381
v -0.0345 0.0505 0.0383
v -0.0335 0.0505 0.0382
v -0.0269 0.0511 0.0418
v -0.0255 0.0509 0.0434
v -0.0245 0.0510 0.0432
v -0.0235 0.0510 0.0436
v -0.0224 0.0510 0.0441
v -0.0214 0.0511 0.0449
v -0.0205 0.0512 0.0456
v -0.0195 0.0513 0.0464
v -0.0185 0.0514 0.0472
v -0.0175 0.0514 0.0480
v -0.0155 0.0515 0.0490
v -0.0145 0.0516 0.0495
v -0.0134 0.0517 0.0502
v -0.0124 0.0520 0.0510
v -0.0115 0.0517 0.0512
v -0.0101 0.0517 0.0513
v -0.0083 0.0525 0.0522
v -0.0069 0.0518 0.0522
v -0.0054 0.0519 0.0529
v -0.0016 0.0521 0.0542
v -0.0005 0.0520 0.0542
v 0.0005 0.0520 0.0534
v 0.0016 0.0522 0.0530
v 0.0041 0.0520 0.0533
v 0.0055 0.0519 0.0531
v 0.0074 0.0517 0.0520
v 0.0087 0.0525 0.0520
v -0.0732 0.1292 0.0521
v 0.0431 0.0968 0.0007
v 0.0446 0.0939 0.0166
v -0.0755 0.1289 0.0530
v -0.0765 0.1260 0.0529
v -0.0773 0.1294 0.0533
v -0.0844 0.1144 0.0471
v -0.0919 0.1173 0.0084
v 0.0045 0.1139 0.0409
v -0.0030 0.1222 0.0362
v 0.0157 0.1289 0.0189
v 0.0143 0.1286 0.0229
v 0.0338 0.0510 0.0327
v 0.0345 0.0498 0.0315
v 0.0367 0.0503 0.0317
v 0.0391 0.0501 0.0322
v 0.0409 0.0498 0.0325
v 0.0425 0.0499 0.0324
v -0.0705 0.1161 0.0521
v 0.0199 0.1269 0.0190
v 0.0409 0.1056 0.0100
v -0.0802 0.1401 0.0472
v -0.0158 0.1607 -0.0096
v -0.0773 0.1487 -0.0057
v -0.0650 0.1548 -0.0067
v 0.0136 0.1265 0.0287
v -0.0415 0.1230 0.0254
v -0.0701 0.1571 -0.0020
v 0.0160 0.1247 0.0291
v -0.0495 0.0519 0.0352
v -0.0485 0.0518 0.0366
v -0.0472 0.0521 0.0375
v -0.0437 0.0523 0.0390
v -0.0411 0.0527 0.0394
v -0.0325 0.0519 0.0374
v -0.0635 0.1586 -0.0160
v -0.0373 0.1212 0.0290
v -0.0327 0.1193 0.0297
v -0.0260 0.0523 0.0397
v -0.0244 0.0522 0.0414
v -0.0234 0.0523 0.0424
v -0.0225 0.0524 0.0435
v -0.0215 0.0525 0.0447
v -0.0205 0.0527 0.0460
v -0.0189 0.0528 0.0478
v -0.0175 0.0530 0.0492
v -0.0165 0.0530 0.0498
v -0.0155 0.0531 0.0500
v -0.0145 0.0531 0.0501
v -0.0135 0.0536 0.0506
v -0.0115 0.0534 0.0517
v -0.0102 0.0534 0.0519
v -0.0072 0.0533 0.0528
v -0.0049 0.0535 0.0537
v -0.0016 0.0535 0.0547
v -0.0004 0.0536 0.0547
v 0.0015 0.0534 0.0535
v 0.0025 0.0534 0.0535
v 0.0042 0.0533 0.0535
v 0.0055 0.0534 0.0533
v 0.0073 0.0556 0.0528
v 0.0105 0.0533 0.0519
v -0.0123 0.1215 0.0351
v 0.0361 0.1068 -0.0054
v -0.0625 0.1699 -0.0506
v -0.0429 0.1145 0.0343
v -0.0790 0.1288 0.0532
v -0.0266 0.1805 -0.0161
v -0.0789 0.1336 0.0518
v -0.0810 0.1345 0.0506
v -0.0005 0.1315 0.0104
v 0.0355 0.0513 0.0316
v 0.0373 0.0537 0.0315
v 0.0417 0.0519 0.0327
v 0.0439 0.0517 0.0325
v -0.0265 0.1153 0.0337
v -0.0580 0.1525 0.0321
v -0.0676 0.1500 0.0386
v 0.0292 0.1002 0.0406
v 0.0355 0.1002 0.0341
v 0.0299 0.1143 0.0308
v 0.0423 0.1025 0.0082
v -0.0301 0.1242 0.0204
v -0.0301 0.1188 0.0298
v 0.0139 0.1243 0.0315
v -0.0700 0.1521 0.0358
v -0.0624 0.1543 0.0305
v -0.0729 0.1554 0.0036
v -0.0716 0.1561 0.0121
v -0.0486 0.0536 0.0356
v -0.0474 0.0536 0.0370
v -0.0460 0.0534 0.0379
v -0.0426 0.0537 0.0394
v -0.0399 0.0538 0.0395
v -0.0372 0.0538 0.0390
v -0.0320 0.0531 0.0370
v -0.0305 0.0532 0.0368
v -0.0606 0.1552 0.0031
v -0.0624 0.1556 -0.0152
v -0.0881 0.1240 0.0006
v -0.0672 0.1560 0.0255
v -0.0248 0.0537 0.0406
v -0.0227 0.0535 0.0435
v -0.0214 0.0551 0.0457
v -0.0196 0.0548 0.0477
v -0.0175 0.0545 0.0497
v -0.0164 0.0550 0.0507
v -0.0155 0.0549 0.0509
v -0.0145 0.0553 0.0510
v -0.0115 0.0558 0.0522
v -0.0103 0.0557 0.0527
v -0.0080 0.0558 0.0532
v -0.0043 0.0549 0.0540
v -0.0013 0.0552 0.0549
v -0.0005 0.0549 0.0549
v 0.0015 0.0548 0.0538
v 0.0025 0.0548 0.0537
v 0.0059 0.0562 0.0531
v 0.0086 0.0561 0.0528
v 0.0095 0.0547 0.0526
v -0.0805 0.1260 0.0526
v -0.0787 0.1261 0.0530
v -0.0775 0.1260 0.0529
v -0.0497 0.1155 0.0335
v -0.0441 0.1165 0.0324
v -0.0336 0.1757 -0.0032
v -0.0805 0.1289 0.0529
v -0.0825 0.1292 0.0520
v -0.0359 0.1754 -0.0040
v -0.0620 0.1553 -0.0176
v -0.0098 0.1787 -0.0276
v 0.0388 0.1072 0.0020
v -0.0780 0.1714 -0.0378
v -0.0305 0.1773 -0.0044
v -0.0896 0.0984 0.0132
v -0.0740 0.1425 0.0464
v 0.0168 0.1146 0.0373
v 0.0261 0.1218 0.0242
v 0.0247 0.1236 0.0223
v -0.0289 0.1254 0.0054
v -0.0630 0.1499 0.0370
v -0.0873 0.1037 0.0078
v -0.0455 0.1652 0.0048
v 0.0177 0.1251 0.0270
v -0.0681 0.1535 0.0332
v -0.0628 0.1557 0.0099
v -0.0756 0.1551 0.0051
v -0.0579 0.1536 0.0301
v -0.0438 0.0580 0.0396
v -0.0422 0.0573 0.0401
v -0.0381 0.0559 0.0396
v -0.0298 0.0563 0.0365
v -0.0305 0.0546 0.0366
v -0.0295 0.0546 0.0363
v -0.0285 0.0546 0.0364
v -0.0104 0.1289 0.0235
v -0.0282 0.1253 0.0163
v -0.0733 0.1537 0.0322
v -0.0807 0.1549 0.0218
v -0.0793 0.1694 -0.0390
v -0.0772 0.0981 -0.0110
v -0.0124 0.1285 0.0020
v -0.0001 0.1312 0.0055
v 0.0114 0.1308 0.0121
v -0.0135 0.0560 0.0512
v -0.0129 0.0565 0.0517
v -0.0066 0.0564 0.0538
v -0.0055 0.0562 0.0539
v 0.0014 0.0577 0.0544
v 0.0015 0.0562 0.0542
v 0.0028 0.0561 0.0536
v 0.0108 0.0562 0.0526
v 0.0027 0.1240 0.0336
v 0.0045 0.1210 0.0359
v 0.0010 0.1234 0.0344
v 0.0405 0.0838 -0.0113
v 0.0122 0.1302 0.0186
v -0.0339 0.1122 0.0354
v -0.0370 0.1158 0.0324
v -0.0816 0.1259 0.0522
v 0.0456 0.0915 0.0103
v -0.0241 0.1251 0.0194
v 0.0042 0.1288 0.0272
v 0.0385 0.0554 0.0314
v 0.0413 0.0555 0.0320
v 0.0452 0.0557 0.0324
v 0.0459 0.0546 0.0323
v -0.0277 0.0932 -0.0268
v -0.0320 0.1189 -0.0115
v -0.0207 0.0868 0.0559
v 0.0190 0.1258 0.0240
v -0.0835 0.1512 0.0309
v 0.0389 0.1012 -0.0064
v -0.0775 0.1732 -0.0402
v -0.0606 0.1432 -0.0039
v -0.0735 0.1591 -0.0067
v -0.0684 0.1564 0.0218
v -0.0778 0.1532 0.0315
v 0.0273 0.1132 -0.0095
v -0.0362 0.1275 0.0147
v -0.0409 0.0576 0.0402
v -0.0393 0.0575 0.0402
v -0.0285 0.0563 0.0364
v -0.0273 0.0555 0.0371
v -0.0270 0.1228 0.0230
v 0.0157 0.1273 0.0254
v -0.0831 0.1535 0.0247
v -0.0944 0.1264 0.0205
v -0.0102 0.1296 0.0050
v 0.0170 0.1285 0.0168
v -0.0150 0.0583 0.0516
v -0.0364 0.1761 -0.0068
v -0.0117 0.0583 0.0534
v -0.0104 0.0586 0.0540
v -0.0089 0.0590 0.0550
v -0.0054 0.0579 0.0542
v -0.0045 0.0576 0.0539
v -0.0035 0.0576 0.0538
v -0.0021 0.0576 0.0541
v -0.0005 0.0576 0.0545
v 0.0005 0.0577 0.0546
v 0.0026 0.0576 0.0540
v 0.0055 0.0575 0.0534
v 0.0065 0.0575 0.0533
v 0.0085 0.0576 0.0530
v -0.0307 0.1142 0.0345
v -0.0167 0.1214 0.0329
v -0.0676 0.1623 -0.0560
v -0.0224 0.1263 0.0175
v 0.0059 0.1225 0.0349
v -0.0645 0.1585 -0.0133
v -0.0653 0.1594 -0.0136
v -0.0195 0.1209 0.0325
v -0.0644 0.1551 -0.0413
v 0.0410 0.1040 0.0019
v -0.0519 0.1477 0.0179
v -0.0925 0.1244 0.0303
v -0.0790 0.1275 0.0532
v 0.0375 0.0558 0.0315
v -0.0759 0.0676 0.0121
v -0.0757 0.1671 -0.0242
v 0.0102 0.1127 0.0393
v -0.0226 0.1847 -0.0123
v -0.0752 0.1590 -0.0087
v -0.0734 0.0888 0.0408
v -0.0081 0.1254 0.0312
v -0.0605 0.1523 0.0340
v 0.0023 0.1274 0.0293
v -0.0211 0.1275 0.0122
v -0.0790 0.1550 0.0248
v -0.0366 0.0576 0.0396
v -0.0298 0.0582 0.0369
v -0.0314 0.1785 -0.0123
v -0.0806 0.0978 -0.0075
v 0.0213 0.1264 0.0167
v -0.0165 0.0588 0.0515
v -0.0145 0.0588 0.0519
v -0.0127 0.0598 0.0538
v -0.0054 0.0604 0.0555
v -0.0035 0.0590 0.0540
v -0.0024 0.0591 0.0542
v -0.0004 0.0590 0.0549
v 0.0015 0.0591 0.0551
v 0.0029 0.0592 0.0552
v 0.0055 0.0603 0.0554
v 0.0067 0.0597 0.0543
v 0.0075 0.0590 0.0535
v 0.0093 0.0588 0.0528
v 0.0107 0.0589 0.0524
v -0.0151 0.1197 0.0359
v -0.0377 0.1132 0.0347
v 0.0083 0.1218 0.0356
v -0.0396 0.1280 0.0137
v -0.0375 0.1697 0.0016
v 0.0386 0.0569 0.0312
v 0.0397 0.0572 0.0311
v 0.0453 0.0585 0.0319
v 0.0466 0.0568 0.0321
v 0.0482 0.0571 0.0313
v 0.0448 0.0952 0.0058
v -0.0795 0.1231 0.0513
v -0.0865 0.1103 0.0084
v -0.0623 0.1522 -0.0255
v -0.0061 0.1296 0.0244
v -0.0795 0.0969 0.0349
v -0.0774 0.0892 0.0380
v -0.0283 0.1198 0.0287
v -0.0544 0.1526 0.0249
v 0.0112 0.1251 0.0315
v -0.0423 0.0595 0.0403
v -0.0396 0.0591 0.0405
v -0.0380 0.0592 0.0404
v -0.0346 0.0597 0.0394
v -0.0285 0.0588 0.0368
v -0.0276 0.0585 0.0372
v -0.0275 0.0621 0.0378
v 0.0081 0.1314 0.0098
v -0.0165 0.0602 0.0521
v -0.0155 0.0602 0.0525
v -0.0115 0.0604 0.0545
v -0.0098 0.0604 0.0554
v -0.0065 0.0605 0.0557
v -0.0045 0.0613 0.0556
v -0.0035 0.0605 0.0547
v -0.0024 0.0606 0.0554
v -0.0012 0.0606 0.0559
v 0.0028 0.0606 0.0561
v 0.0003 0.1194 0.0384
v -0.0945 0.1212 0.0198
v -0.0259 0.1200 0.0296
v -0.0216 0.1222 0.0289
v -0.0536 0.1447 0.0244
v -0.0815 0.1549 0.0175
v 0.0128 0.1302 0.0162
v -0.0622 0.1539 -0.0305
v -0.0454 0.1256 -0.0080
v -0.0699 0.1380 -0.0078
v -0.0845 0.1127 0.0019
v -0.0225 0.1597 -0.0028
v 0.0404 0.0596 0.0302
v 0.0465 0.0584 0.0318
v 0.0475 0.0584 0.0316
v 0.0487 0.0582 0.0311
v -0.0860 0.1400 0.0035
v -0.0635 0.1713 -0.0492
v -0.0736 0.1563 0.0143
v -0.0814 0.1114 0.0447
v -0.0922 0.1187 0.0268
v -0.0574 0.0590 0.0214
v 0.0126 0.1109 0.0394
v 0.0135 0.1126 0.0388
v -0.0354 0.1225 0.0268
v -0.0542 0.1511 0.0263
v -0.0824 0.1535 0.0084
v -0.0060 0.1275 0.0290
v -0.0760 0.1559 0.0219
v -0.0499 0.1343 0.0264
v -0.0394 0.0616 0.0413
v -0.0381 0.0605 0.0409
v -0.0358 0.0606 0.0403
v -0.0325 0.0616 0.0386
v -0.0285 0.0626 0.0375
v -0.0040 0.1305 0.0041
v -0.0067 0.1289 0.0262
v -0.0165 0.0617 0.0525
v -0.0155 0.0617 0.0531
v -0.0134 0.0621 0.0544
v -0.0115 0.0619 0.0550
v -0.0097 0.0618 0.0557
v -0.0080 0.0620 0.0561
v -0.0062 0.0619 0.0561
v -0.0035 0.0619 0.0557
v -0.0025 0.0620 0.0560
v -0.0011 0.0620 0.0565
v 0.0025 0.0620 0.0567
v 0.0041 0.0620 0.0563
v 0.0055 0.0620 0.0560
v 0.0066 0.0618 0.0553
v 0.0330 0.1034 0.0348
v -0.0018 0.1182 0.0392
v -0.0054 0.1192 0.0382
v -0.0674 0.1213 -0.0090
v -0.0399 0.0902 -0.0233
v -0.0944 0.1214 0.0231
v -0.0939 0.1187 0.0208
v -0.0521 0.0563 0.0186
v -0.0624 0.1500 -0.0101
v -0.0628 0.1504 -0.0239
v 0.0368 0.1105 0.0224
v -0.0881 0.0990 0.0230
v 0.0377 0.1081 0.0001
v -0.0342 0.0972 -0.0231
v 0.0427 0.0960 0.0245
v 0.0415 0.0597 0.0303
v 0.0446 0.0614 0.0303
v 0.0453 0.0598 0.0314
v 0.0473 0.0597 0.0314
v 0.0489 0.0597 0.0309
v 0.0513 0.0602 0.0299
v 0.0420 0.0896 -0.0084
v -0.0245 0.0915 -0.0341
v 0.0148 0.1115 0.0393
v -0.0775 0.1558 0.0154
v -0.0630 0.1506 -0.0048
v -0.0591 0.0602 0.0227
v -0.0555 0.0611 0.0263
v 0.0162 0.1129 0.0382
v 0.0185 0.1126 0.0375
v -0.0534 0.0610 0.0280
v 0.0138 0.1222 0.0335
v 0.0001 0.0982 0.0521
v 0.0159 0.1216 0.0328
v 0.0246 0.1243 0.0185
v -0.0436 0.0628 0.0404
v -0.0423 0.0626 0.0410
v -0.0410 0.0623 0.0412
v -0.0368 0.0623 0.0411
v -0.0352 0.0637 0.0408
v -0.0267 0.0623 0.0387
v 0.0185 0.1280 0.0115
v 0.0091 0.1269 0.0298
v -0.0595 0.1553 0.0230
v -0.0165 0.0642 0.0529
v -0.0155 0.0631 0.0533
v -0.0391 0.1745 -0.0064
v -0.0122 0.0635 0.0550
v -0.0097 0.0633 0.0558
v -0.0074 0.0634 0.0563
v -0.0047 0.0634 0.0562
v -0.0035 0.0634 0.0563
v -0.0026 0.0644 0.0567
v -0.0001 0.0634 0.0567
v 0.0015 0.0634 0.0568
v 0.0032 0.0634 0.0567
v 0.0047 0.0634 0.0564
v 0.0065 0.0633 0.0558
v 0.0123 0.1198 0.0356
v -0.0868 0.1212 -0.0017
v -0.0885 0.1515 0.0227
v -0.0615 0.1582 -0.0315
v 0.0434 0.0897 -0.0040
v -0.0139 0.1238 0.0316
v 0.0405 0.0610 0.0298
v 0.0415 0.0610 0.0295
v 0.0425 0.0610 0.0297
v 0.0476 0.0613 0.0308
v 0.0500 0.0611 0.0303
v -0.0043 0.1268 0.0304
v -0.0335 0.1743 -0.0018
v 0.0354 0.1089 -0.0045
v -0.0295 0.1773 -0.0051
v -0.0280 0.1257 0.0100
v -0.0436 0.1285 0.0014
v -0.0673 0.1549 0.0028
v -0.0014 0.1000 0.0491
v -0.0661 0.1558 -0.0058
v -0.0383 0.1620 -0.0128
v -0.0418 0.1537 -0.0080
v -0.0586 0.0628 0.0290
v -0.0545 0.0625 0.0301
v -0.0535 0.0626 0.0305
v -0.0524 0.0626 0.0314
v -0.0514 0.0627 0.0327
v -0.0503 0.0627 0.0340
v 0.0026 0.1257 0.0320
v -0.0368 0.0647 0.0415
v -0.0334 0.0645 0.0398
v -0.0306 0.0657 0.0387
v -0.0295 0.0638 0.0379
v -0.0453 0.1315 0.0129
v -0.0156 0.0656 0.0537
v -0.0145 0.0645 0.0535
v -0.0135 0.0646 0.0540
v -0.0090 0.0674 0.0555
v -0.0061 0.0651 0.0562
v -0.0012 0.0653 0.0567
v 0.0007 0.0653 0.0566
v 0.0035 0.0649 0.0566
v 0.0052 0.0647 0.0562
v 0.0084 0.0647 0.0552
v 0.0139 0.1180 0.0362
v -0.0764 0.1549 -0.0046
v -0.0737 0.1553 -0.0270
v -0.0845 0.0980 -0.0026
v -0.0775 0.1750 -0.0490
v -0.0175 0.1196 0.0348
v 0.0031 0.1176 0.0392
v 0.0053 0.1205 0.0361
v 0.0065 0.1196 0.0369
v 0.0078 0.1188 0.0373
v -0.0181 0.1873 -0.0189
v -0.0465 0.1207 0.0278
v -0.0455 0.1206 0.0275
v -0.0922 0.1162 0.0367
v -0.0506 0.1228 -0.0104
v 0.0200 0.1078 -0.0163
v -0.0943 0.1221 0.0164
v 0.0406 0.0625 0.0297
v 0.0415 0.0624 0.0290
v 0.0425 0.0624 0.0288
v 0.0435 0.0637 0.0281
v 0.0505 0.0625 0.0298
v 0.0517 0.0625 0.0294
v 0.0351 0.1110 0.0266
v -0.0420 0.1668 0.0038
v -0.0468 0.1675 -0.0053
v -0.0466 0.1324 0.0072
v -0.0928 0.1194 0.0104
v -0.0875 0.0954 0.0033
v -0.0785 0.1625 -0.0259
v -0.0784 0.1216 0.0516
v -0.0407 0.1281 0.0008
v -0.0234 0.0730 0.0497
v -0.0616 0.1040 -0.0181
v -0.0590 0.1043 -0.0185
v -0.0758 0.1128 -0.0058
v -0.0610 0.0897 -0.0192
v -0.0309 0.0901 -0.0249
v -0.0525 0.0642 0.0336
v -0.0513 0.0645 0.0346
v -0.0504 0.0643 0.0350
v -0.0495 0.0643 0.0357
v -0.0440 0.0670 0.0405
v -0.0419 0.0660 0.0413
v 0.0158 0.1291 0.0126
v -0.0471 0.1341 0.0106
v 0.0470 0.0680 0.0257
v -0.0167 0.0662 0.0535
v -0.0145 0.0659 0.0537
v -0.0135 0.0659 0.0538
v -0.0125 0.0660 0.0542
v -0.0106 0.0673 0.0550
v 0.0023 0.0674 0.0560
v 0.0040 0.0674 0.0559
v 0.0054 0.0673 0.0556
v 0.0067 0.0675 0.0553
v 0.0085 0.0660 0.0550
v 0.0160 0.1178 0.0358
v 0.0194 0.1178 0.0352
v -0.0390 0.1276 -0.0002
v -0.0250 0.1181 0.0322
v 0.0097 0.1205 0.0361
v -0.0190 0.1194 0.0344
v -0.0222 0.1183 0.0338
v -0.0945 0.1231 0.0231
v -0.0491 0.1221 -0.0115
v 0.0406 0.0639 0.0298
v 0.0417 0.0641 0.0285
v 0.0425 0.0642 0.0279
v 0.0463 0.0659 0.0276
v 0.0465 0.0638 0.0292
v 0.0485 0.0640 0.0292
v 0.0502 0.0643 0.0289
v -0.0209 0.1829 -0.0213
v -0.0627 0.0746 0.0407
v -0.0615 0.1584 -0.0287
v -0.0614 0.1560 0.0201
v -0.0661 0.0900 -0.0181
v -0.0632 0.0936 -0.0188
v -0.0716 0.1137 -0.0084
v -0.0328 0.0891 -0.0249
v -0.0360 0.1652 -0.0145
v -0.0448 0.1521 -0.0062
v -0.0545 0.0893 -0.0223
v -0.0418 0.0884 -0.0220
v -0.0487 0.0658 0.0373
v -0.0444 0.1305 0.0095
v -0.0460 0.0656 0.0391
v -0.0402 0.0668 0.0418
v -0.0385 0.0663 0.0418
v -0.0373 0.0677 0.0417
v -0.0357 0.0665 0.0413
v -0.0333 0.0667 0.0403
v -0.0320 0.0686 0.0400
v -0.0293 0.0678 0.0389
v -0.0275 0.0669 0.0391
v -0.0266 0.0656 0.0396
v -0.0742 0.1555 0.0013
v 0.0453 0.0684 0.0249
v -0.0823 0.1547 0.0152
v -0.0154 0.0684 0.0547
v -0.0146 0.0685 0.0546
v -0.0135 0.0674 0.0539
v -0.0125 0.0673 0.0541
v -0.0057 0.0674 0.0561
v -0.0018 0.0675 0.0567
v 0.0090 0.0676 0.0549
v 0.0220 0.1122 0.0369
v -0.0915 0.1406 0.0188
v 0.0369 0.1107 0.0027
v -0.0732 0.1562 0.0204
v -0.0552 0.1539 0.0228
v -0.0241 0.1194 0.0314
v -0.0278 0.1190 0.0303
v -0.0338 0.1180 0.0313
v 0.0143 0.1199 0.0351
v -0.0501 0.1448 0.0115
v -0.0687 0.0642 0.0238
v -0.0778 0.1569 -0.0168
v -0.0875 0.1104 0.0169
v -0.0887 0.1014 0.0099
v 0.0436 0.0650 0.0273
v 0.0484 0.0670 0.0272
v 0.0525 0.0651 0.0279
v 0.0544 0.0660 0.0267
v -0.0867 0.1280 -0.0012
v 0.0447 0.0909 0.0204
v -0.0776 0.1570 -0.0145
v 0.0001 0.1312 0.0186
v 0.0175 0.1217 0.0319
v -0.0821 0.1530 0.0283
v -0.0789 0.1312 -0.0054
v -0.0427 0.1050 -0.0207
v -0.0593 0.0897 -0.0204
v -0.0830 0.1177 -0.0027
v -0.0086 0.0905 -0.0363
v -0.0062 0.0905 -0.0359
v -0.0726 0.0646 0.0188
v -0.0631 0.1125 -0.0138
v 0.0137 0.1068 -0.0189
v -0.0044 0.1030 -0.0233
v -0.0369 0.1259 0.0209
v -0.0458 0.0677 0.0400
v -0.0419 0.0678 0.0415
v -0.0420 0.0689 0.0417
v -0.0343 0.0691 0.0414
v -0.0286 0.0683 0.0391
v -0.0265 0.0685 0.0412
v 0.0315 0.1184 0.0171
v -0.0167 0.1267 0.0238
v -0.0663 0.1641 -0.0193
v -0.0179 0.0683 0.0536
v -0.0167 0.0706 0.0548
v -0.0125 0.0688 0.0543
v -0.0115 0.0689 0.0549
v -0.0088 0.0688 0.0557
v -0.0054 0.0688 0.0564
v -0.0026 0.0690 0.0567
v -0.0013 0.0689 0.0566
v 0.0006 0.0688 0.0563
v 0.0027 0.0688 0.0558
v 0.0044 0.0697 0.0557
v 0.0065 0.0689 0.0555
v 0.0068 0.1171 0.0385
v 0.0057 0.1171 0.0387
v -0.0344 0.1773 -0.0069
v -0.0838 0.1024 -0.0025
v -0.0932 0.1268 0.0124
v -0.0372 0.1196 0.0304
v -0.0744 0.1575 -0.0050
v -0.0918 0.1283 0.0321
v -0.0689 0.1232 0.0529
v 0.0433 0.0963 0.0222
v 0.0425 0.0663 0.0274
v 0.0435 0.0664 0.0265
v 0.0446 0.0664 0.0264
v 0.0500 0.0668 0.0274
v 0.0521 0.0664 0.0273
v -0.0900 0.1350 0.0102
v -0.0783 0.1750 -0.0480
v -0.0111 0.1277 0.0260
v -0.0585 0.1555 0.0204
v -0.0604 0.1224 -0.0087
v -0.0222 0.1059 -0.0224
v -0.0353 0.0885 -0.0243
v -0.0831 0.1143 -0.0012
v -0.0603 0.0364 0.0454
v -0.0046 0.0913 -0.0355
v -0.0049 0.1045 -0.0229
v 0.0091 0.1044 -0.0206
v -0.0705 0.1583 -0.0041
v -0.0459 0.0707 0.0414
v -0.0438 0.0691 0.0414
v -0.0276 0.0712 0.0407
v -0.0282 0.1247 0.0184
v -0.0782 0.1501 0.0373
v -0.0564 0.1532 0.0287
v -0.0145 0.0702 0.0547
v -0.0135 0.0702 0.0544
v -0.0110 0.0713 0.0560
v -0.0084 0.0718 0.0574
v -0.0063 0.0718 0.0580
v -0.0039 0.0719 0.0582
v -0.0020 0.0700 0.0571
v 0.0003 0.0704 0.0567
v 0.0023 0.0711 0.0562
v 0.0065 0.0715 0.0562
v 0.0151 0.1154 0.0372
v 0.0038 0.1156 0.0402
v -0.0790 0.1021 -0.0083
v -0.0464 0.1178 0.0307
v -0.0069 0.1180 0.0386
v -0.0894 0.0986 0.0183
v -0.0897 0.1350 0.0076
v -0.0535 0.1463 0.0234
v -0.0885 0.1029 0.0168
v -0.0898 0.1333 0.0395
v -0.0705 0.1232 0.0534
v -0.0674 0.1300 -0.0090
v 0.0436 0.0678 0.0262
v 0.0446 0.0678 0.0254
v 0.0521 0.0686 0.0257
v 0.0538 0.0684 0.0254
v -0.0894 0.0956 0.0168
v 0.0410 0.1002 -0.0026
v -0.0582 0.1574 0.0070
v -0.0749 0.1527 0.0340
v -0.0393 0.1042 -0.0204
v -0.0697 0.1282 -0.0092
v -0.0580 0.1441 -0.0021
v -0.0785 0.1155 -0.0048
v -0.0208 0.1048 -0.0227
v -0.0729 0.1165 -0.0074
v -0.0364 0.1691 -0.0138
v -0.0725 0.1065 -0.0111
v -0.0428 0.0884 -0.0218
v -0.0056 0.0885 -0.0363
v -0.0071 0.1036 -0.0232
v -0.0018 0.0897 -0.0354
v -0.0678 0.1325 -0.0086
v -0.0446 0.0709 0.0420
v -0.0433 0.0706 0.0421
v -0.0390 0.0732 0.0420
v -0.0364 0.0722 0.0421
v -0.0314 0.0726 0.0403
v -0.0297 0.0729 0.0402
v -0.0286 0.0714 0.0401
v -0.0140 0.1276 0.0241
v -0.0580 0.1555 0.0165
v 0.0442 0.0707 0.0246
v -0.0554 0.1546 0.0151
v -0.0155 0.0716 0.0551
v -0.0136 0.0716 0.0548
v -0.0019 0.0717 0.0579
v 0.0009 0.0722 0.0571
v 0.0052 0.0727 0.0564
v 0.0080 0.0722 0.0561
v 0.0111 0.1167 0.0374
v -0.0620 0.1737 -0.0554
v -0.0044 0.1181 0.0392
v -0.0015 0.1150 0.0412
v -0.0518 0.1613 0.0065
v -0.0470 0.1643 0.0051
v -0.0883 0.1297 0.0026
v -0.0440 0.1211 -0.0126
v -0.0737 0.1203 0.0535
v -0.0413 0.1180 0.0315
v -0.0391 0.1181 0.0313
v -0.0537 0.1532 0.0161
v -0.0539 0.1462 0.0244
v -0.0924 0.1263 0.0383
v 0.0446 0.0691 0.0247
v -0.0094 0.1681 -0.0197
v 0.0483 0.0694 0.0247
v -0.0439 0.1677 -0.0086
v -0.0504 0.1621 -0.0046
v -0.0628 0.1664 -0.0419
v -0.0559 0.1573 0.0093
v -0.0330 0.1242 0.0221
v 0.0059 0.0899 -0.0331
v -0.0278 0.1624 -0.0151
v -0.0514 0.1563 -0.0046
v -0.0741 0.1326 -0.0076
v -0.0759 0.0701 0.0251
v -0.0557 0.0709 0.0393
v -0.0446 0.0895 -0.0221
v -0.0100 0.1062 -0.0227
v 0.0098 0.1073 -0.0198
v -0.0535 0.1517 -0.0030
v -0.0697 0.1363 -0.0082
v -0.0020 0.1037 -0.0227
v -0.0475 0.0718 0.0410
v -0.0434 0.0730 0.0425
v -0.0306 0.0737 0.0403
v -0.0693 0.1661 -0.0199
v -0.0673 0.1563 0.0180
v -0.0179 0.0751 0.0554
v -0.0160 0.0743 0.0557
v -0.0145 0.0730 0.0554
v -0.0127 0.0726 0.0558
v -0.0104 0.0734 0.0567
v -0.0083 0.0731 0.0576
v -0.0064 0.0735 0.0584
v -0.0040 0.0733 0.0587
v -0.0015 0.0739 0.0585
v 0.0034 0.0742 0.0563
v 0.0065 0.0741 0.0566
v -0.0128 0.1181 0.0378
v -0.0168 0.1155 0.0380
v -0.0716 0.1753 -0.0537
v -0.0155 0.1169 0.0372
v -0.0145 0.1169 0.0378
v -0.0755 0.1203 0.0531
v -0.0105 0.1178 0.0384
v -0.0406 0.1197 0.0298
v -0.0934 0.1190 0.0248
v -0.0251 0.0928 -0.0318
v -0.0816 0.1245 0.0516
v 0.0403 0.1032 -0.0010
v -0.0628 0.1487 -0.0169
v 0.0412 0.1048 0.0057
v -0.0837 0.1076 0.0255
v -0.0585 0.1235 -0.0080
v 0.0456 0.0922 0.0073
v 0.0001 0.1001 0.0482
v -0.0440 0.1296 0.0140
v -0.0732 0.1551 0.0278
v -0.0100 0.1780 -0.0296
v -0.0722 0.1501 0.0386
v 0.0036 0.0911 -0.0329
v -0.0627 0.0649 0.0307
v -0.0510 0.0869 -0.0216
v -0.0579 0.0736 0.0414
v -0.0548 0.0730 0.0407
v -0.0534 0.0728 0.0407
v -0.0524 0.0733 0.0415
v -0.0507 0.0734 0.0418
v -0.0486 0.0733 0.0416
v -0.0475 0.0733 0.0416
v -0.0465 0.0736 0.0419
v -0.0456 0.0742 0.0421
v -0.0442 0.0741 0.0425
v -0.0422 0.0736 0.0426
v -0.0398 0.0746 0.0424
v -0.0339 0.0758 0.0417
v -0.0286 0.0732 0.0408
v -0.0136 0.0745 0.0564
v -0.0117 0.0744 0.0566
v -0.0105 0.0745 0.0567
v -0.0095 0.0745 0.0570
v -0.0085 0.0746 0.0575
v -0.0050 0.0747 0.0587
v -0.0030 0.0747 0.0588
v 0.0026 0.0758 0.0564
v 0.0045 0.0745 0.0566
v 0.0087 0.0747 0.0562
v -0.0175 0.1168 0.0368
v -0.0165 0.1168 0.0369
v 0.0008 0.1165 0.0401
v -0.0752 0.1177 0.0526
v -0.0278 0.1552 -0.0034
v -0.0611 0.1676 -0.0597
v -0.0803 0.1246 0.0521
v 0.0075 0.1238 0.0340
v -0.0873 0.1419 0.0098
v -0.0935 0.1278 0.0149
v 0.0243 0.1025 0.0422
v 0.0150 0.0933 0.0507
v -0.0632 0.1606 -0.0523
v 0.0434 0.0903 0.0250
v -0.0898 0.1407 0.0292
v -0.0266 0.0931 -0.0291
v -0.0741 0.1440 -0.0080
v -0.0713 0.1567 -0.0003
v -0.0236 0.1844 -0.0124
v -0.0654 0.1547 0.0037
v -0.0766 0.1556 0.0109
v -0.0455 0.1312 0.0188
v -0.0354 0.1744 -0.0021
v -0.0088 0.1002 0.0478
v -0.0798 0.0705 0.0142
v -0.0589 0.0745 0.0418
v -0.0546 0.0757 0.0424
v -0.0534 0.0748 0.0421
v -0.0520 0.0749 0.0425
v -0.0506 0.0749 0.0428
v -0.0490 0.0748 0.0426
v -0.0475 0.0747 0.0423
v -0.0417 0.0773 0.0432
v -0.0380 0.0746 0.0420
v -0.0362 0.0761 0.0420
v -0.0296 0.0758 0.0410
v -0.0287 0.0745 0.0412
v -0.0698 0.1562 0.0237
v -0.0562 0.1540 0.0259
v -0.0388 0.1222 0.0278
v -0.0193 0.0766 0.0551
v -0.0167 0.0771 0.0561
v -0.0138 0.0759 0.0567
v -0.0105 0.0777 0.0577
v -0.0105 0.0759 0.0572
v -0.0095 0.0759 0.0572
v -0.0085 0.0759 0.0574
v -0.0075 0.0760 0.0578
v -0.0049 0.0769 0.0586
v -0.0030 0.0764 0.0588
v -0.0012 0.0760 0.0586
v 0.0007 0.0762 0.0580
v 0.0043 0.0760 0.0564
v 0.0061 0.0759 0.0565
v 0.0085 0.0770 0.0560
v -0.0039 0.1152 0.0408
v -0.0266 0.1137 0.0352
v 0.0065 0.1155 0.0396
v -0.0695 0.1210 0.0532
v -0.0637 0.1748 -0.0531
v 0.0412 0.0915 -0.0088
v -0.0240 0.1221 0.0271
v -0.0623 0.0358 0.0434
v -0.0566 0.1217 -0.0091
v -0.0888 0.0989 0.0208
v -0.0852 0.1395 0.0020
v -0.0747 0.1638 -0.0364
v -0.0489 0.1392 0.0125
v -0.0501 0.1656 -0.0005
v -0.0715 0.1628 -0.0438
v -0.0170 0.1248 0.0269
v -0.0746 0.1668 -0.0222
v -0.0629 0.0854 -0.0191
v -0.0615 0.0761 0.0417
v -0.0588 0.0762 0.0427
v -0.0575 0.0762 0.0428
v -0.0562 0.0766 0.0430
v -0.0497 0.0773 0.0438
v -0.0485 0.0762 0.0432
v -0.0475 0.0762 0.0429
v -0.0465 0.0762 0.0424
v -0.0455 0.0775 0.0422
v -0.0429 0.0775 0.0429
v -0.0403 0.0772 0.0431
v -0.0378 0.0774 0.0424
v -0.0316 0.0768 0.0411
v -0.0306 0.0774 0.0411
v -0.0731 0.1666 -0.0202
v -0.0328 0.1776 -0.0056
v -0.0179 0.0773 0.0559
v -0.0154 0.0774 0.0565
v -0.0145 0.0773 0.0566
v -0.0085 0.0774 0.0577
v -0.0074 0.0774 0.0577
v -0.0020 0.0779 0.0585
v -0.0000 0.0775 0.0582
v 0.0035 0.0773 0.0562
v 0.0045 0.0772 0.0561
v -0.0259 0.1219 -0.0069
v -0.0145 0.1183 0.0371
v -0.0456 0.1192 0.0292
v -0.0616 0.1553 -0.0209
v -0.0785 0.1246 0.0523
v -0.0853 0.1112 0.0337
v -0.0696 0.1566 -0.0509
v -0.0864 0.0954 0.0013
v -0.0618 0.1603 -0.0358
v -0.0386 0.1739 -0.0097
v 0.0310 0.1165 -0.0016
v -0.0869 0.1125 0.0247
v 0.0241 0.1232 0.0247
v -0.0417 0.1726 -0.0049
v -0.0717 0.1564 0.0206
v -0.0119 0.0985 0.0500
v -0.0629 0.0779 0.0420
v -0.0609 0.0790 0.0427
v -0.0578 0.0788 0.0437
v -0.0535 0.0776 0.0431
v -0.0525 0.0782 0.0434
v -0.0484 0.0778 0.0438
v -0.0472 0.0776 0.0432
v -0.0445 0.0776 0.0423
v -0.0354 0.0776 0.0419
v -0.0330 0.0775 0.0413
v -0.0681 0.0854 0.0433
v -0.0906 0.1158 0.0296
v -0.0222 0.0791 0.0552
v -0.0189 0.0803 0.0571
v -0.0175 0.0787 0.0567
v -0.0165 0.0787 0.0568
v -0.0142 0.0799 0.0569
v -0.0107 0.0790 0.0579
v -0.0090 0.0793 0.0581
v -0.0075 0.0788 0.0577
v -0.0059 0.0794 0.0577
v -0.0005 0.0798 0.0577
v 0.0015 0.0787 0.0573
v 0.0025 0.0787 0.0568
v 0.0035 0.0786 0.0562
v 0.0045 0.0786 0.0559
v 0.0060 0.0786 0.0558
v -0.0773 0.1569 -0.0122
v -0.0455 0.1220 0.0261
v -0.0775 0.1246 0.0524
v -0.0495 0.1388 0.0164
v -0.0791 0.1309 0.0528
v -0.0340 0.1765 -0.0117
v -0.0515 0.1579 0.0095
v -0.0266 0.1804 -0.0077
v -0.0638 0.1559 0.0242
v -0.0871 0.1528 0.0157
v -0.0435 0.1713 -0.0050
v -0.0785 0.1557 0.0184
v -0.0932 0.1165 0.0183
v -0.0557 0.1545 0.0194
v -0.0255 0.0890 -0.0354
v -0.0650 0.0804 0.0429
v -0.0565 0.0791 0.0442
v -0.0555 0.0791 0.0442
v -0.0543 0.0807 0.0449
v -0.0535 0.0791 0.0439
v -0.0514 0.0805 0.0441
v -0.0495 0.0791 0.0441
v -0.0459 0.0817 0.0433
v -0.0455 0.0792 0.0424
v -0.0445 0.0796 0.0421
v -0.0417 0.0790 0.0430
v -0.0405 0.0790 0.0431
v -0.0395 0.0790 0.0430
v -0.0385 0.0790 0.0428
v -0.0375 0.0790 0.0426
v -0.0361 0.0796 0.0427
v -0.0334 0.0802 0.0416
v -0.0315 0.0789 0.0411
v -0.0306 0.0789 0.0416
v -0.0295 0.0787 0.0428
v -0.0312 0.1779 -0.0048
v -0.0175 0.0801 0.0573
v -0.0165 0.0801 0.0572
v -0.0155 0.0801 0.0570
v -0.0146 0.0821 0.0570
v -0.0100 0.0813 0.0581
v -0.0065 0.0802 0.0576
v -0.0037 0.0805 0.0577
v 0.0010 0.0798 0.0573
v 0.0033 0.0801 0.0565
v 0.0053 0.0800 0.0558
v 0.0065 0.0800 0.0556
v 0.0080 0.0801 0.0554
v 0.0100 0.0805 0.0548
v -0.0265 0.1166 0.0325
v -0.0319 0.1786 -0.0074
v -0.0265 0.1181 0.0315
v -0.0415 0.1653 0.0042
v -0.0465 0.1221 0.0271
v -0.0765 0.1246 0.0527
v -0.0864 0.1064 0.0082
v -0.0415 0.1250 -0.0084
v -0.0927 0.1232 0.0091
v 0.0446 0.0904 -0.0010
v -0.0270 0.1556 -0.0036
v -0.0263 0.1827 -0.0106
v -0.0436 0.1257 0.0201
v -0.0416 0.1263 0.0193
v -0.0302 0.1202 0.0277
v -0.0824 0.1068 -0.0017
v -0.0810 0.1154 -0.0030
v -0.0633 0.0820 0.0439
v -0.0609 0.0813 0.0433
v -0.0605 0.0804 0.0431
v -0.0596 0.0814 0.0434
v -0.0579 0.0804 0.0439
v -0.0565 0.0805 0.0445
v -0.0555 0.0806 0.0448
v -0.0525 0.0806 0.0443
v -0.0485 0.0805 0.0440
v -0.0470 0.0817 0.0438
v -0.0425 0.0804 0.0424
v -0.0407 0.0805 0.0427
v -0.0395 0.0804 0.0429
v -0.0385 0.0805 0.0432
v -0.0375 0.0805 0.0433
v -0.0365 0.0805 0.0431
v -0.0315 0.0803 0.0413
v -0.0306 0.0803 0.0420
v -0.0295 0.0805 0.0436
v -0.0870 0.1524 0.0224
v -0.0262 0.1256 0.0157
v -0.0277 0.1220 -0.0070
v -0.0223 0.1851 -0.0172
v -0.0189 0.0815 0.0574
v -0.0175 0.0815 0.0576
v -0.0165 0.0815 0.0575
v -0.0155 0.0815 0.0571
v -0.0122 0.0818 0.0577
v -0.0082 0.0823 0.0579
v -0.0065 0.0826 0.0571
v -0.0055 0.0827 0.0571
v -0.0028 0.0815 0.0575
v -0.0003 0.0815 0.0574
v 0.0021 0.0817 0.0571
v 0.0051 0.0829 0.0568
v 0.0076 0.0818 0.0556
v 0.0096 0.0820 0.0549
v -0.0226 0.1158 0.0357
v -0.0768 0.1076 -0.0077
v -0.0764 0.1196 0.0526
v 0.0418 0.0916 -0.0074
v -0.0145 0.1622 -0.0103
v -0.0755 0.1246 0.0530
v -0.0880 0.1262 0.0002
v -0.0932 0.1220 0.0379
v -0.0796 0.1216 0.0506
v -0.0896 0.1516 0.0169
v -0.0769 0.1123 0.0471
v -0.0375 0.1682 0.0018
v -0.0768 0.1486 -0.0074
v -0.0864 0.1533 0.0185
v -0.0365 0.1252 -0.0055
v -0.0740 0.1601 -0.0320
v -0.0653 0.0826 0.0437
v -0.0583 0.0831 0.0439
v -0.0558 0.0821 0.0450
v -0.0542 0.0819 0.0452
v -0.0525 0.0820 0.0447
v -0.0513 0.0819 0.0442
v -0.0484 0.0822 0.0441
v -0.0445 0.0818 0.0425
v -0.0435 0.0819 0.0423
v -0.0426 0.0820 0.0421
v -0.0415 0.0818 0.0424
v -0.0405 0.0818 0.0429
v -0.0389 0.0821 0.0436
v -0.0375 0.0824 0.0437
v -0.0366 0.0827 0.0436
v -0.0355 0.0819 0.0431
v -0.0336 0.0817 0.0420
v -0.0325 0.0817 0.0416
v -0.0315 0.0830 0.0418
v -0.0307 0.0817 0.0420
v -0.0289 0.0831 0.0458
v -0.0868 0.1038 0.0065
v -0.0858 0.1062 0.0051
v -0.0864 0.0986 0.0019
v -0.0195 0.0829 0.0573
v -0.0185 0.0829 0.0576
v -0.0175 0.0837 0.0577
v -0.0166 0.0836 0.0574
v -0.0154 0.0844 0.0568
v -0.0065 0.0845 0.0569
v -0.0040 0.0831 0.0574
v -0.0874 0.1248 -0.0008
v -0.0805 0.1231 0.0509
v -0.0176 0.1182 0.0356
v -0.0465 0.1193 0.0290
v -0.0808 0.1405 -0.0026
v -0.0815 0.1429 -0.0003
v -0.0088 0.1696 -0.0237
v 0.0085 0.1240 -0.0092
v -0.0692 0.1485 0.0403
v -0.0735 0.1218 0.0536
v -0.0385 0.1682 0.0024
v -0.0630 0.1562 0.0214
v -0.0597 0.1536 0.0314
v -0.0671 0.1696 -0.0570
v -0.0292 0.1234 -0.0031
v -0.0721 0.1560 0.0018
v -0.0038 0.1011 0.0450
v -0.0677 0.0829 0.0427
v -0.0595 0.0845 0.0439
v -0.0552 0.0852 0.0451
v -0.0545 0.0834 0.0452
v -0.0528 0.0834 0.0450
v -0.0515 0.0834 0.0448
v -0.0496 0.0849 0.0453
v -0.0463 0.0839 0.0444
v -0.0446 0.0840 0.0433
v -0.0415 0.0832 0.0426
v -0.0401 0.0841 0.0434
v -0.0355 0.0845 0.0434
v -0.0336 0.0837 0.0421
v -0.0325 0.0839 0.0418
v -0.0306 0.0844 0.0427
v -0.0878 0.0982 0.0048
v -0.0887 0.0996 0.0083
v -0.0892 0.1006 0.0170
v -0.0228 0.0837 0.0556
v -0.0195 0.0843 0.0572
v -0.0187 0.0853 0.0572
v -0.0130 0.0847 0.0573
v -0.0101 0.0846 0.0576
v -0.0087 0.0846 0.0576
v -0.0055 0.0842 0.0570
v -0.0024 0.0844 0.0575
v 0.0016 0.0842 0.0575
v 0.0045 0.0842 0.0572
v -0.0700 0.1175 0.0527
v -0.0882 0.1120 0.0084
v -0.0486 0.1166 0.0321
v 0.0294 0.1189 0.0250
v 0.0115 0.1154 0.0380
v -0.0163 0.1181 0.0363
v -0.0610 0.1689 -0.0594
v -0.0699 0.1557 0.0027
v -0.0395 0.1682 0.0028
v -0.0405 0.1682 0.0029
v -0.0577 0.1546 0.0253
v -0.0836 0.0965 -0.0044
v -0.0799 0.1523 0.0320
v -0.0697 0.1652 -0.0176
v -0.0683 0.1643 -0.0170
v -0.0246 0.0881 0.0522
v -0.0784 0.1178 0.0509
v -0.0655 0.0853 0.0443
v -0.0649 0.0875 0.0448
v -0.0632 0.0848 0.0444
v -0.0617 0.0851 0.0444
v -0.0585 0.0847 0.0440
v -0.0575 0.0847 0.0442
v -0.0566 0.0849 0.0446
v -0.0535 0.0848 0.0453
v -0.0521 0.0848 0.0454
v -0.0475 0.0848 0.0450
v -0.0465 0.0849 0.0447
v -0.0435 0.0847 0.0432
v -0.0425 0.0846 0.0426
v -0.0415 0.0858 0.0426
v -0.0384 0.0858 0.0438
v -0.0375 0.0856 0.0440
v -0.0365 0.0847 0.0438
v -0.0345 0.0846 0.0428
v -0.0295 0.0848 0.0446
v -0.0062 0.1295 0.0008
v -0.0653 0.1778 -0.0607
v -0.0866 0.1010 0.0044
v -0.0175 0.0856 0.0573
v -0.0156 0.0860 0.0569
v -0.0115 0.0857 0.0573
v -0.0075 0.0857 0.0572
v -0.0061 0.0876 0.0571
v -0.0037 0.0859 0.0573
v -0.0013 0.0856 0.0573
v 0.0016 0.0861 0.0573
v 0.0042 0.0857 0.0572
v 0.0063 0.0856 0.0566
v 0.0089 0.0858 0.0558
v -0.0079 0.0921 -0.0355
v -0.0765 0.1175 0.0520
v -0.0475 0.1166 0.0320
v 0.0191 0.0840 0.0508
v -0.0739 0.1679 -0.0235
v 0.0463 0.0826 0.0087
v -0.0810 0.1217 0.0496
v 0.0415 0.0933 0.0284
v -0.0244 0.1818 -0.0096
v -0.0785 0.1231 0.0516
v -0.0569 0.1554 0.0138
v -0.0357 0.1761 -0.0052
v -0.0371 0.1756 -0.0057
v -0.0597 0.0875 0.0450
v -0.0585 0.0874 0.0446
v -0.0575 0.0862 0.0444
v -0.0535 0.0864 0.0455
v -0.0516 0.0866 0.0456
v -0.0492 0.0863 0.0456
v -0.0475 0.0862 0.0451
v -0.0438 0.0862 0.0434
v -0.0425 0.0860 0.0427
v -0.0365 0.0861 0.0436
v -0.0355 0.0860 0.0431
v -0.0345 0.0860 0.0427
v -0.0335 0.0860 0.0423
v -0.0325 0.0860 0.0423
v -0.0315 0.0860 0.0426
v -0.0305 0.0861 0.0433
v -0.0294 0.0863 0.0446
v -0.0175 0.0870 0.0567
v -0.0163 0.0872 0.0567
v -0.0125 0.0870 0.0570
v -0.0115 0.0870 0.0568
v -0.0105 0.0870 0.0570
v -0.0089 0.0874 0.0572
v -0.0009 0.0881 0.0567
v 0.0042 0.0872 0.0568
v 0.0069 0.0870 0.0563
v -0.0295 0.1800 -0.0073
v 0.0171 0.0868 0.0505
v 0.0184 0.0873 0.0496
v 0.0204 0.0866 0.0495
v -0.0693 0.0793 0.0403
v 0.0282 0.1035 0.0387
v -0.0099 0.1252 -0.0077
v -0.0292 0.0905 -0.0288
v -0.0776 0.1231 0.0521
v -0.0315 0.1758 -0.0034
v -0.0794 0.1044 0.0322
v -0.0859 0.0927 0.0015
v 0.0237 0.1207 0.0298
v -0.0849 0.1535 0.0130
v -0.0896 0.0970 0.0154
v -0.0941 0.1260 0.0242
v -0.0874 0.1105 0.0114
v -0.0776 0.1569 -0.0189
v -0.0685 0.0877 0.0433
v -0.0665 0.0875 0.0443
v -0.0633 0.0876 0.0451
v -0.0615 0.0876 0.0452
v -0.0575 0.0876 0.0445
v -0.0557 0.0877 0.0448
v -0.0492 0.0875 0.0455
v -0.0472 0.0876 0.0450
v -0.0445 0.0875 0.0437
v -0.0440 0.0881 0.0431
v -0.0426 0.0881 0.0424
v -0.0415 0.0874 0.0425
v -0.0405 0.0875 0.0429
v -0.0385 0.0889 0.0436
v -0.0375 0.0875 0.0437
v -0.0365 0.0875 0.0431
v -0.0345 0.0875 0.0429
v -0.0335 0.0875 0.0430
v -0.0325 0.0875 0.0434
v -0.0317 0.0879 0.0438
v -0.0305 0.0875 0.0438
v -0.0186 0.0903 0.0553
v -0.0170 0.0886 0.0563
v -0.0136 0.0896 0.0568
v -0.0127 0.0886 0.0568
v -0.0116 0.0886 0.0565
v -0.0095 0.0895 0.0570
v -0.0078 0.0897 0.0571
v 0.0027 0.0899 0.0558
v 0.0098 0.0893 0.0546
v 0.0098 0.1153 0.0385
v -0.0445 0.1638 0.0054
v -0.0445 0.1623 0.0060
v -0.0435 0.1623 0.0057
v -0.0881 0.1030 0.0190
v -0.0721 0.1596 -0.0391
v 0.0195 0.0879 0.0492
v -0.0285 0.1802 -0.0069
v -0.0095 0.1699 -0.0209
v -0.0617 0.1546 -0.0236
v -0.0658 0.1559 0.0121
v -0.0680 0.1564 -0.0035
v -0.0304 0.1087 -0.0193
v -0.0554 0.1524 0.0281
v -0.0704 0.0905 0.0419
v -0.0665 0.0890 0.0443
v -0.0649 0.0891 0.0448
v -0.0635 0.0890 0.0452
v -0.0619 0.0893 0.0455
v -0.0605 0.0890 0.0453
v -0.0595 0.0890 0.0450
v -0.0585 0.0890 0.0447
v -0.0575 0.0890 0.0447
v -0.0559 0.0890 0.0449
v -0.0541 0.0894 0.0449
v -0.0515 0.0890 0.0452
v -0.0496 0.0891 0.0451
v -0.0480 0.0890 0.0449
v -0.0461 0.0889 0.0441
v -0.0435 0.0888 0.0427
v -0.0415 0.0888 0.0426
v -0.0375 0.0889 0.0434
v -0.0365 0.0889 0.0432
v -0.0355 0.0889 0.0432
v -0.0353 0.0900 0.0437
v -0.0338 0.0895 0.0441
v -0.0305 0.0889 0.0438
v -0.0295 0.0889 0.0443
v -0.0285 0.0891 0.0454
v -0.0726 0.1687 -0.0242
v -0.0151 0.0898 0.0566
v -0.0061 0.0918 0.0566
v -0.0016 0.0922 0.0559
v 0.0064 0.0909 0.0546
v 0.0120 0.0906 0.0535
v 0.0014 0.0894 -0.0342
v -0.0465 0.1623 0.0065
v 0.0185 0.0893 0.0487
v 0.0200 0.0898 0.0484
v -0.0697 0.1556 0.0267
v -0.0780 0.1632 -0.0242
v -0.0044 0.1236 0.0346
v 0.0440 0.0967 0.0038
v 0.0245 0.1194 -0.0055
v -0.0619 0.1531 0.0333
v -0.0065 0.1006 0.0467
v -0.0862 0.1076 0.0100
v -0.0728 0.0905 0.0413
v -0.0717 0.0918 0.0417
v -0.0695 0.0902 0.0422
v -0.0666 0.0908 0.0439
v -0.0869 0.1372 0.0036
v -0.0635 0.0907 0.0450
v -0.0595 0.0904 0.0452
v -0.0585 0.0904 0.0452
v -0.0569 0.0904 0.0453
v -0.0531 0.0906 0.0447
v -0.0476 0.0906 0.0441
v -0.0455 0.0903 0.0432
v -0.0441 0.0900 0.0427
v -0.0425 0.0902 0.0426
v -0.0415 0.0920 0.0425
v -0.0404 0.0926 0.0426
v -0.0375 0.0903 0.0435
v -0.0365 0.0903 0.0436
v -0.0335 0.0904 0.0444
v -0.0322 0.0904 0.0443
v -0.0305 0.0907 0.0441
v -0.0295 0.0904 0.0441
v -0.0283 0.0905 0.0450
v -0.0157 0.0911 0.0561
v -0.0130 0.0912 0.0565
v -0.0112 0.0913 0.0564
v -0.0092 0.0911 0.0567
v -0.0715 0.1176 0.0529
v -0.0730 0.1176 0.0529
v 0.0185 0.0916 0.0478
v 0.0215 0.0910 0.0481
v 0.0227 0.0895 0.0484
v -0.0019 0.1196 -0.0136
v -0.0663 0.1641 -0.0585
v -0.0093 0.1773 -0.0277
v -0.0106 0.1651 -0.0177
v 0.0369 0.1113 0.0180
v -0.0597 0.1512 0.0347
v -0.0643 0.1527 -0.0020
v -0.0657 0.1540 -0.0016
v -0.0798 0.1210 -0.0055
v -0.0937 0.1186 0.0153
v -0.0674 0.0929 0.0426
v -0.0604 0.0918 0.0453
v -0.0568 0.0918 0.0454
v -0.0556 0.0921 0.0452
v -0.0523 0.0920 0.0441
v -0.0506 0.0919 0.0442
v -0.0495 0.0918 0.0442
v -0.0487 0.0919 0.0441
v -0.0475 0.0917 0.0438
v -0.0462 0.0915 0.0433
v -0.0445 0.0917 0.0430
v -0.0427 0.0916 0.0427
v -0.0385 0.0927 0.0434
v -0.0375 0.0917 0.0437
v -0.0359 0.0919 0.0442
v -0.0341 0.0915 0.0446
v -0.0325 0.0917 0.0443
v -0.0295 0.0918 0.0441
v -0.0285 0.0918 0.0444
v -0.0275 0.0918 0.0449
v 0.0339 0.1155 0.0179
v 0.0286 0.1213 0.0138
v -0.0161 0.0926 0.0554
v -0.0143 0.0924 0.0557
v -0.0124 0.0926 0.0561
v -0.0094 0.0925 0.0562
v 0.0018 0.0938 0.0550
v 0.0087 0.0949 0.0517
v 0.0113 0.0930 0.0524
v -0.0898 0.1373 0.0330
v -0.0695 0.1563 0.0194
v 0.0196 0.0923 0.0478
v 0.0228 0.0925 0.0477
v -0.0668 0.1450 0.0416
v -0.0729 0.1715 -0.0487
v 0.0155 0.1202 0.0343
v -0.0494 0.1448 0.0094
v -0.0365 0.1266 -0.0012
v 0.0440 0.0982 0.0068
v -0.0529 0.1527 0.0146
v -0.0304 0.1680 -0.0071
v -0.0889 0.0932 0.0223
v -0.0869 0.0927 0.0034
v -0.0926 0.1249 0.0357
v -0.0762 0.1544 0.0020
v -0.0699 0.0948 0.0422
v -0.0681 0.0938 0.0424
v -0.0641 0.0955 0.0432
v -0.0624 0.0940 0.0446
v -0.0608 0.0932 0.0451
v -0.0585 0.0932 0.0453
v -0.0543 0.0944 0.0441
v -0.0505 0.0932 0.0443
v -0.0494 0.0945 0.0448
v -0.0465 0.0931 0.0435
v -0.0466 0.0947 0.0437
v -0.0428 0.0940 0.0424
v -0.0367 0.0935 0.0441
v -0.0355 0.0933 0.0444
v -0.0326 0.0945 0.0445
v -0.0314 0.0945 0.0446
v -0.0300 0.0931 0.0443
v -0.0285 0.0932 0.0445
v -0.0275 0.0932 0.0448
v -0.0266 0.0933 0.0452
v -0.0172 0.1283 0.0150
v -0.0157 0.0937 0.0546
v -0.0136 0.0940 0.0546
v -0.0112 0.0944 0.0552
v -0.0075 0.0950 0.0549
v -0.0063 0.0938 0.0558
v -0.0015 0.0939 0.0554
v 0.0032 0.0948 0.0541
v 0.0185 0.0934 0.0476
v 0.0215 0.0936 0.0477
v -0.0721 0.1189 0.0534
v -0.0615 0.1759 -0.0605
v -0.0092 0.1681 -0.0207
v -0.0794 0.1364 0.0501
v -0.0305 0.1757 -0.0042
v -0.0329 0.1218 0.0263
v -0.0586 0.1483 0.0344
v -0.0823 0.1320 0.0511
v -0.0805 0.1274 0.0529
v -0.0736 0.1778 -0.0539
v -0.0087 0.0984 0.0513
v -0.0476 0.1043 -0.0206
v -0.0609 0.0946 0.0447
v -0.0586 0.0949 0.0447
v -0.0563 0.0945 0.0447
v -0.0540 0.0954 0.0438
v -0.0523 0.0951 0.0439
v -0.0505 0.0946 0.0445
v -0.0485 0.0946 0.0446
v -0.0457 0.0958 0.0433
v -0.0415 0.0945 0.0421
v -0.0404 0.0947 0.0423
v -0.0372 0.0949 0.0437
v -0.0298 0.0947 0.0450
v -0.0285 0.0947 0.0451
v -0.0275 0.0947 0.0451
v -0.0265 0.0947 0.0447
v -0.0255 0.0945 0.0446
v -0.0314 0.1257 0.0173
v -0.0297 0.1249 0.0186
v -0.0155 0.0951 0.0534
v -0.0145 0.0952 0.0536
v -0.0124 0.0962 0.0526
v -0.0031 0.0953 0.0547
v 0.0004 0.0953 0.0544
v 0.0052 0.0952 0.0530
v 0.0098 0.0971 0.0494
v 0.0124 0.0960 0.0496
v 0.0171 0.0949 0.0480
v 0.0184 0.0954 0.0475
v 0.0198 0.0963 0.0472
v -0.0868 0.1075 0.0142
v -0.0667 0.0727 0.0376
v -0.0325 0.1757 -0.0029
v 0.0347 0.0959 -0.0131
v 0.0371 0.1032 0.0298
v -0.0057 0.0978 0.0524
v -0.0784 0.1540 0.0050
v 0.0151 0.1292 0.0151
v -0.0524 0.1492 0.0192
v -0.0867 0.1353 0.0023
v -0.0718 0.0962 0.0412
v -0.0702 0.0961 0.0419
v -0.0660 0.0970 0.0421
v -0.0646 0.0973 0.0424
v -0.0633 0.0974 0.0426
v -0.0589 0.0975 0.0432
v -0.0561 0.0965 0.0435
v -0.0505 0.0960 0.0444
v -0.0495 0.0960 0.0445
v -0.0485 0.0960 0.0444
v -0.0415 0.0976 0.0420
v -0.0405 0.0959 0.0422
v -0.0390 0.0964 0.0425
v -0.0350 0.0987 0.0429
v -0.0327 0.0983 0.0440
v -0.0335 0.0960 0.0444
v -0.0321 0.0961 0.0447
v -0.0298 0.0960 0.0450
v -0.0291 0.0968 0.0447
v -0.0265 0.0960 0.0438
v -0.0253 0.0959 0.0439
v 0.0035 0.0990 0.0493
v -0.0894 0.1351 0.0294
v -0.0179 0.0960 0.0510
v -0.0160 0.0961 0.0521
v -0.0115 0.0974 0.0516
v -0.0097 0.0968 0.0531
v -0.0061 0.0965 0.0538
v -0.0001 0.0968 0.0534
v 0.0033 0.0965 0.0528
v 0.0058 0.0965 0.0519
v 0.0082 0.0965 0.0505
v 0.0086 0.0976 0.0493
v 0.0147 0.0961 0.0486
v 0.0208 0.0975 0.0467
v -0.0897 0.1145 0.0247
v -0.0465 0.0927 -0.0217
v -0.0693 0.1150 -0.0088
v -0.0416 0.1289 0.0112
v -0.0887 0.1011 0.0194
v -0.0610 0.0974 0.0432
v -0.0565 0.0974 0.0432
v -0.0547 0.0973 0.0433
v -0.0537 0.0983 0.0429
v -0.0525 0.0987 0.0430
v -0.0508 0.0984 0.0437
v -0.0484 0.0986 0.0436
v -0.0463 0.0984 0.0428
v -0.0404 0.0981 0.0418
v -0.0365 0.0974 0.0430
v -0.0313 0.0984 0.0442
v -0.0291 0.0985 0.0437
v -0.0274 0.0986 0.0436
v 0.0448 0.0708 0.0233
v -0.0282 0.1232 0.0214
v 0.0453 0.0698 0.0235
v -0.0544 0.1542 0.0148
v -0.0127 0.0990 0.0483
v -0.0493 0.1416 0.0095
v -0.0623 0.1620 -0.0428
v 0.0023 0.0984 0.0507
v 0.0051 0.0978 0.0507
v 0.0065 0.0977 0.0499
v 0.0105 0.0977 0.0488
v 0.0120 0.0977 0.0487
v 0.0140 0.0976 0.0481
v 0.0151 0.0985 0.0476
v 0.0220 0.0987 0.0459
v -0.0431 0.1218 0.0265
v -0.0649 0.1337 -0.0081
v 0.0379 0.1023 -0.0072
v -0.0752 0.1553 -0.0001
v -0.0265 0.1817 -0.0085
v 0.0033 0.1301 0.0244
v -0.0245 0.1227 0.0257
v -0.0436 0.1297 0.0097
v -0.0741 0.1513 -0.0322
v -0.0713 0.0992 0.0404
v -0.0683 0.0991 0.0414
v -0.0665 0.0994 0.0417
v -0.0645 0.0987 0.0423
v -0.0633 0.0986 0.0423
v -0.0612 0.0988 0.0428
v -0.0595 0.0987 0.0428
v -0.0578 0.0987 0.0430
v -0.0559 0.0998 0.0432
v -0.0430 0.1014 0.0419
v -0.0366 0.0993 0.0425
v -0.0312 0.1000 0.0436
v -0.0285 0.0988 0.0434
v -0.0265 0.0988 0.0440
v -0.0251 0.0989 0.0446
v -0.0235 0.0989 0.0448
v -0.0225 0.0989 0.0447
v -0.0215 0.0988 0.0445
v 0.0505 0.0697 0.0248
v -0.0404 0.1223 0.0272
v -0.0860 0.1125 0.0282
v -0.0940 0.1217 0.0251
v -0.0642 0.1697 -0.0608
v -0.0782 0.1611 -0.0229
v -0.0786 0.1111 0.0455
v -0.0738 0.0678 0.0230
v -0.0107 0.1653 -0.0197
v -0.0622 0.1585 -0.0201
v -0.0092 0.1727 -0.0276
v -0.0512 0.1464 0.0141
v -0.0897 0.0921 0.0131
v 0.0055 0.0990 0.0483
v 0.0065 0.0990 0.0481
v 0.0075 0.0990 0.0481
v 0.0083 0.0993 0.0480
v 0.0095 0.0991 0.0482
v 0.0110 0.0992 0.0482
v 0.0125 0.0991 0.0481
v 0.0126 0.1005 0.0479
v 0.0176 0.1005 0.0467
v 0.0397 0.0956 -0.0074
v -0.0725 0.1733 -0.0510
v -0.0562 0.0654 0.0344
v -0.0498 0.0927 -0.0215
v -0.0650 0.1010 0.0420
v -0.0629 0.0999 0.0423
v -0.0615 0.1001 0.0426
v -0.0604 0.1011 0.0424
v -0.0595 0.1001 0.0427
v -0.0526 0.1003 0.0423
v -0.0508 0.1001 0.0429
v -0.0491 0.1007 0.0427
v -0.0475 0.1001 0.0425
v -0.0464 0.1001 0.0423
v -0.0443 0.1017 0.0420
v -0.0415 0.1018 0.0411
v -0.0405 0.1019 0.0407
v -0.0385 0.1001 0.0416
v -0.0355 0.1004 0.0420
v -0.0333 0.1001 0.0430
v -0.0295 0.1002 0.0433
v -0.0285 0.1012 0.0429
v -0.0275 0.1002 0.0435
v -0.0265 0.1002 0.0440
v -0.0252 0.1002 0.0443
v -0.0228 0.1004 0.0443
v -0.0207 0.1003 0.0444
v -0.0178 0.0999 0.0438
v -0.0145 0.1003 0.0444
v -0.0116 0.1005 0.0449
v -0.0105 0.1005 0.0453
v -0.0095 0.1002 0.0471
v -0.0908 0.1172 0.0063
v -0.0895 0.1185 0.0034
v -0.0524 0.1445 0.0182
v 0.0422 0.0844 -0.0073
v 0.0024 0.1003 0.0463
v 0.0035 0.1003 0.0463
v 0.0045 0.1003 0.0464
v 0.0055 0.1003 0.0467
v 0.0065 0.1004 0.0469
v 0.0075 0.1004 0.0473
v 0.0105 0.1004 0.0479
v -0.0762 0.1499 -0.0114
v -0.0765 0.1096 -0.0067
v -0.0245 0.1695 -0.0191
v -0.0445 0.1608 0.0064
v -0.0740 0.1019 -0.0123
v -0.0642 0.1575 -0.0126
v -0.0629 0.1524 0.0348
v -0.0741 0.1008 0.0378
v -0.0719 0.1030 0.0382
v -0.0682 0.1025 0.0401
v -0.0657 0.1024 0.0412
v -0.0617 0.1016 0.0422
v -0.0579 0.1015 0.0427
v -0.0560 0.1015 0.0428
v -0.0545 0.1015 0.0424
v -0.0534 0.1016 0.0419
v -0.0510 0.1027 0.0414
v -0.0485 0.1015 0.0420
v -0.0475 0.1015 0.0418
v -0.0379 0.1017 0.0410
v -0.0333 0.1016 0.0421
v -0.0315 0.1016 0.0426
v -0.0298 0.1024 0.0423
v -0.0275 0.1016 0.0432
v -0.0264 0.1018 0.0433
v -0.0216 0.1018 0.0441
v -0.0197 0.1019 0.0435
v -0.0174 0.1017 0.0437
v -0.0164 0.1029 0.0436
v -0.0155 0.1029 0.0433
v -0.0115 0.1017 0.0440
v -0.0105 0.1016 0.0440
v -0.0095 0.1016 0.0440
v -0.0085 0.1017 0.0440
v -0.0075 0.1016 0.0441
v -0.0315 0.1742 -0.0035
v -0.0029 0.1012 0.0441
v -0.0005 0.1017 0.0444
v 0.0012 0.1016 0.0443
v 0.0025 0.1016 0.0444
v 0.0042 0.1016 0.0449
v 0.0056 0.1016 0.0456
v 0.0069 0.1017 0.0463
v 0.0111 0.1018 0.0474
v 0.0127 0.1018 0.0474
v 0.0154 0.1019 0.0467
v 0.0189 0.1013 0.0460
v -0.0615 0.1584 -0.0265
v -0.0390 0.1209 0.0291
v -0.0905 0.1350 0.0145
v -0.0475 0.1593 0.0081
v -0.0462 0.1608 0.0070
v -0.0743 0.1025 0.0372
v -0.0696 0.1051 0.0381
v -0.0637 0.1037 0.0411
v -0.0610 0.1038 0.0414
v -0.0581 0.1039 0.0417
v -0.0495 0.1029 0.0411
v -0.0485 0.1029 0.0410
v -0.0475 0.1029 0.0412
v -0.0463 0.1039 0.0414
v -0.0448 0.1041 0.0416
v -0.0437 0.1052 0.0412
v -0.0397 0.1044 0.0395
v -0.0356 0.1040 0.0401
v -0.0336 0.1043 0.0405
v -0.0314 0.1036 0.0416
v -0.0279 0.1031 0.0424
v -0.0249 0.1036 0.0430
v -0.0226 0.1034 0.0434
v -0.0210 0.1038 0.0431
v -0.0187 0.1033 0.0434
v -0.0175 0.1030 0.0436
v -0.0117 0.1034 0.0436
v -0.0087 0.1030 0.0437
v -0.0050 0.1025 0.0438
v -0.0909 0.1391 0.0199
v -0.0001 0.1030 0.0442
v 0.0009 0.1041 0.0436
v 0.0035 0.1030 0.0437
v 0.0046 0.1031 0.0440
v 0.0069 0.1029 0.0452
v 0.0086 0.1033 0.0454
v 0.0112 0.1031 0.0465
v 0.0144 0.1031 0.0462
v 0.0168 0.1031 0.0456
v -0.0695 0.1190 0.0529
v -0.0450 0.1594 0.0070
v -0.0425 0.1638 0.0049
v -0.0525 0.1565 0.0106
v -0.0627 0.1498 -0.0068
v -0.0691 0.1554 0.0037
v -0.0796 0.1540 0.0276
v -0.0721 0.1050 0.0376
v -0.0541 0.1060 0.0403
v -0.0522 0.1042 0.0407
v -0.0505 0.1043 0.0404
v -0.0495 0.1042 0.0402
v -0.0484 0.1041 0.0406
v -0.0424 0.1061 0.0403
v -0.0383 0.1057 0.0386
v -0.0344 0.1058 0.0392
v -0.0291 0.1048 0.0411
v -0.0268 0.1048 0.0415
v -0.0175 0.1044 0.0431
v -0.0165 0.1045 0.0427
v -0.0155 0.1044 0.0428
v -0.0145 0.1044 0.0432
v -0.0135 0.1042 0.0436
v -0.0106 0.1050 0.0435
v -0.0085 0.1051 0.0437
v -0.0064 0.1044 0.0439
v -0.0026 0.1046 0.0442
v -0.0012 0.1052 0.0440
v 0.0031 0.1044 0.0429
v 0.0045 0.1043 0.0429
v 0.0056 0.1044 0.0429
v 0.0075 0.1057 0.0421
v 0.0109 0.1058 0.0436
v 0.0144 0.1054 0.0439
v 0.0164 0.1045 0.0445
v 0.0182 0.1052 0.0433
v -0.0370 0.1756 -0.0087
v -0.0896 0.1206 0.0033
v 0.0383 0.1064 0.0256
v -0.0745 0.1260 0.0530
v -0.0511 0.1385 0.0014
v -0.0770 0.1522 0.0342
v -0.0670 0.0856 -0.0183
v -0.0736 0.1055 0.0372
v -0.0700 0.1062 0.0376
v -0.0680 0.1066 0.0382
v -0.0660 0.1073 0.0386
v -0.0642 0.1076 0.0388
v -0.0607 0.1093 0.0380
v -0.0564 0.1057 0.0408
v -0.0525 0.1069 0.0398
v -0.0505 0.1056 0.0396
v -0.0495 0.1056 0.0397
v -0.0474 0.1066 0.0402
v -0.0317 0.1067 0.0397
v -0.0287 0.1084 0.0390
v -0.0276 0.1061 0.0406
v -0.0205 0.1067 0.0421
v -0.0185 0.1060 0.0426
v -0.0165 0.1058 0.0423
v -0.0155 0.1058 0.0427
v -0.0145 0.1058 0.0432
v -0.0134 0.1060 0.0432
v -0.0070 0.1059 0.0441
v -0.0047 0.1069 0.0440
v -0.0027 0.1060 0.0441
v -0.0012 0.1069 0.0436
v 0.0018 0.1056 0.0429
v 0.0035 0.1058 0.0424
v 0.0045 0.1058 0.0422
v 0.0055 0.1057 0.0419
v 0.0065 0.1057 0.0419
v 0.0085 0.1058 0.0426
v 0.0095 0.1057 0.0432
v 0.0207 0.1053 0.0422
v 0.0236 0.1057 0.0396
v -0.0405 0.1698 0.0018
v -0.0752 0.1632 -0.0158
v -0.0896 0.1351 0.0315
v -0.0901 0.1406 0.0232
v -0.0603 0.1138 0.0364
v -0.0580 0.1139 0.0361
v -0.0856 0.1230 -0.0030
v -0.0652 0.1682 -0.0599
v -0.0426 0.1070 -0.0202
v -0.0725 0.1069 0.0374
v -0.0710 0.1068 0.0373
v -0.0545 0.1081 0.0393
v -0.0506 0.1077 0.0389
v -0.0494 0.1083 0.0389
v -0.0458 0.1080 0.0396
v -0.0436 0.1073 0.0400
v -0.0400 0.1097 0.0373
v -0.0371 0.1083 0.0376
v -0.0338 0.1078 0.0385
v -0.0256 0.1086 0.0401
v -0.0175 0.1072 0.0420
v -0.0165 0.1080 0.0420
v -0.0145 0.1076 0.0429
v -0.0105 0.1082 0.0430
v -0.0089 0.1082 0.0435
v -0.0067 0.1075 0.0440
v 0.0015 0.1078 0.0427
v 0.0035 0.1072 0.0423
v 0.0052 0.1071 0.0417
v 0.0065 0.1071 0.0414
v 0.0075 0.1071 0.0413
v 0.0085 0.1071 0.0412
v 0.0095 0.1071 0.0413
v 0.0105 0.1071 0.0414
v 0.0119 0.1070 0.0422
v 0.0188 0.1084 0.0399
v 0.0205 0.1070 0.0405
v 0.0223 0.1061 0.0398
v 0.0245 0.1071 0.0390
v -0.0565 0.1139 0.0357
v -0.0327 0.1268 0.0106
v -0.0555 0.1139 0.0354
v -0.0713 0.1148 0.0514
v -0.0545 0.1140 0.0351
v -0.0656 0.1563 -0.0073
v -0.0577 0.1570 0.0085
v -0.0581 0.1344 -0.0059
v -0.0462 0.0972 -0.0219
v -0.0144 0.1812 -0.0279
v -0.0715 0.1083 0.0374
v -0.0702 0.1083 0.0372
v -0.0685 0.1083 0.0375
v -0.0666 0.1084 0.0380
v -0.0626 0.1098 0.0377
v -0.0529 0.1086 0.0388
v -0.0515 0.1084 0.0386
v -0.0482 0.1084 0.0392
v -0.0424 0.1096 0.0382
v -0.0384 0.1091 0.0372
v -0.0321 0.1092 0.0381
v -0.0176 0.1099 0.0411
v -0.0111 0.1097 0.0426
v -0.0047 0.1085 0.0435
v -0.0004 0.1097 0.0428
v 0.0039 0.1100 0.0422
v 0.0066 0.1087 0.0413
v 0.0075 0.1085 0.0409
v 0.0085 0.1085 0.0407
v 0.0095 0.1085 0.0403
v 0.0113 0.1085 0.0403
v 0.0132 0.1085 0.0407
v 0.0151 0.1085 0.0408
v 0.0207 0.1085 0.0395
v 0.0240 0.1085 0.0386
v -0.0529 0.1136 0.0351
v -0.0909 0.1253 0.0060
v -0.0895 0.1364 0.0112
v -0.0040 0.1079 -0.0224
v -0.0658 0.1356 -0.0082
v -0.0343 0.1689 -0.0152
v -0.0067 0.1090 -0.0226
v -0.0350 0.1614 -0.0138
v -0.0665 0.1177 -0.0090
v -0.0705 0.1095 0.0381
v -0.0675 0.1097 0.0377
v -0.0646 0.1098 0.0378
v -0.0525 0.1110 0.0370
v -0.0502 0.1099 0.0379
v -0.0482 0.1098 0.0383
v -0.0460 0.1098 0.0384
v -0.0374 0.1099 0.0368
v -0.0352 0.1097 0.0371
v -0.0144 0.1098 0.0421
v -0.0095 0.1100 0.0428
v -0.0073 0.1102 0.0430
v 0.0004 0.1114 0.0425
v 0.0023 0.1100 0.0425
v -0.0824 0.1090 -0.0004
v 0.0093 0.1101 0.0399
v 0.0105 0.1099 0.0397
v 0.0115 0.1106 0.0395
v 0.0188 0.1104 0.0389
v 0.0205 0.1098 0.0389
v 0.0213 0.1110 0.0376
v -0.0840 0.1089 0.0026
v -0.0455 0.1685 0.0013
v -0.0621 0.1598 -0.0380
v -0.0365 0.1727 -0.0004
v 0.0242 0.0987 -0.0205
v -0.0755 0.1603 -0.0112
v 0.0146 0.1233 0.0320
v -0.0443 0.1265 0.0198
v -0.0511 0.1476 -0.0025
v -0.0289 0.0948 -0.0245
v -0.0707 0.1099 0.0402
v -0.0391 0.1074 -0.0199
v -0.0432 0.0929 -0.0227
v -0.0489 0.1504 -0.0041
v -0.0537 0.1502 -0.0027
v -0.0705 0.1297 -0.0090
v -0.0650 0.0933 -0.0184
v -0.0345 0.1728 -0.0008
v -0.0425 0.1623 0.0051
v -0.0853 0.1208 -0.0029
v -0.0616 0.1111 0.0370
v -0.0603 0.1111 0.0369
v -0.0565 0.1111 0.0368
v -0.0539 0.1111 0.0368
v -0.0476 0.1112 0.0371
v -0.0430 0.1119 0.0363
v -0.0411 0.1116 0.0363
v -0.0391 0.1122 0.0357
v -0.0365 0.1114 0.0358
v -0.0294 0.1125 0.0357
v 0.0026 0.1114 0.0423
v 0.0050 0.1110 0.0417
v 0.0105 0.1113 0.0394
v 0.0195 0.1112 0.0380
v -0.0894 0.1352 0.0278
v -0.0344 0.1742 -0.0015
v -0.0314 0.1772 -0.0042
v -0.0244 0.1802 -0.0100
v -0.0709 0.1117 -0.0098
v -0.0448 0.0928 -0.0220
v 0.0067 0.1073 -0.0203
v -0.0301 0.1627 -0.0150
v -0.0288 0.0932 -0.0254
v -0.0335 0.1727 -0.0016
v -0.0824 0.1272 0.0520
v -0.0611 0.1125 0.0364
v -0.0585 0.1125 0.0361
v -0.0565 0.1125 0.0359
v -0.0550 0.1125 0.0359
v -0.0461 0.0941 -0.0219
v -0.0447 0.0954 -0.0220
v -0.0487 0.0955 -0.0221
v -0.0514 0.0957 -0.0222
v -0.0536 0.0948 -0.0218
v -0.0802 0.1359 -0.0039
v -0.0415 0.0957 -0.0226
v -0.0209 0.0363 0.0534
v 0.0107 0.1042 -0.0202
v -0.0605 0.1318 -0.0075
v -0.0773 0.1286 -0.0072
v -0.0748 0.0870 -0.0148
v -0.0737 0.0842 -0.0154
v -0.0701 0.0866 -0.0169
v 0.0059 0.1045 -0.0212
v -0.0555 0.0869 -0.0215
v -0.0244 0.1649 -0.0167
v -0.0344 0.1568 -0.0110
v -0.0493 0.0865 -0.0218
v -0.0618 0.0865 -0.0193
v -0.0726 0.1363 -0.0074
v -0.0616 0.1174 0.0406
v -0.0480 0.1362 0.0149
v -0.0314 0.0935 -0.0242
v -0.0818 0.1208 -0.0044
v -0.0305 0.1665 -0.0164
v -0.0166 0.1708 -0.0225
v -0.0554 0.1503 -0.0021
v 0.0114 0.0382 0.0447
v 0.0152 0.0380 0.0441
v 0.0185 0.0379 0.0423
v -0.0068 0.1059 -0.0228
v 0.0198 0.0378 0.0411
v -0.0878 0.1036 0.0094
v -0.0531 0.1194 0.0353
v -0.0730 0.1750 -0.0521
v -0.0678 0.0952 -0.0167
v -0.0429 0.0954 -0.0225
v -0.0068 0.1074 -0.0228
v 0.0005 0.1062 -0.0214
v -0.0652 0.1139 -0.0117
v -0.0043 0.1060 -0.0225
v -0.0508 0.0350 0.0449
v -0.0488 0.0350 0.0445
v -0.0250 0.0381 0.0543
v -0.0227 0.0370 0.0541
v -0.0212 0.0378 0.0537
v -0.0195 0.0376 0.0533
v -0.0160 0.0376 0.0516
v -0.0122 0.0379 0.0505
v -0.0101 0.0384 0.0497
v -0.0575 0.0868 -0.0212
v -0.0083 0.0380 0.0491
v -0.0064 0.0375 0.0488
v -0.0052 0.0383 0.0482
v -0.0645 0.1200 0.0489
v -0.0583 0.1342 0.0361
v 0.0069 0.0385 0.0455
v 0.0180 0.0394 0.0433
v 0.0195 0.0394 0.0423
v -0.0206 0.1659 -0.0108
v -0.0520 0.1263 0.0346
v -0.0180 0.1818 -0.0182
v -0.0232 0.1816 -0.0109
v -0.0630 0.1513 -0.0286
v 0.0306 0.0919 0.0428
v -0.0589 0.0953 -0.0203
v -0.0597 0.0940 -0.0195
v -0.0608 0.0936 -0.0191
v -0.0490 0.1528 0.0108
v -0.0857 0.0996 0.0004
v -0.0790 0.1285 -0.0060
v -0.0782 0.1098 0.0429
v -0.0549 0.0968 -0.0215
v -0.0665 0.1194 -0.0089
v -0.0577 0.0953 -0.0211
v -0.0485 0.1213 0.0296
v -0.0156 0.1821 -0.0208
v -0.0480 0.1298 0.0277
v -0.0544 0.1240 0.0378
v -0.0508 0.0359 0.0461
v -0.0490 0.0362 0.0460
v -0.0453 0.0364 0.0449
v -0.0441 0.0364 0.0445
v -0.0438 0.1298 0.0124
v -0.0029 0.0962 -0.0316
v -0.0239 0.0397 0.0542
v -0.0179 0.0401 0.0525
v -0.0141 0.0399 0.0512
v -0.0090 0.0402 0.0494
v 0.0127 0.0418 0.0449
v 0.0166 0.0421 0.0443
v 0.0184 0.0421 0.0436
v 0.0195 0.0423 0.0429
v 0.0217 0.0412 0.0413
v 0.0223 0.0404 0.0402
v 0.0238 0.0406 0.0384
v -0.0163 0.1798 -0.0197
v 0.0266 0.0404 0.0317
v -0.0608 0.0858 -0.0198
v -0.0759 0.1245 -0.0077
v -0.0647 0.0865 -0.0191
v -0.0626 0.1104 -0.0151
v 0.0449 0.0862 0.0000
v -0.0302 0.1539 -0.0037
v -0.0901 0.1404 0.0274
v -0.0557 0.1294 0.0370
v -0.0565 0.0924 -0.0218
v -0.0632 0.1667 -0.0606
v -0.0469 0.1504 -0.0046
v 0.0292 0.1091 0.0355
v -0.0771 0.1540 -0.0121
v -0.0550 0.1424 0.0293
v -0.0585 0.1431 0.0329
v -0.0674 0.1333 0.0459
v -0.0562 0.0368 0.0468
v -0.0532 0.0376 0.0470
v -0.0511 0.0375 0.0466
v -0.0501 0.0375 0.0463
v -0.0487 0.0376 0.0457
v -0.0460 0.0377 0.0451
v -0.0451 0.0377 0.0447
v -0.0438 0.0378 0.0444
v -0.0518 0.1349 0.0292
v -0.0503 0.1316 0.0304
v -0.0833 0.1108 0.0322
v 0.0279 0.1088 0.0368
v -0.0260 0.0408 0.0540
v -0.0222 0.0411 0.0540
v -0.0187 0.0431 0.0527
v -0.0164 0.0418 0.0520
v -0.0171 0.1690 -0.0148
v -0.0248 0.1690 -0.0110
v -0.0567 0.1454 0.0318
v 0.0260 0.0936 0.0456
v 0.0192 0.1193 0.0342
v 0.0377 0.0849 -0.0155
v 0.0208 0.0435 0.0422
v 0.0235 0.0422 0.0399
v 0.0245 0.0421 0.0386
v 0.0375 0.0954 0.0342
v 0.0281 0.0429 0.0329
v 0.0289 0.0417 0.0305
v -0.0195 0.1596 -0.0056
v -0.0121 0.1729 -0.0202
v -0.0657 0.1157 0.0475
v -0.0530 0.0906 -0.0223
v -0.0674 0.0923 -0.0169
v -0.0498 0.0942 -0.0218
v -0.0298 0.1681 -0.0170
v -0.0568 0.1439 0.0319
v -0.0642 0.1437 0.0392
v 0.0234 0.1192 0.0317
v -0.0296 0.1581 0.0010
v -0.0417 0.1507 0.0051
v -0.0548 0.0388 0.0472
v -0.0530 0.0389 0.0470
v -0.0512 0.0404 0.0462
v -0.0499 0.0396 0.0457
v -0.0446 0.0398 0.0440
v -0.0257 0.1747 -0.0111
v -0.0193 0.1760 -0.0163
v -0.0175 0.1758 -0.0177
v -0.0331 0.1652 -0.0043
v -0.0376 0.1662 0.0012
v 0.0015 0.0993 0.0496
v -0.0234 0.0418 0.0541
v -0.0562 0.1228 0.0395
v -0.0531 0.1222 0.0365
v -0.0375 0.1527 0.0027
v -0.0352 0.1693 -0.0006
v -0.0566 0.1241 0.0399
v -0.0277 0.1761 -0.0076
v -0.0638 0.1109 0.0374
v 0.0306 0.1123 0.0319
v 0.0109 0.0435 0.0448
v 0.0160 0.0435 0.0443
v 0.0176 0.0435 0.0439
v 0.0192 0.0436 0.0432
v 0.0238 0.0437 0.0401
v 0.0253 0.0440 0.0384
v 0.0265 0.0448 0.0372
v 0.0261 0.0426 0.0359
v -0.0576 0.1298 0.0382
v -0.0651 0.1124 0.0390
v -0.0778 0.1569 -0.0179
v -0.0653 0.1092 -0.0136
v -0.0667 0.1131 -0.0113
v -0.0329 0.1667 -0.0158
v -0.0508 0.0927 -0.0217
v -0.0548 0.0920 -0.0221
v -0.0518 0.0942 -0.0218
v -0.0889 0.1120 0.0191
v -0.0656 0.1428 0.0411
v -0.0472 0.1266 0.0274
v -0.0238 0.1742 -0.0128
v -0.0179 0.1738 -0.0168
v -0.0518 0.1213 0.0347
v -0.0579 0.1498 0.0333
v -0.0529 0.0400 0.0468
v -0.0291 0.1652 -0.0065
v -0.0139 0.1756 -0.0202
v -0.0433 0.1566 0.0058
v -0.0211 0.0431 0.0535
v -0.0468 0.1300 0.0242
v 0.0379 0.0830 -0.0151
v -0.0558 0.1424 0.0305
v -0.0523 0.1538 0.0121
v -0.0665 0.1200 0.0515
v -0.0270 0.1668 -0.0087
v 0.0242 0.1151 0.0340
v -0.0522 0.1526 0.0133
v -0.0257 0.1697 -0.0107
v -0.0313 0.1699 -0.0063
v -0.0325 0.1719 -0.0031
v -0.0183 0.1860 -0.0172
v -0.0932 0.1211 0.0400
v -0.0293 0.1717 -0.0080
v 0.0105 0.0445 0.0448
v 0.0115 0.0445 0.0445
v 0.0126 0.0446 0.0443
v 0.0137 0.0447 0.0441
v 0.0161 0.0462 0.0435
v 0.0186 0.0450 0.0432
v 0.0200 0.0450 0.0425
v 0.0209 0.0450 0.0419
v 0.0251 0.0455 0.0388
v 0.0281 0.0452 0.0356
v 0.0314 0.0464 0.0317
v -0.0676 0.1382 0.0450
v -0.0663 0.1418 0.0426
v -0.0640 0.1042 -0.0171
v -0.0587 0.0850 -0.0209
v -0.0829 0.0763 0.0143
v -0.0642 0.1280 -0.0086
v -0.0508 0.0942 -0.0217
v 0.0331 0.0902 0.0418
v -0.0508 0.1523 0.0119
v -0.0661 0.1240 0.0504
v -0.0674 0.1270 0.0500
v -0.0475 0.1548 0.0095
v -0.0111 0.1784 -0.0248
v -0.0226 0.1718 -0.0134
v -0.0506 0.0417 0.0456
v -0.0571 0.1198 0.0393
v -0.0627 0.1109 0.0373
v -0.0565 0.1485 0.0306
v -0.0559 0.1381 0.0313
v -0.0711 0.1293 0.0512
v -0.0362 0.1653 -0.0016
v -0.0418 0.1565 0.0061
v -0.0397 0.1566 0.0057
v -0.0428 0.1537 0.0070
v -0.0188 0.0445 0.0524
v -0.0896 0.1119 0.0137
v -0.0589 0.1186 0.0397
v -0.0425 0.1551 0.0069
v -0.0576 0.1424 0.0321
v -0.0504 0.1385 0.0027
v -0.0200 0.1699 -0.0140
v -0.0163 0.1846 -0.0200
v -0.0552 0.1154 0.0353
v -0.0695 0.1358 0.0476
v -0.0594 0.1497 0.0353
v 0.0104 0.0461 0.0463
v 0.0110 0.0460 0.0454
v 0.0117 0.0459 0.0448
v 0.0130 0.0460 0.0442
v 0.0146 0.0461 0.0438
v 0.0181 0.0464 0.0428
v 0.0217 0.0477 0.0408
v 0.0264 0.0465 0.0378
v 0.0282 0.0475 0.0367
v 0.0322 0.0495 0.0333
v -0.0603 0.1227 0.0419
v 0.0423 0.0465 0.0305
v 0.0453 0.0462 0.0277
v 0.0476 0.0466 0.0263
v 0.0508 0.0469 0.0231
v 0.0520 0.0464 0.0200
v -0.0350 0.1667 -0.0028
v -0.0071 0.1024 0.0437
v -0.0682 0.1244 0.0520
v -0.0131 0.1685 -0.0163
v -0.0455 0.1551 0.0078
v -0.0630 0.1396 0.0371
v 0.0247 0.1060 0.0391
v -0.0634 0.1467 0.0381
v -0.0320 0.1640 -0.0044
v -0.0095 0.1730 -0.0232
v -0.0119 0.1767 -0.0227
v -0.0492 0.1494 0.0111
v -0.0292 0.1565 -0.0004
v 0.0279 0.0943 0.0439
v -0.0636 0.1450 0.0385
v 0.0272 0.1061 0.0381
v 0.0284 0.1049 0.0376
v -0.0480 0.1498 0.0101
v -0.0483 0.1481 0.0099
v -0.0281 0.1714 -0.0092
v -0.0120 0.1641 -0.0140
v -0.0338 0.1713 -0.0016
v -0.0137 0.1818 -0.0231
v -0.0118 0.1689 -0.0173
v -0.0203 0.1845 -0.0141
v -0.0160 0.1854 -0.0207
v -0.0232 0.1831 -0.0108
v 0.0311 0.1069 0.0348
v 0.0119 0.0483 0.0470
v 0.0139 0.0473 0.0449
v 0.0149 0.0475 0.0442
v 0.0158 0.0475 0.0437
v 0.0174 0.0475 0.0428
v 0.0190 0.0476 0.0420
v 0.0236 0.0477 0.0395
v 0.0255 0.0475 0.0385
v 0.0266 0.0503 0.0385
v -0.0623 0.1272 0.0427
v 0.0418 0.0483 0.0320
v 0.0427 0.0482 0.0317
v 0.0443 0.0482 0.0307
v 0.0471 0.0490 0.0293
v 0.0492 0.0481 0.0264
v 0.0073 0.1099 0.0409
v -0.0251 0.1717 -0.0117
v -0.0418 0.1607 0.0040
v -0.0435 0.1551 0.0072
v -0.0445 0.1551 0.0075
v -0.0525 0.0443 0.0447
v 0.0356 0.1083 0.0284
v 0.0223 0.1171 0.0340
v -0.0562 0.1394 0.0314
v -0.0618 0.1338 0.0380
v -0.0579 0.1382 0.0329
v 0.0379 0.1047 0.0279
v -0.0464 0.1565 0.0082
v -0.0148 0.1640 -0.0110
v -0.0497 0.1271 0.0320
v -0.0654 0.1272 0.0478
v -0.0543 0.1443 0.0282
v -0.0387 0.1550 0.0048
v -0.0695 0.1122 0.0465
v -0.0183 0.1611 -0.0061
v -0.0194 0.1611 -0.0054
v -0.0202 0.1611 -0.0047
v -0.0455 0.1515 0.0084
v -0.0427 0.1593 0.0047
v -0.0202 0.1808 -0.0155
v -0.0117 0.1817 -0.0261
v -0.0677 0.1430 0.0434
v 0.0296 0.1105 0.0341
v -0.0280 0.1697 -0.0092
v -0.0327 0.1692 -0.0048
v 0.0163 0.0507 0.0458
v 0.0169 0.0491 0.0441
v 0.0182 0.0489 0.0431
v 0.0195 0.0490 0.0420
v 0.0212 0.0491 0.0411
v 0.0229 0.0490 0.0401
v 0.0246 0.0491 0.0391
v 0.0292 0.0496 0.0367
v 0.0301 0.0499 0.0362
v -0.0605 0.1263 0.0415
v -0.0588 0.1269 0.0403
v 0.0440 0.0497 0.0319
v 0.0452 0.0497 0.0312
v 0.0512 0.0510 0.0269
v 0.0533 0.0500 0.0235
v -0.0192 0.1585 -0.0085
v 0.0099 0.1177 -0.0156
v -0.0217 0.1830 -0.0124
v -0.0165 0.1655 -0.0120
v -0.0560 0.1326 0.0355
v -0.0148 0.1732 -0.0185
v -0.0504 0.1462 0.0122
v -0.0545 0.1397 0.0294
v -0.0658 0.1340 0.0427
v -0.0574 0.1283 0.0389
v -0.0452 0.1564 0.0068
v -0.0349 0.1653 -0.0032
v -0.0369 0.1639 -0.0012
v -0.0350 0.1581 0.0037
v -0.0341 0.1581 0.0033
v -0.0203 0.1642 -0.0092
v -0.0375 0.1596 0.0018
v -0.0274 0.1596 0.0002
v -0.0488 0.1353 0.0045
v -0.0736 0.1631 -0.0375
v -0.0372 0.1609 0.0005
v -0.0418 0.1623 0.0044
v -0.0494 0.1375 0.0047
v -0.0290 0.1611 -0.0016
v -0.0468 0.1521 0.0094
v -0.0403 0.1524 0.0047
v -0.0587 0.1497 0.0345
v 0.0330 0.0959 0.0395
v 0.0113 0.0513 0.0500
v 0.0148 0.0507 0.0467
v 0.0180 0.0519 0.0461
v 0.0206 0.0519 0.0447
v 0.0211 0.0503 0.0421
v 0.0235 0.0514 0.0413
v 0.0242 0.0505 0.0400
v 0.0249 0.0505 0.0393
v -0.0621 0.1178 0.0418
v 0.0236 0.1037 0.0418
v -0.0644 0.1245 0.0479
v -0.0624 0.1225 0.0445
v -0.0435 0.1517 0.0070
v 0.0226 0.1130 0.0359
v 0.0443 0.0511 0.0323
v 0.0453 0.0512 0.0319
v 0.0464 0.0511 0.0312
v 0.0502 0.0518 0.0284
v -0.0665 0.1142 0.0467
v -0.0146 0.1831 -0.0221
v -0.0792 0.1086 0.0350
v -0.0611 0.1153 0.0379
v -0.0493 0.1478 0.0110
v -0.0653 0.1734 -0.0604
v -0.0176 0.1597 -0.0080
v -0.0301 0.1697 -0.0075
v -0.0563 0.1263 0.0391
v -0.0687 0.1315 0.0482
v 0.0254 0.1032 0.0405
v -0.0631 0.1679 -0.0444
v -0.0319 0.1543 -0.0005
v 0.0344 0.0967 0.0377
v -0.0686 0.1405 0.0453
v -0.0651 0.1468 0.0393
v -0.0378 0.1639 -0.0001
v -0.0875 0.1104 0.0132
v -0.0231 0.1768 -0.0132
v -0.0675 0.1158 0.0502
v -0.0224 0.1625 -0.0062
v -0.0280 0.1625 -0.0042
v -0.0377 0.1624 -0.0002
v -0.0368 0.1623 -0.0007
v -0.0152 0.1779 -0.0200
v -0.0383 0.1609 0.0009
v -0.0405 0.1503 0.0037
v -0.0401 0.1552 0.0057
v -0.0896 0.1392 0.0254
v -0.0343 0.1637 -0.0029
v 0.0159 0.0936 -0.0250
v 0.0137 0.0518 0.0483
v 0.0155 0.0534 0.0479
v 0.0196 0.0521 0.0458
v 0.0217 0.0521 0.0435
v 0.0245 0.0520 0.0405
v 0.0254 0.0520 0.0400
v 0.0272 0.0521 0.0391
v 0.0281 0.0522 0.0384
v 0.0298 0.0521 0.0376
v 0.0351 0.0524 0.0322
v -0.0647 0.1377 0.0403
v -0.0632 0.1216 0.0464
v -0.0890 0.1379 0.0256
v -0.0556 0.1184 0.0376
v -0.0532 0.1488 0.0235
v 0.0455 0.0526 0.0321
v 0.0470 0.0529 0.0315
v 0.0498 0.0536 0.0296
v 0.0523 0.0539 0.0281
v 0.0535 0.0535 0.0268
v 0.0555 0.0525 0.0235
v 0.0562 0.0512 0.0209
v -0.0138 0.1717 -0.0183
v -0.0492 0.1431 0.0056
v -0.0070 0.1011 0.0445
v -0.0091 0.1696 -0.0217
v -0.0433 0.1475 0.0036
v -0.0843 0.1102 0.0036
v -0.0470 0.1235 0.0274
v -0.0295 0.1550 -0.0018
v -0.0659 0.1094 0.0378
v -0.0723 0.1360 0.0495
v -0.0693 0.1143 0.0503
v -0.0407 0.1566 0.0060
v -0.0227 0.1788 -0.0132
v 0.0349 0.0985 -0.0126
v -0.0385 0.1623 0.0004
v -0.0191 0.1803 -0.0169
v -0.0216 0.1611 -0.0040
v -0.0134 0.1795 -0.0224
v -0.0378 0.1507 0.0014
v -0.0681 0.1200 0.0525
v -0.0186 0.1589 -0.0097
v -0.0618 0.1617 -0.0359
v -0.0521 0.1366 0.0274
v -0.0455 0.1677 -0.0069
v -0.0477 0.1529 0.0100
v 0.0459 0.0866 0.0077
v 0.0117 0.0545 0.0517
v 0.0152 0.0545 0.0486
v 0.0174 0.0535 0.0474
v 0.0197 0.0534 0.0468
v 0.0213 0.0536 0.0456
v 0.0228 0.0536 0.0438
v 0.0250 0.0541 0.0419
v 0.0262 0.0560 0.0424
v 0.0300 0.0545 0.0390
v 0.0339 0.0545 0.0352
v 0.0355 0.0576 0.0355
v 0.0210 0.1194 0.0333
v 0.0244 0.0980 0.0449
v 0.0455 0.0853 0.0044
v 0.0566 0.0538 0.0230
v 0.0578 0.0542 0.0214
v -0.0314 0.1611 -0.0016
v -0.0922 0.1198 0.0284
v -0.0541 0.0491 0.0370
v 0.0254 0.1174 0.0313
v -0.0129 0.1655 -0.0135
v -0.0145 0.1654 -0.0125
v -0.0338 0.1624 -0.0022
v -0.0896 0.0984 0.0163
v -0.0104 0.1726 -0.0217
v -0.0702 0.1396 0.0468
v -0.0387 0.1566 0.0053
v -0.0076 0.1037 0.0436
v -0.0717 0.1579 -0.0033
v -0.0457 0.1261 0.0242
v -0.0637 0.1141 0.0398
v 0.0347 0.0932 0.0391
v -0.0299 0.1668 -0.0070
v -0.0109 0.1684 -0.0177
v -0.0426 0.1492 0.0051
v -0.0476 0.1354 0.0125
v -0.0908 0.1392 0.0164
v -0.0313 0.1719 -0.0049
v -0.0677 0.1298 0.0482
v 0.0108 0.0549 0.0523
v 0.0164 0.0549 0.0482
v 0.0187 0.0551 0.0480
v 0.0203 0.0551 0.0474
v 0.0219 0.0555 0.0462
v 0.0244 0.0568 0.0440
v 0.0281 0.0554 0.0405
v 0.0317 0.0550 0.0379
v 0.0360 0.0551 0.0328
v 0.0288 0.1136 0.0326
v 0.0476 0.0554 0.0317
v 0.0491 0.0557 0.0307
v 0.0527 0.0563 0.0288
v 0.0542 0.0563 0.0275
v 0.0576 0.0554 0.0225
v -0.0369 0.1580 0.0044
v -0.0745 0.0662 0.0149
v -0.0301 0.1605 -0.0140
v -0.0551 0.1458 0.0298
v -0.0372 0.1565 0.0044
v -0.0157 0.1640 -0.0106
v -0.0494 0.1214 0.0321
v -0.0252 0.1596 -0.0010
v 0.0271 0.0981 0.0424
v -0.0637 0.1367 0.0381
v -0.0341 0.1668 -0.0039
v -0.0334 0.1668 -0.0046
v -0.0752 0.1792 -0.0530
v -0.0591 0.1429 0.0336
v -0.0625 0.1381 0.0359
v 0.0119 0.0566 0.0521
v 0.0148 0.0570 0.0497
v 0.0162 0.0566 0.0489
v 0.0190 0.0572 0.0486
v 0.0199 0.0570 0.0483
v 0.0211 0.0575 0.0476
v 0.0315 0.0563 0.0389
v 0.0333 0.0571 0.0379
v -0.0170 0.1866 -0.0194
v 0.0369 0.0935 0.0363
v -0.0859 0.1134 0.0454
v -0.0479 0.1247 0.0295
v 0.0568 0.0573 0.0242
v -0.0245 0.1581 -0.0022
v -0.0623 0.1636 -0.0539
v -0.0315 0.1668 -0.0059
v -0.0583 0.1226 0.0407
v -0.0425 0.1477 0.0001
v -0.0502 0.1477 0.0122
v -0.0592 0.1482 0.0355
v -0.0266 0.1566 -0.0021
v -0.0253 0.1566 -0.0034
v -0.0457 0.1579 0.0075
v -0.0406 0.1609 0.0026
v -0.0625 0.1447 0.0378
v -0.0609 0.1368 0.0353
v -0.0570 0.1367 0.0331
v -0.0555 0.1367 0.0318
v -0.0587 0.1325 0.0374
v 0.0242 0.0597 0.0452
v 0.0271 0.0584 0.0431
v 0.0286 0.0578 0.0414
v 0.0329 0.0588 0.0391
v 0.0374 0.0580 0.0326
v 0.0382 0.0580 0.0317
v -0.0661 0.1218 0.0511
v -0.0358 0.1520 0.0008
v 0.0521 0.0586 0.0295
v 0.0541 0.0599 0.0283
v 0.0551 0.0599 0.0273
v 0.0583 0.0582 0.0226
v 0.0356 0.0968 0.0362
v -0.0501 0.1492 0.0122
v -0.0344 0.1610 -0.0004
v -0.0459 0.1483 0.0076
v -0.0528 0.1155 0.0341
v -0.0537 0.1367 0.0299
v -0.0403 0.1620 0.0025
v -0.0331 0.1595 0.0023
v -0.0626 0.1420 0.0375
v -0.0602 0.1381 0.0341
v 0.0268 0.1145 0.0331
v -0.0701 0.1316 0.0495
v -0.0717 0.1327 0.0503
v -0.0455 0.1536 0.0085
v -0.0489 0.1211 0.0310
v -0.0553 0.1512 0.0285
v 0.0115 0.0602 0.0519
v 0.0126 0.0604 0.0511
v 0.0146 0.0603 0.0501
v 0.0168 0.0601 0.0493
v 0.0179 0.0602 0.0490
v 0.0195 0.0599 0.0487
v 0.0202 0.0592 0.0485
v 0.0211 0.0592 0.0480
v 0.0223 0.0609 0.0472
v 0.0275 0.0605 0.0436
v 0.0294 0.0604 0.0415
v 0.0358 0.0597 0.0364
v -0.0633 0.1244 0.0457
v -0.0612 0.1241 0.0426
v 0.0582 0.0613 0.0234
v 0.0592 0.0599 0.0213
v -0.0574 0.1259 0.0400
v 0.0387 0.0923 0.0340
v -0.0573 0.1471 0.0320
v -0.0107 0.1701 -0.0192
v -0.0592 0.1410 0.0334
v -0.0356 0.1653 -0.0025
v -0.0873 0.0941 0.0052
v -0.0344 0.1595 0.0027
v -0.0646 0.1353 0.0402
v -0.0924 0.1207 0.0296
v -0.0735 0.1320 0.0514
v -0.0731 0.1539 -0.0334
v 0.0082 0.0603 0.0540
v 0.0090 0.0603 0.0534
v 0.0099 0.0603 0.0528
v 0.0108 0.0603 0.0524
v 0.0213 0.0611 0.0479
v 0.0250 0.0605 0.0447
v 0.0303 0.0634 0.0414
v 0.0325 0.0613 0.0401
v 0.0337 0.0610 0.0392
v 0.0373 0.0605 0.0345
v 0.0396 0.0629 0.0319
v 0.0396 0.0603 0.0307
v -0.0452 0.1476 0.0064
v -0.0591 0.1154 0.0372
v -0.0490 0.1226 0.0308
v 0.0532 0.0618 0.0288
v 0.0572 0.0617 0.0251
v -0.0630 0.1367 0.0370
v -0.0263 0.1581 -0.0009
v -0.0649 0.1304 -0.0087
v -0.0659 0.1124 0.0409
v -0.0832 0.1088 0.0013
v -0.0502 0.1229 0.0329
v -0.0631 0.1487 -0.0194
v -0.0392 0.1624 0.0011
v -0.0359 0.1595 0.0024
v 0.0386 0.0952 -0.0089
v -0.0544 0.1382 0.0296
v -0.0612 0.1691 -0.0575
v -0.0616 0.1572 -0.0218
v -0.0438 0.1477 0.0049
v -0.0715 0.0746 0.0365
v 0.0083 0.0618 0.0547
v 0.0095 0.0617 0.0540
v 0.0102 0.0617 0.0534
v 0.0120 0.0619 0.0518
v 0.0147 0.0616 0.0505
v 0.0170 0.0615 0.0494
v 0.0190 0.0618 0.0485
v 0.0201 0.0633 0.0480
v 0.0251 0.0621 0.0449
v 0.0273 0.0623 0.0439
v 0.0380 0.0626 0.0346
v 0.0397 0.0617 0.0309
v -0.0625 0.1293 0.0413
v -0.0609 0.1283 0.0408
v -0.0593 0.1283 0.0401
v 0.0556 0.0626 0.0269
v -0.0629 0.1142 0.0388
v -0.0286 0.1596 0.0007
v -0.0164 0.1600 -0.0102
v -0.0645 0.1214 0.0489
v -0.0584 0.1467 0.0332
v -0.0532 0.1422 0.0256
v -0.0536 0.1168 0.0346
v -0.0304 0.1624 -0.0034
v -0.0637 0.1417 0.0386
v -0.0606 0.1183 0.0404
v 0.0095 0.0632 0.0547
v 0.0106 0.0631 0.0539
v 0.0113 0.0635 0.0530
v 0.0139 0.0643 0.0523
v 0.0158 0.0635 0.0507
v 0.0182 0.0632 0.0491
v 0.0190 0.0632 0.0485
v 0.0224 0.0643 0.0465
v 0.0241 0.0637 0.0454
v 0.0302 0.0657 0.0418
v 0.0337 0.0641 0.0398
v 0.0358 0.0641 0.0379
v -0.0619 0.1353 0.0369
v -0.0627 0.1353 0.0375
v -0.0634 0.1353 0.0382
v -0.0640 0.1353 0.0391
v 0.0547 0.0642 0.0273
v 0.0573 0.0647 0.0247
v 0.0586 0.0641 0.0227
v -0.0685 0.1435 0.0438
v -0.0111 0.1669 -0.0162
v -0.0292 0.0916 -0.0266
v -0.0172 0.1598 -0.0090
v -0.0633 0.1153 0.0412
v -0.0314 0.1595 0.0018
v -0.0605 0.1421 0.0359
v -0.0564 0.1354 0.0337
v -0.0171 0.1612 -0.0073
v -0.0509 0.1507 0.0129
v -0.0841 0.0925 -0.0050
v -0.0511 0.1490 0.0141
v -0.0807 0.1064 -0.0045
v 0.0190 0.1028 0.0449
v 0.0106 0.0645 0.0539
v 0.0122 0.0644 0.0528
v 0.0151 0.0645 0.0517
v 0.0190 0.0647 0.0490
v 0.0199 0.0645 0.0481
v 0.0209 0.0645 0.0474
v 0.0242 0.0657 0.0451
v 0.0280 0.0647 0.0434
v 0.0375 0.0646 0.0358
v 0.0397 0.0650 0.0327
v -0.0636 0.1395 0.0381
v -0.0631 0.1381 0.0370
v 0.0268 0.1075 0.0380
v 0.0558 0.0657 0.0259
v 0.0599 0.0645 0.0199
v -0.0230 0.1610 -0.0032
v 0.0385 0.0968 0.0321
v -0.0758 0.0974 -0.0127
v -0.0593 0.1468 0.0355
v 0.0286 0.1075 0.0369
v -0.0222 0.1582 -0.0042
v -0.0405 0.1594 0.0027
v -0.0413 0.1594 0.0033
v -0.0487 0.1183 0.0312
v -0.0652 0.1186 0.0495
v 0.0099 0.0660 0.0545
v 0.0115 0.0658 0.0535
v 0.0134 0.0658 0.0530
v 0.0144 0.0665 0.0527
v 0.0153 0.0668 0.0520
v 0.0160 0.0680 0.0517
v 0.0209 0.0676 0.0484
v 0.0216 0.0660 0.0471
v 0.0225 0.0659 0.0463
v 0.0310 0.0689 0.0413
v 0.0323 0.0663 0.0404
v 0.0345 0.0660 0.0392
v 0.0358 0.0661 0.0382
v 0.0391 0.0670 0.0340
v 0.0406 0.0665 0.0302
v 0.0416 0.0656 0.0284
v -0.0678 0.1142 0.0486
v -0.0919 0.1421 0.0178
v 0.0573 0.0661 0.0239
v 0.0585 0.0661 0.0223
v 0.0592 0.0669 0.0205
v -0.0193 0.1625 -0.0070
v -0.0183 0.1625 -0.0073
v -0.0304 0.1229 -0.0049
v -0.0611 0.1460 0.0372
v -0.0707 0.1350 0.0489
v -0.0204 0.1787 -0.0156
v -0.0502 0.1198 0.0327
v -0.0165 0.1611 -0.0082
v -0.0665 0.1186 0.0512
v -0.0572 0.1171 0.0380
v -0.0672 0.1174 0.0512
v -0.0623 0.1199 0.0438
v 0.0108 0.0673 0.0542
v 0.0122 0.0682 0.0539
v 0.0184 0.0683 0.0504
v 0.0233 0.0676 0.0458
v 0.0244 0.0674 0.0448
v 0.0278 0.0682 0.0429
v 0.0293 0.0673 0.0423
v 0.0335 0.0676 0.0396
v 0.0361 0.0706 0.0373
v 0.0398 0.0672 0.0329
v 0.0402 0.0690 0.0318
v 0.0417 0.0679 0.0285
v 0.0423 0.0676 0.0276
v -0.0500 0.1507 0.0118
v 0.0550 0.0680 0.0251
v 0.0562 0.0674 0.0246
v 0.0580 0.0685 0.0215
v -0.0871 0.1104 0.0185
v 0.0418 0.0872 -0.0088
v 0.0401 0.0856 -0.0120
v -0.0326 0.1581 0.0026
v -0.0616 0.1568 -0.0282
v -0.0561 0.1410 0.0305
v -0.0680 0.1186 0.0523
v -0.0181 0.1597 -0.0070
v -0.0603 0.1170 0.0391
v 0.0140 0.0692 0.0530
v 0.0198 0.0703 0.0498
v 0.0288 0.0699 0.0420
v 0.0330 0.0701 0.0402
v 0.0392 0.0703 0.0338
v -0.0454 0.1609 -0.0087
v -0.0909 0.1351 0.0171
v -0.0577 0.1482 0.0324
v 0.0559 0.0687 0.0238
v 0.0303 0.1006 0.0393
v -0.0119 0.1669 -0.0156
v -0.0511 0.1169 0.0330
v 0.0243 0.0953 0.0461
v -0.0298 0.1757 -0.0049
v -0.0630 0.1576 -0.0400
v -0.0599 0.1468 0.0363
v -0.0623 0.1367 0.0362
v 0.0441 0.0854 -0.0031
v -0.0637 0.1124 0.0376
v -0.0576 0.1453 0.0325
v -0.0270 0.1787 -0.0075
v -0.0186 0.1781 -0.0172
v -0.0347 0.1537 0.0012
v -0.0691 0.1096 0.0381
v -0.0635 0.0617 0.0231
v 0.0385 0.0871 -0.0141
v -0.0654 0.1172 0.0487
v 0.0106 0.0711 0.0548
v 0.0152 0.0704 0.0528
v 0.0161 0.0704 0.0522
v 0.0187 0.0707 0.0505
v 0.0213 0.0720 0.0498
v 0.0233 0.0710 0.0478
v 0.0247 0.0707 0.0457
v 0.0258 0.0711 0.0445
v 0.0261 0.0702 0.0439
v 0.0299 0.0700 0.0415
v 0.0435 0.0699 0.0260
v -0.0617 0.1381 0.0352
v -0.0895 0.0938 0.0200
v -0.0865 0.1077 0.0174
v -0.0922 0.1147 0.0134
v 0.0352 0.0844 -0.0179
v -0.0131 0.1668 -0.0147
v -0.0271 0.1610 -0.0016
v -0.0299 0.1782 -0.0146
v -0.0720 0.1652 -0.0442
v -0.0212 0.1845 -0.0131
v -0.0179 0.1846 -0.0177
v -0.0122 0.1655 -0.0142
v -0.0628 0.1124 0.0372
v -0.0166 0.1625 -0.0083
v -0.0243 0.1784 -0.0112
v -0.0499 0.1243 0.0323
v -0.0602 0.1497 0.0359
v -0.0170 0.1782 -0.0186
v -0.0644 0.1124 0.0383
v -0.0088 0.1696 -0.0227
v -0.0596 0.1426 0.0349
v -0.0614 0.1164 0.0394
v 0.0117 0.0725 0.0543
v 0.0173 0.0713 0.0513
v 0.0273 0.0714 0.0435
v 0.0291 0.0713 0.0421
v 0.0303 0.0713 0.0413
v 0.0318 0.0714 0.0407
v 0.0344 0.0722 0.0394
v 0.0422 0.0718 0.0288
v -0.0176 0.1801 -0.0185
v 0.0239 0.1047 0.0400
v 0.0248 0.1047 0.0395
v 0.0164 0.0918 0.0503
v 0.0406 0.0875 -0.0109
v -0.0547 0.1409 0.0290
v -0.0047 0.1011 0.0442
v -0.0058 0.1011 0.0445
v 0.0263 0.1047 0.0389
v -0.0621 0.1325 0.0391
v -0.0154 0.1606 -0.0108
v -0.0109 0.1655 -0.0159
v -0.0115 0.1655 -0.0150
v -0.0137 0.1654 -0.0129
v -0.0266 0.1554 -0.0050
v -0.0811 0.1463 -0.0006
v -0.0442 0.1579 0.0061
v -0.0158 0.1626 -0.0090
v -0.0483 0.0687 0.0393
v -0.0355 0.1638 -0.0023
v -0.0894 0.0957 0.0130
v -0.0639 0.1171 0.0456
v 0.0296 0.0950 0.0426
v 0.0122 0.0736 0.0543
v 0.0140 0.0727 0.0536
v 0.0154 0.0727 0.0527
v 0.0164 0.0727 0.0519
v 0.0173 0.0727 0.0514
v 0.0181 0.0729 0.0514
v 0.0240 0.0744 0.0481
v 0.0249 0.0736 0.0468
v 0.0296 0.0737 0.0432
v 0.0302 0.0727 0.0420
v 0.0316 0.0727 0.0410
v 0.0360 0.0736 0.0382
v 0.0372 0.0727 0.0362
v 0.0388 0.0741 0.0343
v 0.0409 0.0741 0.0313
v 0.0445 0.0732 0.0239
v -0.0905 0.1349 0.0126
v -0.0762 0.1750 -0.0500
v -0.0676 0.0614 0.0184
v 0.0432 0.0869 -0.0053
v -0.0500 0.1212 0.0329
v -0.0641 0.1533 -0.0369
v -0.0276 0.1101 -0.0190
v -0.0827 0.0790 0.0260
v -0.0780 0.1483 -0.0033
v -0.0412 0.1493 0.0035
v -0.0324 0.1561 0.0013
v 0.0253 0.1112 0.0363
v -0.0247 0.1611 -0.0025
v -0.0263 0.1787 -0.0083
v -0.0203 0.1584 -0.0067
v -0.0881 0.1043 0.0125
v -0.0609 0.1440 0.0369
v 0.0185 0.1176 -0.0123
v 0.0110 0.0740 0.0548
v 0.0132 0.0748 0.0544
v 0.0150 0.0740 0.0533
v 0.0157 0.0740 0.0527
v 0.0166 0.0740 0.0522
v 0.0194 0.0744 0.0516
v 0.0210 0.0739 0.0505
v 0.0222 0.0762 0.0498
v 0.0262 0.0740 0.0450
v 0.0282 0.0748 0.0443
v 0.0311 0.0758 0.0430
v 0.0332 0.0745 0.0403
v 0.0354 0.0762 0.0390
v 0.0372 0.0751 0.0369
v 0.0433 0.0749 0.0272
v 0.0455 0.0730 0.0211
v -0.0889 0.1379 0.0275
v -0.0629 0.1473 -0.0140
v -0.0523 0.1410 0.0218
v -0.0370 0.1553 0.0036
v -0.0496 0.1463 0.0106
v -0.0496 0.1183 0.0317
v -0.0538 0.1154 0.0344
v -0.0600 0.1449 0.0362
v -0.0210 0.1582 -0.0056
v -0.0651 0.1455 0.0397
v -0.0643 0.1339 0.0402
v -0.0676 0.1128 0.0455
v 0.0113 0.0753 0.0548
v 0.0147 0.0765 0.0541
v 0.0161 0.0754 0.0531
v 0.0255 0.0762 0.0473
v 0.0260 0.0760 0.0465
v 0.0268 0.0766 0.0459
v 0.0326 0.0763 0.0418
v 0.0365 0.0763 0.0380
v -0.0715 0.1778 -0.0557
v 0.0277 0.1120 0.0345
v -0.0362 0.1609 0.0002
v -0.0415 0.1551 0.0065
v -0.0482 0.1459 0.0084
v -0.0490 0.1463 0.0096
v -0.0531 0.1381 0.0277
v -0.0662 0.1305 0.0457
v -0.0711 0.1602 -0.0440
v -0.0166 0.1637 -0.0098
v -0.0473 0.1211 0.0280
v -0.0503 0.1169 0.0325
v -0.0624 0.1496 -0.0138
v 0.0111 0.0770 0.0549
v 0.0122 0.0772 0.0546
v 0.0134 0.0767 0.0546
v 0.0163 0.0768 0.0535
v 0.0185 0.0767 0.0525
v 0.0201 0.0793 0.0515
v 0.0246 0.0769 0.0484
v 0.0282 0.0767 0.0449
v 0.0352 0.0783 0.0395
v 0.0390 0.0778 0.0346
v 0.0425 0.0780 0.0283
v 0.0434 0.0764 0.0269
v 0.0451 0.0783 0.0231
v 0.0460 0.0788 0.0202
v 0.0462 0.0752 0.0187
v -0.0636 0.1195 0.0469
v -0.0100 0.1697 -0.0198
v -0.0452 0.1463 0.0046
v -0.0458 0.1463 0.0055
v -0.0471 0.1462 0.0072
v -0.0630 0.1339 0.0388
v -0.0637 0.1339 0.0394
v -0.0160 0.1045 -0.0227
v -0.0419 0.1580 0.0042
v -0.0784 0.1610 -0.0250
v -0.0480 0.1211 0.0288
v 0.0451 0.0882 0.0004
v -0.0534 0.1348 0.0315
v 0.0135 0.0780 0.0545
v 0.0154 0.0781 0.0540
v 0.0174 0.0780 0.0532
v 0.0230 0.0786 0.0496
v 0.0247 0.0803 0.0488
v 0.0257 0.0791 0.0478
v 0.0267 0.0783 0.0465
v 0.0288 0.0788 0.0449
v 0.0322 0.0798 0.0426
v 0.0363 0.0787 0.0380
v 0.0373 0.0781 0.0368
v 0.0437 0.0814 0.0266
v 0.0463 0.0763 0.0163
v -0.0298 0.1596 0.0012
v -0.0623 0.1395 0.0361
v -0.0610 0.1396 0.0347
v -0.0603 0.1395 0.0339
v -0.0516 0.1477 0.0158
v -0.0750 0.1444 -0.0069
v -0.0428 0.1580 0.0047
v -0.0821 0.0964 -0.0061
v 0.0371 0.1111 0.0049
v -0.0242 0.1597 -0.0017
v -0.0386 0.1595 0.0020
v -0.0689 0.1157 0.0513
v -0.0619 0.1616 -0.0333
v 0.0117 0.0797 0.0543
v 0.0139 0.0798 0.0541
v 0.0155 0.0794 0.0537
v 0.0183 0.0799 0.0526
v 0.0274 0.0800 0.0459
v 0.0340 0.0802 0.0410
v 0.0394 0.0818 0.0345
v 0.0408 0.0818 0.0322
v 0.0462 0.0796 0.0159
v -0.0494 0.1197 0.0319
v -0.0607 0.1206 0.0417
v -0.0309 0.1742 -0.0043
v -0.0848 0.1104 0.0249
v -0.0319 0.1683 -0.0059
v -0.0346 0.1567 0.0030
v -0.0548 0.1439 0.0295
v -0.0465 0.1463 0.0064
v -0.0795 0.0706 0.0095
v -0.0690 0.1273 0.0511
v -0.0632 0.1169 0.0432
v -0.0684 0.1172 0.0519
v 0.0127 0.0820 0.0535
v 0.0177 0.0812 0.0525
v 0.0201 0.0816 0.0511
v 0.0215 0.0809 0.0505
v 0.0232 0.0810 0.0497
v 0.0266 0.0823 0.0467
v 0.0293 0.0817 0.0441
v 0.0315 0.0816 0.0429
v 0.0348 0.0818 0.0399
v 0.0356 0.0818 0.0385
v 0.0370 0.0855 0.0368
v 0.0419 0.0817 0.0299
v 0.0455 0.0840 0.0196
v 0.0367 0.0971 0.0340
v -0.0554 0.1439 0.0305
v -0.0624 0.1138 0.0377
v -0.0360 0.1624 -0.0013
v -0.0627 0.1558 -0.0361
v -0.0542 0.1426 0.0278
v -0.0806 0.1149 0.0475
v -0.0486 0.1369 0.0165
v -0.0697 0.1298 0.0501
v -0.0099 0.1681 -0.0188
v 0.0117 0.0819 0.0539
v 0.0219 0.0823 0.0502
v 0.0279 0.0845 0.0454
v 0.0286 0.0830 0.0444
v 0.0333 0.0829 0.0414
v -0.0753 0.1778 -0.0529
v -0.0520 0.1169 0.0334
v -0.0399 0.1609 0.0018
v 0.0356 0.0949 -0.0126
v -0.0617 0.1138 0.0370
v -0.0326 0.1682 -0.0052
v -0.0625 0.1614 -0.0443
v -0.0901 0.1488 0.0121
v -0.0361 0.1566 0.0038
v -0.0616 0.1200 0.0425
v -0.0279 0.1803 -0.0145
v -0.0198 0.1584 -0.0075
v 0.0087 0.0843 0.0559
v 0.0107 0.0844 0.0548
v 0.0117 0.0833 0.0539
v 0.0125 0.0833 0.0533
v 0.0135 0.0834 0.0529
v 0.0161 0.0841 0.0518
v 0.0270 0.1087 0.0374
v 0.0218 0.0843 0.0499
v 0.0232 0.0836 0.0493
v 0.0251 0.0844 0.0476
v 0.0272 0.0846 0.0463
v 0.0290 0.0836 0.0438
v 0.0299 0.0835 0.0432
v 0.0316 0.0835 0.0426
v 0.0331 0.0845 0.0416
v 0.0349 0.0844 0.0395
v 0.0421 0.0844 0.0294
v 0.0434 0.0852 0.0272
v -0.0795 0.1139 0.0468
v 0.0395 0.1025 -0.0034
v -0.0463 0.1239 0.0259
v -0.0669 0.1108 0.0382
v -0.0224 0.1685 -0.0192
v -0.0614 0.1227 0.0428
v -0.0629 0.1535 -0.0331
v -0.0191 0.1846 -0.0158
v -0.0298 0.1540 -0.0046
v 0.0129 0.0846 0.0533
v 0.0229 0.0849 0.0490
v 0.0241 0.0849 0.0481
v 0.0260 0.0862 0.0471
v 0.0299 0.0856 0.0431
v 0.0317 0.0853 0.0426
v 0.0387 0.0862 0.0348
v 0.0409 0.0857 0.0318
v -0.0174 0.1625 -0.0078
v -0.0764 0.1031 0.0356
v -0.0379 0.1580 0.0046
v -0.0026 0.1065 -0.0223
v -0.0888 0.1415 0.0123
v -0.0746 0.0671 0.0188
v -0.0678 0.1108 0.0394
v -0.0672 0.1041 -0.0150
v -0.0359 0.1580 0.0041
v -0.0465 0.1580 0.0082
v 0.0118 0.0859 0.0543
v 0.0132 0.0874 0.0535
v 0.0144 0.0868 0.0522
v 0.0160 0.0863 0.0513
v 0.0219 0.0863 0.0491
v 0.0236 0.0863 0.0483
v 0.0245 0.0874 0.0479
v 0.0270 0.0863 0.0462
v 0.0280 0.0881 0.0446
v 0.0283 0.0862 0.0445
v 0.0290 0.0862 0.0437
v 0.0333 0.0871 0.0420
v 0.0421 0.0859 0.0293
v -0.0518 0.1155 0.0338
v -0.0788 0.1484 -0.0021
v -0.0396 0.1594 0.0024
v -0.0392 0.1507 0.0028
v -0.0597 0.1240 0.0415
v -0.0520 0.1508 0.0153
v -0.0302 0.1611 -0.0017
v 0.0249 0.1127 0.0352
v -0.0660 0.1109 0.0378
v -0.0656 0.1201 0.0505
v -0.0210 0.1596 -0.0042
v 0.0099 0.0874 0.0552
v 0.0118 0.0873 0.0543
v -0.0573 0.1154 0.0367
v 0.0268 0.0896 0.0456
v 0.0293 0.0880 0.0436
v 0.0356 0.0885 0.0392
v 0.0392 0.0885 0.0338
v 0.0421 0.0886 0.0284
v 0.0030 0.1088 -0.0202
v -0.0877 0.1460 0.0088
v -0.0443 0.1536 0.0078
v -0.0903 0.1351 0.0228
v -0.0417 0.1536 0.0063
v -0.0581 0.1510 0.0333
v -0.0204 0.1625 -0.0068
v -0.0649 0.1109 0.0376
v -0.0063 0.0965 -0.0314
v -0.0721 0.1454 -0.0185
v -0.0620 0.1410 0.0367
v -0.0741 0.1750 -0.0511
v -0.0618 0.1256 0.0429
v -0.0482 0.1447 0.0064
v 0.0119 0.0887 0.0542
v 0.0134 0.0887 0.0533
v 0.0143 0.0886 0.0523
v 0.0159 0.0900 0.0514
v 0.0174 0.0887 0.0498
v 0.0181 0.0887 0.0491
v -0.0562 0.1155 0.0361
v 0.0294 0.0907 0.0436
v 0.0309 0.0889 0.0431
v 0.0320 0.0890 0.0428
v 0.0377 0.0899 0.0361
v 0.0402 0.0892 0.0320
v -0.0784 0.1514 -0.0009
v -0.0648 0.1729 -0.0485
v -0.0769 0.1590 -0.0124
v -0.0105 0.1669 -0.0171
v -0.0765 0.1544 -0.0022
v -0.0600 0.1483 0.0362
v -0.0755 0.1355 -0.0066
v -0.0927 0.1208 0.0277
v -0.0922 0.1265 0.0312
v -0.0247 0.1133 -0.0168
v -0.0778 0.1594 -0.0179
v -0.0409 0.1580 0.0040
v -0.0181 0.1824 -0.0245
v -0.0622 0.1633 -0.0565
v -0.0089 0.1738 -0.0257
v -0.0651 0.0659 0.0308
v -0.0483 0.1197 0.0300
v 0.0134 0.0901 0.0529
v 0.0142 0.0901 0.0523
v 0.0168 0.0902 0.0504
v -0.0628 0.1644 -0.0339
v 0.0249 0.0909 0.0470
v 0.0317 0.0903 0.0427
v 0.0356 0.0905 0.0390
v -0.0760 0.1500 -0.0079
v 0.0166 0.0940 0.0487
v 0.0159 0.0940 0.0494
v -0.0869 0.1105 0.0094
v -0.0479 0.1183 0.0306
v -0.0038 0.0949 -0.0332
v -0.0467 0.1450 0.0030
v -0.0409 0.1639 0.0039
v -0.0391 0.1579 0.0047
v -0.0173 0.1775 -0.0250
v -0.0698 0.1132 0.0490
v -0.0488 0.1197 0.0310
v -0.0477 0.1197 0.0292
v 0.0137 0.0915 0.0521
v 0.0156 0.0914 0.0512
v -0.0892 0.1414 0.0336
v -0.0631 0.1492 -0.0220
v -0.0523 0.1183 0.0339
v -0.0512 0.1183 0.0329
v -0.0461 0.1225 0.0262
v -0.0876 0.0955 0.0044
v -0.0774 0.1640 -0.0231
v -0.0600 0.1410 0.0344
v -0.0468 0.1449 0.0041
v -0.0227 0.1571 -0.0066
v -0.0115 0.1641 -0.0150
v -0.0619 0.1413 -0.0062
v -0.0752 0.1037 -0.0105
v -0.0860 0.1104 0.0212
v -0.0927 0.1175 0.0356
v -0.0091 0.1697 -0.0248
v -0.0615 0.1600 -0.0325
v -0.0760 0.1149 -0.0054
v -0.0154 0.1608 -0.0120
v -0.0834 0.1418 0.0022
v 0.0211 0.0358 -0.0017
v 0.0211 0.0358 -0.0027
v 0.0205 0.0358 -0.0037
v 0.0202 0.0357 -0.0047
v 0.0192 0.0357 -0.0067
v 0.0191 0.0356 -0.0077
v 0.0183 0.0351 -0.0098
v 0.0182 0.0355 -0.0117
v 0.0181 0.0355 -0.0137
v 0.0165 0.0354 -0.0166
v -0.0689 0.0967 -0.0161
v 0.0197 0.0370 0.0403
v 0.0212 0.0373 0.0383
v 0.0224 0.0376 0.0349
v -0.0725 0.1479 -0.0287
v -0.0639 0.1649 -0.0286
v -0.0618 0.1585 -0.0221
v -0.0610 0.1715 -0.0598
v -0.0674 0.0623 0.0216
v -0.0272 0.1681 -0.0179
v -0.0608 0.0954 -0.0187
v -0.0305 0.0969 -0.0235
v 0.0409 0.0391 0.0067
v 0.0399 0.0391 0.0039
v 0.0383 0.0393 0.0015
v 0.0213 0.0373 -0.0027
v 0.0219 0.0374 -0.0036
v 0.0210 0.0373 -0.0046
v 0.0201 0.0371 -0.0063
v 0.0197 0.0371 -0.0079
v 0.0194 0.0371 -0.0097
v 0.0198 0.0380 -0.0109
v 0.0189 0.0371 -0.0132
v 0.0184 0.0369 -0.0148
v 0.0177 0.0369 -0.0167
v 0.0173 0.0368 -0.0176
v 0.0159 0.0367 -0.0195
v 0.0149 0.0366 -0.0206
v 0.0095 0.1228 -0.0112
v 0.0232 0.0960 -0.0214
v 0.0221 0.0387 0.0389
v 0.0244 0.0404 0.0370
v 0.0242 0.0393 0.0349
v 0.0243 0.0388 0.0330
v -0.0886 0.1031 0.0146
v -0.0093 0.1773 -0.0288
v -0.0619 0.1536 -0.0188
v -0.0794 0.1262 -0.0060
v 0.0455 0.0413 0.0090
v 0.0469 0.0429 0.0052
v 0.0440 0.0419 0.0027
v 0.0418 0.0409 0.0021
v 0.0391 0.0413 -0.0014
v -0.0478 0.1355 0.0103
v 0.0235 0.0390 -0.0047
v 0.0230 0.0403 -0.0066
v 0.0211 0.0388 -0.0079
v 0.0216 0.0427 -0.0161
v 0.0190 0.0390 -0.0172
v 0.0175 0.0386 -0.0192
v 0.0155 0.0381 -0.0208
v -0.0100 0.0962 -0.0319
v -0.0902 0.1135 0.0384
v -0.0272 0.1043 -0.0231
v 0.0258 0.0409 0.0339
v -0.0906 0.1131 0.0114
v -0.0726 0.1439 -0.0130
v -0.0494 0.1365 0.0203
v -0.0639 0.1788 -0.0570
v -0.0621 0.1525 -0.0158
v -0.0618 0.1709 -0.0541
v -0.0625 0.1508 -0.0204
v -0.0643 0.1194 -0.0089
v 0.0466 0.0420 0.0162
v 0.0488 0.0430 0.0118
v 0.0480 0.0430 0.0072
v 0.0435 0.0436 0.0003
v 0.0297 0.1019 -0.0157
v -0.0876 0.1294 0.0013
v 0.0247 0.0407 -0.0054
v 0.0223 0.0404 -0.0079
v 0.0213 0.0401 -0.0105
v 0.0216 0.0414 -0.0118
v 0.0180 0.0408 -0.0208
v 0.0164 0.0405 -0.0218
v -0.0891 0.0947 0.0215
v -0.0107 0.1652 -0.0166
v -0.0923 0.1200 0.0090
v -0.0628 0.1687 -0.0471
v -0.0522 0.1383 0.0001
v 0.0252 0.0421 0.0373
v -0.0612 0.1742 -0.0607
v -0.0740 0.0690 0.0264
v -0.0096 0.1788 -0.0287
v -0.0793 0.1078 0.0320
v 0.0488 0.0437 0.0187
v 0.0515 0.0450 0.0134
v 0.0508 0.0447 0.0098
v 0.0503 0.0452 0.0052
v 0.0492 0.0446 0.0043
v 0.0480 0.0444 0.0029
v 0.0482 0.0457 0.0007
v 0.0452 0.0441 0.0006
v 0.0319 0.0973 -0.0151
v -0.0343 0.1154 -0.0152
v 0.0237 0.0418 -0.0072
v 0.0224 0.0417 -0.0093
v 0.0219 0.0416 -0.0107
v 0.0204 0.0415 -0.0182
v 0.0202 0.0428 -0.0204
v -0.0148 0.0961 -0.0315
v -0.0807 0.1088 -0.0029
v -0.0090 0.1681 -0.0217
v -0.0635 0.1585 -0.0451
v -0.0624 0.1475 -0.0072
v -0.0136 0.0370 0.0510
v -0.0547 0.1478 0.0271
v -0.0908 0.1379 0.0182
v -0.0619 0.1568 -0.0191
v -0.0089 0.1757 -0.0278
v -0.0483 0.1356 0.0079
v -0.0624 0.1620 -0.0273
v -0.0340 0.1526 -0.0006
v -0.0619 0.1705 -0.0617
v 0.0524 0.0461 0.0168
v 0.0537 0.0472 0.0104
v 0.0527 0.0472 0.0066
v 0.0503 0.0463 0.0025
v 0.0259 0.1030 -0.0174
v -0.0011 0.1213 -0.0117
v 0.0263 0.0438 -0.0069
v 0.0261 0.0440 -0.0076
v 0.0243 0.0434 -0.0092
v 0.0228 0.0431 -0.0112
v 0.0224 0.0430 -0.0127
v 0.0223 0.0431 -0.0137
v 0.0227 0.0444 -0.0151
v 0.0211 0.0429 -0.0185
v 0.0191 0.0428 -0.0217
v 0.0172 0.1071 -0.0175
v -0.0345 0.0353 -0.0312
v -0.0677 0.0655 0.0275
v -0.0749 0.1527 -0.0219
v -0.0833 0.1394 0.0005
v -0.0927 0.1221 0.0319
v -0.0091 0.1681 -0.0228
v -0.0620 0.1621 -0.0304
v -0.0133 0.1624 -0.0148
v -0.0629 0.1611 -0.0485
v -0.0851 0.1111 0.0410
v -0.0488 0.1337 0.0028
v -0.0481 0.1337 0.0045
v -0.0881 0.1120 0.0356
v -0.0092 0.1756 -0.0288
v -0.0857 0.0970 -0.0004
v -0.0661 0.0622 0.0222
v -0.0098 0.1667 -0.0208
v 0.0551 0.0488 0.0190
v 0.0547 0.0478 0.0141
v 0.0542 0.0492 0.0040
v 0.0510 0.0488 0.0001
v 0.0454 0.0473 -0.0037
v 0.0211 0.0987 -0.0220
v 0.0444 0.0876 -0.0024
v -0.0034 0.1168 -0.0160
v 0.0264 0.0449 -0.0090
v 0.0260 0.0452 -0.0111
v 0.0250 0.0450 -0.0127
v 0.0243 0.0449 -0.0137
v 0.0222 0.0445 -0.0168
v 0.0218 0.0445 -0.0178
v 0.0214 0.0445 -0.0187
v 0.0208 0.0444 -0.0202
v 0.0197 0.0443 -0.0217
v 0.0287 0.0953 -0.0191
v 0.0517 0.0688 0.0018
v 0.0566 0.0605 0.0010
v -0.0226 0.1093 -0.0210
v -0.0926 0.1230 0.0297
v -0.0135 0.1622 -0.0139
v -0.0135 0.1621 -0.0127
v -0.0089 0.1712 -0.0237
v -0.0592 0.0666 0.0348
v -0.0525 0.1478 0.0201
v -0.0640 0.1581 -0.0474
v -0.0634 0.1649 -0.0315
v -0.0494 0.1432 0.0084
v -0.0298 0.1059 -0.0219
v -0.0843 0.1119 0.0442
v -0.0654 0.0767 0.0406
v -0.0629 0.1592 -0.0431
v -0.0362 0.1510 -0.0006
v -0.0341 0.1521 -0.0025
v -0.0625 0.1521 -0.0114
v 0.0566 0.0500 0.0141
v 0.0562 0.0495 0.0113
v 0.0555 0.0495 0.0069
v 0.0527 0.0490 0.0018
v 0.0485 0.0487 -0.0026
v 0.0290 0.0467 -0.0077
v 0.0282 0.0466 -0.0090
v 0.0277 0.0469 -0.0126
v 0.0268 0.0466 -0.0140
v 0.0260 0.0465 -0.0157
v 0.0252 0.0465 -0.0166
v 0.0226 0.0459 -0.0178
v 0.0218 0.0458 -0.0189
v 0.0212 0.0459 -0.0197
v 0.0204 0.0459 -0.0208
v 0.0049 0.1199 -0.0143
v -0.0161 0.1022 -0.0235
v -0.0012 0.0939 -0.0334
v -0.0241 0.1086 -0.0211
v -0.0919 0.1293 0.0093
v -0.0086 0.1711 -0.0248
v -0.0899 0.1501 0.0129
v -0.0622 0.1756 -0.0568
v -0.0851 0.0926 -0.0033
v -0.0495 0.1433 0.0095
v -0.0653 0.0646 0.0280
v -0.0942 0.1202 0.0166
v -0.0516 0.1494 0.0155
v -0.0542 0.1493 0.0264
v -0.0521 0.1388 0.0239
v -0.0505 0.1387 0.0204
v 0.0568 0.0509 0.0183
v 0.0573 0.0510 0.0115
v 0.0566 0.0508 0.0074
v 0.0561 0.0508 0.0055
v 0.0550 0.0507 0.0034
v 0.0529 0.0506 0.0003
v 0.0521 0.0510 -0.0008
v 0.0497 0.0502 -0.0027
v -0.0318 0.1218 -0.0072
v 0.0126 0.1020 -0.0220
v 0.0304 0.0893 -0.0198
v 0.0310 0.0490 -0.0076
v 0.0297 0.0484 -0.0092
v 0.0273 0.0480 -0.0166
v 0.0259 0.0480 -0.0181
v 0.0226 0.0471 -0.0196
v -0.0104 0.1190 -0.0143
v -0.0621 0.1678 -0.0514
v -0.0622 0.1633 -0.0371
v -0.0335 0.1525 -0.0016
v -0.0476 0.1340 0.0072
v -0.0886 0.1143 0.0291
v -0.0424 0.1478 0.0014
v -0.0534 0.1509 0.0235
v -0.0485 0.1375 0.0101
v -0.0502 0.1366 0.0021
v -0.0649 0.0609 0.0202
v 0.0577 0.0526 0.0192
v 0.0582 0.0525 0.0136
v 0.0584 0.0529 0.0118
v 0.0575 0.0526 0.0076
v 0.0568 0.0523 0.0054
v 0.0558 0.0521 0.0033
v 0.0540 0.0523 0.0004
v 0.0508 0.0528 -0.0032
v 0.0230 0.1213 -0.0042
v -0.0385 0.0337 -0.0296
v 0.0297 0.0495 -0.0123
v 0.0290 0.0496 -0.0152
v 0.0279 0.0492 -0.0172
v 0.0259 0.0492 -0.0196
v 0.0335 0.1109 -0.0060
v -0.0211 0.1206 -0.0103
v -0.0194 0.1193 -0.0113
v 0.0258 0.1130 -0.0107
v -0.0089 0.0362 -0.0253
v -0.0525 0.1169 -0.0147
v -0.0624 0.1667 -0.0471
v -0.0087 0.1741 -0.0268
v -0.0909 0.1146 0.0400
v -0.0493 0.1432 0.0074
v -0.0692 0.0344 -0.0046
v -0.0424 0.1478 0.0024
v -0.0685 0.1421 -0.0099
v -0.0722 0.1555 -0.0381
v -0.0512 0.1364 0.0003
v -0.0861 0.1121 0.0431
v 0.0591 0.0554 0.0169
v 0.0573 0.0591 0.0018
v 0.0531 0.0536 -0.0017
v -0.0064 0.1147 -0.0175
v -0.0039 0.1149 -0.0174
v 0.0311 0.0512 -0.0111
v 0.0299 0.0510 -0.0144
v 0.0289 0.0508 -0.0171
v 0.0276 0.0509 -0.0194
v 0.0261 0.0506 -0.0207
v -0.0152 0.1217 -0.0085
v 0.0289 0.1073 -0.0130
v 0.0467 0.0684 0.0018
v -0.0053 0.1000 -0.0240
v -0.0579 0.1219 -0.0087
v -0.0624 0.1646 -0.0421
v -0.0624 0.1636 -0.0493
v -0.0392 0.1495 0.0004
v -0.0512 0.1373 0.0240
v -0.0787 0.0769 0.0303
v -0.0086 0.1726 -0.0268
v 0.0590 0.0571 0.0203
v 0.0594 0.0572 0.0086
v 0.0587 0.0578 0.0054
v 0.0586 0.0594 0.0039
v 0.0522 0.0554 -0.0032
v -0.0117 0.1145 -0.0172
v -0.0917 0.1227 0.0073
v 0.0338 0.0526 -0.0079
v 0.0326 0.0533 -0.0105
v 0.0303 0.0524 -0.0149
v 0.0288 0.0524 -0.0183
v 0.0279 0.0523 -0.0198
v 0.0267 0.0522 -0.0208
v -0.0130 0.1194 -0.0134
v -0.0139 0.1179 -0.0148
v -0.0155 0.1182 -0.0143
v -0.0307 0.1075 -0.0202
v 0.0128 0.1243 -0.0072
v 0.0073 0.1144 -0.0187
v -0.0131 0.1223 -0.0087
v -0.0620 0.1522 -0.0176
v -0.0088 0.1712 -0.0260
v -0.0651 0.1746 -0.0502
v -0.0770 0.0729 0.0283
v -0.0623 0.1537 -0.0146
v 0.0606 0.0591 0.0121
v 0.0601 0.0577 0.0106
v -0.0345 0.1169 -0.0135
v -0.0882 0.1192 0.0014
v 0.0206 0.1114 -0.0151
v 0.0359 0.0554 -0.0080
v 0.0319 0.0548 -0.0135
v 0.0312 0.0549 -0.0148
v 0.0299 0.0538 -0.0164
v 0.0289 0.0538 -0.0185
v 0.0279 0.0537 -0.0198
v 0.0263 0.0544 -0.0209
v -0.0316 0.1202 -0.0094
v -0.0240 0.1230 -0.0053
v -0.0206 0.1243 -0.0040
v 0.0073 0.1183 -0.0157
v 0.0249 0.0849 -0.0242
v -0.0381 0.1168 -0.0145
v -0.0616 0.1599 -0.0284
v -0.0842 0.0775 0.0177
v -0.0620 0.1538 -0.0156
v -0.0527 0.1461 0.0197
v -0.0881 0.0968 0.0057
v -0.0623 0.1647 -0.0441
v -0.0302 0.0353 0.0507
v -0.0529 0.1514 0.0183
v -0.0770 0.1128 -0.0045
v 0.0603 0.0593 0.0167
v 0.0548 0.0588 -0.0016
v -0.0314 0.0405 -0.0302
v -0.0630 0.1169 -0.0106
v 0.0355 0.0570 -0.0103
v 0.0330 0.0564 -0.0133
v 0.0292 0.0552 -0.0178
v 0.0285 0.0565 -0.0188
v 0.0276 0.0551 -0.0198
v 0.0254 0.0548 -0.0217
v 0.0244 0.0534 -0.0225
v -0.0182 0.0921 -0.0358
v 0.0130 0.1052 -0.0195
v -0.0813 0.1371 -0.0025
v -0.0861 0.1375 0.0021
v -0.0930 0.1233 0.0281
v -0.0149 0.1059 -0.0222
v -0.0183 0.0936 -0.0344
v -0.0878 0.1127 0.0424
v -0.0910 0.1160 0.0421
v -0.0855 0.1104 0.0059
v -0.0762 0.1500 -0.0136
v -0.0276 0.1818 -0.0116
v -0.0509 0.1425 0.0170
v -0.0288 0.0351 0.0513
v -0.0767 0.1097 0.0432
v -0.0686 0.0621 0.0196
v -0.0816 0.1078 -0.0025
v 0.0609 0.0607 0.0105
v 0.0603 0.0603 0.0081
v -0.0520 0.1054 -0.0194
v 0.0374 0.0561 -0.0062
v 0.0319 0.0569 -0.0148
v 0.0306 0.0568 -0.0162
v 0.0260 0.0562 -0.0215
v 0.0253 0.0574 -0.0232
v 0.0237 0.0562 -0.0251
v 0.0120 0.0950 -0.0268
v 0.0240 0.1048 -0.0170
v -0.0774 0.1597 -0.0249
v 0.0035 0.1072 -0.0203
v -0.0336 0.1072 -0.0199
v -0.0837 0.1461 0.0038
v -0.0621 0.1629 -0.0394
v -0.0517 0.1233 -0.0093
v -0.0631 0.1451 -0.0101
v -0.0896 0.1392 0.0348
v -0.0621 0.1572 -0.0348
v -0.0232 0.1848 -0.0151
v -0.0923 0.1147 0.0188
v -0.0526 0.0655 0.0353
v -0.0911 0.1428 0.0248
v 0.0609 0.0615 0.0128
v 0.0595 0.0608 0.0054
v 0.0584 0.0610 0.0032
v -0.0911 0.1307 0.0076
v -0.0940 0.1188 0.0170
v 0.0387 0.0590 -0.0058
v 0.0377 0.0600 -0.0095
v 0.0354 0.0587 -0.0121
v 0.0331 0.0595 -0.0155
v 0.0307 0.0582 -0.0168
v 0.0296 0.0580 -0.0178
v 0.0277 0.0578 -0.0203
v 0.0327 0.1085 -0.0091
v 0.0273 0.0912 -0.0216
v -0.0262 0.1203 -0.0097
v -0.0932 0.1185 0.0129
v -0.0839 0.1103 0.0268
v -0.0896 0.1393 0.0134
v -0.0766 0.1079 0.0361
v -0.0691 0.1721 -0.0547
v -0.0321 0.1232 -0.0048
v -0.0624 0.1460 -0.0066
v 0.0125 0.1218 -0.0115
v 0.0264 0.1168 -0.0065
v -0.0731 0.0645 0.0164
v -0.0721 0.0704 0.0315
v -0.0293 0.0358 0.0523
v 0.0608 0.0647 0.0163
v 0.0610 0.0633 0.0112
v 0.0605 0.0627 0.0081
v 0.0594 0.0626 0.0051
v 0.0576 0.0628 0.0023
v 0.0563 0.0619 0.0011
v -0.0770 0.1020 -0.0100
v -0.0573 0.1384 -0.0050
v 0.0399 0.0608 -0.0047
v 0.0393 0.0605 -0.0059
v 0.0387 0.0615 -0.0086
v 0.0369 0.0602 -0.0108
v 0.0363 0.0601 -0.0117
v 0.0351 0.0602 -0.0132
v 0.0317 0.0600 -0.0175
v 0.0295 0.0595 -0.0189
v 0.0276 0.0594 -0.0215
v 0.0264 0.0592 -0.0228
v 0.0253 0.0591 -0.0238
v 0.0183 0.1225 -0.0066
v -0.0506 0.1152 -0.0159
v -0.0860 0.1090 0.0094
v 0.0212 0.1209 -0.0064
v 0.0148 0.0929 -0.0264
v -0.0929 0.1188 0.0339
v -0.0118 0.1636 -0.0158
v -0.0615 0.1694 -0.0560
v -0.0618 0.1600 -0.0266
v -0.0616 0.1455 -0.0049
v 0.0429 0.0624 -0.0025
v -0.0588 0.0350 0.0449
v -0.0526 0.1432 0.0204
v -0.0616 0.1569 -0.0246
v -0.0615 0.1569 -0.0236
v -0.0787 0.0722 0.0221
v -0.0200 0.1226 -0.0076
v 0.0582 0.0641 0.0032
v -0.0799 0.1464 -0.0017
v -0.0873 0.1058 0.0115
v -0.0904 0.1292 0.0061
v -0.0884 0.0928 0.0075
v 0.0380 0.0615 -0.0102
v 0.0368 0.0616 -0.0118
v 0.0336 0.0612 -0.0157
v 0.0320 0.0611 -0.0178
v 0.0305 0.0610 -0.0188
v 0.0292 0.0610 -0.0200
v 0.0273 0.0607 -0.0222
v 0.0260 0.0610 -0.0234
v 0.0506 0.0660 -0.0008
v -0.0835 0.1051 0.0274
v -0.0861 0.1091 0.0108
v -0.0683 0.1542 -0.0505
v -0.0581 0.0643 0.0322
v -0.0625 0.1663 -0.0446
v -0.0625 0.1620 -0.0455
v -0.0672 0.1626 -0.0570
v -0.0621 0.1599 -0.0228
v -0.0795 0.0738 0.0242
v -0.0360 0.1511 -0.0016
v 0.0609 0.0659 0.0129
v 0.0589 0.0674 0.0061
v 0.0572 0.0653 0.0020
v -0.0854 0.1451 0.0069
v -0.0865 0.1090 0.0124
v -0.0895 0.0923 0.0203
v 0.0409 0.0642 -0.0050
v 0.0394 0.0647 -0.0090
v 0.0374 0.0642 -0.0118
v 0.0352 0.0635 -0.0138
v 0.0326 0.0634 -0.0178
v 0.0314 0.0625 -0.0186
v 0.0294 0.0623 -0.0199
v 0.0279 0.0622 -0.0214
v -0.0930 0.1286 0.0135
v -0.0820 0.1461 0.0007
v -0.0906 0.1380 0.0216
v -0.0897 0.1352 0.0335
v -0.0866 0.1076 0.0121
v -0.0937 0.1288 0.0223
v -0.0914 0.1133 0.0146
v -0.0821 0.1398 -0.0003
v -0.0626 0.1600 -0.0416
v -0.0775 0.1139 0.0489
v 0.0321 0.0875 -0.0193
v -0.0766 0.0774 0.0333
v -0.0721 0.0636 0.0170
v -0.0742 0.1120 0.0480
v -0.0764 0.1528 -0.0109
v 0.0603 0.0663 0.0179
v 0.0605 0.0676 0.0155
v 0.0601 0.0679 0.0101
v 0.0581 0.0662 0.0036
v -0.0787 0.1440 -0.0035
v -0.0904 0.1474 0.0126
v -0.0903 0.1158 0.0271
v -0.0904 0.1160 0.0283
v 0.0350 0.0658 -0.0151
v 0.0344 0.0677 -0.0164
v 0.0317 0.0646 -0.0188
v 0.0292 0.0637 -0.0199
v -0.0729 0.1555 -0.0327
v -0.0825 0.1474 0.0024
v -0.0404 0.1209 -0.0123
v -0.0900 0.1379 0.0232
v -0.0719 0.1808 -0.0559
v 0.0137 0.1115 -0.0181
v -0.0038 0.1269 -0.0064
v -0.0197 0.1089 -0.0213
v -0.0869 0.1225 -0.0017
v -0.0351 0.0380 0.0478
v -0.0786 0.1753 -0.0473
v -0.0867 0.1294 -0.0002
v -0.0846 0.1448 0.0056
v -0.0237 0.1202 -0.0107
v 0.0215 0.0878 -0.0252
v -0.0911 0.1434 0.0263
v -0.0608 0.1714 -0.0610
v -0.0901 0.1419 0.0289
v -0.0096 0.1666 -0.0198
v -0.0758 0.0677 0.0161
v 0.0595 0.0678 0.0189
v 0.0604 0.0679 0.0135
v 0.0581 0.0681 0.0047
v -0.0737 0.1444 -0.0099
v -0.0920 0.1263 0.0406
v 0.0421 0.0674 -0.0033
v 0.0413 0.0662 -0.0048
v 0.0414 0.0688 -0.0070
v 0.0387 0.0672 -0.0116
v 0.0374 0.0670 -0.0132
v 0.0289 0.0651 -0.0200
v 0.0274 0.0648 -0.0213
v 0.0243 0.0647 -0.0237
v -0.0708 0.1554 -0.0469
v -0.0275 0.0362 -0.0297
v -0.0685 0.1596 -0.0540
v -0.0615 0.1672 -0.0557
v -0.0449 0.1462 0.0025
v -0.0717 0.1475 -0.0282
v -0.0254 0.0357 0.0532
v -0.0329 0.0359 0.0496
v -0.0012 0.1107 -0.0204
v -0.0088 0.1742 -0.0277
v -0.0111 0.1172 -0.0156
v -0.0761 0.0738 0.0309
v -0.0499 0.0725 0.0410
v -0.0626 0.1648 -0.0382
v -0.0622 0.1772 -0.0596
v -0.0317 0.0355 0.0502
v -0.0779 0.1597 -0.0239
v 0.0587 0.0695 0.0190
v 0.0599 0.0692 0.0152
v 0.0600 0.0692 0.0135
v 0.0596 0.0693 0.0102
v 0.0584 0.0692 0.0066
v -0.0003 0.1109 -0.0200
v -0.0751 0.1500 -0.0257
v -0.0837 0.1090 0.0257
v 0.0425 0.0665 -0.0023
v 0.0317 0.0668 -0.0187
v 0.0290 0.0665 -0.0200
v 0.0268 0.0665 -0.0224
v -0.0565 0.1259 -0.0068
v 0.0196 0.1026 -0.0206
v -0.0420 0.1262 -0.0064
v -0.0290 0.1174 -0.0134
v 0.0254 0.1203 -0.0030
v -0.0859 0.1090 0.0083
v -0.0932 0.1193 0.0380
v -0.0919 0.1185 0.0081
v -0.0924 0.1147 0.0159
v -0.0939 0.1201 0.0139
v -0.0625 0.1460 -0.0078
v -0.0450 0.1463 0.0034
v -0.0516 0.1626 -0.0030
v -0.0771 0.1652 -0.0360
v -0.0826 0.1429 0.0017
v -0.0617 0.1553 -0.0186
v -0.0620 0.1553 -0.0166
v -0.0741 0.1146 0.0511
v -0.0639 0.0367 0.0422
v -0.0337 0.0363 0.0491
v -0.0701 0.0665 0.0263
v 0.0591 0.0706 0.0151
v 0.0584 0.0706 0.0091
v 0.0574 0.0704 0.0065
v -0.0351 0.1234 -0.0073
v -0.0820 0.1090 0.0280
v -0.0846 0.1062 0.0246
v 0.0435 0.0688 -0.0004
v 0.0399 0.0696 -0.0102
v 0.0385 0.0688 -0.0122
v 0.0330 0.0691 -0.0176
v 0.0314 0.0681 -0.0188
v 0.0297 0.0680 -0.0198
v 0.0293 0.0698 -0.0215
v 0.0272 0.0681 -0.0227
v -0.0261 0.1231 -0.0044
v -0.0063 0.1001 -0.0241
v -0.0855 0.1090 0.0073
v -0.0929 0.1183 0.0395
v -0.0756 0.1638 -0.0350
v -0.0095 0.1698 -0.0256
v -0.0394 0.1495 0.0014
v -0.0928 0.1262 0.0289
v -0.0913 0.1148 0.0376
v -0.0624 0.1642 -0.0399
v -0.0386 0.1498 -0.0022
v -0.0798 0.1159 0.0486
v -0.0822 0.1104 0.0412
v -0.0098 0.1670 -0.0224
v -0.0629 0.1617 -0.0237
v -0.0884 0.1380 0.0099
v -0.0746 0.1584 -0.0271
v -0.0870 0.1061 0.0172
v -0.0866 0.1091 0.0180
v -0.0895 0.1407 0.0322
v 0.0439 0.0728 -0.0008
v 0.0430 0.0715 -0.0035
v 0.0395 0.0705 -0.0108
v 0.0386 0.0704 -0.0120
v 0.0369 0.0701 -0.0137
v 0.0346 0.0702 -0.0162
v 0.0314 0.0695 -0.0188
v 0.0304 0.0695 -0.0198
v -0.0856 0.1433 0.0072
v -0.0849 0.1174 -0.0010
v -0.0759 0.1527 -0.0129
v -0.0772 0.0719 0.0264
v -0.0495 0.1402 0.0069
v -0.0493 0.1431 0.0039
v -0.0372 0.1199 -0.0118
v -0.0749 0.1084 0.0379
v -0.0100 0.1668 -0.0217
v -0.0731 0.1567 -0.0311
v -0.0468 0.1243 -0.0095
v -0.0097 0.1667 -0.0187
v -0.0364 0.1756 -0.0100
v -0.0766 0.1486 -0.0089
v -0.0930 0.1160 0.0154
v -0.0896 0.1379 0.0242
v 0.0445 0.0722 0.0009
v 0.0424 0.0722 -0.0058
v 0.0418 0.0724 -0.0071
v 0.0331 0.0721 -0.0175
v 0.0323 0.0716 -0.0184
v 0.0280 0.0711 -0.0230
v 0.0139 0.0903 -0.0294
v -0.0122 0.1637 -0.0136
v -0.0734 0.1113 0.0466
v -0.0900 0.1344 0.0370
v -0.0863 0.1125 0.0302
v -0.0544 0.0674 0.0372
v -0.0273 0.0895 -0.0334
v 0.0452 0.0750 0.0017
v 0.0439 0.0742 -0.0021
v 0.0430 0.0737 -0.0042
v 0.0386 0.0734 -0.0115
v 0.0365 0.0755 -0.0128
v 0.0357 0.0737 -0.0139
v 0.0315 0.0737 -0.0198
v 0.0302 0.0727 -0.0210
v -0.0897 0.1393 0.0242
v 0.0442 0.0900 0.0230
v -0.0119 0.1640 -0.0173
v -0.0909 0.1502 0.0178
v -0.0308 0.1540 -0.0025
v -0.0498 0.1401 0.0051
v -0.0875 0.1136 0.0048
v -0.0522 0.1366 -0.0009
v -0.0783 0.0755 0.0290
v -0.0648 0.1716 -0.0462
v -0.0400 0.1495 0.0024
v -0.0706 0.0627 0.0182
v -0.0906 0.1379 0.0164
v -0.0731 0.1455 -0.0160
v 0.0465 0.0751 0.0081
v 0.0465 0.0738 0.0062
v 0.0460 0.0740 0.0039
v 0.0444 0.0766 -0.0016
v 0.0421 0.0756 -0.0062
v 0.0409 0.0751 -0.0081
v 0.0331 0.0746 -0.0175
v 0.0319 0.0765 -0.0197
v 0.0282 0.0742 -0.0230
v -0.0357 0.1219 -0.0088
v -0.0725 0.1553 -0.0352
v -0.0818 0.1011 -0.0057
v -0.0458 0.1591 -0.0085
v 0.0296 0.1161 -0.0044
v -0.0623 0.0606 0.0217
v -0.0794 0.0756 0.0271
v -0.0647 0.0623 0.0235
v -0.0104 0.1800 -0.0295
v -0.0683 0.1566 -0.0533
v -0.0366 0.1511 0.0004
v -0.0745 0.1095 0.0418
v -0.0650 0.0678 0.0338
v -0.0588 0.0371 0.0464
v 0.0466 0.0758 0.0119
v 0.0463 0.0780 0.0073
v 0.0459 0.0771 0.0041
v 0.0451 0.0782 -0.0000
v 0.0435 0.0779 -0.0038
v 0.0399 0.0771 -0.0091
v 0.0390 0.0758 -0.0105
v 0.0378 0.0757 -0.0118
v 0.0352 0.0754 -0.0149
v 0.0308 0.0760 -0.0208
v -0.0680 0.1806 -0.0586
v -0.0836 0.1005 -0.0038
v -0.0865 0.1077 0.0160
v -0.0039 0.1000 -0.0239
v -0.0930 0.1201 0.0336
v -0.0850 0.1251 -0.0031
v -0.0374 0.0975 -0.0224
v -0.0498 0.1448 0.0104
v -0.0916 0.1414 0.0203
v -0.0913 0.1138 0.0195
v -0.0781 0.1597 -0.0229
v -0.0489 0.1448 0.0084
v -0.0141 0.0948 -0.0337
v 0.0230 0.1179 -0.0092
v -0.0875 0.0968 0.0034
v 0.0415 0.0783 -0.0070
v 0.0385 0.0772 -0.0109
v 0.0369 0.0770 -0.0128
v 0.0365 0.0783 -0.0142
v 0.0339 0.0770 -0.0167
v 0.0334 0.0775 -0.0178
v -0.0255 0.1793 -0.0182
v -0.0119 0.1636 -0.0147
v -0.0615 0.1662 -0.0576
v 0.0033 0.0896 -0.0335
v -0.0495 0.1417 0.0080
v 0.0366 0.0865 -0.0164
v -0.0409 0.0983 -0.0218
v 0.0061 0.0921 -0.0324
v -0.0480 0.1446 0.0055
v -0.0509 0.1258 -0.0066
v -0.0756 0.1486 -0.0145
v 0.0461 0.0802 0.0049
v 0.0445 0.0791 -0.0018
v 0.0428 0.0800 -0.0049
v 0.0402 0.0788 -0.0088
v 0.0391 0.0784 -0.0108
v 0.0375 0.0785 -0.0128
v 0.0345 0.0785 -0.0165
v 0.0329 0.0785 -0.0188
v 0.0304 0.0781 -0.0209
v -0.0891 0.0966 0.0197
v -0.0910 0.1428 0.0231
v -0.0743 0.1792 -0.0540
v -0.0844 0.1027 -0.0008
v -0.0891 0.1381 0.0292
v 0.0020 0.1224 -0.0112
v -0.0923 0.1289 0.0283
v -0.0161 0.0360 0.0515
v -0.0619 0.1615 -0.0376
v -0.0502 0.1401 0.0034
v -0.0496 0.1417 0.0064
v 0.0453 0.0814 0.0222
v 0.0453 0.0811 0.0010
v 0.0439 0.0804 -0.0026
v 0.0411 0.0808 -0.0084
v 0.0387 0.0811 -0.0132
v 0.0340 0.0796 -0.0178
v 0.0319 0.0796 -0.0196
v -0.0697 0.1764 -0.0564
v -0.0838 0.1433 0.0038
v -0.0700 0.1575 -0.0488
v -0.0764 0.1500 -0.0069
v -0.0697 0.1611 -0.0494
v -0.0777 0.1639 -0.0329
v -0.0788 0.1127 -0.0028
v -0.0799 0.1129 -0.0022
v -0.0619 0.0954 -0.0186
v -0.0641 0.1671 -0.0354
v -0.0634 0.1667 -0.0392
v -0.0729 0.1109 0.0452
v -0.0623 0.1476 -0.0056
v 0.0450 0.0847 0.0024
v -0.0498 0.1416 0.0044
v -0.0665 0.1557 -0.0525
v -0.0694 0.1413 -0.0085
v 0.0458 0.0821 0.0039
v 0.0441 0.0831 -0.0007
v 0.0440 0.0818 -0.0019
v 0.0432 0.0817 -0.0041
v 0.0402 0.0816 -0.0108
v 0.0378 0.0814 -0.0147
v 0.0349 0.0811 -0.0175
v -0.0370 0.0463 -0.0233
v -0.0868 0.1262 -0.0016
v -0.0776 0.1459 -0.0038
v -0.0616 0.1584 -0.0276
v -0.0485 0.1448 0.0074
v -0.0510 0.1399 0.0018
v -0.0632 0.1440 -0.0084
v -0.0503 0.1417 0.0028
v -0.0616 0.1584 -0.0236
v -0.0278 0.1556 -0.0025
v 0.0452 0.0834 0.0026
v 0.0437 0.0832 -0.0032
v 0.0353 0.0827 -0.0177
v -0.0557 0.1242 -0.0072
v -0.0856 0.0947 -0.0012
v -0.0888 0.1378 0.0112
v -0.0686 0.1783 -0.0585
v -0.0598 0.0911 -0.0198
v -0.0860 0.1197 -0.0018
v -0.0044 0.0978 -0.0288
v -0.0622 0.1631 -0.0416
v -0.0632 0.0361 0.0429
v -0.0460 0.1232 -0.0107
v -0.0087 0.1727 -0.0258
v -0.0507 0.0704 0.0387
v 0.0447 0.0846 0.0008
v -0.0394 0.1234 0.0259
v -0.0752 0.1626 -0.0337
v -0.0626 0.1780 -0.0601
v -0.0634 0.1790 -0.0599
v -0.0735 0.1459 -0.0138
v -0.0922 0.1174 0.0318
v -0.0726 0.1559 0.0097
v -0.0426 0.1292 0.0076
v -0.0626 0.1773 -0.0582
v -0.0631 0.1783 -0.0584
v -0.0637 0.1792 -0.0586
v -0.0644 0.1799 -0.0589
v -0.0653 0.1804 -0.0593
v -0.0454 0.1297 0.0211
v -0.0483 0.1338 0.0232
v -0.0649 0.1799 -0.0576
v -0.0668 0.1808 -0.0569
v -0.0666 0.1808 -0.0582
v -0.0377 0.1230 0.0268
v -0.0634 0.1765 -0.0553
v -0.0666 0.1802 -0.0554
v -0.0680 0.1811 -0.0572
v -0.0649 0.1782 -0.0547
v -0.0676 0.1808 -0.0556
v -0.0684 0.1813 -0.0559
v -0.0695 0.1814 -0.0564
v -0.0704 0.1813 -0.0565
v -0.0451 0.1308 0.0163
v -0.0669 0.1795 -0.0539
v -0.0695 0.1807 -0.0534
v -0.0690 0.1810 -0.0546
v -0.0698 0.1814 -0.0549
v -0.0711 0.1812 -0.0555
v -0.0562 0.1550 0.0175
v -0.0687 0.1549 0.0296
v -0.0687 0.1790 -0.0516
v -0.0705 0.1812 -0.0538
v -0.0716 0.1811 -0.0542
v -0.0727 0.1809 -0.0547
v -0.0567 0.1548 0.0219
v -0.0772 0.1583 -0.0229
v -0.0675 0.1768 -0.0499
v -0.0712 0.1807 -0.0524
v -0.0720 0.1810 -0.0528
v -0.0741 0.1805 -0.0537
v -0.0162 0.1284 0.0178
v -0.0440 0.1299 0.0081
v -0.0452 0.1298 0.0050
v -0.0847 0.1526 0.0093
v -0.0194 0.1274 0.0176
v -0.0460 0.1663 0.0038
v -0.0107 0.1813 -0.0287
v -0.0556 0.1533 0.0267
v -0.0733 0.1802 -0.0507
v -0.0740 0.1802 -0.0522
v 0.0074 0.1044 -0.0211
v 0.0191 0.1245 0.0271
v 0.0258 0.0912 -0.0223
v -0.0344 0.1234 0.0248
v -0.0711 0.1540 -0.0459
v -0.0720 0.1527 -0.0429
v -0.0635 0.1516 -0.0036
v -0.0008 0.0990 0.0509
v -0.0464 0.1310 0.0226
v -0.0267 0.1251 0.0175
v -0.0172 0.0971 0.0492
v -0.0661 0.1547 -0.0036
v -0.0106 0.1803 -0.0272
v -0.0110 0.1816 -0.0274
v -0.0114 0.1828 -0.0276
v -0.0057 0.1179 -0.0151
v -0.0688 0.1442 -0.0165
v -0.0667 0.1735 -0.0459
v -0.0695 0.1762 -0.0470
v -0.0718 0.1770 -0.0463
v -0.0735 0.1793 -0.0488
v -0.0747 0.1798 -0.0510
v -0.0488 0.1637 0.0051
v -0.0132 0.0975 0.0510
v -0.0288 0.1211 0.0261
v -0.0267 0.1207 0.0278
v -0.0710 0.1593 -0.0059
v -0.0675 0.1664 -0.0229
v -0.0612 0.1552 0.0262
v -0.0625 0.1556 0.0257
v -0.0351 0.1250 0.0218
v -0.0714 0.1167 -0.0079
v -0.0721 0.1594 -0.0063
v -0.0839 0.1523 0.0072
v -0.0142 0.0965 0.0522
v -0.0303 0.1259 0.0128
v -0.0299 0.1255 0.0164
v -0.0837 0.1541 0.0208
v -0.0428 0.1265 0.0190
v -0.0277 0.1239 0.0200
v -0.0123 0.1839 -0.0264
v -0.0555 0.1544 0.0181
v -0.0395 0.1255 0.0217
v -0.0076 0.0993 0.0501
v -0.0748 0.1791 -0.0487
v -0.0929 0.1232 0.0404
v -0.0927 0.1307 0.0138
v -0.0469 0.1137 -0.0162
v -0.0773 0.1551 0.0083
v -0.0625 0.1560 0.0199
v -0.0800 0.1487 -0.0004
v -0.0862 0.0927 0.0024
v -0.0654 0.1526 0.0350
v -0.0595 0.1543 0.0289
v -0.0605 0.1545 0.0285
v -0.0646 0.1533 -0.0001
v -0.0312 0.1228 0.0235
v -0.0435 0.1249 0.0217
v -0.0389 0.1265 0.0195
v -0.0762 0.1546 -0.0008
v -0.0646 0.1554 0.0084
v -0.0712 0.1557 0.0038
v -0.0135 0.1845 -0.0255
v -0.0143 0.1853 -0.0258
v 0.0333 0.1010 -0.0134
v -0.0665 0.1545 0.0008
v -0.0889 0.0929 0.0104
v -0.0643 0.1689 -0.0419
v -0.0669 0.1730 -0.0443
v -0.0766 0.1787 -0.0494
v -0.0747 0.1551 0.0025
v -0.0681 0.1556 -0.0003
v -0.0252 0.1262 0.0134
v 0.0245 0.1180 -0.0074
v 0.0441 0.0660 -0.0001
v -0.0587 0.1532 0.0315
v -0.0447 0.1228 0.0251
v -0.0434 0.1240 0.0233
v -0.0890 0.1488 0.0106
v -0.0454 0.1315 0.0096
v -0.0212 0.1231 -0.0064
v 0.0178 0.1240 0.0287
v -0.0060 0.1245 -0.0098
v -0.0759 0.1500 -0.0089
v -0.0761 0.1500 -0.0099
v 0.0162 0.1260 0.0272
v -0.0571 0.1587 0.0063
v -0.0142 0.1843 -0.0243
v -0.0146 0.1858 -0.0245
v -0.0153 0.1862 -0.0246
v -0.0653 0.1700 -0.0411
v -0.0666 0.1719 -0.0428
v -0.0705 0.1751 -0.0438
v -0.0735 0.1775 -0.0462
v -0.0749 0.1780 -0.0468
v -0.0759 0.1779 -0.0471
v -0.0774 0.1773 -0.0472
v -0.0633 0.1536 0.0328
v -0.0867 0.1091 0.0136
v -0.0865 0.1091 0.0157
v -0.0875 0.0928 0.0054
v -0.0383 0.0457 -0.0231
v -0.0884 0.1515 0.0125
v 0.0064 0.1298 0.0248
v -0.0865 0.1515 0.0098
v -0.0649 0.1540 0.0018
v -0.0887 0.0956 0.0074
v -0.0392 0.1247 -0.0079
v -0.0034 0.1094 -0.0218
v -0.0915 0.1175 0.0294
v -0.0731 0.1556 0.0076
v -0.0383 0.1282 0.0114
v -0.0011 0.1306 0.0208
v -0.0150 0.1857 -0.0232
v -0.0156 0.1868 -0.0234
v -0.0728 0.1763 -0.0443
v -0.0745 0.1767 -0.0443
v -0.0769 0.1769 -0.0460
v -0.0606 0.1183 -0.0107
v -0.0930 0.1294 0.0253
v -0.0752 0.1565 -0.0035
v -0.0293 0.1222 0.0232
v -0.0862 0.1433 0.0082
v -0.0803 0.1439 -0.0018
v -0.0737 0.1583 -0.0300
v -0.0754 0.1526 -0.0139
v -0.0892 0.0966 0.0096
v -0.0913 0.1148 0.0354
v -0.0907 0.1144 0.0333
v -0.0878 0.0968 0.0045
v -0.0488 0.1255 -0.0075
v -0.0828 0.1074 -0.0002
v -0.0831 0.1115 0.0012
v -0.0800 0.1388 -0.0039
v -0.0447 0.1255 0.0225
v -0.0453 0.1279 0.0214
v -0.0442 0.1255 0.0214
v -0.0155 0.1857 -0.0219
v -0.0160 0.1869 -0.0222
v -0.0646 0.1685 -0.0387
v -0.0664 0.1707 -0.0401
v -0.0677 0.1714 -0.0383
v -0.0695 0.1730 -0.0400
v -0.0719 0.1744 -0.0405
v -0.0754 0.1760 -0.0431
v -0.0888 0.0975 0.0075
v -0.0771 0.1500 -0.0059
v -0.0914 0.1148 0.0096
v -0.0189 0.1279 0.0155
v -0.0773 0.0931 -0.0125
v -0.0916 0.1464 0.0221
v -0.0910 0.1488 0.0142
v -0.0745 0.1513 -0.0299
v -0.0891 0.1351 0.0056
v -0.0715 0.1545 -0.0438
v -0.0773 0.1555 -0.0169
v -0.0803 0.1015 -0.0070
v -0.0796 0.1114 -0.0020
v -0.0932 0.1167 0.0203
v -0.0441 0.1246 0.0229
v -0.0004 0.1012 0.0451
v -0.0164 0.1869 -0.0208
v -0.0893 0.1420 0.0132
v -0.0435 0.1272 0.0187
v -0.0735 0.1739 -0.0387
v -0.0743 0.1755 -0.0422
v -0.0776 0.1750 -0.0436
v 0.0556 0.0708 0.0055
v -0.0848 0.1420 0.0040
v -0.0760 0.1793 -0.0520
v -0.0539 0.1590 -0.0021
v -0.0453 0.1253 0.0239
v -0.0684 0.1553 0.0019
v -0.0429 0.1274 0.0174
v -0.0418 0.1270 0.0177
v 0.0337 0.1149 0.0012
v -0.0763 0.0938 -0.0134
v 0.0121 0.0908 -0.0302
v -0.0762 0.1500 -0.0149
v 0.0283 0.1180 -0.0033
v -0.0894 0.0943 0.0168
v -0.0895 0.0944 0.0148
v 0.0419 0.0625 -0.0027
v -0.0830 0.0992 -0.0050
v -0.0893 0.1378 0.0124
v -0.0792 0.1680 -0.0380
v -0.0758 0.1112 -0.0066
v -0.0563 0.1523 0.0300
v -0.0660 0.1696 -0.0364
v -0.0748 0.1734 -0.0381
v -0.0776 0.1744 -0.0425
v 0.0563 0.0719 0.0084
v 0.0548 0.0723 0.0078
v -0.0787 0.1404 -0.0047
v -0.0568 0.1549 0.0191
v -0.0441 0.1291 0.0169
v -0.0434 0.1281 0.0171
v -0.0287 0.1257 0.0132
v -0.0327 0.1268 0.0140
v 0.0355 0.1123 0.0019
v 0.0297 0.1183 0.0000
v -0.0888 0.0942 0.0089
v -0.0770 0.0948 -0.0125
v -0.0548 0.1613 0.0011
v -0.0900 0.1365 0.0137
v -0.0915 0.1173 0.0268
v -0.0913 0.1174 0.0283
v -0.0049 0.0989 0.0508
v -0.0457 0.1308 0.0207
v -0.0650 0.1674 -0.0323
v -0.0705 0.1724 -0.0368
v -0.0716 0.1734 -0.0387
v 0.0591 0.0703 0.0114
v 0.0577 0.0717 0.0110
v 0.0561 0.0727 0.0111
v 0.0544 0.0730 0.0097
v 0.0526 0.0724 0.0072
v 0.0208 0.1164 -0.0120
v -0.0020 0.0984 0.0518
v 0.0010 0.1009 0.0455
v -0.0278 0.1213 0.0259
v -0.0363 0.1734 -0.0011
v 0.0324 0.1167 0.0022
v 0.0280 0.1204 0.0025
v 0.0262 0.1208 -0.0001
v 0.0238 0.1235 0.0019
v -0.0858 0.0936 -0.0000
v -0.0889 0.0942 0.0111
v -0.0141 0.1196 -0.0127
v -0.0732 0.1458 -0.0149
v -0.0896 0.0970 0.0126
v -0.0797 0.1412 -0.0038
v -0.0709 0.1580 -0.0443
v -0.0773 0.1112 -0.0045
v -0.0913 0.1438 0.0218
v -0.0927 0.1172 0.0238
v -0.0588 0.1573 0.0053
v -0.0018 0.1007 0.0467
v -0.0217 0.1851 -0.0184
v 0.0586 0.0712 0.0128
v 0.0527 0.0733 0.0103
v 0.0484 0.0729 0.0101
v 0.0489 0.0723 0.0077
v -0.0881 0.1009 0.0215
v -0.0579 0.1563 0.0101
v -0.0564 0.1564 0.0105
v -0.0549 0.1562 0.0111
v -0.0534 0.1554 0.0117
v 0.0356 0.1131 0.0048
v 0.0341 0.1151 0.0042
v 0.0306 0.1189 0.0046
v -0.0923 0.1161 0.0107
v -0.0899 0.1146 0.0065
v -0.0764 0.1112 -0.0057
v -0.0870 0.1444 0.0086
v -0.0693 0.1674 -0.0522
v -0.0150 0.0973 0.0504
v -0.0281 0.1217 0.0243
v -0.0199 0.1863 -0.0156
v -0.0204 0.1865 -0.0165
v -0.0671 0.1692 -0.0315
v -0.0694 0.1708 -0.0322
v -0.0732 0.1725 -0.0355
v -0.0744 0.1725 -0.0356
v -0.0327 0.1264 0.0156
v 0.0575 0.0721 0.0153
v 0.0541 0.0735 0.0129
v 0.0514 0.0735 0.0117
v 0.0489 0.0734 0.0127
v 0.0477 0.0731 0.0093
v 0.0469 0.0737 0.0085
v -0.0301 0.1217 0.0250
v -0.0543 0.1549 0.0129
v -0.0597 0.1560 0.0093
v 0.0268 0.1224 0.0066
v 0.0203 0.1252 0.0003
v -0.0864 0.0940 0.0020
v -0.0884 0.0942 0.0072
v -0.0825 0.0949 -0.0064
v -0.0886 0.0963 0.0225
v -0.0402 0.1162 -0.0149
v -0.0786 0.1637 -0.0274
v -0.0250 0.0955 -0.0253
v -0.0871 0.1156 0.0025
v -0.0767 0.1004 -0.0108
v -0.0374 0.1242 -0.0075
v -0.0753 0.1765 -0.0520
v 0.0130 0.1231 0.0331
v -0.0709 0.1556 0.0058
v -0.0423 0.0914 -0.0229
v -0.0762 0.1715 -0.0353
v -0.0348 0.1255 0.0206
v 0.0563 0.0728 0.0150
v 0.0526 0.0737 0.0130
v 0.0474 0.0736 0.0109
v 0.0468 0.0745 0.0108
v -0.0448 0.1266 0.0212
v -0.0437 0.1289 0.0156
v 0.0333 0.1165 0.0083
v 0.0316 0.1184 0.0073
v 0.0204 0.1258 0.0020
v -0.0915 0.1407 0.0167
v -0.0724 0.1568 -0.0363
v -0.0738 0.1542 -0.0270
v 0.0028 0.0998 0.0476
v -0.0209 0.1856 -0.0140
v -0.0220 0.1856 -0.0143
v -0.0712 0.1708 -0.0302
v 0.0538 0.0735 0.0163
v 0.0525 0.0737 0.0159
v 0.0485 0.0734 0.0143
v 0.0476 0.0737 0.0138
v 0.0471 0.0740 0.0124
v -0.0354 0.1275 0.0121
v -0.0571 0.1559 0.0117
v -0.0556 0.1555 0.0123
v -0.0124 0.1262 0.0283
v -0.0408 0.1276 0.0160
v -0.0424 0.1285 0.0142
v -0.0736 0.1566 -0.0011
v 0.0233 0.1245 0.0045
v 0.0148 0.1285 0.0016
v 0.0122 0.1284 -0.0007
v -0.0661 0.1659 -0.0588
v -0.0886 0.1392 0.0112
v -0.0819 0.1418 0.0002
v -0.0926 0.1174 0.0103
v -0.0785 0.1529 0.0015
v -0.0244 0.1839 -0.0141
v -0.0751 0.1559 -0.0020
v -0.0659 0.1667 -0.0269
v -0.0692 0.1693 -0.0275
v -0.0734 0.1713 -0.0318
v -0.0754 0.1708 -0.0323
v -0.0768 0.1701 -0.0327
v -0.0384 0.1284 0.0090
v -0.0014 0.1010 0.0444
v 0.0576 0.0709 0.0187
v 0.0561 0.0722 0.0184
v 0.0548 0.0733 0.0168
v 0.0468 0.0745 0.0138
v 0.0210 0.0943 -0.0228
v -0.0102 0.1264 0.0290
v -0.0422 0.1277 0.0162
v 0.0211 0.1261 0.0060
v -0.0844 0.1049 0.0008
v -0.0299 0.1044 -0.0226
v -0.0694 0.1540 -0.0499
v 0.0175 0.1206 0.0333
v -0.0857 0.1528 0.0118
v -0.0249 0.1836 -0.0127
v -0.0728 0.1707 -0.0296
v -0.0739 0.1705 -0.0298
v 0.0544 0.0727 0.0192
v 0.0525 0.0733 0.0181
v 0.0501 0.0733 0.0170
v 0.0487 0.0731 0.0160
v 0.0479 0.0733 0.0156
v 0.0472 0.0740 0.0153
v 0.0466 0.0750 0.0152
v 0.0130 0.1275 0.0274
v -0.0603 0.1560 0.0077
v 0.0316 0.1185 0.0119
v 0.0273 0.1224 0.0102
v 0.0236 0.1251 0.0103
v 0.0180 0.1277 0.0062
v 0.0134 0.1297 0.0054
v 0.0103 0.1302 0.0032
v 0.0102 0.1297 0.0012
v 0.0061 0.1303 0.0012
v -0.0872 0.0941 0.0034
v -0.0476 0.0898 -0.0220
v -0.0906 0.1392 0.0214
v -0.0923 0.1174 0.0407
v -0.0440 0.1281 0.0184
v -0.0244 0.1835 -0.0111
v -0.0258 0.1829 -0.0115
v -0.0860 0.0912 0.0274
v -0.0655 0.1657 -0.0254
v -0.0713 0.1697 -0.0269
v -0.0759 0.1685 -0.0276
v 0.0567 0.0705 0.0208
v 0.0554 0.0717 0.0205
v 0.0480 0.0725 0.0172
v 0.0473 0.0731 0.0169
v 0.0467 0.0741 0.0167
v -0.0591 0.1565 0.0081
v -0.0759 0.1563 -0.0054
v 0.0080 0.1306 0.0031
v -0.0759 0.0920 -0.0138
v 0.0014 0.1197 -0.0141
v -0.0757 0.1445 -0.0059
v -0.0811 0.1115 -0.0006
v -0.0878 0.1524 0.0200
v -0.0641 0.1629 -0.0222
v 0.0538 0.0721 0.0208
v 0.0510 0.0727 0.0200
v 0.0473 0.0721 0.0184
v 0.0467 0.0730 0.0181
v 0.0463 0.0743 0.0180
v 0.0146 0.1296 0.0088
v 0.0096 0.1308 0.0063
v 0.0028 0.1311 0.0041
v 0.0015 0.1304 0.0012
v -0.0264 0.1071 -0.0219
v -0.0609 0.1558 0.0089
v -0.0274 0.1817 -0.0092
v -0.0295 0.1804 -0.0095
v -0.0304 0.1798 -0.0104
v -0.0321 0.1785 -0.0110
v -0.0252 0.0794 0.0525
v -0.0659 0.1649 -0.0223
v -0.0663 0.1657 -0.0235
v -0.0708 0.1688 -0.0252
v 0.0549 0.0705 0.0226
v 0.0537 0.0707 0.0230
v 0.0525 0.0714 0.0224
v 0.0493 0.0715 0.0215
v 0.0477 0.0715 0.0200
v 0.0467 0.0718 0.0196
v 0.0462 0.0730 0.0194
v -0.0272 0.1258 0.0128
v 0.0060 0.1313 0.0064
v 0.0241 0.1151 -0.0109
v -0.0336 0.1219 -0.0079
v -0.0767 0.1544 -0.0157
v -0.0292 0.1800 -0.0130
v -0.0482 0.1670 -0.0039
v -0.0780 0.1583 -0.0199
v -0.0606 0.1557 0.0047
v -0.0282 0.1810 -0.0080
v -0.0328 0.1782 -0.0098
v -0.0225 0.0862 0.0552
v -0.0234 0.0928 0.0495
v -0.0010 0.1007 0.0462
v 0.0546 0.0694 0.0240
v 0.0498 0.0710 0.0229
v 0.0468 0.0709 0.0211
v 0.0460 0.0715 0.0208
v -0.0895 0.1393 0.0282
v 0.0228 0.1256 0.0138
v -0.0903 0.1463 0.0128
v 0.0162 0.1050 -0.0192
v -0.0840 0.0993 -0.0036
v -0.0735 0.1569 -0.0289
v -0.0804 0.1526 0.0036
v -0.0707 0.1806 -0.0569
v -0.0335 0.1779 -0.0086
v -0.0348 0.1770 -0.0096
v -0.0729 0.0936 0.0411
v 0.0471 0.0702 0.0227
v 0.0461 0.0704 0.0223
v 0.0453 0.0710 0.0220
v -0.0672 0.1069 -0.0137
v -0.0815 0.1331 -0.0035
v -0.0661 0.1160 -0.0098
v -0.0632 0.1371 -0.0074
v -0.0763 0.1311 -0.0071
v -0.0489 0.1056 -0.0197
v -0.0430 0.1654 -0.0101
v -0.0282 0.1668 -0.0171
v 0.0214 0.0969 -0.0222
v -0.0518 0.1532 -0.0041
v -0.0183 0.1684 -0.0202
v -0.0635 0.0344 0.0169
v -0.0626 0.0346 0.0183
v -0.0647 0.0350 0.0261
v -0.0662 0.0354 0.0288
v -0.0670 0.0358 0.0313
v -0.0670 0.0359 0.0327
v -0.0668 0.0360 0.0339
v -0.0665 0.0364 0.0371
v -0.0650 0.0365 0.0405
v -0.0630 0.0367 0.0431
v -0.0616 0.0367 0.0444
v -0.0121 0.1011 0.0440
v -0.0872 0.0936 0.0258
v -0.0779 0.1077 0.0341
v -0.0789 0.1368 -0.0046
v -0.0391 0.1607 -0.0121
v 0.0192 0.0965 -0.0229
v -0.0266 0.0999 -0.0238
v -0.0761 0.1340 -0.0068
v -0.0586 0.1283 -0.0070
v -0.0371 0.1607 -0.0130
v -0.0244 0.0352 0.0521
v -0.0860 0.1162 0.0476
v -0.0129 0.1062 -0.0225
v -0.0724 0.0352 0.0070
v -0.0719 0.0354 0.0087
v -0.0710 0.0354 0.0099
v -0.0703 0.0353 0.0108
v -0.0697 0.0355 0.0114
v -0.0673 0.0356 0.0143
v -0.0661 0.0356 0.0155
v -0.0644 0.0357 0.0173
v -0.0638 0.0358 0.0182
v -0.0631 0.0357 0.0190
v -0.0649 0.0365 0.0250
v -0.0658 0.0368 0.0273
v -0.0665 0.0370 0.0294
v -0.0669 0.0372 0.0312
v -0.0670 0.0373 0.0325
v -0.0667 0.0374 0.0337
v -0.0667 0.0376 0.0352
v -0.0661 0.0383 0.0375
v -0.0639 0.0381 0.0419
v -0.0631 0.0381 0.0429
v -0.0616 0.0383 0.0442
v -0.0606 0.0381 0.0452
v -0.0593 0.0381 0.0462
v -0.0583 0.0381 0.0466
v -0.0572 0.0381 0.0469
v -0.0812 0.1176 0.0486
v -0.0777 0.0824 0.0360
v -0.0761 0.1576 -0.0084
v -0.0428 0.0369 0.0440
v -0.0402 0.0365 0.0429
v -0.0388 0.0364 0.0430
v -0.0738 0.1102 0.0437
v -0.0308 0.0368 0.0518
v -0.0290 0.0366 0.0532
v -0.0276 0.0366 0.0537
v -0.0253 0.0367 0.0541
v -0.0800 0.0829 0.0340
v -0.0786 0.0853 0.0364
v -0.0763 0.1645 -0.0202
v -0.0753 0.1646 -0.0187
v -0.0725 0.0361 0.0015
v -0.0724 0.0363 0.0040
v -0.0726 0.0366 0.0059
v -0.0726 0.0367 0.0073
v -0.0722 0.0368 0.0085
v -0.0703 0.0367 0.0104
v -0.0689 0.0370 0.0120
v -0.0684 0.0370 0.0130
v -0.0671 0.0370 0.0145
v -0.0658 0.0371 0.0156
v -0.0638 0.0380 0.0167
v -0.0633 0.0371 0.0178
v -0.0614 0.0387 0.0186
v -0.0615 0.0372 0.0202
v -0.0647 0.0378 0.0247
v -0.0653 0.0381 0.0267
v -0.0662 0.0383 0.0290
v -0.0664 0.0385 0.0307
v -0.0662 0.0386 0.0319
v -0.0662 0.0387 0.0333
v -0.0660 0.0399 0.0348
v -0.0640 0.0398 0.0403
v -0.0630 0.0395 0.0424
v -0.0618 0.0411 0.0433
v -0.0594 0.0394 0.0459
v -0.0733 0.0804 0.0384
v -0.0376 0.0898 -0.0238
v -0.0904 0.1293 0.0413
v -0.0821 0.1363 0.0488
v -0.0184 0.1043 -0.0229
v -0.0401 0.0380 0.0428
v -0.0389 0.0379 0.0429
v -0.0371 0.0379 0.0451
v -0.0360 0.0382 0.0464
v -0.0335 0.0385 0.0500
v -0.0327 0.0392 0.0508
v -0.0312 0.0382 0.0515
v -0.0295 0.0383 0.0532
v -0.0284 0.0383 0.0538
v -0.0706 0.0855 0.0417
v -0.0837 0.0946 0.0307
v -0.0395 0.0887 -0.0229
v -0.0215 0.0743 0.0528
v -0.0724 0.0822 0.0397
v -0.0598 0.0954 -0.0195
v -0.0567 0.1243 -0.0072
v -0.0716 0.0382 0.0007
v -0.0719 0.0376 0.0023
v -0.0720 0.0377 0.0038
v -0.0725 0.0380 0.0058
v -0.0723 0.0381 0.0070
v -0.0710 0.0397 0.0083
v -0.0682 0.0388 0.0112
v -0.0675 0.0384 0.0134
v -0.0662 0.0384 0.0147
v -0.0609 0.0385 0.0195
v -0.0598 0.0385 0.0200
v -0.0642 0.0392 0.0264
v -0.0652 0.0398 0.0288
v -0.0656 0.0398 0.0303
v -0.0652 0.0404 0.0322
v -0.0626 0.0413 0.0422
v -0.0601 0.0416 0.0442
v -0.0592 0.0423 0.0445
v -0.0865 0.1374 0.0438
v -0.0280 0.0757 0.0439
v -0.0740 0.0748 0.0344
v -0.0393 0.0393 0.0421
v -0.0382 0.0412 0.0429
v -0.0376 0.0393 0.0443
v -0.0369 0.0396 0.0454
v -0.0356 0.0406 0.0465
v -0.0351 0.0395 0.0478
v -0.0339 0.0396 0.0496
v -0.0308 0.0396 0.0517
v -0.0300 0.0398 0.0524
v -0.0294 0.0396 0.0531
v -0.0285 0.0396 0.0536
v -0.0274 0.0396 0.0540
v 0.0252 0.0878 -0.0236
v -0.0282 0.0776 0.0447
v -0.0849 0.1446 0.0390
v -0.0879 0.0969 0.0242
v -0.0863 0.0973 0.0269
v -0.0266 0.0773 0.0473
v -0.0538 0.0869 -0.0217
v -0.0570 0.0350 0.0451
v -0.0641 0.1671 -0.0604
v 0.0103 0.1106 -0.0193
v -0.0711 0.0388 0.0019
v -0.0711 0.0399 0.0031
v -0.0710 0.0391 0.0042
v -0.0719 0.0394 0.0065
v -0.0716 0.0395 0.0076
v -0.0665 0.0406 0.0125
v -0.0652 0.0413 0.0134
v -0.0601 0.0397 0.0188
v -0.0594 0.0398 0.0196
v -0.0738 0.0973 0.0396
v -0.0649 0.0416 0.0297
v -0.0654 0.0415 0.0340
v -0.0646 0.0430 0.0359
v -0.0641 0.0427 0.0381
v -0.0630 0.0428 0.0400
v -0.0881 0.1386 0.0404
v -0.0840 0.0968 0.0301
v -0.0391 0.0407 0.0418
v -0.0372 0.0416 0.0443
v -0.0363 0.0408 0.0458
v -0.0346 0.0409 0.0481
v -0.0337 0.0410 0.0496
v -0.0326 0.0410 0.0506
v -0.0316 0.0410 0.0511
v -0.0305 0.0417 0.0513
v -0.0291 0.0410 0.0528
v -0.0282 0.0410 0.0534
v -0.0273 0.0410 0.0538
v -0.0271 0.0735 0.0433
v -0.0912 0.1247 0.0436
v -0.0819 0.0969 0.0326
v -0.0575 0.1528 -0.0008
v -0.0813 0.0919 0.0331
v -0.0849 0.1331 0.0485
v -0.0706 0.0399 0.0006
v -0.0705 0.0405 0.0037
v -0.0711 0.0406 0.0058
v -0.0710 0.0408 0.0071
v -0.0682 0.0423 0.0091
v -0.0662 0.0422 0.0110
v -0.0612 0.0410 0.0165
v -0.0598 0.0409 0.0178
v -0.0769 0.1051 0.0347
v -0.0852 0.1403 0.0429
v -0.0640 0.0433 0.0310
v -0.0907 0.1451 0.0270
v -0.0617 0.0432 0.0422
v -0.0606 0.0435 0.0431
v -0.0598 0.0435 0.0437
v -0.0763 0.1632 -0.0177
v -0.0255 0.0740 0.0463
v -0.0247 0.0781 0.0524
v -0.0384 0.0420 0.0423
v -0.0357 0.0434 0.0451
v -0.0350 0.0421 0.0465
v -0.0342 0.0423 0.0479
v -0.0335 0.0423 0.0491
v -0.0322 0.0424 0.0502
v -0.0314 0.0424 0.0508
v -0.0268 0.0423 0.0533
v -0.0869 0.1338 0.0455
v -0.0851 0.1257 0.0495
v -0.0848 0.0853 0.0264
v -0.0774 0.1616 -0.0192
v -0.0809 0.1060 0.0302
v -0.0862 0.1258 0.0484
v -0.0890 0.1196 0.0466
v -0.0697 0.0421 0.0018
v -0.0688 0.0434 0.0028
v -0.0692 0.0430 0.0063
v -0.0699 0.0422 0.0072
v -0.0623 0.0427 0.0139
v -0.0602 0.0422 0.0159
v -0.0864 0.0891 0.0261
v -0.0227 0.0740 0.0515
v -0.0875 0.0888 0.0240
v -0.0631 0.0445 0.0378
v -0.0614 0.0446 0.0410
v -0.0604 0.0446 0.0424
v -0.0593 0.0447 0.0432
v -0.0810 0.0943 0.0337
v -0.0838 0.0890 0.0298
v -0.0830 0.0862 0.0307
v -0.0735 0.1485 -0.0281
v -0.0733 0.1487 -0.0304
v -0.0754 0.1013 0.0367
v -0.0148 0.1032 -0.0234
v -0.0380 0.0433 0.0418
v -0.0372 0.0434 0.0430
v -0.0340 0.0441 0.0461
v -0.0336 0.0436 0.0476
v -0.0323 0.0436 0.0492
v -0.0799 0.0849 0.0348
v -0.0860 0.1191 0.0487
v -0.0408 0.0885 -0.0225
v -0.0266 0.0790 0.0491
v -0.0493 0.1654 0.0026
v -0.0830 0.1258 0.0512
v -0.0235 0.0782 0.0537
v -0.0750 0.1054 0.0364
v -0.0883 0.1224 0.0472
v -0.0819 0.0809 0.0304
v -0.0154 0.0998 0.0444
v -0.0823 0.0838 0.0312
v -0.0857 0.1244 0.0487
v -0.0885 0.1403 0.0382
v -0.0649 0.1180 -0.0092
v -0.0762 0.0866 0.0386
v -0.0283 0.0809 0.0465
v -0.0187 0.0985 0.0447
v -0.0260 0.0930 0.0457
v -0.0899 0.1291 0.0426
v -0.0686 0.0432 0.0045
v -0.0683 0.0436 0.0074
v -0.0673 0.0435 0.0089
v -0.0649 0.0435 0.0109
v -0.0634 0.0448 0.0103
v -0.0588 0.0447 0.0135
v -0.0566 0.0437 0.0165
v -0.0906 0.1222 0.0451
v -0.0144 0.0998 0.0448
v -0.0785 0.1700 -0.0363
v -0.0616 0.0459 0.0383
v -0.0604 0.0459 0.0405
v -0.0593 0.0460 0.0417
v -0.0575 0.0460 0.0426
v -0.0839 0.1242 0.0499
v -0.0840 0.1000 0.0292
v -0.0247 0.0811 0.0538
v -0.0827 0.0800 0.0284
v -0.0727 0.1484 -0.0313
v -0.0779 0.1773 -0.0480
v -0.0883 0.1442 0.0338
v -0.0374 0.0447 0.0412
v -0.0352 0.0454 0.0440
v -0.0321 0.0451 0.0478
v -0.0844 0.0857 0.0277
v -0.0846 0.1378 0.0456
v -0.0635 0.1208 -0.0088
v -0.0270 0.0890 0.0479
v -0.0868 0.1244 0.0480
v -0.0867 0.1229 0.0483
v -0.0198 0.0984 0.0446
v -0.0136 0.0998 0.0454
v -0.0875 0.1406 0.0399
v -0.0845 0.1420 0.0420
v -0.0245 0.0928 0.0483
v -0.0669 0.0447 0.0071
v -0.0598 0.0452 0.0121
v -0.0557 0.0449 0.0152
v -0.0885 0.0903 0.0225
v -0.0846 0.1214 0.0491
v -0.0143 0.1025 0.0434
v -0.0259 0.0808 0.0520
v -0.0882 0.1459 0.0317
v -0.0204 0.0737 0.0535
v -0.0597 0.0471 0.0386
v -0.0258 0.0878 0.0505
v -0.0239 0.0798 0.0542
v -0.0797 0.0925 0.0347
v -0.0354 0.0472 0.0406
v -0.0335 0.0467 0.0443
v -0.0324 0.0470 0.0446
v -0.0321 0.0462 0.0458
v -0.0286 0.0875 0.0457
v -0.0866 0.1306 0.0477
v -0.0800 0.0874 0.0350
v -0.0880 0.1278 0.0462
v -0.0774 0.1658 -0.0259
v -0.0856 0.1230 0.0487
v -0.0836 0.0831 0.0289
v -0.0921 0.1201 0.0430
v -0.0216 0.0933 0.0514
v -0.0795 0.1061 0.0317
v -0.0849 0.1482 0.0345
v -0.0865 0.1019 0.0246
v -0.0637 0.0460 0.0079
v -0.0606 0.0461 0.0099
v -0.0567 0.0461 0.0127
v -0.0533 0.0459 0.0158
v -0.0229 0.0767 0.0531
v -0.0868 0.1435 0.0378
v -0.0905 0.1487 0.0242
v -0.0542 0.1616 0.0039
v -0.0859 0.0950 0.0279
v -0.0269 0.0830 0.0500
v -0.0850 0.1500 0.0316
v -0.0332 0.0486 0.0418
v -0.0308 0.0479 0.0445
v -0.0295 0.0482 0.0453
v -0.0857 0.1209 0.0489
v -0.0901 0.1246 0.0451
v -0.0204 0.0915 0.0537
v -0.0752 0.0789 0.0358
v -0.0845 0.1230 0.0489
v -0.0845 0.1190 0.0491
v -0.0819 0.1217 0.0493
v -0.0268 0.0905 0.0472
v -0.0472 0.1660 0.0036
v -0.0805 0.1198 0.0494
v -0.0778 0.1684 -0.0312
v -0.0226 0.0933 0.0503
v -0.0484 0.1657 0.0031
v -0.0274 0.0850 0.0491
v -0.0245 0.0827 0.0542
v -0.0595 0.0472 0.0079
v -0.0587 0.0473 0.0086
v -0.0578 0.0473 0.0096
v -0.0566 0.0473 0.0109
v -0.0553 0.0473 0.0123
v -0.0531 0.0473 0.0142
v -0.0514 0.0474 0.0160
v -0.0249 0.0844 0.0534
v -0.0233 0.1044 -0.0232
v -0.0873 0.1500 0.0280
v -0.0841 0.0824 0.0271
v -0.0672 0.1566 -0.0535
v -0.0805 0.0788 0.0304
v -0.0346 0.0486 0.0397
v -0.0321 0.0486 0.0431
v -0.0284 0.0488 0.0462
v -0.0870 0.1461 0.0341
v -0.0759 0.1591 -0.0100
v -0.0815 0.1073 0.0289
v -0.0259 0.0824 0.0520
v -0.0769 0.1576 -0.0111
v -0.0835 0.1230 0.0493
v -0.0240 0.0958 0.0446
v -0.0232 0.0958 0.0452
v -0.0234 0.0812 0.0551
v -0.0577 0.0486 0.0078
v -0.0564 0.0486 0.0099
v -0.0547 0.0487 0.0117
v -0.0521 0.0488 0.0140
v -0.0511 0.0488 0.0152
v -0.0477 0.1561 -0.0071
v -0.0577 0.0884 -0.0214
v -0.0731 0.1482 -0.0247
v -0.0844 0.0872 0.0283
v -0.0516 0.0504 0.0334
v -0.0510 0.0504 0.0346
v -0.0504 0.0506 0.0356
v -0.0224 0.0959 0.0458
v -0.0607 0.1278 -0.0078
v -0.0878 0.0915 0.0245
v -0.0338 0.0498 0.0388
v -0.0330 0.0499 0.0395
v -0.0313 0.0500 0.0417
v -0.0299 0.0500 0.0428
v -0.0288 0.0500 0.0439
v -0.0274 0.0500 0.0451
v -0.0744 0.1498 -0.0312
v -0.0815 0.1193 0.0490
v -0.0472 0.1680 0.0002
v -0.0255 0.0859 0.0518
v -0.0218 0.0958 0.0467
v -0.0783 0.1152 0.0496
v -0.0826 0.1231 0.0499
v -0.0905 0.1196 0.0451
v -0.0224 0.0945 0.0485
v -0.0769 0.1604 -0.0147
v -0.0578 0.0495 0.0059
v -0.0568 0.0499 0.0081
v -0.0560 0.0504 0.0091
v -0.0546 0.0512 0.0105
v -0.0523 0.0503 0.0130
v -0.0508 0.0505 0.0146
v -0.0511 0.0517 0.0328
v -0.0216 0.0946 0.0495
v -0.0921 0.1230 0.0428
v -0.0319 0.0511 0.0383
v -0.0312 0.0511 0.0391
v -0.0306 0.0511 0.0399
v -0.0292 0.0511 0.0410
v -0.0281 0.0511 0.0416
v -0.0857 0.1008 0.0265
v -0.0833 0.1366 -0.0006
v -0.0854 0.1291 0.0496
v -0.0731 0.1512 -0.0381
v -0.0866 0.1419 0.0398
v -0.0774 0.1673 -0.0285
v -0.0903 0.1471 0.0264
v -0.0786 0.1729 -0.0417
v -0.0561 0.0534 0.0074
v -0.0501 0.0516 0.0156
v -0.0507 0.0534 0.0326
v -0.0921 0.1179 0.0419
v -0.0818 0.1487 0.0366
v -0.0309 0.0523 0.0371
v -0.0296 0.0522 0.0374
v -0.0283 0.0523 0.0379
v -0.0268 0.0523 0.0388
v -0.0879 0.1420 0.0378
v -0.0706 0.0872 0.0419
v -0.0914 0.1183 0.0434
v -0.0663 0.1108 -0.0125
v 0.0107 0.0894 -0.0310
v -0.0787 0.1684 -0.0342
v -0.0780 0.1656 -0.0277
v -0.0803 0.1076 0.0305
v -0.0908 0.1421 0.0269
v -0.0779 0.1758 -0.0452
v -0.0276 0.0872 0.0477
v -0.0867 0.1176 0.0478
v -0.0555 0.0534 0.0087
v -0.0545 0.0528 0.0102
v -0.0507 0.0527 0.0144
v -0.0500 0.0529 0.0156
v -0.0867 0.1485 0.0314
v -0.0872 0.1284 0.0471
v -0.0861 0.1336 0.0468
v -0.0757 0.1577 -0.0074
v -0.0864 0.1285 0.0485
v -0.0238 0.0843 0.0547
v -0.0286 0.0536 0.0364
v -0.0271 0.0536 0.0377
v -0.0258 0.0536 0.0391
v -0.0248 0.0945 0.0454
v -0.0240 0.0946 0.0462
v -0.0783 0.1744 -0.0434
v -0.0438 0.0914 -0.0224
v -0.0855 0.1313 0.0489
v -0.0897 0.1430 0.0300
v -0.0893 0.1135 0.0417
v -0.0786 0.1743 -0.0445
v -0.0267 0.1769 -0.0183
v -0.0736 0.1486 -0.0264
v -0.0927 0.1211 0.0420
v -0.0541 0.0546 0.0106
v -0.0508 0.0542 0.0144
v -0.0503 0.0544 0.0157
v -0.0509 0.0545 0.0189
v -0.0514 0.0547 0.0209
v -0.0518 0.0545 0.0230
v -0.0521 0.0548 0.0254
v -0.0855 0.0867 0.0261
v -0.0511 0.0561 0.0312
v -0.0504 0.0560 0.0328
v -0.0488 0.0567 0.0350
v -0.0467 0.0567 0.0375
v -0.0177 0.0563 0.0500
v -0.0839 0.1237 -0.0038
v -0.0769 0.1217 0.0525
v -0.0891 0.1402 0.0364
v -0.0779 0.1701 -0.0352
v -0.0378 0.0886 -0.0235
v -0.0537 0.0559 0.0117
v -0.0512 0.0558 0.0155
v -0.0520 0.0563 0.0201
v -0.0520 0.0564 0.0215
v -0.0522 0.0565 0.0231
v -0.0523 0.0567 0.0257
v -0.0520 0.0564 0.0280
v -0.0503 0.0594 0.0330
v -0.0682 0.1355 -0.0084
v -0.0263 0.0575 0.0385
v -0.0244 0.0584 0.0414
v -0.0204 0.0578 0.0474
v -0.0192 0.0582 0.0490
v -0.0183 0.0587 0.0504
v -0.0772 0.1265 -0.0075
v -0.0789 0.1727 -0.0425
v -0.0548 0.0576 0.0200
v -0.0546 0.0580 0.0210
v -0.0535 0.0579 0.0215
v -0.0528 0.0579 0.0223
v -0.0527 0.0580 0.0235
v -0.0526 0.0581 0.0249
v -0.0524 0.0582 0.0270
v -0.0518 0.0584 0.0297
v -0.0495 0.0614 0.0346
v -0.0722 0.1203 -0.0084
v -0.0749 0.0721 0.0304
v -0.0134 0.0582 0.0522
v -0.0876 0.1163 0.0465
v -0.0813 0.1088 0.0293
v -0.0747 0.1499 -0.0294
v -0.0722 0.1495 -0.0387
v -0.0790 0.1711 -0.0397
v -0.0781 0.1729 -0.0407
v -0.0763 0.1605 -0.0128
v -0.0311 0.1682 -0.0167
v -0.0681 0.1580 -0.0544
v -0.0661 0.1624 -0.0582
v -0.0243 0.1061 -0.0225
v -0.0540 0.0353 0.0457
v -0.0545 0.0595 0.0238
v -0.0537 0.0595 0.0245
v -0.0531 0.0596 0.0254
v -0.0530 0.0596 0.0266
v -0.0526 0.0596 0.0276
v -0.0523 0.0598 0.0289
v -0.0889 0.1444 0.0314
v -0.0898 0.1167 0.0446
v -0.0210 0.0615 0.0466
v -0.0771 0.1617 -0.0176
v -0.0143 0.0607 0.0532
v -0.0772 0.1604 -0.0158
v -0.0250 0.0968 -0.0247
v -0.0768 0.1673 -0.0269
v -0.0763 0.1618 -0.0153
v -0.0133 0.1011 0.0437
v -0.0520 0.1496 -0.0030
v -0.0759 0.1084 0.0376
v -0.0745 0.0703 0.0283
v -0.0830 0.1267 -0.0046
v -0.0745 0.1149 -0.0063
v -0.0664 0.1273 -0.0089
v -0.0765 0.1576 -0.0094
v -0.0549 0.0611 0.0270
v -0.0539 0.0610 0.0274
v -0.0527 0.0611 0.0291
v -0.0522 0.0612 0.0301
v -0.0509 0.0615 0.0326
v -0.0474 0.0627 0.0372
v -0.0450 0.0634 0.0395
v -0.0233 0.0624 0.0433
v -0.0197 0.0630 0.0492
v -0.0184 0.0624 0.0509
v -0.0763 0.1791 -0.0509
v -0.0552 0.1271 -0.0059
v -0.0721 0.1498 -0.0403
v -0.0848 0.1244 0.0492
v -0.0519 0.0493 0.0354
v -0.0419 0.1574 -0.0098
v -0.0406 0.1645 -0.0118
v -0.0307 0.1744 -0.0161
v -0.0545 0.1562 -0.0023
v -0.0625 0.1677 -0.0611
v -0.0267 0.1697 -0.0185
v -0.0571 0.1097 -0.0175
v -0.0485 0.0629 0.0360
v -0.0891 0.1177 0.0459
v -0.0912 0.1474 0.0241
v -0.0869 0.1203 0.0483
v -0.0248 0.0629 0.0415
v -0.0139 0.0626 0.0540
v -0.0654 0.0959 -0.0178
v -0.0624 0.1194 -0.0093
v -0.0791 0.1682 -0.0353
v -0.0851 0.0846 0.0245
v -0.0802 0.1176 0.0491
v -0.0192 0.0935 0.0530
v -0.0743 0.1223 -0.0079
v -0.0546 0.1106 -0.0178
v 0.0006 0.1092 -0.0204
v -0.0125 0.1755 -0.0280
v 0.0083 0.1087 -0.0199
v -0.0889 0.1145 0.0271
v -0.0334 0.1592 -0.0127
v 0.0061 0.1087 -0.0202
v -0.0252 0.1712 -0.0195
v -0.0253 0.1618 -0.0148
v 0.0128 0.1091 -0.0188
v -0.0590 0.0357 0.0458
v -0.0241 0.0972 0.0446
v -0.0229 0.0972 0.0449
v -0.0768 0.1563 -0.0092
v -0.0217 0.0972 0.0450
v -0.0205 0.0972 0.0453
v -0.0198 0.0971 0.0460
v -0.0192 0.0971 0.0471
v -0.0482 0.0644 0.0368
v -0.0566 0.1597 0.0045
v -0.0759 0.1618 -0.0143
v -0.0226 0.0641 0.0451
v -0.0193 0.0640 0.0503
v -0.0182 0.0642 0.0515
v -0.0198 0.0998 0.0443
v -0.0781 0.1062 0.0334
v -0.0832 0.1216 0.0493
v -0.0165 0.0998 0.0441
v -0.0763 0.1590 -0.0110
v -0.0650 0.1210 -0.0088
v -0.0673 0.1797 -0.0595
v -0.0784 0.1124 0.0467
v -0.0725 0.1281 -0.0089
v -0.0485 0.0902 -0.0218
v -0.0727 0.1498 -0.0385
v -0.0624 0.1227 -0.0088
v -0.0202 0.0946 0.0510
v -0.0470 0.0658 0.0385
v -0.0769 0.1630 -0.0195
v -0.0253 0.0658 0.0418
v -0.0233 0.0679 0.0466
v -0.0792 0.0802 0.0332
v -0.0767 0.1618 -0.0163
v -0.0267 0.0918 0.0460
v -0.0221 0.1781 -0.0214
v -0.0813 0.0781 0.0281
v -0.0293 0.0768 0.0420
v -0.0783 0.1758 -0.0462
v -0.0773 0.1589 -0.0142
v -0.0579 0.0922 -0.0211
v -0.0498 0.0907 -0.0217
v -0.0463 0.0913 -0.0218
v -0.0592 0.1371 -0.0062
v -0.0690 0.0727 0.0365
v -0.0186 0.0947 0.0522
v -0.0592 0.1567 0.0037
v -0.0175 0.0885 -0.0380
v -0.0328 0.0370 0.0504
v -0.0832 0.1190 0.0492
v -0.0883 0.1473 0.0300
v -0.0401 0.1622 -0.0120
v -0.0203 0.0680 0.0517
v -0.0195 0.0679 0.0524
v -0.0830 0.1174 0.0489
v -0.0846 0.1177 0.0488
v -0.0807 0.1162 0.0482
v -0.0724 0.1511 -0.0413
v -0.0182 0.1757 -0.0239
v -0.0561 0.1051 -0.0185
v -0.0542 0.1055 -0.0188
v -0.0537 0.1034 -0.0200
v -0.0555 0.1029 -0.0195
v -0.0778 0.1395 -0.0054
v -0.0783 0.1206 -0.0064
v -0.0343 0.1712 -0.0148
v 0.0146 0.1092 -0.0181
v -0.0552 0.1441 -0.0014
v -0.0693 0.1208 -0.0089
v -0.0770 0.1544 -0.0094
v -0.0852 0.1271 0.0498
v -0.0744 0.1162 -0.0069
v -0.0787 0.1340 -0.0053
v -0.0466 0.1029 -0.0213
v -0.0474 0.1543 -0.0065
v -0.0491 0.1546 -0.0059
v -0.0652 0.1664 -0.0598
v -0.0799 0.1099 0.0415
v -0.0262 0.0712 0.0435
v -0.0221 0.0723 0.0512
v -0.0588 0.0883 -0.0208
v -0.0765 0.1559 -0.0074
v -0.0723 0.1527 -0.0415
v -0.0573 0.1592 0.0032
v -0.0594 0.1348 -0.0065
v -0.0760 0.0889 -0.0138
v -0.0766 0.1228 -0.0072
v -0.0407 0.1088 -0.0194
v -0.0341 0.1054 -0.0207
v -0.0378 0.1043 -0.0203
v -0.0186 0.1064 -0.0225
v -0.0249 0.0711 0.0454
v -0.0181 0.1732 -0.0231
v -0.0779 0.1771 -0.0494
v -0.0414 0.0899 -0.0229
v -0.0434 0.0901 -0.0223
v -0.0840 0.1222 -0.0037
v -0.0315 0.1044 -0.0220
v -0.0564 0.0573 0.0108
v -0.0010 0.0916 -0.0345
v -0.0175 0.0985 0.0451
v -0.0618 0.1400 -0.0064
v -0.0212 0.0726 0.0524
v -0.0188 0.0726 0.0543
v -0.0431 0.0345 -0.0263
v -0.0440 0.0351 -0.0256
v -0.0444 0.0351 -0.0241
v -0.0455 0.0352 -0.0224
v -0.0458 0.0353 -0.0213
v -0.0464 0.0349 -0.0187
v -0.0467 0.0355 -0.0173
v -0.0472 0.0356 -0.0163
v -0.0477 0.0356 -0.0145
v -0.0479 0.0357 -0.0133
v -0.0852 0.1280 -0.0028
v -0.0115 0.0975 -0.0297
v 0.0045 0.1006 -0.0223
v -0.0421 0.0364 -0.0273
v -0.0432 0.0365 -0.0264
v -0.0434 0.0378 -0.0253
v -0.0443 0.0367 -0.0233
v -0.0450 0.0367 -0.0222
v -0.0457 0.0368 -0.0213
v -0.0460 0.0368 -0.0202
v -0.0463 0.0370 -0.0180
v -0.0468 0.0383 -0.0160
v -0.0475 0.0370 -0.0146
v -0.0476 0.0375 -0.0124
v -0.0073 0.1197 -0.0139
v -0.0111 0.0940 -0.0345
v 0.0296 0.0817 -0.0206
v -0.0694 0.0394 -0.0013
v -0.0702 0.0395 -0.0003
v -0.0550 0.1612 0.0021
v 0.0256 0.1149 -0.0091
v -0.0470 0.1684 -0.0040
v -0.0925 0.1308 0.0250
v -0.0161 0.1238 -0.0060
v -0.0700 0.1681 -0.0509
v -0.0712 0.1705 -0.0504
v -0.0721 0.1688 -0.0474
v -0.0598 0.0385 0.0207
v -0.0603 0.0386 0.0217
v -0.0618 0.0387 0.0237
v -0.0633 0.0389 0.0257
v -0.0911 0.1305 0.0326
v -0.0667 0.1729 -0.0587
v -0.0736 0.1708 -0.0470
v -0.0787 0.1708 -0.0430
v -0.0863 0.1417 0.0077
v -0.0412 0.1710 -0.0092
v -0.0741 0.1722 -0.0480
v -0.0393 0.1741 -0.0080
v -0.0913 0.1290 0.0380
v -0.0783 0.1764 -0.0490
v -0.0773 0.1778 -0.0510
v -0.0777 0.1778 -0.0501
v -0.0908 0.1406 0.0152
v -0.0927 0.1160 0.0132
v -0.0417 0.0377 -0.0272
v -0.0426 0.0379 -0.0263
v -0.0434 0.0383 -0.0243
v -0.0440 0.0380 -0.0231
v -0.0450 0.0381 -0.0223
v -0.0454 0.0382 -0.0213
v -0.0457 0.0383 -0.0200
v -0.0460 0.0381 -0.0182
v -0.0474 0.0383 -0.0134
v -0.0636 0.0953 -0.0184
v -0.0097 0.1090 -0.0220
v -0.0297 0.1114 -0.0179
v -0.0666 0.0401 -0.0056
v -0.0672 0.0409 -0.0040
v -0.0675 0.0417 -0.0014
v -0.0691 0.0416 -0.0001
v -0.0908 0.1297 0.0392
v -0.0779 0.1611 -0.0269
v -0.0753 0.1609 -0.0305
v -0.0747 0.1610 -0.0320
v -0.0732 0.1611 -0.0363
v -0.0595 0.0399 0.0207
v -0.0601 0.0399 0.0217
v -0.0617 0.0401 0.0234
v -0.0633 0.0403 0.0254
v -0.0643 0.0404 0.0267
v -0.0650 0.0405 0.0286
v -0.0897 0.1393 0.0332
v -0.0759 0.1652 -0.0370
v -0.0786 0.1750 -0.0460
v -0.0321 0.0988 -0.0228
v -0.0767 0.1597 -0.0259
v -0.0220 0.1192 -0.0120
v -0.0106 0.1221 -0.0106
v -0.0750 0.1652 -0.0380
v -0.0777 0.1763 -0.0501
v -0.0765 0.1778 -0.0520
v -0.0377 0.0400 -0.0288
v -0.0415 0.0396 -0.0262
v -0.0418 0.0401 -0.0253
v -0.0427 0.0402 -0.0233
v -0.0444 0.0395 -0.0223
v -0.0452 0.0396 -0.0203
v -0.0452 0.0397 -0.0192
v -0.0461 0.0398 -0.0162
v -0.0463 0.0408 -0.0139
v -0.0469 0.0397 -0.0132
v -0.0729 0.1150 -0.0071
v -0.0652 0.0414 -0.0053
v -0.0654 0.0425 -0.0040
v -0.0667 0.0419 -0.0023
v -0.0781 0.1529 0.0001
v -0.0559 0.1569 -0.0008
v -0.0562 0.1581 0.0002
v -0.0433 0.1137 -0.0162
v -0.0583 0.0411 0.0187
v -0.0571 0.0417 0.0197
v -0.0584 0.0411 0.0207
v -0.0590 0.0412 0.0217
v -0.0601 0.0413 0.0227
v -0.0615 0.0415 0.0244
v -0.0634 0.0418 0.0265
v -0.0641 0.0419 0.0279
v -0.0412 0.1234 -0.0103
v -0.0200 0.0946 -0.0323
v -0.0775 0.1555 -0.0143
v -0.0784 0.1763 -0.0481
v -0.0841 0.1298 -0.0031
v -0.0850 0.1340 -0.0000
v -0.0864 0.1308 0.0003
v -0.0872 0.1308 0.0013
v -0.0814 0.1100 -0.0010
v -0.0418 0.0406 -0.0243
v -0.0433 0.0413 -0.0223
v -0.0442 0.0411 -0.0209
v -0.0442 0.0421 -0.0172
v -0.0446 0.0422 -0.0163
v -0.0465 0.0411 -0.0122
v -0.0489 0.0414 -0.0113
v 0.0041 0.1215 -0.0129
v -0.0657 0.0432 -0.0023
v -0.0662 0.0432 -0.0013
v -0.0671 0.0432 -0.0003
v -0.0683 0.0435 0.0017
v -0.0881 0.1309 0.0023
v -0.0751 0.1513 -0.0258
v -0.0901 0.1306 0.0056
v -0.0565 0.0423 0.0187
v -0.0565 0.0429 0.0213
v -0.0604 0.0428 0.0247
v -0.0624 0.0430 0.0270
v -0.0636 0.0431 0.0293
v -0.0647 0.0433 0.0337
v -0.0799 0.1515 0.0013
v -0.0738 0.1556 -0.0257
v -0.0773 0.1555 -0.0129
v -0.0672 0.1655 -0.0566
v -0.0533 0.1612 -0.0019
v -0.0921 0.1309 0.0109
v -0.0910 0.1391 0.0184
v -0.0472 0.1684 -0.0022
v -0.0386 0.0426 -0.0264
v -0.0400 0.0419 -0.0253
v -0.0401 0.0421 -0.0244
v -0.0412 0.0420 -0.0233
v -0.0415 0.0444 -0.0215
v -0.0438 0.0423 -0.0193
v -0.0426 0.0441 -0.0179
v -0.0440 0.0445 -0.0137
v -0.0455 0.0430 -0.0127
v -0.0459 0.0429 -0.0115
v 0.0253 0.0932 -0.0217
v -0.0843 0.1007 -0.0026
v -0.0599 0.0458 -0.0026
v -0.0636 0.0445 -0.0019
v -0.0645 0.0444 -0.0008
v -0.0669 0.0446 0.0020
v -0.0672 0.0448 0.0037
v -0.0672 0.0448 0.0054
v -0.0932 0.1307 0.0190
v -0.0754 0.1514 -0.0119
v -0.0754 0.1514 -0.0105
v -0.0758 0.1514 -0.0089
v -0.0763 0.1514 -0.0079
v -0.0927 0.1308 0.0165
v -0.0548 0.0436 0.0177
v -0.0541 0.0435 0.0187
v -0.0542 0.0435 0.0197
v -0.0547 0.0436 0.0207
v -0.0547 0.0463 0.0244
v -0.0571 0.0452 0.0254
v -0.0600 0.0440 0.0262
v -0.0609 0.0448 0.0282
v -0.0624 0.0444 0.0297
v -0.0630 0.0445 0.0307
v -0.0634 0.0446 0.0321
v -0.0638 0.0445 0.0337
v -0.0632 0.0446 0.0365
v -0.0743 0.1652 -0.0390
v -0.0900 0.1393 0.0232
v -0.0739 0.1568 -0.0271
v -0.0930 0.1310 0.0212
v -0.0374 0.0422 -0.0278
v -0.0402 0.0433 -0.0233
v -0.0418 0.0435 -0.0224
v -0.0424 0.0443 -0.0191
v -0.0428 0.0446 -0.0163
v -0.0435 0.0446 -0.0152
v -0.0308 0.1140 -0.0168
v -0.0573 0.0445 -0.0064
v -0.0596 0.0450 -0.0044
v -0.0626 0.0461 0.0010
v -0.0631 0.0465 0.0028
v -0.0652 0.0460 0.0046
v -0.0653 0.0460 0.0057
v -0.0522 0.0458 0.0171
v -0.0528 0.0448 0.0187
v -0.0531 0.0447 0.0202
v -0.0531 0.0461 0.0223
v -0.0610 0.0456 0.0306
v -0.0621 0.0458 0.0327
v -0.0624 0.0458 0.0337
v -0.0621 0.0458 0.0363
v -0.0790 0.1666 -0.0360
v -0.0776 0.1583 -0.0219
v -0.0910 0.1318 0.0296
v -0.0533 0.1627 0.0001
v -0.0344 0.0367 -0.0305
v -0.0762 0.1486 -0.0108
v -0.0372 0.0452 -0.0251
v -0.0382 0.0446 -0.0244
v -0.0406 0.0447 -0.0223
v 0.0063 0.1218 -0.0129
v 0.0115 0.1146 -0.0167
v 0.0030 0.1167 -0.0178
v -0.0540 0.0473 -0.0065
v -0.0556 0.0459 -0.0061
v -0.0572 0.0465 -0.0043
v -0.0585 0.0467 -0.0026
v -0.0595 0.0468 -0.0007
v -0.0606 0.0469 0.0007
v -0.0589 0.0482 0.0054
v -0.0613 0.0470 0.0067
v -0.0724 0.1471 -0.0229
v -0.0741 0.1487 -0.0214
v -0.0734 0.1472 -0.0188
v -0.0516 0.0461 0.0177
v -0.0516 0.0461 0.0187
v -0.0520 0.0461 0.0200
v -0.0538 0.0463 0.0237
v -0.0547 0.0477 0.0275
v -0.0557 0.0475 0.0283
v -0.0567 0.0477 0.0302
v -0.0589 0.0468 0.0307
v -0.0578 0.0478 0.0324
v -0.0600 0.0470 0.0337
v -0.0604 0.0470 0.0347
v -0.0603 0.0470 0.0357
v -0.0604 0.0471 0.0367
v -0.0730 0.1679 -0.0446
v -0.0754 0.1722 -0.0470
v -0.0791 0.1666 -0.0350
v -0.0533 0.1628 0.0018
v -0.0427 0.1152 -0.0156
v -0.0787 0.1680 -0.0390
v -0.0896 0.1158 0.0050
v -0.0397 0.0461 -0.0213
v -0.0405 0.0461 -0.0193
v -0.0410 0.0462 -0.0173
v -0.0416 0.0466 -0.0148
v -0.0426 0.0464 -0.0133
v -0.0428 0.0465 -0.0124
v -0.0899 0.1502 0.0227
v 0.0147 0.1135 -0.0164
v -0.0551 0.0477 -0.0054
v -0.0562 0.0478 -0.0041
v -0.0574 0.0480 -0.0021
v -0.0583 0.0481 0.0003
v -0.0587 0.0481 0.0016
v -0.0588 0.0481 0.0027
v -0.0590 0.0481 0.0037
v -0.0584 0.0482 0.0067
v -0.0902 0.1321 0.0373
v -0.0774 0.1555 -0.0159
v -0.0768 0.1545 -0.0064
v -0.0506 0.0474 0.0177
v -0.0509 0.0474 0.0187
v -0.0523 0.0477 0.0223
v -0.0532 0.0478 0.0245
v -0.0537 0.0477 0.0257
v -0.0573 0.0481 0.0337
v -0.0791 0.1666 -0.0340
v -0.0735 0.1736 -0.0501
v -0.0737 0.1652 -0.0403
v 0.0482 0.0620 -0.0035
v -0.0560 0.1598 0.0011
v 0.0295 0.0920 -0.0197
v -0.0779 0.1583 -0.0187
v -0.0127 0.1134 -0.0177
v -0.0297 0.1800 -0.0120
v -0.0825 0.1102 0.0004
v -0.0383 0.0465 -0.0212
v -0.0390 0.0475 -0.0155
v -0.0766 0.1472 -0.0073
v -0.0427 0.0478 -0.0113
v -0.0084 0.0952 -0.0330
v 0.0185 0.0913 -0.0255
v -0.0548 0.0492 -0.0051
v -0.0567 0.0491 -0.0024
v -0.0576 0.0494 -0.0001
v -0.0581 0.0495 0.0021
v -0.0581 0.0495 0.0040
v -0.0903 0.1447 0.0142
v -0.0909 0.1447 0.0152
v -0.0912 0.1447 0.0162
v -0.0915 0.1459 0.0184
v -0.0503 0.0489 0.0166
v -0.0503 0.0490 0.0177
v -0.0507 0.0488 0.0195
v -0.0519 0.0491 0.0223
v -0.0530 0.0491 0.0257
v -0.0531 0.0491 0.0267
v -0.0535 0.0491 0.0277
v -0.0535 0.0491 0.0287
v -0.0538 0.0492 0.0302
v -0.0537 0.0491 0.0317
v -0.0537 0.0492 0.0327
v -0.0535 0.0491 0.0337
v -0.0529 0.0491 0.0347
v -0.0748 0.1679 -0.0421
v -0.0772 0.1722 -0.0460
v -0.0790 0.1667 -0.0330
v -0.0718 0.1554 -0.0405
v 0.0152 0.0959 -0.0238
v 0.0185 0.1057 -0.0178
v 0.0280 0.1027 -0.0165
v -0.0329 0.1202 -0.0097
v -0.0308 0.0479 -0.0243
v -0.0324 0.0480 -0.0227
v -0.0332 0.0484 -0.0204
v -0.0345 0.0484 -0.0183
v -0.0369 0.0486 -0.0137
v 0.0193 0.0988 -0.0226
v -0.0409 0.0491 -0.0113
v 0.0228 0.0871 -0.0245
v -0.0187 0.1160 -0.0160
v -0.0541 0.0517 -0.0054
v -0.0561 0.0518 -0.0022
v -0.0570 0.0506 -0.0006
v -0.0576 0.0513 0.0028
v -0.0570 0.0513 0.0059
v -0.0919 0.1434 0.0179
v -0.0915 0.1433 0.0162
v -0.0911 0.1433 0.0152
v -0.0499 0.0511 0.0167
v -0.0505 0.0509 0.0192
v -0.0518 0.0511 0.0228
v -0.0523 0.0510 0.0246
v -0.0526 0.0506 0.0261
v -0.0527 0.0504 0.0277
v -0.0526 0.0504 0.0295
v -0.0523 0.0504 0.0315
v -0.0760 0.1486 -0.0123
v -0.0786 0.1666 -0.0314
v -0.0793 0.1680 -0.0370
v -0.0510 0.1644 -0.0018
v -0.0728 0.1645 -0.0413
v -0.0517 0.1641 0.0000
v -0.0788 0.1639 -0.0289
v -0.0788 0.1639 -0.0299
v -0.0835 0.1102 0.0022
v 0.0232 0.1140 -0.0123
v 0.0065 0.1266 -0.0066
v -0.0320 0.1083 -0.0191
v 0.0347 0.1012 -0.0121
v -0.0286 0.0495 -0.0235
v -0.0294 0.0495 -0.0225
v -0.0301 0.0494 -0.0214
v -0.0306 0.0496 -0.0204
v -0.0316 0.0496 -0.0193
v -0.0321 0.0497 -0.0184
v -0.0319 0.0497 -0.0173
v -0.0332 0.0498 -0.0149
v -0.0340 0.0499 -0.0133
v -0.0347 0.0499 -0.0123
v 0.0262 0.0997 -0.0185
v 0.0001 0.1237 -0.0095
v 0.0454 0.0694 0.0025
v -0.0528 0.0517 -0.0065
v -0.0553 0.0521 -0.0038
v -0.0571 0.0530 0.0015
v 0.0318 0.1062 -0.0120
v -0.0720 0.0687 0.0286
v -0.0716 0.1427 -0.0096
v -0.0726 0.1428 -0.0089
v -0.0735 0.1430 -0.0079
v -0.0523 0.0521 0.0256
v -0.0523 0.0519 0.0272
v -0.0520 0.0520 0.0299
v -0.0207 0.0956 -0.0295
v -0.0001 0.1253 -0.0076
v -0.0759 0.1597 -0.0269
v -0.0645 0.1743 -0.0612
v -0.0569 0.1117 -0.0169
v -0.0746 0.1736 -0.0491
v -0.0742 0.1667 -0.0412
v -0.0339 0.1770 -0.0110
v -0.0719 0.1509 -0.0428
v -0.0331 0.1086 -0.0190
v -0.0345 0.1093 -0.0193
v -0.0275 0.0507 -0.0244
v -0.0289 0.0508 -0.0225
v -0.0293 0.0509 -0.0214
v -0.0297 0.0509 -0.0204
v -0.0297 0.0509 -0.0194
v -0.0301 0.0509 -0.0184
v -0.0306 0.0510 -0.0174
v -0.0307 0.0510 -0.0164
v -0.0311 0.0511 -0.0154
v -0.0314 0.0511 -0.0144
v -0.0316 0.0511 -0.0134
v -0.0321 0.0512 -0.0124
v 0.0093 0.1254 -0.0073
v -0.0565 0.1170 -0.0136
v -0.0528 0.0531 -0.0067
v -0.0541 0.0532 -0.0054
v -0.0552 0.0546 -0.0038
v -0.0566 0.0542 -0.0006
v -0.0569 0.0544 0.0007
v -0.0571 0.0536 0.0031
v -0.0318 0.1771 -0.0135
v -0.0499 0.0528 0.0168
v -0.0512 0.0531 0.0210
v -0.0521 0.0538 0.0268
v -0.0912 0.1461 0.0165
v -0.0853 0.1486 0.0061
v -0.0777 0.1528 -0.0009
v -0.0731 0.1587 -0.0334
v -0.0455 0.1166 -0.0156
v -0.0769 0.1737 -0.0479
v -0.0285 0.1778 -0.0163
v -0.0695 0.1793 -0.0580
v 0.0197 0.1134 -0.0146
v 0.0451 0.0679 0.0014
v -0.0260 0.0513 -0.0265
v -0.0273 0.0528 -0.0252
v -0.0279 0.0524 -0.0242
v -0.0295 0.0523 -0.0210
v -0.0298 0.0523 -0.0192
v -0.0304 0.0528 -0.0168
v -0.0307 0.0525 -0.0148
v -0.0314 0.0525 -0.0135
v -0.0319 0.0526 -0.0125
v -0.0534 0.1252 -0.0066
v -0.0145 0.1102 -0.0198
v -0.0538 0.0548 -0.0061
v -0.0570 0.0548 0.0019
v -0.0569 0.0549 0.0041
v -0.0562 0.0547 0.0070
v -0.0555 0.0548 0.0087
v -0.0503 0.0543 0.0167
v -0.0517 0.0545 0.0293
v -0.0863 0.1474 0.0073
v -0.0734 0.1499 -0.0360
v -0.0896 0.1515 0.0192
v 0.0139 0.0928 -0.0276
v -0.0497 0.1649 -0.0038
v -0.0780 0.1735 -0.0470
v -0.0516 0.1641 -0.0009
v -0.0783 0.1639 -0.0320
v -0.0786 0.1638 -0.0310
v -0.0206 0.1804 -0.0224
v 0.0115 0.1176 -0.0155
v -0.0360 0.1086 -0.0199
v -0.0262 0.0547 -0.0273
v -0.0290 0.0536 -0.0224
v -0.0296 0.0537 -0.0214
v -0.0300 0.0538 -0.0197
v -0.0307 0.0538 -0.0154
v -0.0312 0.0539 -0.0144
v -0.0160 0.1091 -0.0204
v -0.0544 0.0563 -0.0058
v -0.0551 0.0559 -0.0040
v -0.0564 0.0561 -0.0009
v -0.0569 0.0563 0.0006
v -0.0571 0.0564 0.0030
v -0.0570 0.0563 0.0046
v -0.0569 0.0563 0.0056
v -0.0563 0.0563 0.0076
v -0.0552 0.0561 0.0096
v -0.0545 0.0560 0.0106
v -0.0524 0.0559 0.0133
v -0.0516 0.0559 0.0146
v -0.0874 0.1332 0.0020
v -0.0883 0.1322 0.0027
v -0.0894 0.1323 0.0042
v -0.0901 0.1324 0.0058
v -0.0906 0.1323 0.0072
v -0.0907 0.1331 0.0085
v -0.0911 0.1334 0.0111
v -0.0917 0.1327 0.0125
v -0.0921 0.1322 0.0138
v -0.0889 0.1474 0.0099
v -0.0486 0.1653 -0.0050
v -0.0469 0.1647 -0.0069
v -0.0888 0.1365 0.0080
v -0.0720 0.1792 -0.0559
v -0.0273 0.0564 -0.0262
v -0.0284 0.0564 -0.0237
v -0.0296 0.0552 -0.0214
v -0.0301 0.0554 -0.0197
v -0.0308 0.0564 -0.0175
v -0.0307 0.0555 -0.0155
v -0.0313 0.0567 -0.0149
v -0.0321 0.0568 -0.0124
v -0.0891 0.1364 0.0101
v -0.0182 0.1103 -0.0201
v -0.0537 0.0601 -0.0083
v -0.0558 0.0574 -0.0030
v -0.0571 0.0575 0.0005
v -0.0573 0.0577 0.0016
v -0.0575 0.0577 0.0033
v -0.0578 0.0577 0.0046
v -0.0585 0.0581 0.0054
v -0.0580 0.0577 0.0066
v -0.0574 0.0576 0.0081
v -0.0568 0.0575 0.0097
v -0.0896 0.1364 0.0122
v -0.0922 0.1324 0.0172
v -0.0789 0.1694 -0.0410
v -0.0924 0.1324 0.0188
v -0.0924 0.1324 0.0207
v -0.0918 0.1325 0.0241
v -0.0693 0.1552 -0.0510
v -0.0784 0.1721 -0.0450
v -0.0409 0.1727 -0.0078
v -0.0490 0.1667 -0.0024
v -0.0909 0.1335 0.0263
v -0.0742 0.1569 -0.0254
v -0.0704 0.1643 -0.0481
v -0.0549 0.1613 0.0031
v -0.0223 0.1807 -0.0206
v -0.0146 0.1834 -0.0274
v -0.0296 0.1212 -0.0084
v -0.0089 0.1202 -0.0133
v -0.0132 0.1247 -0.0062
v -0.0243 0.0539 -0.0286
v -0.0257 0.0599 -0.0307
v -0.0264 0.0568 -0.0280
v -0.0292 0.0565 -0.0224
v -0.0304 0.0566 -0.0194
v -0.0305 0.0576 -0.0190
v -0.0578 0.1231 -0.0080
v -0.0203 0.1116 -0.0193
v 0.0501 0.0622 -0.0033
v -0.0547 0.0602 -0.0070
v -0.0559 0.0589 -0.0043
v -0.0565 0.0590 -0.0024
v -0.0568 0.0590 -0.0014
v -0.0573 0.0590 -0.0005
v -0.0577 0.0590 0.0006
v -0.0583 0.0590 0.0015
v -0.0585 0.0588 0.0029
v -0.0908 0.1365 0.0180
v -0.0907 0.1365 0.0202
v -0.0902 0.1365 0.0222
v -0.0899 0.1365 0.0233
v -0.0792 0.1695 -0.0379
v -0.0899 0.1340 0.0296
v -0.0780 0.1616 -0.0217
v -0.0715 0.1526 -0.0449
v -0.0710 0.1525 -0.0461
v -0.0789 0.1722 -0.0440
v -0.0787 0.1736 -0.0460
v -0.0797 0.1502 -0.0002
v -0.0810 0.1500 0.0013
v -0.0660 0.1694 -0.0590
v -0.0288 0.0578 -0.0234
v -0.0290 0.0579 -0.0224
v -0.0295 0.0579 -0.0214
v -0.0300 0.0592 -0.0208
v -0.0312 0.0581 -0.0174
v -0.0318 0.0583 -0.0146
v -0.0320 0.0582 -0.0134
v -0.0891 0.1366 0.0257
v 0.0193 0.0939 -0.0238
v 0.0160 0.0909 -0.0272
v 0.0099 0.0958 -0.0269
v 0.0074 0.0887 -0.0328
v -0.0558 0.0603 -0.0051
v -0.0565 0.0603 -0.0035
v -0.0579 0.0600 -0.0017
v -0.0581 0.0600 -0.0007
v -0.0442 0.0983 -0.0216
v -0.0889 0.1365 0.0275
v 0.0051 0.1059 -0.0209
v -0.0111 0.1070 -0.0223
v -0.0900 0.1327 0.0331
v -0.0738 0.1694 -0.0450
v -0.0764 0.1694 -0.0430
v -0.0793 0.1694 -0.0400
v -0.0891 0.1365 0.0292
v -0.0553 0.1598 -0.0001
v -0.0790 0.1722 -0.0430
v -0.0789 0.1736 -0.0450
v -0.0784 0.1501 -0.0019
v -0.0778 0.1500 -0.0034
v -0.0234 0.1825 -0.0184
v -0.0483 0.1179 -0.0146
v -0.0437 0.1099 -0.0185
v 0.0282 0.1104 -0.0115
v -0.0229 0.0593 -0.0326
v -0.0276 0.0606 -0.0287
v -0.0284 0.0605 -0.0266
v -0.0288 0.0595 -0.0249
v -0.0293 0.0593 -0.0229
v -0.0305 0.0599 -0.0195
v -0.0315 0.0598 -0.0174
v -0.0323 0.0596 -0.0144
v -0.0324 0.0596 -0.0134
v 0.0279 0.0995 -0.0175
v -0.0392 0.0356 -0.0294
v -0.0132 0.1095 -0.0204
v -0.0038 0.1117 -0.0206
v -0.0024 0.1137 -0.0185
v 0.0023 0.0932 -0.0326
v 0.0100 0.0989 -0.0227
v -0.0653 0.0625 -0.0024
v -0.0661 0.0624 -0.0012
v -0.0719 0.1413 -0.0078
v -0.0226 0.0360 0.0535
v -0.0661 0.1581 -0.0552
v -0.0902 0.1391 0.0152
v -0.0896 0.1460 0.0112
v -0.0898 0.1447 0.0131
v -0.0894 0.1365 0.0309
v -0.0433 0.1703 -0.0075
v -0.0452 0.1698 -0.0050
v -0.0885 0.1447 0.0102
v -0.0447 0.1698 -0.0060
v -0.0701 0.1553 -0.0497
v -0.0832 0.1513 0.0045
v -0.0413 0.1727 -0.0070
v -0.0874 0.0928 0.0044
v -0.0722 0.1470 -0.0239
v -0.0686 0.1582 -0.0537
v 0.0536 0.0677 0.0012
v -0.0785 0.1625 -0.0269
v -0.0506 0.1192 -0.0136
v -0.0292 0.0617 -0.0246
v -0.0298 0.0616 -0.0232
v -0.0305 0.0618 -0.0216
v -0.0323 0.0611 -0.0155
v -0.0332 0.0610 -0.0146
v 0.0221 0.1017 -0.0202
v -0.0371 0.0365 -0.0299
v 0.0060 0.0971 -0.0267
v -0.0051 0.1139 -0.0184
v 0.0538 0.0694 0.0027
v -0.0663 0.0638 -0.0036
v -0.0675 0.0640 -0.0025
v -0.0690 0.0642 -0.0007
v -0.0699 0.0644 0.0008
v -0.0563 0.1542 -0.0012
v -0.0803 0.0720 0.0177
v -0.0767 0.1541 0.0001
v -0.0681 0.1597 -0.0551
v -0.0677 0.1609 -0.0560
v -0.0670 0.1610 -0.0569
v -0.0781 0.1597 -0.0209
v -0.0751 0.1596 -0.0283
v -0.0844 0.1514 0.0062
v -0.0743 0.1555 -0.0229
v -0.0779 0.1583 -0.0209
v -0.0416 0.1727 -0.0060
v -0.0751 0.1484 -0.0161
v -0.0529 0.1627 -0.0009
v -0.0523 0.1627 -0.0019
v -0.0783 0.1625 -0.0289
v -0.0785 0.1624 -0.0280
v -0.0243 0.1830 -0.0165
v -0.0176 0.1181 -0.0138
v -0.0257 0.0621 -0.0315
v -0.0291 0.0632 -0.0275
v -0.0290 0.0623 -0.0263
v -0.0320 0.0630 -0.0186
v -0.0323 0.0624 -0.0174
v -0.0328 0.0627 -0.0155
v -0.0331 0.0625 -0.0144
v -0.0170 0.1061 -0.0223
v 0.0338 0.1032 -0.0122
v -0.0198 0.0347 -0.0276
v 0.0058 0.0991 -0.0230
v -0.0695 0.0678 -0.0047
v -0.0701 0.0662 -0.0021
v -0.0715 0.0663 -0.0003
v -0.0717 0.0657 0.0009
v -0.0675 0.1463 -0.0245
v -0.0748 0.0664 0.0067
v -0.0750 0.0661 0.0092
v -0.0371 0.1622 -0.0135
v 0.0215 0.1079 -0.0157
v -0.0465 0.1684 -0.0050
v -0.0563 0.1598 0.0021
v -0.0618 0.1753 -0.0615
v -0.0743 0.1708 -0.0461
v -0.0792 0.1708 -0.0420
v -0.0746 0.1555 -0.0219
v -0.0747 0.1694 -0.0441
v -0.0771 0.1542 -0.0109
v -0.0839 0.1501 0.0042
v -0.0749 0.1488 -0.0188
v 0.0158 0.1166 -0.0142
v -0.0779 0.1625 -0.0299
v -0.0187 0.1189 -0.0120
v -0.0249 0.0643 -0.0329
v -0.0277 0.0663 -0.0306
v -0.0294 0.0653 -0.0284
v -0.0298 0.0636 -0.0248
v -0.0303 0.0640 -0.0232
v -0.0314 0.0648 -0.0214
v -0.0326 0.0638 -0.0175
v 0.0115 0.1030 -0.0210
v 0.0279 0.0834 -0.0221
v 0.0087 0.0989 -0.0226
v -0.0027 0.1105 -0.0211
v -0.0733 0.0672 0.0005
v -0.0741 0.0671 0.0016
v -0.0613 0.1208 -0.0091
v -0.0759 0.0675 0.0061
v -0.0760 0.0675 0.0076
v -0.0747 0.0660 0.0106
v -0.0681 0.1165 -0.0087
v -0.0772 0.1613 -0.0284
v -0.0783 0.1611 -0.0239
v -0.0632 0.1756 -0.0615
v -0.0850 0.1501 0.0059
v -0.0772 0.1625 -0.0309
v -0.0169 0.1845 -0.0249
v -0.0437 0.1191 -0.0141
v -0.0264 0.0646 -0.0315
v -0.0300 0.0651 -0.0274
v -0.0309 0.0658 -0.0248
v -0.0325 0.0661 -0.0193
v -0.0327 0.0653 -0.0184
v -0.0332 0.0653 -0.0173
v 0.0178 0.1029 -0.0211
v 0.0447 0.0702 0.0016
v -0.0710 0.0683 -0.0035
v -0.0719 0.0685 -0.0024
v -0.0746 0.0699 -0.0014
v -0.0748 0.0687 0.0008
v -0.0756 0.0681 0.0036
v -0.0767 0.0687 0.0064
v -0.0760 0.1369 -0.0062
v -0.0432 0.1031 -0.0213
v -0.0600 0.1209 -0.0091
v -0.0890 0.1337 0.0040
v -0.0768 0.1514 -0.0069
v -0.0793 0.1707 -0.0411
v 0.0167 0.0891 -0.0278
v -0.0881 0.1392 0.0102
v -0.0358 0.1175 -0.0130
v -0.0209 0.1180 -0.0129
v -0.0260 0.0663 -0.0329
v -0.0315 0.0667 -0.0229
v -0.0317 0.0666 -0.0214
v -0.0329 0.0673 -0.0186
v 0.0144 0.1032 -0.0213
v -0.0069 0.1116 -0.0210
v -0.0708 0.0698 -0.0063
v -0.0722 0.0697 -0.0046
v -0.0731 0.0700 -0.0033
v -0.0756 0.0701 -0.0001
v -0.0770 0.0703 0.0032
v -0.0778 0.0704 0.0050
v -0.0798 0.0706 0.0116
v -0.0796 0.0705 0.0164
v -0.0578 0.0898 -0.0214
v -0.0567 0.0898 -0.0218
v -0.0900 0.1336 0.0062
v -0.0772 0.1514 -0.0059
v -0.0915 0.1489 0.0176
v -0.0718 0.1526 -0.0439
v -0.0777 0.1694 -0.0420
v -0.0758 0.1708 -0.0450
v -0.0429 0.1713 -0.0070
v 0.0009 0.1145 -0.0192
v -0.0787 0.1652 -0.0297
v -0.0866 0.1501 0.0084
v -0.0749 0.1513 -0.0279
v -0.0773 0.1528 -0.0019
v -0.0189 0.1849 -0.0226
v -0.0278 0.0676 -0.0315
v -0.0282 0.0676 -0.0305
v -0.0291 0.0678 -0.0295
v -0.0301 0.0678 -0.0280
v -0.0318 0.0683 -0.0233
v -0.0332 0.0702 -0.0209
v -0.0346 0.0682 -0.0170
v 0.0029 0.1037 -0.0219
v -0.0421 0.1226 -0.0112
v -0.0577 0.0355 -0.0106
v -0.0263 0.0953 -0.0250
v -0.0734 0.0712 -0.0066
v -0.0751 0.0713 -0.0051
v -0.0760 0.0715 -0.0035
v -0.0768 0.0716 -0.0025
v -0.0770 0.0717 -0.0015
v -0.0778 0.0723 -0.0005
v -0.0777 0.0717 0.0013
v -0.0808 0.0735 0.0029
v -0.0804 0.0719 0.0066
v -0.0808 0.0720 0.0094
v -0.0810 0.0721 0.0115
v -0.0808 0.0720 0.0151
v -0.0915 0.1475 0.0221
v -0.0917 0.1475 0.0204
v -0.0782 0.1597 -0.0219
v -0.0433 0.1713 -0.0060
v -0.0762 0.1680 -0.0410
v -0.0777 0.1680 -0.0400
v -0.0757 0.1540 -0.0169
v -0.0870 0.1489 0.0083
v -0.0776 0.1516 -0.0042
v -0.0553 0.1197 -0.0117
v -0.0276 0.0693 -0.0332
v -0.0292 0.0697 -0.0311
v -0.0304 0.0699 -0.0288
v -0.0314 0.0697 -0.0258
v -0.0342 0.0708 -0.0196
v -0.0209 0.1075 -0.0221
v -0.0260 0.1099 -0.0198
v 0.0187 0.1239 -0.0038
v -0.0745 0.0727 -0.0076
v -0.0763 0.0728 -0.0058
v -0.0774 0.0729 -0.0046
v -0.0782 0.0730 -0.0036
v -0.0787 0.0732 -0.0019
v -0.0786 0.0732 0.0005
v -0.0815 0.0736 0.0054
v -0.0818 0.0735 0.0070
v -0.0817 0.0733 0.0090
v -0.0817 0.0737 0.0132
v -0.0817 0.0748 0.0173
v -0.0806 0.0735 0.0189
v 0.0129 0.0887 -0.0306
v -0.0741 0.1472 -0.0159
v -0.0912 0.1474 0.0152
v -0.0442 0.1252 -0.0086
v -0.0915 0.1337 0.0182
v -0.0914 0.1338 0.0205
v -0.0678 0.1763 -0.0586
v -0.0789 0.1653 -0.0310
v -0.0751 0.1541 -0.0179
v -0.0763 0.1624 -0.0320
v 0.0358 0.1036 -0.0098
v -0.0282 0.0732 -0.0348
v -0.0308 0.0742 -0.0316
v -0.0316 0.0717 -0.0278
v -0.0322 0.0713 -0.0249
v -0.0327 0.0712 -0.0236
v 0.0251 0.0866 -0.0237
v -0.0230 0.1074 -0.0218
v -0.0467 0.1102 -0.0180
v 0.0048 0.1232 -0.0107
v 0.0042 0.0971 -0.0277
v -0.0749 0.0742 -0.0085
v -0.0776 0.0744 -0.0059
v -0.0792 0.0744 -0.0038
v -0.0798 0.0746 -0.0025
v -0.0800 0.0750 -0.0006
v -0.0813 0.0759 0.0005
v -0.0821 0.0754 0.0022
v -0.0832 0.0760 0.0043
v -0.0823 0.0748 0.0055
v -0.0825 0.0748 0.0074
v -0.0824 0.0748 0.0085
v -0.0821 0.0748 0.0105
v -0.0820 0.0749 0.0134
v -0.0819 0.0748 0.0148
v -0.0810 0.0749 0.0202
v -0.0600 0.1131 -0.0149
v -0.0914 0.1448 0.0236
v -0.0751 0.1470 -0.0109
v -0.0844 0.1474 0.0052
v -0.0777 0.1708 -0.0440
v -0.0710 0.1539 -0.0469
v -0.0840 0.1487 0.0041
v -0.0725 0.1489 -0.0337
v -0.0772 0.1527 -0.0052
v -0.0325 0.0728 -0.0264
v -0.0341 0.0737 -0.0220
v -0.0344 0.0727 -0.0203
v -0.0486 0.1114 -0.0178
v 0.0038 0.1148 -0.0192
v -0.0033 0.1253 -0.0084
v -0.0040 0.1011 -0.0231
v -0.0777 0.0764 -0.0072
v -0.0791 0.0761 -0.0055
v -0.0809 0.0768 -0.0029
v -0.0807 0.0760 -0.0025
v -0.0809 0.0762 -0.0012
v -0.0836 0.0762 0.0075
v -0.0831 0.0763 0.0099
v -0.0828 0.0763 0.0121
v -0.0830 0.0763 0.0156
v -0.0829 0.0763 0.0175
v -0.0822 0.0761 0.0196
v -0.0477 0.0861 -0.0219
v -0.0462 0.0878 -0.0221
v -0.0768 0.1764 -0.0510
v -0.0837 0.1474 0.0041
v -0.0002 0.0998 -0.0237
v -0.0904 0.1502 0.0141
v -0.0830 0.1487 0.0032
v -0.0717 0.1486 -0.0361
v 0.0215 0.1051 -0.0174
v 0.0149 0.1124 -0.0171
v 0.0008 0.1160 -0.0181
v -0.0296 0.0744 -0.0337
v -0.0315 0.0744 -0.0295
v -0.0320 0.0744 -0.0283
v -0.0339 0.0749 -0.0247
v -0.0338 0.0744 -0.0235
v 0.0244 0.1003 -0.0196
v 0.0228 0.0890 -0.0242
v -0.0510 0.1115 -0.0179
v -0.0555 0.1255 -0.0066
v 0.0180 0.1164 -0.0136
v -0.0822 0.0776 0.0004
v -0.0832 0.0775 0.0021
v -0.0841 0.0777 0.0045
v -0.0841 0.0774 0.0058
v -0.0844 0.0773 0.0077
v -0.0853 0.0789 0.0100
v -0.0845 0.0778 0.0118
v -0.0844 0.0778 0.0135
v -0.0847 0.0778 0.0160
v -0.0318 0.0887 -0.0252
v -0.0832 0.0777 0.0211
v -0.0819 0.0772 0.0235
v -0.0814 0.0772 0.0248
v -0.0895 0.1433 0.0132
v -0.0515 0.1641 0.0020
v -0.0708 0.1440 -0.0149
v -0.0916 0.1447 0.0202
v -0.0768 0.1459 -0.0049
v -0.0749 0.1555 -0.0209
v -0.0752 0.1664 -0.0396
v -0.0906 0.1502 0.0151
v -0.0770 0.1528 -0.0069
v 0.0166 0.1120 -0.0163
v -0.0319 0.0760 -0.0308
v -0.0330 0.0751 -0.0275
v -0.0347 0.0765 -0.0217
v -0.0351 0.0753 -0.0206
v 0.0441 0.0648 -0.0010
v -0.0143 0.1131 -0.0179
v -0.0149 0.1168 -0.0158
v -0.0729 0.0774 -0.0129
v -0.0757 0.0793 -0.0103
v -0.0775 0.0787 -0.0083
v -0.0790 0.0790 -0.0068
v -0.0804 0.0796 -0.0054
v -0.0810 0.0801 -0.0045
v -0.0828 0.0791 0.0005
v -0.0847 0.0792 0.0046
v -0.0851 0.0791 0.0060
v -0.0855 0.0792 0.0077
v -0.0858 0.0793 0.0131
v -0.0856 0.0792 0.0145
v -0.0857 0.0792 0.0165
v -0.0847 0.0794 0.0202
v -0.0837 0.0797 0.0225
v -0.0835 0.0801 0.0234
v -0.0828 0.0790 0.0245
v -0.0904 0.1433 0.0142
v -0.0213 0.0936 -0.0334
v -0.0717 0.1440 -0.0139
v -0.0766 0.1445 -0.0049
v -0.0762 0.1458 -0.0059
v -0.0890 0.1461 0.0102
v -0.0773 0.1473 -0.0049
v -0.0757 0.1555 -0.0199
v -0.0782 0.1611 -0.0259
v -0.0757 0.1514 -0.0211
v -0.0769 0.1528 -0.0079
v -0.0225 0.0961 -0.0260
v -0.0527 0.1141 -0.0163
v -0.0293 0.0761 -0.0346
v -0.0304 0.0763 -0.0336
v -0.0316 0.0764 -0.0316
v -0.0323 0.0764 -0.0295
v -0.0327 0.0765 -0.0285
v -0.0334 0.0765 -0.0275
v -0.0338 0.0766 -0.0265
v -0.0343 0.0766 -0.0245
v -0.0349 0.0767 -0.0205
v -0.0105 0.0954 -0.0331
v -0.0187 0.1147 -0.0176
v 0.0133 0.1167 -0.0155
v 0.0089 0.1124 -0.0192
v -0.0724 0.0799 -0.0146
v -0.0742 0.0808 -0.0132
v -0.0825 0.0802 -0.0011
v -0.0832 0.0803 0.0010
v -0.0840 0.0816 0.0022
v -0.0855 0.0804 0.0061
v -0.0860 0.0806 0.0078
v -0.0862 0.0806 0.0100
v -0.0866 0.0806 0.0133
v -0.0864 0.0806 0.0145
v -0.0863 0.0806 0.0164
v -0.0855 0.0810 0.0202
v -0.0837 0.0805 0.0259
v -0.0744 0.1430 -0.0068
v -0.0757 0.1431 -0.0058
v -0.0769 0.1473 -0.0059
v -0.0793 0.1515 0.0001
v -0.0766 0.1555 -0.0189
v -0.0776 0.1667 -0.0380
v -0.0768 0.1528 -0.0089
v -0.0743 0.1624 -0.0350
v -0.0741 0.1680 -0.0430
v -0.0290 0.0791 -0.0351
v -0.0305 0.0779 -0.0336
v -0.0320 0.0781 -0.0316
v -0.0324 0.0780 -0.0306
v -0.0325 0.0786 -0.0296
v -0.0330 0.0804 -0.0274
v -0.0332 0.0779 -0.0275
v -0.0340 0.0781 -0.0264
v -0.0344 0.0779 -0.0239
v -0.0346 0.0781 -0.0225
v -0.0348 0.0781 -0.0215
v -0.0620 0.1740 -0.0618
v -0.0230 0.1154 -0.0153
v -0.0790 0.0825 -0.0093
v -0.0801 0.0825 -0.0072
v -0.0816 0.0825 -0.0055
v -0.0829 0.0816 -0.0024
v -0.0834 0.0817 -0.0002
v -0.0851 0.0818 0.0049
v -0.0858 0.0819 0.0065
v -0.0862 0.0817 0.0077
v -0.0866 0.0820 0.0117
v -0.0868 0.0821 0.0148
v -0.0865 0.0831 0.0180
v -0.0853 0.0831 0.0218
v -0.0844 0.0818 0.0225
v -0.0843 0.0818 0.0235
v -0.0843 0.0819 0.0248
v -0.0523 0.1612 -0.0028
v -0.0906 0.1461 0.0144
v -0.0755 0.1500 -0.0207
v -0.0770 0.1555 -0.0179
v -0.0790 0.1653 -0.0320
v -0.0508 0.1641 -0.0029
v -0.0907 0.1502 0.0201
v -0.0759 0.1513 -0.0192
v -0.0766 0.1528 -0.0099
v -0.0212 0.1847 -0.0196
v 0.0562 0.0664 0.0016
v -0.0335 0.0794 -0.0265
v -0.0340 0.0795 -0.0254
v -0.0346 0.0795 -0.0235
v -0.0353 0.0795 -0.0227
v -0.0571 0.0373 -0.0103
v 0.0052 0.0949 -0.0307
v -0.0272 0.1171 -0.0139
v -0.0741 0.0822 -0.0145
v -0.0761 0.0824 -0.0121
v -0.0831 0.0829 -0.0039
v -0.0840 0.0830 -0.0025
v -0.0843 0.0831 -0.0015
v -0.0845 0.0831 -0.0002
v -0.0859 0.0845 0.0012
v -0.0851 0.0831 0.0025
v -0.0855 0.0832 0.0035
v -0.0859 0.0832 0.0053
v -0.0862 0.0832 0.0066
v -0.0863 0.0833 0.0086
v -0.0867 0.0833 0.0114
v -0.0868 0.0834 0.0139
v -0.0860 0.0833 0.0201
v -0.0846 0.0832 0.0235
v -0.0847 0.0837 0.0250
v -0.0717 0.1454 -0.0199
v -0.0360 0.1516 -0.0043
v -0.0898 0.1474 0.0112
v 0.0326 0.1128 -0.0049
v -0.0909 0.1502 0.0161
v -0.0748 0.1540 -0.0189
v -0.0790 0.1653 -0.0330
v -0.0750 0.1528 -0.0159
v -0.0287 0.0816 -0.0355
v -0.0307 0.0804 -0.0330
v -0.0319 0.0811 -0.0311
v -0.0327 0.0808 -0.0293
v -0.0338 0.0812 -0.0255
v -0.0346 0.0811 -0.0237
v -0.0323 0.1175 -0.0132
v -0.0309 0.1183 -0.0123
v -0.0749 0.0839 -0.0145
v -0.0771 0.0845 -0.0121
v -0.0793 0.0848 -0.0098
v -0.0801 0.0851 -0.0086
v -0.0806 0.0854 -0.0076
v -0.0812 0.0847 -0.0066
v -0.0824 0.0843 -0.0054
v -0.0843 0.0850 -0.0033
v -0.0846 0.0844 -0.0025
v -0.0850 0.0845 -0.0015
v -0.0867 0.0846 0.0032
v -0.0871 0.0847 0.0048
v -0.0880 0.0860 0.0057
v -0.0870 0.0847 0.0075
v -0.0868 0.0848 0.0090
v -0.0871 0.0846 0.0120
v -0.0869 0.0848 0.0137
v -0.0868 0.0846 0.0164
v -0.0867 0.0847 0.0191
v -0.0864 0.0847 0.0211
v -0.0864 0.0854 0.0232
v -0.0855 0.1420 0.0056
v -0.0909 0.1418 0.0149
v -0.0877 0.1432 0.0103
v -0.0758 0.1458 -0.0069
v -0.0891 0.1392 0.0122
v -0.0888 0.1501 0.0111
v -0.0743 0.1541 -0.0223
v -0.0545 0.1613 0.0001
v -0.0788 0.1652 -0.0340
v -0.0322 0.1061 -0.0208
v -0.0759 0.1514 -0.0164
v -0.0750 0.1527 -0.0169
v -0.0200 0.1859 -0.0201
v 0.0220 0.0901 -0.0242
v -0.0291 0.0844 -0.0344
v -0.0310 0.0837 -0.0311
v -0.0326 0.0831 -0.0292
v 0.0133 0.0949 -0.0257
v 0.0323 0.0912 -0.0185
v -0.0762 0.0857 -0.0135
v -0.0850 0.0863 -0.0022
v -0.0858 0.0858 -0.0002
v -0.0877 0.0861 0.0042
v -0.0878 0.0863 0.0086
v -0.0882 0.0862 0.0111
v -0.0884 0.0865 0.0127
v -0.0876 0.0863 0.0146
v -0.0879 0.0862 0.0178
v -0.0885 0.0875 0.0191
v -0.0917 0.1434 0.0202
v -0.0714 0.1540 -0.0449
v -0.0916 0.1420 0.0162
v -0.0760 0.1470 -0.0087
v -0.0761 0.1500 -0.0159
v -0.0782 0.1652 -0.0350
v -0.0858 0.0927 0.0005
v -0.0746 0.1569 -0.0239
v -0.0913 0.1489 0.0205
v -0.0750 0.1527 -0.0180
v -0.0169 0.0957 -0.0315
v -0.0280 0.0843 -0.0358
v -0.0331 0.0834 -0.0272
v -0.0336 0.0836 -0.0255
v -0.0343 0.0837 -0.0246
v -0.0599 0.0359 0.0455
v -0.0031 0.1218 -0.0114
v -0.0779 0.0871 -0.0117
v -0.0799 0.0869 -0.0091
v -0.0809 0.0875 -0.0076
v -0.0833 0.0880 -0.0051
v -0.0845 0.0884 -0.0036
v -0.0866 0.0872 0.0009
v -0.0875 0.0873 0.0028
v -0.0884 0.0875 0.0055
v -0.0885 0.0877 0.0083
v -0.0888 0.0875 0.0105
v -0.0889 0.0875 0.0120
v -0.0891 0.0889 0.0147
v -0.0889 0.0880 0.0165
v -0.0812 0.1487 0.0012
v -0.0888 0.1433 0.0122
v -0.0912 0.1489 0.0154
v -0.0759 0.1500 -0.0179
v -0.0747 0.1541 -0.0199
v -0.0745 0.1541 -0.0209
v -0.0711 0.1652 -0.0466
v 0.0138 0.1197 -0.0130
v -0.0853 0.1377 0.0013
v -0.0751 0.1569 -0.0229
v -0.0754 0.1514 -0.0130
v -0.0749 0.1527 -0.0207
v -0.0764 0.1583 -0.0239
v -0.0202 0.1864 -0.0188
v -0.0322 0.0863 -0.0266
v -0.0332 0.0852 -0.0255
v -0.0348 0.0852 -0.0245
v -0.0852 0.1266 -0.0032
v -0.0790 0.0900 -0.0099
v -0.0823 0.0889 -0.0065
v -0.0854 0.0892 -0.0016
v -0.0859 0.0885 -0.0002
v -0.0877 0.0892 0.0033
v -0.0885 0.0888 0.0056
v -0.0888 0.0888 0.0076
v -0.0893 0.0888 0.0110
v -0.0893 0.0899 0.0193
v -0.0882 0.0889 0.0222
v -0.0904 0.1407 0.0257
v -0.0776 0.1500 -0.0049
v -0.0870 0.1433 0.0092
v -0.0459 0.1684 -0.0059
v -0.0770 0.1542 -0.0139
v -0.0651 0.1764 -0.0609
v -0.0760 0.1569 -0.0219
v -0.0916 0.1475 0.0176
v -0.0755 0.1582 -0.0250
v -0.0015 0.1089 -0.0213
v -0.0395 0.1235 -0.0099
v -0.0623 0.0356 -0.0087
v -0.0288 0.0866 -0.0339
v -0.0297 0.0875 -0.0316
v -0.0305 0.0875 -0.0293
v -0.0327 0.0864 -0.0256
v -0.0351 0.0867 -0.0245
v -0.0519 0.0353 -0.0125
v -0.0022 0.1000 -0.0239
v -0.0809 0.0894 -0.0078
v -0.0836 0.0906 -0.0058
v -0.0846 0.0899 -0.0040
v -0.0859 0.0900 0.0005
v -0.0888 0.0909 0.0077
v -0.0891 0.0904 0.0090
v -0.0895 0.0902 0.0110
v -0.0896 0.0903 0.0131
v -0.0896 0.0902 0.0161
v -0.0893 0.1406 0.0132
v -0.0851 0.1432 0.0062
v -0.0826 0.1446 0.0015
v -0.0539 0.1612 -0.0009
v -0.0768 0.1569 -0.0209
v -0.0757 0.1514 -0.0149
v -0.0750 0.1582 -0.0259
v -0.0239 0.0958 -0.0256
v -0.0269 0.0874 -0.0354
v -0.0312 0.0885 -0.0263
v 0.0156 0.1232 -0.0076
v -0.0692 0.1567 -0.0519
v -0.0812 0.0917 -0.0083
v -0.0845 0.0912 -0.0046
v -0.0852 0.0913 -0.0031
v -0.0856 0.0912 -0.0013
v -0.0857 0.0913 0.0005
v -0.0860 0.0913 0.0015
v -0.0869 0.0913 0.0030
v -0.0876 0.0916 0.0048
v -0.0899 0.1406 0.0142
v -0.0901 0.1407 0.0242
v -0.0820 0.1487 0.0022
v -0.0744 0.1417 -0.0068
v -0.0776 0.1514 -0.0029
v -0.0786 0.1667 -0.0369
v -0.0888 0.1144 0.0052
v -0.0775 0.1569 -0.0199
v -0.0292 0.0890 -0.0312
v -0.0298 0.0890 -0.0296
v -0.0004 0.1175 -0.0163
v -0.0547 0.1229 -0.0084
v -0.0781 0.0921 -0.0116
v -0.0798 0.0922 -0.0096
v -0.0857 0.0926 -0.0016
v 0.0556 0.0695 0.0035
v 0.0064 0.1119 -0.0199
v 0.0431 0.0650 -0.0012
v 0.0049 0.0960 -0.0294
v -0.0365 0.1149 -0.0162
v 0.0275 0.0961 -0.0196
v 0.0457 0.0633 -0.0021
v -0.0497 0.0355 -0.0126
v 0.0562 0.0648 0.0012
v -0.0155 0.0971 -0.0286
v -0.0374 0.1007 -0.0219
v -0.0123 0.0985 -0.0267
v 0.0051 0.1171 -0.0174
v -0.0117 0.0923 -0.0359
v -0.0323 0.0458 -0.0270
v -0.0043 0.1179 -0.0150
v 0.0572 0.0678 0.0031
v 0.0315 0.0960 -0.0158
v 0.0166 0.1059 -0.0181
v -0.0262 0.1115 -0.0180
v 0.0255 0.1082 -0.0144
v -0.0177 0.1137 -0.0185
v 0.0047 0.1269 -0.0061
v -0.0392 0.1184 -0.0132
v 0.0296 0.0870 -0.0207
v 0.0451 0.0648 -0.0009
v 0.0413 0.0637 -0.0039
v -0.0545 0.1254 -0.0064
v 0.0118 0.0966 -0.0247
v -0.0496 0.1089 -0.0190
v -0.0159 0.1073 -0.0215
v 0.0433 0.0664 -0.0006
v -0.0194 0.1869 -0.0172
v -0.0184 0.1869 -0.0179
v 0.0348 0.0923 -0.0157
v 0.0075 0.0968 -0.0265
v -0.0287 0.0411 -0.0296
v -0.0083 0.1158 -0.0164
v 0.0135 0.1007 -0.0227
v -0.0013 0.1263 -0.0065
v -0.0114 0.0963 -0.0319
v 0.0106 0.1194 -0.0145
v 0.0070 0.1207 -0.0139
v 0.0452 0.0660 -0.0001
v 0.0111 0.1121 -0.0188
v -0.0343 0.1139 -0.0166
v -0.0353 0.0444 -0.0274
v -0.0302 0.0451 -0.0280
v -0.0523 0.1255 -0.0065
v 0.0357 0.0908 -0.0159
v -0.0198 0.1136 -0.0183
v 0.0361 0.0894 -0.0162
v 0.0337 0.0847 -0.0186
v -0.0190 0.1871 -0.0195
v -0.0175 0.1873 -0.0198
v -0.0621 0.0429 -0.0055
v -0.0565 0.0357 -0.0108
v -0.0365 0.1162 -0.0150
v 0.0320 0.1109 -0.0080
v -0.0328 0.0370 -0.0306
v 0.0012 0.1008 -0.0228
v -0.0300 0.0367 -0.0302
v 0.0119 0.0920 -0.0296
v 0.0529 0.0586 -0.0032
v 0.0554 0.0680 0.0022
v -0.0507 0.1179 -0.0144
v -0.0018 0.1238 -0.0094
v -0.0609 0.0392 -0.0084
v -0.0155 0.1118 -0.0191
v -0.0231 0.0932 -0.0331
v -0.0185 0.1868 -0.0211
v -0.0171 0.1872 -0.0216
v -0.0340 0.1240 -0.0051
v -0.0477 0.0406 -0.0117
v 0.0014 0.0955 -0.0311
v -0.0185 0.1018 -0.0238
v -0.0079 0.1017 -0.0239
v 0.0233 0.0831 -0.0256
v 0.0252 0.0809 -0.0247
v -0.0323 0.1154 -0.0155
v 0.0532 0.0610 -0.0028
v 0.0081 0.0917 -0.0313
v -0.0329 0.1100 -0.0185
v -0.0301 0.1100 -0.0184
v 0.0102 0.1133 -0.0183
v -0.0327 0.0435 -0.0289
v 0.0465 0.0727 0.0051
v -0.0365 0.1214 -0.0100
v 0.0473 0.0722 0.0058
v 0.0482 0.0720 0.0066
v -0.0184 0.1859 -0.0222
v -0.0170 0.1866 -0.0230
v 0.0253 0.1113 -0.0122
v 0.0074 0.0952 -0.0289
v -0.0338 0.1110 -0.0183
v -0.0086 0.1145 -0.0172
v -0.0381 0.1230 -0.0097
v 0.0301 0.1096 -0.0107
v 0.0046 0.1247 -0.0089
v 0.0238 0.0623 -0.0246
v 0.0543 0.0711 0.0050
v -0.0466 0.1123 -0.0168
v -0.0169 0.1857 -0.0241
v -0.0438 0.1122 -0.0168
v 0.0018 0.0995 -0.0234
v -0.0536 0.1191 -0.0128
v -0.0354 0.1128 -0.0175
v -0.0048 0.1129 -0.0197
v -0.0197 0.0890 -0.0373
v -0.0175 0.0358 -0.0270
v -0.0165 0.1155 -0.0166
v -0.0112 0.1090 -0.0215
v -0.0709 0.0384 0.0004
v -0.0301 0.0348 -0.0302
v -0.0339 0.1747 -0.0135
v -0.0029 0.1245 -0.0090
v -0.0154 0.1855 -0.0256
v -0.0238 0.1610 -0.0140
v 0.0186 0.0894 -0.0264
v -0.0269 0.0344 -0.0290
v -0.0397 0.1222 -0.0111
v 0.0340 0.1087 -0.0071
v -0.0073 0.0993 -0.0256
v 0.0156 0.0894 -0.0287
v -0.0052 0.1221 -0.0115
v -0.0367 0.1180 -0.0130
v 0.0105 0.0909 -0.0305
v -0.0355 0.1721 -0.0135
v -0.0340 0.1735 -0.0142
v -0.0389 0.1118 -0.0181
v -0.0582 0.1205 -0.0098
v -0.0143 0.1846 -0.0268
v -0.0132 0.1847 -0.0269
v 0.0149 0.1063 -0.0186
v -0.0084 0.1129 -0.0195
v -0.0158 0.0374 -0.0269
v -0.0113 0.1022 -0.0242
v -0.0305 0.0435 -0.0291
v -0.0576 0.1581 0.0020
v -0.0069 0.1251 -0.0091
v -0.0625 0.1721 -0.0619
v -0.0328 0.1126 -0.0176
v -0.0132 0.1837 -0.0279
v -0.0416 0.1129 -0.0169
v -0.0119 0.0895 -0.0371
v -0.0098 0.1127 -0.0193
v -0.0266 0.1128 -0.0167
v -0.0104 0.1134 -0.0182
v 0.0045 0.1131 -0.0199
v -0.0619 0.1548 0.0039
v -0.0589 0.1562 0.0021
v -0.0134 0.1824 -0.0284
v -0.0122 0.1826 -0.0287
v -0.0113 0.1824 -0.0285
v -0.0279 0.0343 -0.0297
v -0.0222 0.0982 -0.0243
v -0.0627 0.1542 0.0025
v -0.0616 0.1542 0.0024
v -0.0590 0.1551 0.0013
v -0.0453 0.1635 -0.0085
v -0.0014 0.1126 -0.0194
v -0.0027 0.1128 -0.0192
v -0.0065 0.1130 -0.0197
v -0.0225 0.1119 -0.0187
v 0.0189 0.1066 -0.0169
v -0.0566 0.1231 -0.0079
v -0.0199 0.0985 -0.0244
v -0.0113 0.1814 -0.0293
v -0.0172 0.0985 -0.0244
v -0.0543 0.0364 -0.0115
v -0.0161 0.0985 -0.0244
v -0.0150 0.0987 -0.0246
v -0.0133 0.0989 -0.0247
v 0.0063 0.1000 -0.0221
v -0.0205 0.1021 -0.0237
v -0.0636 0.1535 0.0013
v -0.0623 0.1526 0.0003
v -0.0615 0.1534 0.0013
v -0.0603 0.1535 0.0011
v -0.0590 0.1540 0.0005
v -0.0573 0.1547 -0.0004
v 0.0147 0.1110 -0.0176
v 0.0030 0.1250 -0.0086
v 0.0008 0.1131 -0.0198
v -0.0177 0.1123 -0.0193
v 0.0276 0.0888 -0.0220
v -0.0090 0.0993 -0.0252
v -0.0127 0.1796 -0.0289
v -0.0115 0.1801 -0.0296
v -0.0614 0.0343 -0.0095
v -0.0626 0.0339 -0.0091
v 0.0103 0.0936 -0.0291
v -0.0037 0.0993 -0.0255
v -0.0635 0.1527 0.0000
v -0.0615 0.1524 0.0003
v -0.0601 0.1524 0.0002
v 0.0173 0.1100 -0.0166
v -0.0577 0.1244 -0.0074
v 0.0350 0.0874 -0.0175
v 0.0314 0.1124 -0.0072
v -0.0330 0.0354 -0.0310
v -0.0677 0.1812 -0.0580
v -0.0345 0.1190 -0.0114
v -0.0121 0.1777 -0.0291
v -0.0109 0.1785 -0.0298
v -0.0490 0.0972 -0.0222
v 0.0090 0.1161 -0.0168
v 0.0135 0.1128 -0.0175
v -0.0316 0.0422 -0.0297
v -0.0296 0.0422 -0.0296
v 0.0232 0.1076 -0.0154
v -0.0350 0.0417 -0.0294
v -0.0221 0.1139 -0.0173
v -0.0633 0.1520 -0.0012
v -0.0623 0.1516 -0.0008
v -0.0616 0.1513 -0.0005
v -0.0605 0.1512 -0.0004
v -0.0587 0.1507 -0.0008
v 0.0069 0.1015 -0.0213
v 0.0178 0.1019 -0.0219
v 0.0148 0.1051 -0.0193
v 0.0121 0.1262 -0.0048
v -0.0120 0.0882 -0.0378
v 0.0122 0.0990 -0.0229
v -0.0104 0.0881 -0.0371
v 0.0029 0.1177 -0.0168
v -0.0062 0.1013 -0.0234
v 0.0302 0.1115 -0.0093
v 0.0016 0.0988 -0.0247
v -0.0054 0.1096 -0.0222
v 0.0039 0.0986 -0.0242
v -0.0381 0.0483 -0.0132
v -0.0397 0.0482 -0.0127
v -0.0418 0.0474 -0.0122
v 0.0302 0.1051 -0.0139
v -0.0101 0.1147 -0.0170
v 0.0076 0.0982 -0.0237
v 0.0208 0.1064 -0.0167
v -0.0632 0.1512 -0.0024
v -0.0624 0.1506 -0.0017
v -0.0616 0.1502 -0.0012
v -0.0600 0.1488 -0.0014
v -0.0589 0.1487 -0.0015
v -0.0572 0.1502 -0.0015
v 0.0220 0.1093 -0.0150
v -0.0140 0.0927 -0.0357
v 0.0047 0.1016 -0.0217
v 0.0081 0.1014 -0.0212
v 0.0198 0.1014 -0.0215
v 0.0232 0.1005 -0.0203
v -0.0607 0.0680 0.0358
v -0.0148 0.1245 -0.0055
v 0.0091 0.0980 -0.0237
v -0.0161 0.0947 -0.0331
v 0.0110 0.0978 -0.0235
v 0.0120 0.0976 -0.0234
v -0.0106 0.0362 -0.0255
v 0.0132 0.0975 -0.0233
v -0.0624 0.1496 -0.0027
v -0.0609 0.1481 -0.0025
v -0.0572 0.1486 -0.0017
v -0.0129 0.1035 -0.0237
v -0.0058 0.1032 -0.0233
v 0.0032 0.1021 -0.0221
v -0.0367 0.0437 -0.0271
v -0.0351 0.0431 -0.0286
v 0.0157 0.0973 -0.0232
v -0.0000 0.0975 -0.0284
v -0.0133 0.1020 -0.0240
v -0.0559 0.0421 -0.0087
v -0.0601 0.0347 -0.0099
v -0.0065 0.1156 -0.0167
v -0.0484 0.1156 -0.0155
v -0.0616 0.1482 -0.0031
v -0.0599 0.1474 -0.0022
v -0.0589 0.1472 -0.0020
v -0.0580 0.1471 -0.0019
v 0.0516 0.0618 -0.0033
v -0.0612 0.1736 -0.0615
v 0.0088 0.1010 -0.0216
v -0.0602 0.0407 -0.0080
v 0.0033 0.1051 -0.0215
v -0.0196 0.0967 -0.0267
v -0.0329 0.1224 -0.0068
v -0.0131 0.0875 -0.0384
v -0.0060 0.0988 -0.0269
v -0.0070 0.0978 -0.0292
v 0.0256 0.0952 -0.0208
v -0.0601 0.0423 -0.0070
v 0.0136 0.1041 -0.0201
v -0.0479 0.1199 -0.0135
v 0.0173 0.1195 -0.0110
v -0.0394 0.0369 -0.0288
v -0.0007 0.0984 -0.0273
v -0.0617 0.1471 -0.0040
v -0.0601 0.1459 -0.0029
v -0.0592 0.1457 -0.0023
v 0.0187 0.1085 -0.0167
v -0.0327 0.0446 -0.0281
v 0.0239 0.0603 -0.0251
v 0.0227 0.0606 -0.0257
v -0.0274 0.0940 -0.0257
v -0.0261 0.0945 -0.0262
v -0.0224 0.0957 -0.0276
v -0.0613 0.1717 -0.0618
v 0.0199 0.1003 -0.0220
v -0.0180 0.0976 -0.0255
v 0.0082 0.0937 -0.0300
v 0.0028 0.1131 -0.0200
v 0.0097 0.1208 -0.0136
v -0.0508 0.0396 -0.0114
v -0.0280 0.1117 -0.0177
v -0.0611 0.1152 -0.0130
v 0.0441 0.0591 -0.0047
v -0.0595 0.1441 -0.0027
v -0.0148 0.1077 -0.0211
v -0.0088 0.0978 -0.0291
v -0.0319 0.1100 -0.0184
v -0.0087 0.1119 -0.0205
v -0.0550 0.0442 -0.0076
v -0.0314 0.0351 -0.0306
v 0.0079 0.1000 -0.0219
v -0.0248 0.0364 -0.0291
v -0.0221 0.0916 -0.0353
v -0.0632 0.0415 -0.0064
v 0.0116 0.0356 -0.0216
v 0.0233 0.0990 -0.0208
v -0.0355 0.1200 -0.0108
v -0.0686 0.1801 -0.0586
v -0.0357 0.0460 -0.0253
v -0.0594 0.1429 -0.0032
v -0.0569 0.1422 -0.0026
v -0.0559 0.1423 -0.0021
v 0.0346 0.1052 -0.0101
v 0.0158 0.1002 -0.0225
v 0.0458 0.0724 0.0033
v 0.0164 0.1242 -0.0053
v 0.0543 0.0601 -0.0021
v 0.0466 0.0715 0.0043
v 0.0473 0.0712 0.0046
v -0.0043 0.0930 -0.0346
v -0.0163 0.0925 -0.0355
v -0.0590 0.1220 -0.0088
v -0.0379 0.0359 -0.0297
v 0.0484 0.0710 0.0047
v 0.0286 0.1056 -0.0145
v 0.0508 0.0709 0.0041
v -0.0098 0.0986 -0.0271
v 0.0175 0.1208 -0.0089
v -0.0604 0.1421 -0.0044
v -0.0579 0.1407 -0.0043
v -0.0563 0.1407 -0.0032
v -0.0549 0.1402 -0.0022
v -0.0281 0.1154 -0.0151
v -0.0379 0.1218 -0.0108
v -0.0112 0.0868 -0.0383
v -0.0103 0.0864 -0.0380
v 0.0154 0.1218 -0.0096
v -0.0353 0.0467 -0.0242
v 0.0281 0.0785 -0.0225
v 0.0255 0.0833 -0.0243
v 0.0537 0.0644 -0.0005
v 0.0545 0.0627 -0.0007
v -0.0129 0.0909 -0.0367
v -0.0138 0.0911 -0.0367
v 0.0156 0.0859 -0.0294
v 0.0170 0.0855 -0.0288
v -0.0436 0.1260 -0.0073
v 0.0544 0.0614 -0.0016
v -0.0607 0.1406 -0.0055
v -0.0561 0.1396 -0.0037
v -0.0537 0.1381 -0.0014
v -0.0536 0.1366 -0.0021
v -0.0243 0.1000 -0.0240
v -0.0473 0.1310 0.0022
v -0.0468 0.1318 0.0047
v 0.0511 0.0591 -0.0042
v 0.0496 0.0599 -0.0045
v -0.0085 0.0856 -0.0378
v -0.0272 0.0377 -0.0294
v 0.0439 0.0624 -0.0025
v 0.0464 0.0606 -0.0042
v 0.0480 0.0605 -0.0043
v 0.0090 0.0909 -0.0312
v -0.0219 0.1002 -0.0242
v 0.0422 0.0643 -0.0025
v 0.0430 0.0638 -0.0019
v -0.0525 0.0386 -0.0115
v -0.0056 0.0975 -0.0293
v -0.0244 0.0884 -0.0363
v -0.0226 0.0902 -0.0360
v -0.0555 0.0345 -0.0117
v -0.0286 0.1101 -0.0186
v -0.0589 0.1393 -0.0055
v -0.0560 0.1379 -0.0040
v -0.0548 0.1368 -0.0027
v -0.0498 0.1321 -0.0011
v -0.0487 0.1323 0.0011
v 0.0419 0.0596 -0.0041
v -0.0543 0.0385 -0.0110
v 0.0402 0.0592 -0.0044
v 0.0428 0.0612 -0.0033
v -0.0508 0.0354 -0.0126
v -0.0010 0.0949 -0.0326
v 0.0020 0.0944 -0.0320
v 0.0055 0.0938 -0.0315
v 0.0098 0.0926 -0.0300
v -0.0223 0.0926 -0.0343
v 0.0394 0.0586 -0.0049
v -0.0356 0.1160 -0.0148
v -0.0608 0.1383 -0.0065
v -0.0558 0.1358 -0.0040
v -0.0555 0.1349 -0.0041
v -0.0524 0.1340 -0.0029
v -0.0510 0.1337 -0.0015
v -0.0463 0.1299 0.0029
v 0.0210 0.0849 -0.0265
v -0.0310 0.1129 -0.0175
v -0.0228 0.0969 -0.0247
v -0.0212 0.0970 -0.0249
v -0.0193 0.0974 -0.0252
v -0.0170 0.0978 -0.0256
v -0.0356 0.0352 -0.0311
v -0.0117 0.0910 -0.0365
v 0.0464 0.0590 -0.0050
v -0.0427 0.0358 -0.0276
v -0.0048 0.0990 -0.0268
v -0.0589 0.0351 -0.0103
v -0.0028 0.0988 -0.0267
v -0.0535 0.1333 -0.0042
v -0.0490 0.1307 -0.0005
v -0.0478 0.1301 0.0006
v -0.0470 0.1296 0.0012
v -0.0461 0.1292 0.0016
v 0.0010 0.0983 -0.0264
v 0.0229 0.0845 -0.0257
v 0.0187 0.0864 -0.0273
v 0.0409 0.0614 -0.0037
v 0.0103 0.1003 -0.0224
v -0.0169 0.1001 -0.0241
v 0.0038 0.1297 -0.0008
v 0.0081 0.0973 -0.0250
v 0.0097 0.0971 -0.0248
v 0.0443 0.0673 0.0006
v -0.0370 0.0347 -0.0306
v 0.0474 0.0582 -0.0053
v -0.0159 0.0999 -0.0238
v -0.0700 0.1806 -0.0575
v -0.0688 0.1810 -0.0580
v 0.0135 0.0965 -0.0240
v -0.0515 0.0369 -0.0119
v -0.0529 0.0367 -0.0119
v 0.0203 0.1234 -0.0030
v -0.0568 0.1337 -0.0054
v -0.0526 0.1316 -0.0041
v -0.0486 0.1297 -0.0009
v -0.0478 0.1292 -0.0004
v -0.0468 0.1289 -0.0001
v -0.0460 0.1286 -0.0001
v -0.0150 0.0998 -0.0237
v -0.0139 0.0998 -0.0237
v 0.0167 0.0872 -0.0286
v 0.0143 0.0882 -0.0300
v -0.0160 0.1269 0.0004
v -0.0119 0.1274 -0.0019
v -0.0012 0.1293 -0.0011
v 0.0077 0.1284 -0.0030
v -0.0187 0.1076 -0.0221
v 0.0148 0.0909 -0.0283
v 0.0110 0.0989 -0.0227
v -0.0178 0.0911 -0.0366
v 0.0044 0.1116 -0.0203
v -0.0119 0.1001 -0.0241
v -0.0347 0.1217 -0.0087
v -0.0546 0.1243 -0.0072
v -0.0561 0.1314 -0.0058
v -0.0537 0.1314 -0.0048
v -0.0511 0.1299 -0.0032
v -0.0503 0.1294 -0.0027
v -0.0487 0.1287 -0.0019
v -0.0475 0.1286 -0.0018
v -0.0460 0.1275 -0.0043
v 0.0144 0.1020 -0.0221
v 0.0343 0.0898 -0.0173
v -0.0181 0.1254 -0.0022
v -0.0065 0.1278 -0.0041
v -0.0005 0.1280 -0.0035
v 0.0009 0.1271 -0.0050
v 0.0160 0.1268 -0.0010
v 0.0304 0.0461 -0.0065
v -0.0411 0.0364 -0.0278
v 0.0107 0.0362 -0.0226
v -0.0653 0.1796 -0.0603
v -0.0643 0.1795 -0.0601
v -0.0496 0.0371 -0.0120
v 0.0445 0.0687 0.0012
v -0.0541 0.1281 -0.0053
v -0.0531 0.1278 -0.0049
v -0.0521 0.1289 -0.0041
v -0.0507 0.1284 -0.0035
v -0.0493 0.1281 -0.0033
v -0.0474 0.1280 -0.0032
v -0.0432 0.1272 -0.0044
v -0.0543 0.0348 -0.0120
v -0.0101 0.1003 -0.0242
v 0.0456 0.0709 0.0029
v 0.0464 0.0703 0.0035
v -0.0161 0.1252 -0.0035
v 0.0058 0.1281 -0.0040
v 0.0089 0.1269 -0.0054
v 0.0490 0.0702 0.0036
v 0.0554 0.0636 0.0005
v -0.0531 0.0351 -0.0122
v -0.0634 0.1782 -0.0607
v -0.0111 0.1123 -0.0190
v -0.0523 0.1276 -0.0048
v -0.0513 0.1275 -0.0047
v -0.0500 0.1274 -0.0046
v -0.0459 0.1269 -0.0058
v -0.0469 0.0405 -0.0121
v -0.0116 0.1262 -0.0050
v -0.0070 0.1269 -0.0062
v 0.0162 0.1254 -0.0030
v 0.0573 0.0693 0.0048
v -0.0074 0.1003 -0.0241
v -0.0626 0.1768 -0.0612
v -0.0567 0.0341 -0.0113
v -0.0286 0.0477 -0.0254
v -0.0544 0.1266 -0.0057
v -0.0534 0.1265 -0.0057
v -0.0524 0.1265 -0.0056
v -0.0513 0.1265 -0.0056
v -0.0445 0.1267 -0.0058
v 0.0074 0.0347 -0.0216
v 0.0033 0.0348 -0.0229
v 0.0014 0.0348 -0.0234
v 0.0004 0.0348 -0.0233
v -0.0008 0.0347 -0.0237
v -0.0026 0.0349 -0.0237
v -0.0036 0.0347 -0.0240
v -0.0053 0.0347 -0.0241
v -0.0073 0.0347 -0.0244
v -0.0136 0.0348 -0.0256
v -0.0156 0.0348 -0.0260
v -0.0476 0.1006 -0.0217
v -0.0260 0.0350 -0.0290
v 0.0143 0.0360 -0.0203
v 0.0127 0.0360 -0.0215
v 0.0054 0.0361 -0.0236
v 0.0024 0.0362 -0.0242
v 0.0004 0.0362 -0.0245
v -0.0023 0.0363 -0.0247
v -0.0055 0.0363 -0.0250
v -0.0524 0.0970 -0.0222
v -0.0126 0.0363 -0.0259
v -0.0146 0.0363 -0.0264
v -0.0509 0.0999 -0.0220
v -0.0536 0.0987 -0.0219
v -0.0195 0.0367 -0.0279
v -0.0126 0.1704 -0.0249
v -0.0556 0.0978 -0.0211
v -0.0215 0.1723 -0.0211
v -0.0266 0.1712 -0.0189
v -0.0569 0.0984 -0.0204
v -0.0579 0.0971 -0.0206
v -0.0589 0.0970 -0.0202
v -0.0599 0.0983 -0.0189
v -0.0635 0.0342 -0.0079
v -0.0656 0.0340 -0.0073
v -0.0676 0.0338 -0.0058
v -0.0609 0.0982 -0.0185
v 0.0144 0.0374 -0.0213
v 0.0132 0.0374 -0.0221
v 0.0114 0.0375 -0.0227
v 0.0101 0.0375 -0.0231
v 0.0073 0.0375 -0.0236
v 0.0033 0.0375 -0.0245
v -0.0026 0.0378 -0.0252
v -0.0061 0.0392 -0.0257
v -0.0125 0.0389 -0.0264
v -0.0625 0.0981 -0.0178
v -0.0227 0.0379 -0.0287
v 0.0024 0.1117 -0.0203
v -0.0779 0.1222 -0.0066
v -0.0644 0.0982 -0.0172
v -0.0665 0.0982 -0.0164
v 0.0063 0.1102 -0.0202
v -0.0539 0.0970 -0.0219
v -0.0746 0.0975 -0.0136
v -0.0156 0.1739 -0.0250
v -0.0246 0.1732 -0.0200
v -0.0437 0.1591 -0.0097
v -0.0476 0.0362 -0.0123
v -0.0486 0.0362 -0.0125
v -0.0237 0.1781 -0.0202
v -0.0514 0.1099 -0.0186
v -0.0645 0.0356 -0.0079
v -0.0655 0.0356 -0.0075
v -0.0666 0.0355 -0.0070
v -0.0675 0.0355 -0.0065
v -0.0686 0.0354 -0.0056
v -0.0695 0.0352 -0.0042
v 0.0245 0.0367 -0.0009
v 0.0235 0.0368 -0.0017
v 0.0225 0.0368 -0.0022
v -0.0202 0.1656 -0.0179
v -0.0704 0.1244 -0.0088
v 0.0144 0.0388 -0.0218
v 0.0130 0.0389 -0.0224
v 0.0109 0.0390 -0.0230
v 0.0088 0.0391 -0.0233
v 0.0042 0.0387 -0.0243
v 0.0013 0.0391 -0.0248
v -0.0026 0.0390 -0.0253
v -0.0118 0.0407 -0.0264
v -0.0204 0.0409 -0.0287
v -0.0240 0.0408 -0.0291
v -0.0544 0.1536 -0.0025
v -0.0784 0.0693 0.0141
v -0.0715 0.1149 -0.0080
v -0.0485 0.0376 -0.0123
v -0.0650 0.0373 -0.0074
v -0.0671 0.0372 -0.0065
v -0.0682 0.0370 -0.0057
v -0.0695 0.0367 -0.0041
v -0.0707 0.0363 -0.0012
v -0.0715 0.0362 -0.0001
v 0.0334 0.0381 0.0006
v 0.0327 0.0382 -0.0002
v 0.0310 0.0384 -0.0013
v 0.0283 0.0381 -0.0016
v 0.0255 0.0384 -0.0030
v 0.0245 0.0384 -0.0030
v -0.0151 0.1674 -0.0209
v -0.0230 0.1670 -0.0183
v 0.0133 0.0403 -0.0229
v 0.0109 0.0406 -0.0233
v 0.0087 0.0404 -0.0234
v 0.0071 0.0404 -0.0236
v 0.0047 0.0405 -0.0240
v 0.0034 0.0405 -0.0241
v 0.0022 0.0408 -0.0244
v -0.0018 0.0405 -0.0252
v -0.0058 0.0407 -0.0258
v -0.0328 0.0409 -0.0301
v -0.0654 0.1400 -0.0077
v -0.0476 0.0391 -0.0121
v -0.0528 0.0404 -0.0108
v -0.0585 0.0400 -0.0088
v -0.0684 0.0381 -0.0046
v -0.0696 0.0378 -0.0015
v -0.0706 0.0378 -0.0008
v -0.0715 0.0376 0.0003
v -0.0580 0.1068 -0.0180
v 0.0359 0.0396 -0.0009
v 0.0334 0.0399 -0.0023
v 0.0320 0.0400 -0.0026
v 0.0279 0.0399 -0.0035
v 0.0255 0.0400 -0.0045
v -0.0178 0.1666 -0.0192
v 0.0157 0.0429 -0.0234
v 0.0132 0.0432 -0.0243
v 0.0087 0.0418 -0.0239
v 0.0071 0.0418 -0.0238
v 0.0047 0.0420 -0.0241
v 0.0034 0.0419 -0.0241
v 0.0011 0.0419 -0.0245
v -0.0006 0.0420 -0.0249
v -0.0026 0.0420 -0.0252
v -0.0062 0.0420 -0.0257
v -0.0104 0.0421 -0.0261
v -0.0122 0.0435 -0.0263
v -0.0163 0.0436 -0.0274
v -0.0204 0.0426 -0.0286
v -0.0246 0.0422 -0.0290
v 0.0182 0.1004 -0.0224
v -0.0742 0.1340 -0.0075
v -0.0149 0.0364 0.0513
v -0.0148 0.1619 -0.0144
v -0.0506 0.0418 -0.0108
v -0.0651 0.0398 -0.0065
v -0.0674 0.0396 -0.0049
v -0.0687 0.0394 -0.0017
v -0.0608 0.1070 -0.0171
v 0.0368 0.0414 -0.0027
v 0.0340 0.0413 -0.0033
v 0.0291 0.0426 -0.0052
v 0.0267 0.0414 -0.0050
v -0.0621 0.0359 0.0205
v 0.0181 0.0433 -0.0225
v 0.0108 0.0435 -0.0248
v 0.0088 0.0433 -0.0246
v 0.0067 0.0444 -0.0250
v 0.0047 0.0434 -0.0247
v 0.0025 0.0434 -0.0249
v 0.0009 0.0434 -0.0249
v -0.0012 0.0434 -0.0251
v -0.0030 0.0435 -0.0256
v -0.0057 0.0434 -0.0260
v -0.0091 0.0435 -0.0262
v -0.0144 0.0435 -0.0269
v -0.0176 0.0436 -0.0277
v -0.0186 0.0436 -0.0279
v -0.0231 0.0436 -0.0286
v -0.0251 0.0442 -0.0285
v -0.0650 0.1069 -0.0145
v 0.0043 0.1102 -0.0203
v -0.0744 0.1109 -0.0080
v -0.0391 0.1577 -0.0110
v -0.0677 0.0409 -0.0017
v -0.0315 0.1582 -0.0122
v -0.0609 0.0968 -0.0186
v 0.0423 0.0436 -0.0009
v 0.0401 0.0441 -0.0035
v 0.0385 0.0438 -0.0041
v 0.0359 0.0435 -0.0044
v 0.0351 0.0447 -0.0053
v 0.0330 0.0445 -0.0055
v 0.0282 0.0442 -0.0061
v 0.0268 0.0435 -0.0061
v -0.0649 0.0354 0.0258
v 0.0178 0.0450 -0.0231
v 0.0139 0.0447 -0.0247
v 0.0111 0.0449 -0.0252
v 0.0093 0.0452 -0.0252
v 0.0060 0.0457 -0.0260
v 0.0042 0.0451 -0.0260
v -0.0005 0.0448 -0.0263
v -0.0019 0.0452 -0.0274
v -0.0039 0.0452 -0.0281
v -0.0057 0.0452 -0.0285
v -0.0081 0.0452 -0.0287
v -0.0099 0.0451 -0.0282
v -0.0131 0.0453 -0.0282
v -0.0146 0.0450 -0.0280
v -0.0156 0.0450 -0.0280
v -0.0166 0.0450 -0.0278
v -0.0176 0.0450 -0.0278
v -0.0186 0.0450 -0.0277
v -0.0196 0.0450 -0.0277
v -0.0217 0.0451 -0.0280
v -0.0258 0.0451 -0.0281
v -0.0290 0.1607 -0.0140
v -0.0344 0.0368 0.0485
v -0.0476 0.0437 -0.0108
v -0.0496 0.0458 -0.0094
v -0.0510 0.0446 -0.0092
v -0.0282 0.1000 -0.0235
v -0.0481 0.1579 -0.0070
v -0.0305 0.0987 -0.0231
v -0.0305 0.1031 -0.0226
v -0.0327 0.1028 -0.0221
v -0.0235 0.1757 -0.0206
v 0.0413 0.0445 -0.0029
v 0.0304 0.0446 -0.0060
v -0.0399 0.1000 -0.0217
v -0.0619 0.0968 -0.0181
v 0.0193 0.0461 -0.0219
v 0.0155 0.0476 -0.0245
v 0.0139 0.0464 -0.0249
v 0.0124 0.0463 -0.0252
v 0.0104 0.0462 -0.0254
v 0.0075 0.0463 -0.0259
v 0.0044 0.0465 -0.0276
v 0.0031 0.0466 -0.0282
v -0.0004 0.0467 -0.0288
v -0.0021 0.0466 -0.0290
v -0.0040 0.0467 -0.0296
v -0.0067 0.0467 -0.0297
v -0.0077 0.0467 -0.0300
v -0.0097 0.0466 -0.0296
v -0.0132 0.0467 -0.0296
v -0.0150 0.0466 -0.0293
v -0.0180 0.0463 -0.0285
v -0.0196 0.0465 -0.0281
v -0.0206 0.0465 -0.0279
v -0.0216 0.0465 -0.0277
v -0.0228 0.0465 -0.0275
v -0.0246 0.0464 -0.0273
v -0.0256 0.0464 -0.0271
v -0.0269 0.0462 -0.0272
v -0.0411 0.1012 -0.0213
v -0.0381 0.1607 -0.0128
v -0.0544 0.0360 0.0466
v -0.0114 0.1737 -0.0279
v -0.0442 0.0457 -0.0111
v -0.0527 0.0445 -0.0084
v -0.0206 0.1756 -0.0224
v -0.0371 0.1637 -0.0138
v 0.0455 0.0456 -0.0016
v 0.0434 0.0459 -0.0033
v 0.0424 0.0460 -0.0039
v 0.0411 0.0458 -0.0041
v 0.0379 0.0460 -0.0054
v 0.0359 0.0462 -0.0060
v 0.0337 0.0461 -0.0060
v 0.0317 0.0461 -0.0062
v -0.0544 0.1005 -0.0211
v 0.0294 0.0461 -0.0067
v 0.0278 0.0456 -0.0072
v -0.0557 0.1006 -0.0203
v -0.0571 0.1004 -0.0195
v 0.0214 0.0474 -0.0206
v 0.0204 0.0475 -0.0213
v 0.0194 0.0475 -0.0220
v 0.0183 0.0476 -0.0227
v 0.0174 0.0477 -0.0235
v 0.0144 0.0478 -0.0253
v 0.0134 0.0478 -0.0259
v 0.0124 0.0479 -0.0264
v 0.0107 0.0480 -0.0270
v 0.0075 0.0478 -0.0272
v 0.0064 0.0480 -0.0277
v 0.0054 0.0481 -0.0284
v 0.0034 0.0481 -0.0292
v -0.0002 0.0482 -0.0301
v -0.0023 0.0482 -0.0301
v -0.0044 0.0483 -0.0303
v -0.0066 0.0482 -0.0304
v -0.0075 0.0495 -0.0308
v -0.0103 0.0494 -0.0310
v -0.0146 0.0494 -0.0311
v -0.0192 0.0483 -0.0293
v -0.0212 0.0478 -0.0283
v -0.0230 0.0483 -0.0276
v -0.0236 0.0478 -0.0272
v -0.0247 0.0478 -0.0268
v -0.0256 0.0477 -0.0264
v -0.0266 0.0477 -0.0259
v -0.0276 0.0476 -0.0257
v -0.0589 0.0997 -0.0190
v -0.0420 0.1606 -0.0108
v -0.0787 0.1104 0.0443
v -0.0637 0.0968 -0.0178
v -0.0607 0.0997 -0.0186
v -0.0466 0.0461 -0.0102
v -0.0470 0.0477 -0.0097
v -0.0527 0.0459 -0.0077
v -0.0628 0.1010 -0.0182
v -0.0540 0.1414 -0.0013
v -0.0550 0.1413 -0.0020
v -0.0458 0.1577 -0.0084
v -0.0436 0.1577 -0.0094
v -0.0335 0.1647 -0.0152
v -0.0361 0.1637 -0.0141
v -0.0648 0.1011 -0.0173
v 0.0444 0.0475 -0.0045
v 0.0431 0.0474 -0.0048
v 0.0399 0.0489 -0.0062
v 0.0378 0.0482 -0.0062
v 0.0334 0.0482 -0.0063
v 0.0324 0.0476 -0.0062
v 0.0313 0.0477 -0.0068
v -0.0667 0.1006 -0.0161
v 0.0239 0.0489 -0.0209
v 0.0206 0.0490 -0.0227
v 0.0189 0.0490 -0.0233
v 0.0174 0.0492 -0.0241
v 0.0164 0.0492 -0.0248
v 0.0154 0.0493 -0.0259
v 0.0140 0.0494 -0.0269
v 0.0098 0.0496 -0.0283
v 0.0075 0.0494 -0.0282
v 0.0064 0.0495 -0.0284
v 0.0054 0.0495 -0.0287
v 0.0043 0.0496 -0.0293
v 0.0032 0.0496 -0.0299
v 0.0000 0.0496 -0.0307
v -0.0026 0.0498 -0.0308
v -0.0050 0.0497 -0.0308
v -0.0121 0.0507 -0.0316
v -0.0202 0.0504 -0.0299
v -0.0221 0.0501 -0.0288
v -0.0254 0.0492 -0.0264
v -0.0266 0.0491 -0.0254
v -0.0276 0.0488 -0.0246
v -0.0286 0.0489 -0.0239
v -0.0764 0.1209 -0.0073
v -0.0663 0.1610 -0.0575
v -0.0826 0.1101 0.0384
v -0.0573 0.0602 -0.0022
v -0.0704 0.1010 -0.0144
v -0.0435 0.0486 -0.0109
v -0.0453 0.0481 -0.0103
v -0.0481 0.0500 -0.0091
v -0.0502 0.0475 -0.0087
v -0.0404 0.1574 -0.0105
v -0.0731 0.1093 0.0399
v -0.0682 0.1185 -0.0087
v -0.0743 0.0993 -0.0130
v 0.0464 0.0491 -0.0045
v 0.0451 0.0489 -0.0050
v 0.0434 0.0490 -0.0056
v 0.0416 0.0493 -0.0062
v 0.0367 0.0506 -0.0066
v 0.0348 0.0488 -0.0065
v 0.0324 0.0491 -0.0067
v 0.0235 0.0504 -0.0224
v 0.0220 0.0506 -0.0234
v 0.0204 0.0506 -0.0244
v 0.0176 0.0500 -0.0249
v 0.0164 0.0508 -0.0259
v 0.0152 0.0509 -0.0268
v 0.0147 0.0524 -0.0274
v 0.0096 0.0509 -0.0288
v 0.0079 0.0518 -0.0295
v 0.0064 0.0510 -0.0292
v 0.0053 0.0510 -0.0292
v 0.0044 0.0510 -0.0294
v 0.0033 0.0511 -0.0298
v 0.0017 0.0510 -0.0304
v -0.0007 0.0511 -0.0308
v -0.0028 0.0521 -0.0313
v -0.0038 0.0510 -0.0312
v -0.0056 0.0512 -0.0315
v -0.0079 0.0515 -0.0321
v -0.0107 0.0511 -0.0321
v -0.0156 0.0519 -0.0322
v -0.0266 0.0506 -0.0257
v -0.0298 0.1696 -0.0173
v -0.0356 0.0493 -0.0125
v -0.0366 0.0493 -0.0124
v -0.0376 0.0493 -0.0119
v -0.0386 0.0492 -0.0116
v -0.0396 0.0492 -0.0115
v -0.0533 0.0488 -0.0065
v -0.0223 0.1742 -0.0211
v -0.0256 0.1749 -0.0194
v -0.0668 0.1777 -0.0598
v 0.0446 0.0519 -0.0062
v 0.0426 0.0507 -0.0067
v 0.0397 0.0505 -0.0067
v 0.0349 0.0514 -0.0068
v 0.0344 0.0505 -0.0066
v 0.0334 0.0506 -0.0069
v 0.0247 0.0520 -0.0221
v 0.0234 0.0521 -0.0232
v 0.0210 0.0519 -0.0253
v 0.0178 0.0523 -0.0268
v 0.0164 0.0522 -0.0269
v 0.0065 0.0533 -0.0302
v 0.0053 0.0525 -0.0297
v 0.0043 0.0528 -0.0298
v 0.0030 0.0525 -0.0300
v 0.0007 0.0526 -0.0304
v -0.0046 0.0536 -0.0323
v -0.0060 0.0526 -0.0323
v -0.0083 0.0527 -0.0330
v -0.0104 0.0527 -0.0333
v -0.0117 0.0527 -0.0332
v -0.0135 0.0526 -0.0325
v -0.0190 0.0534 -0.0317
v -0.0790 0.0710 0.0194
v -0.0672 0.1581 -0.0550
v -0.0326 0.0507 -0.0115
v -0.0336 0.0506 -0.0108
v -0.0346 0.0506 -0.0108
v -0.0356 0.0506 -0.0109
v -0.0366 0.0506 -0.0108
v -0.0376 0.0506 -0.0109
v -0.0389 0.0506 -0.0110
v -0.0408 0.0508 -0.0111
v -0.0439 0.0506 -0.0108
v -0.0458 0.0522 -0.0102
v -0.0502 0.0513 -0.0083
v -0.0377 0.1590 -0.0120
v -0.0216 0.1630 -0.0157
v -0.0649 0.1160 -0.0104
v -0.0673 0.0967 -0.0166
v 0.0488 0.0524 -0.0044
v 0.0436 0.0527 -0.0067
v 0.0419 0.0521 -0.0069
v 0.0375 0.0519 -0.0067
v 0.0344 0.0520 -0.0069
v 0.0223 0.0536 -0.0254
v 0.0212 0.0536 -0.0262
v 0.0191 0.0537 -0.0273
v 0.0171 0.0538 -0.0279
v 0.0149 0.0537 -0.0280
v 0.0134 0.0553 -0.0292
v 0.0122 0.0545 -0.0294
v 0.0097 0.0538 -0.0300
v 0.0077 0.0540 -0.0304
v 0.0053 0.0550 -0.0305
v 0.0041 0.0549 -0.0305
v 0.0023 0.0539 -0.0306
v 0.0006 0.0539 -0.0306
v -0.0009 0.0541 -0.0311
v -0.0034 0.0545 -0.0323
v -0.0059 0.0545 -0.0327
v -0.0084 0.0545 -0.0335
v -0.0098 0.0542 -0.0337
v -0.0133 0.0553 -0.0339
v -0.0158 0.0552 -0.0338
v -0.0214 0.0541 -0.0307
v -0.0217 0.0355 0.0525
v -0.0326 0.0520 -0.0108
v -0.0337 0.0520 -0.0102
v -0.0365 0.0520 -0.0105
v -0.0400 0.0520 -0.0109
v -0.0426 0.0520 -0.0109
v -0.0438 0.0532 -0.0110
v -0.0471 0.0519 -0.0095
v -0.0492 0.0519 -0.0088
v -0.0671 0.1595 -0.0562
v 0.0492 0.0548 -0.0049
v 0.0457 0.0537 -0.0061
v 0.0421 0.0540 -0.0068
v 0.0386 0.0532 -0.0066
v 0.0373 0.0534 -0.0064
v 0.0363 0.0534 -0.0066
v 0.0353 0.0534 -0.0070
v -0.0642 0.1653 -0.0600
v -0.0562 0.0358 0.0464
v -0.0495 0.1474 -0.0026
v 0.0223 0.0551 -0.0261
v 0.0200 0.0551 -0.0274
v 0.0176 0.0552 -0.0282
v 0.0143 0.0552 -0.0288
v 0.0102 0.0551 -0.0301
v 0.0080 0.0559 -0.0307
v 0.0063 0.0554 -0.0307
v 0.0023 0.0554 -0.0314
v 0.0013 0.0554 -0.0315
v -0.0011 0.0566 -0.0322
v -0.0038 0.0574 -0.0331
v -0.0115 0.0567 -0.0341
v -0.0326 0.0534 -0.0105
v -0.0338 0.0534 -0.0102
v -0.0356 0.0534 -0.0103
v -0.0366 0.0534 -0.0105
v -0.0378 0.0542 -0.0107
v -0.0407 0.0534 -0.0110
v -0.0426 0.0540 -0.0113
v -0.0474 0.0545 -0.0103
v -0.0489 0.0543 -0.0098
v -0.0507 0.0532 -0.0083
v -0.0632 0.1653 -0.0602
v -0.0419 0.1591 -0.0104
v -0.0175 0.0366 0.0523
v 0.0453 0.0556 -0.0061
v 0.0398 0.0546 -0.0064
v 0.0384 0.0547 -0.0061
v 0.0373 0.0548 -0.0062
v 0.0364 0.0548 -0.0067
v -0.0127 0.0349 -0.0257
v -0.0704 0.1517 -0.0452
v -0.0083 0.0349 -0.0246
v 0.0186 0.0568 -0.0279
v 0.0166 0.0569 -0.0286
v 0.0139 0.0570 -0.0291
v 0.0120 0.0570 -0.0297
v 0.0052 0.0582 -0.0308
v 0.0053 0.0568 -0.0307
v 0.0043 0.0568 -0.0310
v 0.0033 0.0578 -0.0320
v 0.0021 0.0571 -0.0322
v 0.0004 0.0570 -0.0322
v -0.0057 0.0569 -0.0332
v -0.0067 0.0569 -0.0332
v -0.0077 0.0570 -0.0334
v -0.0092 0.0571 -0.0338
v -0.0131 0.0573 -0.0346
v -0.0141 0.0587 -0.0355
v -0.0166 0.0590 -0.0355
v -0.0326 0.0549 -0.0113
v -0.0336 0.0548 -0.0105
v -0.0346 0.0548 -0.0104
v -0.0356 0.0548 -0.0105
v -0.0367 0.0557 -0.0109
v -0.0377 0.0571 -0.0111
v -0.0416 0.0549 -0.0114
v -0.0454 0.0555 -0.0110
v -0.0525 0.0557 -0.0076
v 0.0101 0.1016 -0.0217
v -0.0401 0.1592 -0.0112
v -0.0187 0.0361 0.0525
v -0.0569 0.1464 -0.0017
v 0.0497 0.0564 -0.0050
v 0.0473 0.0562 -0.0057
v 0.0440 0.0564 -0.0059
v 0.0423 0.0564 -0.0059
v 0.0394 0.0562 -0.0057
v 0.0381 0.0562 -0.0057
v -0.0639 0.0696 0.0361
v 0.0238 0.0583 -0.0253
v 0.0222 0.0579 -0.0263
v 0.0130 0.0594 -0.0291
v 0.0102 0.0595 -0.0299
v 0.0065 0.0595 -0.0306
v 0.0019 0.0601 -0.0330
v -0.0006 0.0611 -0.0338
v -0.0056 0.0603 -0.0349
v -0.0067 0.0584 -0.0339
v -0.0077 0.0584 -0.0338
v -0.0092 0.0587 -0.0341
v -0.0101 0.0601 -0.0347
v -0.0198 0.0602 -0.0347
v -0.0530 0.1442 -0.0007
v -0.0756 0.1114 0.0463
v -0.0326 0.0564 -0.0114
v -0.0336 0.0563 -0.0108
v -0.0346 0.0563 -0.0108
v -0.0356 0.0563 -0.0106
v -0.0387 0.0583 -0.0112
v -0.0414 0.0568 -0.0115
v -0.0426 0.0571 -0.0117
v -0.0444 0.0572 -0.0116
v -0.0481 0.0572 -0.0110
v -0.0499 0.0591 -0.0106
v -0.0754 0.1276 -0.0081
v -0.0391 0.1592 -0.0118
v -0.0199 0.0357 0.0526
v -0.0830 0.1281 -0.0045
v 0.0490 0.0577 -0.0051
v 0.0405 0.0576 -0.0051
v 0.0391 0.0576 -0.0051
v 0.0384 0.0575 -0.0056
v -0.0476 0.1075 -0.0192
v -0.0702 0.1165 -0.0082
v 0.0204 0.0606 -0.0267
v 0.0164 0.0593 -0.0282
v 0.0050 0.0596 -0.0311
v 0.0033 0.0598 -0.0324
v -0.0018 0.0606 -0.0340
v -0.0027 0.0626 -0.0348
v -0.0072 0.0607 -0.0350
v -0.0133 0.0607 -0.0362
v -0.0327 0.0578 -0.0120
v -0.0337 0.0578 -0.0113
v -0.0358 0.0587 -0.0113
v -0.0469 0.0591 -0.0120
v -0.0049 0.1016 -0.0232
v -0.0770 0.1354 -0.0057
v -0.0710 0.1316 -0.0084
v -0.0445 0.1554 -0.0081
v -0.0770 0.1182 -0.0067
v 0.0191 0.0609 -0.0273
v 0.0173 0.0608 -0.0278
v 0.0150 0.0609 -0.0288
v 0.0128 0.0609 -0.0292
v 0.0095 0.0609 -0.0302
v 0.0077 0.0609 -0.0307
v 0.0061 0.0611 -0.0310
v 0.0039 0.0613 -0.0322
v 0.0012 0.0638 -0.0343
v -0.0097 0.0626 -0.0357
v -0.0156 0.0616 -0.0362
v -0.0140 0.1694 -0.0231
v -0.0313 0.1700 -0.0165
v -0.0327 0.0593 -0.0125
v -0.0337 0.0593 -0.0122
v -0.0347 0.0592 -0.0116
v -0.0377 0.0597 -0.0118
v -0.0401 0.0615 -0.0124
v -0.0442 0.0597 -0.0125
v -0.0486 0.0594 -0.0116
v -0.0506 0.1070 -0.0192
v -0.0461 0.1562 -0.0079
v -0.0234 0.1029 -0.0238
v -0.0275 0.1031 -0.0234
v -0.0760 0.1413 -0.0060
v -0.0527 0.1084 -0.0188
v 0.0222 0.0627 -0.0258
v 0.0207 0.0632 -0.0270
v 0.0186 0.0643 -0.0284
v 0.0145 0.0632 -0.0298
v 0.0124 0.0622 -0.0298
v 0.0099 0.0624 -0.0309
v 0.0085 0.0639 -0.0318
v 0.0035 0.0625 -0.0329
v -0.0006 0.0635 -0.0342
v -0.0057 0.0627 -0.0355
v -0.0122 0.0636 -0.0367
v -0.0138 0.0639 -0.0370
v -0.0147 0.0629 -0.0368
v -0.0158 0.0631 -0.0367
v -0.0170 0.0630 -0.0362
v -0.0197 0.0637 -0.0360
v -0.0218 0.0645 -0.0355
v -0.0231 0.0641 -0.0343
v -0.0397 0.1020 -0.0210
v -0.0337 0.0607 -0.0128
v -0.0349 0.0604 -0.0124
v -0.0367 0.0607 -0.0122
v -0.0388 0.0610 -0.0121
v -0.0464 0.0611 -0.0125
v -0.0497 0.0617 -0.0116
v -0.0518 0.0615 -0.0101
v -0.0593 0.0708 0.0388
v -0.0546 0.1463 -0.0015
v -0.0530 0.1072 -0.0188
v -0.0509 0.1014 -0.0215
v -0.0524 0.1018 -0.0212
v 0.0233 0.0638 -0.0250
v 0.0131 0.0639 -0.0301
v 0.0107 0.0638 -0.0311
v 0.0059 0.0641 -0.0325
v -0.0019 0.0648 -0.0345
v -0.0030 0.0641 -0.0350
v -0.0068 0.0641 -0.0356
v -0.0087 0.0642 -0.0357
v -0.0104 0.0642 -0.0361
v -0.0149 0.0647 -0.0375
v -0.0160 0.0655 -0.0377
v -0.0535 0.0694 0.0383
v -0.0337 0.0622 -0.0136
v -0.0349 0.0638 -0.0139
v -0.0370 0.0629 -0.0135
v -0.0425 0.0625 -0.0133
v -0.0446 0.0635 -0.0137
v -0.0462 0.0629 -0.0133
v -0.0486 0.0633 -0.0124
v -0.0487 0.0621 -0.0122
v -0.0535 0.0629 -0.0093
v -0.0546 0.0617 -0.0075
v -0.0556 0.0615 -0.0061
v -0.0565 0.0614 -0.0046
v -0.0578 0.0614 -0.0038
v -0.0596 0.0614 -0.0029
v -0.0617 0.0614 -0.0025
v -0.0635 0.0615 -0.0019
v -0.0400 0.1538 -0.0083
v -0.0572 0.1021 -0.0190
v -0.0591 0.1014 -0.0189
v -0.0620 0.1018 -0.0185
v -0.0796 0.1123 0.0462
v -0.0788 0.1190 -0.0058
v -0.0630 0.1069 -0.0161
v 0.0221 0.0667 -0.0271
v 0.0150 0.0671 -0.0301
v 0.0117 0.0653 -0.0307
v 0.0086 0.0654 -0.0320
v 0.0056 0.0655 -0.0328
v 0.0012 0.0655 -0.0343
v 0.0003 0.0656 -0.0345
v -0.0007 0.0655 -0.0344
v -0.0057 0.0655 -0.0352
v -0.0090 0.0658 -0.0356
v -0.0099 0.0669 -0.0360
v -0.0119 0.0670 -0.0366
v -0.0139 0.0671 -0.0375
v -0.0191 0.0660 -0.0373
v -0.0606 0.0352 0.0442
v -0.0337 0.0637 -0.0147
v -0.0392 0.0642 -0.0138
v -0.0405 0.0649 -0.0141
v -0.0457 0.0650 -0.0140
v -0.0473 0.0654 -0.0139
v -0.0496 0.0634 -0.0118
v -0.0545 0.0631 -0.0077
v -0.0555 0.0630 -0.0068
v -0.0567 0.0630 -0.0064
v -0.0580 0.0629 -0.0059
v -0.0602 0.0630 -0.0054
v -0.0623 0.0627 -0.0043
v -0.0636 0.0627 -0.0037
v -0.0646 0.0628 -0.0036
v -0.0656 0.0627 -0.0028
v -0.0272 0.0357 0.0529
v -0.0829 0.1306 -0.0036
v -0.0174 0.1653 -0.0183
v -0.0454 0.1085 -0.0188
v 0.0244 0.0664 -0.0240
v 0.0232 0.0663 -0.0258
v 0.0209 0.0677 -0.0280
v 0.0177 0.0675 -0.0290
v 0.0128 0.0665 -0.0305
v 0.0113 0.0667 -0.0307
v 0.0102 0.0667 -0.0310
v 0.0074 0.0669 -0.0321
v 0.0057 0.0667 -0.0326
v 0.0025 0.0682 -0.0332
v -0.0015 0.0683 -0.0343
v -0.0027 0.0669 -0.0345
v -0.0042 0.0670 -0.0348
v -0.0065 0.0670 -0.0354
v -0.0087 0.0670 -0.0357
v -0.0175 0.0671 -0.0380
v -0.0210 0.0687 -0.0378
v -0.0249 0.0672 -0.0345
v -0.0347 0.0652 -0.0148
v -0.0373 0.0658 -0.0146
v -0.0425 0.0713 -0.0178
v -0.0448 0.0661 -0.0150
v -0.0492 0.0659 -0.0132
v -0.0497 0.0649 -0.0122
v -0.0511 0.0649 -0.0111
v -0.0544 0.0646 -0.0091
v -0.0557 0.0644 -0.0081
v -0.0625 0.0659 -0.0080
v -0.0647 0.0645 -0.0053
v -0.0262 0.1641 -0.0161
v -0.0469 0.1084 -0.0186
v -0.0632 0.1637 -0.0595
v 0.0246 0.0675 -0.0243
v 0.0235 0.0686 -0.0258
v 0.0193 0.0687 -0.0288
v 0.0133 0.0690 -0.0313
v 0.0123 0.0681 -0.0310
v 0.0113 0.0681 -0.0308
v 0.0101 0.0681 -0.0309
v 0.0083 0.0682 -0.0317
v 0.0065 0.0682 -0.0325
v 0.0048 0.0682 -0.0328
v -0.0027 0.0684 -0.0347
v -0.0049 0.0693 -0.0359
v -0.0076 0.0686 -0.0361
v -0.0087 0.0685 -0.0361
v -0.0099 0.0691 -0.0364
v -0.0108 0.0696 -0.0371
v -0.0118 0.0700 -0.0379
v -0.0252 0.0706 -0.0361
v -0.0670 0.1385 -0.0079
v -0.0232 0.0352 0.0523
v -0.0347 0.0666 -0.0153
v -0.0357 0.0666 -0.0153
v -0.0387 0.0666 -0.0147
v -0.0463 0.0668 -0.0150
v -0.0506 0.0664 -0.0124
v -0.0516 0.0663 -0.0118
v -0.0527 0.0662 -0.0112
v -0.0543 0.0661 -0.0104
v -0.0559 0.0661 -0.0101
v -0.0580 0.0661 -0.0094
v -0.0597 0.0659 -0.0089
v -0.0637 0.0674 -0.0089
v -0.0392 0.1533 -0.0079
v -0.0520 0.1457 -0.0012
v -0.0310 0.1542 -0.0068
v 0.0263 0.0690 -0.0234
v 0.0250 0.0699 -0.0247
v 0.0223 0.0693 -0.0270
v 0.0205 0.0697 -0.0283
v 0.0175 0.0695 -0.0294
v 0.0162 0.0696 -0.0301
v 0.0147 0.0695 -0.0309
v 0.0113 0.0696 -0.0315
v 0.0100 0.0695 -0.0316
v 0.0083 0.0696 -0.0322
v 0.0064 0.0697 -0.0331
v 0.0053 0.0697 -0.0335
v 0.0034 0.0696 -0.0336
v 0.0023 0.0698 -0.0337
v -0.0015 0.0698 -0.0346
v -0.0018 0.0706 -0.0351
v -0.0081 0.0707 -0.0366
v -0.0126 0.0712 -0.0383
v -0.0158 0.0700 -0.0384
v -0.0187 0.0705 -0.0383
v -0.0198 0.0700 -0.0383
v -0.0215 0.0715 -0.0384
v -0.0232 0.0711 -0.0376
v -0.0799 0.1092 0.0343
v -0.0652 0.1624 -0.0585
v -0.0718 0.1127 0.0490
v -0.0357 0.0681 -0.0161
v -0.0376 0.0685 -0.0156
v -0.0390 0.0689 -0.0159
v -0.0439 0.0691 -0.0165
v -0.0448 0.0694 -0.0165
v -0.0487 0.0679 -0.0142
v -0.0497 0.0679 -0.0136
v -0.0507 0.0678 -0.0132
v -0.0517 0.0680 -0.0131
v -0.0527 0.0679 -0.0129
v -0.0542 0.0679 -0.0129
v -0.0557 0.0678 -0.0123
v -0.0597 0.0675 -0.0111
v -0.0611 0.0692 -0.0136
v -0.0662 0.0673 -0.0071
v -0.0372 0.1652 -0.0137
v -0.0650 0.1385 -0.0077
v -0.0535 0.1465 -0.0014
v -0.0750 0.1399 -0.0065
v -0.0341 0.1667 -0.0153
v -0.0540 0.1441 -0.0010
v 0.0263 0.0712 -0.0240
v 0.0247 0.0721 -0.0254
v 0.0218 0.0714 -0.0271
v 0.0187 0.0716 -0.0289
v 0.0142 0.0715 -0.0311
v 0.0127 0.0710 -0.0316
v 0.0112 0.0710 -0.0320
v 0.0091 0.0711 -0.0327
v 0.0077 0.0713 -0.0334
v 0.0054 0.0715 -0.0341
v 0.0025 0.0715 -0.0345
v 0.0006 0.0716 -0.0350
v -0.0028 0.0717 -0.0356
v -0.0064 0.0727 -0.0364
v -0.0087 0.0723 -0.0374
v -0.0098 0.0728 -0.0376
v -0.0107 0.0714 -0.0375
v -0.0118 0.0714 -0.0381
v -0.0137 0.0714 -0.0383
v -0.0142 0.0727 -0.0387
v -0.0160 0.0729 -0.0389
v -0.0195 0.0728 -0.0389
v -0.0679 0.1391 -0.0079
v -0.0772 0.1072 0.0347
v -0.0684 0.1528 -0.0481
v -0.0358 0.0697 -0.0168
v -0.0395 0.0714 -0.0171
v -0.0482 0.0706 -0.0151
v -0.0497 0.0694 -0.0144
v -0.0507 0.0694 -0.0143
v -0.0557 0.0694 -0.0143
v -0.0569 0.0694 -0.0145
v -0.0598 0.0695 -0.0145
v -0.0644 0.0694 -0.0115
v -0.0683 0.0686 -0.0067
v -0.0745 0.1111 0.0458
v -0.0497 0.0706 0.0391
v -0.0702 0.0718 0.0349
v -0.0327 0.1682 -0.0160
v 0.0166 0.0724 -0.0297
v 0.0118 0.0753 -0.0310
v 0.0103 0.0725 -0.0322
v 0.0029 0.0727 -0.0348
v -0.0039 0.0728 -0.0358
v -0.0067 0.0740 -0.0369
v -0.0109 0.0733 -0.0379
v -0.0125 0.0727 -0.0383
v -0.0206 0.0739 -0.0390
v -0.0231 0.0741 -0.0385
v -0.0259 0.0749 -0.0369
v -0.0652 0.1610 -0.0577
v 0.0091 0.1030 -0.0206
v -0.0347 0.0711 -0.0184
v -0.0367 0.0724 -0.0180
v -0.0377 0.0720 -0.0173
v -0.0438 0.0715 -0.0178
v -0.0448 0.0720 -0.0175
v -0.0467 0.0721 -0.0163
v -0.0497 0.0709 -0.0151
v -0.0527 0.0711 -0.0155
v -0.0551 0.0711 -0.0158
v -0.0572 0.0718 -0.0164
v -0.0622 0.0716 -0.0150
v -0.0667 0.0709 -0.0115
v -0.0684 0.0705 -0.0098
v -0.0696 0.0702 -0.0073
v 0.0081 0.1030 -0.0208
v -0.0110 0.1772 -0.0295
v -0.0523 0.0719 0.0401
v 0.0071 0.1030 -0.0211
v -0.0882 0.1145 0.0446
v 0.0057 0.1030 -0.0215
v -0.0641 0.1399 -0.0073
v 0.0265 0.0738 -0.0244
v 0.0238 0.0737 -0.0260
v 0.0204 0.0765 -0.0270
v 0.0186 0.0744 -0.0283
v 0.0153 0.0751 -0.0297
v 0.0099 0.0746 -0.0326
v 0.0093 0.0754 -0.0333
v 0.0083 0.0753 -0.0338
v 0.0063 0.0748 -0.0344
v 0.0028 0.0756 -0.0352
v -0.0006 0.0749 -0.0359
v -0.0024 0.0756 -0.0362
v -0.0096 0.0750 -0.0380
v -0.0123 0.0755 -0.0384
v -0.0141 0.0754 -0.0387
v -0.0163 0.0749 -0.0390
v -0.0179 0.0755 -0.0390
v -0.0641 0.1609 -0.0576
v -0.0357 0.0725 -0.0181
v -0.0477 0.0724 -0.0160
v -0.0487 0.0723 -0.0157
v -0.0511 0.0725 -0.0158
v -0.0523 0.0735 -0.0166
v -0.0590 0.0724 -0.0165
v -0.0619 0.0728 -0.0162
v -0.0646 0.0735 -0.0158
v -0.0701 0.0724 -0.0107
v -0.0717 0.0715 -0.0075
v -0.0728 0.0730 -0.0087
v -0.0190 0.1634 -0.0164
v -0.0241 0.1712 -0.0198
v 0.0167 0.0759 -0.0289
v -0.0053 0.0769 -0.0374
v -0.0071 0.0763 -0.0375
v -0.0198 0.0763 -0.0390
v -0.0236 0.0760 -0.0383
v -0.0401 0.1607 -0.0117
v -0.0357 0.0740 -0.0188
v -0.0377 0.0751 -0.0182
v -0.0398 0.0753 -0.0182
v -0.0423 0.0743 -0.0184
v -0.0437 0.0750 -0.0184
v -0.0456 0.0754 -0.0178
v -0.0457 0.0741 -0.0174
v -0.0467 0.0738 -0.0169
v -0.0476 0.0745 -0.0171
v -0.0490 0.0738 -0.0166
v -0.0539 0.0739 -0.0173
v -0.0567 0.0739 -0.0176
v -0.0582 0.0753 -0.0185
v -0.0607 0.0750 -0.0176
v -0.0666 0.0735 -0.0146
v -0.0683 0.0737 -0.0137
v -0.0708 0.0734 -0.0113
v -0.0840 0.1113 0.0298
v -0.0748 0.1187 -0.0076
v -0.0519 0.1443 -0.0002
v -0.0700 0.1537 -0.0490
v -0.0756 0.1133 0.0495
v -0.0615 0.0354 0.0439
v 0.0252 0.0762 -0.0250
v 0.0222 0.0763 -0.0264
v 0.0187 0.0766 -0.0279
v 0.0150 0.0775 -0.0301
v 0.0123 0.0766 -0.0308
v 0.0113 0.0766 -0.0315
v 0.0103 0.0767 -0.0324
v 0.0083 0.0772 -0.0338
v 0.0055 0.0771 -0.0343
v 0.0030 0.0773 -0.0351
v -0.0002 0.0786 -0.0358
v -0.0087 0.0774 -0.0378
v -0.0133 0.0769 -0.0384
v -0.0153 0.0771 -0.0385
v -0.0161 0.0784 -0.0385
v -0.0215 0.0804 -0.0390
v -0.0253 0.0770 -0.0372
v -0.0275 0.0771 -0.0360
v -0.0560 0.1487 -0.0018
v -0.0357 0.0755 -0.0192
v -0.0371 0.0768 -0.0191
v -0.0387 0.0754 -0.0181
v -0.0467 0.0753 -0.0175
v -0.0501 0.0753 -0.0178
v -0.0530 0.0753 -0.0183
v -0.0562 0.0754 -0.0186
v -0.0639 0.0752 -0.0172
v -0.0657 0.0751 -0.0164
v -0.0670 0.0764 -0.0164
v -0.0685 0.0751 -0.0150
v -0.0699 0.0750 -0.0135
v -0.0720 0.0749 -0.0117
v -0.0736 0.0747 -0.0097
v -0.0373 0.1553 -0.0097
v -0.0545 0.1490 -0.0022
v 0.0236 0.0781 -0.0256
v 0.0222 0.0788 -0.0264
v 0.0178 0.0795 -0.0286
v 0.0127 0.0781 -0.0312
v 0.0113 0.0787 -0.0319
v 0.0094 0.0788 -0.0328
v 0.0072 0.0787 -0.0340
v -0.0018 0.0793 -0.0362
v -0.0043 0.0784 -0.0373
v -0.0066 0.0788 -0.0379
v -0.0117 0.0785 -0.0380
v -0.0128 0.0785 -0.0383
v -0.0142 0.0784 -0.0385
v -0.0183 0.0786 -0.0388
v -0.0190 0.0822 -0.0391
v -0.0247 0.0785 -0.0378
v -0.0357 0.0782 -0.0195
v -0.0419 0.0769 -0.0189
v -0.0437 0.0768 -0.0188
v -0.0454 0.0768 -0.0184
v -0.0472 0.0767 -0.0182
v -0.0499 0.0782 -0.0190
v -0.0511 0.0767 -0.0187
v -0.0537 0.0769 -0.0193
v -0.0562 0.0769 -0.0193
v -0.0579 0.0768 -0.0191
v -0.0604 0.0778 -0.0187
v -0.0626 0.0780 -0.0183
v -0.0630 0.0768 -0.0179
v -0.0657 0.0769 -0.0172
v -0.0691 0.0768 -0.0155
v -0.0714 0.0764 -0.0135
v -0.0737 0.0761 -0.0108
v -0.0748 0.0759 -0.0096
v -0.0555 0.1519 -0.0019
v -0.0639 0.1180 -0.0095
v 0.0195 0.0796 -0.0275
v 0.0138 0.0793 -0.0308
v 0.0082 0.0796 -0.0336
v 0.0048 0.0803 -0.0340
v 0.0008 0.0804 -0.0355
v -0.0008 0.0797 -0.0360
v -0.0045 0.0798 -0.0373
v -0.0079 0.0802 -0.0380
v -0.0134 0.0805 -0.0390
v -0.0148 0.0799 -0.0391
v -0.0158 0.0799 -0.0389
v -0.0179 0.0811 -0.0391
v -0.0264 0.0799 -0.0371
v -0.0277 0.0799 -0.0364
v -0.0682 0.1553 -0.0517
v -0.0368 0.0783 -0.0195
v -0.0379 0.0783 -0.0194
v -0.0387 0.0783 -0.0191
v -0.0429 0.0783 -0.0195
v -0.0464 0.0784 -0.0193
v -0.0481 0.0795 -0.0198
v -0.0528 0.0783 -0.0196
v -0.0546 0.0782 -0.0197
v -0.0564 0.0783 -0.0197
v -0.0592 0.0788 -0.0193
v -0.0696 0.0799 -0.0164
v -0.0663 0.1782 -0.0602
v -0.0111 0.1757 -0.0290
v -0.0501 0.1546 -0.0053
v 0.0232 0.0805 -0.0255
v 0.0222 0.0805 -0.0261
v 0.0186 0.0815 -0.0280
v 0.0137 0.0819 -0.0303
v 0.0100 0.0814 -0.0322
v 0.0082 0.0810 -0.0332
v 0.0069 0.0816 -0.0337
v 0.0036 0.0820 -0.0344
v -0.0008 0.0812 -0.0365
v -0.0017 0.0826 -0.0368
v -0.0040 0.0812 -0.0372
v -0.0066 0.0818 -0.0377
v -0.0096 0.0819 -0.0380
v -0.0142 0.0815 -0.0393
v -0.0158 0.0814 -0.0394
v -0.0265 0.0830 -0.0370
v -0.0358 0.0799 -0.0213
v -0.0368 0.0798 -0.0204
v -0.0385 0.0808 -0.0203
v -0.0400 0.0801 -0.0198
v -0.0421 0.0796 -0.0197
v -0.0454 0.0813 -0.0201
v -0.0521 0.0795 -0.0203
v -0.0548 0.0798 -0.0208
v -0.0564 0.0796 -0.0205
v -0.0590 0.0804 -0.0200
v -0.0613 0.0813 -0.0194
v -0.0624 0.0798 -0.0189
v -0.0759 0.1148 0.0508
v -0.0694 0.1424 -0.0105
v -0.0692 0.1399 -0.0079
v 0.0332 0.0814 -0.0189
v 0.0317 0.0814 -0.0195
v 0.0080 0.0836 -0.0327
v 0.0015 0.0826 -0.0353
v -0.0007 0.0827 -0.0367
v -0.0041 0.0826 -0.0376
v -0.0100 0.0843 -0.0383
v -0.0167 0.0828 -0.0394
v -0.0215 0.0825 -0.0389
v -0.0358 0.0814 -0.0222
v -0.0368 0.0813 -0.0218
v -0.0378 0.0813 -0.0209
v -0.0421 0.0812 -0.0204
v -0.0517 0.0813 -0.0212
v -0.0546 0.0812 -0.0214
v -0.0567 0.0812 -0.0210
v -0.0645 0.0826 -0.0190
v -0.0697 0.0827 -0.0172
v -0.0724 0.0821 -0.0158
v -0.0721 0.1114 0.0467
v 0.0342 0.0828 -0.0185
v 0.0306 0.0830 -0.0198
v -0.0645 0.1026 -0.0173
v 0.0184 0.0843 -0.0280
v 0.0141 0.0837 -0.0301
v 0.0118 0.0838 -0.0308
v 0.0086 0.0852 -0.0323
v 0.0052 0.0856 -0.0334
v 0.0051 0.0839 -0.0339
v 0.0029 0.0838 -0.0345
v 0.0012 0.0839 -0.0354
v -0.0005 0.0840 -0.0365
v -0.0031 0.0841 -0.0374
v -0.0052 0.0841 -0.0378
v -0.0078 0.0842 -0.0380
v -0.0170 0.0845 -0.0392
v -0.0196 0.0862 -0.0382
v -0.0215 0.0853 -0.0383
v -0.0663 0.1595 -0.0565
v -0.0790 0.1383 -0.0047
v -0.0672 0.1025 -0.0156
v -0.0528 0.1422 -0.0004
v -0.0358 0.0828 -0.0225
v -0.0368 0.0828 -0.0223
v -0.0378 0.0828 -0.0220
v -0.0388 0.0827 -0.0213
v -0.0406 0.0825 -0.0208
v -0.0419 0.0837 -0.0212
v -0.0447 0.0836 -0.0211
v -0.0478 0.0837 -0.0215
v -0.0499 0.0841 -0.0217
v -0.0547 0.0826 -0.0216
v -0.0574 0.0842 -0.0213
v -0.0578 0.0827 -0.0210
v -0.0610 0.0828 -0.0196
v -0.0653 0.1639 -0.0592
v -0.0664 0.1403 -0.0079
v 0.0133 0.0863 -0.0307
v 0.0120 0.0862 -0.0309
v 0.0032 0.0867 -0.0338
v 0.0006 0.0863 -0.0351
v -0.0012 0.0853 -0.0365
v -0.0031 0.0854 -0.0371
v -0.0108 0.0855 -0.0385
v -0.0120 0.0855 -0.0387
v -0.0234 0.0862 -0.0376
v -0.0261 0.0861 -0.0366
v -0.0358 0.0843 -0.0226
v -0.0372 0.0840 -0.0223
v -0.0388 0.0842 -0.0220
v -0.0407 0.0844 -0.0213
v -0.0562 0.0853 -0.0214
v -0.0121 0.1832 -0.0283
v 0.0149 0.0993 -0.0229
v 0.0107 0.0879 -0.0313
v 0.0022 0.0867 -0.0342
v -0.0027 0.0883 -0.0358
v -0.0078 0.0872 -0.0371
v -0.0167 0.0869 -0.0387
v -0.0181 0.0870 -0.0384
v -0.0357 0.0858 -0.0237
v -0.0368 0.0856 -0.0225
v -0.0382 0.0856 -0.0219
v -0.0398 0.0856 -0.0217
v -0.0447 0.0867 -0.0219
v -0.0533 0.0854 -0.0215
v -0.0663 0.1797 -0.0601
v -0.0491 0.1532 -0.0053
v -0.0399 0.1057 -0.0203
v -0.0815 0.1133 -0.0016
v -0.0351 0.1682 -0.0149
v -0.0771 0.0761 0.0314
v 0.0057 0.0880 -0.0334
v 0.0037 0.0881 -0.0336
v -0.0328 0.0873 -0.0254
v -0.0339 0.0871 -0.0249
v -0.0358 0.0872 -0.0241
v -0.0368 0.0872 -0.0236
v -0.0378 0.0871 -0.0227
v -0.0394 0.0870 -0.0220
v -0.0408 0.0870 -0.0215
v -0.0418 0.0870 -0.0214
v -0.0428 0.0870 -0.0216
v -0.0363 0.0338 -0.0306
v -0.0354 0.0337 -0.0303
v -0.0345 0.0335 -0.0299
v -0.0333 0.0336 -0.0297
v -0.0324 0.0337 -0.0296
v -0.0314 0.0335 -0.0293
v -0.0304 0.0334 -0.0290
v -0.0400 0.0340 -0.0295
v -0.0382 0.0337 -0.0289
v -0.0354 0.0336 -0.0290
v -0.0321 0.0336 -0.0276
v -0.0292 0.0336 -0.0234
v -0.0281 0.0334 -0.0267
v -0.0270 0.0335 -0.0265
v -0.0189 0.0335 -0.0249
v -0.0134 0.0337 -0.0241
v -0.0106 0.0337 -0.0235
v -0.0087 0.0338 -0.0232
v -0.0073 0.0339 -0.0231
v -0.0036 0.0338 -0.0223
v -0.0020 0.0339 -0.0220
v -0.0003 0.0338 -0.0216
v 0.0009 0.0340 -0.0215
v 0.0028 0.0340 -0.0211
v 0.0038 0.0341 -0.0210
v 0.0049 0.0340 -0.0208
v 0.0070 0.0341 -0.0205
v 0.0093 0.0343 -0.0202
v 0.0122 0.0346 -0.0197
v 0.0133 0.0350 -0.0196
v -0.0417 0.0340 -0.0280
v -0.0391 0.0335 -0.0251
v -0.0366 0.0335 -0.0246
v -0.0348 0.0336 -0.0252
v -0.0339 0.0335 -0.0260
v -0.0321 0.0336 -0.0222
v -0.0246 0.0337 -0.0225
v -0.0212 0.0337 -0.0238
v -0.0197 0.0337 -0.0216
v -0.0171 0.0338 -0.0212
v -0.0075 0.0341 -0.0195
v -0.0055 0.0340 -0.0190
v -0.0035 0.0341 -0.0189
v -0.0006 0.0341 -0.0195
v 0.0006 0.0341 -0.0179
v 0.0038 0.0341 -0.0176
v 0.0079 0.0342 -0.0181
v 0.0098 0.0342 -0.0170
v 0.0123 0.0344 -0.0180
v 0.0136 0.0344 -0.0176
v 0.0147 0.0347 -0.0177
v 0.0156 0.0352 -0.0175
v -0.0433 0.0343 -0.0267
v -0.0425 0.0339 -0.0262
v -0.0412 0.0335 -0.0256
v -0.0342 0.0336 -0.0221
v 0.0060 0.0341 -0.0168
v 0.0082 0.0341 -0.0164
v 0.0109 0.0342 -0.0142
v 0.0118 0.0344 -0.0160
v 0.0137 0.0344 -0.0157
v 0.0149 0.0345 -0.0155
v 0.0161 0.0349 -0.0156
v 0.0169 0.0355 -0.0155
v -0.0869 0.1114 0.0394
v -0.0440 0.0343 -0.0250
v -0.0439 0.0337 -0.0231
v -0.0403 0.0338 -0.0162
v -0.0302 0.0338 -0.0218
v -0.0284 0.0339 -0.0216
v -0.0265 0.0339 -0.0212
v -0.0240 0.0341 -0.0209
v -0.0193 0.0342 -0.0201
v -0.0053 0.0345 -0.0176
v 0.0009 0.0346 -0.0165
v 0.0034 0.0346 -0.0160
v 0.0059 0.0344 -0.0154
v 0.0080 0.0344 -0.0148
v 0.0092 0.0343 -0.0147
v 0.0131 0.0343 -0.0137
v 0.0143 0.0346 -0.0138
v 0.0153 0.0346 -0.0137
v 0.0165 0.0348 -0.0137
v 0.0175 0.0349 -0.0135
v -0.0826 0.1124 0.0454
v -0.0448 0.0340 -0.0230
v -0.0378 0.0338 -0.0186
v -0.0360 0.0337 -0.0209
v -0.0348 0.0338 -0.0208
v -0.0336 0.0340 -0.0208
v -0.0326 0.0341 -0.0207
v -0.0309 0.0344 -0.0205
v -0.0279 0.0348 -0.0203
v -0.0252 0.0352 -0.0197
v -0.0208 0.0352 -0.0193
v -0.0197 0.0353 -0.0192
v -0.0187 0.0352 -0.0190
v -0.0163 0.0354 -0.0185
v -0.0084 0.0357 -0.0170
v -0.0036 0.0357 -0.0162
v 0.0008 0.0356 -0.0156
v 0.0029 0.0356 -0.0152
v 0.0077 0.0352 -0.0137
v 0.0086 0.0348 -0.0133
v 0.0095 0.0346 -0.0129
v 0.0104 0.0344 -0.0125
v 0.0114 0.0343 -0.0122
v 0.0123 0.0343 -0.0105
v 0.0143 0.0344 -0.0105
v 0.0160 0.0347 -0.0105
v -0.0454 0.0343 -0.0215
v -0.0447 0.0335 -0.0206
v -0.0364 0.0339 -0.0194
v -0.0353 0.0341 -0.0194
v -0.0341 0.0345 -0.0195
v -0.0328 0.0349 -0.0196
v -0.0300 0.0357 -0.0193
v -0.0273 0.0365 -0.0190
v -0.0239 0.0375 -0.0184
v -0.0184 0.0377 -0.0175
v -0.0138 0.0379 -0.0167
v -0.0016 0.0370 -0.0153
v -0.0000 0.0371 -0.0152
v 0.0020 0.0370 -0.0147
v 0.0023 0.0380 -0.0137
v 0.0075 0.0372 -0.0120
v 0.0084 0.0358 -0.0123
v 0.0092 0.0354 -0.0118
v 0.0100 0.0350 -0.0112
v 0.0108 0.0345 -0.0106
v -0.0459 0.0345 -0.0200
v -0.0454 0.0337 -0.0191
v -0.0441 0.0336 -0.0150
v -0.0370 0.0342 -0.0179
v -0.0357 0.0346 -0.0181
v -0.0338 0.0352 -0.0185
v -0.0318 0.0361 -0.0187
v -0.0301 0.0376 -0.0180
v -0.0257 0.0373 -0.0186
v -0.0218 0.0376 -0.0181
v -0.0115 0.0379 -0.0163
v -0.0077 0.0380 -0.0156
v -0.0033 0.0380 -0.0147
v -0.0019 0.0381 -0.0145
v -0.0001 0.0382 -0.0143
v 0.0042 0.0379 -0.0132
v 0.0062 0.0376 -0.0126
v 0.0082 0.0367 -0.0113
v 0.0080 0.0373 -0.0102
v 0.0095 0.0356 -0.0096
v 0.0103 0.0349 -0.0092
v 0.0111 0.0345 -0.0087
v 0.0122 0.0344 -0.0080
v 0.0141 0.0344 -0.0074
v 0.0174 0.0350 -0.0073
v 0.0185 0.0350 -0.0077
v -0.0461 0.0337 -0.0174
v -0.0387 0.0341 -0.0163
v -0.0375 0.0344 -0.0164
v -0.0361 0.0351 -0.0168
v -0.0347 0.0359 -0.0172
v -0.0321 0.0371 -0.0176
v -0.0284 0.0381 -0.0179
v -0.0270 0.0382 -0.0178
v -0.0244 0.0384 -0.0175
v -0.0178 0.0386 -0.0163
v -0.0138 0.0387 -0.0156
v -0.0110 0.0386 -0.0150
v -0.0080 0.0388 -0.0145
v -0.0058 0.0389 -0.0142
v -0.0028 0.0390 -0.0136
v -0.0001 0.0389 -0.0131
v 0.0036 0.0387 -0.0121
v 0.0060 0.0383 -0.0112
v 0.0072 0.0379 -0.0107
v 0.0091 0.0358 -0.0084
v 0.0096 0.0350 -0.0075
v 0.0110 0.0344 -0.0064
v 0.0160 0.0345 -0.0040
v 0.0188 0.0350 -0.0057
v -0.0474 0.0344 -0.0165
v -0.0468 0.0337 -0.0157
v -0.0434 0.0338 -0.0072
v -0.0396 0.0343 -0.0141
v -0.0383 0.0351 -0.0140
v -0.0363 0.0363 -0.0150
v -0.0350 0.0373 -0.0154
v -0.0336 0.0373 -0.0164
v -0.0322 0.0380 -0.0168
v -0.0310 0.0383 -0.0168
v -0.0298 0.0385 -0.0168
v -0.0284 0.0387 -0.0166
v -0.0228 0.0387 -0.0156
v -0.0177 0.0388 -0.0146
v -0.0158 0.0388 -0.0142
v -0.0101 0.0390 -0.0130
v -0.0081 0.0391 -0.0130
v -0.0072 0.0390 -0.0126
v -0.0059 0.0391 -0.0126
v -0.0025 0.0392 -0.0121
v -0.0009 0.0393 -0.0117
v 0.0000 0.0392 -0.0114
v 0.0011 0.0392 -0.0113
v 0.0029 0.0390 -0.0106
v 0.0053 0.0390 -0.0082
v 0.0067 0.0383 -0.0093
v 0.0075 0.0379 -0.0088
v 0.0070 0.0378 -0.0073
v 0.0080 0.0358 -0.0061
v 0.0085 0.0346 -0.0046
v 0.0136 0.0341 0.0015
v 0.0181 0.0350 -0.0040
v 0.0191 0.0349 -0.0037
v 0.0202 0.0350 -0.0036
v -0.0483 0.0339 -0.0144
v -0.0466 0.0336 -0.0124
v -0.0338 0.0381 -0.0153
v -0.0326 0.0385 -0.0154
v -0.0315 0.0387 -0.0154
v -0.0305 0.0386 -0.0152
v -0.0291 0.0387 -0.0142
v -0.0210 0.0387 -0.0118
v -0.0176 0.0388 -0.0118
v -0.0090 0.0390 -0.0102
v -0.0082 0.0390 -0.0082
v -0.0044 0.0391 -0.0102
v -0.0028 0.0390 -0.0100
v -0.0010 0.0392 -0.0097
v -0.0003 0.0392 -0.0079
v 0.0028 0.0393 -0.0074
v 0.0062 0.0386 -0.0078
v 0.0073 0.0351 -0.0044
v 0.0165 0.0343 -0.0005
v 0.0185 0.0345 0.0001
v 0.0204 0.0348 -0.0015
v 0.0214 0.0349 -0.0013
v -0.0512 0.0337 -0.0129
v -0.0501 0.0338 -0.0128
v -0.0488 0.0336 -0.0116
v -0.0416 0.0342 -0.0094
v -0.0398 0.0354 -0.0104
v -0.0373 0.0370 -0.0130
v -0.0356 0.0379 -0.0137
v -0.0344 0.0384 -0.0138
v -0.0333 0.0385 -0.0137
v -0.0323 0.0386 -0.0128
v -0.0117 0.0386 0.0012
v -0.0026 0.0392 -0.0074
v -0.0004 0.0391 -0.0033
v 0.0044 0.0390 -0.0066
v 0.0054 0.0385 -0.0060
v 0.0053 0.0375 -0.0044
v 0.0059 0.0357 -0.0033
v 0.0066 0.0347 -0.0025
v 0.0080 0.0341 0.0001
v 0.0098 0.0341 0.0009
v 0.0201 0.0348 0.0001
v 0.0228 0.0349 0.0008
v 0.0243 0.0358 0.0003
v 0.0256 0.0364 0.0000
v 0.0292 0.0370 0.0002
v 0.0315 0.0379 -0.0001
v -0.0548 0.0339 -0.0120
v -0.0538 0.0338 -0.0117
v -0.0528 0.0338 -0.0115
v -0.0518 0.0337 -0.0112
v -0.0510 0.0335 -0.0108
v -0.0387 0.0368 -0.0099
v -0.0361 0.0382 -0.0123
v -0.0353 0.0383 -0.0119
v -0.0222 0.0383 -0.0017
v -0.0157 0.0386 -0.0031
v -0.0039 0.0386 0.0055
v 0.0023 0.0390 -0.0040
v 0.0038 0.0388 -0.0047
v 0.0048 0.0350 -0.0010
v 0.0053 0.0344 0.0002
v 0.0059 0.0341 0.0015
v 0.0163 0.0345 0.0019
v 0.0178 0.0345 0.0021
v 0.0187 0.0344 0.0024
v 0.0198 0.0343 0.0026
v 0.0208 0.0344 0.0027
v 0.0228 0.0347 0.0029
v 0.0241 0.0348 0.0030
v 0.0251 0.0348 0.0032
v 0.0269 0.0354 0.0030
v 0.0297 0.0362 0.0028
v 0.0310 0.0363 0.0031
v 0.0371 0.0385 0.0023
v -0.0587 0.0336 -0.0107
v -0.0577 0.0336 -0.0105
v -0.0566 0.0336 -0.0103
v -0.0574 0.0334 -0.0076
v -0.0517 0.0334 -0.0091
v -0.0423 0.0341 -0.0076
v -0.0411 0.0347 -0.0075
v -0.0372 0.0379 -0.0093
v -0.0350 0.0385 -0.0053
v -0.0289 0.0384 -0.0090
v 0.0024 0.0382 -0.0016
v 0.0031 0.0358 0.0004
v 0.0040 0.0347 0.0010
v 0.0067 0.0341 0.0021
v 0.0077 0.0341 0.0022
v 0.0089 0.0343 0.0023
v 0.0106 0.0345 0.0026
v 0.0130 0.0347 0.0029
v 0.0141 0.0351 0.0031
v 0.0176 0.0350 0.0033
v 0.0199 0.0346 0.0042
v 0.0211 0.0344 0.0047
v 0.0226 0.0344 0.0049
v 0.0251 0.0346 0.0057
v 0.0275 0.0350 0.0055
v 0.0287 0.0353 0.0054
v 0.0303 0.0353 0.0057
v -0.0614 0.0336 -0.0093
v -0.0604 0.0336 -0.0092
v -0.0594 0.0336 -0.0090
v -0.0466 0.0336 -0.0030
v -0.0418 0.0342 -0.0056
v -0.0364 0.0384 -0.0072
v -0.0301 0.0383 0.0010
v -0.0272 0.0383 -0.0038
v -0.0004 0.0387 0.0007
v 0.0020 0.0352 0.0027
v 0.0029 0.0343 0.0038
v 0.0050 0.0341 0.0036
v 0.0061 0.0342 0.0037
v 0.0071 0.0343 0.0039
v 0.0082 0.0347 0.0039
v 0.0098 0.0350 0.0036
v 0.0110 0.0360 0.0048
v 0.0169 0.0363 0.0049
v 0.0190 0.0355 0.0053
v 0.0206 0.0352 0.0065
v 0.0216 0.0347 0.0064
v 0.0225 0.0344 0.0068
v 0.0235 0.0343 0.0070
v 0.0270 0.0348 0.0075
v 0.0283 0.0347 0.0093
v 0.0300 0.0350 0.0078
v -0.0789 0.1083 0.0334
v -0.0641 0.0336 -0.0081
v -0.0631 0.0337 -0.0079
v -0.0619 0.0336 -0.0076
v -0.0601 0.0335 -0.0062
v -0.0567 0.0333 -0.0035
v -0.0535 0.0335 -0.0013
v -0.0472 0.0337 0.0013
v -0.0375 0.0379 -0.0073
v 0.0002 0.0381 0.0014
v 0.0004 0.0372 0.0028
v 0.0012 0.0349 0.0046
v 0.0039 0.0341 0.0062
v 0.0056 0.0343 0.0051
v 0.0063 0.0349 0.0064
v 0.0079 0.0356 0.0058
v 0.0094 0.0356 0.0045
v 0.0228 0.0347 0.0087
v 0.0238 0.0344 0.0090
v 0.0251 0.0344 0.0094
v 0.0325 0.0354 0.0098
v 0.0339 0.0358 0.0099
v -0.0773 0.0701 0.0212
v -0.0806 0.1124 0.0459
v -0.0668 0.0338 -0.0070
v -0.0658 0.0337 -0.0067
v -0.0642 0.0337 -0.0064
v -0.0622 0.0334 -0.0055
v -0.0587 0.0334 -0.0037
v -0.0578 0.0335 -0.0048
v -0.0415 0.0337 0.0001
v -0.0401 0.0344 -0.0025
v -0.0366 0.0381 -0.0052
v -0.0358 0.0384 -0.0048
v -0.0145 0.0384 -0.0003
v -0.0064 0.0386 0.0042
v 0.0046 0.0343 0.0072
v 0.0218 0.0361 0.0109
v 0.0240 0.0348 0.0105
v 0.0269 0.0345 0.0126
v 0.0318 0.0352 0.0117
v 0.0340 0.0356 0.0117
v 0.0353 0.0362 0.0114
v 0.0381 0.0375 0.0108
v 0.0459 0.0414 0.0122
v -0.0819 0.1099 0.0367
v -0.0778 0.0694 0.0178
v -0.0676 0.0337 -0.0050
v -0.0664 0.0337 -0.0050
v -0.0654 0.0335 -0.0046
v -0.0634 0.0333 -0.0026
v -0.0593 0.0334 -0.0004
v -0.0399 0.0338 0.0002
v -0.0389 0.0341 0.0003
v -0.0354 0.0382 -0.0029
v -0.0334 0.0383 -0.0009
v -0.0243 0.0383 0.0007
v -0.0177 0.0383 0.0084
v -0.0040 0.0386 0.0061
v -0.0021 0.0385 0.0045
v -0.0016 0.0377 0.0055
v -0.0007 0.0360 0.0070
v -0.0002 0.0351 0.0088
v 0.0008 0.0345 0.0088
v 0.0024 0.0341 0.0113
v 0.0046 0.0341 0.0095
v 0.0243 0.0351 0.0131
v 0.0256 0.0346 0.0128
v 0.0300 0.0351 0.0146
v 0.0340 0.0359 0.0131
v 0.0362 0.0367 0.0132
v 0.0381 0.0378 0.0136
v 0.0417 0.0394 0.0117
v -0.0835 0.1111 0.0426
v -0.0698 0.0344 -0.0045
v -0.0691 0.0339 -0.0039
v -0.0665 0.0335 -0.0026
v -0.0394 0.0336 0.0028
v -0.0387 0.0337 0.0025
v -0.0377 0.0338 0.0027
v -0.0340 0.0381 -0.0009
v -0.0274 0.0382 0.0055
v 0.0052 0.0340 0.0130
v 0.0248 0.0347 0.0146
v 0.0265 0.0348 0.0154
v 0.0259 0.0353 0.0208
v 0.0322 0.0358 0.0149
v 0.0396 0.0386 0.0155
v -0.0706 0.1528 -0.0468
v -0.0705 0.0343 -0.0028
v -0.0697 0.0340 -0.0023
v -0.0689 0.0336 -0.0017
v -0.0682 0.0335 0.0001
v -0.0646 0.0334 0.0013
v -0.0602 0.0335 0.0050
v -0.0504 0.0334 0.0034
v -0.0484 0.0335 0.0031
v -0.0472 0.0334 0.0044
v -0.0458 0.0335 0.0047
v -0.0363 0.0338 0.0046
v -0.0353 0.0340 0.0050
v -0.0318 0.0381 0.0015
v -0.0308 0.0382 0.0018
v -0.0217 0.0380 0.0174
v -0.0155 0.0383 0.0097
v -0.0037 0.0384 0.0084
v -0.0032 0.0380 0.0093
v -0.0020 0.0370 0.0087
v -0.0010 0.0356 0.0100
v -0.0003 0.0350 0.0117
v 0.0005 0.0346 0.0124
v 0.0037 0.0340 0.0131
v 0.0224 0.0362 0.0143
v 0.0237 0.0347 0.0174
v 0.0252 0.0347 0.0165
v 0.0309 0.0356 0.0166
v 0.0368 0.0379 0.0183
v 0.0446 0.0409 0.0142
v -0.0756 0.0682 0.0195
v -0.0830 0.1156 0.0481
v -0.0709 0.0346 -0.0010
v -0.0704 0.0339 -0.0006
v -0.0563 0.0335 0.0060
v -0.0532 0.0336 0.0034
v -0.0511 0.0335 0.0049
v -0.0418 0.0336 0.0055
v -0.0361 0.0336 0.0065
v -0.0349 0.0337 0.0068
v -0.0339 0.0340 0.0070
v -0.0302 0.0380 0.0039
v -0.0256 0.0379 0.0145
v -0.0026 0.0375 0.0109
v 0.0009 0.0346 0.0149
v 0.0214 0.0365 0.0159
v 0.0291 0.0360 0.0201
v 0.0327 0.0370 0.0200
v 0.0344 0.0373 0.0194
v 0.0428 0.0403 0.0168
v -0.0639 0.0629 0.0257
v -0.0718 0.0345 0.0004
v -0.0710 0.0340 0.0010
v -0.0701 0.0337 0.0020
v -0.0659 0.0336 0.0042
v -0.0631 0.0338 0.0114
v -0.0499 0.0335 0.0057
v -0.0489 0.0335 0.0060
v -0.0479 0.0336 0.0061
v -0.0467 0.0338 0.0062
v -0.0450 0.0340 0.0065
v -0.0427 0.0340 0.0069
v -0.0400 0.0339 0.0076
v -0.0382 0.0338 0.0082
v -0.0360 0.0337 0.0083
v -0.0343 0.0336 0.0092
v -0.0335 0.0337 0.0088
v -0.0326 0.0340 0.0091
v -0.0278 0.0380 0.0075
v -0.0125 0.0383 0.0136
v -0.0046 0.0384 0.0105
v -0.0026 0.0374 0.0132
v -0.0010 0.0356 0.0138
v -0.0002 0.0351 0.0144
v 0.0026 0.0344 0.0175
v 0.0047 0.0342 0.0179
v 0.0066 0.0343 0.0195
v 0.0075 0.0344 0.0177
v 0.0210 0.0359 0.0180
v 0.0220 0.0349 0.0192
v 0.0221 0.0348 0.0209
v 0.0243 0.0350 0.0207
v 0.0407 0.0403 0.0212
v 0.0450 0.0419 0.0193
v -0.0729 0.0356 0.0010
v -0.0722 0.0349 0.0018
v -0.0716 0.0342 0.0025
v -0.0707 0.0339 0.0030
v -0.0674 0.0336 0.0043
v -0.0536 0.0335 0.0077
v -0.0516 0.0335 0.0072
v -0.0506 0.0336 0.0074
v -0.0494 0.0339 0.0074
v -0.0482 0.0343 0.0073
v -0.0470 0.0346 0.0072
v -0.0444 0.0357 0.0083
v -0.0428 0.0352 0.0083
v -0.0403 0.0348 0.0088
v -0.0384 0.0343 0.0094
v -0.0365 0.0339 0.0101
v -0.0353 0.0337 0.0104
v -0.0329 0.0336 0.0110
v -0.0320 0.0338 0.0116
v -0.0311 0.0343 0.0110
v -0.0043 0.0384 0.0125
v -0.0034 0.0381 0.0129
v -0.0020 0.0369 0.0142
v -0.0010 0.0359 0.0153
v 0.0001 0.0351 0.0163
v 0.0009 0.0348 0.0168
v 0.0095 0.0349 0.0185
v 0.0193 0.0352 0.0204
v 0.0202 0.0349 0.0207
v 0.0322 0.0382 0.0240
v 0.0354 0.0382 0.0214
v -0.0711 0.1484 -0.0346
v -0.0725 0.0356 0.0028
v -0.0720 0.0346 0.0038
v -0.0712 0.0342 0.0044
v -0.0703 0.0339 0.0048
v -0.0697 0.0338 0.0064
v -0.0671 0.0340 0.0108
v -0.0549 0.0335 0.0131
v -0.0526 0.0337 0.0097
v -0.0511 0.0343 0.0097
v -0.0498 0.0345 0.0087
v -0.0485 0.0356 0.0092
v -0.0381 0.0362 0.0118
v -0.0373 0.0346 0.0107
v -0.0357 0.0342 0.0120
v -0.0349 0.0339 0.0122
v -0.0339 0.0337 0.0124
v -0.0307 0.0343 0.0128
v -0.0273 0.0377 0.0108
v -0.0085 0.0384 0.0182
v -0.0039 0.0383 0.0143
v -0.0031 0.0380 0.0148
v -0.0023 0.0375 0.0154
v -0.0016 0.0369 0.0161
v -0.0004 0.0359 0.0171
v 0.0006 0.0353 0.0180
v 0.0024 0.0347 0.0190
v 0.0054 0.0345 0.0208
v 0.0088 0.0345 0.0212
v 0.0113 0.0348 0.0201
v 0.0141 0.0345 0.0216
v 0.0185 0.0347 0.0222
v 0.0223 0.0352 0.0241
v 0.0237 0.0353 0.0234
v 0.0252 0.0357 0.0226
v 0.0294 0.0381 0.0251
v 0.0390 0.0411 0.0253
v 0.0452 0.0432 0.0232
v 0.0495 0.0449 0.0214
v -0.0540 0.0635 0.0320
v -0.0723 0.0352 0.0050
v -0.0717 0.0345 0.0058
v -0.0709 0.0341 0.0063
v -0.0659 0.0337 0.0086
v -0.0573 0.0337 0.0130
v -0.0351 0.0343 0.0133
v -0.0344 0.0340 0.0140
v -0.0335 0.0338 0.0143
v -0.0311 0.0340 0.0158
v -0.0303 0.0344 0.0162
v -0.0141 0.0384 0.0151
v -0.0047 0.0384 0.0162
v -0.0036 0.0383 0.0163
v -0.0027 0.0380 0.0167
v -0.0019 0.0377 0.0172
v -0.0012 0.0371 0.0178
v -0.0008 0.0374 0.0192
v 0.0005 0.0360 0.0192
v 0.0072 0.0347 0.0230
v 0.0139 0.0345 0.0229
v 0.0212 0.0352 0.0266
v 0.0253 0.0369 0.0254
v -0.0717 0.1136 0.0502
v -0.0729 0.0355 0.0065
v -0.0713 0.0346 0.0076
v -0.0705 0.0342 0.0081
v -0.0688 0.0342 0.0100
v -0.0649 0.0340 0.0131
v -0.0585 0.0336 0.0133
v -0.0530 0.0337 0.0129
v -0.0367 0.0359 0.0133
v -0.0355 0.0352 0.0146
v -0.0349 0.0346 0.0156
v -0.0342 0.0340 0.0159
v -0.0331 0.0338 0.0161
v -0.0325 0.0339 0.0199
v -0.0265 0.0375 0.0150
v -0.0167 0.0383 0.0232
v -0.0140 0.0382 0.0208
v -0.0032 0.0384 0.0180
v -0.0023 0.0382 0.0184
v -0.0014 0.0379 0.0189
v 0.0001 0.0370 0.0200
v 0.0028 0.0359 0.0220
v 0.0046 0.0351 0.0226
v 0.0061 0.0349 0.0232
v 0.0105 0.0347 0.0257
v 0.0126 0.0348 0.0273
v 0.0177 0.0349 0.0266
v 0.0228 0.0358 0.0260
v -0.0680 0.1100 0.0381
v -0.0705 0.0346 0.0094
v -0.0338 0.0338 0.0178
v -0.0247 0.0380 0.0164
v -0.0194 0.0382 0.0228
v -0.0028 0.0385 0.0199
v -0.0018 0.0384 0.0201
v -0.0009 0.0382 0.0206
v -0.0001 0.0379 0.0210
v 0.0007 0.0374 0.0216
v 0.0053 0.0357 0.0240
v 0.0067 0.0354 0.0246
v 0.0076 0.0351 0.0251
v 0.0093 0.0349 0.0257
v 0.0144 0.0348 0.0296
v 0.0222 0.0362 0.0286
v 0.0315 0.0400 0.0268
v 0.0335 0.0399 0.0261
v 0.0358 0.0406 0.0262
v 0.0438 0.0438 0.0256
v 0.0459 0.0447 0.0254
v -0.0727 0.0658 0.0206
v -0.0693 0.0348 0.0114
v -0.0672 0.0343 0.0122
v -0.0621 0.0339 0.0153
v -0.0568 0.0336 0.0177
v -0.0540 0.0334 0.0175
v -0.0367 0.0359 0.0202
v -0.0351 0.0344 0.0217
v -0.0334 0.0339 0.0195
v -0.0301 0.0350 0.0197
v -0.0271 0.0372 0.0172
v -0.0261 0.0378 0.0175
v -0.0256 0.0381 0.0194
v -0.0059 0.0388 0.0297
v -0.0014 0.0386 0.0219
v -0.0004 0.0385 0.0221
v 0.0007 0.0383 0.0226
v 0.0026 0.0376 0.0237
v 0.0050 0.0370 0.0251
v 0.0093 0.0359 0.0275
v 0.0100 0.0352 0.0272
v 0.0109 0.0350 0.0276
v 0.0119 0.0349 0.0279
v 0.0165 0.0349 0.0317
v 0.0180 0.0349 0.0291
v 0.0201 0.0352 0.0295
v 0.0245 0.0376 0.0281
v 0.0251 0.0381 0.0294
v 0.0268 0.0385 0.0281
v 0.0296 0.0394 0.0274
v 0.0333 0.0412 0.0275
v 0.0352 0.0413 0.0274
v -0.0694 0.1472 -0.0283
v -0.0716 0.1108 0.0442
v -0.0742 0.1129 0.0492
v -0.0688 0.0354 0.0127
v -0.0678 0.0350 0.0133
v -0.0662 0.0345 0.0140
v -0.0649 0.0343 0.0148
v -0.0635 0.0340 0.0151
v -0.0593 0.0338 0.0185
v -0.0361 0.0351 0.0214
v -0.0343 0.0340 0.0220
v -0.0324 0.0341 0.0230
v -0.0277 0.0374 0.0189
v -0.0269 0.0377 0.0193
v -0.0221 0.0381 0.0233
v -0.0129 0.0383 0.0216
v 0.0005 0.0390 0.0272
v 0.0000 0.0387 0.0239
v 0.0011 0.0387 0.0241
v 0.0020 0.0385 0.0245
v 0.0029 0.0384 0.0248
v 0.0046 0.0378 0.0256
v 0.0107 0.0358 0.0287
v 0.0114 0.0355 0.0293
v 0.0123 0.0351 0.0296
v 0.0132 0.0348 0.0302
v 0.0205 0.0357 0.0322
v 0.0237 0.0375 0.0307
v 0.0282 0.0404 0.0299
v 0.0319 0.0418 0.0284
v 0.0360 0.0423 0.0284
v 0.0385 0.0427 0.0282
v 0.0409 0.0438 0.0281
v -0.0698 0.1480 -0.0322
v -0.0860 0.1110 0.0366
v -0.0805 0.1095 0.0380
v -0.0809 0.0754 0.0229
v -0.0652 0.0347 0.0157
v -0.0621 0.0340 0.0171
v -0.0615 0.0342 0.0187
v -0.0549 0.0337 0.0217
v -0.0339 0.0340 0.0236
v -0.0316 0.0346 0.0237
v -0.0285 0.0375 0.0207
v -0.0272 0.0377 0.0209
v -0.0257 0.0379 0.0213
v 0.0015 0.0388 0.0259
v 0.0033 0.0389 0.0263
v 0.0050 0.0386 0.0268
v 0.0090 0.0374 0.0289
v 0.0111 0.0361 0.0304
v 0.0118 0.0355 0.0311
v 0.0135 0.0346 0.0319
v 0.0139 0.0347 0.0332
v 0.0187 0.0351 0.0333
v 0.0260 0.0392 0.0306
v 0.0330 0.0432 0.0289
v 0.0364 0.0433 0.0291
v 0.0382 0.0435 0.0291
v 0.0400 0.0447 0.0298
v -0.0826 0.1142 0.0473
v -0.0679 0.0675 0.0310
v -0.0765 0.1089 0.0395
v -0.0757 0.1061 0.0359
v -0.0488 0.0716 0.0403
v -0.0498 0.0716 0.0399
v -0.0525 0.0335 0.0222
v -0.0364 0.0349 0.0235
v -0.0353 0.0341 0.0245
v -0.0302 0.0361 0.0238
v -0.0283 0.0377 0.0226
v -0.0138 0.0385 0.0256
v 0.0058 0.0390 0.0283
v 0.0074 0.0387 0.0290
v 0.0090 0.0379 0.0300
v 0.0105 0.0368 0.0315
v 0.0112 0.0359 0.0328
v 0.0120 0.0351 0.0333
v 0.0125 0.0347 0.0341
v 0.0149 0.0348 0.0340
v 0.0167 0.0348 0.0357
v 0.0192 0.0352 0.0345
v -0.0488 0.0703 0.0396
v -0.0833 0.1117 0.0441
v -0.0889 0.1130 0.0329
v -0.0899 0.1142 0.0317
v -0.0876 0.1121 0.0335
v -0.0813 0.1099 0.0336
v -0.0898 0.1132 0.0351
v -0.0822 0.1105 0.0310
v -0.0582 0.0607 -0.0028
v -0.0844 0.1104 0.0379
v -0.0739 0.1071 0.0373
v -0.0628 0.0351 0.0195
v -0.0613 0.0342 0.0212
v -0.0383 0.0352 0.0246
v -0.0369 0.0343 0.0258
v -0.0341 0.0343 0.0273
v -0.0330 0.0347 0.0275
v -0.0293 0.0379 0.0284
v -0.0204 0.0384 0.0254
v -0.0195 0.0383 0.0257
v -0.0186 0.0384 0.0267
v 0.0053 0.0395 0.0317
v 0.0071 0.0390 0.0303
v 0.0086 0.0384 0.0312
v 0.0096 0.0375 0.0323
v 0.0099 0.0366 0.0336
v 0.0104 0.0355 0.0346
v 0.0112 0.0349 0.0350
v 0.0153 0.0348 0.0376
v 0.0176 0.0353 0.0386
v 0.0199 0.0359 0.0359
v -0.0736 0.0728 0.0330
v -0.0358 0.0368 0.0466
v -0.0516 0.0665 0.0364
v -0.0840 0.1133 0.0463
v -0.0600 0.0606 -0.0010
v -0.0592 0.0603 -0.0005
v -0.0718 0.0660 0.0225
v -0.0626 0.0348 0.0216
v -0.0577 0.0341 0.0270
v -0.0548 0.0341 0.0252
v -0.0491 0.0337 0.0261
v -0.0435 0.0338 0.0265
v -0.0402 0.0342 0.0269
v -0.0386 0.0342 0.0272
v -0.0366 0.0342 0.0275
v -0.0355 0.0342 0.0278
v -0.0317 0.0357 0.0273
v -0.0296 0.0378 0.0259
v -0.0278 0.0381 0.0274
v -0.0259 0.0384 0.0303
v -0.0233 0.0383 0.0278
v -0.0221 0.0384 0.0279
v -0.0212 0.0383 0.0271
v -0.0202 0.0385 0.0279
v -0.0147 0.0387 0.0306
v -0.0021 0.0393 0.0340
v 0.0034 0.0396 0.0331
v 0.0072 0.0390 0.0322
v 0.0084 0.0381 0.0329
v 0.0089 0.0373 0.0337
v 0.0085 0.0352 0.0363
v 0.0095 0.0348 0.0366
v 0.0110 0.0346 0.0371
v 0.0128 0.0347 0.0375
v 0.0195 0.0361 0.0386
v -0.0723 0.1478 -0.0266
v -0.0804 0.1087 0.0310
v -0.0751 0.1088 0.0390
v -0.0697 0.1101 0.0395
v -0.0641 0.0618 -0.0011
v -0.0633 0.0613 -0.0003
v -0.0610 0.0600 0.0017
v -0.0595 0.0596 0.0027
v -0.0641 0.0352 0.0227
v -0.0647 0.0352 0.0243
v -0.0631 0.0343 0.0252
v -0.0460 0.0338 0.0276
v -0.0404 0.0342 0.0290
v -0.0371 0.0342 0.0292
v -0.0361 0.0339 0.0293
v -0.0351 0.0345 0.0295
v -0.0341 0.0351 0.0300
v -0.0323 0.0360 0.0289
v -0.0303 0.0375 0.0277
v -0.0219 0.0385 0.0306
v 0.0017 0.0394 0.0330
v 0.0053 0.0394 0.0332
v 0.0062 0.0390 0.0334
v 0.0048 0.0353 0.0374
v 0.0058 0.0350 0.0376
v 0.0067 0.0347 0.0379
v 0.0087 0.0345 0.0383
v 0.0098 0.0346 0.0385
v 0.0112 0.0346 0.0409
v 0.0154 0.0351 0.0409
v -0.0715 0.1473 -0.0261
v -0.0783 0.1083 0.0354
v -0.0808 0.1096 0.0320
v -0.0842 0.1112 0.0280
v -0.0654 0.0620 0.0010
v -0.0636 0.0607 0.0028
v -0.0631 0.0602 0.0039
v -0.0592 0.0590 0.0045
v -0.0888 0.1126 0.0400
v -0.0640 0.0347 0.0249
v -0.0622 0.0343 0.0318
v -0.0550 0.0343 0.0299
v -0.0509 0.0344 0.0293
v -0.0449 0.0345 0.0307
v -0.0375 0.0344 0.0326
v -0.0368 0.0342 0.0310
v -0.0357 0.0345 0.0311
v -0.0312 0.0372 0.0299
v -0.0241 0.0385 0.0303
v -0.0082 0.0393 0.0363
v -0.0005 0.0394 0.0342
v 0.0025 0.0393 0.0345
v 0.0036 0.0391 0.0346
v 0.0021 0.0351 0.0387
v 0.0031 0.0349 0.0388
v 0.0049 0.0346 0.0392
v 0.0061 0.0346 0.0395
v 0.0078 0.0345 0.0399
v 0.0103 0.0347 0.0423
v 0.0178 0.0359 0.0408
v -0.0710 0.1481 -0.0324
v -0.0688 0.0633 0.0017
v -0.0654 0.0609 0.0039
v -0.0644 0.0600 0.0072
v -0.0600 0.0589 0.0062
v -0.0588 0.0583 0.0069
v -0.0641 0.0345 0.0276
v -0.0428 0.0345 0.0315
v -0.0363 0.0345 0.0327
v -0.0351 0.0350 0.0327
v -0.0303 0.0379 0.0321
v -0.0166 0.0390 0.0363
v -0.0120 0.0393 0.0373
v -0.0050 0.0393 0.0354
v -0.0019 0.0393 0.0355
v -0.0001 0.0391 0.0356
v -0.0015 0.0353 0.0395
v -0.0006 0.0349 0.0399
v 0.0004 0.0347 0.0401
v 0.0023 0.0346 0.0407
v 0.0045 0.0346 0.0422
v 0.0091 0.0347 0.0420
v 0.0120 0.0349 0.0424
v 0.0147 0.0354 0.0423
v 0.0162 0.0360 0.0423
v 0.0175 0.0365 0.0421
v -0.0574 0.0685 0.0375
v -0.0709 0.1476 -0.0300
v -0.0724 0.1088 0.0380
v -0.0765 0.1067 0.0353
v -0.0680 0.0618 0.0048
v -0.0648 0.0606 0.0056
v -0.0589 0.0582 0.0088
v -0.0805 0.1138 0.0466
v -0.0652 0.0347 0.0281
v -0.0457 0.0346 0.0376
v -0.0370 0.0344 0.0357
v -0.0360 0.0346 0.0346
v -0.0348 0.0351 0.0347
v -0.0325 0.0368 0.0328
v -0.0282 0.0387 0.0338
v -0.0095 0.0394 0.0375
v -0.0058 0.0393 0.0368
v -0.0039 0.0391 0.0367
v -0.0053 0.0353 0.0406
v -0.0043 0.0350 0.0408
v -0.0023 0.0347 0.0413
v -0.0011 0.0346 0.0424
v 0.0075 0.0348 0.0434
v 0.0097 0.0350 0.0434
v 0.0111 0.0353 0.0437
v 0.0133 0.0358 0.0436
v 0.0147 0.0362 0.0436
v 0.0159 0.0366 0.0435
v 0.0174 0.0374 0.0430
v -0.0718 0.1479 -0.0304
v -0.0737 0.1084 0.0380
v -0.0686 0.1479 -0.0314
v -0.0816 0.1133 0.0464
v -0.0724 0.0648 0.0044
v -0.0708 0.0639 0.0030
v -0.0703 0.0633 0.0039
v -0.0660 0.0599 0.0125
v -0.0629 0.0589 0.0110
v -0.0609 0.0584 0.0116
v -0.0598 0.0581 0.0130
v -0.0575 0.0575 0.0139
v -0.0553 0.0569 0.0126
v -0.0658 0.0349 0.0296
v -0.0651 0.0345 0.0313
v -0.0545 0.0345 0.0338
v -0.0418 0.0345 0.0376
v -0.0385 0.0345 0.0389
v -0.0354 0.0344 0.0374
v -0.0342 0.0347 0.0367
v -0.0301 0.0381 0.0341
v -0.0259 0.0390 0.0361
v -0.0076 0.0392 0.0377
v -0.0089 0.0354 0.0415
v -0.0074 0.0349 0.0420
v -0.0051 0.0346 0.0424
v -0.0039 0.0346 0.0429
v 0.0003 0.0347 0.0438
v 0.0026 0.0348 0.0441
v 0.0044 0.0349 0.0444
v 0.0067 0.0352 0.0446
v 0.0086 0.0355 0.0447
v 0.0097 0.0357 0.0448
v 0.0111 0.0361 0.0448
v 0.0133 0.0369 0.0445
v -0.0896 0.1151 0.0435
v -0.0571 0.0697 0.0383
v -0.0786 0.1071 0.0327
v -0.0778 0.1086 0.0370
v -0.0734 0.0660 0.0026
v -0.0726 0.0656 0.0029
v -0.0710 0.0632 0.0060
v -0.0693 0.0616 0.0076
v -0.0673 0.0608 0.0086
v -0.0819 0.1157 0.0482
v -0.0664 0.0351 0.0311
v -0.0636 0.0343 0.0331
v -0.0425 0.0346 0.0397
v -0.0327 0.0347 0.0388
v -0.0286 0.0383 0.0360
v -0.0157 0.0394 0.0384
v -0.0131 0.0394 0.0386
v -0.0113 0.0392 0.0388
v -0.0127 0.0353 0.0426
v -0.0111 0.0348 0.0431
v -0.0097 0.0347 0.0433
v -0.0070 0.0346 0.0440
v -0.0043 0.0346 0.0446
v -0.0022 0.0347 0.0451
v -0.0003 0.0349 0.0453
v 0.0017 0.0351 0.0454
v 0.0038 0.0355 0.0456
v 0.0049 0.0357 0.0456
v 0.0061 0.0359 0.0457
v 0.0072 0.0362 0.0456
v 0.0085 0.0367 0.0454
v 0.0099 0.0374 0.0451
v -0.0707 0.1473 -0.0278
v -0.0769 0.1085 0.0373
v -0.0741 0.0664 0.0040
v -0.0703 0.0619 0.0103
v -0.0686 0.0609 0.0116
v -0.0634 0.0591 0.0142
v -0.0617 0.0585 0.0135
v -0.0668 0.0355 0.0324
v -0.0660 0.0350 0.0330
v -0.0652 0.0347 0.0334
v -0.0593 0.0344 0.0367
v -0.0452 0.0346 0.0403
v -0.0410 0.0348 0.0405
v -0.0367 0.0347 0.0416
v -0.0336 0.0345 0.0406
v -0.0320 0.0345 0.0407
v -0.0300 0.0348 0.0411
v -0.0265 0.0384 0.0380
v -0.0249 0.0388 0.0382
v -0.0227 0.0391 0.0386
v -0.0173 0.0393 0.0395
v -0.0150 0.0391 0.0397
v -0.0165 0.0350 0.0437
v -0.0146 0.0348 0.0441
v -0.0123 0.0347 0.0446
v -0.0101 0.0346 0.0451
v -0.0072 0.0347 0.0458
v -0.0050 0.0348 0.0462
v -0.0032 0.0350 0.0463
v -0.0017 0.0352 0.0464
v 0.0002 0.0357 0.0465
v 0.0013 0.0359 0.0465
v 0.0025 0.0363 0.0463
v 0.0038 0.0367 0.0462
v 0.0051 0.0373 0.0458
v -0.0778 0.1132 0.0476
v -0.0685 0.1485 -0.0342
v -0.0769 0.1103 0.0446
v -0.0738 0.0657 0.0063
v -0.0732 0.0646 0.0080
v -0.0723 0.0634 0.0100
v -0.0654 0.0597 0.0145
v -0.0588 0.0581 0.0167
v -0.0665 0.0354 0.0343
v -0.0658 0.0348 0.0349
v -0.0648 0.0347 0.0352
v -0.0641 0.0346 0.0369
v -0.0622 0.0344 0.0380
v -0.0592 0.0345 0.0413
v -0.0558 0.0344 0.0377
v -0.0506 0.0346 0.0422
v -0.0470 0.0347 0.0424
v -0.0395 0.0347 0.0406
v -0.0385 0.0346 0.0409
v -0.0303 0.0347 0.0428
v -0.0280 0.0348 0.0429
v -0.0248 0.0348 0.0457
v -0.0194 0.0348 0.0447
v -0.0154 0.0347 0.0461
v -0.0126 0.0347 0.0472
v -0.0097 0.0348 0.0471
v -0.0077 0.0349 0.0473
v -0.0058 0.0352 0.0474
v -0.0037 0.0355 0.0475
v -0.0023 0.0360 0.0474
v -0.0012 0.0363 0.0473
v 0.0002 0.0371 0.0468
v -0.0517 0.0692 0.0379
v -0.0498 0.0691 0.0386
v -0.0705 0.0622 0.0117
v -0.0697 0.0615 0.0127
v -0.0683 0.0608 0.0138
v -0.0676 0.0607 0.0154
v -0.0637 0.0594 0.0158
v -0.0623 0.0593 0.0172
v -0.0584 0.0589 0.0194
v -0.0667 0.0361 0.0354
v -0.0661 0.0353 0.0361
v -0.0653 0.0349 0.0367
v -0.0442 0.0347 0.0414
v -0.0427 0.0348 0.0415
v -0.0407 0.0351 0.0417
v -0.0390 0.0351 0.0422
v -0.0379 0.0351 0.0424
v -0.0370 0.0349 0.0427
v -0.0360 0.0347 0.0431
v -0.0351 0.0347 0.0433
v -0.0335 0.0349 0.0448
v -0.0182 0.0347 0.0473
v -0.0116 0.0349 0.0481
v -0.0100 0.0351 0.0483
v -0.0084 0.0354 0.0485
v -0.0072 0.0356 0.0485
v -0.0061 0.0358 0.0486
v -0.0049 0.0362 0.0485
v -0.0037 0.0367 0.0482
v -0.0749 0.1072 0.0370
v -0.0697 0.1490 -0.0380
v -0.0529 0.0677 0.0373
v -0.0884 0.1120 0.0374
v -0.0726 0.0640 0.0117
v -0.0715 0.0631 0.0127
v -0.0711 0.0627 0.0147
v -0.0661 0.0605 0.0174
v -0.0629 0.0598 0.0187
v -0.0657 0.0354 0.0379
v -0.0649 0.0350 0.0384
v -0.0640 0.0348 0.0388
v -0.0612 0.0345 0.0410
v -0.0574 0.0346 0.0438
v -0.0547 0.0347 0.0442
v -0.0447 0.0350 0.0427
v -0.0435 0.0352 0.0428
v -0.0413 0.0357 0.0429
v -0.0401 0.0360 0.0428
v -0.0382 0.0358 0.0435
v -0.0373 0.0355 0.0439
v -0.0356 0.0350 0.0447
v -0.0346 0.0348 0.0451
v -0.0286 0.0349 0.0475
v -0.0230 0.0349 0.0509
v -0.0218 0.0348 0.0494
v -0.0173 0.0350 0.0502
v -0.0149 0.0350 0.0492
v -0.0127 0.0352 0.0494
v -0.0109 0.0356 0.0495
v -0.0098 0.0359 0.0495
v -0.0086 0.0362 0.0495
v -0.0074 0.0367 0.0492
v -0.0757 0.1075 0.0366
v -0.0791 0.0710 0.0060
v -0.0778 0.0697 0.0074
v -0.0772 0.0690 0.0089
v -0.0596 0.0727 0.0404
v -0.0742 0.0657 0.0125
v -0.0725 0.0645 0.0132
v -0.0659 0.0362 0.0389
v -0.0652 0.0356 0.0395
v -0.0645 0.0351 0.0401
v -0.0636 0.0349 0.0405
v -0.0627 0.0347 0.0409
v -0.0532 0.0345 0.0430
v -0.0513 0.0346 0.0435
v -0.0485 0.0349 0.0437
v -0.0454 0.0355 0.0439
v -0.0439 0.0357 0.0440
v -0.0426 0.0363 0.0438
v -0.0416 0.0367 0.0435
v -0.0875 0.1120 0.0411
v -0.0374 0.0365 0.0447
v -0.0366 0.0360 0.0453
v -0.0357 0.0356 0.0459
v -0.0341 0.0351 0.0466
v -0.0332 0.0349 0.0470
v -0.0322 0.0349 0.0472
v -0.0309 0.0349 0.0492
v -0.0278 0.0349 0.0500
v -0.0193 0.0348 0.0501
v -0.0157 0.0353 0.0505
v -0.0138 0.0358 0.0505
v -0.0123 0.0362 0.0504
v -0.0111 0.0366 0.0502
v -0.0098 0.0373 0.0498
v -0.0646 0.0359 0.0410
v -0.0639 0.0354 0.0417
v -0.0629 0.0351 0.0422
v -0.0610 0.0347 0.0428
v -0.0527 0.0349 0.0446
v -0.0476 0.0357 0.0449
v -0.0508 0.0715 0.0398
v -0.0352 0.0362 0.0472
v -0.0344 0.0358 0.0477
v -0.0336 0.0354 0.0482
v -0.0326 0.0352 0.0485
v -0.0317 0.0350 0.0489
v -0.0298 0.0349 0.0495
v -0.0209 0.0351 0.0513
v -0.0195 0.0352 0.0514
v -0.0183 0.0354 0.0515
v -0.0467 0.1480 -0.0032
v -0.0692 0.1496 -0.0402
v -0.0496 0.1455 -0.0007
v -0.0688 0.1503 -0.0424
v -0.0261 0.1562 -0.0079
v -0.0657 0.1556 -0.0511
v -0.0434 0.1504 -0.0053
v -0.0643 0.1490 -0.0274
v -0.0353 0.1522 -0.0055
v -0.0242 0.1585 -0.0113
v -0.0100 0.1758 -0.0292
v -0.0654 0.1549 -0.0461
v -0.0636 0.1437 -0.0095
v -0.0651 0.1488 -0.0290
v -0.0284 0.1549 -0.0060
v -0.0169 0.1602 -0.0118
v -0.0647 0.1434 -0.0114
v -0.0096 0.1715 -0.0271
v -0.0633 0.1456 -0.0131
v -0.0675 0.1478 -0.0299
v -0.0298 0.1543 -0.0051
v -0.0181 0.1594 -0.0104
v -0.0511 0.1455 -0.0009
v -0.0658 0.1502 -0.0346
v -0.0624 0.1629 -0.0581
v -0.0641 0.1462 -0.0170
v -0.0118 0.1663 -0.0212
v -0.0615 0.1670 -0.0605
v -0.0672 0.1442 -0.0156
v -0.0638 0.1514 -0.0319
v -0.0477 0.1446 0.0044
v -0.0646 0.1444 -0.0132
v -0.0651 0.1531 -0.0399
v -0.0181 0.1606 -0.0129
v -0.0640 0.1597 -0.0563
v -0.0665 0.1522 -0.0437
v -0.0660 0.1434 -0.0125
v -0.0331 0.1538 -0.0072
v -0.0169 0.1629 -0.0160
v -0.0457 0.1477 -0.0030
v -0.0329 0.1554 -0.0096
v -0.0658 0.1451 -0.0174
v -0.0696 0.1504 -0.0430
v -0.0408 0.1513 -0.0062
v -0.0323 0.1532 -0.0050
v -0.0708 0.1448 -0.0182
v -0.0672 0.1526 -0.0477
v -0.0657 0.1536 -0.0438
v -0.0112 0.1673 -0.0225
v -0.0669 0.1507 -0.0389
v -0.0156 0.1643 -0.0177
v -0.0447 0.1467 -0.0005
v -0.0677 0.1499 -0.0381
v -0.0226 0.1572 -0.0076
v -0.0211 0.1612 -0.0141
v -0.0652 0.1443 -0.0141
v -0.0666 0.1528 -0.0468
v -0.0509 0.1414 0.0017
v -0.0617 0.1647 -0.0587
v -0.0122 0.1688 -0.0237
v -0.0446 0.1476 -0.0026
v -0.0218 0.1582 -0.0095
v -0.0660 0.1541 -0.0479
v -0.0139 0.1664 -0.0204
v -0.0228 0.1584 -0.0107
v -0.0501 0.1430 0.0024
v -0.0128 0.1650 -0.0192
v -0.0530 0.1399 -0.0003
v -0.0653 0.1513 -0.0360
v -0.0650 0.1568 -0.0519
v -0.0609 0.1698 -0.0609
v -0.0689 0.1512 -0.0444
v -0.0422 0.1483 -0.0025
v -0.0619 0.1656 -0.0601
v -0.0292 0.1566 -0.0100
v -0.0683 0.1451 -0.0205
v -0.0649 0.1467 -0.0209
v -0.0684 0.1520 -0.0462
v -0.0659 0.1442 -0.0149
v -0.0283 0.1559 -0.0086
v -0.0494 0.1441 0.0017
v -0.0471 0.1462 -0.0011
v -0.0453 0.1499 -0.0048
v -0.0478 0.1483 -0.0033
v -0.0685 0.1409 -0.0083
v -0.0637 0.1488 -0.0241
v -0.0633 0.1412 -0.0070
v -0.0718 0.1461 -0.0214
v -0.0657 0.1458 -0.0198
v -0.0650 0.1414 -0.0079
v -0.0668 0.1457 -0.0211
v -0.0106 0.1719 -0.0272
v -0.0101 0.1681 -0.0236
v -0.0294 0.1550 -0.0073
v -0.0644 0.1468 -0.0200
v -0.0289 0.1584 -0.0123
v -0.0655 0.1472 -0.0242
v -0.0704 0.1491 -0.0386
v -0.0268 0.1578 -0.0111
v -0.0641 0.1587 -0.0546
v -0.0692 0.1451 -0.0204
v -0.0095 0.1742 -0.0286
v -0.0712 0.1493 -0.0391
v -0.0701 0.1469 -0.0264
v -0.0103 0.1705 -0.0262
v -0.0612 0.1684 -0.0607
v -0.0686 0.1497 -0.0393
v -0.0202 0.1604 -0.0131
v -0.0669 0.1519 -0.0449
v -0.0644 0.1453 -0.0151
v -0.0649 0.1451 -0.0160
v -0.0667 0.1417 -0.0089
v -0.0100 0.1730 -0.0279
v -0.0664 0.1537 -0.0486
v -0.0660 0.1464 -0.0226
v -0.0664 0.1493 -0.0336
v -0.0629 0.1631 -0.0591
v -0.0662 0.1478 -0.0284
v -0.0643 0.1582 -0.0525
v -0.0645 0.1482 -0.0255
v -0.0649 0.1496 -0.0310
v -0.0189 0.1618 -0.0147
v -0.0661 0.1531 -0.0458
v -0.0672 0.1484 -0.0324
v -0.0482 0.1443 0.0034
v -0.0698 0.1446 -0.0179
v -0.0674 0.1435 -0.0132
v -0.0703 0.1463 -0.0239
v -0.0704 0.1425 -0.0105
v -0.0639 0.1470 -0.0189
v -0.0647 0.1460 -0.0180
v -0.0680 0.1504 -0.0414
v -0.0401 0.1500 -0.0044
v -0.0678 0.1511 -0.0437
v -0.0713 0.1445 -0.0156
v -0.0652 0.1568 -0.0532
v -0.0501 0.1442 0.0010
v -0.0637 0.1479 -0.0208
v -0.0673 0.1513 -0.0427
v -0.0675 0.1519 -0.0457
v -0.0628 0.1441 -0.0072
v -0.0694 0.1458 -0.0235
v -0.0109 0.1661 -0.0210
v -0.0670 0.1546 -0.0511
v -0.0106 0.1745 -0.0287
v -0.0658 0.1486 -0.0302
v -0.0660 0.1527 -0.0419
v -0.0674 0.1406 -0.0081
v -0.0715 0.1501 -0.0417
v -0.0701 0.1496 -0.0411
v -0.0102 0.1693 -0.0249
v -0.0644 0.1426 -0.0086
v -0.0669 0.1515 -0.0415
v -0.0514 0.1427 0.0007
v -0.0711 0.1435 -0.0129
v -0.0683 0.1471 -0.0279
v -0.0712 0.1466 -0.0240
v -0.0725 0.1446 -0.0159
v -0.0658 0.1548 -0.0494
v -0.0651 0.1426 -0.0093
v -0.0634 0.1604 -0.0556
v -0.0640 0.1444 -0.0124
v -0.0484 0.1450 0.0005
v -0.0646 0.1475 -0.0231
v -0.0688 0.1465 -0.0259
v -0.0712 0.1510 -0.0437
v -0.0506 0.1429 0.0015
v -0.0675 0.1491 -0.0351
v -0.0630 0.1427 -0.0071
v -0.0634 0.1608 -0.0570
v -0.0471 0.1453 0.0006
v -0.0725 0.1436 -0.0104
v -0.0130 0.1635 -0.0167
v -0.0700 0.1432 -0.0127
v -0.0262 0.1558 -0.0064
v -0.0633 0.1466 -0.0148
v -0.0637 0.1464 -0.0159
v -0.0615 0.1698 -0.0615
v -0.0638 0.1454 -0.0142
v -0.0676 0.1419 -0.0094
v -0.0637 0.1426 -0.0079
v -0.0634 0.1446 -0.0114
v -0.0092 0.1691 -0.0244
v -0.0521 0.1429 0.0001
v -0.0655 0.1576 -0.0545
v -0.0640 0.1500 -0.0291
v -0.0093 0.1703 -0.0258
v -0.0636 0.1473 -0.0177
v -0.0475 0.1470 -0.0022
v -0.0209 0.1581 -0.0082
v -0.0641 0.1435 -0.0105
v -0.0671 0.1536 -0.0495
v -0.0665 0.1426 -0.0107
v -0.0647 0.1586 -0.0555
v -0.0670 0.1471 -0.0266
v -0.0653 0.1479 -0.0271
v -0.0714 0.1431 -0.0104
v -0.0641 0.1477 -0.0220
v -0.0329 0.1566 -0.0108
v -0.0663 0.1471 -0.0259
v -0.0668 0.1449 -0.0186
v -0.0275 0.1552 -0.0047
v -0.0509 0.1442 0.0004
v -0.0662 0.1545 -0.0506
v -0.0630 0.1459 -0.0119
v -0.0648 0.1598 -0.0568
v -0.0705 0.1506 -0.0435
v -0.0310 0.1537 -0.0035
v -0.0536 0.0568 0.0160
v -0.0550 0.0573 0.0172
v -0.0281 0.0372 0.0381
v -0.0139 0.0360 0.0425
v -0.0308 0.0365 0.0371
v -0.0069 0.0373 0.0394
v 0.0040 0.0375 0.0358
v 0.0020 0.0385 0.0355
v -0.0012 0.0385 0.0365
v -0.0318 0.0367 0.0352
v -0.0038 0.0357 0.0400
v -0.0087 0.0387 0.0384
v -0.0273 0.0358 0.0410
v -0.0114 0.0364 0.0415
v -0.0162 0.0363 0.0424
v -0.0303 0.0355 0.0396
v -0.0001 0.0359 0.0388
v 0.0022 0.0366 0.0372
v 0.0015 0.0394 0.0344
v -0.0191 0.0358 0.0431
v -0.0230 0.0379 0.0399
v 0.0054 0.0382 0.0346
v -0.0073 0.0362 0.0405
v -0.0038 0.0377 0.0381
v -0.0221 0.0363 0.0422
v -0.0252 0.0361 0.0416
v -0.0202 0.0380 0.0403
v -0.0126 0.0385 0.0397
v -0.0143 0.0374 0.0411
v -0.0172 0.0378 0.0409
v -0.0033 0.0348 0.0411
v 0.0062 0.0362 0.0362
v -0.0259 0.0374 0.0393
v -0.0412 0.0347 0.0253
v -0.0411 0.0356 0.0237
v -0.0410 0.0402 0.0156
v -0.0405 0.0391 0.0128
v -0.0383 0.0385 0.0154
v -0.0490 0.0337 0.0236
v -0.0507 0.0345 0.0170
v -0.0495 0.0356 0.0162
v -0.0499 0.0356 0.0115
v -0.0438 0.0382 0.0105
v -0.0419 0.0385 0.0113
v -0.0479 0.0375 0.0120
v -0.0486 0.0346 0.0205
v -0.0477 0.0358 0.0192
v -0.0458 0.0360 0.0209
v -0.0459 0.0390 0.0166
v -0.0445 0.0396 0.0170
v -0.0444 0.0401 0.0159
v -0.0388 0.0389 0.0161
v -0.0396 0.0388 0.0180
v -0.0397 0.0383 0.0194
v -0.0515 0.0345 0.0138
v -0.0504 0.0353 0.0133
v -0.0450 0.0344 0.0242
v -0.0437 0.0354 0.0230
v -0.0434 0.0380 0.0199
v -0.0479 0.0375 0.0153
v -0.0455 0.0396 0.0153
v -0.0389 0.0359 0.0231
v -0.0398 0.0396 0.0152
v -0.0395 0.0390 0.0137
v -0.0444 0.0402 0.0148
v -0.0383 0.0377 0.0188
v -0.0407 0.0386 0.0195
v -0.0487 0.0370 0.0126
v -0.0412 0.0402 0.0164
v -0.0419 0.0396 0.0128
v -0.0433 0.0404 0.0153
v -0.0455 0.0339 0.0257
v -0.0445 0.0397 0.0128
v -0.0458 0.0391 0.0123
v -0.0497 0.0339 0.0218
v -0.0525 0.0338 0.0157
v -0.0417 0.0385 0.0197
v -0.0376 0.0361 0.0217
v -0.0460 0.0350 0.0222
v -0.0373 0.0371 0.0170
v -0.0448 0.0390 0.0116
v -0.0434 0.0395 0.0123
v -0.0472 0.0362 0.0094
v -0.0422 0.0369 0.0215
v -0.0435 0.0401 0.0168
v -0.0467 0.0388 0.0131
v -0.0514 0.0345 0.0111
v -0.0520 0.0338 0.0186
v -0.0420 0.0399 0.0172
v -0.0432 0.0402 0.0138
v -0.0457 0.0381 0.0108
v -0.0406 0.0376 0.0208
v -0.0369 0.0366 0.0150
v -0.0421 0.0404 0.0149
v -0.0453 0.0397 0.0138
v -0.0411 0.0400 0.0142
v -0.0421 0.0404 0.0160
v -0.0470 0.0386 0.0143
v -0.0455 0.0369 0.0095
v -0.0402 0.0396 0.0167
v -0.0471 0.0373 0.0108
v -0.0487 0.0362 0.0105
v -0.0285 0.0373 0.0097
v -0.0313 0.0366 0.0061
v -0.0281 0.0367 0.0130
v -0.0365 0.0374 -0.0031
v -0.0296 0.0353 0.0133
v -0.0407 0.0345 -0.0037
v -0.0377 0.0345 0.0014
v -0.0317 0.0376 0.0028
v -0.0339 0.0356 0.0040
v -0.0388 0.0349 -0.0012
v -0.0413 0.0339 -0.0019
v -0.0304 0.0356 0.0100
v -0.0336 0.0374 0.0009
v -0.0399 0.0353 -0.0052
v -0.0326 0.0348 0.0075
v 0.0179 0.0381 0.0085
v 0.0099 0.0358 0.0154
v 0.0116 0.0384 0.0112
v 0.0133 0.0391 0.0092
v 0.0111 0.0383 0.0099
v 0.0129 0.0379 0.0065
v 0.0162 0.0382 0.0149
v 0.0191 0.0381 0.0139
v 0.0080 0.0359 0.0094
v 0.0148 0.0360 0.0183
v 0.0097 0.0363 0.0061
v 0.0156 0.0387 0.0081
v 0.0170 0.0353 0.0201
v 0.0118 0.0356 0.0177
v 0.0124 0.0385 0.0081
v 0.0122 0.0388 0.0095
v 0.0092 0.0351 0.0167
v 0.0149 0.0386 0.0138
v 0.0079 0.0353 0.0131
v 0.0187 0.0383 0.0109
v 0.0177 0.0383 0.0145
v 0.0193 0.0368 0.0168
v 0.0146 0.0380 0.0064
v 0.0167 0.0391 0.0115
v 0.0211 0.0370 0.0126
v 0.0154 0.0392 0.0115
v 0.0133 0.0390 0.0106
v 0.0140 0.0389 0.0082
v 0.0162 0.0379 0.0068
v 0.0167 0.0389 0.0095
v 0.0089 0.0363 0.0076
v 0.0151 0.0366 0.0049
v 0.0148 0.0392 0.0096
v 0.0112 0.0382 0.0088
f 6542 6198 6544
f 3477 2856 1254
f 6434 6435 6466
f 5007 7199 3814
f 4422 4392 2020
f 923 109 5
f 5 109 221
f 881 924 833
f 5 221 883
f 682 5096 5171
f 4839 923 903
f 64 2440 5133
f 6890 6855 6891
f 7407 6320 5186
f 5509 5510 5540
f 4971 5046 5072
f 4524 4525 5057
f 5096 682 4992
f 4893 1511 4796
f 4869 5065 5102
f 5065 879 5102
f 173 76 442
f 6257 6658 10387
f 4886 54 4823
f 5586 5541 5587
f 1834 2440 5017
f 1044 5088 1555
f 322 288 830
f 2425 4054 6577
f 1977 962 4842
f 4597 4967 4434
f 3853 4434 5099
f 3905 4392 4422
f 4958 4959 4982
f 2003 5196 5197
f 5009 5010 5034
f 5108 5034 5135
f 222 758 415
f 1562 1881 915
f 10302 10339 10364
f 1243 5146 6173
f 5146 3193 6173
f 3476 3447 4522
f 5326 8036 8449
f 6648 6647 6957
f 2697 4409 2020
f 886 1079 1889
f 1284 1382 288
f 142 1578 1881
f 4843 4866 4889
f 710 267 906
f 4796 821 4893
f 5252 4314 6313
f 74 500 4840
f 7296 9247 9270
f 7095 7096 7131
f 6369 6370 6446
f 5642 1531 1617
f 432 6928 6964
f 4911 4411 7250
f 288 1382 830
f 5105 4986 5106
f 6855 6856 6891
f 4889 4866 4914
f 817 277 4840
f 546 1887 5159
f 10358 6257 10387
f 6172 1302 4891
f 7132 7097 7133
f 369 138 209
f 7059 7060 7097
f 2962 3631 3652
f 923 4917 903
f 961 1695 758
f 8690 10302 8335
f 190 134 1284
f 6542 6544 6864
f 7102 3861 10318
f 607 62 710
f 4819 4826 4832
f 4911 7250 136
f 883 1017 1863
f 322 830 108
f 502 4856 2060
f 7914 7890 9496
f 368 1561 190
f 5033 4986 5105
f 1315 111 830
f 1074 5210 5245
f 5159 1887 5160
f 5187 5161 1096
f 1411 4643 4912
f 439 1106 6
f 96 4081 2106
f 4341 1644 4542
f 856 619 879
f 1284 134 1382
f 357 85 2511
f 3930 21 3726
f 1815 809 1255
f 7521 7520 6316
f 386 385 1010
f 2243 4966 5102
f 2243 5102 879
f 4869 4966 5116
f 2868 4853 1011
f 4750 4984 4749
f 325 75 814
f 3574 1930 5075
f 9967 9939 9968
f 3814 7143 7254
f 6892 6893 6919
f 6892 6856 6893
f 1017 198 837
f 7250 7251 136
f 1302 4445 4891
f 4359 6073 4611
f 7059 7024 7060
f 4966 4869 5102
f 1695 4869 5116
f 4869 4870 5065
f 4870 879 5065
f 635 830 1018
f 6890 6891 6917
f 3543 4082 10413
f 5247 5248 837
f 134 190 1561
f 1118 1117 5875
f 85 217 5066
f 2816 3176 295
f 5176 5224 5258
f 4217 4641 4026
f 4984 4935 4985
f 1263 551 188
f 5187 1315 5161
f 111 1315 5187
f 633 635 958
f 551 366 188
f 1018 958 635
f 366 551 745
f 837 198 745
f 4026 2475 4217
f 961 4869 1695
f 4869 961 4870
f 561 917 1509
f 111 1018 830
f 809 1815 4971
f 501 1018 1009
f 633 366 635
f 1881 1578 2003
f 3932 1788 10413
f 821 4796 4955
f 5540 5541 5586
f 4262 4809 4812
f 5637 4421 4560
f 7915 9496 9515
f 762 1232 4915
f 633 4957 188
f 1797 1508 5164
f 4957 1263 188
f 4957 633 4
f 501 4 633
f 267 209 906
f 35 170 168
f 756 1455 695
f 4839 4993 923
f 5258 5224 2003
f 8968 8167 10436
f 6918 6892 6919
f 751 3857 5032
f 369 504 503
f 4488 3954 10301
f 1561 368 134
f 109 923 4993
f 8036 8038 8039
f 4122 3952 4083
f 250 6 1106
f 7192 7130 7193
f 6472 6473 6502
f 309 138 443
f 8036 3958 8038
f 1102 310 1119
f 1119 497 29
f 1797 1232 762
f 4984 4912 4935
f 1508 702 3185
f 5267 5247 837
f 9733 9699 9764
f 5105 5106 5176
f 1403 54 1645
f 702 1325 3185
f 170 35 909
f 4757 4734 4774
f 5009 4960 5010
f 762 821 4955
f 8897 10241 10375
f 5029 6541 5049
f 5029 4361 7143
f 7139 7255 4741
f 4998 6771 6794
f 5267 5214 5247
f 7317 7546 7738
f 906 209 905
f 5007 6957 7199
f 702 503 1325
f 1497 1452 1783
f 795 854 1497
f 854 795 2659
f 795 2146 2659
f 29 1102 1119
f 802 355 2145
f 355 744 2145
f 1232 1797 5164
f 436 501 497
f 497 501 29
f 4967 4597 6064
f 2895 1168 8952
f 6541 3593 5049
f 168 676 35
f 4889 4914 4940
f 8756 10347 10255
f 4940 4914 4941
f 1181 1257 1408
f 4913 4937 4988
f 2918 4451 4002
f 4833 4834 4843
f 71 2015 310
f 356 2438 5092
f 998 6064 7139
f 6514 6172 6515
f 4434 3853 6476
f 1593 1886 1924
f 4182 3990 1180
f 1254 3095 4943
f 1743 955 1783
f 955 1497 1783
f 796 795 1497
f 2146 796 912
f 795 796 2146
f 741 801 912
f 801 2146 912
f 801 741 1636
f 355 743 744
f 743 355 1636
f 744 743 2141
f 5496 6047 7401
f 10231 10270 10312
f 4833 4828 4834
f 4827 4828 4833
f 1330 204 353
f 4341 4542 544
f 1562 142 1881
f 1331 1977 4842
f 69 68 1578
f 10314 10231 10419
f 5091 5090 5160
f 5090 5091 1412
f 174 971 5267
f 2901 356 2871
f 1246 1403 1645
f 9885 9819 9886
f 4002 4451 3527
f 1977 1331 5032
f 1975 2060 4856
f 503 504 1325
f 566 3175 507
f 1593 1497 1886
f 1497 955 1886
f 796 1497 1593
f 743 28 2141
f 2141 483 696
f 2141 28 483
f 4493 4431 4462
f 3686 3170 4753
f 6957 6647 7199
f 6435 8243 8285
f 4920 822 4898
f 3731 6790 6828
f 1578 142 123
f 5091 215 1412
f 17 971 174
f 882 1199 1931
f 6856 6857 6893
f 605 4337 10435
f 508 566 507
f 7024 6984 7025
f 2179 3608 3981
f 2697 1255 4409
f 7162 7163 7193
f 3433 3434 3463
f 1368 1216 8660
f 6130 6131 6162
f 5090 5159 5160
f 1634 1593 1924
f 955 1165 1886
f 797 796 1634
f 796 1593 1634
f 912 796 79
f 796 797 79
f 680 741 79
f 741 912 79
f 1636 741 680
f 557 1636 680
f 557 743 1636
f 478 743 557
f 478 28 743
f 547 617 483
f 2681 5911 10429
f 2016 1690 676
f 5146 1243 3444
f 62 267 710
f 4915 821 762
f 2092 4338 6101
f 7223 7195 7196
f 7462 7507 7610
f 6504 5790 5808
f 4724 3223 4834
f 10267 10247 10423
f 5046 4911 5072
f 6198 1500 6193
f 923 250 4917
f 7025 6984 7026
f 1254 2918 3095
f 174 551 17
f 1634 238 1686
f 238 1634 1924
f 679 797 1686
f 797 1634 1686
f 797 679 79
f 84 28 478
f 28 84 483
f 547 38 617
f 7025 7026 7061
f 5176 5106 5152
f 4584 133 6519
f 4747 5237 9019
f 3686 543 298
f 903 4917 1718
f 2397 1402 711
f 138 369 503
f 1009 1018 111
f 4825 4832 4864
f 4338 2092 4622
f 822 1529 1837
f 4984 4985 5033
f 4054 4646 6577
f 4024 1162 1689
f 1828 4002 4992
f 4002 1828 3905
f 2851 1273 5757
f 1017 883 198
f 4377 5129 835
f 7965 2684 1417
f 7996 1369 3929
f 3884 140 2684
f 1494 1447 1737
f 6655 5290 6167
f 117 194 254
f 1686 238 1740
f 679 1686 1740
f 60 79 679
f 79 678 680
f 79 60 678
f 680 678 232
f 680 232 557
f 232 478 557
f 105 547 483
f 121 38 547
f 121 311 38
f 4854 856 1718
f 856 903 1718
f 4854 619 856
f 879 619 4884
f 4884 2243 879
f 7511 8994 7573
f 2767 3686 4753
f 3686 298 3170
f 1690 543 3686
f 4774 4758 4789
f 4059 4128 4430
f 3090 4181 3138
f 800 803 1513
f 607 4583 5239
f 501 436 4
f 5233 5213 5214
f 6511 4347 6512
f 6545 6215 6546
f 1305 6060 6239
f 4890 2880 5789
f 133 4584 6064
f 1009 920 1102
f 29 501 1009
f 8357 8358 8392
f 8247 8211 8248
f 1400 238 1447
f 1740 238 545
f 1740 2474 679
f 1740 545 2474
f 16 60 2474
f 2474 60 679
f 610 678 16
f 678 60 16
f 675 610 16
f 678 610 232
f 232 367 478
f 478 367 84
f 810 84 367
f 84 810 483
f 483 810 105
f 547 105 121
f 4673 4674 4734
f 4059 4181 3090
f 8210 8211 8247
f 5176 5152 5224
f 9765 9766 9792
f 9887 9851 9888
f 3940 3939 9246
f 2767 4753 4789
f 5116 712 1695
f 803 85 5066
f 7143 4361 7254
f 971 5246 5267
f 4576 3886 4728
f 6893 6857 6894
f 7223 7196 7252
f 1398 6160 6509
f 4434 6449 6899
f 1009 111 5187
f 2549 2510 2950
f 8287 8247 8288
f 8247 8248 8288
f 8319 8288 8320
f 1216 8133 8660
f 1400 1447 2049
f 1447 1494 2049
f 1400 1791 238
f 1791 545 238
f 2474 545 16
f 57 810 367
f 1358 1930 3574
f 8761 8726 8786
f 8031 2656 1415
f 4713 4673 4734
f 4673 4626 4674
f 2512 123 5372
f 5763 5953 6103
f 756 52 2101
f 4184 4214 4509
f 8287 8288 8319
f 7593 7567 4488
f 37 1579 803
f 174 745 551
f 436 4957 4
f 1119 922 497
f 2167 4881 2166
f 7163 7164 7195
f 6771 6509 6794
f 8301 8326 8583
f 5212 5213 5233
f 2401 2357 2442
f 8583 8643 8985
f 8319 8320 8358
f 8358 8320 8359
f 4333 7148 6003
f 8660 8133 8077
f 8610 8611 8655
f 1400 2049 2138
f 2138 104 1400
f 104 1791 1400
f 1791 542 545
f 104 542 1791
f 545 542 16
f 1409 41 5304
f 172 675 16
f 731 670 732
f 3132 4732 4754
f 792 735 899
f 898 792 899
f 732 733 791
f 5405 5363 10201
f 810 57 479
f 810 479 105
f 4030 3982 1462
f 123 499 563
f 69 123 563
f 4376 4113 7651
f 3814 7141 1499
f 7462 6738 6706
f 6738 7462 7610
f 6738 7525 6706
f 4168 4135 4169
f 10425 10395 10386
f 4753 4774 4789
f 6255 6295 5723
f 800 37 803
f 4957 436 1263
f 5233 5214 5267
f 8738 7934 10317
f 10406 10340 10407
f 10426 10350 10430
f 9127 9152 9172
f 7967 10264 10403
f 6509 6510 6794
f 7255 4484 4741
f 2520 2442 2521
f 8358 8359 8419
f 7299 8040 1046
f 1319 9025 7242
f 8857 8858 8892
f 2048 2049 2553
f 2049 148 2553
f 2049 2048 2138
f 172 16 240
f 1625 1539 1674
f 413 2882 2929
f 2006 1962 2089
f 2540 2541 2576
f 898 899 941
f 940 941 3311
f 1188 1133 1189
f 1141 1343 1299
f 670 671 732
f 746 689 747
f 909 806 95
f 9626 9565 9653
f 7626 4244 7352
f 4221 4168 4196
f 4375 4113 4376
f 6597 6528 8417
f 2390 2391 2430
f 747 748 859
f 7626 4293 4244
f 4804 1011 4853
f 3079 4958 4982
f 221 109 108
f 8419 8359 8442
f 7661 7660 4026
f 2022 1978 2108
f 5404 5363 5405
f 5011 4962 5763
f 4334 4741 4484
f 7249 7222 7250
f 5246 5212 5267
f 1115 5873 5874
f 2442 2357 2479
f 2442 2479 2521
f 2560 2521 2561
f 2390 2345 2391
f 2300 2174 2301
f 533 534 597
f 8892 8893 8923
f 1827 2048 2553
f 2048 1827 2138
f 104 1352 542
f 16 1352 240
f 1352 16 542
f 477 413 2928
f 2506 2466 2540
f 2577 2578 2987
f 169 1493 1395
f 424 169 1395
f 1030 1031 1089
f 602 603 670
f 732 671 733
f 4097 4038 4135
f 8617 8662 2623
f 10265 10391 10424
f 4693 7329 6044
f 4346 4220 4113
f 95 806 1244
f 4346 4113 4375
f 4202 4201 4176
f 6130 5470 6131
f 858 747 859
f 949 858 950
f 6234 6235 6269
f 2223 2256 2395
f 2263 879 4870
f 1887 581 1383
f 7022 6983 7023
f 3958 6104 8038
f 2262 436 497
f 5166 5167 5213
f 6743 6744 6767
f 437 2262 857
f 2023 1978 5755
f 2266 2190 2267
f 5991 8301 8985
f 5212 5233 5267
f 2479 2357 2402
f 2521 2479 2561
f 10380 10234 10362
f 2391 2300 2392
f 8418 8419 8441
f 2138 1827 2435
f 140 6643 8929
f 1549 104 2138
f 1549 2138 2435
f 1306 1352 1549
f 1352 104 1549
f 1352 1306 240
f 2540 2466 2541
f 981 939 1031
f 472 473 538
f 670 603 671
f 602 538 603
f 283 284 344
f 472 410 473
f 8665 8971 8128
f 10276 10365 10388
f 283 225 284
f 52 1458 2101
f 4037 3987 4038
f 2507 2508 2543
f 2507 2431 2508
f 916 2609 2647
f 3640 3613 3641
f 2542 2507 2543
f 1962 1914 2007
f 5794 6446 5795
f 6865 6546 3855
f 6545 6546 6865
f 961 758 1248
f 879 2263 190
f 6073 3527 4611
f 4967 5099 4434
f 633 188 366
f 857 2262 497
f 2108 2023 2109
f 1978 2023 2108
f 2190 2108 2267
f 2266 2267 2358
f 2402 2358 2480
f 2479 2402 2480
f 2561 2479 2562
f 2479 2480 2562
f 690 748 747
f 735 674 793
f 1825 1826 1874
f 1295 1188 1296
f 4239 4787 4261
f 3865 4768 3132
f 2950 2510 3556
f 4212 4732 3132
f 2506 2465 2466
f 1824 1730 1825
f 1030 981 1031
f 1299 848 1141
f 3865 3132 4710
f 78 6865 3855
f 9900 9722 10334
f 422 56 1790
f 10270 10231 10313
f 1503 3240 4235
f 4166 4167 4195
f 4194 4166 4195
f 983 1199 612
f 4561 4530 4497
f 3987 4013 4038
f 690 691 748
f 622 623 690
f 10247 10412 10421
f 4064 4097 4134
f 4589 4497 4590
f 6918 6919 6950
f 7193 7194 7223
f 856 879 190
f 903 856 4839
f 7131 7096 7132
f 3571 3216 3656
f 7324 7525 7730
f 7131 7132 7162
f 971 17 838
f 4948 436 2262
f 4060 7429 7593
f 6854 6826 6855
f 2109 2023 2063
f 2562 2480 2563
f 10422 10374 10434
f 690 623 691
f 691 692 748
f 1539 1540 1585
f 1027 980 1028
f 979 980 1027
f 70 1035 684
f 3908 3925 10261
f 2465 2430 2466
f 1133 1090 1134
f 896 897 939
f 473 474 539
f 671 603 672
f 410 411 473
f 603 473 539
f 345 346 411
f 284 285 346
f 473 411 474
f 410 345 411
f 284 225 285
f 345 284 346
f 10361 10360 10418
f 1454 3628 10407
f 4064 4038 4097
f 4220 4194 4195
f 4589 4590 4627
f 4064 4037 4038
f 10400 3891 10391
f 622 555 623
f 669 601 670
f 4166 4134 4167
f 4839 2128 4993
f 5248 1863 1017
f 506 3175 6342
f 5883 5972 10379
f 437 4948 2262
f 2108 2109 2191
f 2109 2063 2191
f 2108 2191 2268
f 2267 2108 2268
f 2358 2267 2359
f 2267 2268 2359
f 2480 2358 2481
f 2480 2481 2563
f 10259 10309 10357
f 1488 1543 1587
f 1488 1587 1629
f 1339 1294 1340
f 340 282 341
f 787 729 788
f 736 604 3060
f 2346 2347 2391
f 1133 1134 1190
f 733 671 734
f 897 792 898
f 603 539 672
f 897 898 940
f 1626 1675 1730
f 10271 10239 10363
f 1089 1031 1090
f 1032 939 940
f 1496 10258 10336
f 56 335 480
f 4714 4651 4675
f 4714 4675 4735
f 4758 4759 4775
f 1733 1679 1734
f 1329 619 4854
f 619 1329 4884
f 5248 1017 837
f 958 501 633
f 2055 3982 4030
f 1615 1751 1844
f 1935 1844 1845
f 1615 1844 1935
f 1979 1845 1980
f 1935 1845 1979
f 1979 1980 2026
f 2063 2024 2110
f 2191 2063 2192
f 2359 2268 2310
f 2358 2359 2481
f 2481 2596 3139
f 1628 1629 1676
f 1628 1488 1629
f 936 937 980
f 1028 980 1029
f 8922 8892 8923
f 3959 3960 3986
f 1389 1339 1340
f 938 896 939
f 978 935 979
f 892 893 934
f 1486 1438 1487
f 793 794 846
f 2298 2299 2347
f 896 792 897
f 734 672 735
f 671 672 734
f 1678 1545 1679
f 672 673 735
f 1631 1545 1678
f 1544 1490 1545
f 1441 1341 1391
f 1441 1490 1544
f 1341 1190 1391
f 1441 1391 1490
f 27 4155 4688
f 78 3855 6579
f 3987 3988 4013
f 4758 4775 3503
f 1095 1690 4100
f 2103 2873 2796
f 3015 2103 2796
f 1458 954 2101
f 4632 4596 4633
f 1329 757 2243
f 4884 1329 2243
f 2128 109 4993
f 757 4966 2243
f 4966 4901 5116
f 2143 712 5116
f 4901 2143 5116
f 9507 9535 9569
f 1844 1698 1845
f 1751 1698 1844
f 2110 2024 2111
f 2024 2026 2111
f 2192 2063 2110
f 2268 2191 2269
f 2191 2192 2269
f 2268 2269 2310
f 2359 2310 2403
f 2481 2359 2482
f 2359 2403 2482
f 1342 1091 149
f 10278 10266 10339
f 4042 4067 4016
f 1729 1626 1730
f 892 787 893
f 1870 1871 2005
f 899 793 846
f 2251 2220 2298
f 2346 2298 2347
f 792 734 735
f 1678 1679 1733
f 977 978 1026
f 1083 977 1084
f 1291 1292 1337
f 2090 2008 2091
f 2090 2091 2174
f 6537 6501 6538
f 891 787 892
f 7382 7324 6601
f 984 368 985
f 193 4804 4853
f 5 836 92
f 173 85 253
f 10295 10338 10292
f 1000 1245 763
f 190 985 368
f 9663 9606 9664
f 10225 10206 10226
f 1647 1605 1698
f 1647 1698 1751
f 1845 1698 1846
f 1845 1846 1936
f 1980 1936 1981
f 1845 1936 1980
f 1980 1981 2026
f 2192 2110 2193
f 2269 2193 2270
f 2192 2193 2269
f 2310 2269 2311
f 2269 2270 2311
f 8922 8923 8945
f 1028 1029 1086
f 2171 2172 2217
f 2501 2502 2537
f 4672 4673 4713
f 749 3028 3074
f 2137 2095 2223
f 1913 1872 1873
f 2466 2431 2507
f 2466 2507 2542
f 2134 2089 2172
f 340 341 406
f 10319 10307 10325
f 2219 2220 2251
f 2298 2220 2299
f 733 734 792
f 672 539 673
f 4128 4236 4579
f 2302 2253 2303
f 4937 4864 4960
f 287 811 1062
f 2501 2427 2502
f 10255 3891 10400
f 4096 4134 4166
f 3606 3506 2836
f 2689 8132 2852
f 905 710 906
f 6987 6986 4284
f 6198 6193 6544
f 4912 4643 4913
f 10297 4636 10403
f 1209 1605 4126
f 1209 1564 1605
f 1846 1847 1936
f 1981 1936 1982
f 2026 1981 1982
f 2110 2111 2193
f 2310 2311 2360
f 2403 2310 2404
f 2310 2360 2404
f 2482 2403 2404
f 2482 2404 2564
f 890 842 891
f 424 2574 2606
f 688 621 746
f 601 537 602
f 10293 10344 10389
f 7098 7061 7062
f 2173 2090 2219
f 2460 2461 2499
f 1544 1545 1631
f 2541 2542 2577
f 1458 298 543
f 10298 7660 7641
f 4193 4165 4194
f 1627 1542 1628
f 1005 1004 1056
f 149 1005 1056
f 2132 2133 2171
f 9634 9635 9660
f 1162 4024 4541
f 4911 5046 4411
f 6090 6068 5400
f 1505 5284 4726
f 3492 6542 6864
f 809 1930 3180
f 1930 809 5075
f 6325 6255 5723
f 5217 20 4689
f 10283 10299 10254
f 7919 7891 7920
f 2898 5941 5869
f 5822 2674 8399
f 8509 8510 8545
f 1605 1564 1606
f 1698 1605 1699
f 1605 1606 1699
f 1846 1698 1847
f 1936 1847 1937
f 1936 1937 1982
f 2111 2026 2112
f 2026 1982 2112
f 2111 2112 2150
f 2193 2111 2150
f 2193 2150 2229
f 2270 2193 2271
f 2193 2229 2271
f 2311 2270 2312
f 2270 2271 2312
f 2311 2312 2360
f 6894 6858 6920
f 471 408 472
f 1258 1259 1312
f 2428 2429 2464
f 2430 2391 2431
f 6325 5723 6363
f 2573 2500 417
f 1871 1824 1913
f 2007 2090 2173
f 2219 2090 2220
f 1914 1915 1963
f 534 471 535
f 539 540 604
f 1192 1135 1342
f 1135 1091 1342
f 1540 1541 1585
f 549 550 815
f 962 1007 4185
f 10389 10422 10434
f 4935 4936 4985
f 7250 7223 7251
f 5043 4880 439
f 6949 6984 7024
f 6855 6827 6856
f 5 92 323
f 1415 2689 5305
f 1699 1606 1700
f 1698 1699 1847
f 1937 1847 1890
f 1982 1937 1983
f 1937 1890 1983
f 1982 1983 2027
f 1982 2027 2064
f 1982 2064 2112
f 2150 2151 2229
f 2312 2271 2313
f 2360 2312 2313
f 2360 2313 2404
f 2564 2404 2483
f 2635 2636 2660
f 7406 10285 10240
f 599 600 667
f 1240 1130 1293
f 2424 2461 2460
f 1034 1035 1394
f 2538 2504 2539
f 300 1394 1035
f 845 733 792
f 404 405 469
f 2304 2255 2305
f 2499 2500 2573
f 343 283 344
f 1129 1085 1239
f 4242 4193 4243
f 1880 1919 1970
f 8986 8602 8688
f 1970 1919 2012
f 2012 2051 2094
f 406 407 471
f 2210 2250 2343
f 893 894 935
f 985 190 1552
f 221 366 198
f 6172 4891 6515
f 6 250 923
f 5 6 923
f 3956 5305 2813
f 2674 1417 8399
f 8643 2054 8985
f 1564 1516 1565
f 1606 1565 1607
f 1564 1565 1606
f 1700 1607 1701
f 1606 1607 1700
f 1700 1701 1699
f 1699 1701 1800
f 1847 1699 1800
f 1847 1800 1890
f 1983 1890 1984
f 1983 1984 2027
f 2112 2064 2113
f 2112 2113 2150
f 2229 2151 2194
f 2271 2194 2272
f 2229 2194 2271
f 2313 2271 2314
f 2271 2272 2314
f 2313 2314 2361
f 2313 2361 2404
f 2404 2405 2483
f 2660 2636 2661
f 2498 2460 2499
f 4059 4430 4129
f 668 669 730
f 7442 7441 9002
f 10254 10346 10398
f 1440 1489 1543
f 1871 1913 2006
f 535 471 536
f 1296 1189 1297
f 2393 2305 2394
f 1876 1875 1826
f 598 599 667
f 4193 4194 4243
f 5546 5838 4997
f 4165 4166 4194
f 1048 1049 1099
f 2347 2299 2300
f 1152 1098 1153
f 994 950 1048
f 4012 3959 3986
f 2429 2430 2465
f 1545 1490 3660
f 2999 216 2904
f 366 221 108
f 1916 5252 1682
f 4151 4574 10417
f 1718 4917 5266
f 829 5776 878
f 7911 7912 6086
f 1877 1271 1270
f 1701 1607 1702
f 1701 1702 1752
f 1701 1752 1800
f 1800 1752 1848
f 1890 1848 1891
f 1800 1848 1890
f 1984 1890 1985
f 1890 1891 1985
f 2027 1984 2028
f 1984 1985 2028
f 2064 2028 2065
f 2027 2028 2064
f 2064 2065 2113
f 2150 2113 2151
f 2272 2194 2273
f 2314 2273 2274
f 2272 2273 2314
f 2314 2274 2361
f 2404 2361 2405
f 2483 2405 2484
f 2516 2515 2661
f 4082 10323 10413
f 2217 2135 2218
f 1629 1588 1630
f 2344 2345 2390
f 2304 2305 2393
f 1098 1048 1099
f 1035 1034 684
f 1134 3369 3427
f 1914 1963 2007
f 1294 1187 1295
f 1438 1439 1487
f 2607 2537 2575
f 536 472 537
f 2343 2344 2389
f 471 472 536
f 2297 2251 2298
f 935 936 980
f 1144 1143 1298
f 4212 4706 4732
f 1718 831 4854
f 1329 4854 831
f 757 1329 2167
f 7936 7937 7558
f 5986 3934 1365
f 1565 1467 1566
f 1516 1467 1565
f 1565 1566 1607
f 1848 1752 1849
f 1891 1849 1892
f 1848 1849 1891
f 1891 1892 1938
f 1985 1891 1986
f 1891 1938 1986
f 2028 1986 2029
f 1985 1986 2028
f 2028 2029 2065
f 2151 2113 2152
f 2151 2152 2194
f 1296 1341 1390
f 537 472 538
f 2344 2297 2345
f 2537 2503 2538
f 2171 2134 2172
f 1388 1338 1389
f 1112 1217 8424
f 10299 10280 3598
f 1781 1824 1871
f 99 676 125
f 1192 2098 1250
f 2503 2464 2504
f 620 621 688
f 2343 2250 2344
f 600 536 601
f 536 537 601
f 2537 2538 2575
f 1395 1493 982
f 2545 2468 2581
f 1359 34 3794
f 6500 6501 6536
f 7163 7133 7164
f 8690 8335 8796
f 10360 10361 10319
f 313 254 255
f 313 255 374
f 253 1889 1079
f 445 506 505
f 4901 4966 757
f 4848 2143 4901
f 6104 8040 8039
f 236 4305 5299
f 5867 2735 3984
f 7148 4333 6387
f 1566 1467 1567
f 1566 1567 1607
f 1607 1567 1648
f 1702 1648 1703
f 1607 1648 1702
f 1752 1703 1753
f 1702 1703 1752
f 1849 1753 1850
f 1752 1753 1849
f 1849 1850 1892
f 1938 1850 1939
f 1892 1850 1938
f 1986 1939 1987
f 1938 1939 1986
f 1986 1987 2029
f 2113 2065 2066
f 2113 2066 2152
f 2194 2152 2195
f 2194 2195 2230
f 2194 2230 2273
f 2273 2230 2274
f 2361 2274 2362
f 2361 2362 2405
f 2405 2362 2484
f 2483 2484 2522
f 2636 2483 2637
f 2483 2522 2637
f 2661 2637 2662
f 2636 2637 2661
f 2550 2516 2662
f 2516 2661 2662
f 2552 2550 2663
f 1389 1340 1488
f 4672 4649 4673
f 1541 1439 1542
f 4674 4714 4734
f 4758 4735 4759
f 1004 2581 1056
f 2133 2006 2134
f 409 344 410
f 1144 1196 946
f 8390 8391 8419
f 1153 1154 1202
f 728 787 842
f 2467 2468 2545
f 425 426 2892
f 7369 7651 7657
f 8419 8442 8473
f 950 859 951
f 194 255 254
f 5301 8661 8738
f 984 961 1248
f 4988 4960 5009
f 10309 10259 10341
f 3942 3941 9188
f 8208 3956 2813
f 9505 9356 9457
f 10132 10133 10165
f 1467 1468 1517
f 1467 1517 1567
f 1648 1567 1649
f 1703 1649 1704
f 1648 1649 1703
f 1703 1704 1753
f 1753 1801 1850
f 1850 1801 1939
f 2029 1987 1988
f 2065 2029 2066
f 2029 1988 2066
f 2230 2195 2231
f 2230 2231 2274
f 2637 2522 2638
f 2662 2638 2663
f 2637 2638 2662
f 2550 2552 3872
f 2550 2662 2663
f 937 938 980
f 890 934 978
f 937 843 938
f 2432 2433 2467
f 1025 933 977
f 2581 2468 2582
f 2581 2582 1056
f 1674 1626 1729
f 2249 2218 2250
f 843 896 938
f 730 731 790
f 2221 2174 2300
f 1311 1207 1312
f 1130 1187 1294
f 611 869 7638
f 893 788 894
f 1101 1053 1156
f 2305 2178 2223
f 2389 2344 2390
f 2136 2094 2177
f 6227 6228 6255
f 859 860 951
f 194 118 119
f 117 118 194
f 255 194 195
f 194 119 195
f 255 195 314
f 10247 10267 10392
f 10249 10262 10409
f 950 951 1050
f 984 1552 4870
f 961 984 4870
f 1552 2263 4870
f 5586 5587 505
f 44 193 1512
f 1934 1615 1935
f 7994 5298 2850
f 10377 10266 10278
f 9874 8510 9875
f 1649 1567 1650
f 1704 1649 1650
f 1753 1650 1754
f 1704 1650 1753
f 1801 1754 1802
f 1753 1754 1801
f 1939 1801 1893
f 1987 1939 1988
f 1939 1893 1988
f 2066 2114 2152
f 2195 2114 2153
f 2152 2114 2195
f 2195 2153 2231
f 2274 2231 2232
f 2362 2274 2363
f 2362 2363 2443
f 2362 2443 2484
f 2484 2443 2522
f 300 2573 417
f 666 667 728
f 1486 1487 1539
f 2304 2254 2255
f 2393 2394 2433
f 1625 1674 1729
f 6781 6813 8718
f 1098 1099 1153
f 1340 1296 1440
f 2467 2433 2468
f 299 2605 300
f 2011 2050 178
f 2050 2012 2094
f 1309 1256 1310
f 1308 1309 3472
f 2011 1970 2012
f 1354 1310 1355
f 4192 4164 4193
f 1309 1310 1354
f 1043 434 86
f 2434 2395 3401
f 8473 8442 8497
f 2463 2464 2503
f 4946 6245 6280
f 2177 2094 2178
f 507 446 508
f 1355 1233 1406
f 4810 4813 4819
f 888 889 975
f 5365 5366 5409
f 5409 5366 5410
f 8699 8659 8729
f 5888 5787 428
f 3884 5327 8422
f 1320 1697 9019
f 6768 3884 8422
f 1567 1517 1608
f 1517 1518 1608
f 1650 1567 1651
f 1567 1608 1651
f 1802 1754 1803
f 1801 1802 1851
f 1802 1803 1851
f 1801 1851 1893
f 1988 2030 2066
f 2066 2030 2114
f 2231 2153 2232
f 2363 2232 2364
f 2274 2232 2363
f 2363 2364 2443
f 2522 2443 2485
f 2522 2485 2565
f 2522 2565 2638
f 2663 2638 2585
f 2554 3633 2925
f 2554 2663 2585
f 598 535 599
f 470 471 534
f 534 535 598
f 1239 1085 1240
f 2499 2461 2500
f 411 412 475
f 420 1035 1346
f 1337 1388 1439
f 4732 4639 4754
f 2216 2171 372
f 149 1056 1342
f 601 602 670
f 2345 2297 2346
f 890 891 934
f 1061 2546 2612
f 1384 1406 2244
f 2391 2392 2431
f 895 843 937
f 1086 1029 1087
f 4566 4532 4567
f 4596 4566 4567
f 3135 4214 3602
f 2222 2176 2254
f 2504 2465 2505
f 195 256 314
f 7848 8073 10322
f 10262 10249 10392
f 2050 2094 2136
f 508 446 509
f 566 508 567
f 508 509 567
f 4839 4835 2128
f 1173 1117 1174
f 2764 5822 8399
f 5822 2764 6001
f 1608 1519 1609
f 1518 1519 1608
f 1608 1609 1651
f 1650 1651 1705
f 1651 1609 1705
f 1754 1650 1755
f 1650 1705 1755
f 1754 1755 1803
f 1851 1803 1852
f 1893 1852 1894
f 1851 1852 1893
f 2030 2067 2114
f 2153 2067 2154
f 2114 2067 2153
f 2232 2153 2233
f 2153 2154 2233
f 2232 2233 2315
f 2232 2315 2364
f 2443 2315 2444
f 2364 2315 2443
f 2443 2444 2485
f 2638 2565 2597
f 2638 2597 2585
f 2135 2173 2218
f 2392 2393 2432
f 2176 2177 2255
f 1087 1088 1132
f 4184 3243 4575
f 730 790 844
f 1187 1188 1295
f 2297 2298 2346
f 407 343 408
f 342 343 407
f 1825 1731 1826
f 1086 1087 1131
f 2433 2434 2468
f 10392 10249 10435
f 6207 6208 6233
f 3602 4214 4644
f 1488 1440 1543
f 669 670 731
f 2468 2434 2469
f 2580 2545 2581
f 375 376 446
f 510 569 509
f 4935 4913 4936
f 4912 4913 4935
f 4985 4936 4986
f 4689 20 5079
f 1174 1118 1175
f 7783 7599 7362
f 5886 8327 8175
f 1705 1609 1652
f 1755 1705 1756
f 1705 1652 1756
f 1803 1755 1804
f 1755 1756 1804
f 1803 1804 1852
f 1988 1893 1989
f 1893 1894 1989
f 1988 1989 2030
f 2067 2068 2154
f 2233 2154 2234
f 2315 2233 2316
f 2233 2234 2316
f 2315 2316 2365
f 2315 2365 2444
f 2565 2485 2566
f 2565 2566 2597
f 3175 566 5885
f 1437 1438 1486
f 1088 1030 1089
f 1296 1297 1341
f 4575 3836 4644
f 2468 2469 2582
f 729 730 788
f 788 789 843
f 1440 1296 1390
f 2387 2342 2388
f 2134 2006 2089
f 1390 1341 1441
f 1437 1337 1438
f 2220 2090 2221
f 916 2647 2611
f 2433 2394 2434
f 1638 215 2438
f 93 1638 2438
f 8928 6407 10359
f 4214 3135 4509
f 3677 3908 4509
f 4285 804 4550
f 4243 4194 4220
f 2006 1913 1962
f 913 747 858
f 10340 10309 10341
f 343 344 409
f 376 315 377
f 375 315 376
f 446 377 447
f 376 377 446
f 3387 3416 3446
f 568 569 637
f 2263 1552 190
f 4839 856 288
f 10275 4129 7103
f 881 23 1265
f 1117 1118 1174
f 10348 10425 10386
f 5302 1417 2674
f 8610 8576 8611
f 6701 8533 8570
f 8400 8364 8775
f 1519 1471 1520
f 1609 1520 1568
f 1519 1520 1609
f 1609 1568 1652
f 1804 1756 1805
f 1804 1805 1852
f 1894 1852 1895
f 1852 1805 1895
f 1894 1895 1940
f 1989 1940 1990
f 1894 1940 1989
f 1989 1990 2030
f 2067 1990 2068
f 2030 1990 2067
f 2154 2115 2155
f 2068 2115 2154
f 2154 2155 2196
f 2154 2196 2234
f 2444 2365 2445
f 2485 2445 2486
f 2444 2445 2485
f 2485 2486 2523
f 2485 2523 2566
f 2597 2566 2598
f 2566 2523 2598
f 2585 2597 416
f 4215 8928 10357
f 933 890 977
f 2210 2343 5149
f 10256 1454 10407
f 2613 2583 2614
f 10243 10390 10421
f 789 730 843
f 689 690 747
f 565 683 1343
f 2536 2573 2605
f 420 299 300
f 861 749 3124
f 1964 1831 1392
f 3937 7893 9268
f 93 120 1638
f 1638 227 215
f 120 227 1638
f 1345 1785 3906
f 7918 7917 9294
f 4673 4650 4626
f 689 622 690
f 554 622 689
f 565 2645 2646
f 447 377 448
f 510 448 511
f 569 510 570
f 510 511 570
f 637 569 638
f 569 570 638
f 10362 10383 10263
f 546 581 1887
f 3193 4054 6173
f 10307 10345 10428
f 198 366 745
f 745 174 837
f 1176 1175 1118
f 8576 8577 8611
f 8795 10253 10433
f 1520 1471 1521
f 5375 9619 9642
f 1520 1521 1568
f 1652 1568 1653
f 1756 1652 1757
f 1805 1756 1757
f 2068 1990 2069
f 2115 2069 2116
f 2068 2069 2115
f 2115 2116 2155
f 2196 2155 2197
f 2155 2116 2197
f 2196 2197 2234
f 2316 2234 2317
f 2365 2316 2317
f 2365 2317 2406
f 2445 2406 2446
f 2365 2406 2445
f 2486 2445 2487
f 2445 2446 2487
f 2523 2486 2524
f 2486 2487 2524
f 2523 2524 2598
f 798 2585 416
f 842 787 891
f 344 345 410
f 2648 2613 2614
f 2612 2613 2648
f 552 486 553
f 1293 1130 1294
f 2133 2134 2171
f 787 788 893
f 4674 4651 4714
f 487 9779 488
f 1155 1049 1204
f 1256 1155 1204
f 1256 1204 1310
f 1355 1310 1233
f 6829 6678 6858
f 1873 1914 1962
f 1242 287 2614
f 93 356 2901
f 227 120 228
f 9820 9764 9791
f 5469 5429 5470
f 2051 2095 2137
f 408 409 472
f 3640 3663 3689
f 511 448 512
f 570 511 571
f 511 512 571
f 638 570 639
f 570 571 639
f 704 638 705
f 638 639 705
f 7164 7165 7196
f 4646 4054 3193
f 6830 6831 4995
f 8882 8816 8883
f 1471 1472 1521
f 1568 1521 1569
f 1568 1569 1610
f 1653 1568 1610
f 1652 1653 1706
f 1653 1610 1706
f 1652 1706 1757
f 1990 1940 1991
f 2069 1991 2070
f 1990 1991 2069
f 2116 2069 2070
f 2116 2070 2156
f 2197 2156 2198
f 2116 2156 2197
f 2234 2198 2235
f 2197 2198 2234
f 2234 2235 2317
f 2406 2366 2407
f 2317 2366 2406
f 2446 2406 2447
f 2406 2407 2447
f 2487 2446 2488
f 2446 2447 2488
f 2524 2487 2488
f 2524 2488 2567
f 2598 2524 2599
f 2524 2567 2599
f 2597 2598 2639
f 2598 2599 2639
f 2597 2639 416
f 10243 10382 10390
f 3081 2515 3324
f 2178 2137 2223
f 2094 2137 2178
f 1493 1141 982
f 565 1343 1493
f 408 343 409
f 2428 2389 2429
f 4397 4007 4508
f 6830 7176 6831
f 2501 2537 2574
f 341 342 407
f 2348 2302 2304
f 936 895 937
f 1541 1542 1586
f 730 669 731
f 1676 1677 1732
f 1823 1781 1870
f 120 216 228
f 9206 9238 9237
f 259 260 316
f 448 377 378
f 512 448 449
f 448 378 449
f 571 512 572
f 512 449 572
f 639 571 640
f 571 572 640
f 705 639 706
f 639 640 706
f 705 706 765
f 10283 10337 10280
f 4337 10243 10421
f 4093 4490 10373
f 1472 1426 1473
f 1521 1472 1522
f 1472 1473 1522
f 1569 1521 1570
f 1521 1522 1570
f 1610 1569 1611
f 1569 1570 1611
f 1706 1610 1707
f 1757 1706 1707
f 1805 1757 1853
f 1895 1805 1896
f 1805 1853 1896
f 1940 1895 1941
f 1895 1896 1941
f 1940 1941 1991
f 2070 2031 2071
f 1991 2031 2070
f 2156 2070 2118
f 2156 2118 2198
f 2235 2198 2236
f 2317 2235 2318
f 2366 2318 2367
f 2317 2318 2366
f 2407 2366 2408
f 2366 2367 2408
f 2407 2408 2447
f 416 1879 1829
f 287 2648 2614
f 169 565 1493
f 1493 1343 1141
f 7555 7546 9003
f 621 553 554
f 1340 1440 1488
f 1962 2007 2089
f 287 1062 2648
f 982 1141 848
f 2464 2465 2504
f 412 347 475
f 1130 1131 1187
f 216 120 93
f 1397 4840 5660
f 683 565 2646
f 4212 4123 4706
f 1542 1488 1628
f 377 316 378
f 8496 8497 8571
f 5176 5258 130
f 1473 1326 1474
f 1426 1326 1473
f 1473 1474 1522
f 1570 1522 1571
f 1522 1474 1571
f 1570 1571 1611
f 1610 1611 1654
f 1707 1610 1654
f 1757 1707 1806
f 1853 1757 1854
f 1757 1806 1854
f 1896 1853 1854
f 1896 1854 1941
f 1991 1941 1992
f 1991 1992 2031
f 2071 2031 2072
f 2070 2071 2117
f 2071 2072 2117
f 2070 2117 2118
f 2198 2118 2157
f 2198 2157 2236
f 2318 2236 2319
f 2235 2236 2318
f 2318 2319 2367
f 2408 2367 2409
f 2367 2319 2409
f 2447 2408 2409
f 2447 2409 2488
f 2567 2488 2525
f 2599 2567 2600
f 2567 2525 2600
f 2599 2600 2639
f 1345 1879 416
f 4841 4665 7456
f 10275 10251 10438
f 8616 1112 8511
f 2342 2343 2389
f 1873 1825 1874
f 10290 10335 10381
f 2910 3214 4053
f 10357 10286 10267
f 4423 10374 10422
f 1207 1258 1312
f 1546 300 1395
f 1291 1239 1292
f 2503 2504 2538
f 1192 811 349
f 788 730 789
f 2254 2176 2255
f 228 229 2400
f 860 749 861
f 2400 2010 227
f 228 2400 227
f 2010 1397 227
f 125 1095 1738
f 8756 8583 10347
f 4087 3050 4088
f 3770 4923 7104
f 300 417 1395
f 1034 1546 1395
f 316 202 317
f 260 202 316
f 378 316 379
f 316 317 379
f 449 378 379
f 449 379 513
f 572 449 573
f 449 513 573
f 572 573 640
f 958 1018 501
f 920 1009 5187
f 436 551 1263
f 4720 4739 8930
f 4763 4738 8930
f 1474 1375 1475
f 1326 1375 1474
f 1571 1475 1572
f 1474 1475 1571
f 1611 1571 1572
f 1654 1611 1655
f 1611 1572 1655
f 1707 1654 1806
f 2031 1992 2032
f 2031 2032 2072
f 2117 2072 2118
f 2319 2236 2320
f 2409 2319 2410
f 2409 2410 2488
f 2639 2600 2640
f 2639 2640 416
f 799 1345 416
f 1345 1591 1785
f 1147 1146 1591
f 1591 1146 1785
f 2846 2805 2891
f 10325 10368 3334
f 1029 981 1030
f 1034 1394 1546
f 2578 2543 2579
f 10263 10377 908
f 621 554 689
f 1142 848 1299
f 2546 2583 2612
f 2612 2583 2613
f 1026 979 1027
f 891 892 934
f 977 890 978
f 2436 229 3248
f 229 2399 3819
f 2010 2400 126
f 1397 2010 126
f 126 817 1397
f 3054 4087 4187
f 4923 4152 7144
f 7967 4116 3935
f 6647 5286 7104
f 951 860 952
f 2582 2546 1056
f 2427 2463 2502
f 573 513 574
f 513 379 574
f 640 573 641
f 573 574 641
f 706 640 707
f 640 641 707
f 5032 1331 751
f 2547 2546 2509
f 4998 258 6771
f 187 551 436
f 1578 68 2003
f 1326 1327 1375
f 1475 1375 1476
f 1475 1476 1572
f 1572 1476 1612
f 1655 1612 1656
f 1572 1612 1655
f 1654 1655 1758
f 1655 1656 1758
f 1806 1654 1807
f 1654 1758 1807
f 1854 1806 1897
f 1806 1807 1897
f 1941 1854 1942
f 1854 1897 1942
f 1992 1942 1943
f 1941 1942 1992
f 2032 1943 2033
f 1992 1943 2032
f 2072 2032 2073
f 2032 2033 2073
f 2072 2073 2118
f 2236 2157 2320
f 2319 2320 2410
f 2488 2410 2411
f 2525 2411 2526
f 2488 2411 2525
f 2600 2526 2568
f 2525 2526 2600
f 2600 2568 2640
f 1345 799 1591
f 10342 10410 10423
f 4155 2099 4688
f 4011 4012 4034
f 476 477 541
f 951 952 995
f 1050 995 1051
f 951 995 1050
f 1049 1050 1100
f 1050 1051 1100
f 2582 2469 2546
f 621 689 746
f 2387 2388 2427
f 2012 1919 2051
f 2094 2051 2137
f 1870 1781 1871
f 980 938 981
f 980 981 1029
f 2352 1966 126
f 1965 126 1966
f 277 817 1965
f 817 126 1965
f 6329 6831 7233
f 4465 3770 7104
f 6984 6985 7026
f 1204 1049 1205
f 2427 2388 2463
f 6500 6471 6501
f 3894 3906 3914
f 766 707 823
f 2003 68 130
f 1375 1327 1376
f 1375 1376 1427
f 1375 1427 1476
f 1476 1573 1612
f 1612 1573 1656
f 1758 1656 1759
f 1807 1758 1759
f 1807 1759 1855
f 1807 1855 1897
f 1942 1897 1943
f 1943 1993 2033
f 2073 2033 2074
f 2118 2073 2119
f 2073 2074 2119
f 2118 2119 2157
f 2157 2199 2275
f 2157 2275 2320
f 2320 2275 2411
f 2320 2411 2410
f 740 416 2640
f 740 799 416
f 597 598 666
f 1049 1100 1205
f 1192 1342 811
f 1310 1204 1181
f 1132 1133 1188
f 1458 52 855
f 729 668 730
f 2400 2352 126
f 127 1965 1967
f 1965 1966 1967
f 127 277 1965
f 1159 442 74
f 5696 5673 6330
f 3244 3399 2295
f 5746 6330 6368
f 10238 10350 10426
f 811 1342 1061
f 10282 3908 10401
f 317 261 318
f 317 318 380
f 317 380 379
f 574 379 575
f 641 574 642
f 574 575 642
f 641 642 707
f 707 642 767
f 707 767 823
f 823 767 824
f 548 549 815
f 823 824 964
f 1068 964 1069
f 1068 1069 1177
f 1177 1069 1178
f 1177 1178 1278
f 1327 1278 1279
f 1177 1278 1327
f 1327 1279 1376
f 1427 1376 1477
f 1476 1477 1523
f 1427 1477 1476
f 1476 1523 1573
f 1656 1573 1657
f 1656 1657 1708
f 1759 1708 1760
f 1656 1708 1759
f 1855 1759 1856
f 1759 1760 1856
f 1897 1855 1898
f 1855 1856 1898
f 1943 1898 1944
f 1897 1898 1943
f 1943 1944 1993
f 2033 1993 2034
f 1993 1944 2034
f 2033 2034 2074
f 2157 2119 2199
f 2411 2275 2448
f 2411 2448 2526
f 2526 2448 2568
f 740 2640 2641
f 799 740 1401
f 799 1401 1591
f 1359 3794 1453
f 35 1359 1453
f 1056 2546 1061
f 2388 2342 2389
f 2426 2387 2427
f 2680 7406 5914
f 537 538 602
f 8971 8387 10414
f 626 277 2437
f 277 127 2437
f 74 626 1159
f 74 277 626
f 4059 3262 4128
f 129 128 5403
f 5361 10197 10198
f 318 262 263
f 261 262 318
f 380 318 381
f 318 263 381
f 379 380 514
f 380 381 514
f 379 514 575
f 642 708 767
f 767 708 824
f 824 875 964
f 1069 964 1070
f 1573 1523 1657
f 1708 1657 1709
f 1760 1708 1761
f 1708 1709 1761
f 1760 1761 1808
f 1856 1808 1857
f 1760 1808 1856
f 1898 1856 1857
f 1944 1857 1945
f 1898 1857 1944
f 1944 1945 1994
f 2034 1994 2035
f 1944 1994 2034
f 2074 2034 2035
f 2074 2035 2119
f 2119 2035 2158
f 2119 2158 2199
f 2275 2199 2321
f 2448 2321 2322
f 2275 2321 2448
f 2640 2568 2641
f 1401 740 624
f 1401 1449 1591
f 1591 1449 2257
f 4251 4227 4252
f 3240 4179 4235
f 2247 4601 4706
f 6236 5584 6272
f 7050 4028 7567
f 1873 1874 1914
f 2536 2498 2499
f 1085 1130 1240
f 533 470 534
f 1190 1241 1391
f 728 667 729
f 2462 2427 2501
f 2580 2581 1004
f 626 197 1684
f 2437 2633 3053
f 1159 626 1684
f 1159 492 442
f 5701 5729 6375
f 10363 10291 10274
f 5145 5120 5166
f 1056 1061 1342
f 288 322 4835
f 381 319 382
f 263 319 381
f 381 382 514
f 642 575 643
f 642 643 708
f 708 768 824
f 824 768 875
f 964 875 965
f 964 965 1012
f 964 1012 1070
f 1069 1070 1178
f 1178 1070 1223
f 1278 1223 1279
f 1178 1223 1278
f 1376 1279 1377
f 1477 1376 1478
f 1376 1377 1478
f 1523 1477 1574
f 1477 1478 1574
f 1657 1574 1658
f 1523 1574 1657
f 1657 1658 1709
f 1761 1709 1762
f 1808 1762 1809
f 1761 1762 1808
f 1808 1809 1857
f 1945 1857 1946
f 1857 1809 1946
f 1945 1946 1994
f 2035 1994 2036
f 1994 1946 2036
f 2158 2035 2159
f 2035 2036 2159
f 2199 2159 2200
f 2158 2159 2199
f 2199 2200 2237
f 2321 2237 2322
f 2199 2237 2321
f 2448 2322 2412
f 2448 2412 2527
f 2448 2527 2568
f 2568 2527 2641
f 624 740 2641
f 2247 1558 4186
f 10298 8128 8971
f 169 2606 2645
f 6951 2897 6952
f 552 553 621
f 2388 2389 2428
f 10245 10251 10275
f 2922 3054 4187
f 1292 1240 1293
f 224 225 283
f 1026 1027 1084
f 1337 1338 1388
f 10064 10104 10133
f 197 2437 3053
f 61 48 1159
f 61 1159 1684
f 492 48 1836
f 48 492 1159
f 492 1836 2511
f 4082 4582 10323
f 3138 4129 4638
f 6201 6202 6231
f 1382 134 1315
f 319 264 320
f 263 264 319
f 319 320 382
f 382 450 514
f 514 450 575
f 708 643 768
f 875 768 876
f 875 876 965
f 1070 1012 1223
f 1279 1223 1225
f 1279 1225 1377
f 1658 1574 1659
f 1709 1658 1710
f 1658 1659 1710
f 1762 1710 1763
f 1709 1710 1762
f 1762 1763 1809
f 1946 1809 1947
f 1946 1947 2036
f 2200 2159 2201
f 2237 2200 2201
f 2641 2527 2642
f 624 2641 2642
f 1401 624 1402
f 1449 1401 1402
f 4011 3985 4012
f 4265 4266 4320
f 4181 4059 4129
f 3171 3130 3172
f 2542 2543 2578
f 10364 10266 10369
f 2544 2467 2545
f 1487 1439 1541
f 10401 10291 10282
f 404 339 405
f 666 598 667
f 1152 1153 1201
f 934 893 935
f 165 2611 1004
f 1338 1339 1389
f 1684 197 3909
f 364 1835 1836
f 48 364 1836
f 1835 357 2511
f 1836 1835 2511
f 2296 7252 206
f 4647 3861 10388
f 10343 10322 8073
f 382 321 383
f 320 321 382
f 382 383 450
f 450 515 575
f 643 515 644
f 575 515 643
f 768 643 769
f 643 644 769
f 768 769 825
f 876 768 825
f 965 876 966
f 1012 965 1013
f 965 966 1013
f 1223 1012 1224
f 1377 1225 1378
f 1478 1377 1524
f 1478 1524 1575
f 1478 1575 1574
f 1659 1574 1660
f 1710 1659 1711
f 1659 1660 1711
f 1710 1711 1763
f 1809 1763 1858
f 1809 1858 1947
f 2036 1947 2075
f 2036 2075 2159
f 2237 2201 2323
f 2322 2237 2368
f 2237 2323 2368
f 2412 2322 2368
f 2412 2368 2449
f 2412 2449 2527
f 2527 2449 2569
f 2527 2569 2642
f 945 624 2642
f 1402 624 945
f 1449 1402 2397
f 2385 1798 5082
f 1495 1691 4773
f 2544 2545 2580
f 405 340 406
f 2172 2135 2217
f 2172 2089 2135
f 539 474 540
f 10353 10287 10242
f 1084 1027 1085
f 728 729 787
f 1004 150 165
f 2543 2544 2580
f 365 1792 1835
f 364 365 1835
f 296 357 1792
f 1792 357 1835
f 156 155 85
f 296 156 357
f 6133 6097 6134
f 10383 10377 10263
f 450 451 515
f 876 825 925
f 876 925 966
f 1012 1013 1071
f 1120 1012 1071
f 1224 1120 1225
f 1012 1120 1224
f 1223 1224 1225
f 1377 1378 1524
f 1575 1524 1525
f 1660 1574 1661
f 1574 1575 1661
f 1711 1660 1712
f 1660 1661 1712
f 1763 1712 1764
f 1711 1712 1763
f 1858 1764 1859
f 1763 1764 1858
f 1947 1858 1948
f 1858 1859 1948
f 1947 1948 1995
f 1947 1995 2037
f 2075 2037 2076
f 1947 2037 2075
f 2075 2076 2120
f 2159 2075 2160
f 2075 2120 2160
f 2201 2159 2160
f 2201 2160 2238
f 2201 2238 2276
f 2323 2201 2276
f 2323 2276 2368
f 2569 2449 2528
f 2569 2528 2601
f 2569 2601 2642
f 2642 2601 945
f 853 1402 945
f 1402 1303 711
f 3156 4713 3170
f 4019 3968 3994
f 2610 2611 2647
f 2610 2580 2611
f 1824 1825 1872
f 952 953 995
f 2609 2580 2610
f 2606 2607 2645
f 2579 2580 2609
f 948 296 1746
f 1746 296 1792
f 155 156 948
f 156 296 948
f 217 2618 5066
f 3938 3937 9267
f 515 452 516
f 515 516 576
f 644 576 645
f 515 576 644
f 644 645 769
f 825 769 925
f 966 925 967
f 1013 966 1014
f 966 967 1014
f 1013 1014 1071
f 1225 1120 1226
f 1524 1378 1525
f 1575 1525 1613
f 1661 1575 1662
f 1575 1613 1662
f 1712 1661 1713
f 1661 1662 1713
f 1764 1712 1765
f 1712 1713 1765
f 1859 1764 1860
f 1764 1765 1860
f 1859 1860 1899
f 1948 1899 1949
f 1859 1899 1948
f 1995 1949 1996
f 1948 1949 1995
f 2037 1995 2038
f 1995 1996 2038
f 2076 2038 2077
f 2037 2038 2076
f 2076 2077 2120
f 2368 2276 2413
f 2449 2368 2450
f 2368 2413 2450
f 2528 2449 2450
f 2601 2643 945
f 853 945 2643
f 1402 853 1249
f 1249 1303 1402
f 1303 1249 711
f 1210 4283 4767
f 847 1498 1119
f 788 843 895
f 165 916 2611
f 169 424 2606
f 1540 1487 1541
f 1097 1048 1098
f 339 340 405
f 372 2171 2217
f 1130 1086 1131
f 2609 2610 2647
f 237 948 1746
f 154 155 237
f 237 155 948
f 2618 560 5066
f 155 154 217
f 1104 1244 1045
f 9291 7891 9292
f 3497 798 3658
f 366 108 635
f 451 452 515
f 576 517 577
f 516 517 576
f 576 577 645
f 769 826 925
f 1071 1014 1072
f 1120 1071 1072
f 1120 1072 1226
f 1378 1225 1280
f 1765 1713 1766
f 1713 1662 1766
f 1765 1766 1810
f 1860 1765 1810
f 1899 1810 1900
f 1860 1810 1899
f 1899 1900 1949
f 1996 1949 1997
f 2038 1997 1998
f 1996 1997 2038
f 2038 1998 2077
f 2120 2077 2121
f 2160 2120 2202
f 2238 2160 2202
f 2276 2238 2202
f 2276 2202 2324
f 2276 2324 2413
f 2601 2528 2602
f 2643 2601 852
f 2601 2602 852
f 414 853 2643
f 414 2643 852
f 543 1690 954
f 2016 954 1690
f 3677 3925 3908
f 6363 6364 6443
f 4713 4757 3170
f 2462 2426 2427
f 2174 2175 2252
f 1539 1487 1540
f 1189 1133 1190
f 474 411 475
f 1292 1293 1338
f 474 475 540
f 417 424 1395
f 153 560 2618
f 154 153 2618
f 1447 238 1737
f 4584 1499 6064
f 2128 108 109
f 517 516 5622
f 8303 10314 10419
f 769 645 770
f 769 770 826
f 1072 1014 967
f 1225 1226 1280
f 1525 1378 1479
f 1378 1280 1479
f 1525 1479 1613
f 1662 1613 1663
f 1766 1662 1767
f 1810 1766 1811
f 1766 1767 1811
f 1810 1811 1861
f 1900 1861 1901
f 1810 1861 1900
f 1949 1900 1950
f 1900 1901 1950
f 1997 1950 1998
f 1949 1950 1997
f 2077 1999 2078
f 1998 1999 2077
f 2121 2078 2122
f 2077 2078 2121
f 2202 2120 2203
f 2120 2121 2203
f 2413 2324 2414
f 2528 2450 2529
f 2528 2529 2602
f 853 414 1249
f 10292 10264 10252
f 942 943 3313
f 2252 2253 2302
f 1027 1028 1085
f 10001 10002 10104
f 811 287 349
f 2301 2252 2302
f 2090 2174 2221
f 560 83 2632
f 153 83 560
f 1103 800 1513
f 5016 3186 30
f 221 198 883
f 9113 9094 9114
f 646 647 645
f 645 709 770
f 1072 967 1121
f 967 1015 1121
f 1226 1072 1227
f 1072 1121 1227
f 1280 1226 1227
f 1613 1479 1614
f 1613 1614 1663
f 1662 1663 1767
f 1901 1861 1902
f 1861 1811 1902
f 1950 1901 1951
f 1901 1902 1951
f 1998 1951 1999
f 1950 1951 1998
f 1999 2039 2078
f 2203 2121 2204
f 2121 2122 2204
f 2202 2203 2325
f 2324 2202 2369
f 2202 2325 2369
f 2414 2324 2415
f 2324 2369 2415
f 2413 2414 2450
f 2602 2529 2570
f 2602 2570 852
f 852 415 414
f 414 415 1249
f 995 996 1051
f 538 473 603
f 300 1035 420
f 600 601 669
f 535 536 599
f 1872 1825 1873
f 2250 2297 2344
f 10277 10287 10308
f 2508 2467 2544
f 2579 2543 2580
f 1341 1297 1190
f 1103 2650 2658
f 2650 2632 2658
f 37 800 2181
f 4484 4434 6899
f 10342 10378 10410
f 2969 4983 5006
f 7095 7059 7096
f 8929 4756 10315
f 925 826 926
f 925 926 967
f 1227 1121 1228
f 1121 1015 1228
f 1280 1227 1228
f 1280 1228 1379
f 1280 1379 1479
f 1479 1576 1614
f 1767 1663 1768
f 1811 1767 1812
f 1767 1768 1812
f 1902 1811 1903
f 1811 1812 1903
f 1951 1903 1952
f 1902 1903 1951
f 1999 1952 1953
f 1951 1952 1999
f 2039 1999 2040
f 1999 1953 2040
f 2078 2039 2079
f 2039 2040 2079
f 2078 2079 2122
f 2204 2122 2205
f 2204 2205 2203
f 2450 2414 2489
f 2414 2415 2489
f 2529 2450 2489
f 2529 2489 2570
f 415 852 900
f 415 712 1249
f 1913 1873 1962
f 793 674 794
f 2463 2428 2464
f 1677 1678 1733
f 406 341 407
f 2007 2008 2090
f 2508 2431 2467
f 10237 10291 10270
f 2658 2632 2965
f 800 15 2181
f 15 800 1103
f 3481 1210 4767
f 1667 1579 2651
f 5972 6421 10379
f 5007 3814 7254
f 130 5258 2003
f 9599 9535 9600
f 10267 4215 10357
f 967 926 1015
f 1015 1122 1228
f 1479 1379 1576
f 1663 1614 1664
f 1614 1576 1664
f 1663 1664 1714
f 1768 1663 1769
f 1663 1714 1769
f 1812 1768 1769
f 1903 1769 1904
f 1812 1769 1903
f 1952 1904 1953
f 1903 1904 1952
f 2122 2079 2123
f 2122 2123 2205
f 2325 2203 2277
f 2203 2239 2277
f 2369 2325 2370
f 2325 2277 2370
f 2369 2370 2415
f 4439 4440 4468
f 4057 4182 3050
f 804 12 4550
f 1204 1205 1257
f 849 848 847
f 3925 3678 10261
f 1730 1731 1825
f 6162 6133 6163
f 2220 2221 2299
f 1336 1291 1337
f 8440 8418 8441
f 2543 2508 2544
f 10291 10237 10274
f 1925 2181 2384
f 2181 15 2384
f 808 102 1667
f 1925 37 2181
f 3962 3939 3963
f 1382 1315 830
f 134 368 1096
f 209 267 369
f 1794 4920 4898
f 3938 3939 3962
f 17 551 187
f 826 770 827
f 5890 4060 10408
f 1015 926 1016
f 1122 1015 1123
f 1015 1016 1123
f 1379 1228 1122
f 1379 1122 1428
f 1576 1379 1577
f 1379 1428 1577
f 1664 1577 1665
f 1576 1577 1664
f 1714 1665 1715
f 1664 1665 1714
f 1769 1715 1770
f 1714 1715 1769
f 1769 1770 1813
f 1904 1813 1905
f 1769 1813 1904
f 1953 1905 1954
f 1904 1905 1953
f 1953 1954 2000
f 2040 1953 2041
f 1953 2000 2041
f 2079 2040 2041
f 2123 2079 2124
f 2079 2041 2124
f 2123 2124 2161
f 2205 2161 2206
f 2123 2161 2205
f 2203 2205 2239
f 2205 2206 2239
f 2370 2277 2371
f 2489 2415 2490
f 2570 2489 2490
f 852 2570 2644
f 900 852 2644
f 2426 2385 5181
f 52 14 855
f 4344 4372 4431
f 3270 3651 3679
f 687 620 688
f 2394 2395 2434
f 285 286 347
f 1912 1870 1961
f 1961 1870 2005
f 1438 1337 1439
f 2431 2432 2467
f 2431 2392 2432
f 1635 3755 2686
f 341 282 342
f 2384 15 2878
f 2142 808 2651
f 1925 2142 2651
f 4636 4396 10403
f 6601 7596 7382
f 1315 134 5161
f 134 1096 5161
f 6949 6918 6950
f 771 770 5750
f 827 828 826
f 1122 1123 1229
f 1122 1229 1380
f 1428 1122 1380
f 1428 1380 1526
f 1577 1428 1526
f 8242 6645 10415
f 2170 4868 4879
f 5867 2688 6011
f 1715 1716 1770
f 1665 1666 1715
f 1770 1716 1771
f 10315 10378 8688
f 1813 1771 1862
f 1905 1862 1906
f 2000 1954 2001
f 1954 1906 2001
f 2041 2001 2042
f 2000 2001 2041
f 2041 2042 2080
f 2041 2080 2124
f 2239 2206 2207
f 2277 2207 2240
f 2239 2207 2277
f 2277 2240 2326
f 2277 2326 2371
f 2415 2370 2451
f 2370 2371 2451
f 2415 2451 2490
f 2570 2490 2644
f 6133 6134 6163
f 1665 1577 5952
f 1781 1729 1824
f 1586 1627 1675
f 1439 1389 1542
f 1586 1542 1627
f 4266 4241 4321
f 1156 1157 1207
f 2174 2252 2301
f 2611 2580 1004
f 2301 2302 2348
f 2300 2301 2348
f 2300 2348 2392
f 3499 2142 3725
f 10259 10272 10341
f 102 808 1105
f 6130 6162 6202
f 6856 6828 6857
f 29 1009 1102
f 4749 5033 5054
f 828 829 826
f 9727 9728 9759
f 926 826 877
f 926 877 968
f 926 968 1016
f 1123 1016 1229
f 1229 1016 1281
f 1380 1281 1381
f 1229 1281 1380
f 1380 1381 1480
f 1526 1480 1527
f 1380 1480 1526
f 4882 881 833
f 2042 2001 2043
f 2080 2042 2081
f 2042 2043 2081
f 2124 2081 2125
f 2080 2081 2124
f 2161 2125 2162
f 2124 2125 2161
f 2206 2162 2207
f 2161 2162 2206
f 2326 2278 2327
f 2240 2278 2326
f 2371 2326 2327
f 2371 2327 2416
f 2451 2371 2416
f 2644 2490 9
f 2644 9 1547
f 1547 900 2644
f 900 1547 222
f 415 900 222
f 1407 3676 3757
f 6162 6163 6203
f 4373 4345 4374
f 9267 3937 9268
f 339 282 340
f 1025 977 1083
f 4033 4011 4034
f 2536 2499 2573
f 5308 7922 7948
f 2089 2007 2135
f 1728 1781 1823
f 1728 1625 1729
f 1971 244 5275
f 1916 1971 5275
f 3503 2767 4789
f 4196 4169 8179
f 10415 6645 10424
f 10254 10260 10351
f 174 5267 837
f 10331 10372 10306
f 826 829 877
f 877 878 968
f 1016 969 970
f 968 969 1016
f 1016 970 1230
f 1016 1230 1281
f 1281 1230 1328
f 1281 1328 1381
f 868 5840 807
f 1381 1328 1480
f 10293 10236 4121
f 988 838 851
f 2125 2082 2126
f 2081 2082 2125
f 2162 2126 2163
f 2125 2126 2162
f 2162 2163 2207
f 2240 2207 2208
f 2278 2208 2241
f 2240 2208 2278
f 2327 2278 2328
f 2278 2241 2328
f 2327 2328 2372
f 2327 2372 2416
f 2451 2416 2491
f 2416 2452 2491
f 2490 2451 2491
f 2490 2491 9
f 4012 3986 4035
f 7372 7606 7430
f 7434 7436 7384
f 446 447 509
f 2394 2305 2395
f 843 730 844
f 1730 1675 1731
f 2005 2006 2133
f 1539 1585 1674
f 8661 8602 7934
f 1087 1029 1088
f 2174 2091 2175
f 790 731 791
f 539 604 674
f 667 668 729
f 749 3075 3124
f 10358 10387 10334
f 4245 4515 7524
f 3983 1454 3334
f 329 271 330
f 270 271 329
f 328 329 392
f 329 330 392
f 391 328 392
f 518 391 519
f 391 392 519
f 10313 2773 1217
f 518 519 583
f 5054 5033 5105
f 10319 10272 10431
f 1282 1231 5945
f 1230 1282 1328
f 3799 989 10260
f 17 276 851
f 6232 6162 6263
f 322 2128 4835
f 4910 2060 4916
f 3260 994 3322
f 5175 5105 5176
f 8690 4423 10422
f 2163 2126 2164
f 2126 2127 2164
f 2207 2164 2208
f 2163 2164 2207
f 2328 2279 2329
f 2241 2279 2328
f 2372 2328 2373
f 2328 2329 2373
f 2416 2372 2373
f 2416 2373 2452
f 2491 2452 2530
f 9 2491 2530
f 750 222 1547
f 222 750 1681
f 222 1683 1248
f 1681 1683 222
f 4592 4469 4593
f 6162 6203 6263
f 6301 6232 6302
f 6959 4861 10385
f 3312 942 3313
f 409 410 472
f 2607 2575 2645
f 565 169 2645
f 790 791 845
f 1239 1240 1292
f 2302 2303 2304
f 2392 2304 2393
f 8255 10285 7406
f 1626 1586 1675
f 8664 1216 9020
f 435 495 1692
f 2547 2548 2583
f 272 271 5521
f 6232 6263 6302
f 392 330 393
f 330 331 393
f 648 583 649
f 548 481 3093
f 273 272 274
f 8757 8691 8719
f 67 2182 3144
f 8662 8833 5864
f 10313 10231 2773
f 857 497 922
f 186 276 187
f 1181 373 1233
f 4971 4951 5046
f 236 6141 6142
f 5253 5252 6313
f 6827 6828 6856
f 5572 2127 5949
f 2208 2164 2209
f 2208 2209 2241
f 2279 2209 2280
f 2241 2209 2279
f 2329 2279 2330
f 2279 2280 2330
f 2329 2330 2373
f 2452 2373 2417
f 2530 2452 2417
f 223 1547 9
f 223 750 1547
f 750 223 1681
f 1681 1195 1683
f 223 1195 1681
f 1195 1248 1683
f 4563 4469 4592
f 2727 1885 2652
f 4525 4432 4526
f 4054 2425 6173
f 3891 4704 4508
f 1543 1489 1544
f 2576 2541 2577
f 1062 2612 2648
f 844 845 896
f 843 844 896
f 6301 6302 6333
f 347 413 476
f 8832 2681 10271
f 1085 1086 1130
f 2466 2430 2431
f 245 435 2261
f 495 496 5220
f 435 1692 2261
f 553 487 554
f 2539 2540 2576
f 331 273 332
f 393 331 394
f 331 332 394
f 519 392 520
f 392 393 520
f 583 519 584
f 519 520 584
f 649 584 650
f 583 584 649
f 713 649 714
f 649 650 714
f 480 335 481
f 186 187 436
f 6889 6855 6890
f 684 350 2015
f 6854 6855 6889
f 435 245 2652
f 847 1119 849
f 4559 5837 151
f 851 186 686
f 2164 2165 2209
f 10282 10303 7103
f 2373 2330 2417
f 9 2530 10
f 9 10 223
f 1247 1248 1195
f 10236 10300 10349
f 4462 4432 4525
f 2880 1742 4540
f 125 676 1690
f 6370 6333 6371
f 2505 2506 2539
f 2539 2506 2540
f 938 939 981
f 1340 1295 1296
f 407 408 471
f 1675 1627 1676
f 845 792 896
f 2098 1193 2799
f 495 435 1885
f 668 600 669
f 332 274 333
f 393 394 456
f 394 332 456
f 520 393 521
f 393 456 521
f 520 521 584
f 650 584 651
f 714 650 715
f 650 651 715
f 2378 2334 5863
f 714 715 776
f 110 1064 5132
f 4750 4912 4984
f 6509 6160 6510
f 9084 3946 9095
f 10308 10287 10370
f 6947 6948 6982
f 133 6064 998
f 4913 4862 4937
f 133 2025 258
f 6982 6948 6983
f 123 69 1578
f 982 848 849
f 4449 4422 2020
f 2969 5006 3234
f 3960 9322 3961
f 2330 2281 2331
f 2280 2281 2330
f 2417 2330 2418
f 10 2530 39
f 2530 2417 39
f 223 10 1735
f 1735 1195 223
f 10297 10281 10294
f 4630 4593 4631
f 219 993 3239
f 8736 5855 10020
f 2505 2465 2506
f 150 1004 1005
f 1675 1676 1731
f 2347 2300 2391
f 216 93 2733
f 2672 4304 7578
f 1294 1295 1340
f 1627 1628 1676
f 1293 1294 1339
f 4734 4735 4758
f 597 534 598
f 10284 10420 3926
f 405 406 470
f 1084 1085 1129
f 332 333 395
f 332 395 456
f 584 521 585
f 651 584 652
f 584 585 652
f 715 651 716
f 651 652 716
f 715 716 777
f 4818 4810 4819
f 6446 6371 5795
f 838 5246 971
f 6478 1744 4637
f 7251 7223 7252
f 2624 6817 7590
f 5823 5781 6618
f 10313 1217 10237
f 6370 6371 6446
f 2015 350 310
f 5046 4951 5122
f 8496 8571 8646
f 350 849 310
f 851 276 186
f 7641 7660 7683
f 496 2970 5220
f 2689 2852 8704
f 6473 5790 6503
f 5152 5177 5196
f 2330 2331 2374
f 2330 2374 2418
f 1195 1735 1198
f 1198 1247 1195
f 1198 984 1247
f 6960 7168 5079
f 3928 611 7638
f 993 219 3422
f 1196 1144 1392
f 1917 1880 1918
f 2460 2459 3184
f 978 979 1026
f 1337 1292 1338
f 1153 1099 1154
f 2502 2503 2537
f 1131 1087 1132
f 469 470 533
f 171 19 867
f 1085 1028 1086
f 869 611 4399
f 984 985 1552
f 10393 10312 10401
f 585 521 586
f 652 585 653
f 585 586 653
f 716 652 717
f 652 653 717
f 716 717 777
f 5246 5211 5212
f 7848 8437 2690
f 437 857 922
f 4150 4347 2586
f 43 186 4948
f 4409 1255 3608
f 2098 1066 1064
f 1179 838 988
f 838 1179 5245
f 7406 2680 8255
f 2331 2283 2332
f 2282 2283 2331
f 2331 2332 2374
f 2418 2374 2419
f 2417 2418 2492
f 2418 2419 2492
f 39 163 10
f 10 163 1735
f 4386 4387 4417
f 4443 4417 4444
f 1051 997 1052
f 1629 1630 1677
f 2250 2251 2297
f 2504 2505 2539
f 1587 1543 1588
f 1034 982 684
f 470 406 471
f 6862 4465 7068
f 1062 811 1061
f 1338 1293 1339
f 1394 300 1546
f 904 847 848
f 1131 1132 1187
f 4768 4212 3132
f 2132 2171 2216
f 1051 1052 1100
f 475 476 540
f 475 347 476
f 977 1026 1084
f 149 150 1005
f 10286 10262 10267
f 395 334 396
f 456 396 457
f 395 396 456
f 521 457 522
f 456 457 521
f 586 522 587
f 521 522 586
f 653 586 654
f 586 587 654
f 717 654 718
f 653 654 717
f 717 718 778
f 1689 4150 2586
f 5211 5246 838
f 17 851 838
f 502 699 4856
f 998 2025 133
f 350 982 849
f 437 43 4948
f 6266 6268 6339
f 1887 1385 5160
f 4344 4265 4320
f 7097 7098 7133
f 3243 10282 4579
f 39 2417 77
f 39 77 163
f 163 352 1735
f 1735 352 1198
f 10248 10322 10343
f 4100 1690 3686
f 1205 1100 1206
f 735 673 674
f 2255 2177 2305
f 1587 1588 1629
f 1034 1395 982
f 684 982 350
f 4346 4375 4407
f 1062 1061 2612
f 1676 1629 1677
f 1824 1872 1913
f 917 3034 3533
f 1257 1205 1206
f 4734 4714 4735
f 10165 10133 10166
f 2250 2219 2251
f 8031 3213 2656
f 2210 5149 2249
f 457 396 458
f 457 458 522
f 587 522 588
f 654 587 655
f 587 588 655
f 718 655 719
f 654 655 718
f 718 719 778
f 8719 8691 8720
f 5046 5122 4411
f 4749 4984 5033
f 2476 1361 872
f 310 849 1119
f 1076 1837 1316
f 4409 4449 2020
f 1617 1531 1618
f 5316 10157 10188
f 1817 1775 1818
f 334 2793 2917
f 1817 1818 864
f 2460 3184 2945
f 437 922 1075
f 5210 5166 5211
f 4344 4320 4372
f 1839 1265 866
f 9634 9603 9635
f 2374 2375 2419
f 2419 2375 2420
f 2419 2420 2492
f 2417 2492 147
f 77 2417 147
f 163 77 352
f 1197 1198 352
f 1198 907 984
f 1197 907 1198
f 907 368 984
f 4449 4435 4422
f 2767 4100 3686
f 2767 3503 4100
f 4627 4590 4628
f 894 788 895
f 735 793 899
f 8390 8355 8391
f 1336 1337 1437
f 1388 1389 1439
f 673 539 674
f 1097 3322 994
f 1585 1586 1626
f 3133 579 3561
f 1577 1526 5952
f 7342 1145 7343
f 1588 1543 1544
f 522 458 523
f 588 523 589
f 522 523 588
f 655 589 656
f 588 589 655
f 655 656 719
f 1643 987 833
f 136 7252 2296
f 1010 1245 1643
f 5049 3492 6577
f 1531 1580 1618
f 1775 1721 1776
f 1818 1775 1819
f 1775 1776 1819
f 864 1818 1819
f 864 1819 1955
f 1119 24 922
f 24 1075 922
f 43 437 1075
f 5210 5211 5245
f 2375 2333 2420
f 2492 2420 2493
f 147 2492 2571
f 2492 2493 2571
f 1784 1197 352
f 907 1197 901
f 4789 4758 3503
f 4651 4627 4675
f 8691 8646 8720
f 4627 4628 4675
f 8355 8356 8391
f 2645 2575 2646
f 2177 2178 2305
f 1585 1541 1586
f 1630 1631 1677
f 344 284 345
f 1038 1199 983
f 3943 3942 9188
f 1588 1544 1631
f 458 397 459
f 396 397 458
f 523 459 524
f 458 459 523
f 589 524 590
f 523 524 589
f 656 590 657
f 589 590 656
f 719 657 720
f 656 657 719
f 780 721 781
f 719 720 780
f 987 1643 1057
f 276 17 187
f 5166 5212 5211
f 4821 4816 4822
f 5245 5211 838
f 10284 10292 10420
f 1531 1431 1580
f 1618 1580 1619
f 1618 1619 1668
f 1721 1668 1722
f 1618 1668 1721
f 1776 1722 1777
f 1721 1722 1776
f 1819 1776 1777
f 1819 1777 1866
f 1819 1866 1907
f 1955 1819 1956
f 1819 1907 1956
f 8690 10277 10308
f 686 186 43
f 2420 2376 2421
f 2333 2376 2420
f 2420 2421 2453
f 2493 2453 2454
f 2420 2453 2493
f 2493 2454 2531
f 2493 2531 2571
f 1443 352 77
f 147 1443 77
f 352 1443 1491
f 352 1491 1784
f 1140 1197 1784
f 1140 901 1197
f 8928 10259 10357
f 4179 3240 4508
f 2470 2509 2546
f 2432 2393 2433
f 348 286 2839
f 347 286 348
f 1914 1875 1915
f 1145 3234 7343
f 2469 2470 2546
f 4601 4639 4732
f 1874 1826 1875
f 1308 1256 1309
f 2348 2304 2392
f 1189 1190 1297
f 7739 7599 7783
f 1630 1588 1631
f 524 459 525
f 590 524 591
f 524 525 591
f 590 591 657
f 720 591 721
f 657 591 720
f 720 721 780
f 7398 7424 7832
f 2476 872 1330
f 1431 1287 1432
f 1431 1432 1532
f 1431 1532 1580
f 1619 1532 1620
f 1580 1532 1619
f 1668 1619 1669
f 1619 1620 1669
f 1722 1668 1723
f 1668 1669 1723
f 1777 1722 1778
f 1722 1723 1778
f 1866 1778 1867
f 1777 1778 1866
f 1907 1867 1908
f 1866 1867 1907
f 1907 1908 1956
f 1955 1956 2044
f 1955 2044 2085
f 4731 4769 4771
f 2421 2376 2377
f 9071 9072 9105
f 2453 2377 2454
f 2421 2377 2453
f 2531 2494 2532
f 2454 2494 2531
f 2531 2532 2571
f 1491 1443 1492
f 1784 1491 1832
f 1491 1492 1832
f 944 1140 1784
f 944 1784 1832
f 944 901 1140
f 4386 4355 4387
f 7660 7684 7683
f 4759 4735 4760
f 1029 1030 1088
f 1099 1049 1155
f 1203 1154 1155
f 2218 2173 2219
f 2892 426 620
f 2502 2463 2503
f 1048 950 1049
f 935 894 936
f 30 3795 3921
f 2005 1871 2006
f 2176 2136 2177
f 894 895 936
f 1874 1875 1914
f 1188 1189 1296
f 1132 1088 1133
f 1088 1089 1133
f 424 417 2574
f 1049 950 1050
f 2303 2254 2304
f 342 283 343
f 1489 1441 1544
f 397 336 398
f 3361 3391 10252
f 397 398 459
f 525 459 526
f 591 526 592
f 525 526 591
f 591 592 658
f 721 658 722
f 591 658 721
f 781 722 782
f 721 722 781
f 10276 10331 10356
f 781 782 885
f 781 930 5821
f 781 885 930
f 972 885 973
f 930 885 972
f 1019 973 1020
f 1019 1020 1077
f 1077 1020 1078
f 1077 1078 1125
f 1182 1125 1235
f 1182 1235 1287
f 1287 1235 1386
f 1287 1386 1432
f 1532 1432 1533
f 1532 1533 1581
f 1532 1581 1620
f 1669 1620 1670
f 1620 1581 1670
f 1723 1669 1724
f 1669 1670 1724
f 1778 1724 1779
f 1723 1724 1778
f 1778 1779 1867
f 1956 1908 2004
f 1956 2004 2044
f 3990 1558 3192
f 915 5225 5861
f 685 988 851
f 9566 9596 9627
f 2454 2378 2455
f 2377 2378 2454
f 2494 2454 2495
f 2454 2455 2495
f 2532 2494 2533
f 2494 2495 2533
f 2571 2532 2603
f 2532 2533 2603
f 147 2571 160
f 2571 2603 160
f 152 147 160
f 1443 147 152
f 1443 1445 1492
f 1445 1443 152
f 1492 1445 1832
f 4035 3986 4036
f 4589 4627 4651
f 4759 4760 4775
f 1201 1153 1202
f 683 351 1343
f 1343 351 1548
f 2574 2537 2606
f 1440 1390 1489
f 9188 3941 9212
f 4241 4242 4321
f 1154 1099 1155
f 979 935 980
f 859 748 860
f 2253 2254 2303
f 459 398 460
f 526 460 527
f 459 460 526
f 592 527 593
f 526 527 592
f 658 593 659
f 592 593 658
f 722 659 723
f 658 659 722
f 782 723 783
f 722 723 782
f 782 783 885
f 10240 10329 7406
f 885 931 973
f 4948 186 436
f 3334 1454 10418
f 4574 10381 10417
f 1125 1126 1183
f 1235 1125 1236
f 1125 1183 1236
f 1235 1236 1332
f 1235 1332 1386
f 1432 1386 1433
f 1432 1433 1481
f 1432 1481 1533
f 1581 1533 1582
f 1581 1582 1621
f 1581 1621 1670
f 1724 1670 1671
f 1670 1621 1671
f 1724 1671 1779
f 2085 2044 2086
f 2129 2085 2130
f 2085 2086 2130
f 2168 2129 2169
f 2129 2130 2169
f 4034 4012 4035
f 2334 5564 5582
f 10308 10302 8690
f 2377 2334 2378
f 2455 2378 2456
f 2495 2455 2496
f 2455 2456 2496
f 2495 2496 2533
f 1446 1445 152
f 1445 1590 1832
f 1445 1446 1590
f 1590 944 1832
f 901 944 1096
f 10360 10325 3334
f 469 405 470
f 731 732 791
f 10328 10232 10337
f 2510 2549 2548
f 2135 2007 2173
f 224 283 342
f 2252 2175 2253
f 1100 1052 1101
f 1489 1390 1441
f 398 336 399
f 460 399 461
f 398 399 460
f 527 461 528
f 460 461 527
f 593 528 594
f 527 528 593
f 659 594 660
f 593 594 659
f 723 660 724
f 659 660 723
f 723 724 783
f 783 724 839
f 10311 10367 10393
f 783 839 885
f 1739 122 3000
f 6891 6856 6892
f 10300 4755 10366
f 1500 1151 612
f 7251 7252 136
f 1183 1127 1184
f 1126 1127 1183
f 1236 1183 1237
f 1183 1184 1237
f 1332 1236 1333
f 1236 1237 1333
f 1386 1332 1387
f 1332 1333 1387
f 1433 1387 1434
f 1386 1387 1433
f 1433 1434 1481
f 1582 1533 1621
f 1779 1671 1820
f 1671 1725 1820
f 1779 1820 1867
f 1908 1867 1957
f 1867 1820 1957
f 2004 1908 1957
f 2044 2004 2045
f 2004 1957 2045
f 2044 2045 2086
f 4868 2170 2214
f 4034 4035 4063
f 1179 988 2186
f 2496 2456 2497
f 2496 2497 2533
f 160 161 152
f 152 1442 1446
f 1442 152 161
f 1446 1442 1590
f 70 944 1590
f 1442 70 1590
f 737 944 70
f 944 737 1096
f 3503 3596 4100
f 10282 3243 4509
f 1206 1100 1207
f 748 749 860
f 351 683 2646
f 10351 10376 10354
f 2583 2549 2584
f 2583 2584 2614
f 351 2646 916
f 2606 2537 2607
f 858 859 950
f 197 3053 3909
f 1257 1207 1311
f 2218 2219 2250
f 1298 1143 1299
f 336 280 337
f 336 337 399
f 461 399 462
f 528 462 529
f 461 462 528
f 528 529 594
f 660 594 661
f 660 661 724
f 724 661 725
f 839 725 840
f 724 725 839
f 10249 10409 3628
f 983 1039 1038
f 244 484 3506
f 8605 8496 8646
f 6831 6796 7233
f 2657 2624 7590
f 1185 1184 1127
f 1184 1185 1237
f 1237 1238 1288
f 1333 1288 1334
f 1237 1288 1333
f 1333 1334 1387
f 1387 1334 1434
f 1481 1434 1482
f 1533 1482 1534
f 1481 1482 1533
f 1957 1909 1958
f 1820 1909 1957
f 1957 1958 2045
f 2086 2045 2087
f 2130 2086 2131
f 2086 2087 2131
f 2130 2131 2170
f 10234 10364 10369
f 884 988 685
f 988 884 2186
f 1074 5245 1179
f 2250 2210 2249
f 2457 2422 2497
f 161 160 2603
f 1728 1729 1781
f 2299 2221 2300
f 844 790 845
f 4033 4034 4062
f 1548 1298 1299
f 1206 1207 1257
f 620 552 621
f 4099 5306 6356
f 1143 1142 1299
f 462 337 463
f 399 337 462
f 529 463 530
f 462 463 529
f 594 530 595
f 529 530 594
f 661 595 662
f 594 595 661
f 661 662 725
f 784 887 840
f 725 784 840
f 932 887 974
f 1021 974 1022
f 932 974 1021
f 8246 8210 8247
f 1288 1186 1289
f 1288 1289 1334
f 1621 1534 1622
f 1533 1534 1621
f 1621 1622 1671
f 1671 1622 1725
f 1820 1725 1672
f 1820 1672 1868
f 1909 1868 1910
f 1820 1868 1909
f 1958 1910 1959
f 1909 1910 1958
f 2045 1958 2046
f 1958 1959 2046
f 2045 2046 2087
f 2170 2131 2214
f 739 4179 4007
f 10341 10256 10407
f 954 1458 543
f 10242 10293 4121
f 2533 2497 2572
f 2603 2533 2572
f 179 161 2603
f 1442 161 1448
f 4063 4035 4096
f 4165 4096 4166
f 3596 1095 4100
f 10238 10244 10416
f 2253 2175 2254
f 2541 2466 2542
f 1142 904 848
f 1677 1631 1678
f 1343 1548 1299
f 4097 4135 4168
f 463 400 464
f 337 400 463
f 463 464 530
f 662 595 663
f 725 663 726
f 662 663 725
f 725 726 784
f 784 726 785
f 582 1304 4965
f 1022 975 1023
f 5034 5035 868
f 1080 1023 1081
f 1022 1023 1080
f 1080 1081 1186
f 8719 8720 8777
f 1434 1334 1435
f 1482 1435 1483
f 1434 1435 1482
f 1534 1483 1535
f 1482 1483 1534
f 1622 1672 1725
f 1672 1821 1868
f 1910 1868 1911
f 1868 1821 1911
f 1910 1911 1959
f 1959 1960 2046
f 2087 2046 2088
f 2087 2088 2131
f 10233 10312 10393
f 2379 2335 2380
f 2335 2336 2380
f 2379 2380 2422
f 2497 2422 2458
f 2497 2458 2534
f 2572 2497 2534
f 179 1448 161
f 70 1442 1448
f 3917 4338 5805
f 1690 1095 125
f 934 935 978
f 2803 2760 3978
f 485 426 9778
f 1729 1730 1824
f 599 536 600
f 1542 1389 1488
f 1190 1191 1241
f 1190 1134 1191
f 1963 2008 2007
f 1498 946 25
f 411 346 412
f 946 904 1142
f 904 946 1498
f 1187 1132 1188
f 1089 1090 1133
f 1143 1144 946
f 337 281 338
f 400 338 401
f 337 338 400
f 464 401 465
f 400 401 464
f 530 465 531
f 464 465 530
f 595 531 596
f 530 531 595
f 595 596 663
f 887 786 888
f 785 786 887
f 564 506 6342
f 1186 1081 1128
f 1289 1128 1290
f 1186 1128 1289
f 1289 1290 1334
f 1334 1335 1435
f 1483 1435 1484
f 1535 1484 1536
f 1483 1484 1535
f 1535 1536 1534
f 1622 1534 1623
f 1622 1623 1672
f 1911 1821 1912
f 1959 1911 1960
f 1911 1912 1960
f 2046 1960 2047
f 2046 2047 2088
f 2131 2088 2132
f 4345 4243 4346
f 4345 4346 4374
f 2380 2336 2381
f 2336 2337 2381
f 2422 2381 2423
f 2380 2381 2422
f 2458 2423 2459
f 2422 2423 2458
f 2534 2458 2535
f 2458 2459 2535
f 2572 2534 2604
f 2534 2535 2604
f 2603 2572 230
f 2572 2604 230
f 230 179 2603
f 70 71 737
f 71 1096 737
f 6072 5146 7140
f 791 733 845
f 417 2501 2574
f 2389 2390 2429
f 2345 2346 2391
f 2464 2429 2465
f 1731 1732 1826
f 1731 1676 1732
f 2388 2428 2463
f 2429 2390 2430
f 2500 2501 417
f 1143 946 1142
f 346 285 347
f 401 338 402
f 465 402 466
f 401 402 465
f 531 466 532
f 465 466 531
f 531 532 596
f 663 596 664
f 663 664 726
f 726 664 785
f 888 786 889
f 1023 889 1024
f 975 889 1023
f 1081 1024 1082
f 1023 1024 1081
f 1081 1082 1128
f 1334 1290 1335
f 1435 1335 1436
f 1484 1436 1485
f 1435 1436 1484
f 1536 1485 1537
f 1484 1485 1536
f 1534 1537 1583
f 1536 1537 1534
f 1534 1583 1623
f 1672 1623 1726
f 1821 1726 1822
f 1672 1726 1821
f 1821 1822 1912
f 1960 1912 1961
f 1960 1961 2047
f 2131 2132 2215
f 2381 2337 2382
f 2381 2382 2423
f 2604 2535 2605
f 230 2604 2605
f 231 230 2605
f 179 230 419
f 230 231 419
f 4374 4407 4432
f 98 99 125
f 1100 1101 1156
f 1100 1156 1207
f 1311 1312 1356
f 298 1458 3156
f 1083 1084 1129
f 667 600 668
f 346 347 412
f 466 402 467
f 466 467 532
f 596 532 597
f 664 597 665
f 596 597 664
f 664 665 727
f 785 727 786
f 664 727 785
f 889 786 841
f 1128 1082 1129
f 1128 1129 1239
f 1290 1239 1291
f 1128 1239 1290
f 1290 1291 1335
f 1335 1336 1436
f 1485 1436 1437
f 1537 1485 1538
f 1485 1437 1538
f 1583 1538 1584
f 1537 1538 1583
f 1623 1583 1624
f 1583 1584 1624
f 1623 1624 1673
f 1623 1673 1726
f 1726 1780 1822
f 1822 1780 1869
f 1822 1869 1912
f 2047 1961 2005
f 2047 2005 2088
f 2132 2088 2133
f 2215 2132 2216
f 2148 2216 2184
f 171 1359 98
f 2382 1514 2383
f 98 1359 99
f 10316 1042 3918
f 2605 2573 300
f 1674 1585 1626
f 2459 2460 2498
f 2459 2423 3184
f 2535 2498 2536
f 2459 2498 2535
f 419 1346 179
f 1346 1448 179
f 1448 1035 70
f 1346 1035 1448
f 71 70 2015
f 4432 4407 4463
f 4494 4463 7305
f 171 34 1359
f 6983 6948 6949
f 402 338 403
f 467 403 468
f 402 403 467
f 532 468 533
f 467 468 532
f 532 533 597
f 889 841 933
f 889 933 976
f 1024 976 1025
f 889 976 1024
f 1024 1025 1082
f 1335 1291 1336
f 1436 1336 1437
f 1538 1437 1539
f 1538 1539 1584
f 1624 1584 1625
f 1624 1625 1673
f 1726 1673 1727
f 1726 1727 1780
f 1912 1869 1870
f 1869 1780 1870
f 2088 2005 2133
f 10232 10333 10380
f 4773 3138 1495
f 6946 6917 6947
f 6888 6889 6917
f 2535 2536 2605
f 231 2605 299
f 419 299 420
f 231 299 419
f 419 420 1346
f 2184 387 2148
f 10064 10001 10104
f 4432 4463 4494
f 949 950 994
f 338 281 339
f 403 339 404
f 338 339 403
f 468 404 469
f 403 404 468
f 468 469 533
f 665 597 666
f 727 666 728
f 665 666 727
f 727 728 786
f 841 728 842
f 786 728 841
f 841 842 890
f 841 890 933
f 976 933 1025
f 1082 1025 1083
f 1082 1083 1129
f 1437 1486 1539
f 1584 1539 1625
f 1727 1625 1728
f 1673 1625 1727
f 1780 1727 1823
f 1727 1728 1823
f 1780 1823 1870
f 241 1045 235
f 3752 10263 908
f 3173 3701 3839
f 2885 2840 2886
f 3235 3091 3188
f 3229 3199 3230
f 3715 3716 3736
f 3489 3467 3468
f 76 253 115
f 53 213 3418
f 3343 3311 3344
f 3778 3779 3802
f 3393 3274 3480
f 3107 3573 3179
f 3366 3173 3839
f 3311 3312 3344
f 1876 3776 3820
f 3743 3697 3744
f 3903 2222 3904
f 10317 10320 10411
f 3198 3160 3199
f 627 1921 3562
f 3107 3043 3304
f 2878 2834 2944
f 7164 7134 7165
f 558 175 815
f 3776 3758 3777
f 3263 3264 3326
f 1157 3326 3385
f 3430 3372 3431
f 3640 3641 3663
f 3372 3404 3431
f 3689 3690 3716
f 2882 2839 2883
f 3656 2724 3047
f 3321 3259 3354
f 3112 3064 3065
f 1309 1354 3472
f 2929 2883 2930
f 2882 2883 2929
f 8788 8762 8789
f 3263 3208 3264
f 3030 3031 3128
f 3259 3322 3354
f 3259 3260 3322
f 3344 3345 3370
f 3208 3209 3264
f 3265 3209 3238
f 2929 2930 2972
f 8885 8819 8886
f 3011 2726 3034
f 3313 3314 3345
f 5403 128 10199
f 3385 3358 3415
f 3030 2986 3031
f 2986 2942 3031
f 3208 3127 3209
f 3127 3128 3209
f 3146 3541 3554
f 8916 8885 8917
f 477 2928 2972
f 8533 8495 8496
f 10277 10344 10293
f 3385 3415 1259
f 431 2657 3390
f 1259 3415 3474
f 3032 3484 3774
f 168 2016 676
f 8885 8886 8917
f 2723 2696 177
f 8940 8916 8941
f 8533 8496 8570
f 8916 8917 8941
f 3257 3202 3258
f 2726 3146 3554
f 1192 1193 2098
f 4171 7727 8363
f 3678 3323 4710
f 7892 7891 9291
f 2928 2929 2972
f 8973 8940 8974
f 3028 3029 3074
f 3372 3347 3373
f 3157 3158 3227
f 3017 3062 3159
f 3159 3160 3198
f 1045 241 1104
f 3777 3778 3802
f 3028 2984 3029
f 6012 6003 7148
f 3284 3227 3285
f 7886 7857 7887
f 8940 8941 8974
f 7327 7623 9003
f 10313 10237 10270
f 610 3309 232
f 675 3309 610
f 191 68 563
f 4105 4073 4140
f 8973 8974 8998
f 749 3074 3075
f 3170 4774 4753
f 3787 3741 3788
f 396 334 2917
f 3074 3029 3075
f 9011 8998 9012
f 1175 1176 304
f 1882 4672 4713
f 1679 1545 1680
f 9246 3938 9267
f 3403 3372 3429
f 5332 7400 6610
f 1548 351 1964
f 3309 675 3279
f 675 2912 3279
f 7781 1864 8896
f 3538 2824 3096
f 8511 1112 8175
f 4563 4501 4469
f 2249 5149 2829
f 3848 3807 3873
f 3611 3577 3639
f 3464 3409 3465
f 3660 3661 3714
f 3660 3639 3661
f 201 202 260
f 3166 687 3167
f 4056 4210 4514
f 916 2576 2987
f 27 1558 2247
f 7296 6028 9247
f 3140 232 3309
f 3279 3140 3309
f 3427 3428 3460
f 10349 1503 10236
f 1454 10256 10418
f 2062 1644 4348
f 2859 2824 2988
f 1827 3712 3734
f 1876 1826 3775
f 3140 3279 3452
f 6016 7699 8738
f 8471 8440 8472
f 347 348 413
f 1147 1633 1685
f 2947 3178 3529
f 9027 9011 9028
f 9011 9012 9028
f 4582 10279 10323
f 5883 5740 5972
f 3150 2435 3483
f 1732 1677 1733
f 1306 2946 240
f 2946 3732 240
f 240 3756 2912
f 3732 3756 240
f 3278 3279 3756
f 3279 2912 3756
f 3278 3452 3279
f 3722 4671 1882
f 2399 216 3819
f 2931 2932 2973
f 4133 4096 4165
f 10394 10316 3918
f 5807 5399 9027
f 1490 3513 3611
f 5807 9027 9028
f 3712 3141 3097
f 3458 3734 3097
f 3734 3712 3097
f 3458 3483 3734
f 3150 3483 2872
f 3150 2872 1306
f 2946 2903 3732
f 3452 3087 2926
f 3087 3452 3278
f 3182 3140 3452
f 2926 3182 3452
f 6443 6364 5745
f 3431 3404 3432
f 82 494 100
f 10273 10302 10364
f 3043 2827 3221
f 3173 3179 3269
f 1134 1090 3369
f 10323 10279 10381
f 2595 3139 3796
f 3228 3229 3286
f 2824 3538 2652
f 5350 5351 5394
f 3402 3371 3428
f 3776 3802 3820
f 3097 3141 3443
f 3458 3456 3483
f 3483 3456 2872
f 2872 3261 1306
f 3261 2902 2946
f 1306 3261 2946
f 2902 2903 2946
f 3195 3732 2903
f 3732 3195 3756
f 3087 3278 3195
f 3195 3278 3756
f 9882 9848 9883
f 15 1103 2658
f 2383 579 3133
f 1202 1203 3442
f 3404 3373 3432
f 3442 1203 1308
f 3139 2596 3859
f 2827 3043 3107
f 3043 3221 2944
f 3486 3431 3432
f 3514 3432 3515
f 3486 3432 3514
f 3579 3515 3580
f 3097 3443 2809
f 3458 3097 3512
f 3512 3097 2809
f 3426 3456 3458
f 3426 3458 3512
f 2872 3456 3842
f 3456 3426 3842
f 3261 2872 3842
f 2902 3002 2903
f 3002 3195 2903
f 3087 2778 2926
f 2926 3092 3182
f 1155 1256 1203
f 35 1453 909
f 3228 3198 3229
f 3832 3791 3792
f 3016 3222 3768
f 7024 7025 7060
f 196 195 2863
f 3591 3625 3670
f 2983 2939 2984
f 3471 3442 3472
f 3442 1308 3472
f 3471 3472 3553
f 3393 3173 3269
f 3173 3393 3701
f 10274 10237 1112
f 3179 3366 2952
f 3747 3673 3722
f 3128 3031 3129
f 3128 3129 3171
f 3209 3171 3210
f 3005 3078 3443
f 3078 2809 3443
f 3195 3654 3087
f 3654 2778 3087
f 2778 2893 2926
f 2926 2893 3092
f 141 3092 3388
f 3614 3579 3615
f 3209 3210 3238
f 3372 3373 3404
f 3832 3792 3851
f 2998 2993 2183
f 3746 3670 3699
f 3791 3746 3792
f 3746 3699 3792
f 3426 2719 3842
f 3362 3261 3842
f 2719 3362 3842
f 3070 2902 3362
f 3362 2902 3261
f 3002 2902 3070
f 3092 3013 3388
f 2014 3923 5630
f 3808 3720 3809
f 3469 3411 3470
f 3265 3238 3327
f 3358 3265 3327
f 8243 6398 8244
f 3579 3580 3615
f 3300 3850 3877
f 53 3300 3877
f 3380 3353 3410
f 3380 3294 3353
f 3380 3410 3439
f 3785 3760 3827
f 3358 3327 3386
f 3575 3512 2809
f 3426 3512 3675
f 3512 3575 3675
f 2719 3426 3675
f 3362 2719 3120
f 3070 3362 3120
f 3654 3195 3002
f 2778 3654 293
f 2894 3092 2893
f 3092 2894 3013
f 1146 1147 1685
f 3032 3084 3484
f 3358 3386 3415
f 3641 3615 3616
f 314 256 2992
f 3744 3698 3745
f 3697 3698 3744
f 3205 3014 2838
f 3588 3468 3624
f 3646 3588 3624
f 3827 3760 3828
f 1157 1053 3326
f 3474 3415 3475
f 2809 3078 3392
f 3575 2809 3392
f 2719 3675 3120
f 3070 3120 3295
f 2981 3002 3070
f 2981 3654 3002
f 2778 293 3040
f 2778 3040 2893
f 2894 2893 3040
f 3013 2894 2096
f 10425 10426 10430
f 480 481 752
f 315 316 377
f 3474 3475 5280
f 4164 4133 4165
f 2623 2628 8303
f 2954 2865 2808
f 3148 3102 2954
f 2966 3079 3148
f 10376 10250 10354
f 3831 3849 2900
f 3849 3745 3876
f 3614 3615 3641
f 940 898 941
f 3331 3187 3078
f 3187 3392 3078
f 3120 3071 3295
f 3654 2981 293
f 2096 2894 2857
f 2096 2857 3636
f 1258 1207 1157
f 3663 3616 3664
f 3641 3616 3663
f 3850 3809 3877
f 3537 3656 3810
f 100 3059 3091
f 3663 3664 3690
f 3716 3690 3717
f 2969 2741 3079
f 2741 2761 3079
f 676 99 35
f 3901 3849 3876
f 1053 3263 3326
f 4153 4005 4809
f 3575 3392 3733
f 3575 3733 3459
f 3459 3675 3575
f 3071 3120 3675
f 3459 3071 3675
f 3295 3864 3070
f 3864 2981 3070
f 3040 293 3637
f 3307 3040 3637
f 2894 3040 3119
f 2096 3636 335
f 2724 3035 2795
f 217 154 2618
f 3126 3127 3208
f 3348 3349 3374
f 3200 3201 3255
f 12 773 4550
f 3562 1921 2960
f 3831 3790 3849
f 1831 149 1392
f 2798 72 2957
f 2957 3219 1501
f 3219 627 1501
f 3191 3135 3602
f 3720 3669 3721
f 3796 3139 3841
f 2848 3331 3796
f 2848 3796 3841
f 2848 3187 3331
f 3296 3295 3071
f 3295 3296 3864
f 293 2981 3637
f 3119 3040 3307
f 2857 2815 3636
f 3636 3093 335
f 3093 481 335
f 6985 6951 6952
f 3716 3717 3736
f 3668 3623 3697
f 3623 3646 3697
f 10318 10358 10372
f 4726 6615 6649
f 3906 1785 3914
f 4601 3054 4639
f 3435 3377 3408
f 3127 3030 3128
f 3235 3188 3901
f 3590 3490 3591
f 2807 3006 3007
f 3035 2947 2795
f 3178 73 3567
f 10339 10302 10370
f 4769 10298 10414
f 10397 10296 4771
f 4374 4346 4407
f 48 61 364
f 1501 627 3088
f 3555 3088 3556
f 3116 3024 3117
f 3841 3139 3859
f 3542 2848 3859
f 2848 3841 3859
f 3187 2848 3542
f 3733 3392 3068
f 3733 3068 3459
f 3459 3068 3772
f 3798 3071 3459
f 3772 3798 3459
f 3071 3798 3296
f 3637 2981 3355
f 3384 3307 3681
f 3681 3307 3637
f 3220 3119 3384
f 3384 3119 3307
f 3119 3220 3412
f 3119 3367 2894
f 3367 3119 3412
f 2815 2857 3367
f 3367 2857 2894
f 2958 3636 2815
f 2951 3093 2958
f 2958 3093 3636
f 860 861 952
f 6003 7299 6004
f 3099 3055 3530
f 3055 3049 3530
f 3366 3099 2952
f 3055 3099 3366
f 3049 2817 3329
f 3577 3612 3639
f 3284 3285 3347
f 3440 3411 3469
f 3490 3440 3470
f 3831 3789 3790
f 3116 3117 3165
f 6920 6858 6921
f 2879 3234 7322
f 1734 1679 1680
f 2801 2758 2843
f 3064 3022 3065
f 3021 3022 3064
f 3021 2934 3022
f 2247 3054 4601
f 3162 3065 3163
f 52 756 695
f 4315 1635 81
f 2900 3188 3059
f 3849 3790 3745
f 4141 4142 4176
f 2837 2596 2564
f 2837 3504 3542
f 2837 3542 3859
f 3359 3187 3542
f 3504 3359 3542
f 3392 3187 3359
f 3392 2685 3068
f 2685 3392 3359
f 3772 3068 3724
f 3068 2685 3724
f 3772 2938 3798
f 3724 2938 3772
f 3798 2938 3296
f 3296 3026 3864
f 3026 2981 3864
f 3355 3026 3356
f 2981 3026 3355
f 3355 3356 106
f 3637 106 3563
f 3355 106 3637
f 3680 3681 3563
f 3681 3637 3563
f 3383 3384 3680
f 3680 3384 3681
f 3383 3220 3384
f 3412 3220 3413
f 2958 2815 3367
f 153 154 237
f 3370 3345 3371
f 3715 3736 3780
f 2515 2660 2661
f 3520 3521 3548
f 1916 103 1971
f 6266 6267 6268
f 1639 244 3506
f 2593 5300 6746
f 30 3921 4921
f 8495 8471 8496
f 3241 2103 3727
f 3163 3114 3164
f 3369 3370 3402
f 3440 3469 3470
f 8616 10274 1112
f 3453 3146 3011
f 1250 2098 1064
f 3507 3453 2825
f 2906 2923 2860
f 3162 3163 3201
f 10272 10256 10341
f 3168 2799 1193
f 3927 2964 4703
f 2909 2837 2564
f 365 1746 1792
f 3504 2909 3536
f 2837 2909 3504
f 3359 3504 3750
f 3504 3536 3750
f 3545 3359 3750
f 3545 2685 3359
f 3368 2685 3545
f 2685 3368 3724
f 3296 2938 3837
f 3026 3296 3837
f 3563 2996 3680
f 2996 3382 3383
f 2996 3383 3680
f 3328 3220 3382
f 3382 3220 3383
f 3220 3328 3413
f 3413 2949 3412
f 3367 3412 3275
f 3412 2949 3275
f 3250 2958 3367
f 3275 3250 3367
f 2951 2958 3250
f 153 237 2834
f 3777 3735 3778
f 2779 2780 2819
f 5357 2819 117
f 3312 3313 3345
f 3369 3344 3370
f 3758 3735 3777
f 3662 3640 3688
f 3267 754 3091
f 3719 3743 3790
f 3202 3165 3232
f 10356 6959 10365
f 3361 697 3391
f 2256 3401 2395
f 1392 1144 1298
f 2509 2470 3401
f 3216 3035 3656
f 3463 3464 3520
f 3389 3496 3565
f 3565 3496 3566
f 2337 1514 2382
f 3192 2686 44
f 3081 3545 3750
f 3081 3750 3767
f 3081 3485 3545
f 2919 3368 3545
f 3485 2919 3545
f 3368 2919 3724
f 3242 2938 3724
f 3027 3026 3837
f 3356 3026 3357
f 3026 3027 3357
f 106 3356 3357
f 3563 106 3254
f 2996 3563 3254
f 2996 3381 3382
f 3328 3381 3502
f 3381 3328 3382
f 3502 3225 3413
f 3328 3502 3413
f 3702 2949 3413
f 3225 3702 3413
f 3275 2949 3862
f 2949 3702 3862
f 3250 3275 3609
f 3451 3250 3609
f 3451 2951 3250
f 550 2951 3451
f 2626 6003 6004
f 8440 8441 8472
f 861 3124 3125
f 9652 9626 9653
f 3779 3780 3823
f 4867 5664 1396
f 2819 2780 2820
f 119 118 2819
f 2819 2820 2863
f 3897 178 3557
f 3353 3321 3411
f 3668 3697 3743
f 3868 3823 3869
f 3822 3823 3868
f 10276 10356 10365
f 6781 8604 6813
f 3202 3232 3258
f 3396 3084 3455
f 3287 3288 3349
f 3348 3287 3349
f 9245 3940 9246
f 3484 2807 3774
f 10237 1217 1112
f 4096 4064 4134
f 3519 3463 3520
f 2947 3389 2967
f 6921 6922 4284
f 3496 3389 2947
f 2564 2635 2909
f 4755 8242 10415
f 899 846 943
f 2515 3081 3767
f 2919 3242 3724
f 3837 3242 2835
f 2938 3242 3837
f 3027 3837 3299
f 3299 3837 2835
f 106 3357 2847
f 3254 106 2847
f 3381 3251 3502
f 2996 3251 3381
f 3225 3251 3524
f 3251 3225 3502
f 3702 3225 3524
f 3862 3702 3394
f 3275 3862 3394
f 3275 3394 3609
f 3741 3696 3742
f 3741 3742 3788
f 195 196 256
f 3440 3353 3411
f 3091 3235 3267
f 8133 2592 8077
f 4754 4639 4771
f 3710 3605 3218
f 1503 10330 10391
f 336 396 2917
f 823 1068 5877
f 1033 3091 754
f 3584 3619 3643
f 3642 3584 3643
f 2974 2975 3017
f 3034 2727 3143
f 2016 2101 954
f 1064 110 1250
f 1250 110 1091
f 4186 3050 3054
f 3255 3351 3377
f 1193 1192 349
f 2578 2609 2987
f 287 3073 2994
f 6003 2626 6487
f 3324 3457 3485
f 3081 3324 3485
f 3457 2919 3485
f 2919 2908 3242
f 3242 2908 2831
f 3242 2831 2835
f 3041 3357 3027
f 3041 3027 3299
f 3357 3041 2847
f 3254 2720 2996
f 2720 3251 2996
f 3703 3702 3524
f 3702 3703 3394
f 3609 3394 3634
f 3609 3634 3451
f 3634 3501 3451
f 550 3501 3883
f 550 3451 3501
f 550 549 2951
f 3540 550 3883
f 10401 3908 10355
f 1175 304 1174
f 2820 2781 2821
f 2780 2781 2820
f 2820 2821 2863
f 2863 2821 196
f 3598 10280 10263
f 2968 5103 5150
f 2100 1749 257
f 3135 3341 4545
f 3656 3047 3810
f 2984 2985 3029
f 3075 3029 3076
f 2971 1033 754
f 3719 3668 3743
f 7919 7918 9293
f 2975 2976 3018
f 6101 4588 618
f 4757 4774 3170
f 3007 3448 3858
f 3143 2727 3538
f 2976 2977 3019
f 3665 3691 3738
f 2873 2923 2796
f 3738 3691 3739
f 416 1829 798
f 6365 3444 4689
f 3377 3351 3408
f 3255 3316 3351
f 3322 1097 3354
f 225 226 285
f 946 1196 498
f 3457 3324 3846
f 2908 2919 3457
f 3299 2835 3086
f 3041 3299 3086
f 3251 3276 3524
f 3703 3276 3704
f 3524 3276 3703
f 3394 3703 3924
f 3703 3704 3924
f 3544 3394 3924
f 3394 3544 3634
f 3420 3501 3634
f 3420 3634 3544
f 3420 3245 3883
f 3501 3420 3883
f 3245 2927 3540
f 3245 3540 3883
f 4169 4135 8179
f 2927 2058 3540
f 3324 2516 3846
f 9594 9529 9595
f 2780 2744 2781
f 2821 2781 2822
f 2781 2782 2822
f 196 2821 2907
f 256 196 315
f 196 2907 315
f 256 315 2992
f 7322 1145 7342
f 4508 3240 3891
f 2912 172 240
f 2633 489 3053
f 3393 3480 2817
f 3075 3076 3124
f 2968 3034 3800
f 2478 2401 2442
f 7305 4463 4433
f 4427 5845 8167
f 3642 3643 3694
f 3693 3642 3694
f 3288 3230 3289
f 4236 3149 4575
f 5410 5366 5411
f 2796 2923 2906
f 2859 2988 2906
f 3665 3618 3691
f 2876 2796 2988
f 6831 6960 4995
f 5074 4647 10388
f 3255 3201 3316
f 3122 2908 3457
f 2831 2908 3122
f 2835 2831 2743
f 3086 2835 2743
f 3041 3086 2770
f 2847 3041 2770
f 3254 2847 3036
f 2720 3254 3036
f 3251 2997 3276
f 3276 3303 3704
f 3276 2997 3303
f 3704 3303 3924
f 3544 3924 3224
f 3924 3303 3224
f 3544 3224 3363
f 2144 3420 3544
f 2144 3544 3363
f 2144 3245 3420
f 2927 2144 3058
f 2144 2927 3245
f 751 2058 3857
f 2927 3058 2058
f 2782 2745 2783
f 9620 5333 9642
f 2822 2782 2783
f 2907 2821 259
f 2821 2822 259
f 2907 259 315
f 3124 3076 3125
f 3480 3603 2817
f 3182 57 3140
f 6326 6327 7068
f 219 55 279
f 3111 3019 3063
f 3111 3063 3161
f 3160 3111 3161
f 2475 4187 4217
f 3448 3047 3858
f 3143 3538 3096
f 766 823 5877
f 10255 10289 3891
f 5677 5598 5524
f 1053 1052 997
f 3122 3457 3872
f 3872 3457 3846
f 2831 3122 2832
f 3086 2743 2770
f 2770 3036 2847
f 3224 3303 2777
f 3224 2777 3363
f 2144 2862 3058
f 2711 2671 8365
f 9212 3940 9245
f 2706 2745 2744
f 2822 2783 259
f 1502 3915 3916
f 611 10371 4399
f 1880 3737 3782
f 1318 5675 5846
f 4655 4632 4680
f 3701 3393 2817
f 921 558 2058
f 3622 3623 3668
f 4220 4221 4293
f 2994 3073 2874
f 3692 3693 3740
f 3693 3694 3740
f 3537 3455 3571
f 281 282 339
f 3199 3160 3200
f 3160 3161 3200
f 1135 1192 1250
f 3737 3759 3782
f 2693 2756 2755
f 2886 2887 2933
f 2755 2756 2841
f 3617 3517 3618
f 2976 2933 2977
f 2756 2757 2841
f 3448 3449 3047
f 2807 3484 3006
f 3448 3006 3449
f 2554 2552 2663
f 1579 37 2651
f 3122 3872 2925
f 2831 2832 2743
f 3395 2720 3036
f 2720 3252 3251
f 3395 3252 2720
f 3251 3252 2997
f 2995 3303 2997
f 3303 2921 2777
f 2777 3505 3363
f 3301 3363 3505
f 3363 3493 2144
f 3363 3301 3493
f 3493 2862 2144
f 178 2050 2136
f 2707 2706 10195
f 259 2783 201
f 216 2999 3819
f 219 279 3422
f 3065 3022 3066
f 3178 2947 3035
f 3436 3318 3437
f 57 141 479
f 2398 6515 3492
f 3537 3571 3656
f 10272 4861 10431
f 3231 3199 3200
f 3406 3407 3433
f 1242 2584 3604
f 356 93 2438
f 3737 3738 3759
f 3665 3738 3737
f 2886 2841 2887
f 3288 3290 3315
f 3289 3290 3288
f 3230 3199 3231
f 1202 1154 1203
f 10311 10401 10355
f 3738 3739 3759
f 6515 6542 3492
f 2552 2554 2925
f 3122 2925 2698
f 2698 2832 3122
f 2725 2770 2743
f 2770 292 3036
f 3687 3395 3036
f 2995 3482 3303
f 3482 2921 3303
f 2814 2777 2921
f 2814 2797 3505
f 2777 2814 3505
f 2797 3301 3505
f 3301 2910 3493
f 2910 2862 3493
f 2862 2910 3282
f 168 170 1455
f 485 552 426
f 2783 2746 2784
f 8034 7968 8035
f 2783 2784 201
f 953 3206 3207
f 1357 1259 3474
f 3415 3386 3445
f 2336 2335 2337
f 3084 3396 3484
f 3840 2874 3073
f 3035 2724 3656
f 3616 3517 3617
f 2959 2960 3421
f 3577 3578 3612
f 3870 1918 3871
f 2437 127 2633
f 2693 2722 2756
f 3350 3288 3315
f 3350 3315 3376
f 3517 3433 3518
f 2754 2755 2840
f 2054 4427 6170
f 2841 2757 2842
f 2722 2723 2756
f 2841 2842 2887
f 3633 3365 2925
f 2925 3365 2698
f 2832 2725 2743
f 292 2770 2725
f 3036 292 3687
f 3253 3252 3395
f 3253 2911 2997
f 3252 3253 2997
f 2997 2911 2995
f 2870 2921 3482
f 2870 2814 2921
f 2797 3214 3301
f 3214 2910 3301
f 103 102 1105
f 1052 1053 1101
f 2784 2746 2785
f 201 2784 2823
f 2784 2785 2823
f 201 2823 202
f 3483 1827 3734
f 7883 6555 5950
f 4214 4184 4644
f 3415 3445 3475
f 940 3311 3343
f 4190 4163 4191
f 3379 3438 3467
f 3047 3449 3810
f 285 226 286
f 3233 3167 3294
f 3781 3414 2790
f 481 548 752
f 3258 3233 3294
f 1964 351 165
f 10345 10394 10428
f 351 916 165
f 6658 5699 9900
f 3289 3231 3290
f 3230 3231 3289
f 3350 3376 3407
f 3433 3407 3434
f 3007 3006 3448
f 3782 3803 3824
f 3782 3783 3803
f 3759 3739 3783
f 3782 3759 3783
f 1391 3513 1490
f 4698 4630 4699
f 3271 3365 3633
f 2698 3365 3919
f 2698 2861 2832
f 3253 3395 3687
f 2814 2870 3749
f 2797 3749 3214
f 2797 2814 3749
f 2785 2747 2786
f 2745 2746 2783
f 2785 2786 2823
f 3317 3318 3436
f 3025 2937 3166
f 4123 2247 4706
f 4062 4034 4063
f 3508 4059 3090
f 8418 8390 8419
f 3287 3229 3288
f 1502 2222 2175
f 2881 2824 2652
f 3824 3826 2052
f 6902 6724 6929
f 165 1831 1964
f 2975 2886 2976
f 3017 3018 3062
f 10257 10294 10279
f 3406 3350 3407
f 3290 3231 3291
f 2825 2906 2860
f 3096 3453 3011
f 3453 3096 2825
f 1739 697 3564
f 3365 3271 3764
f 3764 3271 3833
f 3365 3764 3919
f 3272 3253 3687
f 2911 3272 3338
f 2911 3253 3272
f 3039 2995 3338
f 2995 2911 3338
f 3482 3039 3559
f 2995 3039 3482
f 3482 2776 2870
f 2776 3482 3559
f 3729 3749 2870
f 2776 3729 2870
f 3749 3729 3214
f 10424 6645 10436
f 996 995 953
f 2823 2786 128
f 2823 128 202
f 2805 2806 2892
f 736 674 604
f 8761 8786 8823
f 9446 9447 9492
f 4095 4062 4132
f 3604 3840 3073
f 3177 2964 3535
f 3582 3487 3616
f 3824 3803 3825
f 1639 245 2261
f 2801 2843 2889
f 8768 10352 10285
f 254 313 5436
f 3692 3740 3784
f 3784 3740 3805
f 3449 3396 3810
f 561 2727 3034
f 178 2176 3903
f 342 282 224
f 3349 3288 3350
f 3062 3111 3160
f 3315 3290 3291
f 8768 10269 10352
f 2095 2052 3899
f 2052 3826 3899
f 3497 3764 3833
f 6424 6389 6425
f 3919 3764 3920
f 3764 3497 3920
f 2698 3919 3920
f 2832 2861 3333
f 2725 2832 3333
f 2725 3001 292
f 3687 292 2788
f 2776 3559 3753
f 2776 3003 3729
f 384 4916 1975
f 540 476 541
f 2786 2747 5361
f 1498 24 1119
f 1827 693 3712
f 5914 7406 10326
f 883 836 5
f 2596 2837 3859
f 3167 687 3204
f 7028 6987 6988
f 2891 2892 2937
f 333 275 334
f 3549 3550 3586
f 3881 2056 4608
f 3461 3486 3546
f 3462 3433 3487
f 3553 3472 3523
f 3550 3436 3551
f 2549 3414 2584
f 73 490 3567
f 3177 3535 3529
f 3487 3517 3616
f 3616 3617 3618
f 3516 3462 3487
f 2547 2509 3069
f 2548 2547 3069
f 798 1829 3658
f 6389 8164 8165
f 8164 6424 8207
f 3658 3632 3920
f 3497 3658 3920
f 3454 2698 3920
f 3632 3454 3920
f 2861 2698 3597
f 2698 3454 3597
f 2861 3597 3333
f 2725 3333 3539
f 3539 3001 2725
f 2788 2787 3687
f 2787 3272 3687
f 3653 3338 3272
f 3039 3338 3653
f 3559 3653 3753
f 3039 3653 3559
f 3455 3537 3810
f 10294 10290 10279
f 3635 2807 3843
f 3740 3718 3760
f 3736 3717 3737
f 259 201 260
f 1639 2261 5275
f 3015 2963 3085
f 4219 4191 4265
f 4890 5731 4496
f 3499 3725 3194
f 568 567 509
f 8655 8656 8696
f 1156 1053 1157
f 9116 3944 3943
f 1545 3660 3714
f 3553 3523 3625
f 2950 2959 3414
f 3550 3551 3587
f 3219 2957 753
f 3576 753 2957
f 2796 2906 2988
f 3098 3008 3858
f 3541 2826 3102
f 2761 3541 3102
f 3899 3847 72
f 3805 3847 3899
f 3803 3804 3825
f 1501 3069 3169
f 3694 3718 3740
f 3643 3644 3694
f 3584 3520 3619
f 3643 3619 3644
f 1829 3632 3658
f 3723 3454 3632
f 3454 3217 3597
f 3217 3454 3723
f 3597 3217 3333
f 3333 3217 3539
f 2787 2788 1011
f 10326 10329 10310
f 10327 6711 10430
f 2817 3360 3701
f 3488 3522 3549
f 3552 3588 3623
f 2826 2860 3037
f 3008 3147 3843
f 3060 3109 3158
f 7133 7134 7164
f 2554 2585 3633
f 3603 3508 3090
f 754 3418 2183
f 3257 3258 3293
f 6369 6332 6333
f 3748 3418 754
f 4132 4062 4133
f 3547 3516 3581
f 3222 2827 3241
f 736 3060 3157
f 3464 3408 3409
f 3644 3620 3667
f 3739 3692 3783
f 3670 3671 3699
f 3670 3625 3671
f 3710 993 3417
f 2756 2723 2757
f 4163 4132 4164
f 72 2729 3576
f 3875 3831 2900
f 3788 3789 3807
f 3807 3789 3831
f 3830 3806 3848
f 3786 3806 3830
f 2761 2741 2726
f 3786 3787 3806
f 3824 3825 3826
f 8618 10271 10305
f 3110 3159 3197
f 3110 3017 3159
f 1007 3282 4159
f 3348 3374 3373
f 3023 2980 3067
f 1549 2435 3150
f 3723 3632 3913
f 3632 3425 3913
f 3281 3217 3723
f 3281 3723 3913
f 3281 3325 3217
f 3217 3325 3539
f 3325 3237 3539
f 3001 3539 3237
f 2788 292 3001
f 52 51 14
f 3585 3549 3586
f 10287 10277 10293
f 2584 3414 3781
f 3188 3091 3059
f 2435 1827 3483
f 3611 3546 3577
f 953 3208 3263
f 3806 3807 3848
f 3207 3208 953
f 858 949 913
f 214 124 2057
f 10279 10290 10381
f 10286 10309 10340
f 3203 3166 3233
f 2978 2890 2979
f 3621 3587 3645
f 2549 2950 3414
f 2729 72 3873
f 3900 3875 2900
f 3059 753 3576
f 3807 3831 3875
f 2805 2762 2806
f 3444 1243 4689
f 2900 3059 3576
f 1921 494 2960
f 3786 3741 3787
f 3805 3785 3827
f 3169 3498 2798
f 3619 3585 3620
f 3197 3159 3198
f 3432 3405 3462
f 3548 3488 3549
f 6877 5846 5249
f 3906 3894 3913
f 3425 3906 3913
f 2740 3281 3894
f 3894 3281 3913
f 3281 2740 3325
f 2740 3237 3325
f 2742 3001 3237
f 2788 3001 2742
f 2788 2742 1011
f 1635 2686 1558
f 2424 2385 2426
f 3522 3436 3550
f 1201 3442 3471
f 3915 3896 3916
f 3694 3695 3718
f 3790 3744 3745
f 3157 3060 3158
f 2978 2979 3023
f 3066 3023 3067
f 2804 3418 3748
f 3113 3066 3114
f 2843 2890 2934
f 1788 3543 10413
f 3066 3067 3114
f 2993 2971 2183
f 2959 2950 3562
f 3059 3495 753
f 81 3038 2295
f 3439 3410 3440
f 3430 3431 3486
f 6712 10090 10091
f 316 315 259
f 2577 2542 2578
f 3740 3785 3805
f 3783 3784 3804
f 3825 3804 3826
f 3735 3780 3779
f 3112 3065 3162
f 2811 2631 1212
f 1833 1496 10336
f 3023 2979 2980
f 3277 3176 2874
f 4275 4251 4276
f 1966 489 1967
f 3799 3598 3752
f 3685 2740 3914
f 2740 3894 3914
f 275 2867 334
f 3196 3157 846
f 280 281 337
f 846 794 3196
f 1048 1097 994
f 3179 3173 3366
f 3096 2824 2859
f 3665 3616 3618
f 1826 1732 1733
f 4430 4128 4579
f 6713 6712 10091
f 3015 3085 2103
f 3605 3530 3218
f 4164 4165 4193
f 53 3418 2804
f 3235 53 2804
f 3488 3466 3436
f 3721 3746 3791
f 1964 1392 1298
f 3414 3421 2790
f 2968 3800 5103
f 6389 6424 8164
f 3164 3116 3202
f 3621 3645 3696
f 3164 3115 3116
f 3114 3115 3164
f 3283 3284 3346
f 2884 2839 2885
f 53 3235 3300
f 3876 3808 3850
f 3876 3850 3300
f 3808 3809 3850
f 3697 3646 3698
f 5049 6646 4361
f 3277 2874 3648
f 3520 3464 3521
f 2840 2755 2841
f 2757 2758 2801
f 2885 2886 2932
f 10390 10320 10342
f 3548 3585 3619
f 2931 2885 2932
f 3548 3549 3585
f 1146 1685 3657
f 3137 2740 3685
f 3657 3137 3685
f 2740 3137 3237
f 3237 2858 2742
f 9318 9292 9319
f 7370 7672 4709
f 3484 3396 3006
f 3701 3360 3839
f 496 1885 2727
f 6658 9900 10387
f 2959 3562 2960
f 226 2754 2839
f 10259 8928 10404
f 57 367 3140
f 422 1790 479
f 3077 3127 3126
f 1685 3137 3657
f 3077 3030 3127
f 3207 3126 3208
f 2091 2008 3915
f 3508 3262 4059
f 3203 3025 3166
f 4320 4321 4373
f 494 1921 3495
f 3468 3589 3624
f 3375 3350 3405
f 9268 7892 9290
f 1733 1734 3775
f 476 413 477
f 3194 3725 2878
f 3745 3698 3720
f 3378 3292 3317
f 3292 3256 3293
f 3783 3692 3784
f 2842 2757 2801
f 1917 3870 3897
f 1454 3659 3628
f 3408 3352 3409
f 3067 2980 3114
f 3465 3466 3488
f 141 57 3182
f 1146 3657 3685
f 3137 2858 3237
f 2858 3186 2742
f 2175 2222 2254
f 6669 7581 6111
f 1032 940 3343
f 2011 2012 2050
f 3758 3714 3735
f 3844 3845 1963
f 315 375 2992
f 3239 3710 3218
f 3246 3247 3239
f 3530 3098 3099
f 3530 3605 3098
f 3879 999 4262
f 5033 4985 4986
f 8471 8472 8496
f 2693 2692 10019
f 3129 3130 3171
f 3605 3710 3417
f 8786 8787 8823
f 3428 3429 3460
f 3221 2827 3222
f 7965 3884 2684
f 2754 2693 2755
f 10284 10405 10292
f 3742 3696 3762
f 3374 3375 3405
f 3788 3742 3789
f 3742 3762 3789
f 3181 2954 2808
f 2592 6714 8077
f 9836 10203 10222
f 7891 7919 9293
f 3661 3662 3688
f 3467 3439 3468
f 3065 3113 3163
f 2895 7994 8517
f 3292 3293 3317
f 3720 3721 3809
f 2984 2940 2985
f 3164 3202 3257
f 3259 913 3260
f 3753 3653 614
f 3795 3137 3921
f 1146 3685 3914
f 3186 2858 3795
f 2858 3137 3795
f 2868 2742 3186
f 3691 3692 3739
f 2878 2658 2965
f 7948 7922 10281
f 4519 2139 7814
f 3844 3820 3845
f 1876 3820 3844
f 10326 10305 10271
f 569 568 509
f 3487 3433 3517
f 195 119 2863
f 3776 3777 3802
f 7060 7061 7097
f 8128 10298 7641
f 3591 3553 3625
f 808 2142 3499
f 3327 3238 3297
f 748 692 749
f 7893 7892 9268
f 225 91 162
f 3017 2975 3018
f 2974 2886 2975
f 2932 2886 2974
f 3607 2807 3635
f 3736 3737 1880
f 2692 2693 2754
f 3158 3110 3197
f 3011 3146 2726
f 3507 2826 3541
f 3661 3688 3715
f 3386 3327 3387
f 3327 3297 3387
f 3475 3445 3476
f 3827 3828 3847
f 4770 10371 10399
f 2690 8437 7922
f 3809 3832 3851
f 3351 3352 3408
f 8654 8610 8655
f 365 61 3909
f 3376 3291 3377
f 4373 4432 4462
f 2892 620 2937
f 7934 10320 10317
f 1685 1633 3921
f 4050 908 10278
f 4878 5290 6655
f 4003 6993 10385
f 4003 10385 10402
f 4431 4372 4462
f 4241 4192 4242
f 3198 3199 3229
f 3374 3349 3375
f 3552 3468 3588
f 213 2183 3418
f 1105 808 3499
f 3189 2864 2873
f 9292 9293 9319
f 3151 3032 10420
f 3475 3476 3494
f 3258 3294 3319
f 142 143 5371
f 6502 6503 6540
f 274 2830 275
f 4982 4983 2969
f 943 3283 3314
f 1251 27 4688
f 3460 3429 3461
f 9763 9733 9819
f 3098 3605 3417
f 3488 3436 3522
f 10385 4861 10404
f 3147 993 3843
f 3316 3292 3352
f 3201 3256 3292
f 3515 3462 3516
f 3897 3871 178
f 3870 3871 3897
f 1917 1918 3870
f 3085 2963 2881
f 3896 3869 3916
f 3822 3779 3823
f 3669 3590 3591
f 3014 2774 2971
f 3151 10292 10252
f 3352 3292 3378
f 10347 10289 10255
f 3521 3465 3488
f 3302 3676 3181
f 3409 3378 3466
f 10296 10311 10355
f 3586 3550 3587
f 4779 5029 7143
f 4372 4373 4462
f 1251 3038 81
f 1733 3775 1826
f 3197 3198 3228
f 5115 7377 4649
f 3603 2956 2817
f 2817 3049 3360
f 3049 3055 3360
f 1734 3758 3776
f 3820 3821 3845
f 3866 3867 2008
f 3189 2873 2103
f 1691 3246 4773
f 10265 10424 10436
f 487 488 554
f 3499 3194 2836
f 3194 2877 2836
f 8030 7336 8069
f 4008 3918 1042
f 2750 2709 2710
f 2939 2940 2984
f 4070 4019 4071
f 2103 3241 3189
f 2103 3085 2877
f 3672 3626 3673
f 6129 6130 6161
f 1680 1545 3714
f 3717 3664 3665
f 993 3422 3843
f 3422 3635 3843
f 2972 3017 3061
f 1196 1091 498
f 6408 4756 6643
f 3672 3592 3626
f 4639 2922 4731
f 2952 2864 3189
f 3241 2952 3189
f 2548 2549 2583
f 3820 3802 3821
f 10234 10369 10362
f 3352 3378 3409
f 1241 3460 3461
f 9820 9791 9851
f 10262 10286 10409
f 3620 3585 3621
f 3792 4733 218
f 2838 2971 8
f 3787 3788 3806
f 1490 3639 3660
f 6741 10054 6766
f 364 61 365
f 4582 4049 4605
f 1882 855 101
f 3603 3090 2956
f 3635 3422 279
f 3695 3621 3696
f 3055 3366 3839
f 3866 3821 3867
f 3845 3821 3866
f 2871 2875 2901
f 7061 7027 7062
f 8127 8134 8952
f 4885 4859 9002
f 3147 3417 993
f 10396 6584 8335
f 4608 2056 2292
f 2008 3867 3895
f 9938 9939 9967
f 9938 9916 9939
f 2750 2710 2792
f 2708 2709 2750
f 2750 2792 2830
f 10311 10393 10401
f 3985 3959 4012
f 1241 1191 3427
f 3417 3147 3098
f 2952 2827 3107
f 3098 2952 3099
f 3785 3740 3760
f 558 921 2355
f 3462 3405 3433
f 3664 3616 3665
f 3373 3374 3405
f 1031 939 1032
f 1053 997 3263
f 997 953 3263
f 3238 3210 3266
f 3297 3238 3266
f 3644 3667 3694
f 3188 2900 3901
f 3047 2724 2864
f 10384 8795 10433
f 2985 3030 3077
f 119 2819 2863
f 3114 2980 3115
f 3644 3619 3620
f 3828 3848 3873
f 2957 72 3576
f 3620 3621 3667
f 3631 3082 3038
f 2944 3221 3016
f 3445 3387 3446
f 4131 4163 4190
f 3515 3516 3547
f 10311 10296 10397
f 3438 3439 3467
f 10336 5890 10408
f 1356 1312 1357
f 3585 3586 3621
f 3311 942 3312
f 1734 1680 3758
f 3397 3399 3268
f 3397 2875 3838
f 2875 3397 2901
f 5701 6341 6342
f 3386 3387 3445
f 4792 4519 7814
f 3445 3446 3476
f 1366 6005 5402
f 2585 3271 3633
f 2792 2710 2793
f 8616 8175 8832
f 4602 10296 10355
f 10272 10259 4861
f 1875 1876 1915
f 2457 2456 5614
f 2247 4123 4155
f 5034 807 5135
f 2973 2932 2974
f 3428 3403 3429
f 1502 2091 3915
f 2864 2724 2873
f 6714 2592 5329
f 3891 3240 1503
f 2876 3015 2796
f 2091 1502 2175
f 861 3125 3206
f 3847 3828 72
f 794 736 3196
f 4057 3050 4186
f 3339 1496 1833
f 336 2793 280
f 3533 2968 5150
f 2635 2483 2636
f 2836 484 3499
f 2944 3016 2878
f 3379 3380 3439
f 2963 2876 2988
f 2905 3148 2954
f 2795 2967 3131
f 3496 2947 3529
f 2967 2795 2947
f 3529 3535 3566
f 2964 3177 490
f 3496 3529 3566
f 2876 2963 3015
f 3566 3535 3927
f 2179 4586 4683
f 107 1884 3851
f 2686 3192 1558
f 2881 2836 2877
f 695 18 124
f 1882 4713 3156
f 3552 3489 3468
f 3244 3268 3399
f 3038 3244 2295
f 3397 3268 3473
f 3397 3473 2901
f 122 3564 4117
f 6960 5079 4995
f 3286 3229 3287
f 2985 2986 3030
f 2839 2754 2840
f 56 3013 2096
f 3968 3944 3969
f 18 695 1455
f 10242 4050 10278
f 2793 2710 2751
f 2282 5918 5920
f 3344 3312 3345
f 228 216 2399
f 2008 3895 3915
f 3029 2985 3076
f 4750 1411 4912
f 541 477 2972
f 3639 3612 3661
f 3840 3604 3648
f 3661 3612 3662
f 3369 3402 3427
f 3107 3304 3573
f 3645 3668 3719
f 3587 3489 3552
f 3436 3489 3551
f 3551 3489 3587
f 3587 3552 3622
f 3587 3622 3645
f 3696 3645 3719
f 8 2971 2993
f 3896 3868 3869
f 8071 5329 8254
f 4321 4243 4345
f 4321 4242 4243
f 4192 4193 4242
f 2900 2729 3900
f 6759 8570 8604
f 61 1684 3909
f 2956 3138 4773
f 3218 3049 3329
f 1201 1202 3442
f 3038 3082 3244
f 2955 3268 3244
f 3082 2955 3244
f 3268 2955 3473
f 3473 2733 2901
f 2955 2733 3473
f 561 2970 2727
f 9937 9914 10001
f 4411 7249 7250
f 3304 3043 2944
f 3982 2055 4090
f 115 6688 1602
f 5329 1111 6714
f 3065 3066 3113
f 2824 2881 2963
f 1091 1135 1250
f 1111 5329 8071
f 3714 3715 3735
f 2836 2881 2652
f 2652 3606 2836
f 916 2646 2576
f 1514 579 2383
f 2956 3246 3329
f 3202 3116 3165
f 3718 3695 3761
f 3803 3783 3804
f 3022 2978 3023
f 1203 1256 1308
f 245 3606 2652
f 3024 3025 3117
f 6678 6829 6791
f 3736 1880 3780
f 3360 3055 3839
f 904 1498 847
f 805 2055 4030
f 3129 3031 3130
f 3371 3346 3403
f 3313 943 3314
f 3314 3283 3346
f 3049 3218 3530
f 2962 3082 3631
f 1251 3631 3038
f 2955 3082 2961
f 2961 3082 2962
f 2733 2955 3155
f 2762 2805 4001
f 2793 2751 2794
f 2563 2481 3139
f 413 348 2882
f 10381 10335 10417
f 3297 3266 3298
f 3476 3446 3447
f 7102 10276 3861
f 5301 2589 8661
f 4123 2099 4155
f 2054 5845 4427
f 2382 2383 2945
f 3557 178 3904
f 10391 10330 10424
f 95 170 909
f 3205 3277 3648
f 2774 3014 3648
f 1191 1134 3427
f 3146 3453 3507
f 489 1966 2352
f 3117 3025 3165
f 3646 3624 3669
f 3698 3646 3669
f 3696 3719 3762
f 2891 2805 2892
f 2972 2973 3017
f 3468 3490 3590
f 3466 3378 3436
f 27 81 1558
f 4718 4698 4699
f 10239 7103 10363
f 8132 1216 8664
f 3264 3209 3265
f 674 736 794
f 2928 413 2929
f 2594 2625 9958
f 3757 3676 3302
f 6016 7658 7699
f 3652 3631 4688
f 2955 2961 3155
f 3155 2904 2733
f 9292 7891 9293
f 2386 2426 5181
f 2951 548 3093
f 4755 10236 10374
f 6714 1111 8077
f 8077 5887 8660
f 4000 5675 8449
f 5675 4000 5249
f 2793 336 2917
f 2816 295 1928
f 3461 3429 3430
f 3554 2761 2726
f 3895 3896 3915
f 3821 3822 3868
f 3895 3868 3896
f 1097 1152 3354
f 226 10051 2692
f 2934 2890 2978
f 3705 3399 4158
f 3604 2790 3648
f 3205 3648 3014
f 4692 4212 4768
f 226 2692 2754
f 953 952 3206
f 3671 3625 3672
f 549 548 2951
f 3867 3868 3895
f 3821 3802 3822
f 3867 3821 3868
f 3802 3779 3822
f 3745 3720 3808
f 3320 3167 3321
f 3809 3721 3791
f 3645 3622 3668
f 3165 3025 3203
f 3468 3439 3490
f 2874 3840 3648
f 3698 3669 3720
f 4123 4212 4692
f 3963 3939 3964
f 3490 3470 3591
f 3939 3940 3964
f 3991 3992 4016
f 3346 3347 3372
f 2560 2561 9958
f 1921 753 3495
f 5887 1368 8660
f 3062 3019 3111
f 3651 3270 2962
f 2099 3651 3652
f 2961 3056 3155
f 2961 2962 3056
f 3056 3280 3155
f 3155 3280 2904
f 10246 7967 3935
f 41 1368 5887
f 9886 9917 9939
f 2793 2794 280
f 1829 1879 3425
f 3125 3077 3126
f 3688 3689 3716
f 3715 3688 3716
f 3872 2552 2925
f 3523 1384 3592
f 3206 3125 3207
f 3286 3287 3348
f 3436 3437 3489
f 3318 3258 3319
f 3294 3167 3320
f 3320 3321 3353
f 1111 5324 5966
f 3688 3640 3689
f 3735 3715 3780
f 4577 1148 4972
f 1046 4687 7299
f 3204 913 3259
f 3669 3591 3721
f 3165 3203 3232
f 3232 3233 3258
f 3025 2891 2937
f 3589 3468 3590
f 3760 3718 3761
f 3159 3062 3160
f 2332 5604 5930
f 3873 3807 3874
f 55 219 3247
f 3402 3370 3371
f 3809 3791 3832
f 114 3168 207
f 2804 3267 3235
f 2804 3748 3267
f 178 3903 3904
f 4062 4063 4133
f 873 6049 4367
f 3429 3372 3430
f 3806 3788 3807
f 2883 2839 2884
f 2930 2884 2931
f 2883 2884 2930
f 2972 2931 2973
f 3270 3009 2962
f 3056 2962 3009
f 3056 3009 3280
f 3750 3536 3767
f 2635 2660 3536
f 3536 2660 3767
f 2909 2635 3536
f 1925 2384 3725
f 356 5092 2871
f 2930 2931 2972
f 3060 2972 3061
f 348 2839 2882
f 4364 3450 4170
f 7545 7843 7868
f 2751 2712 2752
f 2751 2711 8328
f 2751 2752 2794
f 335 56 2096
f 1458 855 3156
f 53 3851 1884
f 3877 3851 53
f 3109 3060 3110
f 3060 3061 3110
f 3158 3109 3110
f 3578 3613 3640
f 2985 2941 2986
f 3546 3486 3577
f 10258 10289 10304
f 3465 3409 3466
f 2890 2935 2979
f 2924 2726 2741
f 3227 3158 3228
f 3434 3435 3463
f 2924 2741 2969
f 3256 3257 3293
f 498 1091 110
f 3167 3259 3321
f 3727 2103 2877
f 3246 3239 3329
f 3343 3344 3369
f 3232 3203 3233
f 3624 3589 3590
f 3612 3640 3662
f 2817 2956 3329
f 4371 4344 4431
f 4299 4300 4326
f 4133 4063 4096
f 913 949 3260
f 4236 4128 4667
f 6590 6061 2518
f 8164 7816 8165
f 3285 3228 3286
f 3227 3228 3285
f 3347 3286 3348
f 3285 3286 3347
f 3679 3651 4768
f 2948 2904 3280
f 2999 2948 3042
f 2904 2948 2999
f 2999 3248 3819
f 2999 3042 3248
f 2352 2400 2436
f 3274 3393 3269
f 3506 484 2836
f 225 224 91
f 8118 7816 8164
f 2794 2752 280
f 5591 3600 5951
f 3414 2959 3421
f 5361 2747 10197
f 2998 2183 213
f 3200 3162 3201
f 2873 2795 2923
f 4195 4168 4221
f 2481 2482 2596
f 1749 7572 4558
f 93 2901 2733
f 3762 3790 3789
f 3762 3719 3790
f 2905 2966 3148
f 6368 6330 6331
f 2890 2844 2935
f 3256 3164 3257
f 3805 3827 3847
f 2726 3534 3800
f 72 3828 3873
f 4584 4779 5169
f 3347 3348 3373
f 3294 3320 3353
f 2660 2515 3767
f 2561 2594 9958
f 3084 3391 3455
f 3204 3118 913
f 3592 5297 3626
f 3745 3808 3876
f 4131 4095 4132
f 1241 3427 3460
f 917 561 3034
f 229 228 2399
f 2577 2987 2576
f 3873 3900 2729
f 2283 2282 5920
f 3564 697 3361
f 7349 1425 358
f 3009 3270 3072
f 3280 3009 3854
f 2991 2948 3280
f 2991 3280 3854
f 2948 2991 3042
f 3248 3042 2436
f 3775 1734 3776
f 122 1739 3564
f 4590 4497 4499
f 3058 2862 3857
f 2584 3781 3604
f 3410 3353 3440
f 3624 3590 3669
f 3781 2790 3604
f 3024 2936 3025
f 3432 3462 3515
f 2844 2845 2935
f 2979 2935 2980
f 3584 3519 3520
f 3351 3316 3352
f 2798 3899 72
f 3146 3507 3541
f 4674 4626 4651
f 2843 2802 2844
f 4219 4190 4191
f 3239 993 3710
f 3580 3515 3581
f 3515 3547 3581
f 4523 4493 4524
f 2953 3181 1972
f 165 150 1831
f 2802 2803 2844
f 3615 3581 3582
f 3580 3581 3615
f 3615 3582 3616
f 3828 3760 3829
f 2256 2223 2095
f 3730 3679 3865
f 3694 3667 3695
f 3191 3270 3323
f 3270 3191 3072
f 3072 2916 3854
f 3009 3072 3854
f 2990 2991 3854
f 2916 2990 3854
f 3042 2991 2866
f 2991 2990 2866
f 3042 2866 3570
f 3042 489 2436
f 3042 3570 489
f 2672 185 4304
f 3234 1145 7322
f 8643 8583 8716
f 3158 3197 3228
f 3578 3579 3613
f 3233 3166 3167
f 3439 3440 3490
f 3115 2980 3116
f 2980 3024 3116
f 687 3118 3204
f 2936 2891 3025
f 2865 2826 3037
f 3541 2761 3554
f 3521 3488 3548
f 2840 2841 2886
f 3201 3292 3316
f 3826 3784 3805
f 3804 3784 3826
f 8118 7336 7816
f 3578 3514 3579
f 620 687 2937
f 695 214 146
f 3901 3876 3300
f 2827 2952 3241
f 4007 4179 4508
f 846 3157 3226
f 3823 3780 1917
f 3869 3823 1917
f 3341 3323 3677
f 10369 10266 10377
f 3191 3323 3341
f 2920 2990 2916
f 2920 2866 2990
f 3689 3663 3690
f 1967 489 2633
f 3549 3522 3550
f 749 692 3028
f 3869 1917 3897
f 3986 3960 3987
f 8602 5816 8688
f 2712 2713 2752
f 2752 2714 2753
f 2713 2714 2752
f 2752 2753 280
f 5103 5104 5150
f 3329 3239 3218
f 3671 3672 3699
f 3916 3897 3557
f 3869 3897 3916
f 3625 3592 3672
f 3346 3284 3347
f 3318 3319 3379
f 3167 3204 3259
f 3622 3552 3623
f 3437 3467 3489
f 3437 3379 3467
f 3667 3621 3695
f 3069 1501 3088
f 6988 6954 6989
f 3104 3602 4644
f 754 2183 2971
f 4524 4462 4525
f 3438 3379 3439
f 3743 3744 3790
f 4184 4575 4644
f 3235 3901 3300
f 3625 3523 3592
f 3345 3314 3346
f 306 305 5399
f 2900 3849 3901
f 3346 3372 3403
f 3621 3586 3587
f 150 149 1831
f 1162 4541 5171
f 2305 2223 2395
f 3341 3135 3191
f 2818 3072 3191
f 3057 3072 2818
f 2916 3072 3856
f 3072 3057 3856
f 3650 2920 3856
f 2920 2916 3856
f 2914 2866 2920
f 2914 2920 3650
f 3570 2866 3707
f 2866 2914 3707
f 3570 3010 489
f 3010 3570 3707
f 3010 3053 489
f 996 997 1051
f 2839 2840 2885
f 3427 3402 3428
f 1864 7781 7782
f 1502 3916 3557
f 2714 2713 10213
f 10385 10404 10427
f 3871 2011 178
f 3125 3126 3207
f 997 996 953
f 3317 3258 3318
f 2826 2865 3102
f 3318 3379 3437
f 3829 3760 3830
f 2247 4186 3054
f 2632 83 2965
f 2510 2548 3555
f 2757 177 2758
f 2723 177 2757
f 3069 3088 3555
f 2548 3069 3555
f 4361 6646 7274
f 274 275 333
f 1193 349 287
f 3748 754 3267
f 3557 3904 1502
f 6152 6151 7362
f 3560 2424 3561
f 3076 2985 3077
f 2729 2900 3576
f 2877 3085 2881
f 4735 4675 4715
f 3433 3463 3518
f 2758 2759 2802
f 2818 3191 3602
f 3105 3650 3856
f 3057 3105 3856
f 3142 2914 3650
f 3142 3650 3105
f 2914 3683 3707
f 2914 3142 3683
f 3683 3010 3707
f 3010 2989 3053
f 2982 2939 2983
f 3153 3272 2787
f 555 2939 2982
f 8117 8118 8163
f 3682 6703 7319
f 5302 5987 5327
f 9128 9129 9152
f 280 2753 281
f 4545 3677 4509
f 3379 3319 3380
f 3047 2952 3098
f 2844 2803 4027
f 4191 4164 4192
f 3760 3786 3830
f 2758 2802 2843
f 3828 3829 3848
f 3518 3463 3519
f 2888 2801 2889
f 2842 2801 2888
f 3231 3200 3255
f 2826 3507 2825
f 2860 2826 2825
f 5899 2700 8257
f 3904 2222 1502
f 197 626 2437
f 4735 4715 4760
f 3076 3077 3125
f 8655 8696 8726
f 3877 3809 3851
f 8546 6641 8547
f 1915 1876 3844
f 3690 3664 3717
f 4775 418 3503
f 2510 3555 3556
f 3341 3677 4545
f 418 4775 4760
f 3248 229 3819
f 3057 2818 3104
f 3105 2915 3142
f 3683 3142 3889
f 3142 2915 3889
f 3424 3010 3683
f 3424 3683 3889
f 3010 3424 2989
f 3053 2989 3909
f 2952 3047 2864
f 418 3596 3503
f 8550 7948 10281
f 4632 4633 4680
f 8174 6249 8214
f 2753 2718 281
f 1097 1098 1152
f 1391 1241 3513
f 541 2972 3060
f 3371 3403 3428
f 3470 3441 3471
f 5564 2377 2376
f 100 494 3495
f 3760 3761 3786
f 3695 3741 3761
f 3761 3741 3786
f 3829 3830 3848
f 3695 3696 3741
f 3613 3579 3614
f 2889 2843 2934
f 3020 3021 3064
f 2977 2934 3020
f 3063 3064 3112
f 3063 3020 3064
f 3020 2934 3021
f 2888 2889 2934
f 2977 2888 2934
f 3826 3805 3899
f 2256 3069 3401
f 3169 3069 2256
f 4706 4601 4732
f 1193 2994 3168
f 3302 2808 3037
f 2790 2774 3648
f 3441 1201 3471
f 10233 10253 8303
f 229 2436 2400
f 2884 2885 2931
f 6201 6130 6202
f 604 541 3060
f 95 1455 170
f 3104 2833 3057
f 3004 3105 3057
f 2915 3004 3183
f 3004 2915 3105
f 3889 2915 3910
f 2915 3183 3910
f 3423 3424 3889
f 3423 3889 3910
f 3424 3249 2989
f 3423 3249 3424
f 3249 3273 2989
f 2989 365 3909
f 2989 3273 365
f 736 3157 3196
f 2051 2052 2095
f 8496 8472 8497
f 2753 2717 2718
f 2714 2716 2753
f 1260 6029 7215
f 3714 3661 3715
f 8248 8212 8249
f 675 172 2912
f 2934 2978 3022
f 3000 3178 3035
f 3618 3666 3691
f 3618 3583 3666
f 3161 3162 3200
f 3161 3063 3162
f 3063 3112 3162
f 3518 3519 3584
f 3583 3518 3584
f 3169 2957 1501
f 6893 6894 2897
f 4525 4526 4556
f 2980 2936 3024
f 2935 2936 2980
f 2960 494 82
f 8163 8118 8164
f 3721 3670 3746
f 3016 2877 3194
f 3691 3666 3692
f 3727 2877 3768
f 3016 3221 3222
f 14 677 101
f 1963 3845 3866
f 3016 3194 2878
f 3874 3807 3875
f 3241 3727 3768
f 10295 10285 10338
f 3514 3515 3579
f 3977 2760 2759
f 3215 3183 3004
f 3183 3812 3910
f 3183 3215 3812
f 3835 3423 3910
f 3812 3835 3910
f 3765 3249 3835
f 3249 3423 3835
f 3273 3249 3765
f 3725 2384 2878
f 3730 3323 3270
f 3470 3553 3591
f 3222 3241 3768
f 1462 3982 10241
f 10356 10306 4861
f 216 2733 2904
f 83 153 2834
f 2877 3016 3768
f 2717 2716 10180
f 2671 2710 2709
f 509 447 510
f 3721 3591 3670
f 8761 8725 8726
f 1548 1964 1298
f 3131 3037 2923
f 444 4130 139
f 4648 5115 4649
f 3376 3377 3435
f 3935 3564 10246
f 3613 3614 3641
f 447 448 510
f 3396 3449 3006
f 2825 2859 2906
f 3618 3517 3583
f 3291 3231 3255
f 3069 2509 3401
f 2798 2957 3169
f 2806 425 2892
f 1065 2217 2249
f 1785 1146 3914
f 1031 1032 1090
f 8211 8212 8248
f 1242 3604 3073
f 3470 3471 3553
f 2578 2579 2609
f 3137 1685 3921
f 3730 3865 4710
f 2546 2547 2583
f 2833 3104 3836
f 3004 3057 3630
f 3057 2833 3630
f 3004 3630 3215
f 3215 3211 3812
f 3812 3711 3835
f 3211 3711 3812
f 3103 3765 3835
f 3711 3103 3835
f 3335 3273 3765
f 3103 3335 3765
f 3273 3335 3094
f 3273 2828 365
f 3273 3094 2828
f 3339 4028 4397
f 2469 2434 2470
f 5169 3814 6775
f 3391 697 3455
f 1885 435 2652
f 1970 2011 3871
f 8645 8605 8646
f 2176 2222 3903
f 2456 2378 5614
f 484 244 1971
f 2790 2971 2774
f 3421 2971 2790
f 3131 3302 3037
f 3190 3131 2967
f 6877 1318 5846
f 2798 2095 3899
f 3008 3098 3147
f 3201 3164 3256
f 4734 4758 4774
f 2807 3008 3843
f 3635 279 3926
f 2859 2825 3096
f 3019 3020 3063
f 3533 3034 2968
f 3517 3518 3583
f 10247 10392 10412
f 2937 687 3166
f 3319 3294 3380
f 3022 3023 3066
f 3577 3514 3578
f 3326 3358 3385
f 127 1967 2633
f 3059 100 3495
f 3283 3226 3284
f 2845 2846 2891
f 2838 3014 2971
f 2726 3800 3034
f 3326 3264 3358
f 3190 3757 3302
f 35 99 1359
f 3149 2833 3836
f 3464 3465 3521
f 3215 3630 3771
f 3211 3771 3818
f 3211 3215 3771
f 3211 3048 3711
f 3048 3211 3818
f 3048 3103 3711
f 3103 3145 3335
f 3335 3145 3094
f 1746 365 2828
f 6645 8968 10436
f 3861 10276 10388
f 426 552 620
f 2596 2482 2564
f 952 861 3206
f 2424 2460 2945
f 1241 3461 3513
f 3128 3171 3209
f 3321 1152 1201
f 3411 1201 3441
f 3470 3411 3441
f 3037 2808 2865
f 3562 3088 627
f 3037 2860 2923
f 3019 2977 3020
f 2933 2888 2977
f 2988 2824 2963
f 3007 3008 2807
f 3201 3163 3164
f 3008 3007 3858
f 5660 4840 2616
f 5371 143 3923
f 489 2352 2436
f 34 867 3794
f 2816 2994 3176
f 2971 82 1033
f 10339 10266 10364
f 2423 2382 2945
f 3982 4090 10241
f 6984 6951 6985
f 2724 2795 2873
f 4095 4033 4062
f 3148 2761 3102
f 3264 3265 3358
f 213 53 1047
f 3775 3776 1876
f 2334 2377 5564
f 3262 3508 2833
f 2833 3508 3630
f 3771 3508 3728
f 3630 3508 3771
f 3728 3045 3818
f 3771 3728 3818
f 3336 3048 3818
f 3045 3336 3818
f 3048 3052 3103
f 3052 3048 3336
f 3052 3100 3145
f 3103 3052 3145
f 3145 3100 3094
f 9289 9268 9290
f 4220 4195 4221
f 6981 6947 6982
f 3178 3000 73
f 8248 8249 8288
f 281 90 224
f 281 224 282
f 10265 10400 10391
f 6258 6257 10318
f 3461 3430 3486
f 3321 3354 1152
f 4921 1633 2257
f 3421 82 2971
f 2960 82 3421
f 2950 3556 3562
f 2795 3131 2923
f 2095 2798 3498
f 2933 2887 2888
f 3717 3665 3737
f 2886 2933 2976
f 3047 3098 3858
f 3113 3114 3163
f 3373 3405 3432
f 3988 3989 8001
f 2016 168 2101
f 4933 4934 4958
f 3463 3408 3464
f 3405 3350 3406
f 490 3177 3567
f 490 73 4117
f 2874 3176 2994
f 3091 82 100
f 2564 2483 2635
f 445 446 507
f 4372 4320 4373
f 3699 3672 4733
f 2845 2891 2936
f 4843 4834 4844
f 2935 2845 2936
f 1357 1312 1259
f 3612 3578 3640
f 3046 3045 3728
f 3045 3306 3336
f 3045 3046 3306
f 3052 3336 3649
f 3336 3306 3649
f 3100 3052 3101
f 3101 3052 3649
f 3101 3044 3094
f 3100 3101 3094
f 4522 4461 4523
f 2973 2974 3017
f 2423 2945 3184
f 237 1746 2834
f 3873 3874 3900
f 939 897 940
f 6888 6917 6946
f 2718 90 281
f 4186 1558 3990
f 3486 3514 3577
f 8404 7697 7689
f 3411 3321 1201
f 3516 3487 3582
f 3000 3035 3216
f 2865 2954 3102
f 2994 1193 287
f 3169 2256 3498
f 3666 3642 3693
f 3315 3291 3376
f 2887 2842 2888
f 6946 6947 6981
f 3018 2976 3019
f 2727 2652 3538
f 2142 1925 3725
f 213 493 2998
f 3096 3011 3143
f 3143 3011 3034
f 3291 3255 3377
f 3435 3408 3463
f 3375 3349 3350
f 353 204 5749
f 3178 3567 3529
f 3567 3177 3529
f 2878 2965 2834
f 1919 3824 2052
f 3778 3735 3779
f 3561 2424 2945
f 3133 3561 2945
f 4195 4167 4168
f 368 901 1096
f 2761 3148 3079
f 3131 3190 3302
f 2994 2816 3168
f 7886 7887 7911
f 3226 3157 3227
f 942 899 943
f 306 4687 1046
f 286 226 2839
f 2987 2609 916
f 3508 3603 3728
f 3480 3046 3603
f 3603 3046 3728
f 3306 3046 3274
f 3274 3046 3480
f 3306 3269 3649
f 3269 3306 3274
f 3101 3649 3751
f 3649 3269 3751
f 3044 3101 3751
f 3044 2913 3094
f 2828 3094 2913
f 2828 2913 2834
f 4167 4097 4168
f 3513 3461 3546
f 3226 3227 3284
f 3581 3516 3582
f 287 1242 3073
f 8133 1216 8132
f 2595 2563 3139
f 1277 1326 3572
f 1680 3714 3758
f 3874 3875 3900
f 3345 3346 3371
f 1495 10245 10432
f 3110 3061 3017
f 3556 3088 3562
f 3583 3584 3642
f 3666 3583 3642
f 3692 3666 3693
f 3407 3376 3434
f 3434 3376 3435
f 4922 4921 2257
f 3018 3019 3062
f 3396 3455 3810
f 103 484 1971
f 4098 4135 4038
f 3229 3230 3288
f 3405 3406 3433
f 3293 3258 3317
f 1033 82 3091
f 7936 7558 8075
f 2385 2424 3560
f 171 867 34
f 3190 2967 3881
f 2967 3389 3881
f 753 627 3219
f 3520 3548 3619
f 3564 3361 10246
f 3269 3179 3751
f 3751 3573 3044
f 3179 3573 3751
f 3304 2913 3573
f 3573 2913 3044
f 2944 2913 3304
f 2913 2944 2834
f 2965 83 2834
f 3513 3546 3611
f 1490 3611 3639
f 3498 2256 2095
f 10242 4121 4050
f 540 541 604
f 3800 2879 5103
f 3179 2952 3107
f 2843 2844 2890
f 3623 3588 3646
f 3378 3317 3436
f 627 753 1921
f 2726 2924 3534
f 4626 4589 4651
f 3933 4083 4283
f 4036 4037 4064
f 1151 4543 4157
f 1500 882 6193
f 7064 6988 7065
f 6988 6989 7065
f 7063 7064 7100
f 7064 7065 7100
f 7063 7100 7138
f 7225 7138 5537
f 1602 1642 115
f 1816 3981 809
f 1350 3981 1816
f 4586 2179 1350
f 7196 7197 7253
f 615 957 3481
f 615 3481 4767
f 4283 4398 4767
f 9886 9887 9917
f 612 882 1500
f 4838 4878 4949
f 2396 615 4767
f 5366 4370 8548
f 5366 8548 5367
f 989 957 2728
f 989 1094 3481
f 10404 10359 10427
f 957 989 3481
f 8442 8359 8393
f 5576 5577 5578
f 3084 3032 3151
f 4299 4326 4355
f 4035 4064 4096
f 3931 4395 4795
f 5902 5797 7138
f 6267 6233 6268
f 7943 3961 9322
f 983 612 1151
f 4157 983 1151
f 1039 983 4157
f 1039 4348 1644
f 1039 4157 4348
f 1039 1644 5003
f 1313 6512 6513
f 1313 1348 6512
f 4609 2471 5293
f 3989 3961 7943
f 4341 5003 1644
f 10284 3926 279
f 8616 10271 10363
f 5352 5318 5353
f 4670 1321 5916
f 8996 7179 7262
f 5072 136 5026
f 9282 9283 9307
f 10110 10076 10111
f 989 2728 10260
f 206 7224 4436
f 7028 6988 7064
f 8915 8916 8940
f 3933 3713 4083
f 290 739 4007
f 4243 4220 4346
f 4260 4006 1454
f 1104 241 738
f 10254 10299 10260
f 8551 2149 8582
f 3574 5072 5026
f 4152 4947 7144
f 1450 1039 5003
f 1450 5003 5080
f 7103 10303 10363
f 1450 297 1039
f 1038 1039 297
f 6255 6256 6295
f 6966 5981 7470
f 5823 6586 6617
f 3050 4182 4088
f 7063 7028 7064
f 1931 4450 882
f 9919 9972 10007
f 67 3337 3766
f 9884 9850 9885
f 7637 7264 4390
f 7522 7521 6283
f 9850 9819 9885
f 3752 989 3799
f 2964 490 4620
f 3988 3961 3989
f 1094 1597 3933
f 1597 3713 3933
f 3713 3898 4083
f 3722 1882 101
f 4428 4398 4058
f 2396 4398 4428
f 3770 4152 4923
f 10367 10311 10397
f 4417 4418 4444
f 7144 4947 4949
f 4532 4503 4533
f 4502 4503 4532
f 3994 4074 4107
f 4567 4532 4533
f 290 1550 739
f 10325 10307 10368
f 6579 3855 6580
f 4475 4447 6579
f 4475 6579 6580
f 4475 6213 5217
f 4447 4475 5217
f 2514 20 5217
f 6213 2514 5217
f 4417 4387 4418
f 20 2514 4723
f 20 4723 5079
f 5079 4723 6897
f 6897 4995 5079
f 4995 5895 6830
f 9915 9884 9916
f 9884 9885 9916
f 5895 5644 7176
f 6830 5895 7176
f 3752 4339 989
f 989 4339 1094
f 4339 1597 1094
f 4347 6172 6512
f 4220 4293 4113
f 7023 6949 7024
f 9966 9967 10003
f 10324 10310 10235
f 4493 4462 4524
f 2099 4123 4692
f 5644 6286 7176
f 7487 7341 4455
f 59 606 33
f 4141 4106 4142
f 4210 4056 3892
f 4543 1151 1689
f 5169 4779 7143
f 2062 4348 4543
f 27 2247 4155
f 9010 8997 9011
f 6097 6059 6098
f 6058 6059 6097
f 4106 4107 4142
f 4175 4141 4176
f 4106 3994 4107
f 3994 4045 4074
f 4210 3892 4787
f 4261 4151 10417
f 4239 4210 4787
f 9237 9263 9282
f 6097 6098 6134
f 6203 6163 6204
f 2689 2656 8132
f 10383 10369 10377
f 5308 2690 7922
f 3568 1691 10432
f 10332 10343 10375
f 5029 2587 6541
f 6233 6209 6234
f 4543 4348 4157
f 10116 10081 10117
f 9914 9915 9938
f 3713 1597 3152
f 6567 7473 6530
f 3134 2140 4049
f 6263 6203 6302
f 605 4264 4130
f 4264 605 3659
f 6889 6890 6917
f 8442 8393 8474
f 3713 3152 4180
f 4180 3898 3713
f 4406 4279 7796
f 6333 6302 6371
f 5795 6371 6410
f 5795 6410 5796
f 8497 8442 8474
f 1815 4990 4971
f 4584 6519 6529
f 6068 6090 6296
f 4093 1407 4490
f 6759 6701 8570
f 8449 8036 8039
f 1719 4569 1589
f 9356 9357 9457
f 1305 3886 4081
f 2092 6101 618
f 10043 9977 10044
f 9850 9763 9819
f 3973 3972 9084
f 2056 3881 4023
f 8393 8360 8394
f 4297 4271 4324
f 4271 4272 4324
f 6724 6589 6929
f 3994 3995 4045
f 3971 3946 3972
f 3995 3971 3972
f 3752 1597 4339
f 4151 4261 4787
f 4058 4398 4283
f 3946 3971 9095
f 7222 7193 7223
f 4719 4701 4738
f 1509 5173 5195
f 10246 3361 10252
f 4761 4737 850
f 4737 4762 2869
f 4630 4631 4679
f 10378 8986 8688
f 3918 3334 10368
f 27 1251 81
f 1472 4517 9786
f 4103 4070 4104
f 4757 4713 4734
f 4273 4250 4274
f 4579 10282 7103
f 8040 7299 6003
f 4351 4297 4352
f 1772 1814 816
f 3974 3973 7835
f 490 4116 4620
f 4191 4192 4241
f 4117 3564 3935
f 9722 10386 10334
f 4185 4290 962
f 8604 8570 8605
f 6958 5558 1559
f 6271 6236 6272
f 4428 4058 4583
f 8142 7874 8970
f 3880 1632 5687
f 7836 7835 9062
f 7894 8550 8768
f 10002 9966 10003
f 2293 3340 3953
f 607 2293 3953
f 3243 4236 4575
f 1393 290 4007
f 2140 1407 4093
f 1814 4990 1815
f 4481 5406 9836
f 2339 2338 59
f 4761 4717 4737
f 4631 4616 4654
f 7590 6817 7591
f 4326 4301 4327
f 4387 4355 4388
f 4355 4327 4388
f 4387 4388 4418
f 2140 4093 4605
f 7421 4885 7431
f 4398 2396 4767
f 1972 2140 3134
f 4272 4273 4298
f 3892 4151 4787
f 7824 7823 9055
f 2688 5867 3984
f 8069 7336 8118
f 6989 6955 6990
f 7065 6989 7066
f 4287 4990 1814
f 6516 4923 6837
f 7220 7249 7273
f 2259 738 241
f 1041 605 4130
f 139 4130 773
f 2398 3492 5049
f 4325 4299 4354
f 7100 7066 7101
f 7065 7066 7100
f 7138 7100 5902
f 7100 7101 5902
f 5797 5537 7138
f 9206 9158 9207
f 9977 9949 10012
f 9699 9700 9734
f 4046 4075 4110
f 7098 7062 7135
f 3298 3266 4240
f 773 4285 4550
f 4199 4200 4225
f 7662 5326 8448
f 4594 4616 4631
f 4633 4567 4618
f 4355 4326 4327
f 7825 7824 9055
f 4301 4302 4327
f 7826 7825 9054
f 6340 5701 6375
f 4418 4388 4419
f 3479 2869 2800
f 10284 279 10405
f 3511 3479 2800
f 4574 3932 10381
f 1788 3932 4118
f 615 2396 4403
f 5662 5179 5759
f 4067 4068 8088
f 6516 3853 6996
f 4675 4652 4696
f 6766 6767 6788
f 6981 7022 7057
f 4297 4324 4352
f 96 1405 6068
f 7793 7761 7425
f 615 4403 1973
f 3500 2617 3752
f 2617 1597 3752
f 3152 2617 4730
f 1597 2617 3152
f 4180 3152 4730
f 3898 4180 4518
f 3898 4518 4750
f 3923 143 5630
f 7237 7479 7856
f 3969 3970 3994
f 3969 3945 3970
f 7922 8437 10290
f 4019 3994 4073
f 4105 4072 4073
f 4072 4019 4073
f 4199 4138 4200
f 4974 3305 4287
f 3922 3305 4974
f 4347 4150 6172
f 4150 1302 6172
f 1302 4150 1689
f 1616 4795 4954
f 6448 6862 7068
f 4395 4540 4685
f 6328 6327 6367
f 3032 3774 10420
f 5672 5673 5696
f 6685 6655 6750
f 1407 1972 3676
f 4656 4618 8739
f 4949 6750 6803
f 4137 4138 4174
f 4350 4296 4382
f 8497 8474 8534
f 6279 4640 7280
f 4440 4414 4468
f 7848 10322 10335
f 3193 5146 6072
f 4075 4021 7978
f 1040 6474 5793
f 4838 1008 4878
f 9821 9853 9970
f 9977 10012 10044
f 9967 9968 10003
f 7475 7461 7761
f 4501 4468 4469
f 4945 3305 6657
f 1162 4543 1689
f 1162 4359 4543
f 4359 1162 5171
f 4359 5171 6073
f 6073 5171 5096
f 3905 1828 956
f 2656 2592 8132
f 4974 4287 1814
f 4352 4325 4353
f 4951 4287 5122
f 4998 1348 6519
f 4287 4951 4990
f 4271 4249 4272
f 6367 6991 7140
f 5809 5792 6474
f 6261 6262 6300
f 4335 4180 4730
f 6933 6801 4101
f 133 4998 6519
f 4388 4389 4419
f 2869 4763 4776
f 8571 8497 8534
f 3659 605 10435
f 7829 7828 9052
f 3983 4008 1973
f 7158 2675 7118
f 4350 4382 4412
f 4137 4102 4138
f 4044 4018 4019
f 5860 3958 5326
f 6200 6130 6201
f 4180 4335 4518
f 1170 301 3934
f 4860 6043 7413
f 4593 4594 4631
f 2338 2339 6279
f 4246 1689 2586
f 6503 6504 6013
f 1828 4992 5097
f 2924 2969 3234
f 1041 4051 605
f 3814 1499 6775
f 4359 2062 4543
f 4677 4678 4697
f 4440 4384 4414
f 4351 4352 4384
f 3970 3971 3995
f 1348 1313 6529
f 3939 3938 9246
f 7375 4650 4649
f 9699 9628 9700
f 10105 10002 10065
f 239 2259 6870
f 10375 10343 8073
f 7017 6974 7018
f 3525 206 4436
f 6926 6902 6929
f 613 1599 5020
f 4719 4700 4701
f 98 67 171
f 4102 4103 4138
f 7830 7829 9051
f 4018 3968 4019
f 3323 3730 4710
f 4111 3766 7323
f 5328 7486 1457
f 908 3500 3752
f 177 3948 3977
f 6268 6304 6340
f 2758 177 2759
f 10314 2628 2773
f 3628 10406 10407
f 4567 4533 4568
f 4679 4654 4700
f 5191 4000 8039
f 4051 1041 2439
f 1041 631 2439
f 10236 10389 10434
f 4028 3339 3954
f 3339 1833 3954
f 6211 5538 6236
f 1496 4704 10289
f 605 4051 4544
f 9821 9767 9853
f 6234 6209 6235
f 4438 4439 4500
f 5099 4967 7228
f 4249 4250 4273
f 4249 4226 4250
f 618 4588 556
f 5793 5794 5810
f 4533 8552 4568
f 4468 4414 4469
f 6175 6243 7553
f 1038 297 2287
f 4700 4654 4701
f 2779 4670 5916
f 4509 3135 4545
f 2617 4335 4730
f 4335 4578 4518
f 4578 4750 4518
f 4407 4375 4433
f 10285 10295 10240
f 3535 2964 3927
f 4116 490 4117
f 6068 6060 96
f 4285 773 4264
f 3659 4006 4264
f 4006 3659 1454
f 4006 4285 4264
f 8336 7830 9050
f 3596 3478 1054
f 10361 10272 10319
f 3943 3944 3968
f 6014 1373 1322
f 7413 6043 200
f 1199 1038 2287
f 4260 4285 4006
f 4109 4046 4110
f 4210 2294 4514
f 4891 6198 6515
f 4737 4699 4762
f 9082 9062 9083
f 8645 8646 8691
f 1215 9024 9025
f 2139 4153 1393
f 3966 3942 3967
f 3942 3943 3967
f 3966 3967 3993
f 4017 3993 4018
f 4017 4018 4043
f 5310 5309 9760
f 2808 3302 3181
f 10238 10316 10350
f 4382 4383 4413
f 6068 4496 5400
f 1689 1151 1302
f 9733 9764 9820
f 4200 4201 4226
f 6519 1348 6529
f 4140 4141 4175
f 4572 2880 4540
f 5029 4779 2587
f 2587 3593 6541
f 4996 6862 7200
f 4073 4106 4141
f 4352 4353 4385
f 4352 4385 4414
f 5507 159 4487
f 4677 4629 4678
f 4591 4592 4629
f 10241 4090 10375
f 3972 3946 9084
f 2807 3607 3774
f 4983 4959 7380
f 10312 10291 10401
f 9059 7822 9060
f 10381 3932 10413
f 5322 5931 8689
f 7261 7002 7592
f 10273 10380 10437
f 607 3953 4428
f 5805 5594 3917
f 1744 6964 7106
f 7614 7780 7862
f 3134 4049 4082
f 4395 3308 4795
f 3134 3543 2953
f 1972 3134 2953
f 1963 3866 2008
f 4945 4411 5122
f 4500 4501 4563
f 6859 4405 6895
f 9318 9319 9346
f 9199 9153 9200
f 10134 10105 10135
f 3949 3948 9869
f 2802 2760 2803
f 3651 4692 4768
f 4630 4679 4699
f 1499 4584 6775
f 8571 8534 8606
f 4499 4381 4438
f 6794 6510 6512
f 1687 4392 4539
f 816 1814 1815
f 4412 4413 4439
f 4296 4351 4383
f 4412 4382 4413
f 4296 4248 4351
f 4382 4296 4383
f 7027 6986 7028
f 4200 4175 4201
f 4073 3994 4106
f 6647 6648 5286
f 6528 8354 8389
f 1828 5097 7280
f 850 2341 4736
f 4173 4174 4224
f 4264 773 4130
f 3954 1833 10301
f 9061 7836 9062
f 3446 3416 3447
f 2617 3500 4453
f 4335 2617 4453
f 3892 805 2953
f 4084 4396 4703
f 9051 7829 9052
f 4118 3892 2953
f 3892 4118 4151
f 9050 7830 9051
f 4118 3932 4151
f 7062 7027 7028
f 4614 4615 4652
f 4629 4593 4630
f 1972 1407 2140
f 7220 7221 7249
f 3977 3949 3978
f 3977 3978 2760
f 5583 807 5840
f 6581 5583 5840
f 3865 3679 4768
f 7161 7129 7130
f 4640 1828 7280
f 6837 6803 6449
f 6803 6750 6449
f 7222 7223 7250
f 8040 6104 1046
f 4392 3905 956
f 606 4246 2586
f 4323 4350 4381
f 2020 1687 816
f 4392 1687 2020
f 1814 1772 1865
f 850 4737 2869
f 6327 6326 6991
f 5757 1273 2766
f 2694 2696 2723
f 7062 7028 7099
f 7062 7099 7136
f 4044 4019 4070
f 4562 4500 4563
f 4591 4562 4592
f 4562 4563 4592
f 444 631 4130
f 5746 5728 6330
f 4174 4199 4224
f 6476 6516 6837
f 5768 5746 5769
f 8646 8571 8647
f 5769 6445 6474
f 7614 7836 9061
f 2713 2712 4052
f 10250 10376 10348
f 10105 10065 10135
f 10299 3598 10260
f 4403 4404 1973
f 4404 4403 4772
f 10138 10139 10170
f 3543 3134 4082
f 4360 151 9903
f 1973 957 615
f 4127 3500 908
f 1973 1042 957
f 5363 10167 10201
f 4762 4763 2869
f 4762 4699 4763
f 4699 4719 4763
f 168 1455 756
f 3500 4127 4453
f 4027 3978 2846
f 305 1319 5399
f 4945 6657 7273
f 4324 4325 4352
f 4324 4272 4325
f 4225 4226 4249
f 4272 4249 4273
f 4138 4175 4200
f 4138 4139 4175
f 4225 4200 4226
f 4139 4140 4175
f 10386 10395 10334
f 10320 10382 10411
f 5611 5580 5641
f 67 3144 97
f 4247 4173 4248
f 2697 816 1255
f 6160 4410 4347
f 816 2697 2020
f 10002 10003 10065
f 10271 2681 10429
f 4174 4138 4199
f 4043 4018 4044
f 3993 3968 4018
f 798 3497 3833
f 3993 3967 3968
f 10245 10405 10432
f 2139 1393 4028
f 5791 5769 5792
f 9226 9198 9227
f 4173 4224 4248
f 4596 4567 4633
f 6366 6367 7170
f 4335 4453 4784
f 4234 4578 4784
f 4578 4335 4784
f 9058 7822 9059
f 4578 1411 4750
f 4234 1411 4578
f 7196 7135 7197
f 124 214 695
f 4403 2396 4772
f 5097 2338 6279
f 4394 7156 3108
f 9055 7823 9056
f 7596 7694 7083
f 4699 4700 4719
f 5049 4646 6646
f 3978 3950 3979
f 3978 3979 2846
f 2845 2844 4027
f 8571 8606 8647
f 4384 4352 4414
f 3814 5169 7143
f 4353 4325 4354
f 4273 4274 4298
f 4325 4272 4299
f 3391 3151 10252
f 4594 4469 4564
f 5961 5081 5998
f 4270 4247 4296
f 8333 4270 4323
f 7440 7431 9002
f 9457 9432 9506
f 8850 8819 8885
f 4036 3986 4037
f 10275 10239 10268
f 3967 3943 3968
f 4069 4043 4070
f 4102 4069 4103
f 4043 4044 4070
f 2341 850 3478
f 4069 4070 4103
f 5740 5883 5940
f 6888 6854 6889
f 1687 4539 4571
f 3262 3149 4667
f 6215 4964 6051
f 4082 4049 4582
f 6366 6328 6367
f 4296 4247 4248
f 3005 3443 3912
f 4620 4084 4703
f 4265 4191 4266
f 2396 4428 4772
f 6964 4996 7200
f 10133 10134 10166
f 4453 4127 2248
f 4646 3193 6646
f 6476 3853 6516
f 4450 4964 6215
f 6557 1719 1589
f 5430 5388 5431
f 4453 2248 4784
f 2248 4234 4784
f 6516 6647 7104
f 6367 6327 6991
f 7199 7141 3814
f 2846 4001 2805
f 3979 4001 2846
f 3266 3210 4240
f 7023 7024 7059
f 4024 4246 606
f 6983 6949 7023
f 4303 7679 7612
f 7518 6637 4953
f 389 1148 3931
f 3997 3974 7860
f 6597 8417 8439
f 6327 6328 6448
f 10300 10366 10349
f 10335 10248 10417
f 1551 1054 3558
f 1054 3478 3558
f 8300 4270 8333
f 5325 6347 7555
f 4513 4527 7235
f 6510 6160 6511
f 19 171 97
f 1054 1551 1738
f 5911 2681 8254
f 5768 5769 5791
f 6104 8039 8038
f 6215 6051 6546
f 199 3855 6546
f 3855 199 6580
f 4696 4716 4736
f 4612 4475 6580
f 4353 4354 4385
f 7880 303 8327
f 4414 4385 4415
f 4580 5718 1843
f 4021 3997 7896
f 4373 4374 4432
f 18 95 3709
f 7749 7557 7761
f 7827 7826 9053
f 7725 7655 7750
f 6073 5096 4992
f 4709 7694 7596
f 9053 7826 9054
f 4972 4973 9810
f 1689 4246 4024
f 2338 682 4541
f 7388 4504 4503
f 4321 4345 4373
f 4266 4191 4241
f 4285 4260 3983
f 804 4055 12
f 425 9685 9751
f 7632 7581 6669
f 8720 8647 8692
f 3979 3980 4001
f 3012 4859 4885
f 4127 908 4050
f 7461 7749 7761
f 2248 4127 3769
f 2248 4288 4234
f 4288 1411 4234
f 6637 6739 4953
f 4274 4275 4299
f 6996 3853 6652
f 6652 7141 7199
f 4435 1932 4422
f 4136 4068 4137
f 4068 4102 4137
f 3079 2966 4932
f 4410 2586 4347
f 3987 3960 3988
f 6230 6200 6231
f 4499 4562 4615
f 4652 4615 4653
f 4652 4653 4696
f 4475 4634 6213
f 4696 4676 4716
f 4475 4612 4634
f 4438 4412 4439
f 2514 6213 7275
f 949 994 3260
f 6213 4634 7275
f 9054 7825 9055
f 1828 3136 4312
f 4640 3136 1828
f 10167 10135 10168
f 10135 10136 10168
f 3994 3970 3995
f 6513 6172 6514
f 4388 4327 4389
f 682 2338 5097
f 4024 606 4541
f 4592 4593 4629
f 804 3983 4549
f 4055 804 4549
f 804 4285 3983
f 4343 4723 7275
f 6682 8167 8968
f 2780 2779 8072
f 8646 8647 8720
f 4443 4444 4471
f 4108 4074 4109
f 2053 7184 4066
f 4020 3997 4021
f 4127 4050 3769
f 3700 3722 3674
f 4354 4299 4355
f 1932 4435 3095
f 7141 5099 7228
f 4539 4392 956
f 4723 2514 7275
f 4438 4500 4562
f 9357 9254 9303
f 1054 1738 1095
f 738 2259 239
f 6160 4347 6511
f 6501 6471 6502
f 3992 3993 4017
f 7660 10298 4026
f 4653 4676 4696
f 6329 7233 6448
f 4615 4591 4653
f 4337 605 4544
f 5673 6260 6299
f 2248 3769 4288
f 1411 4288 4425
f 3089 1411 4425
f 4629 4630 4678
f 4697 4678 4698
f 6516 6996 6647
f 4923 6516 7104
f 7597 7437 7871
f 6996 6652 6647
f 239 6870 7622
f 9240 9208 9241
f 3983 4260 1454
f 3479 3511 3558
f 7828 7827 9052
f 4045 3996 4046
f 8777 8720 8692
f 4442 4443 4471
f 4074 4046 4109
f 8506 6604 8507
f 10135 10065 10136
f 10353 10339 10370
f 10165 10166 10199
f 4050 4426 3769
f 4209 4288 4426
f 4288 3769 4426
f 3340 1592 1973
f 3953 3340 4772
f 3340 4404 4772
f 4655 4617 4632
f 4617 4596 4632
f 4701 4654 4655
f 4701 4655 4720
f 4500 4439 4501
f 4615 4562 4591
f 4173 4136 4174
f 4136 4137 4174
f 3992 4017 4042
f 4067 4042 4068
f 4437 4381 4499
f 5673 6299 6330
f 10283 10088 10149
f 4723 4343 6897
f 159 4995 6897
f 6327 6448 7068
f 7728 4147 7735
f 9052 7827 9053
f 171 67 97
f 4995 159 5895
f 631 1041 4130
f 6229 6260 5673
f 4354 4355 4386
f 4404 3340 1973
f 4288 4209 4425
f 4025 3089 4425
f 4025 4425 4209
f 3089 4025 4643
f 7617 5936 8217
f 4678 4630 4698
f 850 3479 3478
f 4717 4697 4718
f 3511 2800 4707
f 4631 4654 4679
f 4699 4679 4700
f 4593 4469 4594
f 3558 3511 1551
f 7167 7138 7225
f 4074 4045 4046
f 3543 4118 2953
f 3543 1788 4118
f 8777 8692 8820
f 3679 3730 3270
f 6330 6299 6331
f 2055 805 3892
f 9206 9207 9238
f 4046 4020 4075
f 4175 4176 4201
f 9056 7823 9057
f 9227 9199 9228
f 9199 9200 9228
f 2294 4239 10248
f 10380 10379 10437
f 4616 4617 4655
f 4654 4616 4655
f 3968 3969 3994
f 9660 9635 9675
f 10360 3334 10418
f 1058 4851 630
f 3941 3942 3966
f 3965 3966 3993
f 3992 3965 3993
f 3598 3799 10260
f 10292 10338 10264
f 6230 6231 6262
f 4365 4051 4752
f 10232 10380 10362
f 4399 4365 4752
f 8819 8777 8820
f 3965 3941 3966
f 1393 4007 4028
f 4416 4386 4417
f 8508 9812 9839
f 6134 6098 6135
f 4736 4761 850
f 4719 4738 4763
f 4697 4698 4718
f 4717 4718 4737
f 2869 3479 850
f 7224 7225 5612
f 4470 4442 4471
f 4442 4416 4443
f 4416 4417 4443
f 6862 4996 4465
f 10400 10265 10436
f 4235 4209 4426
f 3593 2587 6513
f 3193 6072 6646
f 4143 4108 4144
f 4108 4109 4144
f 5882 6942 4534
f 4250 4227 4251
f 4274 4250 4275
f 4299 4275 4300
f 4250 4251 4275
f 4428 3953 4772
f 6208 6209 6233
f 4671 4648 4672
f 6513 6514 3593
f 6064 1499 7228
f 4469 4531 4564
f 4564 4565 4595
f 2306 67 98
f 1410 6518 302
f 6134 6135 6163
f 6204 6163 6205
f 2341 418 4760
f 6161 6130 6200
f 6445 6446 5793
f 6203 6204 6264
f 6261 6230 6262
f 8886 8819 8887
f 6318 8074 8171
f 6302 6203 6303
f 6203 6264 6303
f 6907 8718 8757
f 9654 9628 9733
f 6302 6303 6334
f 4350 4270 4296
f 3478 3479 3558
f 3908 10261 10355
f 6449 4434 6476
f 1351 5567 5805
f 4564 4595 4617
f 9060 7614 9061
f 3509 3816 9873
f 8007 8008 8088
f 9307 9283 9284
f 9179 9135 9158
f 6828 1515 6829
f 6371 6302 6372
f 6255 6228 6256
f 4655 4721 4739
f 4571 87 1773
f 5097 6279 7280
f 9886 9820 9887
f 6302 6334 6372
f 6635 9040 9063
f 6399 6939 4065
f 1687 4571 1773
f 7140 5146 7170
f 6371 6372 6410
f 4022 5124 4722
f 8303 2628 10314
f 4085 4050 4121
f 1348 4998 6794
f 1348 6794 6512
f 4967 6064 7228
f 7139 4597 7255
f 4469 4441 4470
f 10231 10314 2773
f 4470 4502 4532
f 4531 4470 4532
f 4617 4595 4596
f 4565 4531 4566
f 4531 4532 4566
f 4595 4565 4596
f 6928 4996 6964
f 4565 4566 4596
f 4426 4050 4085
f 4235 4426 4085
f 4951 4971 4990
f 5099 7141 6652
f 4002 1932 3095
f 4385 4354 4386
f 4385 4386 4416
f 4415 4385 4416
f 4104 4071 4105
f 4715 4696 4736
f 4248 4224 4271
f 3964 3940 3965
f 6104 3958 1046
f 6200 6201 6231
f 2211 2649 6582
f 4704 3891 10289
f 4320 4266 4321
f 8819 8820 8887
f 6803 6837 7144
f 4380 4349 4381
f 4349 4323 4381
f 6337 6338 6374
f 4042 4017 4043
f 4676 4629 4677
f 4653 4629 4676
f 4413 4383 4384
f 4224 4199 4225
f 4226 4227 4250
f 4720 4655 4739
f 816 1815 1255
f 5580 6199 5641
f 956 1828 4312
f 6981 6982 7022
f 6647 6652 7199
f 3627 4726 5284
f 5286 4465 7104
f 4737 4718 4699
f 4113 4293 7626
f 3596 1054 1095
f 4030 1462 4665
f 1772 1773 80
f 956 4312 4571
f 4571 4312 87
f 4597 4434 7255
f 4016 3992 4042
f 999 3879 4643
f 4186 3990 4057
f 1882 4671 4672
f 4115 3308 4081
f 6060 1305 96
f 5124 1555 4722
f 4441 4442 4470
f 7133 7098 7134
f 7097 7061 7098
f 7780 7822 7837
f 8718 8691 8757
f 6367 7140 7170
f 1044 1555 5124
f 6072 7140 7274
f 5641 6199 6229
f 4445 1500 6198
f 4738 4701 4720
f 4597 7139 6064
f 6510 6511 6512
f 4434 4484 7255
f 4149 6877 5249
f 4834 3223 4844
f 7822 7780 9060
f 9083 3973 9084
f 4138 4104 4139
f 4071 4072 4105
f 4471 4444 4502
f 3940 3941 3965
f 4649 4650 4673
f 418 2341 3478
f 4614 4499 4615
f 3991 3964 3992
f 3964 3965 3992
f 3389 3565 4023
f 4113 7626 7657
f 4461 4431 4493
f 4217 4187 7685
f 4733 3672 3673
f 3836 3104 4644
f 8823 8787 8824
f 5914 8031 1415
f 4051 4365 4544
f 4068 4042 4069
f 4042 4043 4069
f 4653 4591 4629
f 4439 4413 4440
f 4413 4384 4440
f 4298 4274 4299
f 4549 3983 1592
f 10175 10111 10176
f 1094 3933 4283
f 1742 4081 4685
f 1210 1094 4283
f 4469 4470 4531
f 10164 10132 10165
f 4736 4717 4761
f 4715 4736 2341
f 3455 697 3571
f 4499 4438 4562
f 9057 7823 9058
f 4202 4176 8143
f 3149 3262 2833
f 4053 3214 3003
f 7456 4665 7477
f 1772 1687 1773
f 3149 4236 4667
f 3481 1094 1210
f 4226 4201 4227
f 4441 4415 4442
f 4198 7632 7733
f 9764 9699 9791
f 3995 3996 4045
f 4022 2104 5124
f 303 8120 8327
f 3156 3170 298
f 2845 4027 2846
f 3175 5885 6342
f 4502 4444 4503
f 3851 1504 107
f 10425 10348 10426
f 1919 1880 3782
f 53 1884 1047
f 213 1047 145
f 9432 9479 9506
f 55 3247 3568
f 3118 747 913
f 4068 4069 4102
f 4104 4105 4139
f 3990 4182 4057
f 7823 7837 9058
f 4891 4445 6198
f 4564 4531 4565
f 2818 3602 3104
f 9062 7835 9083
f 50 3753 3364
f 3003 3753 50
f 3003 50 4053
f 8974 8941 8975
f 2473 2998 493
f 73 122 4117
f 7835 3973 9083
f 1405 96 2106
f 2293 12 4055
f 7993 7426 7336
f 4107 4108 4143
f 4224 4225 4249
f 4248 4297 4351
f 3853 5099 6652
f 6476 6837 6449
f 3340 2293 4055
f 4415 4416 4442
f 4142 4107 4143
f 9486 9508 9537
f 9393 9372 9394
f 3180 1816 809
f 7224 5612 2104
f 6955 6956 6990
f 1739 3216 3571
f 1407 3757 4490
f 4490 3757 4608
f 3995 3972 3996
f 4638 4129 10438
f 4061 4033 4095
f 1259 1258 3385
f 218 1504 3851
f 1047 1884 107
f 493 213 13
f 213 145 13
f 8941 8917 8975
f 2964 4620 4703
f 7780 7614 9060
f 51 52 294
f 3596 418 3478
f 3972 3973 3996
f 10109 10110 10140
f 1930 1358 3180
f 6515 6198 6542
f 5580 5534 6199
f 10264 10269 10281
f 4053 50 1404
f 4159 4053 3123
f 4602 3132 4754
f 4139 4105 4140
f 4179 4209 4235
f 4224 4249 4271
f 4383 4351 4384
f 4716 4676 4717
f 4676 4697 4717
f 4676 4677 4697
f 4248 4271 4297
f 4071 4019 4072
f 4107 4074 4108
f 4379 4437 7726
f 739 4025 4209
f 739 4209 4179
f 5025 5026 206
f 3676 1972 3181
f 6646 6072 7274
f 1882 3156 855
f 4635 1504 218
f 107 559 1047
f 493 86 2473
f 86 493 13
f 434 2473 86
f 3003 2776 3753
f 81 1635 1558
f 3246 2956 4773
f 7837 7822 9058
f 3677 3678 3925
f 4142 4143 4177
f 8998 8974 8999
f 999 4025 739
f 4055 4549 1592
f 4715 4675 4696
f 4162 4131 4190
f 4816 4815 7736
f 3629 614 4160
f 614 3629 3364
f 986 50 3364
f 986 1404 50
f 1404 3123 4053
f 10322 10248 10335
f 7689 4379 7726
f 5836 5765 5894
f 2099 3652 4688
f 8733 1462 10241
f 4103 4104 4138
f 4381 4350 4412
f 4381 4412 4438
f 4736 4716 4717
f 4198 7733 9041
f 5025 1358 5026
f 2292 4490 4608
f 4760 4715 2341
f 617 38 353
f 4145 8046 8092
f 4594 4564 4617
f 8897 8733 10241
f 4134 4097 4167
f 1504 4635 559
f 1504 559 107
f 1047 1307 145
f 1307 181 145
f 13 145 181
f 8974 8975 8999
f 4379 4380 4437
f 4489 1505 556
f 9825 9794 9826
f 4085 4121 1503
f 7165 7135 7196
f 3983 1973 1592
f 3397 3838 3399
f 3364 3629 289
f 289 986 3364
f 986 1349 1404
f 1349 986 289
f 1404 1349 3123
f 6864 6544 6865
f 4616 4594 4617
f 3171 3172 3210
f 9779 9780 488
f 3149 3836 4575
f 4323 4270 4350
f 7711 4077 9034
f 4070 4071 4104
f 3340 4055 1592
f 4949 6685 6750
f 4605 4093 10373
f 4414 4415 4441
f 3492 78 6577
f 6989 3600 7029
f 78 3492 6865
f 3677 3323 3678
f 6837 4923 7144
f 2759 2760 2802
f 559 1307 1047
f 2340 4315 81
f 8998 8999 9012
f 9028 9012 9029
f 7137 7063 7138
f 1505 618 556
f 6990 3600 6989
f 10149 9579 6930
f 4161 4160 4237
f 3629 4160 4161
f 2187 4185 3123
f 9128 9105 9129
f 6989 7029 7066
f 4140 4073 4141
f 4115 4307 3885
f 10236 10293 10389
f 3387 3298 3416
f 7691 7296 9270
f 4437 4380 4381
f 1687 1772 816
f 4501 4439 4468
f 9819 9733 9820
f 4272 4298 4299
f 3492 6864 6865
f 2340 2295 3705
f 9914 9883 9915
f 3090 3138 2956
f 4704 4397 4508
f 3631 1251 4688
f 88 218 4733
f 218 88 1261
f 4635 218 1261
f 559 4635 1261
f 2295 2340 81
f 5414 5807 9028
f 5414 9028 9029
f 3651 2099 4692
f 6711 10372 10395
f 10321 10319 10306
f 4028 4007 4397
f 1503 4235 4085
f 430 1215 1319
f 1349 289 4286
f 3123 1349 4286
f 7441 7442 7456
f 1880 1970 1918
f 1918 1970 3871
f 4497 4498 4499
f 2592 2656 3213
f 177 3977 2759
f 2942 2943 4094
f 2942 4094 3130
f 3172 3130 4189
f 3172 4189 4240
f 4590 4499 4614
f 3881 3389 4023
f 4056 2055 3892
f 4628 4590 4614
f 4469 4414 4441
f 4046 3996 4020
f 9038 7402 9039
f 4490 2292 10373
f 941 942 3311
f 2954 2953 2905
f 4733 3673 3747
f 10330 1503 10349
f 88 4733 3747
f 146 181 1307
f 146 86 13
f 1043 86 214
f 2295 3399 3705
f 3399 3838 4158
f 14 51 677
f 4461 4493 4523
f 5635 1926 10022
f 7477 4665 7493
f 9916 9885 9886
f 3996 3973 3997
f 1633 1147 2257
f 3629 4161 4315
f 3629 4402 289
f 4120 3123 4286
f 3123 4120 2187
f 168 756 2101
f 5399 5807 1037
f 3153 3653 3272
f 7469 5889 6677
f 4628 4614 4652
f 3130 4094 4162
f 3130 4162 4189
f 3298 4240 4292
f 3298 4292 3416
f 3447 3416 4460
f 3447 4460 4492
f 10346 10354 10088
f 4035 4036 4064
f 6445 6369 6446
f 101 88 3747
f 677 1261 88
f 677 559 1261
f 677 1307 559
f 1307 677 51
f 146 1307 51
f 146 13 181
f 4292 4344 4371
f 51 294 146
f 294 695 146
f 4371 4431 4461
f 4132 4133 4164
f 3297 3298 3387
f 4675 4628 4652
f 7303 6351 7816
f 3981 3608 809
f 8915 8850 8916
f 3996 3997 4020
f 3247 219 3239
f 3629 2340 4402
f 2340 3629 4315
f 289 4402 2340
f 4286 289 2340
f 5807 5414 1037
f 3364 3753 614
f 3652 3651 2962
f 4031 5635 10022
f 4189 4219 4240
f 4240 4219 4292
f 7106 6964 7200
f 3952 4058 4083
f 4144 4109 4145
f 3246 1691 3247
f 101 677 88
f 214 86 146
f 4292 4219 4265
f 4292 4265 4344
f 4131 4132 4163
f 4163 4164 4191
f 3210 3172 4240
f 3214 3729 3003
f 4498 4437 4499
f 3986 3987 4037
f 1408 1257 2284
f 4004 1635 4161
f 4161 1635 4315
f 910 4120 4286
f 4120 910 2187
f 3792 218 3851
f 1045 1244 806
f 4396 3927 4703
f 5399 9026 9027
f 2943 4061 4094
f 3416 4292 4371
f 3416 4371 4460
f 4083 4058 4283
f 4128 3262 4667
f 566 567 5885
f 3271 2585 3833
f 3054 3050 4087
f 10134 5362 10166
f 294 52 695
f 2055 4056 4090
f 4665 1462 7493
f 1513 803 5066
f 3755 4004 193
f 4004 3755 1635
f 4286 2340 910
f 1258 1157 3385
f 9010 9011 9027
f 4189 4162 4190
f 4189 4190 4219
f 4460 4371 4461
f 4492 4460 4461
f 4492 4461 4522
f 3054 2922 4639
f 4639 4731 4771
f 10117 90 10147
f 2473 1158 2998
f 5470 5429 6095
f 10264 10281 10297
f 8387 8795 10414
f 3747 3722 101
f 14 101 855
f 2056 4023 4636
f 6266 6233 6267
f 10251 3801 10438
f 910 2340 3705
f 910 4158 2187
f 910 3705 4158
f 5399 1319 9026
f 4094 4061 4095
f 4094 4095 4131
f 4094 4131 4162
f 4731 2922 4769
f 2260 1232 5164
f 2107 4915 2260
f 4915 1232 2260
f 2107 2185 821
f 4915 2107 821
f 821 2185 4893
f 1603 2093 22
f 1245 1528 1603
f 1234 1057 4893
f 4893 1057 1511
f 1234 987 1057
f 2093 1603 1528
f 64 1974 205
f 1076 233 4873
f 4873 4874 112
f 833 987 4882
f 3 4897 760
f 4856 699 1110
f 444 309 699
f 7026 7027 7061
f 4799 4800 4005
f 4812 4825 4831
f 5055 5056 5107
f 204 1839 866
f 5055 4987 5056
f 3627 6608 6615
f 4848 1413 4875
f 5584 5585 5618
f 10239 10275 7103
f 999 1550 4262
f 4938 4865 4939
f 7026 6986 7027
f 4798 4792 4799
f 5729 5701 704
f 1645 5039 1316
f 4116 4084 4620
f 1645 4886 5039
f 5225 5179 5662
f 138 139 2354
f 1385 2245 5117
f 1007 962 1977
f 4798 4799 4005
f 4863 4831 4825
f 10318 6257 10358
f 4961 4939 4940
f 4938 4939 4961
f 4989 4940 4962
f 502 1058 631
f 4728 1305 6239
f 6985 6986 7026
f 7999 10271 10429
f 4954 3174 5051
f 3476 4522 5226
f 3476 5226 3494
f 1834 4906 5133
f 2179 4683 4944
f 3474 5280 1357
f 1737 238 5804
f 10232 10328 10333
f 4809 4005 4812
f 2058 558 3540
f 6917 6891 6918
f 1158 8 2993
f 3277 166 3176
f 68 69 563
f 4522 4555 5182
f 4522 5182 5226
f 3494 5226 5259
f 3494 5259 5280
f 244 1639 5275
f 3079 4932 4933
f 10269 8550 10281
f 4942 761 112
f 4559 5685 5837
f 4806 4807 4811
f 4583 607 4428
f 1019 1077 5880
f 815 550 3540
f 4555 5084 5110
f 5182 5110 5183
f 4555 5110 5182
f 5226 5182 5227
f 5182 5183 5227
f 5226 5227 5259
f 5280 5259 5260
f 10301 1833 10336
f 691 623 2982
f 4447 2425 6578
f 3079 4933 4958
f 5729 704 5747
f 5057 4556 5058
f 4525 4556 5057
f 5057 5058 5084
f 5084 5058 5110
f 5259 5227 5260
f 623 555 2982
f 9045 7408 9046
f 266 267 62
f 4122 3898 5054
f 5058 5059 5110
f 5110 5059 5137
f 5110 5137 5184
f 5183 5184 5198
f 5110 5184 5183
f 5183 5198 5227
f 5227 5198 5240
f 5260 5240 5261
f 5227 5240 5260
f 2478 9814 5561
f 4932 4908 4933
f 4907 4908 4932
f 1667 102 1682
f 4522 4523 4555
f 10288 4769 10384
f 4556 4557 5036
f 5058 5036 5059
f 4556 5036 5058
f 5137 5059 5111
f 5137 5111 5184
f 5240 5198 5241
f 5240 5241 5261
f 4584 5169 6775
f 872 1361 832
f 267 266 504
f 37 1925 2651
f 6948 6917 6949
f 5837 5685 5761
f 5184 5111 5153
f 5198 5153 5199
f 5184 5153 5198
f 5198 5199 5241
f 5261 5241 5281
f 5261 5281 2284
f 2246 4855 5101
f 4779 6529 2587
f 832 1461 386
f 504 191 4871
f 582 3185 4877
f 3185 4871 4877
f 10348 10238 10426
f 5059 5036 5060
f 5036 5037 5060
f 5059 5060 5111
f 5153 5111 5154
f 5153 5154 5199
f 5241 5262 5281
f 373 1408 5281
f 373 1181 1408
f 10243 4770 10382
f 582 4965 5164
f 5174 2260 5164
f 4756 4215 10315
f 8768 8255 7894
f 2107 2260 6679
f 6369 6333 6370
f 4779 4584 6529
f 5506 5433 6166
f 6907 8757 8776
f 5037 5012 7389
f 5111 5060 5085
f 5111 5085 5138
f 5111 5138 5154
f 5199 5200 5241
f 5241 5200 5262
f 5281 5262 5295
f 373 5281 5295
f 1311 1356 2284
f 1257 1311 2284
f 1383 1385 1887
f 306 4708 4687
f 2107 5172 2185
f 4049 2140 4605
f 10283 10280 10299
f 3527 4542 4611
f 6529 1313 2587
f 1505 4726 618
f 5138 5085 5112
f 5154 5138 5155
f 5138 5112 5155
f 5199 5155 5200
f 5154 5155 5199
f 5262 5242 5263
f 5200 5242 5262
f 5262 5263 5282
f 5295 5282 5296
f 5262 5282 5295
f 2244 373 5295
f 2244 5295 5296
f 2244 1406 373
f 1406 1384 3523
f 2185 1008 4893
f 10297 10257 2292
f 3527 4451 4542
f 6165 5506 6208
f 2587 1313 6513
f 2850 5757 2766
f 5085 5061 5086
f 5112 5085 5113
f 5085 5086 5113
f 5200 5155 5201
f 5200 5201 5228
f 5200 5228 5242
f 5263 5242 5264
f 5282 5263 5283
f 5263 5264 5283
f 5296 5282 5297
f 5282 5283 5297
f 2242 2244 5296
f 2242 5296 5297
f 2242 1384 2244
f 752 548 815
f 1384 2242 3592
f 385 1461 113
f 2093 871 1430
f 2093 1528 871
f 5762 2769 4489
f 301 4291 182
f 6338 6266 6339
f 5155 5112 5113
f 5201 5155 5202
f 5228 5202 5229
f 5201 5202 5228
f 5242 5228 5243
f 5228 5229 5243
f 5264 5242 5265
f 5242 5243 5265
f 5283 5264 3626
f 5264 5265 3626
f 5297 5283 3626
f 2387 5005 5064
f 3192 44 1180
f 1977 3282 1007
f 4917 1106 5266
f 246 1412 1396
f 5089 5090 1412
f 5089 546 5159
f 987 1234 4882
f 1717 881 4882
f 6206 6165 6207
f 544 2918 1254
f 6512 6172 6513
f 3174 3308 3885
f 6615 2211 6649
f 5086 5061 5087
f 5113 5086 5156
f 5155 5113 5156
f 5202 5156 5203
f 5155 5156 5202
f 5229 5203 5230
f 5202 5203 5229
f 5243 5230 5244
f 5229 5230 5243
f 5265 5244 3674
f 5243 5244 5265
f 5265 3674 3626
f 3592 2242 5297
f 7252 7253 206
f 5042 1106 4880
f 1977 5032 3282
f 5092 2438 215
f 4823 1385 1383
f 4858 4859 3012
f 5090 5089 5159
f 22 1430 1974
f 22 2093 1430
f 15 2658 2878
f 23 881 1717
f 4961 4940 4989
f 6136 5472 6165
f 4943 4944 1254
f 6228 5609 5638
f 5086 5114 5139
f 5156 5139 5157
f 5086 5139 5156
f 5156 5157 5185
f 5203 5185 5204
f 5156 5185 5203
f 5230 5204 3700
f 5203 5204 5230
f 5244 3700 3674
f 5230 3700 5244
f 921 1794 2018
f 1194 132 2100
f 4955 5133 4906
f 1108 4950 4910
f 7134 7098 7135
f 5584 5539 5585
f 205 1974 4905
f 4005 4800 4805
f 10307 10319 10321
f 1641 4947 432
f 4943 2179 4944
f 6487 4333 6003
f 6003 6012 8040
f 5139 5115 5140
f 5157 5140 4671
f 5139 5140 5157
f 5185 4671 3700
f 5157 4671 5185
f 5185 3700 5204
f 1456 616 4560
f 1194 7 132
f 739 1550 999
f 4555 5057 5084
f 324 325 814
f 1254 4944 4587
f 4683 3526 4944
f 21 616 4529
f 1319 305 430
f 6374 6338 6375
f 5140 4648 4671
f 3722 3673 3674
f 3857 3282 5032
f 372 2184 2216
f 384 702 1508
f 616 1456 4529
f 6857 6829 6858
f 6857 6858 6894
f 4944 3526 4587
f 1285 62 5239
f 62 1285 266
f 1644 4611 4542
f 9965 10032 10063
f 21 4529 3726
f 2561 2562 3509
f 3308 4115 3885
f 6354 6355 6396
f 1645 54 4886
f 1350 2179 3981
f 1106 439 4880
f 4813 4811 4814
f 64 4796 763
f 1413 4901 757
f 1383 581 1211
f 266 265 504
f 504 265 191
f 1058 2439 631
f 4871 191 4877
f 755 2838 8
f 499 2512 5926
f 582 4877 870
f 5108 5135 5178
f 371 1107 2
f 6919 6893 2897
f 702 1975 503
f 8986 10378 10342
f 7 1194 1166
f 10235 10295 10292
f 2343 2342 5149
f 108 2128 322
f 4793 4799 7802
f 579 1514 2019
f 10376 10244 10348
f 10273 10234 10380
f 1644 2062 4611
f 5593 4941 4914
f 233 1076 1211
f 5178 5135 5179
f 6270 6236 6271
f 3921 1633 4921
f 4810 4806 4813
f 1 562 132
f 6828 6829 6857
f 6096 6057 6097
f 5106 5055 5152
f 2054 5168 8985
f 882 612 1199
f 371 7 1166
f 8618 10275 10268
f 1330 38 311
f 5017 1108 4910
f 311 1361 2476
f 1008 1929 4893
f 1929 1234 4893
f 832 113 1461
f 2440 64 1108
f 1316 1211 1076
f 1460 1124 5142
f 85 173 2511
f 947 4956 2227
f 7 1 132
f 1694 4902 4922
f 1358 1347 3180
f 132 211 2100
f 5107 5108 5177
f 3153 2787 1011
f 76 173 253
f 233 1640 4873
f 311 2476 1330
f 1234 1748 4882
f 1748 1717 4882
f 1640 4874 4873
f 5875 5815 5832
f 4817 5040 1124
f 580 1460 5142
f 443 138 503
f 947 2227 5163
f 137 26 268
f 210 137 268
f 1403 2102 2245
f 2245 54 1403
f 5158 2551 421
f 211 210 455
f 4544 4365 10371
f 3879 4262 4862
f 309 139 138
f 1499 7141 7228
f 4859 4858 7442
f 385 113 2013
f 5011 5763 5786
f 385 2013 1528
f 4897 819 760
f 4874 1640 112
f 1839 2441 1265
f 4237 3153 1011
f 1550 4809 4262
f 1124 5040 5142
f 204 866 5648
f 5188 5019 5162
f 5018 5019 5188
f 1694 4903 5019
f 3180 1347 1816
f 2748 2227 4797
f 580 2227 2748
f 5177 5108 5178
f 442 500 74
f 6653 1642 6833
f 2059 2060 4900
f 1974 820 4905
f 760 1463 3
f 4987 4988 5056
f 1512 5053 4803
f 354 1512 4803
f 4005 4805 4810
f 5018 5008 5019
f 5008 4883 5019
f 4903 5162 5019
f 4956 5158 421
f 7134 7135 7165
f 2816 207 3168
f 290 1393 1550
f 63 137 210
f 4956 5180 2227
f 4922 5004 30
f 4820 4815 4821
f 4829 1645 1316
f 5039 4886 4823
f 4004 4804 193
f 1397 817 4840
f 4905 192 248
f 5239 5256 1285
f 266 1285 265
f 1463 121 3
f 1000 4796 1511
f 4803 4853 2868
f 4853 4803 5053
f 2622 4883 5008
f 2622 1693 4883
f 4903 947 5162
f 189 947 4903
f 454 1796 455
f 297 1450 2287
f 4902 5004 4922
f 1460 580 2748
f 4665 4841 4857
f 10302 10273 10437
f 4237 4804 4004
f 4862 4262 4831
f 6132 6133 6162
f 820 192 4905
f 6236 5538 5584
f 1974 1430 66
f 4683 4586 3526
f 4877 563 870
f 191 563 4877
f 10249 3628 10435
f 1449 2397 2285
f 1176 1118 5893
f 10305 10326 10310
f 313 374 5587
f 4914 5881 6071
f 2355 2018 4942
f 6 324 814
f 44 3755 193
f 4756 6408 6407
f 1693 2622 5141
f 4981 1693 5141
f 189 874 947
f 6950 2897 6951
f 210 268 454
f 26 137 421
f 4921 4922 30
f 5162 947 5163
f 4817 354 5040
f 4980 3186 4979
f 175 558 2355
f 1512 354 4817
f 4804 4237 1011
f 2185 4878 1008
f 5034 4989 5035
f 1393 4153 4809
f 112 819 4897
f 6286 6478 7073
f 6286 7073 7176
f 1929 1748 1234
f 10390 10342 10421
f 1748 5238 1717
f 1839 1330 872
f 5221 629 4314
f 2264 4836 1221
f 5266 1106 5042
f 1124 2748 1221
f 4956 874 5158
f 4979 4981 5141
f 210 454 455
f 4848 4875 1276
f 371 2 4837
f 4980 4979 5141
f 1221 4837 4924
f 227 1397 4867
f 4837 1161 4924
f 1180 4924 1161
f 1199 2287 1931
f 64 763 1974
f 1093 1717 5238
f 706 707 766
f 5010 4989 5034
f 3990 3192 1180
f 4960 4961 5010
f 4826 4822 4827
f 4821 4822 4826
f 4832 4827 4833
f 5056 5009 5107
f 1495 3801 10251
f 4942 2018 761
f 2748 2264 1221
f 4979 3186 5016
f 4643 3879 4862
f 1694 4887 4903
f 63 562 137
f 2622 4980 5141
f 4853 5053 193
f 384 1834 5017
f 4900 2060 4910
f 4916 5017 4910
f 4808 1006 4848
f 2922 2475 4769
f 113 251 2013
f 270 328 327
f 5010 4961 4989
f 3673 3626 3674
f 495 5220 5221
f 2167 2166 757
f 2686 3755 44
f 5609 5578 5638
f 10287 10353 10370
f 4185 1007 3123
f 4814 4811 4815
f 947 874 4956
f 4450 1931 4964
f 175 2355 4897
f 1963 1915 3844
f 3475 3494 5280
f 803 1888 1889
f 5158 5043 2551
f 4887 1694 4922
f 421 137 562
f 2622 438 4980
f 438 2622 5008
f 1512 193 5053
f 10274 8616 10363
f 4988 4937 4960
f 6 323 324
f 123 142 5372
f 6578 78 6579
f 761 4873 112
f 5239 3952 5223
f 5239 5223 5256
f 775 1528 2013
f 368 907 901
f 2187 4158 3838
f 1124 1180 44
f 1300 1888 803
f 496 495 1885
f 4955 4796 5133
f 2264 4797 4836
f 2217 2218 2249
f 4643 4862 4913
f 5043 874 249
f 6950 6951 6984
f 10288 10397 4771
f 7060 7025 7061
f 253 803 1889
f 1300 886 1888
f 4805 4802 4806
f 1974 763 22
f 438 5008 5219
f 5008 5018 5219
f 4904 2260 5174
f 10399 10317 10411
f 760 832 1361
f 113 832 251
f 4813 4814 4819
f 1285 5256 4872
f 1528 775 871
f 5107 5009 5108
f 1180 1124 4924
f 1579 1300 803
f 2966 2905 3012
f 927 5253 6313
f 1837 4898 822
f 4819 4821 4826
f 8914 7179 8996
f 6985 6952 6986
f 4800 4793 4805
f 874 5043 5158
f 10327 10316 10394
f 1975 443 503
f 5018 5041 5219
f 384 1975 702
f 5041 5018 5188
f 4856 1110 1975
f 2333 5571 6015
f 4825 4818 4819
f 246 2556 1412
f 2556 246 4931
f 2556 5089 1412
f 1211 4894 233
f 4894 1793 233
f 22 763 1603
f 265 1285 1841
f 1245 1603 763
f 1124 1460 2748
f 5197 5178 1881
f 249 874 189
f 42 26 421
f 26 42 75
f 5117 2875 2871
f 5043 439 2551
f 5091 5092 215
f 444 139 309
f 866 1265 23
f 5043 249 5109
f 2551 42 421
f 758 222 1248
f 132 63 210
f 1798 2385 3560
f 210 211 132
f 5162 5163 5188
f 4641 7661 4026
f 2440 1834 5133
f 1973 4008 1042
f 5252 5276 1682
f 2264 2748 4797
f 2397 1530 2285
f 905 209 2354
f 7252 7196 7253
f 2245 2875 5117
f 4790 1530 4808
f 1530 2397 711
f 636 4790 4808
f 1530 4790 2285
f 439 42 2551
f 5092 5117 2871
f 2245 2102 2875
f 26 75 326
f 268 26 326
f 1529 4829 1837
f 921 2018 2355
f 5163 5041 5188
f 1793 1640 233
f 5039 4823 1316
f 112 312 819
f 112 1640 775
f 10264 10297 10403
f 4684 4232 6911
f 2555 309 443
f 1300 1682 5292
f 5276 5254 6420
f 5843 2689 8704
f 1246 4829 1529
f 6546 6051 6551
f 6096 6097 6133
f 75 42 814
f 249 203 5109
f 5109 203 2166
f 1639 3506 3606
f 4799 4793 4800
f 268 326 454
f 918 2620 5684
f 1246 1645 4829
f 6132 6096 6133
f 1211 1316 1383
f 5180 562 4797
f 307 248 192
f 4878 6655 6685
f 1008 4838 1929
f 199 6546 6551
f 772 5081 5961
f 6580 199 6598
f 1929 4838 5194
f 3121 4612 6598
f 4612 6580 6598
f 946 498 25
f 2062 4359 4611
f 3534 2879 3800
f 579 2019 3561
f 1110 443 1975
f 5276 6420 5293
f 248 5274 7438
f 4883 1694 5019
f 421 562 5180
f 2500 2462 2501
f 249 189 5136
f 94 886 1300
f 5109 4880 5043
f 4612 3106 4634
f 7168 4689 5079
f 1265 2441 881
f 454 326 1796
f 1276 189 4903
f 1358 3574 5026
f 4986 4936 4987
f 3121 3106 4612
f 3106 7226 7275
f 4634 3106 7275
f 1881 5178 5225
f 5177 5178 5197
f 7135 7166 7197
f 7226 4343 7275
f 1641 1748 1929
f 4447 6578 6579
f 1641 1744 1748
f 10248 4239 4261
f 10065 10066 10137
f 1748 1744 5238
f 8073 7848 2690
f 4770 10399 10411
f 3653 4237 4160
f 8365 2671 8401
f 5056 4988 5009
f 7420 4907 7421
f 33 164 49
f 438 354 4803
f 2227 5180 4797
f 4883 1693 1694
f 4544 4770 4337
f 203 249 5136
f 4875 189 1276
f 434 1158 2473
f 636 4808 4848
f 3752 3598 10263
f 2998 1158 2993
f 1692 495 5221
f 1746 2828 2834
f 10331 10306 10356
f 4936 4913 4987
f 4986 4987 5055
f 4986 5055 5106
f 6208 5506 6209
f 4826 4827 4832
f 4819 4814 4820
f 4832 4833 4843
f 4343 4487 6897
f 4897 3 752
f 204 1330 1839
f 2059 502 2060
f 830 635 108
f 4487 159 6897
f 10307 10321 10345
f 4687 4708 7299
f 288 4835 4839
f 4287 3305 5122
f 831 1718 5042
f 5644 5676 6286
f 354 438 5219
f 4902 1693 4981
f 562 63 132
f 1511 1057 1000
f 701 4790 4887
f 1643 833 1010
f 636 4848 1276
f 189 4875 5136
f 1549 3150 1306
f 7179 7238 7262
f 2285 2257 1449
f 4060 7593 10408
f 6339 6340 6375
f 3722 3700 4671
f 4908 4907 7420
f 6919 2897 6950
f 2285 701 2257
f 1797 1834 1508
f 1916 5275 5252
f 10345 10327 10394
f 4907 4885 7421
f 2441 924 881
f 95 18 1455
f 4864 4938 4960
f 311 760 1361
f 251 832 760
f 288 856 1284
f 4881 1329 831
f 712 2143 1006
f 250 1106 4917
f 4980 438 4803
f 12 2293 607
f 1693 4902 1694
f 42 439 814
f 1010 833 924
f 1043 214 2057
f 701 2285 4790
f 7685 4187 7686
f 3898 4122 4083
f 636 4903 4887
f 701 4922 2257
f 1794 4898 4899
f 1006 2143 4848
f 442 76 500
f 2440 1108 5017
f 1924 1886 5804
f 5256 5223 5257
f 5256 5257 4872
f 775 2013 4824
f 2013 251 4824
f 5231 5089 2556
f 5524 5797 5902
f 224 90 91
f 10298 8971 10414
f 6711 10327 10345
f 974 888 975
f 176 433 434
f 1043 176 434
f 433 1158 434
f 4555 4524 5057
f 943 3226 3283
f 4903 636 1276
f 1834 384 1508
f 701 4887 4922
f 5955 2771 6793
f 2970 496 2727
f 203 757 2166
f 2060 1975 4916
f 1360 2556 4931
f 1285 1840 1841
f 2187 3838 4290
f 4182 1180 1161
f 1840 265 1841
f 191 265 68
f 1793 4894 1430
f 5118 66 546
f 1107 371 1166
f 5575 5576 5609
f 5152 5196 5224
f 4837 2 7704
f 2516 2550 3846
f 176 1043 2057
f 433 8 1158
f 9095 3971 9096
f 636 4887 4790
f 12 607 710
f 1691 1495 10432
f 4906 1797 762
f 1834 1797 4906
f 4646 5049 6577
f 1360 5231 2556
f 5118 5089 5231
f 384 5017 4916
f 1300 5292 5293
f 4894 581 1430
f 190 1284 856
f 5901 5583 6581
f 1682 5276 5292
f 4808 711 1006
f 5823 5744 5035
f 809 3608 1255
f 2425 5217 4689
f 8 433 47
f 5150 5104 5151
f 4955 4906 762
f 4980 2868 3186
f 1888 886 1889
f 5089 5118 546
f 66 581 546
f 1406 1233 373
f 4894 1211 581
f 5194 4838 4949
f 4947 1929 5194
f 4947 5194 4949
f 1641 1929 4947
f 5196 5177 5197
f 711 712 1006
f 4769 10288 4771
f 8976 8942 9000
f 4541 682 5171
f 5041 5040 5219
f 18 3709 124
f 176 491 433
f 47 755 8
f 1604 2337 2246
f 10275 8618 10245
f 4956 421 5180
f 4803 2868 4980
f 4857 4858 3012
f 4862 4863 4937
f 1528 1245 385
f 1641 432 1744
f 66 820 1974
f 54 1385 4823
f 6891 6892 6918
f 8477 8503 8577
f 491 176 2083
f 2083 176 2057
f 5809 5791 5792
f 2296 206 5026
f 752 815 175
f 872 386 924
f 1385 5117 5160
f 924 386 1010
f 5206 192 5250
f 4539 956 4571
f 4832 4843 4865
f 247 307 5206
f 819 4824 251
f 4987 4913 4988
f 1393 4809 1550
f 4771 10296 4602
f 2057 124 2083
f 47 433 491
f 8393 8394 8443
f 5004 4979 5016
f 4902 4979 5004
f 4979 4902 4981
f 5004 5016 30
f 6269 6235 6270
f 872 2441 1839
f 872 924 2441
f 2261 1692 5251
f 5220 5195 5221
f 12 710 773
f 3898 4750 4749
f 4862 4831 4863
f 1110 699 2555
f 775 312 112
f 192 820 5250
f 307 192 5206
f 4865 4843 4889
f 5081 772 5274
f 247 5081 5274
f 307 247 5274
f 819 312 4824
f 5092 5091 5117
f 4899 4898 1076
f 4864 4865 4938
f 4857 4841 4858
f 389 3931 4795
f 1643 1245 1057
f 2261 5251 5275
f 1244 5044 3709
f 3709 5044 5093
f 4058 3952 5239
f 3709 5093 124
f 124 5143 2083
f 491 2083 1283
f 1830 47 491
f 755 47 166
f 3205 755 166
f 4810 4805 4806
f 6508 1398 6509
f 5142 5041 5163
f 5040 5041 5142
f 580 5142 5163
f 5040 354 5219
f 5224 5196 2003
f 4901 1413 4848
f 5042 4880 4881
f 7623 7327 7771
f 4960 4938 4961
f 5470 6095 6131
f 8776 8757 8777
f 699 309 2555
f 6023 6022 9143
f 7441 7440 9002
f 3 121 752
f 752 121 1790
f 4796 64 5133
f 5117 5091 5160
f 215 227 1396
f 4572 65 5218
f 124 5093 5094
f 124 5094 5143
f 234 491 1283
f 1830 144 47
f 47 144 166
f 10264 10246 10252
f 2098 2799 5193
f 1692 4314 5251
f 2227 580 5163
f 277 74 4840
f 4411 4945 7273
f 6098 6099 6135
f 311 121 1463
f 613 1244 1104
f 4262 4812 4831
f 112 4897 4942
f 1463 760 311
f 4122 5054 3952
f 3952 5054 5175
f 4897 2355 4942
f 2500 2461 2462
f 1244 613 5044
f 5093 5020 5094
f 5044 5020 5093
f 2083 5143 5207
f 2083 5207 1283
f 491 234 11
f 1830 491 11
f 114 46 5193
f 10231 10312 10419
f 3952 5175 5223
f 4825 4819 4832
f 5257 5223 4872
f 5223 5175 4872
f 871 775 1640
f 6163 6135 6164
f 5044 613 5020
f 11 234 1283
f 144 1830 363
f 295 166 144
f 295 144 363
f 166 295 3176
f 6993 6959 10385
f 1300 1579 1682
f 2018 1794 761
f 1429 1285 4872
f 1285 1429 1840
f 68 265 1840
f 1108 64 1510
f 4866 5014 5881
f 1640 1793 871
f 2102 1403 4290
f 1530 711 4808
f 3136 87 4312
f 5094 5067 5143
f 5143 5144 5207
f 1283 5207 2084
f 1 371 4797
f 562 1 4797
f 4962 5011 5035
f 5009 5034 5108
f 4989 4962 5035
f 5326 3958 8036
f 1245 1000 1057
f 2166 4880 5109
f 444 699 502
f 4824 312 775
f 4812 4810 4818
f 4899 4873 761
f 871 1793 1430
f 563 499 870
f 4899 1076 4873
f 2941 9689 2942
f 5020 5067 5094
f 5143 5067 5144
f 812 1830 11
f 1830 220 363
f 295 363 1928
f 139 905 2354
f 209 138 2354
f 5055 5107 5152
f 5152 5107 5177
f 558 815 3540
f 1383 1316 4823
f 9789 9732 9790
f 385 1245 1010
f 4812 4818 4825
f 4812 4005 4810
f 4290 1403 962
f 66 1430 581
f 9013 9000 9030
f 5512 5438 5490
f 1246 962 1403
f 5840 868 5841
f 6471 6443 6472
f 1772 80 1865
f 5144 5067 5095
f 5207 5144 2084
f 11 1283 2084
f 363 220 1928
f 1007 4159 3123
f 371 1 7
f 710 905 139
f 761 1794 4899
f 6503 5790 6504
f 1413 5136 4875
f 4863 4825 4864
f 6163 6164 6205
f 2167 1329 4881
f 7736 4815 7737
f 5571 5604 5922
f 5647 5615 5686
f 1529 1331 4842
f 2169 4879 2213
f 6471 6472 6502
f 6443 5745 6472
f 6538 6539 9935
f 6501 6502 6538
f 5020 1599 5067
f 5067 5045 5095
f 1067 11 2084
f 812 1601 1830
f 1601 220 1830
f 1928 220 207
f 773 710 139
f 2710 2711 2751
f 253 85 803
f 102 103 1916
f 54 2245 1385
f 1461 385 386
f 7894 7948 8550
f 4754 4771 4602
f 4842 1246 1529
f 1246 4842 962
f 444 502 631
f 6004 7299 8470
f 5067 1599 5045
f 5144 5208 2084
f 2058 3058 3857
f 2969 3079 4982
f 6508 6509 6771
f 1514 441 2019
f 10250 9722 9987
f 10290 7848 10335
f 4937 4863 4864
f 7664 4837 7704
f 1527 5438 5952
f 1794 751 4920
f 751 921 2058
f 921 751 1794
f 7916 9294 7917
f 4820 4821 4819
f 105 479 1790
f 872 832 386
f 1065 2249 2829
f 6204 6205 6264
f 422 141 3388
f 820 66 5250
f 66 5118 5250
f 606 59 4541
f 175 4897 752
f 1360 247 5231
f 5118 5206 5250
f 1529 822 1331
f 8850 8885 8916
f 8939 8940 8973
f 8997 8972 8998
f 1219 9030 9031
f 5144 5095 5119
f 5144 5119 5208
f 812 1067 813
f 812 11 1067
f 812 813 1601
f 278 220 1601
f 207 220 208
f 114 207 208
f 247 1360 5081
f 1360 4931 5081
f 247 5206 5231
f 9361 9362 9389
f 6334 6303 6335
f 25 24 1498
f 5149 2342 2829
f 4852 1065 2829
f 4301 4326 4276
f 751 1331 822
f 9630 9600 9631
f 5206 5118 5231
f 6303 6264 6335
f 9836 5406 10202
f 7057 7058 7094
f 5284 1505 2769
f 7129 7095 7130
f 7094 7095 7129
f 7967 10246 10264
f 6743 6767 6766
f 5095 5045 5068
f 5095 5068 5119
f 2084 5208 1067
f 1067 32 813
f 813 32 1601
f 220 278 208
f 46 114 208
f 2799 3168 114
f 3425 1879 3906
f 3012 4885 4907
f 3898 4749 5054
f 757 203 1413
f 2342 2387 5064
f 1459 2829 5064
f 2829 2342 5064
f 1459 1109 2829
f 1109 4852 2829
f 5802 781 5821
f 4920 751 822
f 10366 10330 10349
f 59 2338 4541
f 7057 7022 7058
f 1067 5208 5209
f 32 278 1601
f 1264 2098 5193
f 46 1264 5193
f 1065 5063 372
f 1829 3425 3632
f 9071 9047 9072
f 1879 1345 3906
f 5450 5451 5488
f 941 899 942
f 2387 2386 5005
f 4881 4880 2166
f 4523 4524 4555
f 10397 10288 10384
f 441 4852 1109
f 441 578 5063
f 4852 441 5063
f 5063 578 372
f 2803 3978 4027
f 5175 5176 4872
f 5210 5145 5166
f 6164 6165 6206
f 7094 7058 7095
f 5045 4538 5068
f 5068 5069 5119
f 5208 5119 5209
f 278 32 423
f 423 4846 208
f 423 208 278
f 208 4846 4926
f 45 46 4926
f 46 208 4926
f 46 45 1264
f 1264 1066 2098
f 1066 1264 45
f 2168 2169 2213
f 920 1096 71
f 4797 371 4837
f 2386 2387 2426
f 5064 5005 1459
f 10250 9987 10354
f 5082 441 1109
f 372 578 2184
f 2550 3872 3846
f 1413 203 5136
f 6059 5430 6098
f 105 1790 121
f 8255 8768 10285
f 2462 2461 2426
f 6339 6268 6340
f 5045 5024 4538
f 5119 5165 5209
f 1067 929 32
f 4846 423 865
f 1066 45 1064
f 5042 4881 831
f 155 217 85
f 1429 68 1840
f 2728 957 1042
f 9089 9090 9109
f 5181 5082 5279
f 578 441 5052
f 10374 10236 10434
f 2184 578 5052
f 920 71 310
f 1508 582 5164
f 760 819 251
f 439 6 814
f 10337 10362 10280
f 504 4871 1325
f 3185 1325 4871
f 5251 4314 5252
f 6228 5638 6256
f 6655 6724 6750
f 2472 2339 59
f 1067 5209 5285
f 929 1067 5285
f 32 929 694
f 32 694 423
f 818 4846 865
f 4926 4846 818
f 4926 818 703
f 703 45 4926
f 45 703 2621
f 1064 45 2621
f 7490 4807 4681
f 4836 4797 4837
f 136 2296 5026
f 4945 5122 3305
f 4473 6926 6929
f 4801 4802 4805
f 245 1639 3606
f 5181 2385 5082
f 1798 441 5082
f 387 5052 441
f 920 310 1102
f 6334 6335 6372
f 1508 3185 582
f 4939 4889 4940
f 4865 4889 4939
f 6338 6339 6375
f 4806 4811 4813
f 6502 6473 6503
f 808 1667 2651
f 4411 7273 7249
f 4878 2185 5290
f 5069 5070 5119
f 5119 5070 5165
f 694 89 423
f 89 865 423
f 818 865 4930
f 703 818 4930
f 703 759 2621
f 1064 2621 5132
f 2621 759 5132
f 4836 4837 1221
f 2742 2868 1011
f 6589 6655 6167
f 5251 5252 5275
f 2215 2216 2148
f 387 441 4888
f 387 4888 2148
f 4001 3980 2762
f 4326 4300 4276
f 2003 5197 1881
f 178 2136 2176
f 7192 7193 7221
f 5252 5254 5276
f 6750 6902 6449
f 2472 59 33
f 5209 1074 5285
f 929 5285 1074
f 89 880 865
f 865 880 4930
f 759 110 5132
f 1249 712 711
f 5042 1718 5266
f 5 323 6
f 1682 102 1916
f 2966 4907 4932
f 4907 2966 3012
f 1798 2019 441
f 2862 3282 3857
f 10277 8690 10344
f 369 267 504
f 6589 6724 6655
f 2217 1065 372
f 7221 7222 7249
f 6902 6899 6449
f 6899 6902 6926
f 5070 5145 5165
f 5165 5189 5209
f 5209 5189 1074
f 1074 884 929
f 929 884 694
f 4930 880 700
f 700 703 4930
f 703 700 759
f 963 110 759
f 110 25 498
f 687 688 3118
f 4924 1124 1221
f 6949 6950 6984
f 5054 5105 5175
f 2214 2131 2215
f 4215 10267 10423
f 173 492 2511
f 441 1514 4888
f 2148 2214 2215
f 480 752 1790
f 95 1244 3709
f 8818 8776 8819
f 1362 6004 8470
f 8776 8777 8819
f 7130 7162 7193
f 164 2586 4410
f 6750 6724 6902
f 4334 6899 6926
f 33 606 2586
f 9096 3945 9116
f 9732 9698 9654
f 5165 5145 5189
f 89 694 884
f 89 686 880
f 700 880 5205
f 963 759 700
f 110 963 25
f 10242 10278 10353
f 2246 2335 5605
f 4817 44 1512
f 6987 4284 6954
f 173 442 492
f 4888 1514 1604
f 2148 4888 1604
f 2148 1604 2214
f 10271 7999 10326
f 5135 807 5806
f 1579 1667 1682
f 62 607 5239
f 130 1429 5176
f 1429 4872 5176
f 8850 8818 8819
f 7221 7193 7222
f 6982 6983 7022
f 4334 4484 6899
f 7161 7130 7192
f 3970 3945 9096
f 685 89 884
f 686 89 685
f 963 700 1075
f 25 963 1075
f 1147 1591 2257
f 682 5097 4992
f 1837 4829 1316
f 6410 6372 6411
f 130 68 1429
f 614 3653 4160
f 4447 5217 2425
f 1514 2337 1604
f 1604 4868 2214
f 688 746 3118
f 1233 1310 1181
f 4815 4811 7737
f 4333 6422 6387
f 2213 4879 5101
f 1932 4002 3905
f 6472 5745 6473
f 7058 7023 7059
f 49 4410 6160
f 7022 7023 7058
f 164 33 2586
f 5013 998 7139
f 1398 49 6160
f 5189 5145 5210
f 5189 5210 1074
f 880 686 5205
f 43 700 5205
f 700 43 1075
f 4817 1124 44
f 4337 4770 10243
f 2838 755 3205
f 2799 114 5193
f 5101 4868 2246
f 4868 1604 2246
f 4879 4868 5101
f 4796 1000 763
f 5763 4962 5953
f 7195 7164 7196
f 1932 3905 4422
f 6827 3731 6828
f 8757 8719 8777
f 258 4998 133
f 7058 7059 7095
f 884 1074 2186
f 686 685 851
f 5205 686 43
f 1075 24 25
f 10378 10315 10410
f 6917 6918 6949
f 4898 1837 1076
f 1103 1513 2650
f 443 1110 2555
f 4864 4832 4865
f 1396 1412 215
f 156 85 357
f 4855 2212 5101
f 6633 8439 8471
f 2592 5911 8254
f 5745 5766 6473
f 6540 6503 6013
f 7130 7095 7131
f 7130 7131 7162
f 5013 7139 4741
f 49 164 4410
f 1074 1179 2186
f 8246 8247 8287
f 4481 5407 5445
f 5665 5647 5619
f 6008 6071 6109
f 5690 5704 5918
f 918 870 2620
f 5708 5709 5734
f 5593 6008 6069
f 1314 4482 6140
f 8318 8287 8319
f 5801 766 5877
f 5753 5736 713
f 5476 5508 5539
f 4941 4482 5953
f 932 1021 5858
f 5945 5946 5993
f 271 5489 5521
f 5476 5434 5508
f 1426 1472 9786
f 5278 1842 370
f 5605 5582 634
f 5605 5320 5863
f 886 94 2471
f 5443 5406 5444
f 5442 5443 5480
f 6768 140 3884
f 5489 2791 5521
f 771 5751 5776
f 8286 8245 8287
f 5104 4340 5151
f 5781 5823 5035
f 10309 10286 10357
f 5781 5011 5786
f 2456 2457 2497
f 5993 5946 6006
f 779 780 5820
f 4965 1304 5232
f 5550 5515 5596
f 5898 1021 1080
f 5408 5447 5485
f 868 5744 5841
f 2085 2129 5960
f 6641 8510 6642
f 5852 1063 5872
f 5582 5605 5863
f 5570 5453 5457
f 2457 5614 2379
f 577 5680 5707
f 637 638 5703
f 1775 5691 1721
f 5863 5320 2379
f 5775 5674 5666
f 5614 5863 2379
f 5255 5590 5615
f 3534 2924 3234
f 7487 3528 7341
f 5518 5519 5553
f 7676 7688 7936
f 776 715 777
f 5353 5354 5397
f 5435 5397 5436
f 5353 5397 5435
f 1118 5875 5832
f 10258 5890 10336
f 3243 4184 4509
f 2283 5920 5921
f 10304 10289 10347
f 5972 5997 6421
f 5350 5394 5476
f 5475 5350 5476
f 1647 1751 1799
f 8891 8857 8892
f 5435 5436 5510
f 5541 5436 313
f 5510 5436 5541
f 5806 5583 5901
f 10372 6711 10306
f 6959 10356 4861
f 1237 1185 1238
f 1063 1114 5872
f 1886 1165 5804
f 2001 2002 2043
f 8655 8611 8656
f 3234 2879 3534
f 1115 1114 5873
f 10359 6407 10427
f 5541 313 5587
f 10253 10233 10433
f 7417 7403 5888
f 2559 7476 7492
f 583 648 5712
f 5759 5179 5806
f 517 5622 5680
f 8611 8612 8656
f 968 878 969
f 390 391 518
f 1770 1771 1813
f 5911 7999 10429
f 2165 5572 5779
f 5702 5703 704
f 1617 5620 5560
f 2085 5904 1955
f 374 445 5587
f 261 129 262
f 5490 1328 5993
f 304 1176 1220
f 1319 1215 9025
f 5104 1720 4340
f 5747 764 5799
f 5815 764 5800
f 5799 764 5815
f 5661 5903 1843
f 91 90 10118
f 972 973 1019
f 1905 1906 1954
f 2043 2002 5659
f 5851 5830 5852
f 2656 2689 1415
f 8981 8982 9001
f 6911 4232 8421
f 2164 2127 2165
f 5447 5448 5486
f 5713 5546 4997
f 5851 5852 5872
f 647 646 5707
f 269 4370 5365
f 9650 9625 9651
f 10301 7593 4488
f 5690 5689 5780
f 778 5819 5878
f 7492 7493 8733
f 270 5487 271
f 7873 8122 5899
f 5717 5704 5780
f 5742 5760 5861
f 5225 5742 5861
f 5926 5842 499
f 5689 5779 5780
f 2515 2516 3324
f 9294 7916 9321
f 7231 1864 7802
f 353 38 1330
f 5817 5818 1073
f 5736 648 713
f 2023 2024 2063
f 2024 1979 2026
f 1842 131 5601
f 2266 2358 2402
f 7851 5891 428
f 1799 1751 1615
f 8472 8473 8497
f 5630 915 5861
f 143 915 5630
f 10367 10397 10384
f 5519 5520 5553
f 5412 1934 5755
f 5540 5510 5541
f 5490 1480 1328
f 5509 5435 5510
f 5396 5435 5509
f 5513 5457 1167
f 1172 431 3390
f 8425 8166 8794
f 129 261 202
f 1527 1480 5490
f 10382 10320 10390
f 8450 7277 8663
f 1093 23 1717
f 5396 5353 5435
f 1615 1934 5412
f 370 5277 5654
f 5318 1553 5319
f 2357 2266 2402
f 4702 7883 5787
f 428 5891 8208
f 142 5371 5372
f 5701 5702 704
f 5411 5367 2708
f 6438 6469 8362
f 9030 9000 9031
f 6711 10395 10425
f 10371 611 10399
f 9255 9227 9228
f 877 829 878
f 2589 5816 8602
f 5517 5482 5518
f 5753 713 5778
f 500 76 2616
f 5819 5820 5856
f 5819 779 5820
f 1934 2023 5755
f 10269 10264 10352
f 291 135 7416
f 5604 5571 5930
f 5650 5651 5710
f 4867 1397 5660
f 5415 5617 1531
f 5944 5525 5511
f 5371 5944 5372
f 5372 5944 5511
f 143 142 1562
f 484 103 1105
f 5515 5551 5596
f 764 705 765
f 5817 776 5818
f 8914 8882 8883
f 5704 5717 5920
f 1842 5619 5716
f 5511 5857 5948
f 5596 5551 5623
f 4337 10412 10435
f 10328 10337 10149
f 5255 5615 5557
f 5856 5820 5879
f 770 771 827
f 5715 115 116
f 3888 5722 5859
f 5859 5862 5948
f 5859 5722 5862
f 2512 5511 5948
f 5862 2512 5948
f 649 713 648
f 5596 5623 5681
f 5649 5681 5709
f 5878 5856 5927
f 5449 5450 5487
f 5928 5880 5929
f 5849 5850 1060
f 1181 1204 1257
f 4851 2059 7527
f 645 647 709
f 1813 1862 1905
f 5722 5954 5842
f 5862 5722 5926
f 5926 5722 5842
f 2512 5862 5926
f 2212 2213 5101
f 5634 5663 370
f 263 129 5479
f 5624 5551 5625
f 9916 9886 9939
f 5551 5516 5552
f 452 5595 5622
f 5484 5408 5485
f 6604 6571 8169
f 5904 2085 5960
f 8929 10315 8688
f 5949 5608 5572
f 5354 1321 5355
f 5354 5355 5397
f 5659 131 5608
f 9966 9938 9967
f 5442 5405 5443
f 9070 9047 9071
f 7997 8254 8832
f 5373 9548 9580
f 5811 5795 5812
f 5954 3880 5842
f 1632 3880 5954
f 4116 4117 3935
f 5449 5410 5450
f 5436 5397 254
f 10367 10384 10433
f 5921 5721 5922
f 5622 5596 5649
f 5564 2376 5933
f 5626 1862 5764
f 5587 445 505
f 5479 5441 5514
f 2165 2127 5572
f 5747 704 764
f 5446 5407 5408
f 8175 7997 8832
f 1220 1176 5924
f 5512 5457 5453
f 390 327 391
f 5810 5794 5811
f 3880 5687 5934
f 3880 2620 5842
f 2620 3880 5934
f 5842 2620 499
f 330 272 331
f 5876 5801 5877
f 5815 5800 5832
f 5716 5686 5674
f 5480 5443 5481
f 5858 1021 5898
f 5597 390 518
f 8254 7997 8400
f 5324 8071 8254
f 1118 5832 5893
f 8400 5324 8254
f 1282 5945 5993
f 1328 1282 5993
f 1231 5897 5945
f 1073 5818 5897
f 5571 5923 6015
f 5278 5663 5730
f 8127 7869 8134
f 5870 5687 5919
f 5687 5684 5934
f 5684 5687 5870
f 3213 8031 10326
f 5551 5597 5625
f 2512 5372 5511
f 5441 5404 5480
f 5828 5813 5829
f 9733 9628 9699
f 7756 6005 6845
f 10310 10324 10305
f 2477 2677 362
f 8944 8922 8945
f 6438 6439 6469
f 5966 5324 8775
f 5625 5597 5651
f 5516 5482 5517
f 634 2246 5605
f 5324 1111 8071
f 5277 1842 5775
f 8077 1111 5887
f 1817 5691 1775
f 5920 5717 5921
f 10301 10336 10408
f 5508 5396 5509
f 5475 5476 5538
f 5360 5870 5919
f 5360 5919 5996
f 918 5684 5870
f 5360 918 5870
f 128 5361 10199
f 10245 1495 10251
f 5410 5411 5450
f 5717 5780 5721
f 827 771 828
f 5776 5777 878
f 9624 9625 9650
f 1287 1431 6018
f 1060 5850 5871
f 5604 5921 5922
f 5812 5813 5828
f 5849 5829 5850
f 5827 5828 5848
f 5828 5829 5849
f 5827 5812 5828
f 5811 5812 5827
f 2791 2830 274
f 5848 5828 5849
f 5848 5849 1060
f 1215 6953 9024
f 2687 2624 429
f 5974 1169 7942
f 10389 10344 10422
f 5721 5730 5923
f 1716 5453 5570
f 5446 5408 5483
f 1862 1771 5764
f 5441 5480 5550
f 166 3277 3205
f 8357 8319 8358
f 780 781 5802
f 7406 10329 10326
f 866 23 5648
f 2282 2281 5918
f 5680 5622 5708
f 778 779 5819
f 2043 5659 5949
f 5329 2592 8254
f 5930 5571 2333
f 5663 5634 5730
f 932 840 887
f 1078 1020 5898
f 122 73 3000
f 5773 5360 5996
f 5360 5773 918
f 1222 5877 1177
f 1077 1125 1182
f 10325 10360 10319
f 5486 270 327
f 5666 5691 1817
f 264 5514 5549
f 878 5817 969
f 128 2786 5361
f 5648 23 5676
f 2746 2747 2785
f 5514 5441 5550
f 10337 10232 10362
f 5933 2333 6015
f 5179 5135 5806
f 5879 5880 5928
f 4519 4792 4798
f 2139 4519 4798
f 5831 5799 5815
f 5798 5799 5831
f 5922 5721 5923
f 5663 5278 370
f 5798 5747 5799
f 5945 5878 5927
f 5620 1617 5691
f 5618 5586 505
f 5721 5278 5730
f 5508 5509 5540
f 5585 5586 5618
f 5585 5540 5586
f 3979 3950 3980
f 5880 5821 1019
f 6901 4505 8796
f 4511 5368 8548
f 3908 10282 4509
f 271 272 330
f 1116 5874 5875
f 1363 1353 5869
f 10386 9722 10250
f 10233 10367 10433
f 2332 2283 5604
f 10340 10406 10409
f 5397 5356 117
f 5355 5356 5397
f 5082 1459 5279
f 2081 2043 2082
f 10235 10240 10295
f 1116 1115 5874
f 1817 864 5277
f 5473 5474 6166
f 5348 5349 5393
f 5433 5393 5473
f 10195 10196 10220
f 5433 5392 5393
f 5315 5314 10060
f 5392 5348 5393
f 5658 5719 5932
f 5778 713 776
f 5397 117 254
f 646 577 5707
f 5536 1167 5994
f 5623 5551 5624
f 5590 5620 5691
f 5487 5450 5488
f 1842 5674 5775
f 328 270 329
f 3918 4008 3334
f 779 719 780
f 7873 7869 8122
f 5711 5651 5712
f 383 321 5595
f 10354 9755 10088
f 2169 2130 4879
f 1783 1452 1883
f 5852 5831 5853
f 10386 10250 10348
f 4583 4058 5239
f 5710 5651 5711
f 5521 2791 274
f 5518 5484 5519
f 5453 5438 5512
f 367 232 3140
f 6012 8039 8040
f 7945 7918 7946
f 1617 1618 1721
f 1230 1231 1282
f 5599 5401 696
f 5599 696 5607
f 5523 5527 5566
f 5588 5688 5719
f 10363 10303 10291
f 5658 5932 5714
f 5661 1843 1743
f 2051 1919 2052
f 10395 10358 10334
f 1304 870 918
f 5832 5801 5876
f 6175 6216 6111
f 3882 5174 4965
f 5615 5647 1771
f 692 2983 3028
f 1277 1222 1177
f 355 801 1636
f 5601 2002 5626
f 129 5440 5479
f 5755 2021 919
f 1615 5412 1799
f 5780 5779 5572
f 10306 6711 10345
f 5277 370 1842
f 5830 5831 5852
f 5735 5710 5736
f 1136 4965 5232
f 2728 10238 10416
f 1238 1186 1288
f 577 517 5680
f 5571 5922 5923
f 1666 1665 5952
f 5232 1304 5773
f 2659 802 5739
f 262 129 263
f 5547 252 2356
f 2768 4638 10438
f 5684 2620 5934
f 5710 5711 5736
f 5547 2356 2401
f 5566 5631 5884
f 5631 5656 5884
f 10340 10341 10407
f 5557 5615 5570
f 5929 1077 1182
f 2141 696 5401
f 5590 5666 5686
f 1176 5893 5924
f 2337 2335 2246
f 8293 6682 8968
f 5830 5814 5831
f 5412 5755 919
f 8569 6840 6871
f 10384 4769 10414
f 931 5835 5858
f 5835 932 5858
f 5445 5407 5446
f 2689 2813 5305
f 5943 1222 1277
f 5871 5851 5872
f 9654 9627 9628
f 802 801 355
f 5490 5993 6006
f 5897 5878 5945
f 5551 5552 5597
f 5733 5708 5734
f 3882 4965 1136
f 5618 564 6272
f 5595 5549 5550
f 1304 582 870
f 4890 1742 2880
f 5622 5649 5708
f 5732 5708 5733
f 2631 2700 5899
f 8217 6416 3083
f 5416 5412 919
f 5601 131 5659
f 4232 7515 8421
f 5390 5346 5391
f 5346 5347 5391
f 5346 5313 5347
f 5313 9998 10030
f 778 719 779
f 8417 8389 8418
f 6539 6502 6540
f 5631 5613 5656
f 2940 2941 2985
f 829 828 5776
f 5897 5818 5878
f 1021 1022 1080
f 10260 2728 10416
f 2590 8664 9020
f 5719 5688 5932
f 744 5401 2145
f 5495 5783 2145
f 802 5783 5739
f 5401 5495 2145
f 2659 5739 5985
f 2145 5783 802
f 5523 5559 2659
f 5559 5523 5588
f 5523 2659 5985
f 5471 2189 2266
f 5412 5416 1799
f 1165 1743 1843
f 5732 5733 5750
f 5750 5733 5751
f 868 5035 5744
f 6304 564 6341
f 5451 5411 2791
f 5411 2708 2791
f 4962 4940 4941
f 1934 1979 2024
f 5191 6012 4124
f 5505 5599 5607
f 7049 7012 8850
f 2624 2657 429
f 5398 5655 3342
f 5655 5439 3342
f 5398 5416 5359
f 878 776 5817
f 7869 7873 8134
f 5613 5631 5652
f 1173 1174 4342
f 5932 5964 5714
f 8863 8826 8827
f 272 5521 274
f 427 5990 8898
f 5408 5409 5447
f 1883 5658 5714
f 5255 5513 5560
f 1883 5714 5661
f 1452 854 5559
f 5825 5810 5826
f 1040 5810 5825
f 5966 303 5887
f 8285 8244 8286
f 10323 10381 10413
f 5416 1920 1799
f 9675 9676 9704
f 1920 1647 1799
f 1020 5858 5898
f 5615 5590 5686
f 5717 5721 5921
f 5549 5514 5550
f 5419 5373 5420
f 6765 6741 6766
f 5419 5420 5462
f 5484 5485 5519
f 272 273 331
f 5678 4666 5844
f 5595 5550 5622
f 4124 6012 7148
f 10346 10351 10354
f 8472 8419 8473
f 2401 5561 5547
f 3973 3974 3997
f 5776 5752 5777
f 1020 973 5858
f 5416 5569 5359
f 5970 5555 5765
f 5555 5652 5896
f 5652 5555 5613
f 3929 4377 1736
f 5661 5714 5358
f 5367 5368 2708
f 1452 5588 5719
f 5608 5278 5721
f 5401 5599 5495
f 5739 5774 5985
f 5527 5523 5985
f 5774 5527 5985
f 5523 5566 5884
f 5515 5444 5516
f 2189 5471 5294
f 5260 1356 1357
f 5968 5929 1182
f 5626 1906 1862
f 2002 2001 5626
f 10396 8335 10437
f 499 123 2512
f 2374 2332 2375
f 10281 7922 10294
f 5994 5967 6017
f 5751 5752 5776
f 5415 5536 6017
f 5420 5373 5421
f 5462 5420 5463
f 5420 5421 5463
f 5496 5462 5463
f 5529 5463 5530
f 4419 8374 7588
f 8545 6641 8546
f 5813 5814 5830
f 6959 5074 10388
f 5850 5851 5871
f 10291 10303 10282
f 5602 5527 5629
f 5555 5657 5613
f 5652 5603 5896
f 1374 2258 3330
f 9225 9226 9254
f 5714 5964 5969
f 5661 5358 5903
f 1883 1452 5719
f 1220 5924 5943
f 5588 1452 5559
f 8914 8883 7179
f 429 431 1172
f 2657 431 429
f 305 2687 430
f 5980 5888 428
f 564 5618 506
f 8212 8213 8249
f 8209 8210 8246
f 4275 4276 4300
f 8389 8390 8418
f 5512 5490 6006
f 919 2021 5294
f 8643 5845 2054
f 5847 2744 8072
f 8786 8726 8787
f 5860 5326 7662
f 5647 5686 5716
f 5421 5374 5422
f 5374 9580 9581
f 5463 5421 5464
f 5421 5422 5464
f 5463 5464 5497
f 5463 5497 5530
f 1167 5536 5513
f 5946 5879 5928
f 5795 5811 5794
f 648 5711 5712
f 5850 5830 5851
f 4295 8256 8869
f 8402 8549 2735
f 5388 5389 5431
f 5306 4099 3976
f 5344 5345 5389
f 5431 5432 6100
f 5311 8009 9909
f 5388 5344 5389
f 5363 5362 10134
f 7843 7831 7844
f 5344 5312 5345
f 5444 4481 5445
f 5655 5398 5359
f 5845 8643 8716
f 713 714 776
f 5451 2791 5489
f 5657 5555 5970
f 5631 5603 5652
f 5479 5440 5441
f 5560 5513 5642
f 5513 5536 5642
f 5924 1222 5943
f 5790 5768 5791
f 5688 5613 5932
f 5588 5523 5884
f 5656 5588 5884
f 5656 5688 5588
f 7500 7374 7497
f 6398 8209 8245
f 5627 5771 5774
f 5739 5627 5774
f 2130 2170 4879
f 5869 5941 1036
f 7971 6088 7998
f 8044 4708 8070
f 5375 5374 9619
f 5422 5375 5423
f 5375 5376 5423
f 5464 5422 5465
f 5422 5423 5465
f 5497 5464 5498
f 5464 5465 5498
f 697 1739 3571
f 2983 2984 3028
f 5818 777 778
f 10244 10376 10416
f 5453 1666 5438
f 5829 5830 5850
f 8285 8286 8316
f 5453 1716 1666
f 6975 6912 6976
f 8320 8288 8359
f 273 274 332
f 5896 5562 5528
f 5553 5520 327
f 5806 807 5583
f 6378 5901 6581
f 8208 2813 8438
f 7593 10301 10408
f 8826 8790 8827
f 5603 5566 5602
f 634 5923 4855
f 5826 5827 5848
f 5826 5811 5827
f 5825 5848 1060
f 5810 5811 5826
f 5825 5826 5848
f 2022 2021 5755
f 5771 5527 5774
f 1286 1182 1287
f 5445 5446 5482
f 5783 5627 5739
f 5618 505 506
f 2624 2687 3958
f 5438 1527 5490
f 5801 765 766
f 5404 5442 5480
f 634 5564 5933
f 1415 5305 8581
f 6702 6667 8495
f 2209 5689 5917
f 5764 5619 5601
f 5376 5334 5377
f 5333 5376 9642
f 5423 5376 5377
f 5465 5423 5466
f 5423 5377 5466
f 5498 5465 5499
f 5465 5466 5499
f 5497 5498 5531
f 5498 5499 5531
f 5457 5513 5557
f 5462 5496 7401
f 8243 8244 8285
f 1213 1171 1563
f 6022 6023 6036
f 129 5403 5440
f 5772 5599 5522
f 2146 802 2659
f 5562 5602 5629
f 8393 8443 8474
f 801 802 2146
f 5929 5880 1077
f 2682 8980 1466
f 704 705 764
f 5531 5575 6192
f 5566 5603 5631
f 2735 5867 8402
f 8318 8319 8357
f 5393 5350 5474
f 2082 2043 5949
f 1526 1527 5952
f 992 1320 9019
f 5447 5409 5448
f 415 758 712
f 5387 5343 5388
f 8474 8443 8534
f 8245 8246 8287
f 4840 500 2616
f 5622 5550 5596
f 5783 5772 5627
f 5735 5736 5753
f 252 5471 2356
f 5294 5471 632
f 1920 5398 3342
f 5416 5398 1920
f 5480 5481 5515
f 5482 5446 5483
f 5835 840 932
f 5450 5411 5451
f 10344 8690 10422
f 9529 9565 9595
f 5466 5377 5424
f 5499 5466 5424
f 5531 5499 5532
f 5499 5424 5532
f 5368 5367 8548
f 5356 2779 5357
f 5356 5357 117
f 8606 8534 8535
f 5818 778 5878
f 2461 2424 2426
f 1743 1883 5661
f 5964 5932 5613
f 8354 8316 8355
f 5657 5964 5613
f 2779 5916 8302
f 5569 960 5370
f 5569 5370 5359
f 115 253 1079
f 4533 4504 8552
f 3757 3190 3881
f 5637 5088 1044
f 5566 5527 5602
f 7874 5899 8257
f 426 425 9751
f 1222 5876 5877
f 5642 1617 5560
f 5334 9643 9670
f 8245 8209 8246
f 5649 5596 5681
f 5345 5313 5346
f 5312 5344 9964
f 2592 8133 8132
f 632 5471 252
f 2356 5471 2266
f 2357 2356 2266
f 8606 8535 8647
f 238 1924 5804
f 5658 1883 5719
f 5488 5489 271
f 8647 8535 8692
f 2375 2332 5930
f 5647 5716 5619
f 5316 10129 10157
f 5709 5710 5735
f 10412 10392 10435
f 5377 5378 5424
f 5532 5424 5500
f 5531 5532 5575
f 5532 5500 5575
f 6192 5609 6228
f 2819 118 117
f 5650 5625 5651
f 5337 9691 9725
f 5482 5483 5518
f 5444 5482 5516
f 8316 8286 8317
f 1063 5852 5853
f 5777 5753 5778
f 5767 5727 5768
f 5597 327 390
f 870 499 2620
f 7225 5537 5612
f 5321 2104 5706
f 2104 5321 5455
f 1968 5088 5637
f 5637 1044 5455
f 878 5778 776
f 5681 5650 5710
f 1881 5225 915
f 5506 5472 5433
f 564 6271 6272
f 4236 3243 4579
f 5808 5790 6505
f 5659 5608 5949
f 2335 5320 5605
f 483 617 696
f 1165 955 1743
f 5877 1068 1177
f 5389 5345 5390
f 5345 5346 5390
f 5780 5572 5608
f 5495 5599 5772
f 960 5294 632
f 919 5294 960
f 919 5569 5416
f 5507 5743 5895
f 159 5507 5895
f 5743 5644 5895
f 974 975 1022
f 1127 1126 1080
f 426 9751 9778
f 5752 5735 5753
f 2246 634 4855
f 5624 5650 5681
f 321 5549 5595
f 1715 1666 1716
f 5443 5444 5481
f 696 617 5607
f 5656 5613 5688
f 5555 5528 5765
f 5980 2590 9020
f 5536 5415 5642
f 5961 5998 7439
f 8692 8778 8820
f 5535 5706 5537
f 5456 5455 5321
f 5640 5611 5641
f 5942 5904 5960
f 1978 2022 5755
f 5474 5350 5475
f 5379 5337 9725
f 5734 5735 5752
f 5773 1304 918
f 2333 2375 5930
f 5405 5406 5443
f 5393 5349 5350
f 5472 5432 5433
f 780 5802 5820
f 5562 5603 5602
f 5431 5389 5432
f 5389 5390 5432
f 5599 5437 5522
f 823 964 1068
f 5495 5772 5783
f 2779 2819 5357
f 5337 5336 9691
f 5378 5425 5424
f 5424 5425 5500
f 5575 5500 5576
f 1326 1277 1327
f 5853 5815 5874
f 5689 2209 5779
f 5444 5445 5482
f 2401 2356 2357
f 8820 8778 8887
f 5800 765 5801
f 764 765 5800
f 5800 5801 5832
f 5853 5831 5815
f 10035 9942 10036
f 854 2659 5559
f 6881 6882 6912
f 10248 4261 10417
f 252 5621 960
f 5535 5537 5797
f 5706 5535 5222
f 5321 5706 5222
f 5737 5637 5455
f 5737 5455 5456
f 3757 3881 4608
f 8886 8887 8918
f 2945 2383 3133
f 8887 8778 8918
f 1114 1063 5873
f 8917 8886 8918
f 2750 2791 2708
f 5893 5832 5876
f 1165 1843 5804
f 5365 4370 5366
f 1114 5871 5872
f 2867 2793 334
f 8975 8917 8976
f 5432 5391 5433
f 5528 5555 5896
f 960 632 252
f 5438 1666 5952
f 4487 5762 4489
f 647 5708 5732
f 5682 583 5712
f 4904 5174 3882
f 8917 8918 8976
f 5378 5337 5379
f 5336 9645 9691
f 5378 5379 5425
f 5500 5425 5501
f 5804 1843 1737
f 8999 8975 9000
f 4153 2139 4798
f 5893 5876 5924
f 2898 5869 3330
f 5874 5815 5875
f 4005 4153 4798
f 8975 8976 9000
f 5277 5775 1817
f 9012 8999 9013
f 8999 9000 9013
f 6584 6585 8335
f 2001 1906 5626
f 484 1105 3499
f 5404 5405 5442
f 8316 8317 8355
f 8389 8354 8390
f 5120 5070 4538
f 8892 8858 8893
f 9012 9013 9029
f 4962 4941 5953
f 5321 5222 5646
f 5456 5321 5646
f 3339 4704 1496
f 1431 5617 6018
f 5812 5796 5813
f 5664 4867 5660
f 2281 5917 5918
f 3988 3960 3961
f 1771 5665 5764
f 5539 5540 5585
f 9388 9412 9441
f 1116 1117 1173
f 8510 6641 8545
f 5255 5560 5620
f 5391 5392 5433
f 5391 5347 5392
f 428 8208 8438
f 5603 5562 5896
f 5507 4487 5854
f 5904 5654 1955
f 10196 2746 10220
f 5379 5380 5425
f 5500 5501 5576
f 5178 5179 5225
f 5747 5798 6475
f 5539 5508 5540
f 5923 634 6015
f 5666 5590 5691
f 6711 10425 10430
f 3918 10368 10428
f 5550 5480 5515
f 5278 131 1842
f 5617 5968 6018
f 5553 327 5597
f 5483 5484 5518
f 5814 5798 5831
f 583 5682 518
f 1216 1368 9020
f 5011 5781 5035
f 8985 8301 8583
f 5873 5853 5874
f 8317 8287 8318
f 5894 5765 5528
f 5797 5598 5700
f 5524 5598 5797
f 5535 5797 5700
f 5700 5222 5535
f 5737 5456 5589
f 4421 5637 5737
f 930 972 5821
f 4000 5191 4124
f 5927 5856 5879
f 5362 5403 10199
f 5813 5796 5814
f 5716 5674 1842
f 5552 5518 5553
f 8256 5568 8869
f 5347 5348 5392
f 5347 5314 5348
f 1090 1032 3343
f 5903 4580 1843
f 2108 2189 5294
f 5437 5599 5505
f 5772 5522 5627
f 5522 5629 5627
f 5771 5627 5629
f 4487 4489 5784
f 5527 5771 5629
f 5616 5507 5854
f 5743 5507 5965
f 5507 5616 5965
f 5644 5743 5770
f 5743 5965 5770
f 5676 5644 5770
f 1642 1602 6833
f 5878 5819 5856
f 2746 2745 10220
f 5425 5380 5426
f 5425 5426 5467
f 5501 5425 5467
f 5576 5501 5577
f 5395 5396 5434
f 5434 5396 5508
f 4552 5318 5351
f 970 5817 1073
f 8972 8973 8998
f 5515 5516 5551
f 5351 5352 5395
f 5960 2129 2168
f 777 717 778
f 5820 5821 5880
f 5734 5709 5735
f 5483 5408 5484
f 647 5707 5708
f 6022 9118 9143
f 7832 7424 7844
f 327 328 391
f 8286 8287 8317
f 6975 8867 6912
f 5664 5660 2616
f 8354 8355 8390
f 5836 5855 8736
f 2590 8438 8704
f 5598 5677 5632
f 5700 5543 5222
f 5543 5413 5222
f 5413 5646 5222
f 5478 5456 5646
f 5456 5478 5589
f 4421 5737 5589
f 5685 1456 4421
f 5968 1286 1287
f 131 5278 5608
f 5409 5410 5449
f 5928 5929 5967
f 3175 506 507
f 5707 5680 5708
f 5516 5517 5552
f 771 5750 5751
f 5927 5879 5946
f 5314 5313 10059
f 8477 6531 8503
f 1040 5825 5824
f 5695 5672 5696
f 5672 5641 5673
f 2127 2082 5949
f 2688 1697 1269
f 3811 252 5547
f 5854 5784 556
f 5380 5338 5381
f 2712 4729 7966
f 5426 5380 5427
f 5380 5381 5427
f 5426 5427 5467
f 5501 5467 5468
f 5501 5468 5577
f 5638 5667 6256
f 5395 5353 5396
f 5352 5353 5395
f 5686 5666 5674
f 5708 5649 5709
f 5487 5488 271
f 1063 5853 5873
f 5723 5692 5724
f 1037 306 5399
f 6818 6848 8767
f 5769 5746 6445
f 5727 5728 5768
f 5677 5591 5563
f 5632 5677 5563
f 5632 5700 5598
f 5413 5478 5646
f 4421 5589 5526
f 4572 5218 5748
f 5481 5444 5515
f 5448 5409 5449
f 5736 5711 648
f 2002 5601 5659
f 5967 5929 5968
f 5709 5681 5710
f 4237 3653 3153
f 5623 5624 5681
f 6022 6021 9118
f 7049 8850 8915
f 4293 4221 4244
f 1934 1935 1979
f 5616 5683 5965
f 5683 5770 5965
f 5879 5820 5880
f 5512 1167 5457
f 5381 5338 5382
f 5338 9726 9727
f 5381 5382 5427
f 5467 5427 5468
f 5577 5468 5578
f 5638 5578 5639
f 5861 5760 5630
f 5775 5666 1817
f 5634 5904 5942
f 5634 5654 5904
f 5634 370 5654
f 7299 4708 8044
f 2213 5960 2168
f 5624 5625 5650
f 9595 9565 9626
f 4294 6241 7933
f 8217 6866 4780
f 5968 1287 6018
f 1060 1003 5825
f 5344 5343 8009
f 5781 5786 6618
f 5632 5565 5544
f 5543 5700 5544
f 5700 5632 5544
f 5494 5413 5543
f 5685 4421 5526
f 5590 5255 5620
f 1783 1883 1743
f 10365 6959 10388
f 5317 4552 5351
f 1368 5980 9020
f 5604 2283 5921
f 5820 5802 5821
f 5104 7321 7211
f 4000 8449 8039
f 5530 5574 6192
f 5727 5695 5728
f 5607 617 5454
f 5616 5594 5683
f 5770 5648 5676
f 2594 2561 3509
f 634 5933 6015
f 5512 6006 1167
f 7299 8044 8470
f 5427 5382 5383
f 5427 5383 5468
f 5468 5533 5578
f 5667 5639 5668
f 5667 5668 5692
f 5174 5164 4965
f 5339 5338 9727
f 5557 5570 5457
f 7856 7479 9378
f 9377 7856 9378
f 10351 10260 10416
f 7420 7421 7431
f 7969 7911 6086
f 5938 1417 8423
f 10245 10235 10405
f 5632 5563 5565
f 5478 5492 5589
f 5589 1926 5526
f 6316 7520 6354
f 8169 6605 9812
f 1167 5967 5994
f 2213 2212 5960
f 5520 5486 327
f 4851 502 2059
f 5394 5351 5395
f 5689 5690 5917
f 5665 5619 5764
f 5519 5485 5520
f 5695 5696 5728
f 5767 5768 5790
f 10306 10319 10431
f 2813 5843 8438
f 6004 1362 9018
f 5504 5561 9785
f 8392 8358 8419
f 6006 5946 1167
f 5704 5690 5780
f 4370 4316 8548
f 5468 5383 5502
f 5468 5502 5533
f 5639 5578 5610
f 5668 5610 5669
f 5639 5610 5668
f 5668 5669 5692
f 5723 5724 6364
f 5538 5539 5584
f 5552 5553 5597
f 5651 5597 518
f 6590 2518 5991
f 7408 7834 9046
f 7500 6241 6111
f 1269 1697 1320
f 430 2687 429
f 6124 6087 7998
f 9000 8942 8977
f 3929 5129 4377
f 7431 4885 9002
f 2520 9958 9986
f 7699 5958 8738
f 5543 5544 5628
f 5494 5543 5628
f 5492 5478 5413
f 5589 5492 1926
f 8927 148 1494
f 6518 1409 5304
f 5651 518 5682
f 5538 5476 5539
f 5946 5967 1167
f 5349 5316 5350
f 8212 7521 8213
f 10256 10361 10418
f 4486 6358 7724
f 5390 5391 5432
f 304 5943 3572
f 5654 5277 864
f 5485 5447 5486
f 1185 1080 1186
f 5843 2813 2689
f 5415 1531 5642
f 7999 3213 10326
f 5643 5683 5594
f 5636 5770 5683
f 5648 5770 5636
f 1771 1716 5570
f 2281 2282 2331
f 5918 5704 5920
f 5946 5928 5967
f 5619 1842 5601
f 7507 7536 7610
f 5382 5340 5383
f 5578 5533 5610
f 5692 5669 5693
f 5724 5692 5725
f 5692 5693 5725
f 5745 5724 5725
f 5394 5395 5434
f 9847 9848 9882
f 7237 7856 7885
f 7443 7408 9045
f 10271 8618 10268
f 7402 7443 9039
f 430 429 1215
f 429 1172 1215
f 7969 6086 6122
f 10394 3918 10428
f 7648 7649 6045
f 4949 6803 7144
f 5369 5565 5563
f 5542 5492 5413
f 5841 5744 5823
f 8216 428 5787
f 5485 5486 5520
f 450 383 451
f 1327 1277 1177
f 5440 5404 5441
f 5789 5748 5633
f 5731 4890 5789
f 5569 919 960
f 8073 8897 10375
f 5691 1617 1721
f 5751 5734 5752
f 4572 5748 5789
f 5805 5567 5754
f 5754 5643 5594
f 5683 5643 5636
f 915 143 1562
f 2281 2280 5917
f 692 2982 2983
f 5730 5634 5942
f 5488 5451 5489
f 5403 5404 5440
f 5645 5925 4931
f 5651 5682 5712
f 1080 1185 1127
f 5601 5626 5764
f 5309 5310 5340
f 4084 4116 7967
f 5383 5340 5384
f 5340 5341 5384
f 5533 5502 5534
f 5533 5534 5579
f 5533 5579 5610
f 5669 5579 5670
f 5610 5579 5669
f 5669 5670 5693
f 5343 5344 5388
f 8356 8318 8357
f 776 777 5818
f 6913 6976 6912
f 8857 8824 8858
f 9708 9709 9770
f 9794 9770 9795
f 7242 7214 9010
f 6953 1172 7263
f 7934 8986 10320
f 2766 8517 7994
f 6087 7970 7998
f 5935 1036 5600
f 8981 8944 8982
f 8944 8945 8982
f 8715 6871 7004
f 5891 3956 8208
f 5565 5369 5554
f 5544 5565 5554
f 5628 5544 5554
f 5542 5413 5494
f 5492 959 1926
f 6017 5967 5617
f 5665 1771 5647
f 7733 7711 9033
f 10258 1496 10289
f 5748 5756 5633
f 5789 5633 5581
f 5789 5581 5731
f 4496 5491 5573
f 5573 5400 4496
f 5733 5734 5751
f 9079 9060 9080
f 5606 5567 5477
f 5567 5606 5754
f 973 931 5858
f 5255 5557 5513
f 5945 5927 5946
f 7918 7919 7946
f 765 706 766
f 246 5645 4931
f 6375 5729 6412
f 5476 5394 5434
f 5574 5531 6192
f 395 333 334
f 5384 5342 5385
f 9420 3959 3985
f 5384 5385 5383
f 5383 5385 5502
f 5579 5640 5670
f 5693 5670 5694
f 5725 5694 5726
f 5693 5694 5725
f 5766 5725 5767
f 5725 5726 5767
f 6473 5766 5790
f 970 969 5817
f 7733 9033 9041
f 7682 5958 7699
f 8823 8824 8857
f 9819 9820 9886
f 1215 1172 6953
f 9033 7711 9034
f 4009 5935 5600
f 5600 1036 5941
f 8715 7004 7039
f 8816 8715 7039
f 5369 5563 5947
f 5628 5621 5494
f 5621 5542 5494
f 959 5492 5542
f 2212 5942 5960
f 5617 5415 6017
f 10242 10287 10293
f 2126 2082 2127
f 8718 6813 8691
f 5687 1632 5919
f 3796 3816 9669
f 5720 5633 5756
f 5633 5720 5581
f 5581 5491 5731
f 5606 5741 5754
f 5454 5643 5754
f 5741 5454 5754
f 5643 5454 5636
f 2212 5730 5942
f 6817 2624 5860
f 5924 5876 1222
f 5752 5753 5777
f 864 1955 5654
f 770 709 5750
f 5584 5618 6272
f 5558 5715 1559
f 2209 2165 5779
f 1431 1531 5617
f 5967 5968 5617
f 5517 5518 5552
f 5777 5778 878
f 887 888 974
f 5502 5385 5503
f 5502 5503 5534
f 5579 5534 5580
f 5579 5580 5640
f 5670 5640 5671
f 5670 5671 5694
f 10439 6506 5809
f 10050 10051 2721
f 8210 6355 8211
f 10372 10358 10395
f 5911 2592 3213
f 5980 8438 2590
f 9915 9916 9938
f 8443 8498 8535
f 8549 5299 2735
f 5568 4009 8869
f 2810 2853 5956
f 8883 7110 7179
f 5359 5369 5947
f 959 5542 5621
f 2189 2190 2266
f 7532 2691 8817
f 2852 8132 8664
f 5720 5756 5855
f 5491 5581 5653
f 5573 5491 5629
f 5437 5606 5477
f 5454 5749 5636
f 10369 10383 10362
f 5721 5780 5608
f 5968 1182 1286
f 828 771 5776
f 5570 5615 1771
f 5448 5487 270
f 5564 634 5582
f 516 452 5622
f 4559 1456 5685
f 5486 5448 270
f 5317 10189 10215
f 5317 10188 10189
f 5385 5386 5428
f 5385 5428 5469
f 5385 5469 5503
f 6129 5470 6130
f 5534 5503 6129
f 5580 5611 5640
f 5671 5640 5672
f 5671 5672 5694
f 784 785 887
f 4686 4765 7215
f 8439 8417 8440
f 8417 8418 8440
f 7214 7242 9025
f 6012 5191 8039
f 5168 5991 8985
f 6770 157 6742
f 5554 5359 5370
f 5359 5554 5369
f 5370 5628 5554
f 960 5621 5628
f 959 3811 1926
f 8163 8164 8207
f 10376 10351 10416
f 4136 8087 8088
f 2335 2379 5320
f 1046 305 306
f 10253 2623 8303
f 2852 2590 8704
f 9751 9720 9778
f 5528 5720 5894
f 5720 5855 5894
f 5720 5528 5581
f 5491 5653 5629
f 5573 5629 5522
f 5400 5573 5522
f 5400 5522 5477
f 5522 5437 5477
f 5437 5505 5606
f 5607 5741 5606
f 5505 5607 5606
f 5607 5454 5741
f 5454 353 5749
f 2791 2750 2830
f 5923 2212 4855
f 5730 2212 5923
f 5917 5690 5918
f 5448 5449 5487
f 5339 9727 9759
f 854 1452 1497
f 5536 5994 6017
f 5614 2378 5863
f 2334 5582 5863
f 227 4867 1396
f 5664 5558 1396
f 5558 246 1396
f 5664 5715 5558
f 5715 5664 2616
f 115 5715 2616
f 5428 5386 5429
f 5254 927 1637
f 5428 5429 5469
f 638 704 5703
f 5429 6056 6095
f 6298 1136 5996
f 1136 5232 5996
f 5640 5641 5672
f 5694 5672 5695
f 5726 5695 5727
f 5694 5695 5726
f 5726 5727 5767
f 10238 2728 10316
f 8364 7997 8175
f 8439 8440 8471
f 8982 8983 2896
f 5980 428 8438
f 6969 6970 7012
f 2771 2854 1218
f 8167 5845 8716
f 8129 8128 7641
f 960 5628 5370
f 959 5621 252
f 3811 959 252
f 1739 3000 3216
f 8699 8729 8790
f 5497 5531 5574
f 5313 10030 10059
f 2590 2852 8664
f 5562 5581 5528
f 5562 5629 5653
f 5581 5562 5653
f 5454 617 353
f 7442 4858 7456
f 4060 5890 5460
f 2288 4060 5460
f 10362 10263 10280
f 7384 7524 7326
f 6749 7231 7802
f 7572 4170 6350
f 7331 6246 7598
f 4515 6973 4254
f 7436 7524 7384
f 7424 7398 7847
f 8254 2681 8832
f 7755 5213 5167
f 4124 7148 6387
f 5248 5247 5214
f 1372 7425 1421
f 7434 7384 7423
f 7324 6670 7525
f 7729 7755 7797
f 7798 5167 7510
f 7755 5167 7798
f 6670 7324 7382
f 6488 8162 6458
f 1795 6061 6590
f 2139 6718 7814
f 7361 1749 211
f 8583 10304 10347
f 6410 6411 6447
f 1126 5898 1080
f 6870 6388 6704
f 6170 1795 5168
f 6153 5235 4727
f 5168 1795 6590
f 6061 1795 4363
f 7569 7577 7937
f 7937 7577 7558
f 4740 3647 4780
f 7474 5452 4357
f 6410 6447 5796
f 7510 4257 1789
f 6682 4427 8167
f 6455 3647 6520
f 4476 5291 6455
f 4476 6455 6520
f 6436 7510 1789
f 6681 6682 8293
f 6423 7395 7383
f 6680 902 6681
f 4427 902 308
f 4427 308 6170
f 308 1795 6170
f 5100 4363 1795
f 6488 6561 6560
f 5792 5769 6474
f 7921 3991 7947
f 4507 902 6680
f 1795 308 5100
f 609 1444 4740
f 4363 609 4740
f 1444 3647 4740
f 3647 1444 2147
f 2147 4724 6520
f 3647 2147 6520
f 10405 10235 10292
f 10350 10327 10430
f 1789 4257 3975
f 5844 4666 6659
f 902 4507 308
f 4363 6053 609
f 5100 6053 4363
f 3763 3223 4724
f 3763 4724 2147
f 4822 4476 4827
f 1595 6659 7265
f 4744 4507 6659
f 1595 4744 6659
f 4507 4744 308
f 2699 1444 2307
f 1444 609 2307
f 2147 2699 5131
f 2699 2147 1444
f 3763 5131 6110
f 3763 2147 5131
f 3223 3763 5014
f 5014 3763 6110
f 6547 1595 7265
f 10337 10283 10149
f 609 6053 6054
f 2307 609 6054
f 3863 2699 2307
f 5131 3863 6925
f 2699 3863 5131
f 6070 6110 6925
f 6110 5131 6925
f 6070 5881 6110
f 10310 10329 10235
f 1744 432 6964
f 4423 5192 6547
f 9049 8336 9050
f 1595 6547 6654
f 308 4744 5100
f 3594 3863 6306
f 6306 3863 2307
f 3594 6109 6925
f 3863 3594 6925
f 6071 6070 6109
f 6109 6070 6925
f 4843 4844 4866
f 10278 10339 10353
f 10283 10254 10398
f 5269 7572 6350
f 4742 1595 6654
f 4295 2704 8256
f 4744 1595 4742
f 4744 6553 5100
f 158 6053 6553
f 6553 6053 5100
f 6054 6053 158
f 2307 6054 2097
f 6306 2097 6418
f 2307 2097 6306
f 1139 3594 6418
f 3594 6306 6418
f 1139 6069 6109
f 3594 1139 6109
f 1405 1742 4890
f 6069 6008 6109
f 7616 6350 7491
f 6654 4505 4742
f 6055 6054 158
f 6054 6055 2097
f 6418 6066 6453
f 2097 6066 6418
f 1314 1139 6453
f 1139 6418 6453
f 6069 1314 6140
f 1139 1314 6069
f 5593 6069 6140
f 1616 4954 5051
f 4742 4505 5077
f 6055 158 7204
f 158 6553 7204
f 6055 6062 2097
f 6066 6062 6274
f 6062 6066 2097
f 6453 6274 6481
f 6066 6274 6453
f 4482 1314 6481
f 1314 6453 6481
f 629 5195 5173
f 5855 4311 10020
f 5077 4505 6901
f 4849 5077 6901
f 4744 4742 5077
f 3655 1560 6553
f 3655 6553 4744
f 6553 1560 7204
f 3532 6055 7204
f 3532 6273 6055
f 6062 6273 6719
f 6062 6055 6273
f 6344 6274 6719
f 6274 6062 6719
f 6481 6344 6587
f 6274 6344 6481
f 6103 4482 6587
f 4482 6481 6587
f 5701 6340 6341
f 6556 2559 3890
f 6396 6355 6397
f 5953 4482 6103
f 4849 6584 7169
f 8796 8335 9464
f 5077 4849 7169
f 3655 4744 5077
f 1560 3532 7204
f 6719 6612 6799
f 6273 6612 6719
f 6548 6344 6799
f 6344 6719 6799
f 6587 6548 6618
f 6344 6548 6587
f 5728 5746 5768
f 6906 6907 8776
f 6285 6318 7522
f 6611 6296 4622
f 6584 4999 7169
f 4999 6584 6797
f 4999 5077 7169
f 6612 6273 6722
f 6799 6722 6900
f 6612 6722 6799
f 6586 6548 6900
f 6548 6799 6900
f 7508 7537 7964
f 6548 6586 6618
f 10233 8303 10419
f 3917 4588 6101
f 4850 4999 6797
f 6613 6722 7038
f 6722 6273 7038
f 6613 6063 6900
f 6722 6613 6900
f 6586 6063 6617
f 6063 6586 6900
f 5469 5470 5503
f 4999 4850 6346
f 5077 4999 6346
f 1969 3655 5077
f 3655 1969 1560
f 1969 3532 1560
f 6380 6419 6273
f 3532 6380 6273
f 6419 6343 7038
f 6419 7038 6273
f 6613 6343 6798
f 6343 6613 7038
f 6720 6063 6798
f 6063 6613 6798
f 6617 6720 5823
f 6617 6063 6720
f 911 4576 4307
f 5594 5805 5754
f 1036 2738 8177
f 5997 6346 4850
f 5077 6346 5147
f 1969 5077 5147
f 6380 3532 1969
f 6380 6307 6419
f 6343 6419 6834
f 6543 6798 6834
f 6798 6343 6834
f 6720 6543 6773
f 6543 6720 6798
f 6720 6773 5823
f 6098 5430 6099
f 6268 6269 6304
f 6099 5430 6100
f 5740 6346 5997
f 6094 6380 1969
f 6094 6307 6380
f 6419 6307 6963
f 6835 6834 6963
f 6834 6419 6963
f 6614 6543 6835
f 6543 6834 6835
f 6773 6614 5840
f 6543 6614 6773
f 6341 564 6342
f 6773 5840 5823
f 6281 6316 6354
f 5796 6447 5814
f 4740 4780 6866
f 30 3186 3795
f 5786 6587 6618
f 3600 5591 7029
f 5972 5740 5997
f 6702 8495 8533
f 4216 6346 5740
f 6346 4216 5147
f 3051 6212 6307
f 3051 6307 6094
f 6307 6212 6963
f 6278 6835 6963
f 6278 834 6614
f 6278 6614 6835
f 6614 834 5840
f 6296 6090 1351
f 6265 6266 6338
f 5387 5388 5430
f 2747 10196 10197
f 2092 618 4448
f 5940 6477 5740
f 6108 6212 3051
f 6963 6108 7035
f 6212 6108 6963
f 5030 6278 7035
f 6278 6963 7035
f 834 5030 6581
f 5030 834 6278
f 834 6581 5840
f 5724 5745 6364
f 4366 7330 7598
f 10066 10033 10067
f 10244 10238 10348
f 7311 7755 6386
f 1922 7428 6107
f 7453 4076 7586
f 5086 5087 5114
f 567 568 5885
f 616 21 3526
f 616 3526 4560
f 5146 3444 7170
f 6477 5940 6930
f 5740 4658 4216
f 4658 5147 4216
f 6451 6094 1969
f 1557 6102 6108
f 1557 6108 3051
f 7035 6102 7279
f 6108 6102 7035
f 6378 5030 7279
f 5030 7035 7279
f 5030 6378 6581
f 2471 6067 1079
f 1405 4496 6068
f 6486 6247 3033
f 264 263 5479
f 7117 7116 863
f 863 6350 4277
f 4229 7540 6559
f 314 2992 375
f 6107 200 6558
f 7632 6669 7733
f 7310 7357 7473
f 7178 4047 7542
f 3444 6365 6366
f 9369 9371 9393
f 9537 9508 9571
f 1969 5147 6451
f 1557 4547 6102
f 4547 6237 7279
f 6102 4547 7279
f 6237 5901 6378
f 6237 6378 7279
f 1459 5082 1109
f 4448 2513 6611
f 7016 7373 7333
f 5461 7016 7333
f 9183 9184 9209
f 7371 7383 7430
f 5291 4816 7736
f 7526 6715 4330
f 7557 7425 7761
f 3860 6319 7575
f 6668 7538 4099
f 4178 6043 4515
f 7179 7110 7153
f 5474 5475 6211
f 7179 7153 7238
f 4477 7470 5915
f 3444 6366 7170
f 6878 8551 8582
f 3051 6094 7037
f 4573 1557 7037
f 1557 3051 7037
f 4547 4573 7173
f 4547 1557 4573
f 6275 6237 7173
f 6237 4547 7173
f 6237 6275 5901
f 5756 5748 4311
f 1616 389 4795
f 6422 6423 7371
f 7358 1055 1451
f 6222 7642 7435
f 10264 10338 10352
f 10001 9914 10002
f 6871 6934 7004
f 7004 6934 7005
f 7039 7005 7040
f 7039 7040 7111
f 7110 7039 7111
f 7110 7111 7153
f 5638 5639 5667
f 5713 6477 6903
f 6477 5713 5740
f 4658 5740 3310
f 6451 1750 6094
f 1750 4791 7037
f 6094 1750 7037
f 4791 4573 7037
f 4791 7147 7173
f 4573 4791 7173
f 6305 6275 7147
f 7147 6275 7173
f 6305 5759 5901
f 6275 6305 5901
f 6136 6100 5472
f 4622 6296 1351
f 7365 4570 7813
f 7016 4258 7373
f 4232 4570 7515
f 6934 6871 6872
f 7005 6872 7006
f 6934 6872 7005
f 7040 7006 7041
f 7005 7006 7040
f 7238 7153 7239
f 1055 608 1451
f 1055 4625 608
f 5860 2624 3958
f 2104 5612 5706
f 9579 6903 6930
f 3310 5740 2265
f 4472 4658 3310
f 5147 4472 4606
f 4658 4472 5147
f 6451 5147 4606
f 4745 7108 7147
f 4791 4745 7147
f 6345 6305 7108
f 7108 6305 7147
f 5759 6305 6345
f 6207 6165 6208
f 6374 6375 6412
f 7373 4258 6247
f 7471 6414 7776
f 2749 3860 4783
f 6561 6729 8469
f 6729 6696 6754
f 6778 6754 6730
f 6729 6754 6778
f 6778 6730 6807
f 6840 6807 6841
f 6778 6807 6840
f 6871 6841 6872
f 6840 6841 6871
f 7111 7040 7112
f 7040 7041 7112
f 7153 7111 7154
f 7111 7112 7154
f 7153 7154 7239
f 4625 7238 7282
f 7238 7239 7282
f 608 4625 7282
f 1968 2228 5088
f 5740 5713 2265
f 6093 6869 4791
f 1750 6093 4791
f 6483 4745 6869
f 6869 4745 4791
f 6483 7071 7108
f 4745 6483 7108
f 6377 6345 7071
f 7071 6345 7108
f 5759 6377 5662
f 5759 6345 6377
f 7495 7330 3033
f 7536 7568 7610
f 805 4030 4665
f 6696 6561 6730
f 6696 6730 6754
f 6807 6730 6808
f 6807 6808 6841
f 6872 6967 7006
f 7041 6967 7042
f 7006 6967 7041
f 7041 7042 7112
f 7239 7154 7240
f 1923 608 7282
f 453 1451 1506
f 7066 7029 5677
f 4476 4822 5291
f 4997 2265 5713
f 2265 4997 3310
f 4472 3310 1137
f 4472 1137 4606
f 6451 4606 4969
f 1750 6451 4969
f 6092 6093 1750
f 6092 6751 6869
f 6093 6092 6869
f 6484 6483 6751
f 6751 6483 6869
f 6484 6867 7071
f 6483 6484 7071
f 6867 6377 7071
f 8031 5914 10326
f 7101 7066 5677
f 7101 5677 5524
f 7568 6738 7610
f 7525 6738 7541
f 7471 4727 6414
f 6625 6560 6561
f 6561 6562 6626
f 6561 6626 6730
f 6808 6730 6809
f 6808 6809 6841
f 6872 6809 6842
f 6841 6809 6872
f 6872 6842 6935
f 6872 6935 6967
f 6967 6935 7007
f 7042 7007 7043
f 6967 7007 7042
f 7112 7043 7113
f 7042 7043 7112
f 7112 7113 7155
f 7154 7112 7155
f 7240 7154 7155
f 7282 7239 7283
f 7239 7240 7283
f 1923 7282 7283
f 917 3533 5151
f 6373 6337 6374
f 4487 5784 5854
f 5148 1137 3310
f 6092 6727 6751
f 6383 6484 6727
f 6727 6484 6751
f 6383 6802 6867
f 6484 6383 6867
f 5662 6377 6802
f 6802 6377 6867
f 4503 4504 4533
f 6233 6234 6268
f 3174 1002 5050
f 3174 5050 5051
f 7730 7541 7731
f 7495 6247 4258
f 6730 6626 6731
f 6809 6731 6810
f 6730 6731 6809
f 6809 6810 6842
f 6842 6873 6935
f 7007 6936 7008
f 6935 6936 7007
f 7043 7008 7044
f 7007 7008 7043
f 7043 7044 7113
f 7283 7240 1923
f 1506 862 5127
f 4436 4022 3525
f 2104 4022 4436
f 1002 3174 3885
f 5195 629 5221
f 3533 5150 5151
f 4997 5148 3310
f 5289 4606 1137
f 4969 4606 5289
f 6684 1750 4969
f 6092 6684 6747
f 6092 1750 6684
f 6692 6727 6747
f 6727 6092 6747
f 6382 6383 6692
f 6692 6383 6727
f 6383 6382 6802
f 5524 5902 7101
f 9704 9705 9738
f 4739 4721 8931
f 4576 4728 1931
f 5088 2228 1555
f 6329 6328 6366
f 4022 4722 3525
f 6365 6329 6366
f 7525 7541 7730
f 6246 1789 3975
f 6561 6488 6562
f 6562 6521 6626
f 6626 6627 6697
f 6626 6697 6731
f 6731 6697 6755
f 6731 6755 6810
f 6935 6873 6936
f 7008 6968 7009
f 6936 6968 7008
f 7044 7008 7045
f 7008 7009 7045
f 7113 7044 7155
f 7155 7180 7212
f 7240 7155 7212
f 7240 7212 1923
f 608 862 1506
f 862 608 1923
f 4114 4479 6845
f 2769 3627 5284
f 5838 5545 4528
f 6804 4997 5838
f 6804 5838 4528
f 5148 4997 6804
f 6214 5289 1137
f 4969 6214 4585
f 5289 6214 4969
f 6684 4969 4585
f 6693 6692 6747
f 5126 6382 6693
f 6382 6692 6693
f 5126 5760 6802
f 6382 5126 6802
f 6060 6068 6611
f 5702 5701 6342
f 618 4726 6649
f 6165 5472 5506
f 8570 8496 8605
f 6601 7324 7731
f 6032 6033 6075
f 5235 6153 4146
f 6074 6075 6112
f 6044 6319 3907
f 1065 4852 5063
f 5592 5713 6903
f 2520 2560 9958
f 4436 7224 2104
f 6265 6206 6266
f 7396 7450 6637
f 7349 6031 6706
f 7514 5235 4146
f 6562 6488 6521
f 6626 6591 6627
f 6521 6591 6626
f 6697 6627 6698
f 6755 6698 6756
f 6697 6698 6755
f 6755 6756 6810
f 6842 6810 6843
f 6842 6843 6873
f 6873 6843 6905
f 6873 6905 6936
f 6936 6905 6968
f 7009 6968 7010
f 7045 7010 7046
f 7009 7010 7045
f 7044 7045 7078
f 7045 7046 7078
f 7044 7078 7114
f 7044 7114 7155
f 7155 7114 7180
f 1923 7212 7263
f 1172 3390 7263
f 3390 862 1923
f 862 7590 7591
f 1742 4685 4540
f 10405 3568 10432
f 9599 9600 9630
f 2401 2478 5561
f 4585 6415 6684
f 6415 6091 6747
f 6684 6415 6747
f 6091 6661 6693
f 6091 6693 6747
f 6661 5126 6693
f 6955 6954 9758
f 6340 6304 6341
f 2376 2333 5933
f 7324 7730 7731
f 4756 6407 8928
f 6033 6020 6034
f 6020 9085 9098
f 6075 6033 6034
f 6112 6075 6113
f 6075 6034 6113
f 6175 6112 6176
f 6112 6113 6176
f 6608 2649 6615
f 7598 7330 7331
f 6488 6459 6521
f 6627 6591 6628
f 6698 6628 6663
f 6627 6628 6698
f 6698 6663 6732
f 6698 6732 6756
f 6810 6756 6843
f 6843 6874 6905
f 6905 6874 6937
f 6905 6937 6968
f 7010 6937 7011
f 6968 6937 7010
f 7010 7011 7046
f 7078 7046 7079
f 7078 7079 7114
f 7180 7114 7181
f 7212 7180 7213
f 7180 7181 7213
f 7212 7213 7241
f 6276 246 6958
f 9024 7241 9025
f 2851 2704 1273
f 4927 7404 7184
f 7304 4101 4223
f 4421 1456 4560
f 4529 4360 3726
f 5766 5767 5790
f 6804 4528 6159
f 5148 6804 6159
f 6168 1137 5148
f 6214 6168 6552
f 1137 6168 6214
f 4585 6552 7260
f 4585 6214 6552
f 6105 6415 7260
f 6415 4585 7260
f 6091 6105 6999
f 6105 6091 6415
f 1164 6661 6999
f 6661 6091 6999
f 1164 2014 5126
f 1164 5126 6661
f 2014 5630 5760
f 5126 2014 5760
f 7370 7695 7672
f 7423 6671 7451
f 7347 7386 7516
f 6034 6021 6035
f 321 320 5549
f 6034 6035 6076
f 6113 6034 6076
f 6113 6076 6146
f 6176 6113 6177
f 6113 6146 6177
f 6175 6176 6177
f 2056 4636 2292
f 6175 6177 6244
f 6328 6329 6448
f 4360 1600 3726
f 7370 7596 7695
f 6459 6460 6521
f 6521 6522 6591
f 6843 6756 6811
f 6843 6811 6874
f 6874 6875 6937
f 7046 7011 7047
f 7046 7047 7079
f 7181 7115 7182
f 7114 7115 7181
f 7213 7182 7214
f 7181 7182 7213
f 7242 9010 9026
f 7213 7214 7241
f 8618 10324 10245
f 3154 1409 6518
f 9919 9703 9943
f 6126 5889 7469
f 7415 5758 7672
f 6552 7234 7260
f 4331 6105 7234
f 7234 6105 7260
f 4331 3684 6999
f 6105 4331 6999
f 3684 1164 6999
f 2594 3509 9873
f 1351 5805 4338
f 4149 6846 4114
f 836 883 1863
f 4309 7630 4303
f 2703 3813 7235
f 6531 6495 6569
f 6021 6020 9098
f 6076 6035 6077
f 6076 6077 6114
f 6146 6076 6114
f 6177 6146 6178
f 6146 6114 6178
f 6177 6178 6217
f 6177 6217 4946
f 7233 6862 6448
f 3337 2306 1551
f 6424 6459 8207
f 6521 6460 6522
f 6628 6591 6629
f 6663 6629 6664
f 6628 6629 6663
f 6732 6664 6733
f 6663 6664 6732
f 6732 6733 6756
f 6756 6733 6779
f 6756 6779 6811
f 6874 6811 6875
f 6937 6875 6938
f 7011 6938 6969
f 6937 6938 7011
f 7011 6969 7047
f 7079 7047 7080
f 7081 7049 8915
f 7079 7080 7114
f 7115 7081 8939
f 7214 7182 8997
f 2439 630 4752
f 7545 8336 9049
f 2682 1466 5956
f 1002 1450 5050
f 5050 1450 5080
f 7349 6911 1425
f 6552 6168 7175
f 7175 7210 7234
f 6552 7175 7234
f 4521 4331 7210
f 7210 4331 7234
f 3684 4521 6748
f 3684 4331 4521
f 6748 2014 1164
f 3684 6748 1164
f 4783 7717 7582
f 7481 6927 7717
f 7512 7327 9003
f 8174 8126 6249
f 4279 7773 7796
f 6637 6783 7396
f 7167 7137 7138
f 6035 6021 6036
f 6021 9098 9118
f 6077 6035 6078
f 6035 6036 6078
f 6114 6077 6115
f 6077 6078 6115
f 6114 6115 6147
f 6178 6114 6147
f 6217 6178 6218
f 6178 6147 6218
f 4946 6217 6245
f 6217 6218 6245
f 6862 6796 7200
f 4866 3223 5014
f 7224 7167 7225
f 6796 6862 7233
f 6389 6352 6390
f 6424 6425 6460
f 6389 6390 6425
f 6460 6425 6489
f 6522 6489 6523
f 6460 6489 6522
f 6522 6523 6563
f 6591 6563 6592
f 6522 6563 6591
f 6591 6592 6629
f 6664 6665 6733
f 6875 6811 6906
f 6875 6906 6938
f 6938 6906 6969
f 7047 6969 7048
f 7080 7048 7081
f 7047 7048 7080
f 4269 6715 7586
f 7475 7761 7793
f 1922 6559 7809
f 9386 9334 9359
f 6257 6258 5699
f 4528 6258 7069
f 5699 6258 4528
f 6159 4528 7069
f 5148 6159 7145
f 6159 4079 7145
f 6686 6168 7145
f 6168 5148 7145
f 7175 6686 7207
f 6168 6686 7175
f 7207 4830 7210
f 7175 7207 7210
f 4691 4521 4830
f 4830 4521 7210
f 4691 2289 6748
f 4521 4691 6748
f 6748 2289 2014
f 6818 6785 6819
f 7300 7475 7636
f 6436 1789 6386
f 6703 6005 7756
f 6806 3890 1208
f 6036 6023 6037
f 6078 6036 6079
f 6036 6037 6079
f 6078 6079 6115
f 6147 6115 6148
f 6147 6148 6179
f 6218 6147 6179
f 6245 6218 6179
f 4619 5022 6479
f 6245 6179 6280
f 4764 6353 6352
f 6390 6352 6391
f 6352 6353 6391
f 6425 6390 6426
f 6390 6391 6426
f 6425 6426 6461
f 6489 6461 6490
f 6425 6461 6489
f 6489 6490 6523
f 6563 6523 6524
f 6592 6563 6593
f 6563 6524 6593
f 6629 6593 6594
f 6592 6593 6629
f 6664 6594 6665
f 6629 6594 6664
f 6733 6665 6734
f 6779 6734 6780
f 6733 6734 6779
f 6779 6780 6811
f 6811 6780 6812
f 6811 6812 6906
f 7048 6969 7049
f 7012 8818 8850
f 2649 199 6551
f 9333 9284 9334
f 10256 10272 10361
f 7000 6159 7069
f 4079 6159 7000
f 6721 6686 7145
f 7207 6721 7232
f 6686 6721 7207
f 6238 4830 7232
f 4830 7207 7232
f 4691 6238 6832
f 4691 4830 6238
f 6583 2289 6832
f 2289 4691 6832
f 2289 6583 2014
f 6583 3923 2014
f 1046 3958 305
f 3890 6485 1208
f 6806 7151 7379
f 7099 7063 7137
f 199 2649 6598
f 6037 6023 6038
f 9048 8334 9049
f 6079 6037 6080
f 6037 6038 6080
f 6115 6079 6116
f 6079 6080 6116
f 6115 6116 6148
f 6315 6354 4764
f 6391 6353 6392
f 6426 6391 6427
f 6391 6392 6427
f 6426 6427 6461
f 6490 6461 6491
f 6523 6491 6524
f 6490 6491 6523
f 6593 6524 6594
f 6665 6594 6630
f 6734 6630 6699
f 6665 6630 6734
f 6734 6699 6757
f 6734 6757 6780
f 6780 6757 6812
f 6844 6781 8718
f 6844 8718 6907
f 6970 6906 8818
f 6969 7012 7049
f 7461 7475 7300
f 7459 7728 7735
f 5762 4343 7226
f 7099 7028 7063
f 4487 4343 5762
f 8211 7521 8212
f 6582 6060 6611
f 3308 3174 4954
f 4724 4834 6520
f 5728 5696 6330
f 3861 6258 10318
f 7489 7609 9037
f 4079 7000 7209
f 7145 4079 7203
f 7203 4079 7209
f 6962 6721 7203
f 6721 7145 7203
f 7232 6962 7258
f 6721 6962 7232
f 6687 6238 7258
f 6238 7232 7258
f 6687 6683 6832
f 6238 6687 6832
f 6683 6583 6832
f 9871 5837 5761
f 1351 4338 4622
f 6926 4473 4334
f 4746 4291 5078
f 1208 6485 6555
f 6116 6080 6117
f 6148 6116 6117
f 6148 6117 6180
f 6179 6148 6219
f 6148 6180 6219
f 6280 6179 6281
f 6179 6219 6281
f 6315 6281 6354
f 6392 6353 6393
f 6353 6354 6393
f 6427 6392 6428
f 6392 6393 6428
f 6461 6428 6462
f 6427 6428 6461
f 6461 6462 6491
f 6594 6564 6565
f 6524 6564 6594
f 6594 6565 6630
f 6812 6757 6781
f 6812 6781 6844
f 7680 7458 7792
f 2616 76 115
f 6135 6099 6136
f 6099 6100 6136
f 6135 6136 6164
f 6205 6164 6206
f 10297 10294 10257
f 10294 7922 10290
f 6264 6205 6265
f 6205 6206 6265
f 6335 6264 6336
f 6372 6335 6373
f 6335 6336 6373
f 6372 6373 6411
f 4495 4003 10402
f 7074 7000 7069
f 7000 7074 7209
f 7202 7203 7209
f 6998 6962 7202
f 7202 6962 7203
f 7258 6998 7281
f 6962 6998 7258
f 5273 6687 7281
f 6687 7258 7281
f 5273 3888 6683
f 5273 6683 6687
f 6683 3888 6583
f 709 647 5732
f 6447 6412 6475
f 6806 1208 7076
f 7151 7076 7211
f 6806 7076 7151
f 6038 6024 6039
f 6024 6023 9163
f 6080 6038 6081
f 6038 6039 6081
f 6117 6080 6081
f 6180 6117 6181
f 6180 6181 6219
f 6281 6219 6282
f 5914 8581 2680
f 9129 9105 9130
f 5029 5049 4361
f 6393 6354 6394
f 6428 6393 6429
f 6393 6394 6429
f 6428 6429 6462
f 6491 6462 6463
f 6491 6463 6524
f 6564 6463 6565
f 6524 6463 6564
f 6757 6699 6758
f 6757 6758 6781
f 7304 7560 4860
f 6256 5667 6295
f 5984 5919 1632
f 4115 4081 911
f 5525 5857 5511
f 7081 8915 8939
f 6008 4914 6071
f 618 6649 4448
f 4081 3308 4395
f 6286 5676 1093
f 6649 2513 4448
f 6259 6725 6258
f 3861 6259 6258
f 6725 7201 7069
f 6258 6725 7069
f 7201 7074 7069
f 7209 7074 7177
f 7107 7202 7209
f 7107 7209 7177
f 7034 6998 7107
f 7107 6998 7202
f 7034 1933 7281
f 6998 7034 7281
f 5273 1933 6311
f 1933 5273 7281
f 3888 5273 6311
f 5525 6583 3888
f 6395 6354 6396
f 5238 1744 6478
f 6813 8604 8645
f 7029 5591 5677
f 10247 10342 10423
f 5914 1415 8581
f 4637 7106 7200
f 1208 6555 6621
f 1208 6621 7076
f 7076 6621 5083
f 6024 6025 6039
f 6117 6081 6149
f 6181 6117 6149
f 6219 6181 6282
f 6394 6354 6395
f 6429 6394 6430
f 6394 6395 6430
f 6462 6429 6463
f 6429 6430 6463
f 6463 6525 6565
f 6565 6525 6595
f 6630 6595 6631
f 6565 6595 6630
f 6699 6631 6700
f 6630 6631 6699
f 6699 6700 6735
f 6758 6735 6759
f 6699 6735 6758
f 6758 6759 6781
f 200 7428 4927
f 8778 8779 8851
f 8030 7993 7336
f 8387 8617 8795
f 6209 6210 6235
f 9849 9790 9850
f 2649 6551 6582
f 7697 8404 8405
f 6551 6239 6582
f 6206 6207 6233
f 4636 10297 2292
f 7149 7074 7201
f 7074 7149 7177
f 6868 7107 7177
f 7034 6868 7070
f 6868 7034 7107
f 2849 1933 7070
f 1933 7034 7070
f 1933 2849 6311
f 5525 3888 5857
f 6337 6265 6338
f 4486 7724 7705
f 2738 2593 8177
f 6796 4637 7200
f 7691 7243 7739
f 6209 5506 6210
f 4726 3627 6615
f 5070 5120 5145
f 6039 6026 6040
f 6025 6026 6039
f 6081 6039 6040
f 6081 6040 6118
f 6149 6081 6150
f 6081 6118 6150
f 6181 6149 6220
f 6149 6150 6220
f 9565 9627 9654
f 9671 9653 9654
f 6282 6283 6316
f 5786 5763 6103
f 6430 6395 6431
f 6430 6431 6463
f 6525 6463 6526
f 6525 6526 6595
f 6700 6666 6701
f 6631 6666 6700
f 6700 6701 6735
f 6735 6701 6759
f 4206 6049 873
f 6671 7396 7451
f 5962 7653 7573
f 4637 1744 7106
f 10063 10131 10163
f 5506 6166 6210
f 6848 6818 6849
f 2649 2211 6615
f 6090 5400 1351
f 6300 6262 6301
f 6262 6231 6232
f 4795 3308 4954
f 4559 4529 1456
f 4559 4360 4529
f 2286 4360 9903
f 151 4360 4559
f 6680 6681 8293
f 8288 8321 8359
f 8576 8477 8577
f 6689 6725 6861
f 6725 6259 6861
f 6725 6689 7201
f 7149 7150 7177
f 6836 6868 7150
f 7150 6868 7177
f 6836 5000 7070
f 6868 6836 7070
f 1253 2849 5000
f 5000 2849 7070
f 6311 1253 3888
f 2849 1253 6311
f 5496 5463 5529
f 4281 6358 6876
f 5439 5655 4456
f 8438 5843 8704
f 6095 6056 6096
f 6621 4702 6694
f 4702 742 6694
f 6621 1720 5083
f 1720 6621 6694
f 5430 5431 6100
f 6040 6026 6041
f 6026 6027 6041
f 6150 6118 6182
f 6220 6150 6221
f 6150 6182 6221
f 6220 6221 6283
f 6478 4637 7073
f 1450 1002 3885
f 6431 6395 6432
f 6395 6396 6432
f 6463 6431 6464
f 6431 6432 6464
f 6463 6464 6492
f 6463 6492 6526
f 6595 6527 6596
f 6526 6527 6595
f 6595 6596 6631
f 6631 6596 6666
f 3860 7575 7677
f 7552 7535 6031
f 7556 7582 7723
f 5859 5857 3888
f 4496 1405 4890
f 6199 6200 6229
f 5534 6161 6199
f 6260 6230 6261
f 5534 6129 6161
f 6229 6200 6230
f 6199 6161 6200
f 6331 6369 6368
f 6300 6301 6333
f 6262 6232 6301
f 6331 6299 6332
f 6332 6300 6333
f 6229 6230 6260
f 6299 6300 6332
f 6299 6260 6300
f 6260 6261 6300
f 6331 6332 6369
f 6231 6202 6232
f 6131 6132 6162
f 6202 6162 6232
f 6095 6096 6132
f 6056 6057 6096
f 8997 8998 9011
f 6131 6095 6132
f 4637 6796 7176
f 2287 1450 3885
f 7609 7402 9037
f 6689 7172 7201
f 7172 7149 7201
f 7150 7149 7109
f 5270 6836 7109
f 6836 7150 7109
f 6297 5000 5270
f 5270 5000 6836
f 1253 5000 6297
f 9376 4031 10022
f 4081 1742 2106
f 2287 3885 4307
f 6454 742 4702
f 4340 1720 6694
f 6040 6041 6082
f 6118 6040 6119
f 6040 6082 6119
f 6118 6119 6182
f 6284 7522 6283
f 6221 6182 6283
f 1931 2287 4576
f 6432 6396 6433
f 6432 6433 6464
f 6492 6464 6493
f 6526 6493 6527
f 6492 6493 6526
f 6666 6632 6667
f 6596 6632 6666
f 6666 6667 6701
f 6284 6285 7522
f 4206 873 7381
f 4390 7264 7625
f 7374 7335 7587
f 7500 7497 7933
f 7735 4147 7748
f 7309 6624 4065
f 7542 4047 4693
f 6368 6369 6445
f 432 4152 6928
f 6474 6445 5793
f 5795 5796 5812
f 432 4947 4152
f 1093 5238 6478
f 6326 5286 6648
f 6326 6648 6991
f 2626 9018 1267
f 2287 4307 4576
f 6796 6831 7176
f 4728 4964 1931
f 9047 7832 9048
f 5074 4794 6861
f 4647 5074 6861
f 4794 4712 6689
f 6861 4794 6689
f 4712 5023 7172
f 4712 7172 6689
f 5023 7259 7149
f 7172 5023 7149
f 7149 7259 7109
f 5270 6139 6297
f 1262 1253 6297
f 6139 1262 6297
f 1253 1262 3888
f 5919 5984 5996
f 1148 65 4572
f 5432 5472 6100
f 911 3886 4576
f 4448 6611 4622
f 4964 4728 6051
f 6329 6365 7168
f 3773 742 6454
f 5173 6694 742
f 3773 5173 742
f 422 479 141
f 6041 6027 6042
f 6027 6028 6042
f 6041 6042 6082
f 6119 6082 6120
f 6182 6119 6183
f 6283 6182 6284
f 6051 4728 6239
f 6433 6396 6434
f 6396 6397 6434
f 6464 6433 6465
f 6433 6434 6465
f 6464 6465 6493
f 6466 8316 8354
f 6493 6465 6527
f 6596 6528 6597
f 6527 6528 6596
f 6632 6597 6633
f 6596 6597 6632
f 6632 6633 6667
f 7452 3887 7501
f 7595 7457 7710
f 6436 6386 7798
f 6801 6909 7597
f 4245 7524 7436
f 7870 7325 7905
f 6084 6636 7607
f 10136 10065 10137
f 5525 5944 6583
f 3907 4148 6014
f 5022 7351 6479
f 4112 6672 6660
f 9047 9048 9072
f 3976 4099 7615
f 2179 4409 3608
f 4152 3770 6928
f 4465 5286 7068
f 3770 4996 6928
f 4465 4996 3770
f 6648 6957 6991
f 6991 6957 7140
f 5286 6326 7068
f 7140 5007 7274
f 6957 5007 7140
f 7254 4361 7274
f 5007 7254 7274
f 6678 6859 6858
f 6960 6329 7168
f 7073 4637 7176
f 4794 5074 6993
f 5074 6959 6993
f 4313 5023 4712
f 4313 7208 7259
f 5023 4313 7259
f 4970 7109 7259
f 7208 4970 7259
f 5270 4970 7230
f 4970 5270 7109
f 6139 5270 7230
f 3888 1262 5954
f 6239 6060 6582
f 2092 4448 4622
f 6051 6239 6551
f 1243 6173 4689
f 6329 6960 6831
f 3531 3773 6454
f 3773 629 5173
f 6412 5747 6475
f 10198 10165 10199
f 6845 1318 6877
f 6119 6120 6151
f 6183 6119 6184
f 6119 6151 6184
f 10132 10064 10133
f 6598 2649 6608
f 6434 6397 6435
f 6398 6397 8209
f 6397 6398 8243
f 4558 5269 7762
f 7762 5269 7616
f 6466 6435 8285
f 6528 6465 8354
f 7688 7676 7740
f 7740 7676 7739
f 9333 9334 9386
f 6044 3907 7629
f 4958 4934 4959
f 7085 7018 7086
f 7118 7086 7119
f 7085 7086 7118
f 7118 7119 7158
f 7158 7119 7185
f 5234 7185 4994
f 5021 5234 4994
f 5021 4994 5047
f 7305 7289 7812
f 7491 6350 863
f 1719 3450 4569
f 809 4971 5075
f 4435 4449 2179
f 4449 4409 2179
f 4435 2179 4943
f 4435 4943 3095
f 3095 2918 4002
f 3811 5547 5504
f 3627 3121 6608
f 7166 7136 7167
f 3121 6598 6608
f 3627 2769 3106
f 4151 3932 4574
f 6376 4712 4794
f 4313 4712 6376
f 4599 4970 7208
f 4599 2775 7230
f 4970 4599 7230
f 6169 6139 7230
f 2775 6169 7230
f 1632 1262 6139
f 1632 6139 6169
f 1262 1632 5954
f 4641 4217 7703
f 3121 3627 3106
f 3106 2769 7226
f 2769 5762 7226
f 2425 6577 6578
f 6173 2425 4689
f 6365 4689 7168
f 3773 3531 5271
f 3531 927 5271
f 629 3773 5271
f 9914 9966 10002
f 1358 3525 4722
f 7858 9400 9423
f 5024 2017 4538
f 6736 6782 7771
f 6556 7431 7440
f 2294 4210 4239
f 4052 2712 7966
f 7018 6974 6975
f 7018 6975 7086
f 4994 7185 7286
f 5047 4994 180
f 835 3419 5047
f 835 5047 180
f 10330 10415 10424
f 6222 7600 7706
f 4971 3574 5075
f 3574 4971 5072
f 1302 1500 4445
f 1347 2228 1816
f 3525 1358 5025
f 7136 7137 7167
f 7136 7099 7137
f 9026 9010 9027
f 4003 4794 6993
f 6376 4794 6898
f 2349 4313 6376
f 2349 6194 7208
f 4313 2349 7208
f 2775 4599 6194
f 6194 4599 7208
f 4949 4878 6685
f 8946 8947 2477
f 6411 6412 6447
f 65 1148 4577
f 709 5732 5750
f 6544 6545 6865
f 6544 6215 6545
f 6577 78 6578
f 64 205 1510
f 1637 927 6444
f 5271 927 6313
f 4314 629 5271
f 4314 5271 6313
f 6411 6374 6412
f 8317 8318 8356
f 7253 7224 206
f 6152 7362 7599
f 712 758 1695
f 7453 6348 4076
f 6016 8738 10317
f 1271 1877 1322
f 4858 4841 7456
f 7086 7052 7119
f 7119 7120 7185
f 7286 7216 7287
f 7185 7216 7286
f 31 4994 7287
f 4994 7286 7287
f 4994 31 180
f 5073 4259 4253
f 7096 7059 7097
f 7194 7195 7223
f 1500 1302 1151
f 1968 1350 2228
f 2228 1350 1816
f 5556 5414 9029
f 2288 3083 6416
f 5497 5574 5530
f 6227 6192 6228
f 5722 3888 5954
f 4794 4495 6898
f 4003 4495 4794
f 6242 6376 6898
f 6242 2349 6376
f 6194 2349 6195
f 4459 2775 6195
f 2775 6194 6195
f 4459 6723 2775
f 6723 1632 2775
f 6475 5798 5814
f 6210 5474 6211
f 4572 4540 1148
f 205 248 7438
f 9883 9884 9915
f 6193 6215 6544
f 9883 9849 9884
f 5254 1637 6420
f 5253 927 5254
f 4276 4252 8224
f 10146 2718 2717
f 5890 2772 5460
f 7416 135 7417
f 5725 5766 5745
f 21 4587 3526
f 6193 4450 6215
f 882 4450 6193
f 7197 7224 7253
f 5786 6103 6587
f 9790 9763 9850
f 6363 5723 6364
f 4269 7485 6966
f 2559 7440 7476
f 6386 7755 7798
f 9652 9653 9671
f 388 7347 7516
f 7244 6911 6927
f 6636 6312 7803
f 7364 4147 7728
f 7369 7352 7665
f 6399 2619 6939
f 7119 7052 7120
f 7185 7120 7186
f 7216 7185 7187
f 7185 7186 7187
f 482 31 7287
f 31 482 180
f 928 835 180
f 1344 4377 835
f 4366 7264 7646
f 5673 5641 6229
f 4560 3526 4586
f 23 1093 5676
f 5232 5773 5996
f 10316 2728 1042
f 4844 3223 4866
f 6295 5692 5723
f 5759 5806 5901
f 5829 5813 5830
f 4505 6654 8796
f 6242 6898 7171
f 4929 2349 6242
f 2349 4929 6195
f 4459 6195 7075
f 5984 6723 7075
f 6723 4459 7075
f 4560 1968 5637
f 6336 6337 6373
f 3999 4577 4972
f 5253 5254 5252
f 2211 2513 6649
f 2021 2022 5294
f 4587 3930 3477
f 6065 291 41
f 4088 1161 7664
f 291 6065 1598
f 1598 135 291
f 1637 135 4609
f 135 1598 4609
f 6420 1637 5293
f 1637 4609 5293
f 248 307 5274
f 3917 556 4588
f 4728 3886 1305
f 1319 7242 9026
f 1079 886 2471
f 7135 7062 7136
f 7135 7136 7166
f 7197 7166 7167
f 7197 7167 7224
f 206 3525 5025
f 4538 4197 5120
f 6927 7517 7723
f 4257 4366 3975
f 7412 6774 7750
f 9651 9626 9652
f 7489 7348 7609
f 6639 1464 6014
f 6639 7692 7693
f 2749 4783 7556
f 7754 5248 7729
f 7298 6030 4047
f 7398 6705 7847
f 7120 7052 7121
f 7120 7121 7186
f 7216 7187 7245
f 7216 7245 7266
f 7216 7266 7287
f 482 7287 7266
f 835 928 5001
f 1344 835 5001
f 7738 7546 6347
f 7096 7097 7132
f 4358 6557 1589
f 7162 7132 7163
f 7544 7512 7546
f 4280 7331 7330
f 8425 5986 1365
f 6318 6285 8074
f 3958 2687 305
f 8090 8119 8512
f 1507 4495 6408
f 4495 6407 6408
f 1507 7171 6898
f 4495 1507 6898
f 4610 6242 7171
f 4610 4928 4929
f 4610 4929 6242
f 6195 4929 6196
f 4929 4928 6196
f 6196 7036 7075
f 6195 6196 7075
f 7036 5984 7075
f 6373 6374 6411
f 1405 2106 1742
f 3917 6101 4338
f 5292 5276 5293
f 5594 5854 3917
f 5667 5692 6295
f 2228 1347 1555
f 4587 21 3930
f 2856 3477 1600
f 1358 4722 1347
f 4609 1598 2471
f 5859 5948 5857
f 9371 9345 9372
f 4560 4586 1968
f 1968 4586 1350
f 3593 2398 5049
f 6514 6515 2398
f 2398 3593 6514
f 7629 3907 6014
f 6814 2678 8737
f 4693 7630 7542
f 2749 7692 3907
f 4619 7412 7751
f 6880 7556 7723
f 5186 6320 6599
f 7796 7753 7809
f 6043 7326 4515
f 6953 7263 9024
f 7330 4366 7205
f 6486 7330 7015
f 6085 7430 7706
f 6285 6182 8074
f 7263 7212 9024
f 6636 6084 7400
f 9653 9565 9654
f 7052 6977 7053
f 10103 10163 10196
f 7121 7053 7122
f 7052 7053 7121
f 7186 7122 7187
f 7121 7122 7186
f 180 482 5123
f 482 3398 5123
f 928 180 5123
f 7566 7369 7665
f 7644 7511 7513
f 10333 5883 10380
f 7430 6222 7706
f 1507 6408 6409
f 1747 4610 6317
f 6317 4610 7171
f 4610 3902 4928
f 1747 3902 4610
f 6196 3902 6197
f 4928 3902 6196
f 6197 7001 7036
f 6196 6197 7036
f 7001 5984 7036
f 5491 4496 5731
f 6174 5715 116
f 1555 1347 4722
f 6065 1409 6650
f 1598 6065 6549
f 6549 6065 6650
f 6067 1598 6549
f 4316 10227 10208
f 3084 3151 3391
f 4540 4395 3931
f 6336 6264 6337
f 2513 6582 6611
f 3477 1254 4587
f 4992 4002 3527
f 6073 4992 3527
f 7311 7729 7797
f 7488 4203 7347
f 1976 6387 7606
f 7363 7556 6880
f 7692 7363 7693
f 6531 6469 6495
f 6495 6570 6603
f 3928 6016 10317
f 5885 5702 6342
f 7709 7455 7595
f 7615 4099 7538
f 6881 6849 6882
f 6881 6912 8867
f 6976 6913 6977
f 7122 7053 7123
f 7122 7123 7187
f 7187 7217 7245
f 7266 7217 7246
f 7245 7217 7266
f 482 7246 3398
f 7266 7246 482
f 3708 928 5123
f 5001 928 4659
f 5001 3400 1344
f 7205 6726 7015
f 4168 4169 4196
f 4406 4204 4485
f 6777 6728 7051
f 7580 7264 7637
f 7051 6728 6359
f 4230 4356 6405
f 5036 5012 5037
f 7361 4364 7572
f 7646 7264 7580
f 7645 7644 7513
f 7302 1270 7712
f 5907 2703 7235
f 4727 6400 6414
f 4527 5907 7235
f 7692 4148 3907
f 7800 7651 7650
f 4570 4232 4684
f 7371 6423 7383
f 7030 6409 7277
f 7847 7834 7611
f 3706 1507 7030
f 1507 6409 7030
f 3706 7142 7171
f 1507 3706 7171
f 7142 6317 7171
f 3902 1747 4743
f 6197 4743 6772
f 3902 4743 6197
f 6772 6965 7001
f 6197 6772 7001
f 6298 5984 7001
f 6965 6298 7001
f 6298 5996 5984
f 6206 6233 6266
f 2513 2211 6582
f 6067 2471 1598
f 1409 3154 6650
f 6656 6549 6650
f 6656 6650 6800
f 1079 6067 6549
f 1079 6549 6656
f 6585 6901 9464
f 5821 972 1019
f 5503 5470 6129
f 5114 5115 5139
f 6739 6637 4513
f 7194 7163 7195
f 4911 136 5072
f 6249 6321 8214
f 6402 6360 6438
f 6438 6360 6439
f 4223 7450 6671
f 7618 6243 7647
f 7372 6085 7681
f 6774 7725 7750
f 6818 6819 6849
f 6912 6882 6913
f 6977 6913 6978
f 7053 6978 7054
f 6977 6978 7053
f 7123 7054 7124
f 7053 7054 7123
f 7123 7124 7187
f 7217 7187 7188
f 7217 7188 7246
f 3398 1838 5123
f 928 3708 5028
f 928 5028 4659
f 4659 3400 5001
f 2350 1736 3400
f 5098 5031 2350
f 5098 2350 5078
f 1170 5031 5098
f 6567 4479 4114
f 7444 7455 7708
f 7455 7457 7595
f 167 4014 7523
f 4277 6350 4170
f 7277 6409 6643
f 5236 3706 7031
f 3706 7030 7031
f 5236 6995 7142
f 3706 5236 7142
f 6995 7032 6317
f 6995 6317 7142
f 698 1747 7032
f 7032 1747 6317
f 4991 4743 1747
f 4991 1747 698
f 6772 4991 6795
f 4743 4991 6772
f 6795 6904 6965
f 6772 6795 6965
f 6904 6298 6965
f 3886 911 4081
f 5567 1351 5477
f 7182 8972 8997
f 3599 1976 7681
f 1160 3154 6518
f 3154 1160 7229
f 3154 6653 6650
f 6653 3154 7229
f 6800 6650 6833
f 6650 6653 6833
f 6688 6656 6800
f 6688 6800 6833
f 1079 6656 6688
f 4363 4740 6866
f 8117 8069 8118
f 7613 6122 6123
f 6086 6123 6122
f 6123 6187 7344
f 6223 6251 6250
f 6288 6250 6289
f 6250 6251 6289
f 6288 6289 6321
f 6360 6321 6403
f 6360 6403 6439
f 6469 6403 6440
f 6439 6403 6469
f 6495 6440 6496
f 6469 6440 6495
f 7740 7243 7801
f 7574 4684 7715
f 6784 6707 6785
f 6849 6819 6850
f 6882 6850 6883
f 6849 6850 6882
f 6882 6883 6913
f 6913 6914 6978
f 6978 6979 7054
f 7054 6979 7087
f 7054 7087 7124
f 7187 7124 7188
f 7246 7188 7247
f 7246 7247 7267
f 7246 7267 3398
f 1838 3708 5123
f 3708 1838 5028
f 4659 5028 4682
f 4659 4682 3400
f 4291 1170 5098
f 5078 4291 5098
f 4222 7384 7326
f 7339 7501 7014
f 6567 7452 7501
f 7455 7444 7673
f 7571 7002 7708
f 7571 7709 7595
f 7571 7595 6413
f 7178 6138 7595
f 6138 6413 7595
f 4506 7443 7402
f 7710 7459 7298
f 7457 7459 7710
f 7481 7244 6927
f 4684 7244 7481
f 7399 6359 6973
f 7031 7277 8450
f 6994 5236 7031
f 6994 6961 6995
f 5236 6994 6995
f 6961 6997 7032
f 6995 6961 7032
f 6997 698 7032
f 4991 698 7227
f 6795 7227 6838
f 6795 4991 7227
f 6904 6795 6838
f 1136 6298 6904
f 4482 4941 6140
f 246 5558 6958
f 6517 1160 6518
f 1160 6716 7229
f 6651 6653 7229
f 6716 6651 7229
f 6651 1642 6653
f 116 1642 6651
f 1602 6688 6833
f 5645 6276 6554
f 5881 6070 6071
f 6783 6084 7607
f 4467 1616 5051
f 9671 9654 9698
f 6223 6224 6251
f 9697 9698 9732
f 6251 6224 6252
f 6224 6187 6252
f 6251 6252 6289
f 6496 6532 6570
f 6603 6604 8506
f 6785 6762 6786
f 6707 6762 6785
f 6819 6786 6820
f 6785 6786 6819
f 6850 6820 6851
f 6819 6820 6850
f 6850 6851 6883
f 6913 6883 6914
f 6978 6914 6979
f 7124 7087 7125
f 7188 7125 7189
f 7124 7125 7188
f 7188 7189 7247
f 7267 7247 7268
f 3398 7268 4154
f 7267 7268 3398
f 3398 4154 1838
f 5028 1138 5288
f 1838 1138 5028
f 4682 5028 5288
f 4682 1301 3400
f 4048 2350 3400
f 4319 4048 3400
f 2350 4048 5078
f 4746 5078 5002
f 4278 4569 325
f 7488 388 4661
f 7519 7517 6706
f 4171 6736 7771
f 7319 6703 7756
f 7178 7542 6138
f 2557 7700 7742
f 7363 2749 7556
f 7717 6927 7582
f 7244 4684 6911
f 9197 9172 9198
f 5038 6994 5978
f 6994 5038 4464
f 5038 5076 4464
f 4766 6961 6994
f 4766 6994 4464
f 4766 3601 6997
f 6961 4766 6997
f 3601 698 6997
f 3601 6620 7227
f 698 3601 7227
f 7227 6620 6838
f 6838 1136 6904
f 6210 6211 6236
f 4489 556 5784
f 8939 8915 8940
f 4115 911 4307
f 5537 5706 5612
f 6640 6738 7568
f 5272 1160 6517
f 6480 5272 6517
f 1160 6050 6716
f 1160 5272 6050
f 6651 6716 116
f 6716 6050 116
f 8972 8939 8973
f 6640 7568 7727
f 9127 9128 9152
f 6268 6234 6269
f 6738 6640 7541
f 6087 6086 7970
f 7411 7475 7813
f 6123 6087 6154
f 6087 6124 6154
f 6187 6123 6188
f 6123 6154 6188
f 7132 7133 7163
f 6289 6252 6290
f 6321 6289 6322
f 6289 6290 6322
f 6321 6322 6361
f 6403 6321 6361
f 6403 6361 6440
f 6570 6532 6571
f 6570 6571 6604
f 6707 6674 6708
f 6762 6708 6763
f 6707 6708 6762
f 6762 6763 6786
f 6820 6786 6821
f 6851 6821 6852
f 6820 6821 6851
f 6883 6852 6884
f 6851 6852 6883
f 6914 6884 6915
f 6883 6884 6914
f 6979 6914 7019
f 6979 7019 7055
f 7087 7055 7088
f 6979 7055 7087
f 7125 7088 7126
f 7087 7088 7125
f 7125 7126 7159
f 7125 7159 7189
f 7189 7159 7218
f 7189 7218 7247
f 7247 7218 7268
f 1838 4154 1138
f 4682 5288 6186
f 5288 1138 6186
f 1301 4682 6186
f 3400 1301 4319
f 4048 5002 5078
f 4197 7741 5120
f 4747 4746 5002
f 6669 6111 6241
f 7582 6927 7723
f 41 291 7416
f 7520 7521 8211
f 6354 6353 4764
f 7520 6355 6354
f 7457 7455 7364
f 7592 7002 7571
f 5548 7557 7749
f 7461 7460 7748
f 7524 4515 7326
f 2880 4572 5789
f 6927 6911 7349
f 9172 9152 9198
f 4394 6600 6479
f 4978 1786 5076
f 4464 5076 4968
f 3601 4766 3834
f 4766 4464 3834
f 6838 6620 7278
f 3882 1136 6838
f 6604 8169 8507
f 6571 6572 8169
f 116 115 1642
f 10267 10262 10392
f 5593 4914 6008
f 1410 4546 6480
f 4546 1410 7067
f 4546 7072 6480
f 7072 6550 6480
f 5272 6480 6550
f 6050 5272 6174
f 5272 6550 6174
f 116 6050 6174
f 5103 2879 7321
f 6351 6352 6389
f 5702 637 5703
f 6154 6124 6155
f 9729 5309 9759
f 6154 6155 6189
f 7193 7163 7194
f 6252 6187 6253
f 6252 6253 6290
f 6361 6322 6362
f 6361 6441 6440
f 6496 6441 6497
f 6440 6441 6496
f 6496 6497 6532
f 6571 6532 6572
f 6605 6573 6606
f 6674 6642 6675
f 6708 6675 6709
f 6674 6675 6708
f 6786 6763 6764
f 6821 6764 6822
f 6786 6764 6821
f 6821 6822 6852
f 6884 6852 6885
f 6915 6885 6916
f 6884 6885 6915
f 6915 6916 6914
f 6914 6980 7019
f 7088 7055 7089
f 7126 7089 7127
f 7088 7089 7126
f 7159 7127 7160
f 7126 7127 7159
f 7268 7218 7269
f 4154 7269 7288
f 7268 7269 4154
f 4778 4154 7288
f 4154 4091 1138
f 4725 1301 6186
f 1138 4725 6186
f 4319 1301 1696
f 4048 4319 6145
f 6145 5002 4048
f 3907 3860 2749
f 3511 4707 7340
f 2517 1092 4480
f 4765 2517 4480
f 1260 7215 4765
f 6029 1260 6141
f 7630 7534 7653
f 7461 7748 7749
f 9763 9654 9733
f 1786 4305 4452
f 4968 5076 1786
f 4408 4464 4968
f 4464 4408 3834
f 3601 6619 6620
f 3601 3834 6619
f 6620 3878 7278
f 6619 3878 6620
f 6805 6838 7278
f 3878 6805 7278
f 6805 3882 6838
f 5840 5841 5823
f 202 261 317
f 4540 3931 1148
f 96 1305 4081
f 9254 9226 9255
f 6691 4546 7067
f 6171 6691 7067
f 4546 6379 7072
f 4546 6691 6379
f 6379 6550 7072
f 5400 5477 1351
f 1505 4489 2769
f 6611 6068 6296
f 6088 6046 6089
f 6046 6047 6089
f 6124 6088 6155
f 6155 6088 6156
f 6088 6089 6156
f 6155 6156 6189
f 1040 5793 5810
f 5594 5616 5854
f 6187 6188 6253
f 6290 6253 6291
f 6322 6290 6323
f 6290 6291 6323
f 6322 6323 6362
f 6361 6362 6441
f 6532 6497 6533
f 6572 6533 6573
f 6532 6533 6572
f 6572 6573 6605
f 6763 6709 6764
f 6708 6709 6763
f 6822 6787 6823
f 6764 6787 6822
f 6822 6823 6852
f 6852 6823 6885
f 6914 6916 6944
f 6914 6944 6980
f 7055 7019 7056
f 7089 7056 7090
f 7055 7056 7089
f 7127 7090 7091
f 7089 7090 7127
f 7127 7091 7160
f 7218 7160 7219
f 7159 7160 7218
f 7288 7269 5071
f 4778 7288 5071
f 4154 4778 4091
f 4091 4725 1138
f 2608 4319 1696
f 2608 1696 4976
f 4319 2608 6145
f 5237 5002 6145
f 7308 7435 3887
f 625 1092 628
f 628 1092 4782
f 1092 625 4480
f 4480 625 1782
f 1782 4765 4480
f 1260 4483 6141
f 4483 6142 6141
f 7460 7461 7298
f 4452 4305 5738
f 1786 4452 1787
f 1787 4968 1786
f 3569 4408 4968
f 3834 4408 4895
f 4408 3569 4895
f 6619 3834 6588
f 3834 4895 6588
f 6619 6588 3878
f 3878 6450 6805
f 4904 3882 6805
f 6450 4904 6805
f 1408 2284 5281
f 6447 6475 5814
f 5881 5014 6110
f 6171 5015 7257
f 5015 6616 7257
f 6171 6690 6691
f 6690 6171 7257
f 6691 6482 6379
f 6690 6482 6691
f 6482 1559 6379
f 6379 1559 6550
f 1559 6174 6550
f 5984 1632 6723
f 6089 6047 5496
f 6156 6089 6157
f 6189 6190 6225
f 6156 6157 6189
f 6253 6188 6254
f 6253 6254 6291
f 6362 6323 6404
f 6441 6362 6442
f 6362 6404 6442
f 6497 6442 6498
f 6441 6442 6497
f 6497 6498 6533
f 6573 6533 6574
f 6709 6676 6710
f 6675 6642 9931
f 6709 6710 6740
f 6764 6740 6765
f 6709 6740 6764
f 6764 6765 6787
f 6823 6787 6824
f 6823 6824 6853
f 6885 6853 6886
f 6823 6853 6885
f 6885 6886 6916
f 6916 6886 6944
f 7019 6980 7020
f 7019 7020 7056
f 7160 7190 7219
f 7218 7219 7248
f 7269 7248 7270
f 7218 7248 7269
f 7270 7174 5071
f 7269 7270 5071
f 1596 4778 5071
f 4778 1596 4091
f 4091 80 4725
f 4091 2734 80
f 5190 1301 4725
f 80 5190 4725
f 212 1696 1301
f 212 1301 5190
f 1696 212 4976
f 6145 2608 6314
f 4977 5237 6145
f 4977 6145 6314
f 9129 9130 9152
f 36 4598 1320
f 36 628 4782
f 625 774 1782
f 1741 1782 774
f 4765 1782 1741
f 1260 4765 1741
f 6142 4483 6143
f 6405 7523 4230
f 4305 236 5738
f 4452 5170 1787
f 3569 1787 4446
f 4968 1787 3569
f 6588 7033 3878
f 6125 6450 3878
f 7033 6125 3878
f 4904 6450 6679
f 6450 6125 6679
f 4822 4816 5291
f 6264 6265 6337
f 6616 7146 7257
f 6240 6690 7257
f 7146 6240 7257
f 6381 6482 6690
f 6240 6381 6690
f 6381 1559 6482
f 6235 6236 6270
f 5746 6368 6445
f 6089 5496 5529
f 2260 4904 6679
f 6089 5529 6157
f 6189 6157 6190
f 6947 6917 6948
f 6291 6254 6292
f 6254 6225 6292
f 6323 6291 6324
f 6291 6292 6324
f 6323 6324 6363
f 6323 6363 6404
f 6442 6404 6470
f 6442 6470 6498
f 6533 6470 6534
f 6498 6470 6533
f 6575 6576 9877
f 6533 6534 6574
f 7080 7081 7115
f 7861 7836 7862
f 6676 6675 9931
f 6740 6741 6765
f 6853 6824 6886
f 6944 6887 6945
f 6886 6887 6944
f 6944 6945 6980
f 7056 7020 7021
f 7090 7021 7091
f 7056 7021 7090
f 7219 7190 7220
f 7219 7220 7248
f 7270 7248 7271
f 1927 7174 7271
f 7174 7270 7271
f 5071 1927 5121
f 1927 5071 7174
f 1596 5071 5121
f 4091 1596 4695
f 1774 4091 4695
f 1774 2734 4091
f 80 2734 1774
f 3332 2608 4976
f 212 3332 4976
f 6314 2608 6384
f 2608 3332 6384
f 4977 6314 6384
f 1320 992 5128
f 36 1320 5128
f 36 4268 628
f 440 625 4268
f 625 628 4268
f 774 625 440
f 1741 774 33
f 1398 1260 1741
f 1260 4015 4483
f 4015 1260 1398
f 6143 4483 6144
f 4483 4015 6144
f 6143 6144 6507
f 6142 6143 6507
f 2188 6142 6507
f 6142 4306 5738
f 2188 4306 6142
f 4306 7206 5738
f 3628 3659 10435
f 1556 5738 7206
f 4548 5170 4452
f 4548 4452 4080
f 4548 1787 5170
f 1787 4548 7256
f 4446 1787 7256
f 4895 3569 7198
f 3569 4446 7198
f 6589 6588 4895
f 6589 4895 7198
f 6588 6167 7033
f 6167 6588 6589
f 5172 6125 7033
f 6167 5172 7033
f 6164 6136 6165
f 4941 5593 6140
f 8604 8605 8645
f 6127 6309 6616
f 6616 5048 7146
f 6309 5048 6616
f 6276 6240 7146
f 5048 6276 7146
f 6276 1559 6381
f 6240 6276 6381
f 4081 4395 4685
f 5854 556 3917
f 1692 5221 4314
f 6157 5529 5530
f 6157 5530 6190
f 6292 6225 6293
f 6225 6226 6293
f 6292 6293 6324
f 6404 6363 6443
f 6404 6443 6470
f 6534 6499 6535
f 6470 6499 6534
f 6534 6535 6575
f 6969 6906 6970
f 7688 7082 7936
f 6787 6766 6788
f 6765 6766 6787
f 6787 6788 6824
f 6886 6825 6887
f 6824 6825 6886
f 6980 6945 6981
f 7020 6981 7021
f 6980 6981 7020
f 7091 7021 7092
f 7091 7092 7128
f 7160 7128 7161
f 7091 7128 7160
f 7190 7161 7191
f 7160 7161 7190
f 7190 7191 7220
f 7271 7248 7272
f 4896 1927 7271
f 4896 7271 7272
f 1927 4896 5121
f 1163 1596 5121
f 1596 1163 4695
f 1865 80 1774
f 1773 212 5190
f 1773 5190 80
f 2615 3332 212
f 3332 2615 6384
f 992 4977 6384
f 4268 36 5128
f 33 49 1741
f 1741 49 1398
f 6144 4015 6158
f 4015 1398 6158
f 6507 6144 6508
f 6144 6158 6508
f 1556 7206 4306
f 3936 4548 4080
f 1556 3936 4080
f 4334 4446 7256
f 4473 4446 4334
f 7198 4446 7276
f 4446 4473 7276
f 6589 7198 7276
f 2185 5172 5290
f 6813 8645 8691
f 6126 6127 6616
f 6048 5048 6309
f 6048 6309 6717
f 5048 6048 6276
f 1559 6276 6958
f 5609 5576 5578
f 6235 6210 6236
f 6166 5474 6210
f 7463 1366 7364
f 5124 5455 1044
f 2471 94 5293
f 6190 5530 6191
f 6226 6190 6227
f 6190 6191 6227
f 6293 6226 6294
f 6324 6293 6325
f 6293 6294 6325
f 6324 6325 6363
f 6470 6443 6471
f 6470 6471 6499
f 9907 6536 6537
f 8391 8392 8419
f 8244 8245 8286
f 6824 6788 6825
f 6887 6825 6888
f 6887 6888 6945
f 7021 6981 7057
f 7092 7057 7093
f 7021 7057 7092
f 7092 7093 7128
f 7248 7220 7272
f 2105 4896 7272
f 5121 2105 5215
f 4896 2105 5121
f 1163 5121 5215
f 4695 1814 1774
f 1814 1865 1774
f 1773 87 212
f 87 2615 212
f 6384 2615 3136
f 992 6384 3136
f 992 3136 5128
f 2472 440 2339
f 440 4268 2339
f 33 440 2472
f 774 440 33
f 6158 1398 6508
f 6507 6508 6771
f 258 2188 6507
f 258 6507 6771
f 2188 258 2025
f 4306 2188 2025
f 998 1556 4306
f 998 4306 2025
f 5013 3936 1556
f 5013 1556 998
f 4548 3936 4741
f 4741 3936 5013
f 4548 4741 7256
f 4741 4334 7256
f 4473 6929 7276
f 6929 6589 7276
f 5290 5172 6167
f 94 1300 5293
f 1878 1737 1843
f 9462 9446 9492
f 7655 7725 8953
f 6554 6048 6717
f 5998 6554 6717
f 6276 6048 6554
f 9675 9704 9703
f 6191 5530 6192
f 10271 10268 10239
f 6191 6192 6227
f 6294 6226 6255
f 6226 6227 6255
f 6294 6255 6325
f 6499 6471 6500
f 6535 6500 6536
f 6499 6500 6535
f 8441 8419 8472
f 8355 8317 8356
f 7910 7886 7911
f 6788 6767 6789
f 6825 6789 10182
f 6788 6789 6825
f 6945 6888 6946
f 6945 6946 6981
f 7093 7057 7094
f 7128 7094 7129
f 7093 7094 7128
f 7128 7129 7161
f 7191 7161 7192
f 7220 7192 7221
f 7191 7192 7220
f 7272 7220 7273
f 6657 2105 7272
f 6657 7272 7273
f 3305 5215 6657
f 5215 2105 6657
f 3922 1163 3305
f 3305 1163 5215
f 4695 3922 4974
f 1163 3922 4695
f 4695 4974 1814
f 2615 87 3136
f 3136 4640 5128
f 4640 6279 5128
f 2339 4268 6279
f 6279 4268 5128
f 6315 6280 6281
f 5268 4694 4918
f 7457 7364 7728
f 4065 4330 7309
f 7434 7423 7607
f 6739 4513 7235
f 1058 630 2439
f 772 5961 7439
f 10257 10279 10373
f 162 91 10085
f 4437 7315 7726
f 4811 7490 7737
f 1166 1194 4536
f 6455 5291 7736
f 4278 325 324
f 4245 6973 4515
f 7449 4527 4513
f 6030 7300 7636
f 6601 7480 7596
f 4281 6737 7649
f 4861 10259 10404
f 257 1194 2100
f 4694 5268 5062
f 4203 1104 7410
f 4793 4801 4805
f 7596 7480 7695
f 6624 7516 7386
f 7572 5269 4558
f 7695 7415 7672
f 10312 10233 10419
f 7003 6941 5906
f 6624 873 7516
f 4567 4568 4618
f 2017 4197 4538
f 7298 7178 7595
f 6049 5268 4918
f 5287 7422 7307
f 4802 4793 7782
f 7832 7831 9048
f 6671 7423 4222
f 7782 4793 7802
f 4198 6635 7632
f 4485 4204 6106
f 6660 4420 4112
f 6456 6385 4269
f 6931 4535 6348
f 7526 6931 7453
f 6351 6389 8165
f 7802 4792 7814
f 1150 6715 7526
f 6931 6348 7453
f 7601 1273 2704
f 7289 7305 7353
f 7423 7384 4222
f 6600 6320 6774
f 4497 4530 7674
f 9386 9359 9387
f 6736 2672 7578
f 5027 7315 7674
f 7315 4497 7674
f 5027 7687 7726
f 387 2184 5052
f 7315 5027 7726
f 9685 9720 9751
f 6718 4028 7050
f 388 7488 7347
f 4279 4278 324
f 10409 10406 3628
f 7580 7205 4366
f 5287 6782 7578
f 7284 6933 4101
f 7261 5860 7707
f 6318 6357 7522
f 4149 4114 6877
f 4420 6660 7566
f 9094 9095 9114
f 7429 7050 7593
f 7050 7567 7593
f 7264 4257 7625
f 4537 4358 7084
f 7301 4280 4258
f 7760 7290 7995
f 6726 6287 7015
f 5325 5186 6599
f 7687 7689 7726
f 4982 4959 4983
f 6517 6518 1410
f 8716 10400 10436
f 4028 3954 7567
f 4254 4255 5073
f 7567 3954 4488
f 9072 9049 9050
f 5742 5225 5662
f 4861 10306 10431
f 7509 7578 4304
f 6049 4918 4367
f 6052 4406 7796
f 10197 10164 10198
f 6972 6468 7357
f 7811 6847 7625
f 6494 6468 7604
f 7460 7735 7748
f 6188 6225 6254
f 6634 7294 2619
f 7545 4207 8336
f 6736 4171 8363
f 6049 4206 5268
f 6559 7540 7809
f 5235 4066 4727
f 9034 4077 9035
f 9037 7402 9038
f 6494 7604 7319
f 4204 4229 4205
f 7580 4366 7646
f 6405 6704 167
f 7459 7460 7298
f 6399 6349 6634
f 7752 92 7753
f 7696 4303 7612
f 4626 4613 4589
f 6782 6736 7578
f 6243 6175 6244
f 5268 6385 5062
f 6870 2259 19
f 7370 4709 7596
f 7514 7284 5235
f 4087 4088 7663
f 7407 7705 7725
f 1796 3450 4364
f 7748 5548 7749
f 4661 2017 5024
f 7291 4530 7320
f 7320 4530 4561
f 7674 7291 7675
f 4530 7291 7674
f 4400 5027 7675
f 5027 7674 7675
f 7687 5027 7690
f 5027 4400 7690
f 4393 4197 2017
f 7338 3766 7340
f 9306 9282 9307
f 4364 211 455
f 6943 7205 3610
f 5548 7550 7557
f 1414 1464 4709
f 388 873 4367
f 7296 7691 7739
f 5235 7284 2053
f 873 388 7516
f 4707 7487 7340
f 4111 7323 7157
f 7487 7157 7772
f 4763 8930 8950
f 4230 7634 4065
f 1453 3794 235
f 6349 4065 7634
f 7382 7596 7083
f 6669 6241 7711
f 7473 6494 6530
f 7292 7083 7363
f 7798 7510 6436
f 4124 6387 4256
f 7809 7774 7810
f 6847 4197 4393
f 7440 7441 7456
f 3528 7487 4707
f 7412 6600 6774
f 7306 4111 6634
f 4014 4040 6634
f 4040 7306 6634
f 6107 7428 200
f 6801 7597 7472
f 6639 7693 4709
f 7157 7323 7772
f 5024 5045 1599
f 4203 7410 4356
f 7410 239 4356
f 4364 7361 211
f 6624 7386 4230
f 7523 7634 4230
f 7576 4111 6185
f 4330 7499 7309
f 4316 4289 10227
f 3976 6185 5186
f 4206 6385 5268
f 6385 4206 7381
f 5060 5037 5061
f 6668 4099 7594
f 1150 7453 7586
f 6310 4172 4357
f 4561 6761 7784
f 4613 6761 4561
f 7732 4561 7784
f 4919 7320 7732
f 7732 7320 4561
f 4919 6971 7291
f 4919 7291 7320
f 7675 6971 7669
f 7291 6971 7675
f 1864 7782 7802
f 4203 7105 613
f 4014 6349 7523
f 4783 7582 7556
f 7600 3599 7681
f 4400 7675 7669
f 4400 7669 7690
f 7602 7687 7690
f 7669 7602 7690
f 6909 7290 7437
f 2100 211 1749
f 637 5702 5885
f 4060 2288 7429
f 7602 7713 8369
f 7499 7533 7381
f 4066 7355 6400
f 6715 7499 4330
f 6782 7508 7771
f 1150 7526 7453
f 3610 5062 6943
f 6599 6347 5325
f 7487 7772 7340
f 7635 5061 7389
f 92 836 7753
f 6847 4390 7625
f 4172 7474 4357
f 4390 4694 7637
f 7637 4694 5062
f 6243 4764 7647
f 4357 6185 6310
f 4909 6388 3144
f 7013 6044 7329
f 6624 4230 4065
f 6246 7331 6153
f 10402 10385 10427
f 7353 7305 7077
f 4801 4793 4802
f 7430 7395 7334
f 10164 10165 10198
f 7554 7553 7335
f 4557 4526 4494
f 970 1073 1231
f 7812 4557 4494
f 4124 4256 5249
f 7523 6349 7634
f 7576 7294 4111
f 2619 6399 6634
f 4776 4763 8950
f 1976 7372 7681
f 6357 7521 7522
f 7355 6414 6400
f 6783 7423 7451
f 7381 7309 7499
f 4047 6030 7329
f 10234 10273 10364
f 4815 4816 4821
f 4129 10275 10438
f 7315 4437 4497
f 241 235 3794
f 4394 3108 6600
f 7412 7750 7751
f 4613 7624 7794
f 6401 6761 7794
f 6761 4613 7794
f 6401 6457 7784
f 6761 6401 7784
f 6457 7732 7784
f 7332 4919 7732
f 6457 7332 7732
f 4950 4900 4910
f 4040 2182 7306
f 7306 3766 4111
f 7407 5186 7152
f 10032 10001 10064
f 4187 4087 7686
f 6971 4919 7314
f 7314 4919 7332
f 6971 7295 7669
f 554 555 622
f 4182 1161 4088
f 7298 7300 6030
f 6971 7314 7295
f 6880 7723 7519
f 1055 7679 1646
f 9112 9113 9141
f 7669 7670 7602
f 7651 4113 7657
f 4364 4170 7572
f 4909 6704 6388
f 7335 6243 7618
f 7622 6405 4356
f 7297 4433 7800
f 6348 6760 5287
f 7382 7292 6670
f 6320 6600 3108
f 7635 7389 6672
f 9732 9654 9763
f 5883 10379 10380
f 5950 6485 40
f 7348 6241 4294
f 7472 6638 6801
f 4390 6847 4393
f 4304 185 1274
f 4479 6530 7756
f 7868 7424 7903
f 3234 5006 7343
f 1798 3560 3561
f 19 6388 6870
f 3031 2942 3130
f 6388 19 97
f 5452 6940 4847
f 5062 3610 7637
f 4619 7757 6600
f 6454 4702 5787
f 9849 9850 9884
f 4099 6356 7594
f 805 4665 4857
f 3089 4643 1411
f 4204 6052 4229
f 6777 6106 4204
f 4014 6634 6349
f 7297 7077 4433
f 6943 6726 7205
f 6287 6726 6966
f 6556 7420 7431
f 6349 6399 4065
f 2768 3801 1495
f 4330 4065 6668
f 9104 9105 9127
f 2182 67 3766
f 4065 6939 6668
f 4556 4526 4557
f 4433 4375 7800
f 7624 7375 7627
f 4650 7375 7624
f 7794 7627 7795
f 7624 7627 7794
f 7525 6670 6880
f 7776 7729 7311
f 6414 7328 7776
f 7629 1877 6044
f 9789 9790 9818
f 7553 7554 6216
f 7289 5012 7812
f 5981 7485 7586
f 10269 8768 8550
f 5060 5061 5085
f 1719 4170 3450
f 7493 1462 8733
f 4399 4752 7583
f 7364 5402 4147
f 6246 3975 7598
f 9697 9732 9789
f 4231 6401 7795
f 7450 7396 6671
f 6401 7794 7795
f 6457 6401 4231
f 9851 9791 9852
f 7811 7777 6847
f 6668 6939 7538
f 7615 7538 6939
f 7350 4506 7402
f 7082 6816 7937
f 1510 205 4950
f 4950 205 7464
f 4900 7464 7482
f 4950 7464 4900
f 2059 4900 7502
f 4900 7482 7502
f 2747 2746 10196
f 2059 7502 7527
f 4254 5073 4253
f 6031 7462 6706
f 7328 7775 7776
f 7810 7774 4478
f 6319 3998 7575
f 7298 7461 7300
f 7773 7752 7796
f 4358 1589 4278
f 4485 4358 4278
f 4277 6557 4358
f 6568 4420 7566
f 1230 970 1231
f 7031 7030 7277
f 4170 1719 6557
f 6188 6154 6189
f 7305 7812 4494
f 7314 7332 7295
f 7383 7395 7430
f 4814 4815 4820
f 4419 7388 4503
f 6456 6726 6943
f 5998 7427 7439
f 2619 7615 6939
f 7464 7445 7465
f 205 7445 7464
f 7464 7465 7482
f 7502 7482 7503
f 7482 7465 7503
f 7527 7502 7528
f 7502 7503 7528
f 4851 7527 7547
f 7527 7528 7547
f 4851 7547 630
f 7295 7670 7669
f 7462 6031 7535
f 7507 7535 8737
f 7471 7311 7387
f 7471 7776 7311
f 3998 7605 7575
f 7605 7411 7575
f 92 7752 7773
f 7014 7501 6359
f 7501 7051 6359
f 4278 1589 4569
f 7117 4277 4358
f 7600 6085 7706
f 6638 7450 4223
f 7781 4802 7782
f 7714 6032 7779
f 5015 6171 7067
f 4090 10332 10375
f 7205 7580 3610
f 7602 7670 7713
f 1274 7422 7509
f 9697 9671 9698
f 7438 5274 772
f 7445 7438 7446
f 205 7438 7445
f 7465 7446 7466
f 7445 7446 7465
f 7465 7466 7483
f 7503 7483 7504
f 7465 7483 7503
f 7528 7504 7529
f 7503 7504 7528
f 7547 7528 7548
f 7528 7529 7548
f 630 7547 7562
f 7547 7548 7562
f 630 7562 7583
f 4309 4303 7696
f 4111 7157 6310
f 4066 5235 2053
f 4918 4393 2017
f 7292 7382 7083
f 6879 4727 7387
f 7471 7387 4727
f 1863 5248 7754
f 7426 7497 7374
f 4205 6728 6777
f 4205 6777 4204
f 7339 6567 7501
f 4925 4406 4485
f 6760 4535 7508
f 7051 7084 6106
f 7084 4485 6106
f 7156 6479 4329
f 6138 7358 453
f 4537 7117 4358
f 2139 4028 6718
f 7458 7740 7801
f 3450 1796 4569
f 6284 6182 6285
f 6660 7650 7566
f 7178 7298 4047
f 4561 4589 4613
f 6181 6220 6282
f 9565 9566 9627
f 2768 3138 4638
f 7752 7753 7796
f 6185 4357 4847
f 6901 8796 9464
f 7438 772 7446
f 7466 772 7467
f 7446 772 7466
f 7483 7467 7484
f 7466 7467 7483
f 7504 7483 7505
f 7483 7484 7505
f 7529 7504 7530
f 7504 7505 7530
f 7529 7530 7548
f 7583 7548 4399
f 7562 7548 7583
f 6421 4850 10396
f 5373 5374 5421
f 4147 5548 7748
f 7636 7475 7411
f 7425 7365 7813
f 7605 7636 7411
f 7534 6044 7302
f 7426 7587 7336
f 4278 4925 4485
f 4279 4925 4278
f 6715 1150 7586
f 3860 7677 4783
f 7544 7546 7317
f 7156 7317 7738
f 4934 4933 7405
f 7339 7473 6567
f 7317 7156 4329
f 4112 7635 6672
f 4366 4257 7264
f 6456 4269 6966
f 7591 6817 5127
f 7358 1451 453
f 6494 7319 7756
f 7335 7618 7303
f 927 3531 6444
f 1494 148 2049
f 7604 6468 6636
f 1796 325 4569
f 7077 7297 7800
f 7725 6774 7407
f 9790 9732 9763
f 772 7439 7447
f 7467 7447 7468
f 772 7447 7467
f 7467 7468 7484
f 7505 7484 7506
f 7530 7505 7531
f 7505 7506 7531
f 7548 7530 7563
f 4399 7563 7584
f 7548 7563 4399
f 4756 8928 4215
f 3928 7638 7658
f 7184 4860 7413
f 7365 7425 1372
f 7475 7793 7813
f 7302 7712 7652
f 7712 7433 7652
f 7497 7498 4294
f 6932 4477 7496
f 453 1506 5127
f 4946 6280 6315
f 4765 4686 2517
f 5473 5393 5474
f 7374 7500 7554
f 7335 7303 7587
f 7335 7374 7554
f 6940 5452 6358
f 7753 1863 7774
f 4245 6312 6973
f 6749 7802 7814
f 7439 7427 6127
f 7447 7439 6126
f 7439 6127 6126
f 7468 7447 7469
f 7447 6126 7469
f 7484 7468 5493
f 7468 7469 5493
f 7563 7530 7564
f 7530 7531 7564
f 7584 7564 7585
f 7563 7564 7584
f 7584 7585 7603
f 869 7603 7619
f 7584 7603 869
f 869 7619 7638
f 7658 7638 7639
f 7658 7682 7699
f 4159 3282 4053
f 7793 7425 7813
f 7511 7573 7652
f 7397 7679 4303
f 7433 7511 7652
f 4253 4515 4254
f 4229 4255 6728
f 7587 7426 7374
f 6248 6909 6933
f 4626 4650 7624
f 7318 6878 8407
f 4526 4432 4494
f 4479 7756 6845
f 1506 1451 608
f 3528 2800 2869
f 7331 4280 4146
f 7647 6351 7618
f 7618 6351 7303
f 1274 7509 4304
f 4077 6241 7489
f 3907 6319 3860
f 6387 1976 4256
f 6386 1789 7387
f 4111 7294 6634
f 5889 6126 5015
f 7304 4223 7560
f 4223 4222 7560
f 7585 7564 1364
f 7585 1364 7603
f 7603 1364 7619
f 7638 7619 7639
f 7658 7639 7682
f 836 1863 7753
f 7413 200 4927
f 7369 7650 7651
f 4259 6107 4253
f 4253 4178 4515
f 7587 7303 7336
f 7396 6783 7451
f 4444 4419 4503
f 3033 6247 7495
f 2518 2288 5460
f 4040 4909 3144
f 5911 3213 7999
f 7708 7455 7709
f 7893 3963 3991
f 5760 5742 5662
f 805 4857 3012
f 4437 4498 4497
f 3891 1503 10391
f 3472 1354 3523
f 5407 4553 5963
f 7377 7375 4649
f 7627 7377 7628
f 7375 7377 7627
f 7389 5012 7289
f 7619 7620 7639
f 7682 7639 4378
f 7682 4378 5958
f 7433 7513 7511
f 5332 7604 6636
f 6559 1922 4259
f 6972 7357 7310
f 7399 6972 7310
f 6973 6972 7399
f 7916 7944 7943
f 6106 6777 7051
f 7649 7367 7366
f 4537 7084 7642
f 4783 7574 7715
f 7574 4783 7677
f 862 2657 7590
f 6111 6074 6112
f 3599 6846 5249
f 7308 3887 7452
f 6351 7647 6352
f 7653 5962 7759
f 320 264 5549
f 7627 7628 7795
f 6801 6933 6909
f 9226 9227 9255
f 2022 2108 5294
f 6248 7514 7301
f 7301 6909 6248
f 7619 1364 7620
f 9152 9130 9153
f 5332 4308 7604
f 6878 8582 8407
f 7357 6494 7473
f 7077 6660 7353
f 8795 10384 10414
f 7626 7369 7657
f 4479 6567 6530
f 4295 4963 7601
f 6222 4537 7642
f 4953 7235 3813
f 4477 6932 7470
f 3599 5249 4256
f 6567 4114 7452
f 7571 7708 7709
f 7723 7517 7519
f 5981 6966 7485
f 738 239 7410
f 7332 6457 4420
f 7295 7332 6308
f 1058 502 4851
f 7332 4420 6308
f 7670 7295 7671
f 1410 6480 6517
f 4222 4223 6671
f 205 4905 248
f 7444 7662 8448
f 7514 4146 7301
f 3998 7636 7605
f 7479 9350 9379
f 7639 7640 7659
f 4378 7659 7683
f 7639 7659 4378
f 2520 2521 2560
f 7630 7759 4303
f 7002 7707 7708
f 7673 7444 8448
f 7707 7444 7708
f 5944 5371 3923
f 7363 7083 7693
f 7435 7308 7600
f 6846 7308 7452
f 4114 6846 7452
f 7630 7653 7759
f 7408 7443 4506
f 3144 6388 97
f 7611 7408 4506
f 3138 2768 1495
f 7295 6308 7671
f 7584 869 4399
f 6726 6456 6966
f 1096 920 5187
f 7330 7205 7015
f 7015 6247 6486
f 4280 7330 7495
f 4258 4280 7495
f 4860 4101 7304
f 8128 8129 5982
f 7620 7621 7640
f 9152 9153 9198
f 7700 7701 7742
f 6992 4309 7696
f 3976 7576 6185
f 2693 9982 9983
f 7498 7426 7993
f 7510 7811 4257
f 1317 1457 7631
f 4233 1457 6566
f 6770 4963 157
f 4233 7419 7631
f 4963 6437 7601
f 7632 6635 7581
f 7510 7777 7811
f 7116 7368 4041
f 6358 4281 7724
f 3599 7308 6846
f 7308 3599 7600
f 6846 4149 5249
f 323 92 7773
f 7348 4294 7609
f 7668 7611 4506
f 7326 6043 4860
f 2559 6556 7440
f 7373 6247 7496
f 6973 4255 4254
f 5069 4538 5070
f 9965 10001 10032
f 4811 4807 7490
f 2703 4332 7570
f 4477 7333 7373
f 4477 7373 7496
f 7333 4477 5915
f 7116 4267 863
f 7640 7641 7659
f 7700 7684 7701
f 7683 7684 7700
f 7742 7701 7718
f 7764 7718 7765
f 7742 7718 7764
f 7757 4619 6479
f 7738 6347 7156
f 6566 7486 7454
f 7486 6566 1457
f 1554 4233 6566
f 1554 6566 7454
f 4233 1554 7419
f 6839 4963 7419
f 6839 6437 4963
f 4267 7116 4041
f 4281 7649 7724
f 1922 7809 7810
f 4693 6044 7534
f 6870 6704 7622
f 1354 1355 3523
f 7668 7325 7870
f 7515 4570 7365
f 7575 7411 7574
f 4570 7411 7813
f 7575 7574 7677
f 4380 4379 7697
f 255 314 374
f 4267 7491 863
f 6244 6177 4946
f 6814 2703 7570
f 4727 6879 6153
f 613 1104 4203
f 9597 9457 9506
f 2280 2209 5917
f 7684 7660 7661
f 7684 7661 7701
f 7701 7661 7718
f 4171 7327 7727
f 4330 6668 6931
f 7486 5418 7454
f 4534 4777 5418
f 5418 4777 7454
f 1554 6839 7419
f 7423 6783 7607
f 6216 6175 7553
f 75 325 326
f 568 637 5885
f 7554 7500 6216
f 7360 4983 7380
f 1055 7612 7679
f 7534 7652 7653
f 4444 4418 4419
f 200 6043 6558
f 7411 4570 7574
f 1749 7361 7572
f 4470 4471 4502
f 7397 8966 7679
f 6555 6485 5950
f 5455 5124 2104
f 7843 7545 8334
f 4068 4136 8088
f 1322 7629 6014
f 6138 4309 6992
f 7393 6927 7349
f 7727 7568 8363
f 1599 4661 5024
f 5342 5310 9815
f 4661 7105 7488
f 7316 6942 5882
f 7316 5882 7817
f 4777 6942 7763
f 6942 7316 7763
f 4777 7285 7454
f 7285 4777 7763
f 7454 7285 1554
f 1554 7285 6839
f 157 4963 4295
f 6437 7003 6417
f 5012 4557 7812
f 9937 9882 9914
f 5287 7307 6348
f 7696 7612 1055
f 4406 4925 4279
f 7534 7302 7652
f 7652 7573 7653
f 7630 4309 7542
f 4229 6052 7540
f 4269 7533 6715
f 1864 7231 8217
f 4570 4684 7574
f 41 1409 6065
f 7541 6640 7543
f 7543 6640 7758
f 7731 7543 7317
f 7541 7543 7731
f 7378 7377 5115
f 3998 6030 7636
f 6624 7309 7381
f 7661 4641 7702
f 7661 7702 7718
f 7718 7702 7743
f 7718 7743 7765
f 7785 7743 7786
f 7817 7785 7818
f 7785 7786 7818
f 6467 7316 7817
f 6467 7817 7818
f 7316 6467 7763
f 7285 6467 4336
f 6467 7285 7763
f 7285 4336 6839
f 7394 6839 4336
f 6437 6839 7394
f 4208 6437 7394
f 6437 4208 7003
f 5790 5791 6505
f 6243 7335 7553
f 6312 4245 7436
f 4506 7350 7668
f 7350 4294 7668
f 7378 5115 5114
f 7628 7377 7633
f 7377 7378 7633
f 7795 7633 7799
f 7637 3610 7580
f 6601 7731 7317
f 6601 7317 4329
f 7628 7633 7795
f 9075 9052 9053
f 7105 4661 1599
f 4953 6739 7235
f 7702 7703 7743
f 7786 7743 7787
f 7786 7787 7804
f 7818 7786 7819
f 7786 7804 7819
f 7337 6467 7818
f 7337 7818 7819
f 7702 4641 7703
f 7358 6992 7696
f 6435 6397 8243
f 1796 4364 455
f 6385 6456 5062
f 7393 7349 6706
f 7358 7696 1055
f 6530 6494 7756
f 2905 805 3012
f 7668 4294 7325
f 3975 4366 7598
f 4329 7480 6601
f 4231 7795 7799
f 4455 7157 7487
f 4172 6310 7157
f 7517 7393 6706
f 4463 4407 4433
f 7695 4329 7351
f 7480 4329 7695
f 7415 7695 7351
f 302 6518 7448
f 6005 6703 5402
f 7703 7685 7743
f 7787 7766 7788
f 7743 7766 7787
f 7804 7787 7805
f 7787 7788 7805
f 7819 7804 7820
f 7804 7805 7820
f 4711 7337 7820
f 7337 7819 7820
f 4711 4336 6467
f 7337 4711 6467
f 1149 6662 7394
f 1149 7394 4336
f 7354 4208 7394
f 6662 7354 7394
f 4208 7354 4391
f 4391 7003 4208
f 5433 5473 6166
f 6421 10396 10437
f 1976 3599 4256
f 4764 4946 6315
f 5022 5758 7415
f 7521 6316 6283
f 6241 4077 7711
f 7428 1922 7810
f 6783 6637 7518
f 7284 7514 6933
f 5280 5260 1357
f 3337 1551 3766
f 7413 4927 7184
f 7084 7435 7642
f 1551 7340 3766
f 4217 7685 7703
f 7766 7685 7767
f 7743 7685 7766
f 7766 7767 7788
f 7805 7788 7806
f 7820 7806 4711
f 7805 7806 7820
f 4336 4711 1149
f 6662 1149 1200
f 4391 6941 7003
f 6281 6282 6316
f 7261 5127 5860
f 7444 5860 7662
f 6672 7389 7289
f 6992 7358 6138
f 7514 6248 6933
f 7002 7261 7707
f 5166 5120 7777
f 4376 7651 7800
f 7647 4764 6352
f 645 577 646
f 4269 7586 7485
f 4290 4185 2187
f 6043 4178 6558
f 7685 7686 7719
f 7767 7719 7768
f 7685 7719 7767
f 7788 7767 7789
f 7767 7768 7789
f 7788 7789 7806
f 4975 4711 7806
f 4711 4975 1149
f 4607 1149 4975
f 4607 1200 1149
f 7579 6662 1200
f 6622 7354 6662
f 7354 7561 4391
f 7354 6622 7561
f 806 235 1045
f 5127 7592 453
f 4258 6909 7301
f 3976 2619 7576
f 885 840 5835
f 7404 7355 7184
f 7542 4309 6138
f 7084 4358 4485
f 4783 7481 7717
f 5860 7444 7707
f 6249 6250 6288
f 7729 5214 7755
f 7343 5006 7360
f 6359 4255 6973
f 5269 6350 7616
f 4406 6052 4204
f 7670 7671 7734
f 7719 7744 7768
f 7806 7789 7790
f 7806 7790 7807
f 990 4975 7807
f 4975 7806 7807
f 4607 4786 1200
f 6622 6662 7579
f 4391 6908 6941
f 6120 7362 7808
f 6941 6908 7318
f 5127 7261 7592
f 7077 7305 4433
f 4230 7386 4356
f 7399 7014 6359
f 4205 4229 6728
f 7156 4394 6479
f 4349 4380 7697
f 863 4277 7117
f 5167 7777 7510
f 135 1637 7403
f 7560 4222 7326
f 7416 5980 1368
f 1238 1185 1186
f 6413 7592 7571
f 6600 7757 6479
f 7550 7425 7557
f 4783 7715 7481
f 6932 6287 6966
f 7686 4087 7663
f 7719 7663 7720
f 7686 7663 7719
f 7744 7719 7745
f 7719 7720 7745
f 7768 7744 7769
f 7744 7745 7769
f 7789 7769 7790
f 7768 7769 7789
f 4975 990 4607
f 4786 1399 1200
f 1200 1399 7579
f 6452 6622 7579
f 6622 6452 7561
f 4892 4391 7561
f 4391 4892 7390
f 6878 6908 4391
f 7390 6878 4391
f 7310 7014 7399
f 9386 9387 9437
f 6387 6422 7371
f 7371 7430 7606
f 6660 7077 7650
f 7455 7463 7364
f 7459 7457 7728
f 135 7403 7417
f 7351 4329 6479
f 7292 7363 6880
f 2053 4860 7184
f 10204 10205 10223
f 7306 2182 3766
f 7116 7117 7368
f 6637 7450 4513
f 7450 7449 4513
f 4101 6801 6638
f 7428 7810 4478
f 6669 7711 7733
f 7648 6045 4721
f 7323 7338 7772
f 7663 4088 7664
f 7720 7663 7721
f 7745 7720 7746
f 7720 7721 7746
f 7769 7745 7747
f 7745 7746 7747
f 7790 7747 7770
f 7769 7747 7790
f 7790 7770 7807
f 990 4786 4607
f 7579 1399 6753
f 6452 7579 6753
f 6452 4892 7561
f 4259 5073 4229
f 9035 7489 9036
f 7526 4330 6931
f 7604 4308 7319
f 3247 1691 3568
f 3033 7330 6486
f 1248 1247 984
f 5087 7378 5114
f 1104 738 7410
f 3337 67 2306
f 7403 6444 6454
f 1637 6444 7403
f 7403 6454 5888
f 6638 7449 7450
f 7077 7800 7650
f 4927 7428 4478
f 7663 7664 7704
f 7721 7663 7722
f 7663 7704 7722
f 7746 7721 7747
f 7721 7722 7747
f 7807 7770 7821
f 990 7807 7821
f 990 6863 4786
f 4786 6815 1399
f 6128 4892 6452
f 7390 4892 7392
f 4892 6128 7392
f 6878 7390 6623
f 7390 7392 6623
f 6878 6623 8551
f 4693 4047 7329
f 323 7773 324
f 4051 2439 4752
f 4527 7597 7871
f 4178 4253 6558
f 7434 7607 7803
f 7436 7434 7803
f 1922 6107 4259
f 4101 2053 7284
f 6423 6422 4333
f 7388 7589 8452
f 1372 7515 7365
f 125 2306 98
f 4367 4918 2017
f 4420 6457 4231
f 2182 4040 3144
f 1355 1406 3523
f 6444 3531 6454
f 7328 6414 7404
f 6910 7328 7404
f 7499 6715 7533
f 4420 4231 4112
f 6423 4333 6487
f 6518 5304 7448
f 7722 7704 2
f 7722 2 7747
f 7747 2 7770
f 7770 2 7791
f 7770 7791 7821
f 7656 990 7821
f 6863 990 7656
f 6863 6815 4786
f 9814 2520 9986
f 7339 7310 7473
f 324 7773 4279
f 7458 7345 7082
f 6085 7372 7430
f 6695 4255 6359
f 6387 7371 7606
f 7387 7311 6386
f 6910 4478 7328
f 6190 6226 6225
f 4626 7624 4613
f 374 314 375
f 7407 6774 6320
f 7398 7832 9047
f 6414 7355 7404
f 7389 5061 5037
f 6760 6348 4535
f 6308 4420 6568
f 9237 9238 9263
f 5888 6454 5787
f 4478 7775 7328
f 6385 7381 7533
f 4393 4918 4694
f 6413 453 7592
f 931 885 5835
f 885 839 840
f 4223 4101 6638
f 4257 7811 7625
f 4909 4040 4014
f 7775 7729 7776
f 55 3568 10405
f 2 1107 7791
f 7821 7791 4536
f 7656 7821 4536
f 4536 1688 6863
f 4536 6863 7656
f 6452 6753 6277
f 6277 6128 6452
f 10163 10131 10164
f 2614 2584 1242
f 7871 7437 7760
f 873 6624 7381
f 7754 7729 7775
f 7533 4269 6385
f 1453 235 806
f 8074 6184 8033
f 9982 2693 10019
f 4375 4376 7800
f 3794 867 2259
f 7355 4066 7184
f 4255 6695 6728
f 6599 6320 6347
f 4340 6694 5173
f 4478 7754 7775
f 6320 3108 6347
f 5073 4255 4229
f 6568 7666 6308
f 7644 7645 8993
f 167 6704 4909
f 6704 6405 7622
f 7449 6638 7472
f 6927 7393 7517
f 555 554 488
f 6400 4727 4066
f 7791 1107 1166
f 7791 1166 4536
f 1688 6137 6815
f 6863 1688 6815
f 1399 6815 4474
f 1399 4474 6753
f 6128 6277 7432
f 7392 6128 7432
f 6623 7392 7432
f 7372 1976 7606
f 4294 7350 7609
f 9625 9626 9651
f 7509 5287 7578
f 4008 3983 3334
f 7577 7613 7344
f 1356 5260 2284
f 4014 167 4909
f 5006 4983 7360
f 5248 5214 7729
f 7476 7440 7477
f 6287 6932 7496
f 4959 4934 7391
f 909 1453 806
f 6413 6138 453
f 6269 6270 6271
f 6405 167 7523
f 6137 7409 6815
f 7409 6137 7236
f 7409 4474 6815
f 4474 5125 6753
f 6753 5125 6277
f 6277 5125 7432
f 6623 7432 7418
f 6736 7568 8717
f 7568 6736 8363
f 7402 7609 7350
f 7607 6636 7803
f 6609 2678 7570
f 4661 388 4367
f 6880 6670 7292
f 4684 7481 7715
f 8421 7551 1275
f 4680 4633 4656
f 5167 5166 7777
f 7509 7422 5287
f 7015 6287 6247
f 4648 4649 4672
f 9853 9767 9854
f 7344 6224 6223
f 7344 6223 7577
f 5260 5261 2284
f 7460 7459 7735
f 7237 7478 7479
f 8078 4098 4038
f 7501 3887 7051
f 7479 7478 9350
f 6247 6287 7496
f 4076 5981 7586
f 7772 7338 7340
f 7307 4076 6348
f 5287 6760 6782
f 7369 7566 7650
f 6879 7387 1789
f 4229 6559 4259
f 1551 3511 7340
f 4557 5012 5036
f 4952 1688 4536
f 6137 4952 7236
f 1688 4952 6137
f 5125 4474 7312
f 7418 7432 5125
f 5546 5592 9985
f 3951 5546 9985
f 9652 9671 9697
f 4277 4170 6557
f 7519 7525 6880
f 4799 4792 7802
f 6847 7777 5120
f 3108 7156 6347
f 5068 4538 5069
f 7559 7478 7237
f 5104 5083 1720
f 7774 1863 7754
f 7151 7359 7379
f 6879 6246 6153
f 7519 6706 7525
f 7334 6222 7430
f 7338 7323 3766
f 4535 6668 7537
f 6185 4111 6310
f 7560 7326 4860
f 5087 5061 7378
f 10342 10247 10421
f 4952 4536 1749
f 7236 4952 7385
f 7409 7385 7643
f 7236 7385 7409
f 7409 4603 4474
f 4603 7409 7643
f 4474 4603 7312
f 7312 4282 5125
f 4282 7293 5125
f 5125 7293 7418
f 6728 6695 6359
f 7352 7369 7626
f 7117 4537 7368
f 6222 7435 7600
f 9625 9595 9626
f 4148 6639 6014
f 2017 4661 4367
f 2749 7363 7692
f 6222 7334 4041
f 7633 7378 7635
f 7412 4619 6600
f 10306 10345 10321
f 8884 4755 10374
f 7559 7356 7716
f 7356 6816 7716
f 7633 7635 7799
f 4112 4231 7635
f 1161 4837 7664
f 7368 6222 4041
f 5115 4648 5140
f 7290 4258 7016
f 6153 7331 4146
f 7368 4537 6222
f 7544 7543 7758
f 7543 7544 7317
f 4231 7799 7635
f 6044 1877 7302
f 5452 4847 4357
f 7347 4203 4356
f 5645 246 6276
f 4146 4280 7301
f 5127 6817 5860
f 4536 257 1749
f 4952 1749 5130
f 4952 5130 7385
f 4603 7414 7312
f 7414 4282 7312
f 6802 5760 5662
f 7550 6610 1421
f 7774 7754 4478
f 7243 7740 7739
f 6639 4148 7692
f 6668 4535 6931
f 6909 4258 7290
f 7558 7577 6223
f 7211 7321 7342
f 7151 7211 7342
f 7151 7342 7359
f 7508 4535 7537
f 7296 7739 7783
f 4561 4497 4589
f 4390 4393 4694
f 7741 6847 5120
f 8931 6045 8951
f 5758 5022 6860
f 7105 4203 7488
f 7458 7688 7740
f 1599 613 7105
f 7792 7458 7801
f 4486 6940 6358
f 7407 4486 7705
f 6085 7600 7681
f 7753 7774 7809
f 7693 7083 7694
f 5130 7376 7385
f 7385 7376 7643
f 7643 7376 4603
f 7346 4282 7414
f 4282 7346 7293
f 7395 7418 7293
f 6487 7418 7395
f 7014 7310 7339
f 6760 7508 6782
f 3282 2910 4053
f 7667 7645 7513
f 7936 7082 7937
f 6250 7608 6223
f 7608 7558 6223
f 279 55 10405
f 7378 5061 7635
f 6107 6558 4253
f 7082 7345 6816
f 6816 7345 7815
f 7321 7322 7342
f 6752 6806 7391
f 7342 7343 7359
f 7379 7360 7380
f 7359 7360 7379
f 6806 7380 7391
f 7379 7380 6806
f 5083 5104 7211
f 6752 7405 6556
f 9917 9888 9821
f 7796 7809 7540
f 7152 6940 4486
f 7435 7084 3887
f 7051 3887 7084
f 5130 1749 4558
f 5130 4657 7376
f 7376 4657 7616
f 7376 7616 4603
f 4603 6776 7414
f 7616 6776 4603
f 7346 6776 7698
f 6776 7346 7414
f 7293 7346 7698
f 6660 6672 7353
f 6672 7289 7353
f 6636 6972 6312
f 6636 6468 6972
f 3998 7329 6030
f 7550 1421 7425
f 1270 7513 7712
f 7386 7347 4356
f 2619 7294 7576
f 6940 7152 4847
f 5186 4847 7152
f 4847 5186 6185
f 4197 6847 7741
f 6312 7436 7803
f 7513 7433 7712
f 6676 9931 9990
f 7345 7680 7815
f 7345 7458 7680
f 6468 6494 7357
f 6752 4934 7405
f 7380 4959 7391
f 4934 6752 7391
f 2019 1798 3561
f 7595 7710 7298
f 6084 6783 2591
f 7537 6668 7594
f 7724 7366 7705
f 7407 7152 4486
f 4860 2053 4101
f 6943 5062 6456
f 1877 1270 7302
f 4657 5130 7762
f 5130 4558 7762
f 7616 4657 7762
f 4267 6776 7491
f 7491 6776 7616
f 4267 4041 7698
f 6776 4267 7698
f 4041 7293 7698
f 7293 4041 7334
f 7395 7293 7334
f 6423 6487 7395
f 6241 7348 7489
f 6052 7796 7540
f 6972 6973 6312
f 7311 7797 7755
f 7622 4356 239
f 3998 7013 7329
f 7013 6319 6044
f 7013 3998 6319
f 4478 6910 4927
f 6910 7404 4927
f 6879 1789 6246
f 7512 7758 7727
f 1108 1510 4950
f 5214 5213 7755
f 4693 7534 7630
f 7440 7456 7477
f 6932 6966 7470
f 9036 7489 9037
f 6074 6032 6075
f 2896 5995 2715
f 3419 5021 5047
f 1503 4121 10236
f 1367 4876 7908
f 2811 3947 2700
f 1214 6121 7908
f 1559 5715 6174
f 4377 1344 1736
f 6121 1367 7908
f 2811 362 3947
f 7874 8257 3947
f 2700 3947 8257
f 7874 3947 8170
f 9072 9050 9073
f 2653 7996 1214
f 4708 6607 8070
f 9432 9357 9303
f 7356 7910 7569
f 2653 1369 7996
f 9454 9429 10547
f 3934 301 1365
f 301 182 1365
f 7874 8170 8970
f 360 359 242
f 8859 8788 8860
f 8788 8789 8860
f 2850 2653 5757
f 3962 3963 7893
f 8859 8860 8894
f 8983 8924 8984
f 8983 8984 2896
f 9652 9697 9731
f 8425 5979 8166
f 7872 6001 8166
f 5757 2653 2851
f 446 445 375
f 8326 2772 10304
f 9791 9792 9852
f 3838 2102 4290
f 2715 9001 8982
f 4077 7489 9035
f 5698 6792 6793
f 4580 5903 5971
f 5300 2851 2226
f 5979 7872 8166
f 7872 5822 6001
f 6746 5300 2226
f 7577 7569 7613
f 6282 6220 6283
f 1416 7906 5889
f 7906 1416 5307
f 2557 7742 7764
f 2896 1268 5995
f 2896 2763 1268
f 5983 1036 8177
f 242 7877 8170
f 4244 8367 7352
f 7352 8367 7665
f 7158 7185 6000
f 5955 1268 4781
f 1266 5302 2674
f 4221 4196 4244
f 6568 7566 7666
f 2853 2309 5956
f 8446 8480 8451
f 6141 236 5299
f 7521 6357 8213
f 4025 999 4643
f 8785 8760 8761
f 1036 5983 7895
f 1266 5987 5302
f 7566 7665 7666
f 5869 1036 7895
f 4196 8179 8258
f 4244 8258 8294
f 4196 8258 4244
f 4244 8294 8367
f 7665 8367 7666
f 8367 8403 7666
f 8451 5906 7884
f 5803 7215 5867
f 8043 7778 8085
f 1363 5869 7895
f 5987 183 8422
f 5327 5987 8422
f 183 5323 6768
f 7564 7531 7565
f 9781 9754 2939
f 4423 6547 8884
f 6633 6597 8439
f 6602 1414 4709
f 10131 10132 10164
f 5976 4322 8482
f 6621 6555 4702
f 5803 2517 4686
f 5328 5882 4534
f 5882 5328 7764
f 2731 2730 5955
f 4781 2731 5955
f 8422 183 6768
f 6768 5323 5978
f 6407 4495 10402
f 8258 8179 8294
f 8367 8295 8368
f 8294 8295 8367
f 8403 8368 7734
f 8367 8368 8403
f 6495 6496 6570
f 8126 7608 6250
f 8075 7608 8126
f 7623 7508 7964
f 2009 1373 6014
f 2730 2731 5417
f 360 361 2677
f 5699 4528 5788
f 6466 8285 8316
f 8294 8179 8218
f 8294 8218 8295
f 8368 8295 8329
f 8368 8329 7734
f 7214 8997 9010
f 8126 6250 6249
f 8651 8574 8652
f 4023 3927 4636
f 8694 8651 8695
f 8538 8477 8576
f 8575 8576 8608
f 8119 7855 8123
f 2730 5417 7854
f 6125 5172 6679
f 4038 4013 4039
f 4109 4110 4145
f 8179 4098 8180
f 8179 8180 8218
f 7734 8329 8369
f 4419 4389 8374
f 5134 6009 6010
f 8574 8608 8652
f 7854 7855 8119
f 2258 5301 5958
f 5958 5301 8738
f 359 360 2675
f 243 242 359
f 8787 8727 8788
f 8327 8364 8175
f 8078 4039 8079
f 4098 8079 8135
f 8078 8079 4098
f 4098 8135 8180
f 8295 8218 8259
f 8295 8259 8329
f 9306 9307 9333
f 5892 2766 6417
f 5941 2898 1317
f 5600 5941 6742
f 7265 4666 8884
f 9046 7834 9047
f 8580 6707 8659
f 3988 8001 4013
f 8866 8867 6975
f 2630 5938 8423
f 8831 6881 8867
f 6974 8866 6975
f 8767 6848 6881
f 9889 9824 9656
f 6465 6466 8354
f 4039 4013 8079
f 8135 8079 8136
f 8180 8136 8181
f 8135 8136 8180
f 8218 8181 8219
f 8180 8181 8218
f 8218 8219 8259
f 8329 8259 8296
f 8329 8296 8369
f 8816 7039 8883
f 8045 6083 8122
f 4748 6083 8045
f 8982 8945 8983
f 4827 4476 4828
f 6308 7666 7671
f 8766 6784 8767
f 8863 8895 8947
f 6849 6881 6848
f 8866 8831 8867
f 3565 3927 4023
f 8831 8767 6881
f 1423 7906 5307
f 8792 8767 8830
f 8288 8250 8321
f 2764 5905 6001
f 8359 8321 8360
f 306 2670 4708
f 8763 8764 8825
f 8079 8001 8080
f 4013 8001 8079
f 8079 8080 8136
f 8181 8136 8182
f 8181 8182 8219
f 8259 8219 8260
f 8259 8260 8296
f 8369 8296 8370
f 8730 8700 8731
f 1268 5955 6792
f 8785 8761 8822
f 8824 8788 8859
f 8893 8858 8894
f 8858 8859 8894
f 6749 6718 7050
f 2519 2149 8551
f 125 1738 1551
f 8612 8578 8613
f 5974 8512 8513
f 8865 8830 6974
f 7017 8865 6974
f 4308 3682 7319
f 8578 8541 8613
f 8792 8766 8767
f 10329 10240 10235
f 7852 7849 7853
f 2730 2739 5955
f 8080 8042 8081
f 8001 8042 8080
f 8080 8081 8136
f 8136 8081 8182
f 8296 8330 8370
f 8370 8404 7687
f 8700 6707 8731
f 1464 6639 4709
f 9039 7443 9045
f 8688 991 8929
f 5816 1424 8688
f 8399 5938 2764
f 10166 5362 10199
f 6086 6087 6123
f 7336 7303 7816
f 9643 9644 9670
f 4507 5844 6659
f 7834 6705 9047
f 9378 7479 9379
f 6635 4198 9040
f 6752 3890 6806
f 7836 7614 7862
f 5906 6941 7884
f 7115 8939 8972
f 8042 3989 8002
f 8001 3989 8042
f 8042 8002 8081
f 8182 8081 8137
f 8219 8137 8220
f 8182 8137 8219
f 8219 8220 8260
f 8296 8260 8297
f 8296 8297 8330
f 8370 8330 8371
f 8370 8371 8404
f 7687 8404 7689
f 182 4291 4746
f 182 4746 4747
f 9225 9197 9226
f 8855 8822 8856
f 8890 8921 8943
f 6770 7631 7419
f 1417 5938 8399
f 4598 36 4782
f 4953 3813 2588
f 8580 6673 6707
f 6046 6088 7971
f 7912 7889 7913
f 7889 7890 7913
f 1424 1417 2684
f 1417 1424 8423
f 7552 7349 6814
f 8425 1365 8516
f 8002 8003 8081
f 8137 8138 8220
f 8260 8220 8261
f 8260 8261 8297
f 8404 8371 8405
f 7327 4171 7771
f 4780 3647 6455
f 5979 8425 8516
f 7872 5979 2061
f 5822 7872 3984
f 7872 2061 3984
f 5833 5983 4876
f 8729 8730 8765
f 2630 1363 5938
f 8730 8731 8765
f 8791 8729 8765
f 2732 1213 4748
f 3330 2258 2673
f 1317 2898 5705
f 157 4295 5900
f 8890 8855 8921
f 9279 9305 9411
f 7938 7913 7939
f 7912 7913 7938
f 7938 7939 7971
f 1168 8514 8952
f 7972 1168 2895
f 5938 7895 2764
f 7895 5905 2764
f 4933 4908 7405
f 8002 3989 8003
f 8081 8003 8082
f 8137 8082 8138
f 8081 8082 8137
f 8220 8138 8183
f 8220 8183 8261
f 8330 8297 8331
f 8371 8330 8372
f 8330 8331 8372
f 8405 8371 8406
f 8371 8372 8406
f 301 1170 4291
f 2735 2674 3984
f 8828 8829 8864
f 8828 8791 8829
f 8791 8765 8829
f 1213 2732 1171
f 4748 1213 6083
f 6417 2766 6896
f 8119 8123 8513
f 5892 7942 7972
f 4295 7601 2704
f 7830 4207 7841
f 6896 1273 7601
f 6654 5192 8796
f 5900 5600 6742
f 2766 7972 8517
f 7972 2895 8517
f 8514 8127 8952
f 7869 8045 8122
f 8408 7908 4876
f 2674 5822 3984
f 6701 6667 6702
f 3989 7973 8003
f 8297 8261 8298
f 8331 8297 8332
f 8297 8298 8332
f 8372 8331 4323
f 8331 8332 4323
f 8372 4323 8406
f 2735 1266 2674
f 5556 1219 6009
f 8651 8652 8695
f 8575 8538 8576
f 9483 9437 9484
f 8574 8575 8608
f 8979 6923 6924
f 4114 6845 6877
f 7939 6046 7971
f 6241 7500 7933
f 5705 1457 1317
f 5705 5328 1457
f 8860 8861 8926
f 8925 8926 8946
f 8003 7973 8004
f 8082 8004 8083
f 8003 8004 8082
f 8082 8083 8138
f 8138 8083 8183
f 8298 8261 8299
f 8261 8183 8299
f 8332 8298 8333
f 8298 8299 8333
f 3861 4647 6259
f 8332 8333 4323
f 4389 4328 8374
f 2683 1563 1171
f 10196 10163 10197
f 1111 5966 5887
f 8359 8360 8393
f 8692 8572 8778
f 306 2627 2701
f 8075 7558 7608
f 5906 5892 6417
f 5977 8090 8512
f 5974 5977 8512
f 8089 8090 5977
f 8089 7852 8090
f 7849 7852 8089
f 2737 2739 7849
f 2771 2739 2737
f 4536 1194 257
f 361 242 362
f 5978 5323 8969
f 7973 7943 7974
f 7973 7974 8004
f 8004 8005 8083
f 8183 8083 8184
f 8183 8184 8221
f 8299 8221 8300
f 8183 8221 8299
f 8299 8300 8333
f 2677 361 362
f 2631 5899 6083
f 2627 306 5134
f 2670 2701 4708
f 8855 8891 8921
f 8446 4322 8480
f 7597 6909 7437
f 8918 8851 8919
f 10131 10063 10132
f 10063 10032 10132
f 7569 7910 7969
f 6321 6360 8214
f 10024 6710 10025
f 9197 9198 9226
f 8503 6531 8504
f 6531 6569 8504
f 8503 8504 8539
f 8503 8539 8577
f 8725 8655 8726
f 8861 8789 8862
f 362 242 3947
f 7641 7640 8129
f 8004 7974 8005
f 8083 8005 8084
f 8083 8084 8184
f 8221 8184 8222
f 8221 8222 8262
f 1092 2634 4782
f 8221 8262 8300
f 2353 3817 8170
f 3817 8970 8170
f 8984 8925 1563
f 8301 5460 8326
f 2683 8984 1563
f 1509 5195 5220
f 2679 5698 1218
f 2679 2715 5698
f 2628 5307 9017
f 1218 5698 6793
f 8856 8823 8857
f 2812 2853 2899
f 7781 8896 9016
f 2667 2668 7842
f 3528 4776 8950
f 5402 3682 4147
f 9303 9254 9255
f 3083 2288 2518
f 7640 7621 8129
f 2810 2668 2855
f 2668 2667 2855
f 5956 1218 2810
f 1466 1218 5956
f 1466 8980 9015
f 8921 8922 8944
f 7667 7513 9007
f 8356 8357 8391
f 5038 5978 8969
f 7943 7944 7974
f 8005 8006 8084
f 8184 8084 8139
f 8222 8184 8223
f 8184 8139 8223
f 8262 8223 4247
f 8222 8223 8262
f 7507 7462 7535
f 5298 2353 1369
f 2715 2679 9001
f 8921 8892 8922
f 8980 8944 8981
f 8855 8857 8891
f 9734 9735 9766
f 8856 8857 8855
f 7494 7842 7845
f 7833 7494 7845
f 7833 7845 8481
f 5988 7833 8481
f 8950 8930 7341
f 561 1509 5220
f 4322 2149 8482
f 7916 7943 9321
f 2149 8481 8482
f 7494 2667 7842
f 5988 8481 2149
f 2812 2309 2853
f 2666 2667 7494
f 2812 2667 2666
f 2667 2812 2899
f 8760 8725 8761
f 8980 8981 9001
f 6718 6749 7814
f 3083 6061 6866
f 7944 7917 7945
f 5038 4978 5076
f 7944 7945 7974
f 8005 7974 8006
f 8084 8006 8085
f 8139 8085 8140
f 8084 8085 8139
f 8139 8140 8185
f 8223 8185 4173
f 8139 8185 8223
f 3927 4396 4636
f 8223 4173 4247
f 242 361 360
f 7532 5493 8868
f 3817 2353 5298
f 8726 8727 8787
f 8321 8250 8322
f 8609 8610 8654
f 7994 3817 5298
f 9791 9765 9792
f 10116 10117 10147
f 8930 4739 8931
f 4227 4228 4252
f 8930 8931 7341
f 7341 8931 8951
f 4161 4237 4004
f 7341 8951 4455
f 7318 6908 6878
f 2701 6607 4708
f 1344 3400 1736
f 4322 5303 2149
f 5303 4322 8446
f 8324 8325 8398
f 8217 3083 6866
f 3947 242 8170
f 7917 7918 7945
f 8006 7945 7975
f 7974 7945 8006
f 8006 7975 8043
f 8006 8043 8085
f 8140 8085 8141
f 8185 8141 4173
f 8140 8141 8185
f 7532 8817 7549
f 6906 8776 8818
f 9679 9680 9708
f 8250 8289 8322
f 10104 10105 10134
f 2626 6004 9018
f 611 3928 10399
f 1370 1219 9032
f 7511 7644 8994
f 5302 7965 1417
f 7157 4455 4172
f 7639 7620 7640
f 8727 8698 8762
f 1374 5816 2258
f 5986 1367 6121
f 1367 5986 8794
f 5986 6121 5868
f 243 5021 7877
f 8653 8655 8725
f 1218 1466 5458
f 8980 9001 9015
f 8653 8654 8655
f 2679 5458 9015
f 7549 8817 8366
f 1364 8366 5982
f 2677 8947 360
f 2850 5298 1369
f 8543 8544 8579
f 4702 6555 7883
f 6487 2626 6002
f 8611 8577 8612
f 8577 8578 8612
f 6121 1170 5868
f 6000 5234 359
f 5234 5021 243
f 1214 1170 6121
f 6020 6019 9085
f 5947 5563 5679
f 3477 3930 1600
f 6082 6042 7935
f 9847 9817 9848
f 6000 2675 7158
f 4455 8951 7313
f 7313 4172 4455
f 6409 6408 6643
f 2626 2519 6002
f 8978 8890 8979
f 8920 8890 8978
f 8821 8784 8854
f 8920 8889 8890
f 8889 8854 8890
f 8723 8758 8784
f 8821 8783 8784
f 5956 5939 6923
f 8178 3419 5129
f 3817 8952 8970
f 8217 5936 9016
f 8583 8326 10304
f 1364 5982 7621
f 8947 8948 2676
f 3838 2875 2102
f 7945 7946 7975
f 8043 7975 7778
f 4080 4452 5738
f 8947 2676 360
f 6674 6707 6673
f 2653 2850 1369
f 1112 8424 5886
f 6357 8171 8250
f 8943 8944 8980
f 8723 8693 8758
f 8783 8723 8784
f 8723 8607 8693
f 4135 4098 8179
f 5358 5714 5969
f 4680 4656 4721
f 8402 6141 8549
f 6358 5452 6876
f 8951 6045 7313
f 4755 4666 5678
f 8252 8323 8361
f 8252 8291 8323
f 8396 8420 8475
f 8475 8501 8537
f 9700 9655 9701
f 5956 6923 2682
f 7877 3419 8178
f 2679 1218 5458
f 8540 8541 8578
f 2593 6746 8177
f 7937 6816 7356
f 2653 2226 2851
f 4876 6746 8408
f 8947 8895 8948
f 7620 1364 7621
f 7778 7975 8007
f 5636 204 5648
f 6737 4281 6876
f 8507 8169 9812
f 8542 8543 8541
f 8895 7017 8948
f 6746 2226 8408
f 8945 8924 8983
f 8696 8697 8726
f 2854 2810 1218
f 8250 8251 8289
f 1213 1563 2765
f 8536 8500 8537
f 7688 7458 7082
f 6045 6737 7313
f 8172 8124 8125
f 8074 8124 8172
f 5980 7417 5888
f 8074 8033 8124
f 6151 6152 8033
f 8536 8537 8607
f 8500 8475 8537
f 7849 7846 2737
f 7846 7876 2737
f 9848 9818 9849
f 8505 8506 8541
f 7887 7888 7911
f 5325 7555 7623
f 5983 8177 4876
f 8542 8507 8543
f 7975 7946 7976
f 7975 7976 8007
f 5749 204 5636
f 8763 8728 8764
f 8177 6746 4876
f 7581 6635 7779
f 7356 7559 7237
f 8656 8612 8613
f 8653 8609 8654
f 2309 2812 2666
f 2225 5939 5956
f 4349 7697 8405
f 9817 9818 9848
f 8661 7934 8738
f 7388 4419 7588
f 4327 4302 4328
f 8425 8794 5986
f 10236 4755 10300
f 4038 4039 8078
f 7474 7313 5452
f 6603 6570 6604
f 6924 1420 9014
f 5216 1420 6924
f 1420 5216 5957
f 2225 2654 5957
f 2654 2664 2665
f 2654 2225 2664
f 8475 8420 8501
f 7846 7849 8086
f 8540 8505 8541
f 1219 5556 9030
f 1414 6602 9022
f 8829 8830 8865
f 8582 2149 8407
f 7946 7919 7947
f 7946 7947 7976
f 8007 7976 8008
f 8008 4067 8088
f 7912 7938 7970
f 4176 4177 8143
f 5758 9004 6602
f 8696 8656 8697
f 2737 2668 2854
f 8609 8576 8610
f 6469 6531 8362
f 2225 2309 2666
f 6355 7520 8211
f 8659 6707 8700
f 9051 9052 9074
f 4618 8619 8666
f 4568 8619 4618
f 4618 8666 8739
f 7648 4656 7649
f 4656 8739 7649
f 264 5479 5514
f 5080 4341 4466
f 6141 5299 8549
f 7067 1410 5889
f 9940 9970 10005
f 10292 3151 10420
f 7313 6876 5452
f 9457 9357 9432
f 2665 2558 6607
f 2665 2664 2558
f 5905 7895 5833
f 2588 2591 7518
f 8361 8397 8420
f 8890 8943 8979
f 4075 4020 4021
f 8437 7848 10290
f 8765 8766 8792
f 8829 8792 8830
f 7919 7920 7947
f 7976 7947 4016
f 7976 4016 8008
f 4176 4142 4177
f 3963 3964 3991
f 4201 4202 4227
f 9848 9849 9883
f 4301 8224 4302
f 7714 9063 9085
f 2668 2810 2854
f 8656 8613 8697
f 2422 2457 2379
f 8391 8357 8392
f 5332 6610 5548
f 4568 8552 8584
f 8619 8584 8620
f 4568 8584 8619
f 8619 8620 8666
f 8666 8620 8667
f 8739 8667 8740
f 8666 8667 8739
f 8739 8740 8799
f 8739 8799 7367
f 7649 8739 7367
f 6667 8471 8495
f 8395 8322 8396
f 8322 8290 8361
f 10371 4365 4399
f 8322 8361 8396
f 3780 1880 1917
f 4251 4252 4276
f 3390 1923 7263
f 5988 2519 6769
f 2517 5803 6011
f 8943 8921 8944
f 8781 8722 8782
f 8789 8825 8862
f 8649 8607 8723
f 8398 8362 6531
f 1374 3330 1353
f 5976 8086 5977
f 8505 6603 8506
f 4598 4782 2634
f 8511 8175 8616
f 7920 7891 7921
f 7920 7921 7947
f 9820 9851 9887
f 4228 8143 8186
f 4202 8143 4228
f 4228 8186 8224
f 2634 2517 6011
f 7422 1274 7307
f 7876 2668 2737
f 4327 4328 4389
f 2309 2225 5956
f 9134 9109 9135
f 8620 8585 8667
f 7367 8799 8834
f 8799 8740 8834
f 7714 7779 9063
f 8443 8395 8444
f 1269 1320 4598
f 2519 5988 2149
f 7237 7910 7356
f 1267 1362 8470
f 8130 8131 8424
f 7512 7544 7758
f 2054 6170 5168
f 8361 8323 8397
f 4660 8037 302
f 8545 8546 8580
f 7937 7356 7569
f 5975 5976 5977
f 8827 8864 8895
f 6784 6818 8767
f 242 243 7877
f 5705 2898 3330
f 6249 6288 6321
f 7921 7892 3991
f 7891 7892 7921
f 41 7416 1368
f 1324 185 2672
f 6586 5823 6618
f 3774 3607 10420
f 7455 7673 7463
f 8224 8186 8225
f 8224 8225 4302
f 6770 7419 4963
f 7262 7238 4625
f 7437 7290 7760
f 6416 7050 7429
f 7388 8452 8483
f 4332 2703 5907
f 6528 8389 8417
f 9265 9244 9266
f 8552 8483 8553
f 4504 8483 8552
f 8584 8553 8585
f 8552 8553 8584
f 8584 8585 8620
f 8667 8668 8740
f 7367 8834 8899
f 7367 8899 7366
f 2619 3976 7615
f 8498 8444 8499
f 7531 7506 7549
f 1324 2672 8717
f 7880 8131 4660
f 6681 902 6682
f 8782 8722 8783
f 3491 302 7448
f 8722 8723 8783
f 5678 5844 8242
f 8858 8824 8859
f 8765 6784 8766
f 7892 7893 3991
f 8541 8506 8542
f 8506 8507 8542
f 8186 8143 8187
f 8186 8187 8225
f 8225 8187 8263
f 4328 8263 8304
f 8225 8263 4328
f 8374 8304 8375
f 4328 8304 8374
f 7588 8374 7589
f 8374 8375 7589
f 7644 8993 8994
f 8553 8452 8518
f 8483 8452 8553
f 8553 8518 8585
f 8585 8518 8621
f 8667 8621 8668
f 8585 8621 8667
f 8740 8741 8800
f 8834 8800 8835
f 8740 8800 8834
f 8899 8834 8900
f 8834 8835 8900
f 8899 8900 7366
f 6028 6027 9247
f 7649 7366 7724
f 5782 2627 5134
f 7697 4379 7689
f 8778 8851 8918
f 8395 8396 8444
f 1364 7565 8366
f 7484 5493 7506
f 7565 7549 8366
f 8131 8130 4660
f 303 7880 3491
f 6769 7833 5988
f 8781 8782 8821
f 8782 8783 8821
f 359 2675 6000
f 8784 8822 8855
f 8174 8214 6402
f 8726 8697 8727
f 8170 8178 2353
f 8827 8828 8864
f 2259 241 3794
f 8948 7085 2676
f 7296 7783 7882
f 4738 4720 8930
f 10043 10044 10081
f 4144 4145 8091
f 8143 8091 8144
f 4177 8091 8143
f 8143 8144 8187
f 8263 8226 8264
f 8187 8226 8263
f 8263 8264 8304
f 8304 8305 8375
f 7589 8375 8409
f 7589 8409 8452
f 8452 8453 8518
f 8621 8554 8622
f 8518 8554 8621
f 8621 8622 8668
f 8740 8668 8741
f 8800 8741 8835
f 8835 8741 8870
f 8900 8835 8870
f 8900 8870 7366
f 6701 6702 8533
f 5307 8898 9017
f 4859 7442 9002
f 7880 4660 3491
f 5868 3934 5986
f 8722 8649 8723
f 8853 8781 8854
f 8781 8821 8854
f 7076 5083 7211
f 8948 7017 7085
f 6812 6844 6907
f 8508 8507 9812
f 2630 1353 1363
f 1467 1419 1468
f 8579 8544 8580
f 5886 7880 8327
f 8925 8946 2765
f 6182 6183 8074
f 8091 8092 8144
f 8187 8144 8188
f 8187 8188 8226
f 8304 8264 8305
f 8375 8305 8337
f 8375 8337 8409
f 8452 8409 8453
f 8518 8453 8554
f 7366 8901 8953
f 8870 8901 7366
f 7366 8953 7705
f 8070 6607 7833
f 1370 1420 6010
f 10133 10104 10134
f 2292 10257 10373
f 8888 8889 8920
f 8573 8607 8649
f 5304 3491 7448
f 8172 8173 8291
f 1219 9031 9032
f 8759 8760 8785
f 8784 8785 8822
f 8535 8498 8572
f 4172 7313 7474
f 5906 8451 7942
f 1374 2630 8423
f 1353 2630 1374
f 7914 7915 7940
f 7048 7049 7081
f 8092 8046 8093
f 8091 4145 8092
f 8144 8093 8145
f 8092 8093 8144
f 8188 8145 8189
f 8144 8145 8188
f 8188 8189 8226
f 8264 8226 8265
f 8264 8265 8305
f 8409 8337 8410
f 8409 8410 8426
f 8409 8426 8453
f 8453 8426 8454
f 8453 8454 8554
f 8554 8454 8586
f 8554 8586 8622
f 8622 8586 8669
f 8668 8622 8669
f 8741 8668 8742
f 8668 8669 8742
f 8741 8742 8801
f 8741 8801 8870
f 5172 2107 6679
f 8322 8289 8290
f 5782 5134 6010
f 8443 8444 8498
f 1420 1370 9014
f 5015 7067 5889
f 8070 7833 6769
f 6642 8510 9874
f 2294 10248 10343
f 2024 2023 1934
f 5592 5546 5713
f 8888 8852 8889
f 8778 8572 8779
f 8977 8920 8978
f 8573 8536 8607
f 8573 8499 8536
f 5328 4534 7486
f 6009 1219 6010
f 7881 7882 6042
f 8035 8075 8126
f 8335 10302 10437
f 7970 7971 7998
f 8541 8543 8614
f 7965 5302 5327
f 4747 5002 5237
f 7940 7915 7941
f 4145 4110 8046
f 8093 8010 8094
f 8046 8010 8093
f 8093 8094 8145
f 8226 8189 8227
f 8226 8227 8265
f 8305 8265 8306
f 8305 8306 8337
f 8454 8555 8586
f 8586 8555 8623
f 8586 8623 8669
f 8870 8801 8836
f 8870 8836 8901
f 6816 7815 9324
f 10398 10346 10088
f 1370 9032 9014
f 8977 8978 9014
f 2519 1267 6769
f 3528 8950 7341
f 5306 5325 6356
f 6356 5325 7964
f 8852 8853 8889
f 8852 8780 8853
f 8394 8395 8443
f 7362 7935 7909
f 8759 8724 8760
f 8693 8724 8759
f 7003 5906 6417
f 7853 7854 8090
f 7469 6677 5493
f 8657 8614 8658
f 3937 3938 3962
f 8423 5816 1374
f 5306 3976 5186
f 3991 4016 7947
f 867 19 2259
f 8094 8010 8095
f 8145 8095 8146
f 8094 8095 8145
f 8145 8146 8189
f 8265 8227 8266
f 8265 8266 8306
f 8337 8306 8338
f 8337 8338 8410
f 8426 8410 8427
f 8426 8427 8454
f 8742 8669 8705
f 8742 8705 8770
f 8801 8742 8770
f 8801 8770 8836
f 8289 8251 8290
f 7713 7670 7734
f 8977 9014 9032
f 1125 1078 1126
f 1632 6169 2775
f 7964 5325 7623
f 8780 8781 8853
f 6061 3083 2518
f 8853 8854 8889
f 8851 8888 8919
f 8650 8651 8694
f 4828 4476 6520
f 8512 8119 8513
f 8698 8657 8658
f 9675 9635 9676
f 8665 8387 8971
f 2519 2626 1267
f 7716 6816 9324
f 4021 7949 7978
f 8010 8047 8095
f 8146 8047 8147
f 8095 8047 8146
f 8189 8147 8190
f 8146 8147 8189
f 8227 8190 8228
f 8189 8190 8227
f 8227 8228 8266
f 8427 8410 8428
f 8427 8428 8455
f 8427 8455 8454
f 8555 8454 8519
f 8623 8555 8624
f 8623 8624 8669
f 8669 8624 8705
f 8770 8705 8743
f 8836 8770 8802
f 8836 8802 8871
f 8836 8871 8901
f 8796 5192 8690
f 8572 8648 8721
f 8572 8721 8780
f 8779 8572 8780
f 8572 8498 8573
f 8572 8573 8648
f 7623 7555 9003
f 8498 8499 8573
f 3945 3944 9116
f 7649 6737 6045
f 6187 6224 7344
f 5575 5609 6192
f 8321 8322 8360
f 8693 8694 8724
f 8033 6152 7968
f 8693 8650 8694
f 8035 7936 8075
f 7237 7885 7910
f 8324 8292 8325
f 6088 6124 7998
f 8662 8665 8479
f 8394 8322 8395
f 8662 8387 8665
f 1457 4233 7631
f 7978 7949 8010
f 8147 8047 8148
f 8190 8148 8191
f 8147 8148 8190
f 8228 8191 8192
f 8190 8191 8228
f 8266 8192 8267
f 8228 8192 8266
f 8266 8267 8306
f 8454 8455 8519
f 8624 8519 8625
f 8555 8519 8624
f 8624 8625 8670
f 8624 8670 8705
f 8770 8743 8802
f 8901 8871 8902
f 8953 8902 7654
f 8901 8902 8953
f 8953 7654 7655
f 4302 8225 4328
f 7654 8987 7751
f 862 3390 2657
f 8942 8920 8977
f 6860 4619 7751
f 8942 8919 8920
f 8851 8852 8888
f 8919 8888 8920
f 8779 8780 8852
f 8851 8779 8852
f 7546 7555 6347
f 805 2905 2953
f 5887 5304 41
f 8780 8721 8781
f 1274 4076 7307
f 8721 8722 8781
f 8262 4247 8300
f 8172 8125 8173
f 8650 8574 8651
f 7599 7676 7968
f 6002 2519 6623
f 8762 8698 8763
f 1424 991 8688
f 2896 2715 8982
f 4021 7896 7924
f 4021 7924 7949
f 8010 7949 8011
f 8047 8011 8048
f 8010 8011 8047
f 8047 8048 8096
f 8148 8096 8149
f 8047 8096 8148
f 8148 8149 8191
f 8306 8267 8307
f 8338 8307 8339
f 8306 8307 8338
f 8410 8338 8376
f 8338 8339 8376
f 8410 8376 8428
f 8743 8705 8706
f 8705 8670 8706
f 8743 8706 8802
f 7654 8902 8954
f 7654 8954 8987
f 2800 3528 4707
f 10163 10164 10197
f 4752 630 7583
f 1213 2631 6083
f 5414 5556 6009
f 3928 7658 6016
f 6142 5738 236
f 5981 1274 5915
f 9799 9800 9831
f 8125 8033 8034
f 9198 9153 9199
f 7968 7676 7936
f 8762 8763 8789
f 8929 6643 4756
f 182 4747 1365
f 7860 7836 7861
f 7835 7836 7860
f 7896 7861 7897
f 8795 8617 10253
f 7896 7897 7924
f 7949 7924 7950
f 7949 7950 8011
f 8096 8048 8097
f 8096 8097 8149
f 8191 8149 8192
f 8267 8192 8268
f 8267 8268 8307
f 8307 8268 8339
f 8428 8376 8429
f 8455 8429 8456
f 8428 8429 8455
f 8455 8456 8484
f 8455 8484 8519
f 8519 8484 8556
f 8519 8556 8587
f 8519 8587 8625
f 8670 8587 8671
f 8625 8587 8670
f 8802 8706 8803
f 8802 8803 8837
f 8802 8837 8871
f 7751 8987 6860
f 6002 7418 6487
f 10051 226 2721
f 6797 6584 10396
f 8918 8942 8976
f 7536 7507 8735
f 8124 8033 8125
f 8125 8034 8173
f 8501 8502 8538
f 8502 8476 8538
f 2628 2623 5864
f 1423 5864 2629
f 8516 1365 1697
f 8048 8011 8049
f 8097 8049 8098
f 8048 8049 8097
f 8097 8098 8149
f 8268 8192 8269
f 8339 8269 8340
f 8268 8269 8339
f 8339 8340 8376
f 8484 8520 8556
f 8587 8556 8588
f 8670 8671 8706
f 8902 8871 8903
f 8954 8902 8955
f 8987 8955 8988
f 8954 8955 8987
f 6860 8988 9004
f 8987 8988 6860
f 303 3491 5304
f 5803 5867 6011
f 3934 5868 1170
f 6623 2519 8551
f 2189 2108 2190
f 5844 6680 8242
f 2701 2665 6607
f 10366 4755 10415
f 4136 7778 8087
f 7086 6975 7052
f 8574 8501 8575
f 8501 8538 8575
f 5307 2628 5864
f 7846 8086 8482
f 8482 8086 5976
f 9882 9883 9914
f 6407 10402 10427
f 3792 3699 4733
f 6954 6988 6987
f 6416 6749 7050
f 7897 7862 7898
f 7861 7862 7897
f 7924 7898 7925
f 7897 7898 7924
f 7924 7925 7950
f 7950 7925 7979
f 8011 7979 8012
f 7950 7979 8011
f 8049 8012 8050
f 8011 8012 8049
f 8098 8050 8099
f 8049 8050 8098
f 8149 8099 8150
f 8098 8099 8149
f 8149 8150 8192
f 8192 8193 8269
f 8376 8340 8377
f 8429 8377 8430
f 8376 8377 8429
f 8429 8430 8456
f 8484 8456 8485
f 8484 8485 8520
f 8556 8520 8557
f 8588 8557 8589
f 8556 8557 8588
f 8587 8588 8626
f 8588 8589 8626
f 8671 8626 8672
f 8587 8626 8671
f 8671 8672 8706
f 8803 8706 8804
f 8837 8804 8838
f 8803 8804 8837
f 8837 8838 8871
f 8871 8838 8903
f 8902 8903 8955
f 8988 8955 9004
f 5758 6860 9004
f 6640 7727 7758
f 8171 8074 8172
f 8360 8322 8394
f 3682 4308 5548
f 7860 7861 7896
f 4084 7967 10403
f 6047 6046 7940
f 5212 5166 5213
f 8502 8445 8476
f 1274 5981 4076
f 1112 5886 8175
f 5462 7401 5419
f 1919 3782 3824
f 8923 8893 8924
f 2061 8516 1697
f 2061 5979 8516
f 4181 4129 3138
f 7862 7863 7898
f 8192 8150 8193
f 8269 8193 8270
f 8269 8270 8308
f 8269 8308 8340
f 8340 8308 8377
f 8456 8430 8457
f 8456 8457 8485
f 8520 8485 8521
f 8557 8520 8558
f 8520 8521 8558
f 8589 8558 8590
f 8557 8558 8589
f 8626 8590 8627
f 8589 8590 8626
f 8626 8627 8672
f 8706 8672 8707
f 8706 8707 8744
f 8804 8744 8805
f 8706 8744 8804
f 8838 8805 8839
f 8804 8805 8838
f 8838 8839 8903
f 5022 4619 6860
f 1073 5897 1231
f 8648 8573 8649
f 8721 8648 8722
f 8648 8649 8722
f 1422 1274 185
f 1274 5909 5915
f 1274 1422 5909
f 5915 5909 5461
f 8291 8173 8292
f 8445 8398 8476
f 5889 1410 302
f 7846 7842 7876
f 7470 5981 5915
f 8894 8860 8925
f 8790 8729 8791
f 3941 3940 9212
f 6768 8663 140
f 7898 7863 7899
f 7925 7899 7926
f 7898 7899 7925
f 7925 7926 7951
f 7979 7925 7980
f 7925 7951 7980
f 8012 7979 8013
f 7979 7980 8013
f 8012 8013 8050
f 8099 8050 8100
f 8099 8100 8150
f 8308 8309 8377
f 8485 8457 8458
f 8485 8458 8521
f 8672 8627 8673
f 8672 8673 8707
f 8744 8673 8745
f 8707 8673 8744
f 8744 8745 8805
f 8805 8745 8839
f 8955 8903 8956
f 8955 8956 9004
f 4363 6866 6061
f 2701 2654 2665
f 2627 2654 2701
f 2654 2627 5782
f 2654 5782 5957
f 5957 5782 6010
f 1420 5957 6010
f 7231 6749 6416
f 6074 7581 7779
f 4207 7830 8336
f 5418 7486 4534
f 8323 8291 8324
f 8397 8324 8398
f 8445 8397 8398
f 7842 2668 7876
f 4177 4144 8091
f 6141 8402 6029
f 8924 8894 8925
f 5758 6602 7672
f 7863 7837 7864
f 7780 7837 7863
f 7863 7864 7899
f 8050 8013 8051
f 8050 8051 8100
f 8150 8100 8151
f 8193 8151 8194
f 8150 8151 8193
f 8270 8194 8271
f 8193 8194 8270
f 8308 8271 8309
f 8270 8271 8308
f 8430 8377 8431
f 8457 8431 8458
f 8430 8431 8457
f 8558 8521 8559
f 8590 8558 8591
f 8558 8559 8591
f 8627 8591 8628
f 8590 8591 8627
f 8673 8628 8674
f 8627 8628 8673
f 8745 8674 8746
f 8673 8674 8745
f 8745 8746 8806
f 8839 8745 8806
f 8839 8806 8872
f 8903 8839 8904
f 8839 8872 8904
f 8903 8904 8932
f 8956 8903 8932
f 9004 8956 6602
f 10420 3607 3926
f 5939 2225 5957
f 2225 2666 2664
f 303 5966 8775
f 8952 8142 8970
f 5134 1037 6009
f 9000 8977 9031
f 7016 5461 7290
f 7613 7569 7969
f 8732 7536 8735
f 4845 1324 8732
f 1324 8717 8732
f 185 1324 184
f 184 1324 4845
f 185 184 1422
f 5461 5909 7290
f 7362 6151 7808
f 7515 1372 7551
f 6151 6120 7808
f 8291 8292 8324
f 4396 4084 10403
f 1416 427 8898
f 1416 5889 8037
f 5307 1416 8898
f 3884 7965 5327
f 8924 8925 8984
f 8926 8861 8946
f 5905 5833 8166
f 7926 7899 7927
f 7951 7927 7952
f 7926 7927 7951
f 7980 7951 7981
f 7951 7952 7981
f 8013 7980 7981
f 8013 7981 8051
f 8377 8309 8378
f 8377 8378 8431
f 8591 8559 8592
f 8628 8592 8629
f 8591 8592 8628
f 8628 8629 8674
f 8746 8747 8806
f 8806 8747 8840
f 8872 8806 8840
f 8904 8872 8905
f 8872 8840 8905
f 8904 8905 8932
f 8251 8171 8252
f 4527 7449 7472
f 2850 2766 7994
f 8735 7507 8737
f 4845 8732 8735
f 184 2655 1422
f 2655 5909 1422
f 5909 7875 7290
f 4378 7683 2557
f 4227 4202 4228
f 7778 8007 8087
f 8178 5129 2353
f 8544 8545 8580
f 7899 7864 7900
f 7899 7900 7927
f 8051 7981 8014
f 8100 8014 8101
f 8051 8014 8100
f 8151 8101 8152
f 8100 8101 8151
f 8194 8152 8195
f 8151 8152 8194
f 8194 8195 8229
f 8194 8229 8271
f 8309 8229 8310
f 8271 8229 8309
f 8309 8310 8341
f 8309 8341 8378
f 8431 8378 8432
f 8431 8432 8458
f 8458 8432 8486
f 8521 8486 8522
f 8458 8486 8521
f 8559 8521 8560
f 8521 8522 8560
f 8559 8560 8592
f 8746 8675 8747
f 8674 8675 8746
f 8840 8747 8807
f 8840 8807 8873
f 8840 8873 8905
f 8932 8905 8957
f 8956 8932 8957
f 8956 8957 6602
f 6602 8957 9022
f 10279 4605 10373
f 1117 1116 5875
f 8290 8251 8252
f 8290 8252 8361
f 8396 8361 8420
f 8444 8396 8475
f 8499 8444 8500
f 7559 9323 9351
f 8717 7536 8732
f 2678 4845 8735
f 2678 8735 8737
f 2678 184 4845
f 2655 5912 5909
f 5909 5912 7875
f 8323 8324 8397
f 8173 8174 8253
f 427 1416 8037
f 5889 302 8037
f 6677 5889 7906
f 2896 8984 2763
f 10331 10318 10372
f 7864 7837 7865
f 7864 7865 7900
f 7927 7900 7928
f 7952 7928 7953
f 7927 7928 7952
f 7981 7953 7982
f 7952 7953 7981
f 7981 7982 8014
f 8101 8014 8102
f 8152 8102 8153
f 8101 8102 8152
f 8195 8153 8196
f 8152 8153 8195
f 8229 8195 8230
f 8195 8196 8230
f 8229 8230 8272
f 8310 8229 8272
f 8341 8310 8342
f 8310 8272 8342
f 8378 8341 8411
f 8378 8411 8432
f 8592 8560 8593
f 8629 8593 8630
f 8592 8593 8629
f 8674 8630 8675
f 8629 8630 8674
f 8957 8905 8958
f 1736 2350 7996
f 5458 1466 9015
f 2701 2670 306
f 6083 5899 8122
f 8898 5990 9017
f 184 2678 6609
f 2655 184 6609
f 5912 2655 3852
f 7875 3852 7995
f 5912 3852 7875
f 4633 4618 4656
f 2353 5129 3929
f 4876 1367 8794
f 8501 8420 8502
f 8420 8445 8502
f 8173 8253 8292
f 6677 7906 8868
f 5999 2258 5958
f 8166 5833 8794
f 1563 8925 2765
f 9323 7716 9324
f 8014 7982 8015
f 8014 8015 8052
f 8102 8052 8103
f 8014 8052 8102
f 8153 8103 8154
f 8102 8103 8153
f 8196 8154 8197
f 8153 8154 8196
f 8230 8197 8231
f 8196 8197 8230
f 8272 8230 8231
f 8272 8231 8273
f 8342 8273 8343
f 8272 8273 8342
f 8342 8343 8341
f 8432 8411 8433
f 8432 8433 8459
f 8432 8459 8486
f 8560 8522 8561
f 8560 8561 8593
f 8630 8593 8631
f 8675 8631 8676
f 8630 8631 8675
f 8675 8676 8708
f 8675 8708 8747
f 8747 8748 8807
f 8905 8873 8906
f 8905 8906 8958
f 9022 8957 9023
f 4705 1414 9022
f 4705 9022 9023
f 1464 1414 4705
f 6360 6402 8214
f 5962 7573 9008
f 9324 7815 9325
f 5935 2738 1036
f 7680 9295 9325
f 943 846 3226
f 5374 9581 9619
f 7552 6031 7349
f 9303 9304 9433
f 4332 6609 7570
f 9686 9577 9687
f 4332 2655 6609
f 2655 4332 3852
f 6547 5192 6654
f 5976 5975 4322
f 5999 2673 2258
f 9295 7792 9296
f 6659 4666 7265
f 7837 7823 7838
f 7837 7838 7865
f 7928 7900 7929
f 7953 7929 7954
f 7928 7929 7953
f 7982 7954 7983
f 7953 7954 7982
f 7982 7983 8015
f 8052 8015 8053
f 8052 8053 8103
f 8154 8103 8155
f 8197 8155 8198
f 8154 8155 8197
f 8231 8198 8232
f 8197 8198 8231
f 8231 8232 8273
f 8343 8273 8344
f 8343 8344 8341
f 8411 8344 8412
f 8341 8344 8411
f 8411 8412 8433
f 8486 8459 8434
f 8486 8434 8522
f 8593 8561 8631
f 8747 8708 8748
f 8807 8748 8808
f 8807 8808 8873
f 8958 8906 8959
f 8957 8958 8989
f 8958 8959 8989
f 8957 8989 9023
f 7535 7552 6814
f 6607 2558 7833
f 2664 2666 2558
f 10104 10002 10105
f 6814 358 2703
f 7871 7760 7995
f 3852 7871 7995
f 6042 7909 7935
f 2672 6736 8717
f 8756 10255 10400
f 2763 1171 1268
f 902 4427 6682
f 7929 7900 7930
f 7929 7930 7954
f 8198 8155 8199
f 8198 8199 8232
f 8273 8232 8274
f 8273 8274 8311
f 8344 8311 8345
f 8273 8311 8344
f 8412 8345 8379
f 8344 8345 8412
f 8412 8379 8433
f 8459 8379 8434
f 8433 8379 8459
f 8522 8434 8523
f 8522 8523 8561
f 8631 8561 8632
f 8631 8632 8676
f 8873 8808 8809
f 8873 8809 8906
f 8906 8933 8959
f 8989 8959 9005
f 9023 9005 2009
f 8989 9005 9023
f 2009 4705 9023
f 1464 4705 2009
f 7102 10318 10331
f 4721 6045 8931
f 8613 8657 8698
f 4481 9836 10222
f 6120 6082 7935
f 3682 5402 6703
f 7713 7734 8369
f 7680 7792 9295
f 3565 3566 3927
f 3852 4332 5907
f 7693 7694 4709
f 8420 8397 8445
f 1269 4598 2634
f 8817 8833 8479
f 8817 2691 8833
f 1268 1171 4781
f 2678 6814 7570
f 5989 1217 2773
f 5987 2669 183
f 7823 7824 7838
f 7900 7865 7901
f 7900 7901 7930
f 7954 7930 7955
f 7983 7955 7984
f 7954 7955 7983
f 8015 7983 8016
f 7983 7984 8016
f 8053 8016 8054
f 8015 8016 8053
f 8053 8054 8103
f 8155 8103 8156
f 8155 8156 8199
f 8232 8199 8233
f 8274 8233 8275
f 8232 8233 8274
f 8311 8275 8312
f 8274 8275 8311
f 8311 8312 8345
f 8561 8562 8632
f 8676 8632 8677
f 8676 8677 8708
f 8708 8677 8748
f 8906 8809 8874
f 8906 8874 8933
f 8959 8933 8960
f 8959 8960 8990
f 9005 8959 8990
f 9005 8990 2009
f 6014 1464 2009
f 8758 8759 8785
f 8854 8784 8855
f 8854 8855 8890
f 3928 10317 10399
f 6814 7349 358
f 5324 8400 8775
f 2634 6011 2688
f 8499 8500 8536
f 4656 7648 4721
f 3852 5907 4527
f 3852 4527 7871
f 1556 4080 5738
f 7597 4527 7472
f 7401 6047 7940
f 9914 9938 9966
f 7852 7853 8090
f 8817 8479 8366
f 1171 2732 4781
f 5328 5705 3330
f 2673 5328 3330
f 8893 8894 8924
f 2669 5323 183
f 7838 7824 7839
f 7824 7825 7839
f 7838 7839 7865
f 8103 8054 8104
f 8103 8104 8156
f 8345 8312 8346
f 8312 8275 8346
f 8345 8346 8379
f 8379 8346 8380
f 8379 8380 8434
f 8523 8434 8524
f 8561 8523 8562
f 8523 8524 8562
f 8632 8562 8633
f 8632 8633 8677
f 8748 8677 8749
f 8808 8749 8809
f 8748 8749 8808
f 8933 8874 8934
f 8960 8934 8961
f 8933 8934 8960
f 8960 8961 8990
f 2009 8990 1373
f 5461 7333 5915
f 427 5697 5989
f 5990 427 5989
f 5697 427 8037
f 8087 8007 8088
f 4016 4067 8008
f 7611 7668 7870
f 8444 8475 8500
f 6042 7882 7909
f 8537 8501 8574
f 8173 8034 8174
f 2739 2730 7853
f 2732 2731 4781
f 8945 8923 8924
f 991 140 8929
f 5323 4978 8969
f 5323 2669 4978
f 7839 7826 7840
f 7825 7826 7839
f 7865 7840 7866
f 7839 7840 7865
f 7901 7866 7902
f 7865 7866 7901
f 7901 7902 7930
f 7955 7930 7956
f 7984 7956 7985
f 7955 7956 7984
f 7984 7985 8016
f 8199 8156 8200
f 8233 8200 8201
f 8199 8200 8233
f 8275 8201 8276
f 8233 8201 8275
f 8275 8276 8313
f 8275 8313 8346
f 8346 8313 8380
f 8434 8380 8460
f 8524 8434 8525
f 8434 8460 8525
f 8524 8525 8562
f 8677 8633 8634
f 8677 8634 8678
f 8677 8678 8749
f 8874 8809 8875
f 8874 8875 8907
f 8874 8907 8934
f 8990 8961 8991
f 8990 8991 9006
f 1373 8990 9006
f 7039 7110 8883
f 7290 7875 7995
f 8398 8325 8362
f 8325 8253 6438
f 8253 6402 6438
f 8325 6438 8362
f 8398 6531 8477
f 9483 9484 9507
f 8424 8447 8130
f 7968 8034 8033
f 5341 5310 5342
f 7853 2730 7854
f 7854 3957 8000
f 2732 3957 5417
f 2731 2732 5417
f 4247 4270 8300
f 7930 7902 7931
f 7956 7930 7957
f 7930 7931 7957
f 7956 7957 7985
f 8016 7985 8017
f 8054 8017 8055
f 8016 8017 8054
f 8104 8055 8105
f 8054 8055 8104
f 8156 8105 8157
f 8104 8105 8156
f 8200 8157 8201
f 8156 8157 8200
f 8460 8413 8414
f 8380 8413 8460
f 8460 8414 8487
f 8460 8487 8525
f 8525 8487 8562
f 8749 8750 8809
f 8809 8750 8841
f 8809 8841 8875
f 8907 8841 8908
f 8875 8841 8907
f 8907 8908 8934
f 8934 8908 8961
f 8728 8699 8764
f 8862 8825 8863
f 5882 7785 7817
f 2703 358 3813
f 358 1425 3813
f 8447 8424 5989
f 1267 8070 6769
f 8424 8131 5886
f 7880 5886 8131
f 8918 8919 8942
f 8128 5982 8665
f 5982 8366 8479
f 5417 3957 7854
f 7859 7855 8000
f 5698 5995 1268
f 2684 140 991
f 7826 7827 7840
f 7985 7957 7986
f 7985 7986 8017
f 8313 8201 8277
f 8276 8201 8313
f 8380 8313 8314
f 8380 8314 8413
f 8487 8414 8488
f 8562 8487 8563
f 8562 8563 8594
f 8633 8594 8634
f 8562 8594 8633
f 8749 8678 8750
f 8908 8841 8935
f 8961 8935 8962
f 8908 8935 8961
f 8991 8961 8992
f 8961 8962 8992
f 9006 8991 8992
f 2629 2691 8868
f 7906 1423 8868
f 5803 4686 7215
f 8402 7215 6029
f 7215 8402 5867
f 7602 8369 8370
f 6032 6074 7779
f 1126 1078 5898
f 8978 8979 9014
f 8607 8537 8650
f 7968 7936 8035
f 2258 5816 2589
f 4655 4680 4721
f 6781 6759 8604
f 7942 8451 8480
f 7855 7854 8000
f 2684 991 1424
f 7840 7828 7841
f 7827 7828 7840
f 7840 7841 7866
f 7931 7902 7932
f 7931 7932 7957
f 8017 7986 8018
f 8055 8018 8056
f 8017 8018 8055
f 8105 8056 8106
f 8055 8056 8105
f 8105 8106 8157
f 8201 8157 8202
f 8313 8277 8314
f 8314 8414 8413
f 8563 8487 8564
f 8563 8564 8594
f 8634 8564 8595
f 8594 8564 8634
f 8634 8595 8678
f 8678 8709 8750
f 8841 8842 8876
f 8750 8842 8841
f 8841 8876 8909
f 8841 8909 8935
f 1322 1373 9006
f 7785 5882 7764
f 7765 7785 7764
f 4777 4534 6942
f 2623 8662 5864
f 6304 6269 564
f 1275 1425 6911
f 2705 3813 1425
f 1275 2705 1425
f 2588 3813 2705
f 8424 1217 5989
f 9014 8979 6924
f 4660 8130 8037
f 3491 4660 302
f 8537 8574 8650
f 8034 8035 8126
f 1423 2629 8868
f 7855 7859 8123
f 2350 5031 7996
f 1424 5816 8423
f 7828 7829 7841
f 7866 7841 7902
f 7957 7932 7958
f 7957 7958 7986
f 8157 8106 8158
f 8157 8158 8202
f 8201 8202 8234
f 8201 8234 8277
f 8277 8234 8314
f 8314 8381 8414
f 8488 8414 8489
f 8487 8488 8526
f 8488 8489 8526
f 8487 8526 8564
f 8678 8595 8709
f 8750 8709 8679
f 8750 8679 8771
f 8750 8771 8842
f 8962 8935 8963
f 8962 8963 8992
f 9006 8992 1371
f 1371 1322 9006
f 3944 3945 3969
f 5999 2557 7764
f 8252 8172 8291
f 1273 6896 2766
f 7004 7005 7039
f 7498 7325 4294
f 6911 8421 1275
f 1275 1323 2705
f 2588 7518 4953
f 2634 1092 2517
f 9198 9199 9227
f 8447 5697 8037
f 8607 8650 8693
f 7909 7783 7362
f 8034 8126 8174
f 7849 2739 7853
f 4322 5975 8480
f 1169 1168 7942
f 8861 8862 8863
f 7841 7867 7902
f 7902 7867 7932
f 7986 7958 7987
f 8018 7987 8019
f 7986 7987 8018
f 8056 8019 8057
f 8018 8019 8056
f 8056 8057 8106
f 8202 8158 8203
f 8234 8203 8235
f 8202 8203 8234
f 8234 8235 8278
f 8234 8278 8314
f 8314 8278 8347
f 8314 8347 8381
f 8414 8381 8461
f 8414 8461 8489
f 8564 8526 8565
f 8564 8565 8595
f 8709 8595 8679
f 8842 8771 8843
f 8842 8843 8876
f 8909 8876 8910
f 8876 8843 8910
f 8909 8910 8935
f 8935 8910 8963
f 8992 8963 7667
f 8992 7667 9007
f 8992 9007 1371
f 1371 1271 1322
f 8694 8695 8724
f 5844 4507 6680
f 8538 8476 8477
f 5892 7972 2766
f 7551 1323 1275
f 5127 862 7591
f 1323 2695 2705
f 1323 1372 2695
f 2695 2702 2588
f 2705 2695 2588
f 7408 7611 7834
f 2588 2702 2591
f 5697 8447 5989
f 8665 5982 8479
f 2739 2771 5955
f 8129 7621 5982
f 1168 1169 8514
f 157 5900 6742
f 1877 7629 1322
f 7829 7830 7841
f 8106 8057 8107
f 8158 8107 8108
f 8106 8107 8158
f 8203 8108 8204
f 8158 8108 8203
f 8203 8204 8235
f 8347 8278 8348
f 8381 8347 8382
f 8347 8348 8382
f 8381 8382 8415
f 8595 8565 8596
f 8595 8596 8679
f 8771 8710 8772
f 8679 8710 8771
f 8771 8772 8843
f 8963 8910 8964
f 8963 8964 7667
f 8476 8398 8477
f 7277 6643 140
f 4946 4764 6244
f 7913 7914 7939
f 7031 8450 5978
f 9211 9244 9265
f 8613 8614 8657
f 8130 8447 8037
f 8758 8693 8759
f 2691 2629 8833
f 8513 8123 8514
f 1169 8513 8514
f 5941 1317 6742
f 5938 1363 7895
f 6705 7834 7847
f 7987 7958 7988
f 8019 7988 8020
f 7987 7988 8019
f 8057 8020 8058
f 8019 8020 8057
f 8107 8058 8108
f 8057 8058 8107
f 8235 8204 8236
f 8235 8236 8278
f 8348 8279 8349
f 8278 8279 8348
f 8382 8349 8383
f 8348 8349 8382
f 8382 8383 8415
f 8381 8415 8461
f 8679 8596 8635
f 8679 8635 8710
f 8710 8680 8772
f 8910 8843 8877
f 1270 1271 1371
f 1270 1371 9007
f 6667 6633 8471
f 7869 7859 8000
f 7869 8000 8045
f 8579 8580 8615
f 5939 5216 6923
f 8784 8758 8785
f 8652 8608 8653
f 5989 2773 9017
f 8253 8174 6402
f 7913 7890 7914
f 7655 7654 7750
f 7601 6437 6896
f 7958 7932 7959
f 7958 7959 7988
f 8108 8058 8109
f 8108 8109 8204
f 8278 8236 8279
f 8349 8280 8350
f 8279 8280 8349
f 8383 8350 8384
f 8349 8350 8383
f 8383 8384 8415
f 8461 8415 8435
f 8415 8384 8435
f 8489 8435 8490
f 8461 8435 8489
f 8526 8489 8527
f 8489 8490 8527
f 8565 8527 8566
f 8526 8527 8565
f 8596 8566 8597
f 8565 8566 8596
f 8596 8597 8635
f 8635 8680 8710
f 8680 8751 8772
f 8772 8751 8810
f 8772 8810 8843
f 8877 8843 8810
f 8910 8877 8911
f 8910 8911 8964
f 6778 6840 8569
f 8000 4748 8045
f 3957 4748 8000
f 6705 7398 9047
f 5983 5833 7895
f 7911 7888 7912
f 8170 7877 8178
f 8731 6707 6784
f 1421 2695 1372
f 2695 1421 2702
f 2591 2702 1421
f 7996 3929 1736
f 9655 9506 9701
f 2773 2628 9017
f 8608 8576 8609
f 8608 8609 8653
f 8833 8662 8479
f 4977 992 5237
f 10253 8617 2623
f 7942 1168 7972
f 5556 9029 9030
f 7939 7914 7940
f 6785 6818 6784
f 6896 6437 6417
f 7867 7545 7868
f 4207 7545 7867
f 7932 7868 7903
f 7867 7868 7932
f 7932 7903 7959
f 8020 7988 8021
f 8058 8020 8059
f 8020 8021 8059
f 8058 8059 8109
f 8236 8204 8237
f 8279 8237 8280
f 8236 8237 8279
f 8384 8385 8435
f 8490 8435 8491
f 8490 8491 8527
f 8566 8527 8528
f 8597 8528 8598
f 8566 8528 8597
f 8597 8598 8635
f 8680 8598 8681
f 8635 8598 8680
f 8680 8681 8751
f 8877 8810 8911
f 8911 8936 8964
f 8964 8936 7667
f 6527 6465 6528
f 1646 4625 1055
f 7497 4294 7933
f 2226 7908 8408
f 7888 7889 7912
f 7888 7858 7889
f 7513 1270 9007
f 8579 8615 8699
f 7351 5022 7415
f 6084 2591 1421
f 5833 4876 8794
f 9734 9700 9735
f 8617 8387 8662
f 2646 2575 2576
f 8123 7859 8127
f 8123 8127 8514
f 8658 8579 8699
f 2353 3929 1369
f 7815 7680 9325
f 7881 6028 7882
f 6026 6025 9213
f 7739 7676 7599
f 9511 9512 9577
f 7882 7783 7909
f 4802 7781 9016
f 7988 7959 7960
f 7988 7960 8021
f 8204 8109 8205
f 8204 8205 8237
f 8280 8315 8350
f 8350 8315 8384
f 8527 8491 8528
f 8681 8599 8682
f 8598 8599 8681
f 8681 8682 8711
f 8681 8711 8751
f 8751 8711 8752
f 8751 8752 8810
f 8810 8844 8911
f 6561 6696 6729
f 8446 8451 7318
f 1214 2226 2653
f 5999 7764 2673
f 6084 1421 6610
f 5325 5306 5186
f 9700 9701 9735
f 5990 5989 9017
f 7405 4908 7420
f 3957 2732 4748
f 7859 7869 8127
f 5998 6717 7427
f 2226 1214 7908
f 5958 2557 5999
f 6027 6026 9213
f 7478 7559 9351
f 9350 7478 9351
f 6042 6028 7881
f 6028 7296 7882
f 6025 6024 9213
f 7792 7801 9296
f 7559 7716 9323
f 5685 5526 5761
f 5890 10258 10304
f 7801 7243 9297
f 6027 9213 9247
f 6574 6575 6606
f 9818 9790 9849
f 5316 10128 10129
f 5958 4378 2557
f 2288 6416 7429
f 7508 7623 7771
f 8109 8059 8060
f 8109 8060 8159
f 8205 8109 8159
f 8237 8205 8238
f 8205 8159 8238
f 8280 8237 8281
f 8237 8238 8281
f 8280 8281 8315
f 8384 8315 8385
f 8435 8351 8416
f 8385 8351 8435
f 8435 8416 8462
f 8435 8462 8491
f 8528 8462 8529
f 8491 8462 8528
f 8598 8529 8599
f 8528 8529 8598
f 8682 8600 8683
f 8599 8600 8682
f 8711 8683 8712
f 8682 8683 8711
f 8711 8712 8752
f 8844 8845 8911
f 8936 8911 8878
f 8936 8878 8912
f 8993 8912 8994
f 8936 8912 8993
f 8209 6355 8210
f 9432 9303 9479
f 306 1037 5134
f 7910 7911 7969
f 4305 1786 4978
f 9031 8977 9032
f 5548 6610 7550
f 7581 6074 6111
f 8327 8120 8364
f 2763 2683 1171
f 10032 10064 10132
f 4110 8010 8046
f 8697 8613 8698
f 6923 8979 2682
f 8979 8980 2682
f 10286 10340 10409
f 9765 9734 9766
f 8695 8652 8653
f 4323 4349 8406
f 1317 6770 6742
f 7885 7886 7910
f 2591 6783 7518
f 9269 7691 9270
f 7885 7856 9377
f 6019 6020 6033
f 5050 5080 4466
f 9701 9506 9672
f 9307 9284 9333
f 8073 5908 8897
f 7492 8733 8897
f 5908 7492 8897
f 7959 7903 7960
f 8021 7960 8022
f 8059 8021 8060
f 8021 8022 8060
f 8238 8159 8239
f 8238 8239 8281
f 8315 8281 8351
f 8315 8351 8385
f 8599 8529 8600
f 8600 8636 8683
f 8683 8636 8712
f 8810 8752 8811
f 8844 8811 8845
f 8810 8811 8844
f 8845 8878 8911
f 8716 8756 10400
f 8451 7884 7318
f 7506 7532 7549
f 2763 8984 2683
f 6086 7912 7970
f 9127 9105 9128
f 8364 8120 8775
f 445 374 375
f 2970 561 5220
f 7613 7969 6122
f 5939 5957 5216
f 2744 2780 8072
f 4423 8884 10374
f 8724 8695 8725
f 7613 6123 7344
f 3974 7835 7860
f 8120 303 8775
f 7885 7857 7886
f 7887 7857 9400
f 7858 7887 9400
f 7734 7671 7666
f 9851 9852 9888
f 9887 9888 9917
f 9282 9263 9283
f 7362 6120 7935
f 5908 8073 7878
f 5908 3911 7492
f 5249 4000 4124
f 7401 7941 5419
f 7683 7700 2557
f 7831 7843 8334
f 7960 7989 8022
f 8159 8060 8110
f 8351 8352 8416
f 8462 8416 8463
f 8529 8463 8530
f 8462 8463 8529
f 8529 8530 8600
f 8600 8530 8636
f 8636 8530 8684
f 8712 8684 8685
f 8636 8684 8712
f 8752 8685 8753
f 8712 8685 8752
f 8752 8753 8811
f 8845 8811 8846
f 8845 8846 8878
f 8912 8965 8994
f 7573 8965 9008
f 8994 8965 7573
f 7942 5892 5906
f 8535 8572 8692
f 8250 8171 8251
f 2634 2688 1269
f 8580 8546 6673
f 7515 7551 8421
f 5548 4308 5332
f 6923 5216 6924
f 8407 8446 7318
f 8695 8653 8725
f 5168 6590 5991
f 8090 7854 8119
f 8546 8547 6673
f 6792 5955 6793
f 3607 3635 3926
f 9400 7857 9401
f 9401 9377 9402
f 7857 9377 9401
f 7857 7885 9377
f 3911 5908 7878
f 7492 7477 7493
f 2559 7492 3911
f 8764 8699 8790
f 8891 8892 8921
f 5363 10134 10167
f 7868 7844 7424
f 7843 7844 7868
f 8022 7989 8023
f 8060 8022 8061
f 8022 8023 8061
f 8060 8061 8110
f 8159 8110 8206
f 8159 8206 8239
f 8351 8282 8352
f 8281 8282 8351
f 8416 8352 8353
f 8416 8353 8436
f 8463 8416 8464
f 8416 8436 8464
f 8463 8464 8492
f 8463 8492 8530
f 8684 8493 8685
f 8530 8493 8684
f 8811 8753 8812
f 8811 8812 8846
f 8878 8846 8879
f 8878 8879 8912
f 8912 8937 8965
f 7568 7536 8717
f 7877 5021 3419
f 5977 5974 5975
f 8925 8860 8926
f 8615 8580 8659
f 5962 7397 7759
f 9388 9361 9389
f 8615 8659 8699
f 8249 8213 8250
f 7672 6602 4709
f 6572 6605 8169
f 7736 7737 7617
f 8534 8443 8535
f 8861 8863 8946
f 8724 8725 8760
f 10410 4215 10423
f 9018 1362 1267
f 8480 5974 7942
f 5373 7915 9548
f 7915 9515 9548
f 9337 9338 9364
f 9680 9681 9708
f 9687 9615 9753
f 9569 9535 9599
f 7878 8073 2690
f 6485 2559 3911
f 5005 5181 5279
f 10134 10135 10167
f 7564 7565 1364
f 8242 6680 8293
f 5793 6446 5794
f 7960 7903 7961
f 7960 7961 7989
f 8023 7961 8024
f 7989 7961 8023
f 8023 8024 8061
f 8239 8206 8281
f 8281 8206 8282
f 8352 8282 8353
f 8464 8436 8465
f 8492 8464 8493
f 8464 8465 8493
f 8492 8493 8530
f 8685 8637 8686
f 8493 8637 8685
f 8753 8686 8754
f 8685 8686 8753
f 8753 8754 8812
f 8846 8812 8813
f 8879 8813 8880
f 8846 8813 8879
f 8912 8879 8913
f 8879 8880 8913
f 8912 8913 8937
f 6737 6876 7313
f 8764 8790 8826
f 8825 8764 8826
f 8292 8253 8325
f 8737 7535 6814
f 4147 3682 5548
f 6111 6112 6175
f 8822 8761 8823
f 6941 7318 7884
f 5975 5974 8480
f 6033 6032 7714
f 1365 4747 1697
f 1697 4747 9019
f 5237 992 9019
f 7890 9450 9465
f 10204 10139 10205
f 10138 10066 10139
f 9363 9337 9364
f 9337 9287 9338
f 9287 9288 9338
f 9939 9917 9969
f 10270 10291 10312
f 6244 4764 6243
f 7903 7904 7961
f 8024 7961 8025
f 8061 8024 8062
f 8024 8025 8062
f 8110 8061 8111
f 8061 8062 8111
f 8206 8110 8111
f 8206 8111 8282
f 8465 8436 8466
f 8436 8353 8466
f 8637 8567 8638
f 8493 8567 8637
f 8686 8637 8687
f 8637 8638 8687
f 8812 8754 8813
f 8880 8813 8881
f 8913 8880 8881
f 8913 8881 8937
f 7241 7214 9025
f 8729 8659 8730
f 8825 8826 8863
f 7890 4213 9450
f 7359 7343 7360
f 7416 7417 5980
f 7915 5419 7941
f 3330 5869 1353
f 2631 1213 2765
f 2853 2855 2899
f 2853 2810 2855
f 8504 6569 8505
f 3890 6752 6556
f 5493 6677 8868
f 8896 8217 9016
f 8698 8728 8763
f 8895 8864 7017
f 2688 2061 1697
f 5373 5419 7915
f 7890 9465 9496
f 7915 7914 9496
f 10245 10324 10235
f 7878 2690 6007
f 6007 5973 7878
f 5973 3911 7878
f 3890 2559 6485
f 7327 7512 7727
f 6556 7405 7420
f 8864 8865 7017
f 7424 7847 7903
f 6458 6459 6488
f 7903 7847 7904
f 8025 7990 8026
f 7961 7990 8025
f 8025 8026 8062
f 8282 8111 8240
f 8282 8240 8353
f 8493 8465 8531
f 8465 8466 8531
f 8493 8531 8567
f 8754 8686 8755
f 8754 8755 8813
f 8813 8847 8881
f 8937 8881 8848
f 8937 8848 8965
f 9008 8965 9009
f 9008 9009 5962
f 4349 8405 8406
f 8860 8789 8861
f 2688 3984 2061
f 8765 8792 8829
f 8946 8863 8947
f 8698 8658 8728
f 8727 8697 8698
f 1170 1214 7996
f 8979 8943 8980
f 2855 2667 2899
f 8481 7846 8482
f 8539 8540 8578
f 6569 6603 8505
f 7401 7940 7941
f 8658 8699 8728
f 8543 8509 8544
f 5386 9842 9878
f 5386 7977 9842
f 10167 10168 10201
f 9919 9943 9972
f 2690 5308 7850
f 6007 2690 7850
f 1366 5402 7364
f 7997 8364 8400
f 3989 7943 7973
f 7961 7904 7962
f 7990 7961 7991
f 7961 7962 7991
f 8026 7991 8027
f 7990 7991 8026
f 8026 8027 8062
f 8353 8240 8386
f 8466 8353 8467
f 8567 8531 8568
f 8686 8687 8755
f 8813 8755 8773
f 8813 8773 8847
f 8881 8847 8848
f 8965 8848 8966
f 8965 8966 9009
f 5962 9009 7397
f 8789 8763 8825
f 8614 8579 8658
f 2765 8946 2477
f 5299 1266 2735
f 8864 8829 8865
f 7725 7705 8953
f 7594 6356 7964
f 7845 7846 8481
f 8539 8504 8540
f 8504 8505 8540
f 8086 7849 8089
f 8833 2629 5864
f 8659 8700 8730
f 8134 8142 8952
f 3817 2895 8952
f 303 5304 5887
f 1266 5299 5987
f 5299 4305 2669
f 5299 2669 5987
f 6057 6058 6097
f 5387 5430 6059
f 10169 10138 10170
f 9072 9073 9105
f 9130 9105 9131
f 9048 9049 9072
f 9721 9687 9752
f 5308 7948 7894
f 40 3911 5973
f 3911 40 6485
f 6357 6318 8171
f 2765 2477 1212
f 8731 6784 8765
f 6674 6673 8547
f 8027 7991 8028
f 7991 7962 8028
f 8062 8027 8063
f 8027 8028 8063
f 8062 8063 8111
f 8111 8160 8240
f 8353 8386 8467
f 8466 8467 8531
f 8638 8567 8639
f 8567 8568 8639
f 8638 8639 8687
f 8755 8687 8713
f 8755 8713 8773
f 8847 8773 8848
f 8848 8814 8938
f 8848 8938 8966
f 9009 8966 7397
f 7497 7426 7498
f 4143 4144 4177
f 1423 5307 5864
f 6641 6674 8547
f 7841 4207 7867
f 4136 4173 7778
f 5839 5883 10333
f 4341 544 4690
f 9889 9656 9941
f 7816 6351 8165
f 8407 5303 8446
f 7845 7842 7846
f 8577 8539 8578
f 2691 7532 8868
f 5698 1268 6792
f 5995 5698 2715
f 8009 5343 9879
f 5343 5387 9879
f 115 1079 6688
f 5308 7894 3797
f 7850 5308 3797
f 6007 7850 8215
f 6007 8076 5973
f 8076 6007 8215
f 8076 40 5973
f 6994 7031 5978
f 2631 2765 1212
f 2589 5301 2258
f 6770 1317 7631
f 8063 8028 8064
f 8111 8063 8112
f 8063 8064 8112
f 8111 8112 8160
f 8240 8160 8283
f 8240 6625 8386
f 8467 8386 8468
f 8531 8467 8468
f 8531 8468 8568
f 8639 8568 8640
f 8687 8639 8640
f 8687 8640 8713
f 8848 8713 8814
f 8773 8713 8848
f 8966 8938 8967
f 6459 6424 6460
f 5883 5839 5940
f 8614 8543 8579
f 5414 6009 1037
f 6001 5905 8166
f 2811 1212 362
f 6975 6976 7052
f 7874 7873 5899
f 6000 7185 5234
f 6005 1366 6845
f 8213 6357 8250
f 6569 6495 6603
f 2149 5303 8407
f 6645 8242 8293
f 8086 8089 5977
f 7970 7938 7971
f 5429 5386 6056
f 6058 5387 6059
f 9130 9131 9153
f 9308 9286 9309
f 40 8076 5950
f 7779 6635 9063
f 5460 2772 8326
f 7397 4303 7759
f 5005 2386 5181
f 7847 7611 7870
f 7847 7870 7904
f 8028 7962 8029
f 7962 7992 8029
f 8064 8029 8065
f 8028 8029 8064
f 8064 8065 8112
f 8160 8112 8161
f 8240 8283 6625
f 8386 6625 8468
f 8713 8714 8814
f 8966 8967 8995
f 8966 8995 7679
f 7114 7080 7115
f 5031 1170 7996
f 9029 9013 9030
f 8824 8787 8788
f 6184 6151 8033
f 1318 1366 7463
f 1366 1318 6845
f 3997 7860 7896
f 7494 7833 2558
f 6645 8293 8968
f 7873 7874 8142
f 8134 7873 8142
f 5387 6058 9879
f 9109 9090 9110
f 9285 9286 9308
f 2680 7923 7894
f 3797 7894 7923
f 6058 5386 9878
f 8470 8044 8070
f 2895 3817 7994
f 7870 7905 7904
f 8065 8029 8066
f 8112 8065 8113
f 8065 8066 8113
f 8112 8113 8161
f 8160 8161 6560
f 8283 8160 6560
f 8468 6625 8469
f 8568 8468 8641
f 8640 8568 8641
f 8640 8641 8714
f 8713 8640 8714
f 8967 8938 8995
f 7182 7115 8972
f 506 445 507
f 6974 8830 8866
f 6152 7599 7968
f 2477 8947 2677
f 7546 7512 9003
f 7463 7673 8448
f 5675 1318 7463
f 5675 7463 8448
f 4284 6952 6920
f 4834 4828 6520
f 2666 7494 2558
f 5234 243 359
f 5678 8242 4755
f 2737 2854 2771
f 7764 5328 2673
f 1169 5974 8513
f 6058 9878 9879
f 6056 5386 6057
f 9977 9948 9949
f 4052 7966 10211
f 8255 2680 7894
f 7850 3797 8769
f 8076 8215 8041
f 5950 8041 7883
f 8076 8041 5950
f 8085 7778 8141
f 7962 7905 7963
f 7904 7905 7962
f 7962 7963 7992
f 8029 7992 7993
f 8029 7993 8066
f 8113 8066 8114
f 6625 8283 6560
f 6625 6561 8469
f 8641 8468 8601
f 8814 8714 8774
f 8814 8774 8849
f 7679 8995 7678
f 10332 4514 10343
f 4090 4514 10332
f 2830 2792 275
f 275 2792 2867
f 1372 1323 7551
f 1796 326 325
f 6455 7736 7617
f 2704 5300 8256
f 1212 2477 362
f 4009 5600 5900
f 6057 5386 6058
f 9794 9795 9826
f 3797 2351 8769
f 8769 7879 7850
f 7879 8215 7850
f 7879 8041 8215
f 3754 5971 10029
f 7992 7963 7993
f 8066 7993 8067
f 8114 8067 8115
f 8066 8067 8114
f 8113 8114 8162
f 8114 8115 8162
f 8161 8113 8162
f 6560 8161 8162
f 6465 6434 6466
f 6397 6355 8209
f 8244 6398 8245
f 6183 6184 8074
f 8469 6729 6778
f 8468 8469 8569
f 8469 6778 8569
f 8468 8569 8601
f 8714 8641 8715
f 8641 8601 8715
f 8774 8714 8715
f 8774 8715 8815
f 8774 8815 8849
f 8938 8814 8914
f 8938 8914 8995
f 8995 8996 7678
f 6259 4647 6861
f 5978 8663 6768
f 2631 2811 2700
f 4009 5900 8869
f 8171 8172 8252
f 2593 5568 5300
f 7388 8483 4504
f 3985 4011 9420
f 5675 8448 8449
f 2792 2793 2867
f 2704 2851 5300
f 8822 8823 8856
f 6717 6127 7427
f 6793 2771 1218
f 6309 6127 6717
f 8613 8541 8614
f 2738 4009 5568
f 2593 2738 5568
f 8863 8827 8895
f 8470 8070 1267
f 9861 9825 9891
f 10175 10176 10211
f 5305 7923 2680
f 7923 3956 3797
f 7923 5305 3956
f 3956 2351 3797
f 2351 5913 8769
f 5913 7879 8769
f 8041 7879 8216
f 7883 8216 5787
f 8041 8216 7883
f 2675 2676 7118
f 4009 2738 5935
f 8224 4301 4276
f 8827 8790 8828
f 5900 4295 8869
f 10382 4770 10411
f 8067 8030 8068
f 7993 8030 8067
f 8115 8068 8116
f 8067 8068 8115
f 8115 8116 8162
f 8162 6488 6560
f 7017 7018 7085
f 4770 4544 10371
f 8249 8250 8288
f 6019 7714 9085
f 2518 5460 5991
f 6269 6271 564
f 8601 8569 6871
f 8849 8815 8882
f 8814 8849 8882
f 8814 8882 8914
f 8995 8914 8996
f 7678 8996 1646
f 7012 6970 8818
f 7679 7678 1646
f 6906 6812 6907
f 1219 1370 6010
f 360 2676 2675
f 10115 10080 10116
f 5300 5568 8256
f 7750 7654 7751
f 8448 5326 8449
f 5846 5675 5249
f 8788 8727 8762
f 7476 7477 7492
f 2679 9015 9001
f 3528 2869 4776
f 7778 4173 8141
f 9109 9110 9135
f 4666 4755 8884
f 5305 2680 8581
f 5891 2351 3956
f 5913 2351 7851
f 2351 5891 7851
f 7879 5913 428
f 428 5913 7851
f 7879 428 8216
f 6211 5475 5538
f 8830 8767 8831
f 8790 8791 8828
f 6046 7939 7940
f 7588 7589 7388
f 2625 2594 9873
f 7963 7325 7498
f 7905 7325 7963
f 7963 7498 7993
f 8068 8030 8069
f 8116 8069 8117
f 8068 8069 8116
f 8162 8117 8163
f 8116 8117 8162
f 6458 8162 8207
f 8162 8163 8207
f 7212 7241 9024
f 6459 6458 8207
f 5460 8301 5991
f 7934 8602 8986
f 2589 8602 8661
f 2669 4305 4978
f 6019 6033 7714
f 7531 7549 7565
f 8715 8601 6871
f 8815 8715 8816
f 8815 8816 8882
f 8996 7262 1646
f 4625 1646 7262
f 7506 5493 7532
f 8830 8831 8866
f 5944 3923 6583
f 7085 7118 2676
f 9775 9683 9713
f 9775 9713 9801
f 9775 9801 9832
f 9775 9832 9868
f 9867 9868 9898
f 9928 9898 9952
f 9979 9928 9980
f 9928 9952 9980
f 10017 9979 10018
f 9979 9980 10018
f 10051 10018 2692
f 10017 10018 10051
f 9610 9576 9544
f 10049 10016 10050
f 9575 9576 9610
f 9638 9610 9667
f 9575 9542 9576
f 9705 9678 9706
f 9677 9678 9705
f 7966 10210 10211
f 4511 5330 6644
f 9173 9131 9174
f 9509 9488 9489
f 9336 9287 9337
f 10077 10078 10112
f 9662 9679 9708
f 9184 9140 9185
f 9676 9661 9677
f 9573 9508 9538
f 10173 10140 10209
f 10213 10178 10214
f 10114 10079 10115
f 10469 9976 10011
f 9662 9708 9743
f 10177 10142 10178
f 9132 9107 9133
f 10177 10178 10213
f 9752 9779 486
f 485 486 552
f 1843 5718 8927
f 9635 9636 9661
f 9603 9604 9635
f 10172 10108 10173
f 9677 9661 9678
f 9598 9630 9703
f 6744 6743 6712
f 9571 9572 9603
f 9663 9664 9679
f 9336 9337 9363
f 9420 4011 4010
f 9319 9293 9320
f 9362 9363 9390
f 10048 10049 2721
f 4553 10224 10225
f 6930 5940 5839
f 8335 6585 9464
f 10174 4729 10230
f 4729 8328 10230
f 10174 10175 10210
f 4729 10174 10210
f 9173 9174 9200
f 9362 9336 9363
f 9412 9389 9390
f 9319 9320 9347
f 9346 9347 9373
f 9346 9373 9395
f 10048 10015 10049
f 9482 9483 9507
f 9568 9507 9569
f 10039 10040 10077
f 10146 10115 10147
f 9896 9897 9927
f 9414 9395 9442
f 5333 5334 5376
f 485 9778 486
f 9488 9442 9459
f 9488 9459 9489
f 9542 9489 9543
f 9830 9831 9866
f 9866 9867 9897
f 9798 9799 9830
f 9896 9866 9897
f 9798 9747 9799
f 9866 9831 9867
f 9773 9747 9798
f 9830 9799 9831
f 9411 9305 9434
f 10315 4215 10410
f 9576 9543 9544
f 9746 9747 9773
f 9542 9543 9576
f 128 129 202
f 6584 4849 6585
f 9667 9610 9544
f 9713 9667 9714
f 9746 9666 9747
f 9666 9683 9747
f 10079 10080 10115
f 9672 9479 9702
f 5361 10198 10199
f 9801 9713 9802
f 9898 9868 9899
f 9868 9832 9899
f 9370 9371 9369
f 9389 9362 9390
f 9363 9364 9391
f 9370 9345 9371
f 2478 2520 9814
f 10379 6421 10437
f 9317 9318 9346
f 10129 10130 10157
f 9980 9952 9981
f 9980 9981 10018
f 3937 3962 7893
f 9493 9420 4010
f 9291 9292 9317
f 9316 9291 9317
f 5192 4423 8690
f 9317 9292 9318
f 7537 7594 7964
f 5403 5362 5404
f 6710 9989 10025
f 3971 3970 9096
f 9316 9317 9345
f 9705 9706 9739
f 9738 9705 9739
f 6644 5330 8603
f 9093 9094 9113
f 9394 9395 9414
f 9184 9185 9210
f 9755 9579 10149
f 6930 10328 10149
f 5592 9579 9930
f 9579 9755 9930
f 5592 9930 9985
f 6952 4284 6986
f 6921 6858 6922
f 693 1827 2553
f 9699 9765 9791
f 9112 9093 9113
f 9346 9319 9347
f 9604 9538 9605
f 9573 9538 9604
f 10088 9755 10149
f 9930 9957 9985
f 9957 9930 9755
f 4510 3951 9957
f 9957 3951 9985
f 4510 9870 5788
f 3951 4510 5788
f 9140 9112 9141
f 5699 5788 9870
f 9179 9158 9206
f 6023 6024 6038
f 9604 9605 9636
f 9304 9410 9433
f 9293 9294 9320
f 9347 9320 9348
f 9373 9347 9374
f 9347 9348 9374
f 9395 9373 9415
f 9442 9395 9443
f 9395 9415 9443
f 9442 9443 9459
f 2942 9617 2943
f 9722 9957 9755
f 4510 9957 10052
f 9957 9722 10052
f 9900 9870 10052
f 9870 4510 10052
f 8167 8716 10436
f 5699 9870 9900
f 4032 4033 4061
f 9543 9489 9544
f 9667 9544 9639
f 9666 9638 9667
f 10145 10114 10146
f 9242 9210 9288
f 9667 9639 9714
f 9303 9255 9304
f 9987 9755 10354
f 3951 5545 5546
f 9722 9900 10052
f 9801 9802 9832
f 9533 9411 9568
f 9106 9075 9107
f 9075 9077 9107
f 9952 9898 9953
f 9898 9899 9953
f 9952 9953 9981
f 10018 9981 10019
f 9950 9978 10015
f 9114 9095 9115
f 9114 9115 9142
f 9095 9096 9115
f 9141 9114 9142
f 9185 9141 9186
f 9950 9951 9978
f 9754 9688 2940
f 162 2721 225
f 9290 7892 9291
f 9058 9059 9078
f 5104 5103 7321
f 9865 9866 9896
f 9210 9185 9186
f 9391 9364 9392
f 9364 9365 9392
f 9680 9637 9681
f 6954 6955 6989
f 10047 10048 10086
f 10047 10014 10048
f 10040 10041 10077
f 9865 9830 9866
f 9829 9830 9865
f 9706 9678 9707
f 10014 9950 10015
f 9678 9662 9707
f 9797 9798 9829
f 9703 9738 9860
f 7321 2879 7322
f 10316 10327 10350
f 9781 2939 555
f 9394 9346 9395
f 9288 9210 9243
f 9338 9288 9339
f 9364 9338 9365
f 10075 10076 10110
f 9338 9339 9365
f 9538 9487 9539
f 9487 9458 9539
f 10014 10015 10048
f 10086 10048 2721
f 9754 2940 2939
f 9797 9773 9798
f 9772 9746 9773
f 9745 9746 9772
f 9740 9707 9741
f 9706 9707 9740
f 9745 9712 9746
f 5353 5319 5354
f 3801 2768 10438
f 9836 10202 10203
f 5330 10208 10172
f 9829 9798 9830
f 9738 9740 9768
f 9740 9741 9768
f 10174 10110 10175
f 9285 9264 9286
f 9971 9703 9919
f 9678 9636 9662
f 9772 9773 9797
f 9636 9605 9662
f 2713 4052 10212
f 9712 9666 9746
f 9659 9660 9674
f 10141 10111 10142
f 10112 10078 10113
f 10142 10112 10143
f 9658 9633 9659
f 1321 7183 5916
f 151 9811 8793
f 7862 7780 7863
f 1471 1470 8734
f 9078 9059 9079
f 9078 9079 9089
f 9108 9078 9109
f 9078 9089 9109
f 10009 10010 10041
f 9369 9344 9370
f 9344 9345 9370
f 9703 9674 9675
f 9290 9291 9316
f 9261 9306 9281
f 9344 9316 9345
f 10049 10050 2721
f 9943 9860 9944
f 9662 9663 9679
f 9441 9458 9487
f 9320 9294 9321
f 9348 9320 9349
f 9920 9890 10457
f 9704 9676 9705
f 9738 9861 9890
f 10178 10142 10179
f 10112 10113 10143
f 9293 7918 9294
f 9965 9937 10001
f 5367 5411 5366
f 3236 5331 5836
f 3236 5836 8736
f 9987 9722 9755
f 396 336 397
f 5003 4341 5080
f 6744 6745 10184
f 9108 9109 9134
f 9658 9659 9674
f 10142 10143 10179
f 9320 9321 9349
f 9348 9349 9374
f 9373 9374 9415
f 9459 9443 9460
f 9443 9415 9460
f 9489 9459 9490
f 10569 9574 10572
f 9459 9460 9490
f 487 486 9779
f 9544 9489 9545
f 9489 9490 9545
f 9544 9545 9611
f 9639 9544 9611
f 9714 9639 9715
f 9713 9714 9715
f 9780 9781 488
f 4769 4026 10298
f 9083 9084 9094
f 1470 1469 8734
f 4466 4690 2224
f 9630 9674 9703
f 65 4577 3999
f 9632 9633 9658
f 10178 10179 10214
f 9713 9715 9776
f 9802 9713 9776
f 9533 9568 9598
f 9832 9802 9899
f 9981 9953 9982
f 10103 10063 10163
f 9981 9982 10019
f 1926 5931 10022
f 10015 10016 10049
f 4397 4704 3339
f 9978 9979 10016
f 10387 9900 10334
f 2718 10146 10147
f 2224 4690 2856
f 56 422 3013
f 9632 9602 9633
f 9630 9658 9674
f 10042 10043 10080
f 10176 10141 10177
f 10111 10077 10112
f 9918 9855 9889
f 9493 4010 9547
f 9656 9859 9941
f 9390 9363 9391
f 9508 9487 9538
f 9940 9821 9970
f 9602 9571 9603
f 9536 9537 9571
f 488 9781 555
f 10111 10112 10142
f 5362 5363 5404
f 9699 9734 9765
f 4467 4466 5910
f 1600 2224 2856
f 1469 1470 1518
f 5314 5315 5348
f 4466 4467 5051
f 5050 4466 5051
f 9236 9205 9237
f 9570 9571 9601
f 9601 9602 9632
f 10011 9977 10043
f 10079 10042 10080
f 9769 9770 9794
f 9153 9131 9173
f 5903 5358 5971
f 3013 422 3388
f 2772 5890 10304
f 9374 9349 9375
f 9711 9712 9744
f 9665 9666 9712
f 9665 9638 9666
f 9744 9712 9745
f 9711 9665 9712
f 9132 9133 9154
f 10085 10047 10086
f 9926 9927 9951
f 9611 9545 9612
f 9639 9611 9668
f 9611 9612 9668
f 9639 9668 9684
f 9715 9639 9684
f 9715 9684 9748
f 9776 9715 9748
f 9828 9829 9864
f 10083 91 10118
f 5910 2224 1600
f 5910 4466 2224
f 1116 1173 9618
f 1616 4467 5910
f 3078 3005 3638
f 9535 9536 9570
f 9601 9571 9602
f 9480 9533 9629
f 10205 10139 10206
f 10203 10170 10204
f 9828 9797 9829
f 9776 9748 9803
f 9802 9776 9833
f 9776 9803 9833
f 9315 9316 9344
f 9899 9802 9833
f 9289 9290 9316
f 9899 9833 9929
f 9343 9315 9344
f 9780 9753 9781
f 9315 9289 9316
f 9953 9899 9954
f 9753 9754 9781
f 9899 9929 9954
f 9982 9953 9983
f 9953 9954 9983
f 9753 9615 9754
f 9703 9860 9943
f 9436 9437 9482
f 9766 9702 9767
f 10046 10047 10085
f 10046 10014 10047
f 9926 9895 9927
f 9895 9896 9927
f 9950 9926 9951
f 9683 9667 9713
f 9287 9242 9288
f 6903 6477 6930
f 9737 9703 9859
f 9463 9448 9420
f 9093 9083 9094
f 3509 2595 9669
f 4850 6797 10396
f 4183 1616 5910
f 9807 1616 4183
f 4973 1616 9807
f 4785 1553 5318
f 9484 9485 9535
f 9570 9536 9571
f 9535 9485 9536
f 4553 4512 5963
f 9745 9772 9797
f 10212 10177 10213
f 9343 9344 9369
f 10141 10142 10177
f 4511 6644 5368
f 10040 10009 10041
f 9106 9107 9132
f 10114 10115 10146
f 9482 9437 9483
f 10145 10146 2717
f 10110 10111 10175
f 9288 9243 9339
f 9624 9595 9625
f 5910 1600 2286
f 4183 5910 2286
f 9806 9807 4183
f 4973 9806 9810
f 9806 4973 9807
f 1114 1113 5871
f 5334 5333 9643
f 2706 10194 10195
f 9484 9439 9485
f 9240 9241 9284
f 9438 9439 9484
f 9858 9823 9824
f 9976 9947 9977
f 10137 10066 10138
f 4978 5038 8969
f 10013 9950 10014
f 4553 10223 10224
f 9115 9116 9142
f 9115 9096 9116
f 9284 9241 9285
f 9387 9360 9438
f 9438 9360 9439
f 9359 9360 9387
f 9334 9335 9359
f 9284 9308 9334
f 9359 9335 9360
f 9284 9285 9308
f 9334 9308 9335
f 9180 9160 9181
f 10201 10168 10202
f 9546 9616 9615
f 9673 9479 9656
f 9925 9926 9950
f 9651 9652 9696
f 2475 4026 4769
f 4211 65 3999
f 2745 2782 2744
f 4213 9423 9451
f 9827 9828 9863
f 9925 9894 9926
f 9374 9375 9415
f 9796 9797 9827
f 9460 9415 9461
f 9490 9460 9461
f 9771 9745 9796
f 9545 9490 9461
f 9612 9545 9613
f 9545 9461 9613
f 9668 9612 9640
f 10045 10013 10046
f 9603 9573 9604
f 9239 9182 9240
f 9181 9182 9239
f 9261 9262 9306
f 9305 9281 9358
f 9281 9306 9358
f 9434 9358 9435
f 9305 9358 9434
f 9159 9160 9180
f 9141 9142 9186
f 9509 9489 9542
f 10137 10138 10169
f 9539 9458 9540
f 9796 9745 9797
f 9710 9711 9709
f 9771 9744 9745
f 9860 9920 9944
f 5547 5561 5504
f 4623 4183 2286
f 9806 4623 9808
f 4183 4623 9806
f 9808 4089 9810
f 9806 9808 9810
f 9810 4089 10151
f 3999 9810 10151
f 2745 2707 10220
f 9860 9738 9890
f 9803 9748 3950
f 9833 9803 9834
f 9803 3950 9834
f 9833 9834 9869
f 9827 9797 9828
f 10003 10033 10066
f 2706 2707 2745
f 9306 9333 9358
f 9385 9333 9386
f 1392 1091 1196
f 10013 10014 10046
f 10084 10046 10085
f 10045 10046 10084
f 9768 9741 9769
f 9572 9573 9603
f 9434 9435 9481
f 9156 9134 9157
f 9261 9235 9262
f 9235 9236 9262
f 9235 9205 9236
f 9411 9434 9534
f 9159 9137 9160
f 9434 9481 9534
f 9080 9091 9111
f 9136 9137 9159
f 9080 9081 9091
f 9136 9111 9137
f 9060 9061 9081
f 9080 9060 9081
f 9768 9769 9738
f 10179 10144 10180
f 9368 9343 9369
f 9833 9869 9929
f 9954 9929 9955
f 9709 9744 9771
f 9314 9315 9343
f 2953 2954 3181
f 2286 2789 4623
f 4623 2789 9808
f 3999 10151 9908
f 5785 4211 9908
f 4211 3999 9908
f 4211 5785 4311
f 4311 5785 10020
f 1060 5871 1113
f 9854 9736 9855
f 9709 9711 9744
f 9860 9890 9920
f 9983 9954 9984
f 9954 9955 9984
f 3447 4492 4522
f 9983 9984 2693
f 8603 5330 10172
f 9538 9539 9605
f 9741 9742 9769
f 9741 9707 9742
f 9160 9161 9181
f 9107 9108 9134
f 9419 3959 9448
f 9258 9259 9280
f 9258 9232 9259
f 9258 9280 9305
f 9107 9078 9108
f 9411 9534 9568
f 10143 10144 10179
f 10169 10170 10203
f 9743 9708 9770
f 9769 9794 9825
f 9702 9479 9736
f 5340 5339 9759
f 8793 2286 9903
f 2789 2286 8793
f 1594 9808 2789
f 1594 9756 4089
f 9808 1594 4089
f 9756 9097 10151
f 4089 9756 10151
f 10151 9097 9908
f 1515 7907 6791
f 2585 798 3833
f 9710 9665 9711
f 10168 10137 10169
f 10176 10177 10212
f 9659 9634 9660
f 9633 9634 9659
f 10143 10113 10144
f 9314 9289 9315
f 9463 9493 9513
f 9157 9178 9205
f 9050 9051 9073
f 9231 9232 9258
f 9175 9176 9203
f 9132 9154 9175
f 9231 9203 9232
f 9175 9154 9176
f 9057 9058 9078
f 9577 9578 9615
f 9492 9463 9546
f 9578 9492 9546
f 151 8793 9903
f 10200 9908 9097
f 4310 5785 10200
f 5785 9908 10200
f 5785 8736 10020
f 8736 5785 4310
f 9177 9157 9204
f 9546 9547 9616
f 10210 10175 10211
f 383 5595 452
f 9890 9861 9921
f 9340 9341 9366
f 1470 1471 1518
f 9737 9657 9598
f 9233 9204 9234
f 9440 9441 9487
f 5964 5657 5970
f 6952 2897 6920
f 9529 9530 9565
f 4211 4311 65
f 9181 9161 9182
f 9202 9203 9231
f 9182 9208 9240
f 9853 9854 9970
f 9341 9243 9311
f 9598 9568 9630
f 9480 9411 9533
f 9463 9513 9546
f 9615 9578 9546
f 9605 9606 9663
f 9811 2789 8793
f 1594 2789 9756
f 9097 4086 10200
f 4086 4310 10200
f 3236 8736 4310
f 5943 1277 3572
f 5836 5331 5765
f 9339 9243 9340
f 9615 9688 9754
f 9609 9610 9638
f 9339 9340 9366
f 8284 6644 8603
f 5635 5761 5526
f 6585 4849 6901
f 9209 9184 9210
f 9310 9286 9287
f 8401 10228 10229
f 10227 10171 10208
f 1509 917 5173
f 917 4340 5173
f 917 5151 4340
f 151 5837 9871
f 9433 9410 9279
f 9410 9304 9279
f 9200 9201 9228
f 9073 9051 9074
f 9075 9053 9076
f 7966 4729 10210
f 9053 9054 9076
f 10108 10109 10140
f 9257 9231 9279
f 10011 9976 9977
f 9572 9508 9573
f 10136 10137 10168
f 9546 9513 9547
f 9513 9493 9547
f 2710 2671 2711
f 9756 9809 9813
f 9756 2789 9809
f 9813 9097 9756
f 9813 4086 9097
f 4218 4310 4086
f 4310 4218 3236
f 10367 10233 10393
f 9657 9480 9629
f 10224 10205 10225
f 9075 9076 9077
f 10182 6789 10183
f 9661 9636 9678
f 9508 9440 9487
f 9321 7943 9322
f 4553 8032 10223
f 8328 2711 8365
f 6826 6827 6855
f 6827 6826 3731
f 6826 10182 3731
f 6921 4284 6920
f 10581 10588 10579
f 9256 9229 9230
f 2650 1513 5066
f 2632 2650 5066
f 5969 5964 5970
f 9446 9419 9447
f 9074 9075 9106
f 5963 4520 269
f 10108 10140 10173
f 10076 10077 10111
f 9871 9902 9811
f 151 9871 9811
f 2789 9902 9809
f 9902 2789 9811
f 9813 9809 9421
f 8168 9813 9421
f 4218 4125 3236
f 5034 868 807
f 10006 9941 10035
f 10080 10081 10116
f 10222 10204 10223
f 9321 9322 9349
f 8328 8365 10230
f 6789 6767 10183
f 10182 10183 3731
f 5313 5345 9998
f 9852 9792 9821
f 6858 6859 6895
f 9340 9243 9341
f 2306 125 1551
f 6858 6895 6922
f 6954 4284 6922
f 5635 4031 5761
f 9854 9767 9736
f 9256 9230 9257
f 9131 9106 9132
f 9676 9677 9705
f 9187 9188 9212
f 9813 8168 4581
f 9449 4086 9813
f 9449 9813 4581
f 4125 4218 4086
f 4125 4086 9449
f 4125 9838 3236
f 681 3236 9838
f 681 5331 3236
f 10183 6767 10184
f 5368 6644 2709
f 10170 10139 10204
f 9415 9375 9416
f 9375 9349 9416
f 9461 9415 9444
f 9664 9637 9680
f 3092 141 3182
f 1600 3930 3726
f 10006 10035 10071
f 3712 693 2553
f 3712 2553 3141
f 1209 1516 1564
f 10330 10366 10415
f 9229 9201 9230
f 9201 9202 9230
f 9131 9132 9174
f 9201 9174 9202
f 5761 4031 9871
f 56 480 1790
f 10184 6745 914
f 9758 6954 6895
f 6895 6954 6922
f 9440 9388 9441
f 9073 9074 9106
f 9685 9686 9720
f 9074 9052 9075
f 9685 9577 9686
f 9673 9656 9824
f 8284 10172 10228
f 9155 9156 9177
f 10172 10173 10228
f 8284 8603 10172
f 6712 6713 6744
f 9871 9376 9902
f 4031 9376 9871
f 9376 8642 9809
f 9902 9376 9809
f 8642 9421 9809
f 9757 8168 9421
f 8168 9757 4581
f 9805 4125 9449
f 10544 9456 10553
f 4451 2918 544
f 9183 9140 9184
f 9162 9140 9183
f 10581 10579 10576
f 9942 9971 10037
f 1148 389 4972
f 9255 9228 9304
f 9279 9258 9305
f 9701 9672 9702
f 10066 10106 10139
f 9942 9703 9971
f 9310 9287 9336
f 3999 4972 9810
f 10106 10107 10108
f 6678 8241 4405
f 10183 10184 3731
f 914 3731 10184
f 914 7907 6790
f 3731 914 6790
f 7907 1515 6790
f 6859 6678 4405
f 7737 4681 7617
f 5218 65 4311
f 4405 9758 6895
f 1518 1471 1519
f 9479 9673 9736
f 3959 9420 9448
f 9433 9279 9480
f 9540 9607 9637
f 9155 9133 9156
f 1093 6478 6286
f 3080 8642 9376
f 9421 3080 9757
f 8642 3080 9421
f 9449 1001 9805
f 9117 4125 9805
f 1001 9117 9805
f 9117 9782 9838
f 4125 9117 9838
f 9782 681 9838
f 9495 681 9782
f 5970 9495 5969
f 681 9495 5970
f 451 383 452
f 5336 5337 5378
f 9821 9766 9767
f 9888 9852 9821
f 9612 9613 9640
f 9613 9461 9640
f 6741 6710 10024
f 4972 389 4973
f 6766 10054 6743
f 2722 2693 9984
f 6678 6791 8241
f 8716 8583 8756
f 5005 5279 1459
f 560 2632 5066
f 1737 1878 1494
f 3754 4580 5971
f 4663 6955 9758
f 6955 4663 6956
f 3600 6956 5951
f 9696 9652 9731
f 10223 10205 10224
f 9512 9492 9578
f 9635 9661 9676
f 4052 10211 10212
f 9506 9479 9672
f 5322 9376 10022
f 7831 7832 7844
f 3080 5322 9901
f 5322 3080 9376
f 9757 9901 5992
f 3080 9901 9757
f 5992 4581 9757
f 9449 4581 5992
f 9117 1001 9988
f 9782 9117 9988
f 9495 9782 10029
f 10029 5358 5969
f 9495 10029 5969
f 10368 10307 10428
f 9134 9135 9179
f 9684 9668 9716
f 9668 9640 9716
f 9684 9716 9749
f 9455 9454 10547
f 6741 10024 10054
f 6743 10054 6712
f 2694 2722 9984
f 1090 3343 3369
f 5405 10201 10202
f 6790 1515 6828
f 6791 7907 9422
f 7659 7641 7683
f 5978 8450 8663
f 9758 4405 4429
f 9758 4429 4663
f 6956 4663 5951
f 486 487 553
f 9577 9512 9578
f 5330 4316 10208
f 10208 10108 10172
f 10465 10072 10468
f 8689 5931 5504
f 5931 5322 10022
f 9901 8689 4362
f 5322 8689 9901
f 5992 9901 10023
f 10023 9901 4362
f 8121 9449 5992
f 2736 8121 5992
f 2290 1001 9449
f 8121 2290 9449
f 9399 9988 2290
f 9988 1001 2290
f 9399 9963 9988
f 9963 3754 9782
f 9963 9782 9988
f 8403 7734 7666
f 9782 3754 10029
f 10324 8618 10305
f 6710 6676 9989
f 10517 10495 10513
f 10171 10106 10108
f 9105 9106 9131
f 10211 10176 10212
f 10083 10045 10084
f 9854 9855 9918
f 9748 9684 9749
f 9748 9749 3950
f 9869 9834 3949
f 9834 3950 3949
f 10054 10025 9989
f 10024 10025 10054
f 6712 9989 10090
f 10054 9989 6712
f 5335 5336 5378
f 6713 6745 6744
f 7907 914 9422
f 8241 9422 9398
f 6791 9422 8241
f 10513 10484 10517
f 4252 4228 8224
f 9577 9615 9687
f 9720 9686 9721
f 269 4289 4316
f 9959 8689 5504
f 9962 6539 6540
f 4362 8689 9959
f 10023 4362 10053
f 2736 5992 10023
f 2736 10023 10053
f 2290 8515 9399
f 8515 3793 9963
f 9399 8515 9963
f 3793 3754 9963
f 4580 3754 3793
f 10171 10108 10208
f 4511 8548 4316
f 9244 9212 9245
f 5330 4511 4316
f 10066 10067 10106
f 9105 9073 9106
f 9385 9386 9436
f 9929 9869 3948
f 9955 9929 2696
f 9929 3948 2696
f 9989 6676 9990
f 9955 2696 9984
f 9202 9174 9203
f 10090 9989 10091
f 225 2721 226
f 6713 10091 6745
f 914 4491 9422
f 9422 4491 9494
f 9422 9494 9398
f 8241 9398 4405
f 4429 4405 9398
f 4663 4429 4263
f 4429 4600 4263
f 4663 4238 5951
f 4238 5679 5951
f 6986 6987 7028
f 5311 9909 9880
f 8508 8509 8543
f 9304 9256 9279
f 5408 5407 5963
f 9428 9407 10550
f 9855 9856 9889
f 9631 9632 9658
f 4362 9959 10181
f 9959 9785 10181
f 5865 10053 10181
f 10053 4362 10181
f 9784 2736 10053
f 5865 9784 10053
f 8515 2290 5937
f 8515 5937 3793
f 2714 10213 10214
f 9429 9428 10550
f 10228 10209 10229
f 9769 9825 9861
f 9949 9925 9950
f 2779 8302 8072
f 10016 10017 10050
f 10328 5839 10333
f 3949 3950 3978
f 9989 9990 9991
f 9989 9991 10026
f 9989 10026 10091
f 6745 10186 914
f 3212 914 10186
f 914 3212 4491
f 4600 4429 9398
f 4642 4663 4263
f 4642 4238 4663
f 8928 10359 10404
f 7765 7743 7785
f 9209 9210 9242
f 9230 9202 9231
f 9142 3943 9186
f 9630 9631 9658
f 8217 7231 6416
f 9785 10148 10181
f 9785 5561 10148
f 4604 5865 10148
f 10148 5865 10181
f 9784 5865 9872
f 5865 4604 9872
f 2736 9784 4317
f 8121 2736 10089
f 2736 4317 10089
f 2290 8121 10089
f 3793 5937 10087
f 4454 3793 10087
f 4580 3793 5718
f 3793 4454 5718
f 5334 5335 5377
f 4582 4605 10279
f 1515 6791 6829
f 10464 10459 10463
f 10016 9979 10017
f 9674 9660 9675
f 9602 9603 9633
f 162 10085 10086
f 5409 5408 5963
f 9990 9931 9991
f 6189 6225 6188
f 10091 10026 10092
f 6745 10092 10152
f 10091 10092 6745
f 10186 10152 10187
f 6745 10152 10186
f 3212 10186 10187
f 3815 9494 4491
f 1418 4600 9398
f 4238 4642 9021
f 5679 4238 4456
f 5947 5679 4456
f 2562 2595 3509
f 9720 9721 9778
f 9631 9601 9632
f 9600 9601 9631
f 9142 9116 3943
f 6455 7617 4780
f 9210 9186 9243
f 5561 9814 10148
f 4604 9814 9986
f 9814 4604 10148
f 9872 4604 9986
f 4668 9784 9872
f 9784 4668 4317
f 8388 2290 10089
f 1745 5937 8388
f 5937 2290 8388
f 5937 1745 10087
f 1745 4454 10087
f 5718 4454 8927
f 10320 8986 10342
f 10377 10278 908
f 9361 9310 9362
f 3078 3638 3331
f 9535 9570 9600
f 9600 9570 9601
f 9927 9928 9951
f 9951 9928 9979
f 9991 9931 9960
f 9991 9960 10026
f 10026 10027 10092
f 4368 3212 10187
f 4368 4491 3212
f 9398 9494 2291
f 1418 9398 2291
f 4642 4263 4516
f 9021 4642 4516
f 4456 4238 9021
f 9230 9231 9257
f 9656 9657 9793
f 9778 9752 486
f 9310 9336 9362
f 9437 9438 9484
f 9186 9211 9243
f 9682 9665 9710
f 10015 9978 10016
f 9709 9682 9710
f 1878 1843 8927
f 1878 8927 1494
f 8176 9872 9986
f 9958 8176 9986
f 4668 9872 8176
f 4317 4668 5364
f 4317 8701 10089
f 8701 4317 5364
f 10089 8701 8388
f 4458 1745 8388
f 1745 4458 8797
f 4454 1745 8797
f 4454 8797 8927
f 9750 2806 2762
f 70 684 2015
f 10569 10572 10557
f 10077 10041 10078
f 9897 9867 9928
f 9530 9504 10555
f 9931 6642 9904
f 9931 9904 9960
f 10026 9960 10027
f 10092 10027 10055
f 10092 10055 10121
f 10152 10121 10153
f 10092 10121 10152
f 10187 10153 10154
f 10152 10153 10187
f 10187 10154 4368
f 4368 1272 4491
f 1272 3815 4491
f 3815 1272 9690
f 3815 9690 9494
f 1418 5866 4600
f 5866 4263 4600
f 389 1616 4973
f 9531 9530 10555
f 9200 9174 9201
f 4289 269 4520
f 9657 9737 9793
f 9342 9343 9367
f 8509 8508 9839
f 9547 4010 4032
f 4010 4033 4032
f 5333 9620 9643
f 10412 4337 10421
f 9104 9071 9105
f 6126 6616 5015
f 5364 4668 8176
f 8701 4458 8388
f 7103 4430 4579
f 4430 7103 4129
f 8663 7277 140
f 5380 5379 9725
f 9437 9387 9438
f 9507 9484 9535
f 9367 9343 9368
f 9616 9547 9617
f 9547 4032 9617
f 9548 9515 9549
f 2716 10179 10180
f 9548 9549 9580
f 3443 3141 3912
f 5765 5331 5970
f 5309 5340 9759
f 10153 10121 10154
f 4368 10154 4457
f 4368 4457 1272
f 1418 2291 4029
f 1418 4029 5866
f 5834 4263 5866
f 4263 5834 4516
f 9021 4516 4456
f 10254 10351 10346
f 6574 6534 6575
f 9256 9257 9279
f 2713 10212 10213
f 9367 9368 10556
f 9342 9313 9343
f 2625 8176 9958
f 5364 8176 2625
f 5364 4751 8701
f 4751 5364 9723
f 4751 4621 8701
f 8701 4621 4458
f 8797 4458 9724
f 4551 8927 9724
f 8927 8797 9724
f 4551 148 8927
f 2781 2744 2782
f 5338 9725 9726
f 9539 9540 9606
f 9349 9396 9416
f 9267 9268 9289
f 9415 9416 9444
f 9465 9451 9466
f 9450 9451 9465
f 9496 9466 9497
f 9465 9466 9496
f 9515 9497 9516
f 9496 9497 9515
f 9549 9516 9550
f 9515 9516 9549
f 9580 9550 9581
f 9549 9550 9580
f 5335 5334 9670
f 5729 5747 6412
f 5311 5344 8009
f 4514 2294 10343
f 5359 4456 5655
f 6642 9874 9904
f 9904 9932 9960
f 10027 9932 10028
f 9960 9932 10027
f 10027 10028 10055
f 10055 10028 10056
f 10121 10056 10122
f 10055 10056 10121
f 10121 10122 10154
f 4457 10154 4645
f 1272 4457 58
f 9494 9690 9841
f 9494 9841 2291
f 5866 4369 5834
f 4516 5834 9835
f 10207 10171 10227
f 4289 10207 10227
f 4289 4520 10207
f 9799 9774 9800
f 9207 9181 9238
f 9263 9239 9240
f 9238 9239 9263
f 9313 9314 9343
f 9703 9704 9738
f 90 2718 10147
f 5364 2625 9723
f 4751 9723 8949
f 4621 4751 8949
f 4621 8644 4458
f 8644 4621 8949
f 8644 9724 4458
f 9641 4551 9724
f 148 4551 2553
f 4090 4056 4514
f 9313 9289 9314
f 9461 9444 9510
f 5377 5335 5378
f 1468 1469 1517
f 9466 9423 9467
f 9451 9423 9466
f 9466 9467 9497
f 9516 9467 9517
f 9497 9467 9516
f 9550 9517 9551
f 9516 9517 9550
f 9581 9551 9582
f 9550 9551 9581
f 9619 9582 9620
f 9581 9582 9619
f 9594 9595 9624
f 9619 9620 9642
f 90 10117 10118
f 8510 8509 9875
f 9874 9875 9904
f 9904 9875 9932
f 9932 9961 10028
f 10122 10056 10123
f 10122 10123 10154
f 4457 4645 58
f 1272 58 9690
f 9690 58 9841
f 4369 9835 5834
f 5439 4456 4516
f 9835 5439 4516
f 5365 5963 269
f 3509 9669 3816
f 4520 10226 10207
f 10139 10106 10171
f 10207 10139 10171
f 9055 9056 9078
f 9738 9769 9861
f 9283 9240 9284
f 9263 9240 9283
f 8032 10222 10223
f 4213 7858 9423
f 4033 4010 4011
f 9873 3816 2625
f 3816 3005 2625
f 9723 2625 3005
f 9641 9724 8644
f 2553 4551 9641
f 4670 2779 5356
f 9244 9245 9266
f 9605 9539 9606
f 9716 9640 9717
f 7667 8936 8993
f 9423 9400 9424
f 9400 9401 9424
f 9423 9424 9452
f 9467 9423 9468
f 9423 9452 9468
f 9467 9468 9517
f 9582 9551 9583
f 9551 9517 9583
f 9620 9583 9621
f 9582 9583 9620
f 5407 4481 8032
f 5406 4481 5444
f 9749 9716 9717
f 9875 9905 9932
f 9932 9905 9961
f 9961 9933 10028
f 10056 9933 9992
f 10028 9933 10056
f 10056 9992 10123
f 10123 10124 10154
f 10154 10124 4645
f 9841 58 1252
f 9841 1252 2291
f 4554 2291 1252
f 6406 4029 4554
f 4029 2291 4554
f 4029 6406 5866
f 4369 5866 6406
f 9431 9477 10553
f 9479 9480 9656
f 9345 9317 9346
f 9707 9662 9743
f 10465 10463 10459
f 3950 9749 3980
f 1472 1471 4517
f 1864 8217 8896
f 2721 162 10086
f 3005 8949 9723
f 8949 3912 8644
f 8949 3005 3912
f 6605 6606 9840
f 9238 9181 9239
f 6535 6536 6576
f 9662 9605 9663
f 7645 7667 8993
f 9424 9401 9425
f 9401 9402 9425
f 9424 9425 9452
f 9583 9517 9584
f 9583 9584 9621
f 9643 9584 9644
f 9621 9584 9643
f 10271 8616 8832
f 10276 7102 10331
f 2696 3948 177
f 3948 3949 3977
f 9875 8509 9876
f 9905 9876 9906
f 9875 9876 9905
f 9961 9906 9933
f 9905 9906 9961
f 10123 9992 10124
f 4645 10124 3595
f 4318 4645 3595
f 4318 58 4645
f 1252 58 4318
f 3342 5439 9835
f 5350 5316 10188
f 9456 9431 10553
f 10459 10071 10465
f 9059 9060 9079
f 9742 9743 9769
f 5376 5375 9642
f 9800 9775 9868
f 9928 9867 9898
f 9739 9740 9738
f 91 10084 10085
f 3005 3816 3638
f 3816 3331 3638
f 8644 3141 9641
f 8644 3912 3141
f 3141 2553 9641
f 9419 9448 9463
f 5365 5409 5963
f 9158 9180 9207
f 9296 7801 9297
f 9377 9378 9402
f 9517 9552 9584
f 9644 9584 9645
f 9644 9645 9670
f 6547 7265 8884
f 9688 9616 9689
f 2562 2563 2595
f 8509 9839 9876
f 9906 9876 9933
f 10124 9992 10093
f 10124 10155 3595
f 3955 1252 4318
f 4554 1252 4078
f 4078 6406 4554
f 8703 9835 4369
f 8703 3342 9835
f 10302 10308 10370
f 2478 2442 2520
f 9135 9136 9159
f 9158 9159 9180
f 9207 9180 9181
f 9742 9707 9743
f 9616 9617 9689
f 10050 10017 10051
f 9568 9569 9599
f 9633 9603 9634
f 9479 9303 9433
f 6740 6710 6741
f 2538 2539 2575
f 7831 8334 9048
f 6606 6575 9877
f 9533 9598 9657
f 7243 9269 9297
f 7243 7691 9269
f 9402 9378 9403
f 9378 9379 9403
f 9425 9402 9426
f 9402 9403 9426
f 9452 9425 9426
f 9468 9452 9469
f 9517 9468 9518
f 9468 9469 9518
f 9517 9518 9552
f 9584 9552 9585
f 9584 9585 9645
f 5336 9670 9645
f 7977 9815 9842
f 9800 9774 9775
f 9839 9812 9840
f 9839 9840 9876
f 9933 9877 9934
f 9876 9877 9933
f 9933 9934 9992
f 10124 10093 10155
f 3595 3955 4318
f 6641 6642 6674
f 2806 9750 425
f 10006 9854 9941
f 9736 9673 9822
f 9856 9736 9857
f 9178 9134 9179
f 9090 9080 9111
f 9135 9110 9136
f 9158 9135 9159
f 9110 9111 9136
f 10071 10072 10465
f 9688 9689 2940
f 9054 9055 9076
f 5318 5319 5353
f 269 4316 4370
f 9917 9821 9940
f 9358 9333 9385
f 9350 9351 9379
f 9552 9518 9585
f 5855 5836 5894
f 9679 9664 9680
f 5311 9880 9936
f 9876 6606 9877
f 9840 6606 9876
f 9992 9934 9993
f 9992 9993 10057
f 9992 10057 10093
f 10093 10057 10155
f 3595 10155 4188
f 3955 3595 4092
f 3595 4188 4092
f 4078 1252 3955
f 4369 6406 9783
f 4369 9783 4669
f 7400 6084 6610
f 10088 10283 10398
f 4553 5407 8032
f 7418 6002 6623
f 9736 9822 9857
f 9205 9178 9206
f 9110 9090 9111
f 10041 10042 10079
f 10113 10078 10114
f 10010 9975 10011
f 9478 9505 10548
f 4807 4802 5936
f 10485 10484 10478
f 9606 9637 9664
f 9396 9349 9397
f 10082 10083 10118
f 10082 10044 10083
f 9396 9397 9416
f 9444 9416 9445
f 9444 9445 9462
f 9444 9462 9491
f 9444 9491 9510
f 9461 9510 9614
f 9351 9323 9352
f 9379 9351 9380
f 9351 9352 9380
f 9403 9379 9380
f 9452 9426 9469
f 9518 9469 9519
f 9585 9518 9622
f 9691 9645 9692
f 9645 9585 9692
f 9725 9692 9726
f 9691 9692 9725
f 5313 5314 5347
f 6575 6535 6576
f 6825 6854 6888
f 6576 6536 9907
f 9877 9907 9934
f 10155 10125 10126
f 10057 10125 10155
f 9783 6406 4078
f 4669 8703 4369
f 5959 3342 8703
f 3342 2180 1920
f 7400 5332 6636
f 10168 10169 10202
f 1321 4670 5355
f 9178 9179 9206
f 10078 10079 10114
f 10144 10113 10145
f 10044 10012 10045
f 10012 10013 10045
f 10012 9949 10013
f 9949 9950 10013
f 9640 9461 9614
f 9717 9640 9718
f 9640 9614 9718
f 10044 10045 10083
f 9749 9717 9777
f 9826 9827 9862
f 9717 9718 9777
f 9352 9323 9326
f 9323 9324 9326
f 9380 9352 9326
f 9403 9380 9427
f 9469 9426 9403
f 10285 10352 10338
f 3980 9749 2762
f 9749 9777 2762
f 6536 6501 6537
f 9735 9702 9766
f 2716 2714 10214
f 9934 6537 9935
f 9907 6537 9934
f 9934 9935 9962
f 9934 9962 9993
f 9993 9962 9994
f 10057 9994 10058
f 9993 9994 10057
f 10125 10057 10126
f 10155 10126 10156
f 10155 10156 4188
f 4092 4188 3510
f 3955 4092 4664
f 4664 4092 3510
f 4078 4156 9783
f 2180 3342 5959
f 2716 2717 2753
f 9205 9206 9237
f 10113 10114 10145
f 9795 9771 9796
f 9858 9824 9889
f 9927 9897 9928
f 9978 9951 9979
f 10041 10010 10042
f 9924 9925 9949
f 10078 10041 10079
f 10010 10011 10042
f 9826 9796 9827
f 10463 10107 10464
f 9369 9393 9413
f 9324 9325 9326
f 9380 9326 9404
f 9403 9427 9470
f 9469 9403 9470
f 9469 9470 9519
f 9622 9518 9646
f 9518 9519 9646
f 9585 9622 9646
f 9692 9585 9646
f 9726 9692 9727
f 9692 9646 9727
f 7737 7490 4681
f 6537 6538 9935
f 9867 9800 9868
f 1926 5635 5526
f 9994 9995 10058
f 10057 10058 10094
f 10057 10094 10126
f 3510 4188 10156
f 3955 4664 9514
f 4078 3955 9514
f 4078 9514 4156
f 4156 3893 9783
f 4669 9783 3893
f 8703 4669 5959
f 4681 5936 7617
f 9262 9236 9282
f 9779 9753 9780
f 9228 9201 9229
f 9485 9439 9486
f 9607 9608 9638
f 9367 10556 10584
f 10180 10145 2717
f 10144 10145 10180
f 9795 9796 9826
f 9325 9295 9326
f 9404 9326 9405
f 9380 9404 9427
f 9727 9646 9728
f 4931 5925 5998
f 5081 4931 5998
f 4552 5317 10215
f 2943 4032 4061
f 9812 6605 9840
f 1647 1920 4126
f 9935 6539 9962
f 5679 5591 5951
f 9994 9962 9995
f 10156 10126 4662
f 3510 10156 4662
f 4664 3510 9514
f 4669 8373 5959
f 2180 5959 8373
f 4126 1920 2180
f 5338 5380 9725
f 1517 1469 1518
f 9236 9237 9282
f 9262 9282 9306
f 9752 9753 9779
f 10042 10011 10043
f 2940 9689 2941
f 9312 9266 9313
f 9266 9289 9313
f 10205 10206 10225
f 7858 4213 7889
f 9266 9246 9289
f 9752 9687 9753
f 9246 9267 9289
f 9295 9296 9326
f 9405 9326 9381
f 9404 9405 9381
f 9427 9404 9381
f 9646 9519 9728
f 6767 6744 10184
f 7889 4213 7890
f 9657 9629 9533
f 5374 5373 9580
f 9995 6540 9996
f 9962 6540 9995
f 10058 9995 10094
f 10126 10094 4662
f 3510 4662 9514
f 3893 4156 9514
f 6826 6825 10182
f 9607 9638 9665
f 9312 9313 9342
f 9778 9721 9752
f 9349 9322 3960
f 9349 3960 9397
f 4512 4553 10225
f 9416 9397 9417
f 9326 9296 9327
f 9296 9297 9327
f 9326 9327 9381
f 9427 9381 9470
f 9728 9519 9729
f 5645 6554 5998
f 9728 9729 9759
f 6540 6013 9996
f 9416 9417 9445
f 7887 7858 7888
f 9995 9996 10094
f 4662 10094 10127
f 4662 1059 1060
f 9514 4662 1060
f 1465 3893 9514
f 9231 9258 9279
f 2722 2694 2723
f 9140 9141 9185
f 9735 9701 9702
f 9510 9491 9511
f 9491 9462 9511
f 9614 9510 9577
f 9297 9269 9298
f 9297 9298 9327
f 9381 9382 9470
f 9729 9519 9693
f 5925 5645 5998
f 9729 9693 5309
f 5971 5358 10029
f 5339 5340 5382
f 10179 2716 10214
f 5936 4802 9016
f 149 1091 1392
f 5406 5405 10202
f 6013 9997 9996
f 1059 4662 10127
f 3893 1465 4669
f 8373 1209 2180
f 1209 4126 2180
f 9854 9918 9941
f 9187 9212 9244
f 8032 4481 10222
f 9187 3943 9188
f 9718 9614 9719
f 9718 9719 9750
f 9777 9718 9750
f 6976 6977 7052
f 9777 9750 2762
f 9298 9269 9299
f 9269 9270 9299
f 9298 9299 9327
f 9381 9327 9382
f 9519 9470 9647
f 9519 9647 9693
f 5309 9693 9760
f 3419 835 5129
f 10206 10207 10226
f 4806 4802 4807
f 4681 4807 5936
f 1113 9514 1060
f 4424 1465 9514
f 4424 9514 1113
f 1465 4424 4669
f 4119 7539 4669
f 4669 7539 8373
f 9243 9265 9311
f 9358 9385 9435
f 9435 9385 9436
f 10203 10204 10222
f 4914 4866 5881
f 7944 7916 7917
f 6658 6257 5699
f 8334 7545 9049
f 6023 9143 9163
f 2286 1600 4360
f 5312 9964 9998
f 544 2856 4690
f 9270 9247 9271
f 9299 9270 9271
f 9299 9271 9327
f 9470 9382 9498
f 9470 9498 9586
f 9470 9586 9623
f 9470 9623 9647
f 9693 9647 9730
f 9760 9693 9761
f 9693 9730 9761
f 5310 9760 9761
f 5310 9761 9815
f 5351 5350 10188
f 9815 9761 9842
f 9878 9842 9879
f 8009 9879 9909
f 3132 4602 4710
f 2707 10195 10220
f 5344 5311 9964
f 692 691 2982
f 744 2141 5401
f 5345 5312 9998
f 5218 4311 5748
f 9686 9687 9721
f 9739 9706 9740
f 2692 10018 10019
f 7977 5342 9815
f 4542 4451 544
f 4424 4119 4669
f 1209 8373 7539
f 8544 8509 8545
f 9162 9139 9140
f 9305 9280 9281
f 9085 9063 9086
f 9098 9086 9099
f 9085 9086 9098
f 9098 9099 9118
f 9143 9099 9144
f 9118 9099 9143
f 9163 9144 9164
f 9143 9144 9163
f 6024 9164 9189
f 9163 9164 6024
f 9213 9189 9214
f 6024 9189 9213
f 9213 9214 9247
f 9498 9382 9499
f 9761 9816 9842
f 9879 9816 9880
f 9842 9816 9879
f 9879 9880 9909
f 10261 4710 10355
f 3678 4710 10261
f 4710 4602 10355
f 9998 9936 9999
f 9964 9936 9998
f 9998 9999 10030
f 10059 9999 10060
f 10030 9999 10059
f 5315 10060 10095
f 5314 10059 10060
f 4341 4690 4466
f 9228 9229 9256
f 8478 1209 7539
f 2475 2922 4187
f 5341 5342 5384
f 9856 9857 9858
f 9856 9858 9889
f 9606 9540 9637
f 9823 9673 9824
f 9481 9436 9482
f 9079 9080 9090
f 9335 9309 9360
f 9485 9486 9536
f 9086 9063 9087
f 9086 9087 9099
f 9099 9087 9144
f 9189 9164 9165
f 9164 9144 9165
f 9214 9189 9165
f 9247 9214 9248
f 9214 9165 9248
f 9271 9247 9248
f 9327 9271 9248
f 9498 9499 9553
f 9586 9498 9553
f 9816 9761 9730
f 9880 9816 9910
f 9880 9910 9936
f 9999 9936 9910
f 10060 9999 10061
f 10095 10061 10096
f 10060 10061 10095
f 10128 10096 10129
f 10095 10096 10128
f 1926 3811 5504
f 2708 5368 2709
f 5386 5385 7977
f 6930 5839 10328
f 5385 5342 7977
f 8478 7539 4119
f 8478 10185 1209
f 1516 1209 10185
f 5545 3951 5788
f 6956 3600 6990
f 9857 9822 9858
f 9260 9234 9261
f 10202 10169 10203
f 9204 9205 9235
f 9234 9235 9261
f 9435 9436 9481
f 9077 9055 9078
f 9656 9793 9859
f 9160 9138 9161
f 9536 9486 9537
f 9063 9040 9064
f 9040 4198 9064
f 9063 9064 9087
f 9382 9327 9383
f 9499 9382 9500
f 9382 9471 9500
f 9647 9623 9694
f 9623 9586 9694
f 9730 9647 9694
f 9999 9910 10031
f 10061 9999 10031
f 10096 10031 10097
f 10061 10031 10096
f 10129 10097 10130
f 10096 10097 10129
f 4110 7978 8010
f 4110 4075 7978
f 2595 3796 9669
f 9137 9138 9160
f 5340 5310 5341
f 4424 2308 4119
f 9956 8478 4119
f 8478 1467 10185
f 1467 1516 10185
f 9154 9133 9155
f 9204 9157 9205
f 9918 9889 9941
f 9482 9507 9568
f 4198 9041 9064
f 9087 9064 9100
f 9327 9248 9353
f 9382 9383 9471
f 9499 9500 9553
f 9816 9730 9843
f 9816 9843 9910
f 10097 10031 10098
f 10097 10098 10130
f 10157 10098 10158
f 10130 10098 10157
f 10188 10158 10189
f 10157 10158 10188
f 4520 4512 10226
f 5374 5375 5422
f 9153 9173 9200
f 9388 9389 9412
f 8478 9956 10021
f 1419 8478 10021
f 8478 1419 1467
f 10206 10139 10207
f 9822 9673 9823
f 9133 9134 9156
f 9234 9204 9235
f 9793 9737 9859
f 9831 9800 9867
f 9371 9372 9393
f 9041 9033 9042
f 9041 9042 9064
f 9144 9087 9100
f 9165 9144 9100
f 9165 9100 9215
f 9327 9353 9383
f 9553 9500 9554
f 9553 9554 9587
f 9586 9553 9648
f 9553 9587 9648
f 10098 10031 9910
f 10158 10098 10159
f 10189 10159 10190
f 10158 10159 10189
f 10189 10190 10215
f 9747 9774 9799
f 9769 9743 9770
f 9877 6576 9907
f 9618 1113 1114
f 9618 4424 1113
f 2308 4424 9618
f 4624 9956 4119
f 9956 4624 10021
f 1321 5319 8798
f 2941 2942 2986
f 9534 9482 9568
f 9089 9079 9090
f 9345 9346 9372
f 4456 5359 5947
f 9393 9414 9413
f 9774 9683 9775
f 9033 9034 9042
f 9064 9042 9065
f 9100 9064 9119
f 9064 9065 9119
f 9248 9165 9215
f 9248 9215 9353
f 9471 9383 9472
f 9500 9471 9520
f 9471 9472 9520
f 9554 9500 9555
f 9500 9520 9555
f 9587 9554 9588
f 9554 9555 9588
f 9587 9588 9648
f 9477 9478 10548
f 9694 9586 9695
f 9694 9695 9762
f 9730 9694 9762
f 9843 9730 9762
f 10098 9910 10099
f 10159 10098 10099
f 10190 10159 10191
f 10159 10099 10191
f 10215 10191 10216
f 10190 10191 10215
f 4552 10215 10216
f 9393 9394 9414
f 1116 9618 1115
f 5336 5335 9670
f 9618 1114 1115
f 2308 9618 4342
f 4624 4119 2308
f 8494 10021 4624
f 8494 1419 10021
f 9479 9433 9480
f 9822 9823 9858
f 9076 9055 9077
f 9281 9260 9261
f 9481 9482 9534
f 9436 9386 9437
f 4032 2943 9617
f 9034 9035 9042
f 9353 9215 9383
f 9472 9383 9473
f 9520 9472 9521
f 9555 9520 9556
f 9520 9521 9556
f 9588 9555 9589
f 9555 9556 9589
f 10552 9567 9531
f 10191 10099 10192
f 10216 10192 10217
f 10191 10192 10216
f 4785 4552 10216
f 4785 10216 10217
f 5563 5591 5679
f 8507 8508 8543
f 4342 4624 2308
f 6573 6574 6606
f 9176 9177 9204
f 9077 9078 9107
f 9133 9107 9134
f 5351 5318 5352
f 9397 3960 3959
f 9417 9397 9418
f 9397 3959 9418
f 9042 9035 9036
f 9065 9042 9066
f 9042 9036 9066
f 9065 9088 9120
f 9065 9120 9119
f 9100 9119 9190
f 9100 9190 9216
f 9215 9100 9216
f 9215 9216 9272
f 9215 9272 9328
f 9521 9472 9522
f 9472 9473 9522
f 9556 9521 9557
f 9521 9522 9557
f 9589 9556 9590
f 9556 9557 9590
f 10555 10552 9531
f 9843 9762 9844
f 9910 9843 9911
f 10099 9910 10062
f 10099 10062 10160
f 10192 10099 10160
f 10192 10160 10217
f 1553 4785 10217
f 2816 1928 207
f 9417 9418 9445
f 5338 5339 5382
f 8494 4624 10150
f 8734 1419 8494
f 8734 1469 1468
f 1419 8734 1468
f 5855 5756 4311
f 3796 3331 3816
f 5788 4528 5545
f 9176 9155 9177
f 9232 9203 9233
f 9792 9766 9821
f 10065 10003 10066
f 10111 10141 10176
f 9066 9036 9067
f 9065 9066 9088
f 9119 9120 9145
f 9119 9145 9166
f 9190 9119 9191
f 9119 9166 9191
f 9216 9190 9217
f 9190 9191 9217
f 9272 9216 9273
f 9216 9217 9273
f 9328 9272 9329
f 9272 9273 9329
f 9215 9328 9354
f 9328 9329 9354
f 9473 9383 9474
f 9522 9473 9523
f 9473 9474 9523
f 9557 9522 9558
f 9522 9523 9558
f 9590 9557 9558
f 10517 10496 10495
f 9695 9788 9762
f 9910 9911 10062
f 10160 10062 10100
f 10217 10160 10218
f 8798 1553 10218
f 1553 10217 10218
f 6216 7500 6111
f 9510 9511 9577
f 9450 4213 9451
f 5319 1321 5354
f 1174 9837 4342
f 9837 4624 4342
f 9837 10119 10150
f 4624 9837 10150
f 10119 8494 10150
f 4788 8494 10119
f 4788 8734 8494
f 5546 5545 5838
f 9154 9155 9176
f 9203 9176 9204
f 9056 9057 9078
f 10081 10082 10117
f 9036 9037 9043
f 9037 9038 9043
f 9036 9043 9067
f 9066 9067 9088
f 9120 9088 9121
f 9145 9120 9146
f 9120 9121 9146
f 9166 9145 9167
f 9145 9146 9167
f 9191 9166 9192
f 9166 9167 9192
f 9217 9191 9218
f 9191 9192 9218
f 9273 9217 9274
f 9217 9218 9274
f 9273 9274 9300
f 9329 9273 9300
f 10553 10547 10544
f 9215 9354 9406
f 9215 9406 9383
f 9523 9474 9524
f 9523 9524 9558
f 9844 9762 9845
f 9762 9788 9845
f 9843 9844 9911
f 10062 9911 10000
f 10062 10000 10100
f 10160 10100 10218
f 8532 8798 10218
f 5319 1553 8798
f 8532 1321 8798
f 1060 1059 1003
f 7617 8217 4780
f 6675 6676 6709
f 9837 304 10119
f 10119 304 4788
f 8734 4788 10221
f 91 10083 10084
f 9203 9204 9233
f 9259 9232 9260
f 9737 9598 9703
f 9157 9134 9178
f 9689 9617 2942
f 9372 9346 9394
f 9615 9616 9688
f 9038 9039 9043
f 9067 9043 9068
f 9088 9067 9068
f 9121 9088 9122
f 9146 9121 9147
f 9121 9122 9147
f 9167 9146 9168
f 9146 9147 9168
f 9192 9167 9193
f 9167 9168 9193
f 9218 9192 9219
f 9192 9193 9219
f 9274 9218 9275
f 9218 9219 9275
f 9300 9274 9301
f 9274 9275 9301
f 9300 9301 9330
f 9329 9300 9330
f 9383 9406 9474
f 9558 9524 9559
f 9532 9597 10541
f 9911 9844 9912
f 10100 10000 10101
f 10218 10100 10161
f 4401 8532 10218
f 4401 10218 10161
f 7183 1321 8532
f 4401 7183 8532
f 1173 4342 9618
f 746 747 3118
f 9308 9309 9335
f 10117 10082 10118
f 1174 304 9837
f 4517 1471 8734
f 304 10120 4788
f 10120 8702 4788
f 8702 9787 10221
f 4788 8702 10221
f 4517 8734 9787
f 9787 8734 10221
f 9656 9480 9657
f 9232 9233 9260
f 9492 9447 9463
f 10081 10044 10082
f 10076 10039 10077
f 6538 6502 6539
f 9137 9111 9138
f 9043 9039 9044
f 9043 9044 9068
f 9122 9088 9123
f 9088 9068 9123
f 9147 9122 9148
f 9122 9123 9148
f 9147 9148 9168
f 9193 9168 9194
f 9219 9193 9220
f 9193 9194 9220
f 9219 9220 9249
f 9275 9219 9276
f 9219 9249 9276
f 9301 9275 9302
f 9275 9276 9302
f 9330 9301 9302
f 9330 9302 9355
f 9330 9355 9384
f 10547 9429 10550
f 9524 9474 9525
f 9524 9525 9559
f 9532 10541 9505
f 9911 9912 10000
f 10100 10101 10161
f 7183 4401 5916
f 6903 9579 5592
f 9113 9114 9141
f 9111 9091 9138
f 9186 3943 9187
f 9767 9702 9736
f 304 3572 10120
f 9804 8702 10120
f 3572 9804 10120
f 9786 9787 9804
f 9787 8702 9804
f 9786 4517 9787
f 9091 9112 9140
f 9259 9260 9280
f 2575 2539 2576
f 9825 9862 9892
f 5311 9936 9964
f 5355 4670 5356
f 9068 9044 9101
f 9123 9068 9124
f 9068 9101 9124
f 9148 9123 9149
f 9123 9124 9149
f 9168 9148 9169
f 9148 9149 9169
f 9168 9169 9194
f 9220 9194 9221
f 9249 9220 9250
f 9220 9221 9250
f 9276 9249 9277
f 9249 9250 9277
f 9276 9277 9302
f 9474 9501 9525
f 9559 9525 9560
f 5459 4401 10161
f 5916 4401 5459
f 5943 304 1220
f 9211 9186 9187
f 5317 5351 10188
f 9786 9804 1426
f 9804 3572 1426
f 6421 5997 4850
f 2712 2751 8328
f 10115 10116 10147
f 9941 9859 9942
f 8365 10229 10230
f 8401 8284 10228
f 9286 9242 9287
f 5504 9785 9959
f 9770 9771 9795
f 2856 544 1254
f 9039 9045 9044
f 9194 9149 9170
f 9169 9149 9194
f 9221 9170 9222
f 9194 9170 9221
f 9250 9221 9251
f 9221 9222 9251
f 9277 9250 9278
f 9250 9251 9278
f 9302 9277 9278
f 9302 9278 9331
f 9355 9302 9331
f 10550 10544 10547
f 9355 9331 9409
f 9406 9428 9453
f 9474 9406 9453
f 9474 9453 9501
f 10484 10485 10486
f 9844 9845 9912
f 10486 10517 10484
f 10161 10101 10162
f 8302 5916 5459
f 9825 9826 9862
f 9770 9709 9771
f 9211 9187 9244
f 4729 2712 8328
f 3572 1326 1426
f 9280 9260 9281
f 10229 10209 10230
f 6020 6021 6034
f 9681 9682 9709
f 9418 3959 9419
f 9445 9418 9446
f 9418 9419 9446
f 9445 9446 9462
f 9044 9045 9046
f 9101 9044 9102
f 9101 9102 9124
f 9222 9170 9223
f 9251 9222 9252
f 9222 9223 9252
f 9251 9252 9278
f 9501 9453 9502
f 9525 9501 9526
f 9501 9502 9526
f 9560 9525 9561
f 9525 9526 9561
f 5847 5459 10161
f 5847 10161 10162
f 8302 5459 5847
f 9708 9681 9709
f 9462 9492 9512
f 9681 9637 9682
f 9081 9062 9082
f 2696 2694 9984
f 5931 1926 5504
f 10209 10140 10174
f 10209 10174 10230
f 9161 9139 9162
f 9637 9607 9665
f 9462 9512 9511
f 9124 9102 9125
f 9124 9125 9149
f 9170 9125 9150
f 9149 9125 9170
f 9170 9150 9195
f 9223 9170 9224
f 9170 9195 9224
f 9252 9223 9253
f 9223 9224 9253
f 9278 9252 9253
f 9912 9965 10000
f 10162 10101 10193
f 10101 10000 10193
f 8302 5847 8072
f 9266 9245 9246
f 9637 9665 9682
f 9092 9081 9093
f 9081 9082 9093
f 8365 8401 10229
f 7602 8370 7687
f 4552 4785 5318
f 9177 9156 9157
f 9233 9234 9260
f 9941 9942 10035
f 9092 9093 9091
f 9138 9091 9139
f 9311 9342 9367
f 9614 9577 9685
f 9719 9614 9685
f 9265 9266 9312
f 9311 9265 9312
f 9750 9719 425
f 9719 9685 425
f 9044 9046 9069
f 9102 9044 9103
f 9044 9069 9103
f 9102 9103 9125
f 9195 9150 9196
f 9195 9196 9224
f 9331 9356 9431
f 9526 9502 9527
f 9561 9526 9562
f 9526 9527 9562
f 9912 9881 9913
f 9912 9913 9965
f 10000 9965 10102
f 10162 10193 10219
f 5847 10162 10219
f 6021 6022 6036
f 9635 9604 9636
f 9138 9139 9161
f 9182 9162 9183
f 10140 10110 10174
f 9139 9091 9140
f 9480 9279 9411
f 9161 9162 9182
f 9208 9183 9209
f 9311 9312 9342
f 9309 9286 9310
f 9241 9264 9285
f 9125 9103 9126
f 9125 9126 9150
f 9150 9126 9171
f 9150 9171 9196
f 9331 9278 9332
f 9278 9253 9332
f 9356 9331 9357
f 9331 9332 9357
f 10193 10000 10194
f 10000 10102 10194
f 10193 10194 10219
f 2744 5847 10219
f 6826 6854 6825
f 9463 9420 9493
f 9360 9309 9361
f 9174 9132 9175
f 4512 10225 10226
f 9855 9736 9856
f 9264 9242 9286
f 9241 9242 9264
f 9182 9183 9208
f 9241 9209 9242
f 9208 9209 9241
f 9568 9599 9630
f 9103 9069 9104
f 9103 9104 9126
f 9196 9171 9197
f 9196 9197 9224
f 9253 9224 9254
f 9527 9502 9528
f 9562 9527 9563
f 9527 9528 9563
f 9591 9562 9592
f 9562 9563 9592
f 10554 9329 9384
f 10219 10194 2706
f 2744 10219 2706
f 9228 9256 9304
f 9747 9683 9774
f 9309 9310 9361
f 9360 9361 9388
f 9859 9703 9942
f 9620 9621 9643
f 4512 4520 5963
f 6644 2671 2709
f 6644 8284 2671
f 9486 9440 9508
f 9069 9046 9070
f 9126 9151 9171
f 9171 9151 9197
f 9224 9197 9225
f 9224 9225 9254
f 9253 9254 9332
f 9502 9503 9528
f 9592 9563 9593
f 9591 9592 9593
f 9881 9846 9882
f 9881 9882 9913
f 10102 9965 10103
f 10194 10102 10195
f 9091 9081 9092
f 9439 9360 9440
f 9243 9211 9265
f 9360 9388 9440
f 9082 9083 9093
f 1605 1647 4126
f 2470 2434 3401
f 10173 10209 10228
f 8284 8401 2671
f 9046 9047 9070
f 9069 9070 9071
f 9069 9071 9104
f 9151 9172 9197
f 9357 9332 9254
f 9528 9503 9529
f 10547 9475 9455
f 9563 9528 9564
f 9528 9529 9564
f 9563 9564 9593
f 9913 9882 9937
f 9913 9937 9965
f 10103 9965 10063
f 10102 10103 10195
f 5331 681 5970
f 9061 9062 9081
f 9571 9508 9572
f 9540 9541 9607
f 9091 9093 9112
f 9094 9084 9095
f 9970 9854 10006
f 9174 9175 9203
f 9447 9419 9463
f 10080 10043 10081
f 9683 9666 9667
f 9439 9440 9486
f 9126 9104 9127
f 9126 9127 9151
f 9151 9127 9172
f 9593 9564 9594
f 9564 9529 9594
f 9593 9594 9624
f 9649 9624 9650
f 9593 9624 9649
f 10486 10496 10517
f 10195 10103 10196
f 2897 6894 6920
f 5315 10095 10128
f 5316 5349 10128
f 5349 5315 10128
f 5348 5315 5349
f 10458 10074 10109
f 10439 6505 6506
f 10439 9997 6505
f 10440 9996 9997
f 9997 10439 10440
f 10442 10038 10075
f 10039 10038 10452
f 10452 10008 10039
f 5808 6505 9997
f 10573 10565 10569
f 9384 9408 9407
f 9384 9407 10554
f 10497 10522 10496
f 10033 10443 10454
f 9366 9341 10561
f 9366 10561 10570
f 1003 1059 10127
f 1003 5824 5825
f 5791 5809 6506
f 1040 5809 6474
f 6013 6504 5808
f 6505 5791 6506
f 10033 10004 10443
f 10586 10570 10589
f 10566 9391 9392
f 10075 10038 10076
f 9943 9944 9973
f 10009 9974 10010
f 9920 10457 9945
f 10005 9970 10034
f 10038 10039 10076
f 9895 9865 9896
f 9829 9865 9864
f 9972 9943 9973
f 9946 9947 9976
f 10039 10008 10040
f 9863 9828 9864
f 9894 9895 9926
f 9974 9975 10010
f 9947 9948 9977
f 9921 9861 9922
f 10034 9970 10006
f 10036 9942 10037
f 10067 10068 10106
f 10035 10036 10073
f 9893 9894 9925
f 10461 10008 10444
f 10560 10564 10586
f 10452 10442 10444
f 10441 10443 10034
f 10496 10486 10497
f 10034 10069 10441
f 10586 10589 10560
f 10444 9974 10461
f 10450 10007 10444
f 10444 10037 10450
f 10442 10037 10444
f 10443 10004 10448
f 10564 10560 10558
f 10574 10564 10558
f 10449 10444 10462
f 10449 9974 10444
f 10462 9946 10449
f 10448 10034 10443
f 10558 10557 10574
f 10574 10557 10572
f 9972 10462 10007
f 9972 9973 10462
f 9864 10470 10460
f 10439 5809 1040
f 1040 10440 10439
f 9864 9865 10470
f 10485 10478 10479
f 10470 9893 10456
f 10445 9922 10460
f 10470 10456 10445
f 10094 9996 10440
f 10445 10460 10470
f 1040 5824 10440
f 10545 9567 10552
f 10446 9922 10445
f 10446 10445 10456
f 10446 10456 10447
f 10440 10127 10094
f 10552 10543 10545
f 10440 5824 10127
f 10487 10486 10485
f 10543 10552 10541
f 10541 9597 10543
f 10462 9973 10447
f 9997 6013 5808
f 1003 10127 5824
f 10485 10479 10487
f 9862 9827 9863
f 10069 10006 10070
f 10456 9923 10455
f 9944 9920 9945
f 9975 10469 10011
f 9924 9893 9925
f 10455 10462 10447
f 10456 10455 10447
f 10003 10004 10033
f 10457 9890 9921
f 9923 9924 9949
f 9891 9825 9892
f 10072 10035 10073
f 10074 10075 10110
f 10071 10035 10072
f 10109 10074 10110
f 9969 9917 9940
f 10455 9946 10462
f 10486 10487 10488
f 10486 10488 10497
f 10070 10006 10071
f 9968 9939 9969
f 10003 9968 10004
f 9861 9891 9922
f 9948 9923 9949
f 9971 9919 10007
f 10008 10009 10040
f 10497 10488 10523
f 10469 9946 9976
f 10007 10462 10444
f 10523 10515 10497
f 10447 9945 10446
f 9608 9574 10569
f 9442 9488 10580
f 9442 10580 9413
f 9541 9458 10572
f 10573 10562 10565
f 9366 9392 9365
f 10576 10565 10562
f 10563 10577 10576
f 10576 10562 10573
f 10563 10576 10579
f 10563 10579 10575
f 10570 10586 10566
f 9366 10570 10566
f 10109 10108 10107
f 10565 9608 10569
f 9458 10574 10572
f 9610 9609 10568
f 10564 9458 9441
f 9575 9610 10568
f 9390 10564 9441
f 9390 9391 10564
f 10587 9311 9367
f 9367 10578 10587
f 10497 10515 10522
f 10487 10479 10498
f 10498 10536 10487
f 10487 10536 10499
f 10489 10488 10487
f 10499 10489 10487
f 10472 10500 9817
f 10472 9847 9846
f 9650 9651 9696
f 9817 9789 9818
f 9731 9697 9789
f 9586 9648 9695
f 10525 9648 9588
f 9588 9589 9590
f 9845 9881 9912
f 9969 9940 10005
f 10448 10004 9968
f 10448 9969 10005
f 9591 9593 9649
f 10537 10529 10539
f 10521 10537 10539
f 9846 9847 9882
f 9892 9862 9863
f 10453 10074 10458
f 10458 10468 10453
f 10463 10465 10458
f 10481 9560 10482
f 10468 10458 10465
f 9559 9560 10481
f 9628 9596 10545
f 10451 10068 10454
f 10546 9407 10551
f 10537 10481 10529
f 10495 10472 9846
f 10109 10107 10463
f 10109 10463 10458
f 10492 10516 10500
f 9788 9695 10513
f 10471 10459 10464
f 10471 10464 10451
f 10107 10068 10451
f 10451 10464 10107
f 10477 9788 10513
f 10075 10074 10453
f 10442 10075 10453
f 10453 10467 10442
f 10467 10453 10468
f 10454 10441 10451
f 10510 10477 10495
f 10471 10451 10441
f 10070 10071 10459
f 10070 10459 10471
f 10106 10068 10107
f 10452 10038 10442
f 10468 10072 10073
f 10468 10073 10467
f 10472 10473 10500
f 10069 10070 10471
f 10441 10069 10471
f 10467 10073 10466
f 10467 10466 10442
f 10551 9354 10546
f 9696 9731 10516
f 10441 10454 10443
f 10496 10472 10495
f 10444 10008 10452
f 10466 10037 10442
f 10067 10033 10454
f 10454 10068 10067
f 10466 10073 10036
f 10036 10037 10466
f 10461 9974 10009
f 10009 10008 10461
f 10472 10496 10473
f 10006 10069 10034
f 10450 10037 9971
f 9971 10007 10450
f 10449 9946 10469
f 9975 9974 10449
f 10469 9975 10449
f 10496 10522 10473
f 10502 10476 10501
f 10534 10475 10502
f 10501 10474 10534
f 9947 9946 10455
f 9650 10518 10531
f 10005 10034 10448
f 9968 9969 10448
f 10501 10534 10502
f 10455 9923 9948
f 9948 9947 10455
f 10447 9973 9944
f 9944 9945 10447
f 10456 9893 9924
f 9924 9923 10456
f 10518 9650 9696
f 10446 9945 10457
f 9921 9922 10446
f 10457 9921 10446
f 9894 9893 10470
f 10475 9591 10502
f 10470 9865 9895
f 9895 9894 10470
f 10460 9892 9864
f 9789 9817 10500
f 9789 10500 10516
f 9892 9863 9864
f 10460 9922 9891
f 9891 9892 10460
f 10513 10478 10484
f 10524 10483 10512
f 10542 9505 10541
f 9505 10542 10548
f 10549 9504 9476
f 10548 10542 10549
f 10552 10555 10542
f 10542 10541 10552
f 10553 10548 10549
f 10558 10573 10569
f 9475 10553 10549
f 10569 10557 10558
f 10565 10568 9609
f 10548 10553 9477
f 9475 10547 10553
f 10549 9476 9475
f 10563 9509 10577
f 10505 10492 10530
f 10489 10503 10509
f 10577 9575 10568
f 9409 9430 10544
f 9408 9409 10544
f 9559 10481 10537
f 10472 9817 9847
f 9649 9650 10531
f 10513 10495 10477
f 9608 10565 9609
f 9407 9408 10544
f 9504 9503 9476
f 10521 9590 9558
f 10477 10510 9845
f 9567 9566 9531
f 9431 9356 9477
f 10581 10576 10573
f 9430 9431 9456
f 9475 9453 9455
f 10494 10525 10480
f 10493 10525 10494
f 10514 9648 10493
f 10493 10478 10514
f 10580 10563 10575
f 10478 10513 10526
f 10526 10514 10478
f 10482 9561 10475
f 9561 9562 10475
f 10495 9846 10510
f 9608 9609 9638
f 9412 9390 9441
f 9365 9339 9366
f 9540 9458 9541
f 10516 9731 9789
f 10578 10561 9341
f 9341 10587 10578
f 9591 9649 10502
f 9649 10476 10502
f 10531 10518 10476
f 10531 10476 9649
f 10564 9391 10586
f 10475 9562 9591
f 10513 9695 10526
f 10508 10520 10482
f 10508 10482 10475
f 10505 10515 10523
f 10505 10523 10527
f 10488 10489 10523
f 10527 10523 10535
f 10535 10507 10527
f 10499 10536 10533
f 10503 10489 10499
f 10499 10533 10503
f 10503 10533 10528
f 10564 10574 9458
f 10503 10528 10509
f 10523 10489 10509
f 10535 10523 10509
f 10532 10535 10509
f 10528 10532 10509
f 10535 10474 10507
f 10532 10474 10535
f 10534 10474 10532
f 10528 10533 10511
f 9413 9414 9442
f 10528 10534 10532
f 10528 10520 10508
f 10508 10475 10534
f 10508 10534 10528
f 10538 10474 10501
f 10501 10476 10490
f 10490 10538 10501
f 10476 10518 10490
f 10507 10474 10538
f 10538 10527 10507
f 9542 9575 10577
f 10577 9509 9542
f 10543 9597 9655
f 9413 10575 10556
f 10490 10518 10504
f 10490 10504 10491
f 10491 10538 10490
f 10505 10527 10538
f 10491 10492 10505
f 10505 10538 10491
f 9696 10516 10504
f 9696 10504 10518
f 10504 10516 10492
f 10492 10491 10504
f 10530 10515 10505
f 10583 10559 10570
f 10561 10578 10583
f 10554 9407 10546
f 10522 10515 10530
f 10561 10583 10570
f 10571 10560 10589
f 10568 10565 10576
f 10568 10576 10577
f 10492 10500 10530
f 10579 10588 10585
f 10530 10500 10473
f 10522 10530 10473
f 10585 10556 10575
f 10585 10575 10579
f 10511 10519 10520
f 10528 10511 10520
f 10520 10519 10481
f 10511 10533 10512
f 10511 10512 10519
f 10529 10481 10519
f 10512 10529 10519
f 9532 9457 9597
f 9430 9456 10544
f 9627 9596 9628
f 10540 9590 10521
f 9505 9457 9532
f 10540 10521 10539
f 9530 9531 9565
f 10539 10529 10512
f 9597 9506 9655
f 9565 9531 9566
f 9566 9567 9596
f 10512 10533 10524
f 10483 10480 10540
f 10540 10539 10483
f 9329 9330 9384
f 10483 10539 10512
f 10506 10480 10483
f 10483 10536 10506
f 9406 9354 10551
f 10524 10533 10536
f 10551 9407 9406
f 9384 9355 9408
f 9406 9407 9428
f 9408 9355 9409
f 9428 9429 9453
f 10536 10483 10524
f 9409 9331 9430
f 9453 9429 9454
f 9430 9331 9431
f 9454 9455 9453
f 10494 10480 10506
f 10506 10536 10494
f 10494 10536 10498
f 10494 10498 10479
f 9453 9475 9502
f 9475 9476 9502
f 10479 10478 10493
f 9502 9476 9503
f 10479 10493 10494
f 10584 10578 9367
f 10482 10520 10481
f 10543 9655 9700
f 9407 10544 10550
f 10477 9845 9788
f 9607 9574 9608
f 9541 9574 9607
f 10482 9560 9561
f 9700 10545 10543
f 9596 9567 10545
f 10567 10556 10585
f 10493 9648 10525
f 10588 10583 10567
f 10554 9354 9329
f 9368 9369 10556
f 10546 9354 10554
f 10585 10588 10567
f 9700 9628 10545
f 10584 10556 10567
f 10570 10559 10571
f 10589 10570 10571
f 9477 9356 9478
f 9503 9504 9529
f 9558 9559 10537
f 9558 10537 10521
f 9478 9356 9505
f 9529 9504 9530
f 10525 9588 10480
f 10571 10559 10582
f 9588 9590 10540
f 10555 9504 10549
f 9588 10540 10480
f 10514 10526 9695
f 9695 9648 10514
f 10549 10542 10555
f 10558 10560 10571
f 10510 9846 9881
f 9881 9845 10510
f 10571 10582 10558
f 10572 9574 9541
f 9369 9413 10556
f 10566 9392 9366
f 10580 10575 9413
f 9488 10563 10580
f 9488 9509 10563
f 10587 9341 9311
f 10586 9391 10566
f 10581 10573 10582
f 10573 10558 10582
f 10581 10582 10588
f 10582 10559 10588
f 10588 10559 10583
f 10567 10578 10584
f 10567 10583 10578
