v -0.4422 0.4214 -0.2654
v -0.4171 0.4416 -0.2749
v -0.4005 0.4459 -0.3005
v -0.4199 0.4449 -0.2714
v -0.4276 0.4539 -0.2698
v -0.4708 0.4221 -0.2542
v -0.4539 0.4119 -0.2601
v -0.4436 0.4077 -0.2706
v -0.4281 0.4197 -0.2855
v -0.3806 0.4658 -0.2914
v -0.4034 0.4563 -0.2746
v -0.4563 0.3844 -0.2582
v -0.4745 0.4359 -0.2431
v -0.4076 0.4057 -0.2962
v -0.4009 0.4292 -0.3027
v -0.4300 0.4700 -0.2658
v -0.4484 0.4513 -0.2574
v -0.4856 0.3870 -0.2399
v -0.4352 0.3827 -0.2695
v -0.3529 0.4665 -0.3203
v -0.4046 0.4836 -0.2734
v -0.4673 0.4448 -0.2480
v -0.5073 0.4223 -0.2264
v -0.4634 0.3772 -0.2551
v -0.4440 0.3731 -0.2636
v -0.3925 0.3951 -0.2966
v -0.3731 0.4417 -0.3165
v -0.3821 0.4091 -0.3030
v -0.3698 0.4345 -0.3158
v -0.5235 0.4041 -0.2211
v -0.5160 0.3832 -0.2252
v -0.4159 0.3766 -0.2742
v -0.3710 0.4198 -0.3076
v -0.3328 0.4796 -0.3207
v -0.3569 0.4737 -0.3011
v -0.3633 0.4804 -0.2952
v -0.3784 0.4832 -0.2885
v -0.4019 0.4973 -0.2792
v -0.4459 0.4619 -0.2628
v -0.4941 0.4400 -0.2366
v -0.5273 0.3648 -0.2330
v -0.4687 0.3625 -0.2601
v -0.4209 0.3672 -0.2707
v -0.3693 0.4133 -0.3070
v -0.3404 0.4805 -0.2982
v -0.3656 0.5176 -0.2974
v -0.4717 0.4578 -0.2625
v -0.4873 0.4484 -0.2470
v -0.5025 0.4347 -0.2298
v -0.5489 0.3835 -0.2066
v -0.4254 0.3477 -0.2790
v -0.3998 0.3600 -0.2818
v -0.3889 0.3716 -0.2926
v -0.3719 0.3759 -0.3081
v -0.3424 0.4533 -0.3240
v -0.3319 0.4718 -0.3277
v -0.3570 0.4269 -0.3081
v -0.3686 0.4082 -0.3096
v -0.4238 0.4853 -0.2781
v -0.4702 0.4710 -0.2710
v -0.5055 0.4458 -0.2299
v -0.5244 0.4350 -0.2271
v -0.3802 0.3535 -0.2893
v -0.3456 0.3971 -0.3295
v -0.3368 0.4317 -0.3066
v -0.3386 0.4378 -0.3080
v -0.3450 0.4830 -0.2949
v -0.3481 0.4917 -0.2958
v -0.3535 0.5002 -0.2996
v -0.3567 0.5379 -0.3060
v -0.4386 0.4915 -0.2995
v -0.5503 0.4278 -0.2144
v -0.5709 0.4089 -0.1992
v -0.5908 0.3662 -0.1909
v -0.4503 0.3530 -0.2666
v -0.4913 0.3573 -0.2470
v -0.3478 0.3794 -0.3260
v -0.3450 0.4103 -0.3262
v -0.3221 0.4830 -0.3087
v -0.3368 0.4824 -0.2762
v -0.3763 0.5302 -0.2996
v -0.5034 0.4559 -0.2282
v -0.5273 0.4445 -0.2252
v -0.3524 0.3608 -0.3079
v -0.3219 0.4806 -0.3228
v -0.2941 0.4805 -0.3062
v -0.3140 0.4812 -0.2788
v -0.3905 0.5254 -0.3011
v -0.4040 0.5244 -0.3150
v -0.4728 0.4813 -0.2589
v -0.4943 0.4727 -0.2261
v -0.6075 0.3413 -0.1924
v -0.3361 0.3673 -0.3179
v -0.3204 0.3925 -0.3415
v -0.3142 0.4644 -0.3227
v -0.3405 0.4841 -0.2866
v -0.3510 0.5626 -0.3175
v -0.3719 0.5455 -0.3095
v -0.3433 0.4899 -0.2891
v -0.3374 0.5259 -0.3045
v -0.4454 0.4997 -0.2979
v -0.4796 0.4802 -0.2408
v -0.5676 0.4321 -0.1972
v -0.5996 0.3918 -0.1851
v -0.6014 0.3690 -0.1842
v -0.5616 0.4437 -0.2044
v -0.4532 0.3488 -0.2584
v -0.4300 0.3416 -0.2715
v -0.3055 0.3879 -0.3444
v -0.3082 0.4078 -0.3474
v -0.3020 0.4197 -0.3455
v -0.3262 0.4284 -0.3123
v -0.3217 0.4377 -0.3109
v -0.3141 0.4748 -0.3243
v -0.3007 0.4759 -0.3189
v -0.2829 0.4787 -0.2891
v -0.2919 0.4755 -0.3220
v -0.3430 0.4866 -0.2773
v -0.3411 0.5554 -0.3125
v -0.3734 0.5578 -0.3225
v -0.4969 0.4787 -0.2171
v -0.5579 0.4532 -0.2024
v -0.5249 0.4648 -0.2095
v -0.5757 0.4373 -0.1929
v -0.5810 0.4244 -0.1828
v -0.6189 0.3650 -0.1695
v -0.6135 0.3486 -0.1874
v -0.4380 0.3386 -0.2420
v -0.3326 0.3617 -0.3175
v -0.3080 0.3712 -0.3259
v -0.3044 0.4647 -0.3243
v -0.2488 0.4824 -0.3170
v -0.3210 0.4744 -0.2529
v -0.3524 0.4817 -0.2548
v -0.3322 0.5250 -0.2963
v -0.3322 0.5436 -0.3045
v -0.4301 0.5094 -0.3086
v -0.4035 0.5346 -0.3204
v -0.4622 0.4937 -0.2451
v -0.4848 0.4867 -0.2179
v -0.4645 0.4956 -0.2225
v -0.5015 0.4843 -0.2116
v -0.5588 0.4663 -0.1929
v -0.6021 0.4461 -0.1857
v -0.6027 0.4177 -0.1586
v -0.6130 0.3918 -0.1692
v -0.6176 0.3579 -0.1759
v -0.4903 0.3452 -0.2278
v -0.5423 0.3484 -0.2211
v -0.4032 0.3300 -0.2876
v -0.3167 0.3279 -0.3321
v -0.2795 0.4103 -0.3591
v -0.2765 0.4307 -0.3431
v -0.2958 0.4654 -0.3280
v -0.3030 0.4722 -0.3226
v -0.2481 0.4831 -0.3288
v -0.2573 0.4742 -0.2956
v -0.2701 0.4761 -0.3373
v -0.3026 0.4621 -0.2409
v -0.3253 0.4730 -0.2377
v -0.3450 0.4787 -0.2401
v -0.3427 0.5766 -0.3226
v -0.3647 0.5741 -0.3256
v -0.4158 0.5296 -0.3161
v -0.4698 0.4963 -0.2120
v -0.4468 0.5036 -0.2305
v -0.6291 0.3782 -0.1453
v -0.5940 0.4541 -0.1932
v -0.4036 0.3243 -0.2739
v -0.3453 0.3142 -0.3204
v -0.2960 0.3429 -0.3399
v -0.2766 0.3622 -0.3340
v -0.2704 0.4439 -0.3424
v -0.2976 0.4634 -0.2519
v -0.3371 0.5799 -0.3172
v -0.3491 0.5853 -0.3239
v -0.3312 0.5425 -0.2963
v -0.4163 0.5361 -0.3110
v -0.6197 0.4008 -0.1361
v -0.6372 0.3651 -0.1504
v -0.6530 0.3489 -0.1655
v -0.6691 0.3429 -0.1613
v -0.4641 0.3392 -0.2339
v -0.4189 0.3310 -0.2538
v -0.6010 0.3239 -0.1765
v -0.5130 0.3384 -0.2151
v -0.3696 0.3165 -0.3078
v -0.2936 0.3578 -0.3310
v -0.2495 0.4024 -0.3568
v -0.2702 0.4018 -0.3588
v -0.2753 0.4195 -0.3569
v -0.2639 0.4285 -0.3483
v -0.2713 0.4650 -0.3425
v -0.2877 0.4553 -0.2524
v -0.3024 0.4613 -0.2308
v -0.3726 0.4908 -0.2395
v -0.3402 0.5238 -0.2821
v -0.3338 0.5724 -0.3093
v -0.3618 0.5831 -0.3242
v -0.3847 0.5615 -0.3228
v -0.4069 0.5382 -0.2749
v -0.4295 0.5097 -0.2231
v -0.4795 0.4991 -0.2053
v -0.4429 0.5043 -0.2052
v -0.5245 0.4915 -0.2053
v -0.5193 0.5018 -0.2001
v -0.5826 0.4622 -0.1873
v -0.5817 0.4714 -0.1739
v -0.5420 0.4878 -0.2003
v -0.5588 0.4908 -0.1882
v -0.6049 0.4297 -0.1555
v -0.6146 0.4239 -0.1400
v -0.6318 0.3862 -0.1321
v -0.6405 0.3732 -0.1417
v -0.5896 0.3374 -0.1983
v -0.4374 0.3282 -0.2362
v -0.4277 0.3286 -0.2403
v -0.3670 0.3013 -0.2977
v -0.2939 0.3066 -0.3441
v -0.2648 0.4106 -0.3618
v -0.2628 0.4170 -0.3605
v -0.2120 0.4865 -0.3395
v -0.2492 0.4491 -0.2885
v -0.3186 0.4735 -0.2248
v -0.2828 0.4437 -0.2337
v -0.3561 0.4912 -0.2182
v -0.3801 0.4952 -0.2240
v -0.3672 0.4962 -0.2512
v -0.3691 0.5792 -0.3213
v -0.4598 0.5057 -0.1948
v -0.5016 0.5101 -0.1934
v -0.6324 0.4710 -0.1717
v -0.5721 0.4774 -0.1763
v -0.5415 0.4984 -0.1957
v -0.6330 0.4428 -0.1375
v -0.6268 0.4001 -0.1297
v -0.6416 0.3814 -0.1319
v -0.6538 0.3324 -0.1657
v -0.4786 0.3365 -0.2308
v -0.3880 0.3088 -0.2820
v -0.3139 0.3013 -0.3334
v -0.2790 0.3299 -0.3469
v -0.2704 0.3392 -0.3448
v -0.2459 0.4282 -0.3485
v -0.2522 0.4353 -0.3471
v -0.2539 0.4431 -0.3481
v -0.2260 0.4825 -0.3663
v -0.1951 0.4798 -0.3419
v -0.2623 0.4289 -0.2634
v -0.3856 0.5004 -0.2289
v -0.3725 0.5181 -0.2515
v -0.3460 0.5873 -0.3175
v -0.3566 0.5862 -0.3212
v -0.3378 0.5644 -0.2978
v -0.3513 0.5444 -0.2809
v -0.4126 0.5129 -0.2249
v -0.4248 0.5056 -0.2071
v -0.4289 0.5082 -0.1927
v -0.6062 0.4754 -0.1678
v -0.5572 0.5026 -0.1798
v -0.6351 0.4541 -0.1652
v -0.6258 0.4584 -0.1770
v -0.6805 0.3858 -0.1317
v -0.3460 0.3047 -0.3174
v -0.2445 0.3284 -0.3599
v -0.2533 0.3479 -0.3398
v -0.2453 0.3572 -0.3395
v -0.2443 0.3965 -0.3553
v -0.2321 0.4280 -0.3453
v -0.2371 0.4539 -0.3598
v -0.2284 0.4723 -0.3677
v -0.2424 0.4416 -0.3491
v -0.2163 0.4547 -0.3173
v -0.2349 0.4319 -0.2966
v -0.2666 0.4232 -0.2513
v -0.2695 0.4257 -0.2419
v -0.2866 0.4575 -0.2156
v -0.3072 0.4853 -0.1997
v -0.3330 0.5027 -0.1911
v -0.3619 0.5156 -0.1817
v -0.3984 0.5030 -0.2080
v -0.3402 0.5822 -0.3088
v -0.3664 0.5812 -0.3126
v -0.3958 0.5370 -0.2616
v -0.3953 0.5287 -0.2496
v -0.4094 0.5052 -0.2115
v -0.5262 0.5178 -0.1671
v -0.5369 0.5085 -0.1848
v -0.5754 0.4892 -0.1648
v -0.6343 0.4371 -0.1327
v -0.6434 0.3915 -0.1232
v -0.6667 0.4034 -0.1089
v -0.6776 0.3630 -0.1455
v -0.4796 0.3207 -0.2339
v -0.5327 0.3169 -0.2015
v -0.3446 0.2911 -0.3085
v -0.2858 0.2916 -0.3329
v -0.2612 0.3324 -0.3519
v -0.2304 0.4075 -0.3556
v -0.2147 0.4158 -0.3448
v -0.1949 0.4938 -0.3745
v -0.1772 0.4953 -0.3719
v -0.2454 0.4044 -0.2726
v -0.2625 0.4221 -0.2266
v -0.3623 0.5559 -0.2823
v -0.4847 0.5224 -0.1566
v -0.4015 0.5111 -0.2277
v -0.4336 0.5385 -0.1422
v -0.6271 0.4840 -0.1513
v -0.6011 0.4937 -0.1577
v -0.5573 0.5083 -0.1668
v -0.6545 0.4651 -0.1451
v -0.6465 0.4543 -0.1251
v -0.6464 0.4699 -0.1634
v -0.6473 0.4215 -0.1254
v -0.6561 0.4028 -0.1144
v -0.6781 0.3977 -0.1208
v -0.6962 0.3525 -0.1477
v -0.6511 0.3200 -0.1512
v -0.4590 0.3128 -0.2409
v -0.4228 0.2879 -0.2479
v -0.3807 0.2720 -0.2898
v -0.2609 0.3113 -0.3490
v -0.2451 0.3389 -0.3568
v -0.2408 0.3511 -0.3441
v -0.2112 0.3771 -0.3644
v -0.2192 0.4246 -0.3391
v -0.2322 0.4354 -0.3437
v -0.1900 0.4734 -0.3804
v -0.1727 0.4889 -0.3614
v -0.2089 0.4546 -0.3256
v -0.1942 0.4651 -0.3408
v -0.2182 0.4401 -0.3179
v -0.2410 0.3768 -0.2667
v -0.2716 0.4493 -0.2066
v -0.2914 0.4862 -0.1864
v -0.3054 0.4969 -0.1888
v -0.3849 0.5256 -0.2496
v -0.3508 0.5848 -0.3100
v -0.4759 0.5346 -0.1341
v -0.5080 0.5247 -0.1459
v -0.6479 0.4642 -0.1592
v -0.6625 0.4760 -0.1288
v -0.7033 0.4021 -0.1100
v -0.7185 0.3626 -0.1349
v -0.4333 0.3042 -0.2423
v -0.4936 0.3175 -0.2231
v -0.2801 0.2834 -0.3314
v -0.2661 0.2991 -0.3368
v -0.2194 0.3522 -0.3685
v -0.1918 0.3925 -0.3732
v -0.2215 0.4351 -0.3366
v -0.2283 0.4428 -0.3465
v -0.2147 0.4273 -0.3212
v -0.2148 0.4207 -0.3142
v -0.2134 0.4015 -0.3042
v -0.2413 0.3697 -0.2555
v -0.2472 0.3874 -0.2384
v -0.2724 0.4715 -0.1796
v -0.2484 0.4498 -0.1855
v -0.4008 0.5267 -0.1656
v -0.4093 0.5398 -0.1417
v -0.5446 0.5205 -0.1318
v -0.6498 0.4838 -0.1523
v -0.6119 0.4965 -0.1494
v -0.5731 0.4970 -0.1553
v -0.6517 0.4629 -0.1052
v -0.6461 0.4474 -0.1227
v -0.6541 0.4313 -0.1195
v -0.6956 0.4084 -0.1002
v -0.7158 0.3760 -0.1205
v -0.7636 0.3618 -0.1213
v -0.7190 0.3420 -0.1367
v -0.6911 0.3257 -0.1335
v -0.6345 0.3046 -0.1466
v -0.5945 0.3078 -0.1695
v -0.4844 0.3127 -0.2238
v -0.4310 0.2841 -0.2436
v -0.5227 0.3127 -0.2009
v -0.3460 0.2677 -0.3114
v -0.3065 0.2736 -0.3182
v -0.2504 0.3013 -0.3328
v -0.2279 0.3301 -0.3602
v -0.2064 0.3544 -0.3756
v -0.2108 0.4195 -0.3339
v -0.2172 0.4325 -0.3313
v -0.1827 0.4702 -0.3784
v -0.1943 0.4843 -0.3803
v -0.2183 0.4444 -0.3408
v -0.1784 0.4636 -0.3545
v -0.1938 0.4586 -0.3431
v -0.2095 0.4493 -0.3329
v -0.2155 0.4405 -0.3271
v -0.2493 0.4016 -0.2290
v -0.2357 0.4176 -0.1995
v -0.3023 0.5019 -0.1870
v -0.2901 0.4924 -0.1837
v -0.3128 0.5099 -0.1886
v -0.3291 0.5132 -0.1869
v -0.3632 0.5287 -0.1756
v -0.4917 0.5399 -0.1120
v -0.3990 0.5333 -0.1584
v -0.5196 0.5381 -0.1081
v -0.6298 0.4974 -0.1244
v -0.6069 0.5041 -0.1370
v -0.6607 0.4784 -0.1445
v -0.6511 0.4792 -0.0561
v -0.6637 0.4109 -0.1050
v -0.6719 0.4084 -0.0908
v -0.7664 0.3699 -0.1196
v -0.6780 0.3112 -0.1280
v -0.4823 0.3035 -0.2136
v -0.4643 0.3034 -0.2366
v -0.4542 0.2873 -0.2387
v -0.4969 0.3141 -0.2135
v -0.4141 0.2562 -0.2529
v -0.3803 0.2568 -0.2826
v -0.3000 0.2563 -0.3207
v -0.2827 0.2525 -0.3279
v -0.2647 0.2927 -0.3343
v -0.2052 0.3713 -0.3669
v -0.1984 0.4521 -0.3530
v -0.1791 0.4919 -0.3808
v -0.1655 0.4755 -0.3653
v -0.2147 0.4441 -0.3331
v -0.2103 0.4206 -0.3239
v -0.2391 0.3954 -0.2193
v -0.2363 0.3752 -0.2260
v -0.2152 0.4487 -0.1720
v -0.2591 0.4803 -0.1619
v -0.3830 0.5294 -0.1688
v -0.4413 0.5457 -0.1105
v -0.3906 0.5407 -0.1610
v -0.4039 0.5439 -0.1375
v -0.5800 0.5298 -0.0878
v -0.5692 0.5075 -0.1294
v -0.6614 0.4914 -0.1169
v -0.6528 0.4515 -0.1006
v -0.6628 0.4316 -0.1039
v -0.7329 0.3852 -0.1030
v -0.4657 0.2931 -0.2326
v -0.4996 0.3058 -0.1787
v -0.4344 0.2619 -0.2385
v -0.3289 0.2605 -0.3170
v -0.2467 0.2587 -0.3492
v -0.2626 0.2846 -0.3351
v -0.2255 0.3070 -0.3240
v -0.1889 0.3450 -0.3561
v -0.1769 0.3843 -0.3803
v -0.1910 0.4110 -0.3354
v -0.2029 0.4150 -0.3284
v -0.1703 0.4914 -0.3766
v -0.1674 0.4903 -0.3707
v -0.1952 0.4531 -0.3482
v -0.1905 0.4061 -0.3297
v -0.1808 0.3694 -0.3289
v -0.2108 0.3543 -0.3002
v -0.2320 0.3522 -0.2722
v -0.2317 0.3449 -0.2456
v -0.2605 0.4870 -0.1603
v -0.2837 0.5001 -0.1833
v -0.2857 0.5064 -0.1879
v -0.2139 0.3943 -0.1970
v -0.3142 0.5585 -0.1903
v -0.3519 0.5594 -0.1785
v -0.4057 0.5454 -0.1124
v -0.4930 0.5458 -0.0685
v -0.6467 0.4980 -0.1225
v -0.5937 0.5122 -0.1070
v -0.6501 0.4853 -0.0488
v -0.6677 0.4137 -0.0883
v -0.6922 0.4201 -0.0615
v -0.7378 0.4023 -0.0812
v -0.7286 0.4187 -0.0610
v -0.7675 0.3787 -0.1145
v -0.7312 0.3347 -0.1143
v -0.4747 0.2975 -0.2243
v -0.4816 0.2665 -0.2280
v -0.4735 0.2456 -0.2216
v -0.5771 0.3013 -0.1510
v -0.5173 0.3105 -0.1850
v -0.5023 0.3094 -0.1843
v -0.4939 0.3002 -0.1922
v -0.4862 0.2938 -0.2138
v -0.4119 0.2420 -0.2517
v -0.3653 0.2301 -0.2895
v -0.3553 0.2466 -0.2981
v -0.2380 0.2925 -0.3270
v -0.2129 0.3121 -0.3191
v -0.1908 0.3553 -0.3780
v -0.1764 0.3976 -0.3778
v -0.1849 0.4092 -0.3543
v -0.1715 0.4848 -0.3826
v -0.1641 0.4808 -0.3749
v -0.1510 0.3924 -0.3620
v -0.2254 0.3396 -0.2366
v -0.2235 0.4107 -0.1972
v -0.2143 0.4296 -0.1868
v -0.5220 0.5459 -0.0772
v -0.3865 0.5641 -0.1523
v -0.3956 0.5515 -0.1122
v -0.3944 0.5561 -0.1398
v -0.5745 0.5231 -0.1061
v -0.6582 0.4890 -0.1371
v -0.6128 0.5069 -0.0986
v -0.6533 0.4991 -0.1135
v -0.6640 0.4328 -0.0857
v -0.7726 0.3561 -0.1112
v -0.7220 0.3209 -0.1062
v -0.6617 0.3062 -0.1237
v -0.4968 0.2909 -0.2037
v -0.4458 0.2432 -0.2323
v -0.3921 0.2298 -0.2616
v -0.3323 0.2413 -0.3082
v -0.2954 0.2458 -0.3165
v -0.2214 0.2396 -0.3550
v -0.2212 0.3001 -0.3181
v -0.2134 0.3058 -0.3131
v -0.1672 0.3705 -0.3895
v -0.1622 0.3867 -0.3843
v -0.1747 0.4017 -0.3740
v -0.1690 0.4685 -0.3657
v -0.1677 0.4763 -0.3784
v -0.1512 0.3801 -0.3592
v -0.2107 0.3143 -0.2959
v -0.2332 0.3419 -0.2574
v -0.2180 0.3657 -0.2138
v -0.2627 0.4942 -0.1649
v -0.1862 0.4264 -0.1860
v -0.2095 0.4458 -0.1663
v -0.2538 0.4797 -0.1513
v -0.2385 0.5263 -0.2006
v -0.2620 0.5426 -0.2012
v -0.3955 0.5469 -0.0935
v -0.4132 0.5461 -0.0672
v -0.6199 0.5165 -0.0761
v -0.5974 0.5235 -0.0840
v -0.6482 0.4564 -0.0665
v -0.6618 0.4204 -0.0683
v -0.6662 0.4174 -0.0637
v -0.7555 0.3958 -0.0946
v -0.7050 0.3145 -0.1052
v -0.5886 0.3022 -0.1402
v -0.4985 0.2685 -0.2209
v -0.5294 0.3105 -0.1599
v -0.5156 0.3132 -0.1531
v -0.5173 0.2749 -0.2074
v -0.3170 0.2380 -0.3112
v -0.2073 0.2532 -0.3645
v -0.2153 0.2904 -0.3175
v -0.1738 0.3536 -0.3453
v -0.1578 0.3999 -0.3634
v -0.1706 0.3616 -0.3400
v -0.1848 0.3517 -0.3228
v -0.2232 0.2899 -0.2737
v -0.2051 0.3483 -0.2087
v -0.2022 0.3618 -0.2050
v -0.2632 0.5000 -0.1722
v -0.1951 0.4144 -0.1907
v -0.2356 0.5135 -0.1889
v -0.2684 0.5643 -0.1999
v -0.3329 0.5895 -0.1797
v -0.3511 0.5905 -0.1728
v -0.5068 0.5476 -0.0439
v -0.4746 0.5425 -0.0375
v -0.3818 0.5554 -0.0945
v -0.3794 0.5829 -0.1405
v -0.3771 0.5827 -0.1231
v -0.6339 0.5137 -0.0565
v -0.6437 0.5022 -0.0540
v -0.6857 0.4364 -0.0441
v -0.7228 0.4296 -0.0411
v -0.7393 0.4220 -0.0545
v -0.5040 0.3006 -0.1600
v -0.5057 0.2948 -0.1695
v -0.4185 0.2236 -0.2529
v -0.3863 0.2163 -0.2621
v -0.3632 0.2171 -0.2776
v -0.3214 0.2171 -0.3148
v -0.2965 0.2356 -0.3108
v -0.2834 0.2353 -0.3101
v -0.2710 0.2371 -0.3152
v -0.2343 0.2726 -0.3468
v -0.2374 0.2859 -0.3304
v -0.2127 0.2979 -0.3107
v -0.2098 0.3020 -0.3055
v -0.2058 0.3147 -0.3065
v -0.1708 0.3556 -0.3722
v -0.1553 0.3952 -0.3746
v -0.2259 0.2955 -0.2654
v -0.2264 0.3043 -0.2494
v -0.2110 0.3085 -0.2246
v -0.1996 0.3284 -0.2078
v -0.2585 0.4895 -0.1505
v -0.1752 0.4137 -0.1897
v -0.2358 0.4576 -0.1429
v -0.1823 0.3861 -0.1916
v -0.1741 0.3953 -0.1876
v -0.3103 0.5803 -0.1833
v -0.3622 0.6000 -0.1630
v -0.3848 0.5486 -0.0868
v -0.3886 0.5427 -0.0710
v -0.5683 0.5401 -0.0487
v -0.3546 0.6378 -0.1536
v -0.3681 0.5890 -0.1105
v -0.5888 0.5334 -0.0590
v -0.6545 0.4743 -0.0457
v -0.6506 0.4502 -0.0563
v -0.7101 0.4402 -0.0353
v -0.7995 0.3969 -0.1038
v -0.8024 0.4245 -0.0741
v -0.7520 0.3300 -0.0877
v -0.7275 0.3220 -0.0880
v -0.6807 0.3120 -0.1012
v -0.5360 0.3147 -0.1506
v -0.5076 0.3107 -0.1511
v -0.5472 0.2766 -0.1695
v -0.4429 0.2082 -0.2397
v -0.3608 0.2097 -0.2699
v -0.3171 0.2086 -0.3136
v -0.2683 0.2326 -0.3058
v -0.2143 0.2327 -0.3480
v -0.1562 0.3579 -0.3631
v -0.1467 0.3688 -0.3857
v -0.1621 0.3639 -0.3870
v -0.1510 0.3628 -0.3614
v -0.2100 0.3038 -0.2988
v -0.2166 0.2973 -0.2307
v -0.2545 0.4999 -0.1559
v -0.1721 0.4209 -0.1800
v -0.2125 0.4307 -0.1452
v -0.2452 0.4621 -0.1290
v -0.2629 0.4864 -0.1356
v -0.2282 0.4410 -0.1337
v -0.2428 0.5074 -0.1799
v -0.2781 0.5734 -0.1944
v -0.3154 0.5987 -0.1762
v -0.3353 0.6202 -0.1751
v -0.3324 0.6495 -0.1727
v -0.3737 0.5469 -0.0826
v -0.4157 0.5387 -0.0371
v -0.5389 0.5443 -0.0326
v -0.4489 0.5369 -0.0236
v -0.4834 0.5406 -0.0167
v -0.6543 0.4927 -0.0309
v -0.6569 0.4442 -0.0488
v -0.6747 0.4552 -0.0328
v -0.7611 0.4403 -0.0407
v -0.7806 0.4324 -0.0656
v -0.7884 0.3556 -0.0866
v -0.5182 0.2881 -0.1497
v -0.4157 0.2025 -0.2507
v -0.3963 0.2006 -0.2647
v -0.3667 0.2056 -0.2660
v -0.3028 0.2101 -0.3206
v -0.2940 0.2261 -0.3117
v -0.2806 0.2234 -0.3073
v -0.2013 0.2438 -0.3674
v -0.2013 0.2707 -0.3472
v -0.2081 0.2897 -0.3127
v -0.2089 0.2950 -0.3038
v -0.1503 0.3628 -0.3835
v -0.1491 0.3914 -0.3696
v -0.1426 0.3663 -0.3736
v -0.2114 0.2837 -0.2947
v -0.2229 0.2741 -0.2432
v -0.1879 0.3334 -0.2007
v -0.1669 0.4070 -0.1870
v -0.1737 0.4194 -0.1861
v -0.2136 0.4151 -0.1319
v -0.1604 0.5684 -0.2316
v -0.2854 0.5817 -0.1862
v -0.3004 0.5902 -0.1774
v -0.3213 0.6204 -0.1766
v -0.3059 0.6025 -0.1715
v -0.3482 0.6382 -0.1640
v -0.5344 0.5416 -0.0135
v -0.5870 0.5357 -0.0290
v -0.3663 0.5631 -0.0909
v -0.6068 0.5302 -0.0526
v -0.6506 0.5090 -0.0351
v -0.6914 0.4650 -0.0220
v -0.7234 0.4521 -0.0259
v -0.7476 0.4416 -0.0371
v -0.8044 0.3920 -0.1048
v -0.6153 0.3305 -0.1046
v -0.4807 0.2202 -0.2183
v -0.5242 0.2434 -0.1945
v -0.5751 0.3308 -0.1185
v -0.5544 0.3433 -0.1147
v -0.5220 0.3286 -0.1377
v -0.5045 0.3063 -0.1546
v -0.5087 0.2946 -0.1446
v -0.5352 0.2811 -0.1499
v -0.3762 0.1880 -0.2697
v -0.4488 0.1939 -0.2321
v -0.3181 0.1995 -0.2995
v -0.2606 0.2312 -0.2938
v -0.1935 0.2554 -0.3664
v -0.2005 0.2769 -0.3133
v -0.2285 0.2742 -0.2597
v -0.1979 0.2655 -0.2179
v -0.1854 0.2939 -0.2102
v -0.2325 0.5093 -0.1624
v -0.2515 0.5030 -0.1441
v -0.1720 0.3857 -0.1863
v -0.1764 0.4145 -0.1699
v -0.2073 0.4169 -0.1432
v -0.2359 0.4483 -0.0951
v -0.2737 0.4923 -0.1081
v -0.1584 0.3264 -0.1994
v -0.1459 0.3491 -0.2012
v -0.2323 0.5798 -0.2064
v -0.3126 0.6136 -0.1739
v -0.3626 0.5405 -0.0779
v -0.5162 0.5381 -0.0027
v -0.4057 0.5202 -0.0087
v -0.4419 0.5280 -0.0045
v -0.4748 0.5297 0.0067
v -0.3434 0.6166 -0.1104
v -0.3428 0.6533 -0.1392
v -0.3427 0.6391 -0.1247
v -0.6544 0.4934 -0.0185
v -0.6734 0.4660 -0.0224
v -0.6674 0.4590 -0.0344
v -0.7090 0.4729 -0.0082
v -0.8127 0.3871 -0.1014
v -0.8257 0.4354 -0.0731
v -0.8016 0.3718 -0.1008
v -0.7265 0.3295 -0.0762
v -0.4956 0.2147 -0.2123
v -0.5077 0.3195 -0.1325
v -0.5914 0.2634 -0.1401
v -0.5784 0.2601 -0.1678
v -0.4270 0.1950 -0.2446
v -0.3346 0.1884 -0.2652
v -0.3284 0.1941 -0.2707
v -0.2900 0.2079 -0.3188
v -0.2285 0.2317 -0.3195
v -0.2331 0.2313 -0.2977
v -0.1919 0.2315 -0.3546
v -0.1822 0.2594 -0.3556
v -0.2184 0.2526 -0.3029
v -0.2286 0.2667 -0.2695
v -0.2065 0.5229 -0.1868
v -0.2307 0.5115 -0.1515
v -0.2611 0.5008 -0.1326
v -0.2054 0.3919 -0.0985
v -0.2459 0.4637 -0.0864
v -0.2837 0.5069 -0.1036
v -0.1655 0.3761 -0.1886
v -0.1873 0.5752 -0.2250
v -0.2318 0.5896 -0.1988
v -0.2751 0.5893 -0.1791
v -0.2935 0.5947 -0.1708
v -0.3051 0.6267 -0.1720
v -0.3331 0.5223 -0.0694
v -0.3822 0.5233 -0.0240
v -0.5725 0.5330 0.0021
v -0.6106 0.5321 -0.0164
v -0.6185 0.5259 -0.0434
v -0.6410 0.5210 -0.0383
v -0.6484 0.5132 -0.0165
v -0.6913 0.4778 -0.0079
v -0.6743 0.4738 -0.0101
v -0.7473 0.4651 -0.0259
v -0.8009 0.4441 -0.0477
v -0.8218 0.4511 -0.0528
v -0.8250 0.4148 -0.0905
v -0.8241 0.3779 -0.0762
v -0.8148 0.3640 -0.0683
v -0.7569 0.3373 -0.0709
v -0.6383 0.3499 -0.0766
v -0.5046 0.3110 -0.1314
v -0.5077 0.2942 -0.1259
v -0.5179 0.2787 -0.1231
v -0.3806 0.1788 -0.2656
v -0.3551 0.1731 -0.2704
v -0.3493 0.1940 -0.2667
v -0.4766 0.1891 -0.2253
v -0.3000 0.1993 -0.3149
v -0.2694 0.2259 -0.2956
v -0.2601 0.2312 -0.2836
v -0.1956 0.2367 -0.3650
v -0.1887 0.2695 -0.3356
v -0.2301 0.2576 -0.2482
v -0.1905 0.2392 -0.2096
v -0.1603 0.2973 -0.2080
v -0.2094 0.5234 -0.1611
v -0.2250 0.5200 -0.1468
v -0.1699 0.3920 -0.1793
v -0.1665 0.4094 -0.1808
v -0.1772 0.3915 -0.1685
v -0.1992 0.3876 -0.1484
v -0.2587 0.4781 -0.0783
v -0.2897 0.5040 -0.0911
v -0.1487 0.3314 -0.1974
v -0.2460 0.5911 -0.1865
v -0.2931 0.6026 -0.1594
v -0.2990 0.6052 -0.1635
v -0.3040 0.6135 -0.1674
v -0.2957 0.6488 -0.1752
v -0.2955 0.6827 -0.1798
v -0.3256 0.6723 -0.1685
v -0.3394 0.6612 -0.1582
v -0.3490 0.5514 -0.0859
v -0.3313 0.5295 -0.0811
v -0.3131 0.5074 -0.0428
v -0.3466 0.5183 -0.0387
v -0.4874 0.5265 0.0145
v -0.5316 0.5333 0.0022
v -0.4517 0.5265 0.0297
v -0.3397 0.5949 -0.1005
v -0.6469 0.5180 -0.0285
v -0.6368 0.5266 -0.0263
v -0.6464 0.4965 0.0032
v -0.6682 0.4748 -0.0127
v -0.7155 0.4776 -0.0043
v -0.7759 0.4541 -0.0271
v -0.7857 0.4483 -0.0336
v -0.8164 0.3628 -0.0587
v -0.7798 0.3454 -0.0631
v -0.7479 0.3418 -0.0645
v -0.6866 0.3389 -0.0747
v -0.5663 0.2291 -0.1685
v -0.5113 0.1824 -0.2073
v -0.5108 0.3443 -0.1090
v -0.5420 0.2656 -0.0959
v -0.5647 0.2677 -0.1130
v -0.5678 0.2523 -0.1802
v -0.3966 0.1826 -0.2505
v -0.4226 0.1774 -0.2334
v -0.4138 0.1829 -0.2400
v -0.3142 0.1888 -0.2652
v -0.3087 0.1921 -0.2756
v -0.2945 0.1941 -0.3064
v -0.2825 0.2030 -0.3122
v -0.2532 0.2317 -0.2742
v -0.2366 0.2337 -0.2876
v -0.2236 0.2335 -0.3039
v -0.2167 0.2363 -0.3136
v -0.1968 0.2340 -0.3376
v -0.1817 0.2553 -0.3420
v -0.1944 0.2477 -0.3344
v -0.2308 0.2496 -0.2814
v -0.2192 0.2461 -0.3007
v -0.2335 0.2584 -0.2564
v -0.2406 0.2427 -0.2544
v -0.2105 0.2365 -0.2290
v -0.1969 0.5297 -0.1800
v -0.1686 0.3822 -0.1790
v -0.2755 0.5078 -0.1142
v -0.2187 0.4206 -0.0882
v -0.2367 0.4572 -0.0781
v -0.2701 0.4876 -0.0606
v -0.1421 0.3532 -0.1954
v -0.1173 0.5703 -0.2362
v -0.1662 0.5943 -0.2284
v -0.2636 0.5951 -0.1580
v -0.2795 0.5960 -0.1617
v -0.3661 0.5206 -0.0241
v -0.3821 0.5194 -0.0115
v -0.3984 0.5122 0.0192
v -0.5998 0.5295 0.0008
v -0.6404 0.5182 0.0011
v -0.6577 0.4801 0.0080
v -0.7086 0.4833 0.0086
v -0.7801 0.4823 -0.0207
v -0.8316 0.4044 -0.0882
v -0.8365 0.4344 -0.0705
v -0.7983 0.3545 -0.0540
v -0.7614 0.3423 -0.0619
v -0.5817 0.3549 -0.0824
v -0.5629 0.3487 -0.0949
v -0.5366 0.3502 -0.0976
v -0.5030 0.3217 -0.1166
v -0.5046 0.3105 -0.1095
v -0.5168 0.2808 -0.1110
v -0.5780 0.2682 -0.1276
v -0.3559 0.1621 -0.2683
v -0.3424 0.1601 -0.2676
v -0.3181 0.1810 -0.2606
v -0.4516 0.1767 -0.2329
v -0.4710 0.1757 -0.2266
v -0.2911 0.1996 -0.3162
v -0.2788 0.1999 -0.3035
v -0.2316 0.2381 -0.2838
v -0.2191 0.2379 -0.3043
v -0.2265 0.2455 -0.2877
v -0.2293 0.2427 -0.2836
v -0.2396 0.2447 -0.2702
v -0.2408 0.2453 -0.2622
v -0.2353 0.2326 -0.2462
v -0.1586 0.2655 -0.2006
v -0.1373 0.2978 -0.2024
v -0.1443 0.3170 -0.1955
v -0.2359 0.5324 -0.1294
v -0.1719 0.3821 -0.1720
v -0.2498 0.4751 -0.0658
v -0.3067 0.5145 -0.0812
v -0.1951 0.3644 -0.1375
v -0.1418 0.3528 -0.1873
v -0.1387 0.3420 -0.1964
v -0.1709 0.5363 -0.2003
v -0.2372 0.5953 -0.1783
v -0.2391 0.5958 -0.1565
v -0.2988 0.6156 -0.1568
v -0.2990 0.6291 -0.1639
v -0.3370 0.5174 -0.0342
v -0.3493 0.5210 -0.0262
v -0.3610 0.5212 -0.0184
v -0.4304 0.5228 0.0281
v -0.5057 0.5170 0.0254
v -0.5068 0.5232 0.0140
v -0.6235 0.5302 -0.0022
v -0.6163 0.5284 0.0110
v -0.4755 0.5208 0.0464
v -0.4527 0.5216 0.0443
v -0.3250 0.5910 -0.1018
v -0.6377 0.5263 -0.0115
v -0.6381 0.4977 0.0169
v -0.6614 0.4777 0.0138
v -0.6817 0.4819 0.0068
v -0.7360 0.5041 -0.0003
v -0.7571 0.4963 -0.0128
v -0.7926 0.4588 -0.0262
v -0.8338 0.4452 -0.0600
v -0.8036 0.4630 -0.0231
v -0.7842 0.3459 -0.0526
v -0.8034 0.3578 -0.0450
v -0.8366 0.3926 -0.0737
v -0.8537 0.3843 -0.0587
v -0.7731 0.3430 -0.0540
v -0.7537 0.3451 -0.0567
v -0.7416 0.3590 -0.0470
v -0.6828 0.3637 -0.0451
v -0.6216 0.3616 -0.0592
v -0.5333 0.3572 -0.0802
v -0.5000 0.3479 -0.0871
v -0.5080 0.3047 -0.1005
v -0.3648 0.1615 -0.2615
v -0.2975 0.1938 -0.2782
v -0.2850 0.1943 -0.3030
v -0.2697 0.2182 -0.2804
v -0.2431 0.2378 -0.2749
v -0.2216 0.2409 -0.2836
v -0.2073 0.2409 -0.2846
v -0.1815 0.2378 -0.3647
v -0.1840 0.2462 -0.3691
v -0.1756 0.2383 -0.3589
v -0.1725 0.2434 -0.3623
v -0.1719 0.2466 -0.3535
v -0.2494 0.2250 -0.2528
v -0.2076 0.2152 -0.2264
v -0.1920 0.2075 -0.2099
v -0.2323 0.2076 -0.2412
v -0.1522 0.2305 -0.2002
v -0.1438 0.2826 -0.2057
v -0.1873 0.5375 -0.1605
v -0.1868 0.3659 -0.1501
v -0.2008 0.3875 -0.0891
v -0.2151 0.4215 -0.0802
v -0.2277 0.4560 -0.0702
v -0.2351 0.4710 -0.0594
v -0.2545 0.4807 -0.0508
v -0.3045 0.5189 -0.0895
v -0.1985 0.3653 -0.1108
v -0.1501 0.3511 -0.1748
v -0.1449 0.5500 -0.2148
v -0.2803 0.5995 -0.1440
v -0.2942 0.6113 -0.1422
v -0.2863 0.6531 -0.1680
v -0.2739 0.6707 -0.1762
v -0.2919 0.6949 -0.1774
v -0.3161 0.6854 -0.1598
v -0.3061 0.5358 -0.0940
v -0.3735 0.5193 -0.0027
v -0.5368 0.5228 0.0200
v -0.5841 0.5221 0.0231
v -0.6009 0.5183 0.0230
v -0.4426 0.5132 0.0546
v -0.3217 0.6742 -0.1408
v -0.3162 0.6220 -0.1167
v -0.6470 0.4765 0.0297
v -0.6302 0.5170 0.0190
v -0.6755 0.4829 0.0243
v -0.6981 0.4850 0.0230
v -0.7292 0.5105 0.0111
v -0.8392 0.4173 -0.0787
v -0.8276 0.4553 -0.0412
v -0.8440 0.3902 -0.0658
v -0.7622 0.3437 -0.0507
v -0.7564 0.3473 -0.0480
v -0.7280 0.3720 -0.0309
v -0.5576 0.3592 -0.0761
v -0.5694 0.1830 -0.1772
v -0.5134 0.1685 -0.2043
v -0.4868 0.1696 -0.2139
v -0.5003 0.3552 -0.0699
v -0.4976 0.3416 -0.0926
v -0.4984 0.3221 -0.1001
v -0.5141 0.2967 -0.0987
v -0.5263 0.2902 -0.0924
v -0.5786 0.2533 -0.0837
v -0.5911 0.2605 -0.1095
v -0.6416 0.2447 -0.0985
v -0.6192 0.2371 -0.1446
v -0.3899 0.1655 -0.2263
v -0.3731 0.1635 -0.2396
v -0.3072 0.1507 -0.2515
v -0.2935 0.1767 -0.2507
v -0.4123 0.1618 -0.2197
v -0.2788 0.1924 -0.2542
v -0.2916 0.1940 -0.2641
v -0.2825 0.2000 -0.2630
v -0.2682 0.2180 -0.2650
v -0.2166 0.2423 -0.2963
v -0.2526 0.2300 -0.2603
v -0.1735 0.2052 -0.2021
v -0.1479 0.2529 -0.1961
v -0.1464 0.2637 -0.1967
v -0.1784 0.5357 -0.1731
v -0.1830 0.3510 -0.1495
v -0.2837 0.5187 -0.1046
v -0.1969 0.3914 -0.0832
v -0.2059 0.4233 -0.0738
v -0.1883 0.3424 -0.1040
v -0.1066 0.6171 -0.2400
v -0.1248 0.6180 -0.2287
v -0.2528 0.5930 -0.1400
v -0.2250 0.5952 -0.1495
v -0.2709 0.6917 -0.1820
v -0.2961 0.6989 -0.1703
v -0.3183 0.5132 -0.0345
v -0.3330 0.5230 -0.0287
v -0.3409 0.5301 -0.0185
v -0.3472 0.5314 -0.0080
v -0.3869 0.5092 0.0287
v -0.4289 0.5137 0.0464
v -0.4977 0.5126 0.0475
v -0.6250 0.5247 0.0155
v -0.4651 0.5138 0.0579
v -0.2978 0.6870 -0.1443
v -0.2996 0.5944 -0.1137
v -0.3075 0.6155 -0.1196
v -0.6373 0.4834 0.0324
v -0.6292 0.4986 0.0243
v -0.6927 0.4829 0.0376
v -0.7050 0.4897 0.0242
v -0.7514 0.5267 0.0093
v -0.7966 0.5053 -0.0129
v -0.8519 0.4269 -0.0560
v -0.8305 0.4604 -0.0164
v -0.8409 0.4536 -0.0318
v -0.8324 0.3808 -0.0357
v -0.8605 0.3847 -0.0451
v -0.8200 0.3734 -0.0365
v -0.8512 0.4103 -0.0618
v -0.6098 0.3728 -0.0227
v -0.6101 0.2200 -0.1480
v -0.5440 0.1683 -0.1905
v -0.5223 0.1599 -0.1947
v -0.5010 0.1613 -0.2040
v -0.5024 0.3614 -0.0469
v -0.5127 0.3011 -0.0875
v -0.5979 0.2456 -0.0850
v -0.3486 0.1534 -0.2628
v -0.3217 0.1468 -0.2526
v -0.2854 0.1387 -0.2465
v -0.4410 0.1680 -0.2304
v -0.2123 0.1894 -0.2236
v -0.2433 0.1849 -0.2404
v -0.1341 0.2788 -0.2011
v -0.1344 0.3032 -0.1950
v -0.2558 0.5478 -0.1166
v -0.1927 0.5580 -0.1450
v -0.1889 0.3485 -0.1412
v -0.1879 0.3529 -0.0919
v -0.2062 0.4549 -0.0657
v -0.2805 0.4917 -0.0282
v -0.2971 0.5046 -0.0310
v -0.1904 0.3470 -0.1331
v -0.1444 0.3265 -0.1894
v -0.1628 0.5418 -0.1900
v -0.1296 0.5954 -0.2402
v -0.1707 0.6099 -0.1918
v -0.1813 0.6065 -0.1730
v -0.2417 0.5848 -0.1312
v -0.2873 0.6026 -0.1352
v -0.2962 0.6230 -0.1411
v -0.2918 0.6406 -0.1458
v -0.2643 0.6765 -0.1711
v -0.2567 0.5708 -0.1187
v -0.3645 0.5231 0.0066
v -0.3763 0.5151 0.0208
v -0.3958 0.5058 0.0333
v -0.4050 0.5038 0.0392
v -0.4918 0.5077 0.0565
v -0.5877 0.5162 0.0434
v -0.5251 0.5198 0.0507
v -0.5406 0.5212 0.0487
v -0.6043 0.5110 0.0327
v -0.6094 0.5121 0.0275
v -0.4457 0.4908 0.0673
v -0.4661 0.4933 0.0709
v -0.2974 0.6071 -0.1251
v -0.6539 0.4751 0.0286
v -0.6631 0.4761 0.0459
v -0.6865 0.4778 0.0507
v -0.7204 0.5145 0.0310
v -0.7382 0.5319 0.0289
v -0.7936 0.5192 -0.0047
v -0.8129 0.4914 -0.0145
v -0.8089 0.4709 -0.0157
v -0.8482 0.4434 -0.0435
v -0.8267 0.4667 -0.0097
v -0.8290 0.3793 -0.0285
v -0.8036 0.3370 -0.0254
v -0.8142 0.3633 -0.0262
v -0.8811 0.4029 -0.0492
v -0.8746 0.3929 -0.0462
v -0.7855 0.3304 -0.0332
v -0.7418 0.3708 -0.0258
v -0.7521 0.3585 -0.0303
v -0.6438 0.3774 -0.0143
v -0.5991 0.1819 -0.1647
v -0.4768 0.1637 -0.2107
v -0.4764 0.3386 -0.0425
v -0.4870 0.3241 -0.0618
v -0.5437 0.2870 -0.0773
v -0.5805 0.2739 -0.0610
v -0.6019 0.2518 -0.0603
v -0.6483 0.2380 -0.1118
v -0.3126 0.1362 -0.2470
v -0.4450 0.1627 -0.2235
v -0.4159 0.1498 -0.2076
v -0.4228 0.1574 -0.2117
v -0.1910 0.1575 -0.2085
v -0.1411 0.2146 -0.1922
v -0.1371 0.2286 -0.1904
v -0.1412 0.2602 -0.1914
v -0.1412 0.2474 -0.1909
v -0.1303 0.2795 -0.1972
v -0.1436 0.3157 -0.1871
v -0.1447 0.5511 -0.1762
v -0.2000 0.5767 -0.1414
v -0.1805 0.3328 -0.1530
v -0.1849 0.3301 -0.1440
v -0.1838 0.3537 -0.0855
v -0.1817 0.3738 -0.0819
v -0.2125 0.4653 -0.0577
v -0.2171 0.4825 -0.0362
v -0.1425 0.3435 -0.1837
v -0.1367 0.5516 -0.1856
v -0.2733 0.5932 -0.1302
v -0.2809 0.6600 -0.1574
v -0.2647 0.6892 -0.1796
v -0.2786 0.7033 -0.1760
v -0.2903 0.7003 -0.1581
v -0.3808 0.5046 0.0427
v -0.4094 0.4936 0.0507
v -0.5665 0.5163 0.0512
v -0.5928 0.5102 0.0583
v -0.3021 0.6611 -0.1349
v -0.2938 0.6540 -0.1381
v -0.2770 0.5848 -0.1184
v -0.2875 0.5960 -0.1238
v -0.2986 0.6183 -0.1303
v -0.6140 0.4989 0.0335
v -0.6190 0.4850 0.0357
v -0.6439 0.4706 0.0381
v -0.7015 0.4906 0.0382
v -0.7350 0.5344 0.0449
v -0.7922 0.5366 0.0099
v -0.8254 0.3687 -0.0212
v -0.8772 0.4104 -0.0539
v -0.7774 0.3303 -0.0304
v -0.7349 0.3851 -0.0102
v -0.7646 0.3409 -0.0284
v -0.7043 0.3928 0.0027
v -0.6276 0.2143 -0.1384
v -0.5577 0.1516 -0.1903
v -0.5346 0.1572 -0.1919
v -0.5197 0.1562 -0.1901
v -0.4871 0.3573 -0.0409
v -0.5035 0.3073 -0.0742
v -0.6769 0.2222 -0.0976
v -0.3488 0.1491 -0.2488
v -0.3875 0.1550 -0.2229
v -0.3314 0.1370 -0.2451
v -0.2865 0.0658 -0.2297
v -0.2350 0.1444 -0.2340
v -0.1533 0.1905 -0.1897
v -0.1336 0.2995 -0.1908
v -0.1522 0.5623 -0.1614
v -0.1465 0.3252 -0.1845
v -0.1833 0.3872 -0.0801
v -0.2315 0.4902 -0.0175
v -0.1773 0.2909 -0.0859
v -0.1837 0.3270 -0.0865
v -0.0859 0.5761 -0.2317
v -0.1878 0.6013 -0.1600
v -0.2969 0.6332 -0.1351
v -0.2852 0.6586 -0.1485
v -0.2650 0.7004 -0.1760
v -0.3001 0.5443 -0.0226
v -0.3161 0.5418 -0.0211
v -0.3010 0.5644 0.0104
v -0.3640 0.5188 0.0357
v -0.3877 0.4948 0.0510
v -0.4889 0.4955 0.0701
v -0.5158 0.5126 0.0659
v -0.6029 0.5027 0.0561
v -0.4268 0.4813 0.0643
v -0.4557 0.4805 0.0814
v -0.6379 0.4734 0.0359
v -0.6125 0.4857 0.0400
v -0.7175 0.5144 0.0478
v -0.7555 0.5414 0.0255
v -0.7734 0.5450 0.0218
v -0.8170 0.4986 -0.0048
v -0.8306 0.4802 -0.0053
v -0.8520 0.4512 -0.0351
v -0.8559 0.4037 -0.0200
v -0.8146 0.3636 -0.0204
v -0.8098 0.3566 -0.0233
v -0.7978 0.3312 -0.0216
v -0.7538 0.3665 -0.0195
v -0.7472 0.3779 -0.0152
v -0.7672 0.3518 -0.0172
v -0.6400 0.3820 0.0089
v -0.6012 0.3704 0.0010
v -0.5823 0.3699 0.0130
v -0.6281 0.1924 -0.1444
v -0.6056 0.1685 -0.1610
v -0.5423 0.1471 -0.1907
v -0.4963 0.1585 -0.1986
v -0.4768 0.1605 -0.2019
v -0.4727 0.3507 -0.0233
v -0.5335 0.3629 -0.0081
v -0.5343 0.2932 -0.0648
v -0.5556 0.2909 -0.0408
v -0.3521 0.1442 -0.2413
v -0.3344 0.1453 -0.2509
v -0.3341 0.1026 -0.2380
v -0.1634 0.1551 -0.1964
v -0.1389 0.2092 -0.1868
v -0.1347 0.2268 -0.1830
v -0.1410 0.2570 -0.1861
v -0.1689 0.3007 -0.1508
v -0.1803 0.4605 -0.0633
v -0.1513 0.4382 -0.0676
v -0.2513 0.4919 -0.0108
v -0.2789 0.4961 -0.0210
v -0.2570 0.4953 -0.0090
v -0.1777 0.3029 -0.1178
v -0.0781 0.6090 -0.2543
v -0.2047 0.5879 -0.1444
v -0.3108 0.5513 -0.0142
v -0.3138 0.5535 0.0346
v -0.5307 0.5143 0.0688
v -0.5443 0.5100 0.0764
v -0.5726 0.5073 0.0765
v -0.4740 0.4835 0.0897
v -0.2745 0.6899 -0.1531
v -0.6057 0.4595 0.0429
v -0.6954 0.4847 0.0677
v -0.7356 0.5340 0.0589
v -0.7582 0.5516 0.0498
v -0.7892 0.5487 0.0265
v -0.8066 0.5106 -0.0019
v -0.8017 0.5260 0.0051
v -0.8594 0.4288 -0.0516
v -0.8409 0.4795 -0.0034
v -0.8733 0.3978 -0.0341
v -0.8476 0.3974 -0.0147
v -0.8064 0.3437 -0.0209
v -0.8391 0.3685 -0.0087
v -0.8302 0.3627 -0.0071
v -0.8216 0.3645 -0.0139
v -0.7870 0.3296 -0.0214
v -0.8978 0.4266 -0.0417
v -0.8920 0.4103 -0.0402
v -0.8804 0.3979 -0.0390
v -0.7731 0.3375 -0.0187
v -0.6831 0.3936 0.0177
v -0.6091 0.3749 0.0111
v -0.5130 0.1590 -0.1846
v -0.4890 0.1592 -0.1942
v -0.4466 0.1587 -0.2016
v -0.4679 0.3188 -0.0002
v -0.4843 0.3104 -0.0181
v -0.5268 0.2969 -0.0411
v -0.6428 0.2312 -0.0581
v -0.3511 0.1132 -0.2351
v -0.2308 0.1210 -0.2254
v -0.4359 0.1567 -0.1985
v -0.4329 0.1068 -0.2005
v -0.4300 0.1529 -0.1973
v -0.1736 0.1521 -0.2002
v -0.1839 0.1444 -0.2006
v -0.1324 0.2798 -0.1904
v -0.1464 0.2944 -0.1716
v -0.1561 0.5738 -0.1566
v -0.1727 0.2975 -0.1416
v -0.1741 0.3486 -0.0805
v -0.1544 0.3677 -0.0768
v -0.1271 0.3976 -0.0733
v -0.1458 0.4166 -0.0705
v -0.1257 0.4663 -0.0647
v -0.1744 0.4678 -0.0570
v -0.2257 0.4913 -0.0067
v -0.0998 0.5703 -0.1978
v -0.0863 0.6336 -0.2269
v -0.2669 0.6844 -0.1601
v -0.2744 0.7055 -0.1697
v -0.2620 0.6940 -0.1662
v -0.2749 0.7045 -0.1629
v -0.2918 0.5347 -0.0248
v -0.3385 0.5219 0.0545
v -0.3771 0.4935 0.0526
v -0.4015 0.4755 0.0684
v -0.4337 0.4669 0.0749
v -0.5868 0.4992 0.0759
v -0.4721 0.4761 0.0914
v -0.2766 0.6978 -0.1548
v -0.6116 0.4525 0.0460
v -0.6490 0.4591 0.0613
v -0.6230 0.4510 0.0497
v -0.6759 0.4638 0.0816
v -0.7164 0.5073 0.0679
v -0.7536 0.5484 0.0672
v -0.7746 0.5536 0.0393
v -0.8016 0.5447 0.0241
v -0.8160 0.5437 0.0369
v -0.8166 0.5053 0.0219
v -0.8293 0.4944 0.0043
v -0.8473 0.4975 0.0098
v -0.8911 0.4167 -0.0238
v -0.8686 0.4228 -0.0094
v -0.8561 0.4065 -0.0112
v -0.7995 0.3346 -0.0137
v -0.8454 0.3902 -0.0087
v -0.8088 0.3611 -0.0175
v -0.7907 0.3328 -0.0102
v -0.9055 0.4549 -0.0352
v -0.7733 0.3816 -0.0075
v -0.7716 0.3966 -0.0011
v -0.7606 0.4048 0.0062
v -0.7778 0.3323 -0.0200
v -0.7906 0.3519 -0.0064
v -0.7378 0.4089 0.0214
v -0.7083 0.4023 0.0298
v -0.6703 0.2003 -0.1093
v -0.6606 0.1786 -0.1262
v -0.6249 0.1619 -0.1517
v -0.5945 0.1470 -0.1647
v -0.5324 0.1430 -0.1852
v -0.5007 0.1631 -0.1882
v -0.4664 0.1618 -0.1970
v -0.4409 0.1593 -0.1925
v -0.5261 0.3568 0.0475
v -0.4623 0.3496 0.0033
v -0.6231 0.2639 -0.0388
v -0.6221 0.2388 -0.0597
v -0.6759 0.2150 -0.1021
v -0.3796 0.1330 -0.2270
v -0.3179 0.0797 -0.2322
v -0.2566 0.0800 -0.2221
v -0.4007 0.1096 -0.2183
v -0.4303 0.1463 -0.1956
v -0.1566 0.1259 -0.1933
v -0.1900 0.1281 -0.1964
v -0.1494 0.1281 -0.1896
v -0.1474 0.1879 -0.1804
v -0.1536 0.5923 -0.1584
v -0.1060 0.5874 -0.1790
v -0.1690 0.3019 -0.0744
v -0.1299 0.4317 -0.0663
v -0.1570 0.4789 -0.0378
v -0.1831 0.4962 -0.0127
v -0.2481 0.4893 0.0076
v -0.2491 0.4923 -0.0001
v -0.1770 0.2847 -0.1155
v -0.1745 0.2631 -0.0853
v -0.1730 0.2825 -0.0781
v -0.1004 0.5761 -0.1886
v -0.0572 0.5893 -0.2288
v -0.0638 0.6046 -0.2554
v -0.0539 0.6340 -0.2567
v -0.1186 0.6205 -0.1892
v -0.0865 0.6222 -0.1923
v -0.2617 0.6907 -0.1746
v -0.2840 0.5195 -0.0228
v -0.3211 0.5413 0.0512
v -0.3838 0.4889 0.0546
v -0.5203 0.5017 0.0843
v -0.5386 0.4995 0.0976
v -0.5975 0.4923 0.0669
v -0.4602 0.4629 0.0848
v -0.7021 0.4848 0.0839
v -0.7370 0.5131 0.1062
v -0.7861 0.5574 0.0527
v -0.8034 0.5520 0.0411
v -0.8158 0.5354 0.0297
v -0.8101 0.5247 0.0173
v -0.8368 0.4882 0.0032
v -0.8790 0.4618 -0.0323
v -0.8414 0.3691 -0.0032
v -0.8338 0.3618 0.0023
v -0.8101 0.3645 -0.0114
v -0.8155 0.3655 -0.0044
v -0.8876 0.4490 -0.0402
v -0.8983 0.4182 -0.0304
v -0.6646 0.3918 0.0283
v -0.6093 0.3726 0.0429
v -0.6632 0.3908 0.0544
v -0.5703 0.1426 -0.1777
v -0.5463 0.1414 -0.1857
v -0.4536 0.1660 -0.1879
v -0.4713 0.3499 0.0323
v -0.4645 0.3467 -0.0137
v -0.4534 0.3359 0.0062
v -0.5123 0.3036 -0.0213
v -0.5444 0.2929 -0.0101
v -0.6201 0.2691 -0.0299
v -0.6875 0.2265 -0.0623
v -0.6846 0.2251 -0.0829
v -0.3481 0.0681 -0.2320
v -0.4432 0.1232 -0.1888
v -0.1445 0.1637 -0.1777
v -0.1470 0.1926 -0.1735
v -0.1525 0.2691 -0.1680
v -0.1519 0.3254 -0.0706
v -0.1348 0.3387 -0.0695
v -0.1345 0.4084 -0.0703
v -0.1341 0.4179 -0.0670
v -0.1611 0.4925 -0.0240
v -0.1912 0.4925 0.0062
v -0.2221 0.4865 0.0170
v -0.2541 0.5052 -0.0069
v -0.0281 0.6129 -0.2549
v -0.0120 0.6463 -0.2683
v -0.0689 0.6369 -0.2441
v -0.0765 0.6363 -0.2128
v -0.2698 0.5256 -0.0180
v -0.2733 0.5458 -0.0218
v -0.2679 0.5769 -0.0079
v -0.3712 0.4901 0.0533
v -0.5151 0.4948 0.0980
v -0.5617 0.5010 0.0894
v -0.4743 0.4503 0.0884
v -0.4758 0.4615 0.0877
v -0.5043 0.4836 0.1002
v -0.2673 0.7016 -0.1627
v -0.6022 0.4692 0.0422
v -0.6565 0.4510 0.0882
v -0.6118 0.4348 0.0797
v -0.6621 0.4472 0.1042
v -0.7207 0.4993 0.0920
v -0.7695 0.5545 0.0680
v -0.8132 0.5121 0.0226
v -0.8374 0.4962 0.0122
v -0.8809 0.4942 -0.0166
v -0.8496 0.3932 -0.0009
v -0.7959 0.3374 -0.0084
v -0.8000 0.3617 -0.0083
v -0.8442 0.3882 -0.0024
v -0.8275 0.3670 0.0058
v -0.9148 0.4517 -0.0248
v -0.9076 0.4337 -0.0302
v -0.7993 0.3754 -0.0040
v -0.7545 0.4245 0.0393
v -0.6985 0.3933 0.0433
v -0.5532 0.3557 0.0729
v -0.6526 0.1631 -0.1335
v -0.6333 0.1478 -0.1419
v -0.5231 0.1482 -0.1776
v -0.4901 0.1735 -0.1835
v -0.5888 0.2796 -0.0219
v -0.6831 0.2268 -0.0270
v -0.3687 0.0865 -0.2314
v -0.3021 0.0462 -0.2278
v -0.2249 0.0541 -0.1820
v -0.2025 0.1070 -0.1965
v -0.2052 0.0906 -0.1898
v -0.4377 0.1542 -0.1856
v -0.4055 0.0819 -0.2170
v -0.4566 0.1323 -0.1715
v -0.1627 0.0946 -0.1773
v -0.1408 0.1245 -0.1763
v -0.1565 0.2034 -0.1525
v -0.1626 0.2625 -0.1461
v -0.1342 0.3173 -0.0646
v -0.0804 0.4539 -0.0691
v -0.1444 0.4769 -0.0456
v -0.2527 0.4820 0.0225
v -0.1697 0.2472 -0.0685
v -0.0471 0.6119 -0.2091
v -0.0421 0.6024 -0.2200
v -0.2495 0.5372 -0.0167
v -0.2588 0.5642 -0.0200
v -0.2931 0.5561 0.0537
v -0.3134 0.5380 0.0594
v -0.3500 0.4913 0.0508
v -0.3791 0.4756 0.0552
v -0.3945 0.4564 0.0670
v -0.4202 0.4499 0.0813
v -0.5786 0.4740 0.0732
v -0.5925 0.4699 0.0501
v -0.4914 0.4630 0.0885
v -0.5964 0.4578 0.0491
v -0.6074 0.4429 0.0603
v -0.7170 0.4744 0.1184
v -0.7508 0.5286 0.1061
v -0.8112 0.5496 0.0560
v -0.8279 0.5058 0.0259
v -0.9099 0.4520 0.0052
v -0.8803 0.4403 0.0064
v -0.8714 0.4337 0.0092
v -0.8671 0.4102 0.0136
v -0.8596 0.3951 0.0110
v -0.8041 0.3688 -0.0060
v -0.9003 0.4658 -0.0343
v -0.7930 0.4240 0.0172
v -0.8121 0.4190 0.0132
v -0.7071 0.4054 0.0505
v -0.6459 0.1443 -0.1337
v -0.6368 0.1383 -0.1318
v -0.5963 0.1425 -0.1588
v -0.5304 0.1451 -0.1714
v -0.5229 0.1622 -0.1715
v -0.4657 0.1728 -0.1879
v -0.4488 0.1688 -0.1760
v -0.4153 0.3463 0.0546
v -0.4551 0.3419 0.0028
v -0.5679 0.2862 0.0096
v -0.6075 0.2740 -0.0189
v -0.6751 0.2585 -0.0070
v -0.6798 0.2229 -0.0408
v -0.7015 0.2225 -0.0681
v -0.3251 0.0502 -0.2308
v -0.2571 0.0389 -0.1996
v -0.3904 0.0681 -0.2231
v -0.4556 0.1024 -0.1862
v -0.1484 0.1125 -0.1837
v -0.1405 0.1252 -0.1693
v -0.1617 0.2293 -0.1422
v -0.0676 0.6193 -0.1967
v -0.0795 0.3382 -0.0642
v -0.1430 0.2939 -0.0692
v -0.1660 0.2749 -0.0707
v -0.1262 0.4056 -0.0672
v -0.1242 0.4270 -0.0587
v -0.0716 0.4500 -0.0673
v -0.1021 0.4349 -0.0634
v -0.2557 0.4932 0.0107
v -0.2519 0.4973 -0.0011
v -0.0594 0.6400 -0.2120
v -0.2553 0.5526 -0.0206
v -0.2375 0.5952 0.0000
v -0.2531 0.5887 0.0194
v -0.3511 0.4826 0.0490
v -0.4468 0.4303 0.0957
v -0.5263 0.4932 0.1019
v -0.5544 0.4937 0.0962
v -0.5636 0.4891 0.0922
v -0.4564 0.4382 0.0943
v -0.4902 0.4532 0.0869
v -0.6464 0.4467 0.0950
v -0.6765 0.4489 0.1149
v -0.7601 0.5365 0.1032
v -0.7660 0.5478 0.0856
v -0.7835 0.5517 0.0830
v -0.7947 0.5535 0.0718
v -0.8281 0.5313 0.0468
v -0.8249 0.5273 0.0379
v -0.8937 0.4828 -0.0281
v -0.8627 0.5066 0.0119
v -0.8977 0.4477 0.0096
v -0.8437 0.3910 0.0029
v -0.8389 0.3879 0.0043
v -0.8389 0.3696 0.0035
v -0.9176 0.4700 -0.0184
v -0.7909 0.4398 0.0363
v -0.7505 0.4322 0.0727
v -0.6881 0.3970 0.0574
v -0.6277 0.3704 0.0888
v -0.7090 0.2115 -0.0786
v -0.6842 0.1725 -0.1167
v -0.6726 0.1566 -0.1244
v -0.5690 0.1385 -0.1704
v -0.5433 0.1401 -0.1776
v -0.5247 0.1501 -0.1666
v -0.5212 0.1523 -0.1764
v -0.4781 0.1954 -0.1625
v -0.5233 0.1751 -0.1622
v -0.4630 0.1869 -0.1702
v -0.5051 0.3431 0.0833
v -0.4772 0.3095 0.0020
v -0.5024 0.2998 0.0118
v -0.5268 0.2943 0.0198
v -0.5743 0.2837 0.0335
v -0.5857 0.2763 0.0162
v -0.6910 0.2503 -0.0074
v -0.3715 0.0523 -0.2228
v -0.3479 0.0259 -0.2260
v -0.3047 -0.0029 -0.2075
v -0.2021 0.0752 -0.1804
v -0.4220 0.0593 -0.2155
v -0.4449 0.1646 -0.1655
v -0.4673 0.1501 -0.1355
v -0.4812 0.1245 -0.1305
v -0.1850 0.0843 -0.1856
v -0.1450 0.1041 -0.1710
v -0.1489 0.1761 -0.1667
v -0.1265 0.3246 -0.0620
v -0.1223 0.3324 -0.0656
v -0.0507 0.3559 -0.0701
v -0.1483 0.2662 -0.0644
v -0.1366 0.3004 -0.0681
v -0.1293 0.4118 -0.0632
v -0.1296 0.4201 -0.0605
v -0.0896 0.4851 -0.0552
v -0.1496 0.4802 -0.0272
v -0.1413 0.4784 -0.0306
v -0.1643 0.4941 -0.0123
v -0.2241 0.4788 0.0230
v -0.2605 0.4890 0.0164
v -0.2633 0.4971 0.0152
v -0.2521 0.4968 0.0045
v -0.2488 0.5053 -0.0006
v -0.1728 0.2350 -0.0827
v -0.2347 0.5310 -0.0108
v -0.2266 0.5643 -0.0249
v -0.2270 0.5924 -0.0179
v -0.3043 0.5387 0.0617
v -0.5341 0.4862 0.1014
v -0.4305 0.4279 0.0892
v -0.5123 0.4586 0.0819
v -0.5188 0.4789 0.1000
v -0.6003 0.4452 0.0631
v -0.6231 0.4430 0.1289
v -0.7399 0.5003 0.1167
v -0.7548 0.5225 0.1172
v -0.8236 0.5360 0.0616
v -0.8357 0.5216 0.0391
v -0.8893 0.5036 0.0026
v -0.9209 0.4598 -0.0084
v -0.8610 0.3995 0.0213
v -0.8503 0.3930 0.0083
v -0.8246 0.3991 0.0089
v -0.9052 0.4786 -0.0270
v -0.8123 0.4358 0.0285
v -0.7886 0.4532 0.0621
v -0.7392 0.4247 0.0990
v -0.6805 0.3901 0.0944
v -0.5975 0.3606 0.0968
v -0.7035 0.1790 -0.0980
v -0.5879 0.1405 -0.1563
v -0.5155 0.1900 -0.1498
v -0.5280 0.1549 -0.1692
v -0.5330 0.1629 -0.1650
v -0.4539 0.1823 -0.1624
v -0.4465 0.3439 0.0601
v -0.4466 0.3435 0.0150
v -0.4379 0.3198 0.0286
v -0.6494 0.2676 0.0370
v -0.7048 0.2225 -0.0363
v -0.7251 0.2243 -0.0395
v -0.4809 0.0913 -0.1664
v -0.4666 0.0799 -0.1830
v -0.1559 0.0907 -0.1705
v -0.1597 0.2563 -0.0635
v -0.1291 0.3019 -0.0651
v -0.1006 0.2666 -0.0646
v -0.1264 0.3155 -0.0581
v -0.1135 0.4043 -0.0644
v -0.1255 0.4085 -0.0604
v -0.0587 0.4871 -0.0637
v -0.1712 0.4896 0.0005
v -0.1918 0.4869 0.0120
v -0.2802 0.4729 0.0311
v -0.2544 0.5013 0.0093
v -0.2777 0.4809 0.0275
v -0.1692 0.2347 -0.0618
v -0.1625 0.2397 -0.0569
v 0.0013 0.6337 -0.2375
v -0.0102 0.6343 -0.2662
v -0.0377 0.6543 -0.2384
v -0.2326 0.5455 -0.0162
v -0.2645 0.5731 0.0395
v -0.3126 0.5260 0.0609
v -0.3325 0.5005 0.0438
v -0.3410 0.4918 0.0455
v -0.3756 0.4564 0.0641
v -0.3336 0.4727 0.0550
v -0.4012 0.4303 0.0687
v -0.5585 0.4734 0.0873
v -0.4920 0.4380 0.1001
v -0.4372 0.4188 0.0982
v -0.5146 0.4493 0.0811
v -0.5812 0.4638 0.0713
v -0.6147 0.4424 0.1195
v -0.6560 0.4404 0.1245
v -0.6523 0.4328 0.1460
v -0.6951 0.4571 0.1326
v -0.7312 0.4780 0.1303
v -0.7311 0.4896 0.1193
v -0.7578 0.5080 0.1261
v -0.8014 0.5465 0.0792
v -0.8177 0.5352 0.0782
v -0.8338 0.5293 0.0504
v -0.8642 0.5264 0.0370
v -0.8765 0.4607 0.0302
v -0.9001 0.4668 0.0263
v -0.8730 0.4528 0.0274
v -0.8664 0.4288 0.0235
v -0.8544 0.3932 0.0208
v -0.8078 0.4498 0.0464
v -0.7720 0.4481 0.0851
v -0.5440 0.3448 0.0973
v -0.5695 0.1394 -0.1632
v -0.5464 0.1435 -0.1700
v -0.5313 0.1516 -0.1674
v -0.5284 0.1874 -0.1502
v -0.5475 0.1584 -0.1639
v -0.5465 0.1800 -0.1491
v -0.4208 0.3437 0.0416
v -0.4563 0.3099 0.0192
v -0.4723 0.2995 0.0201
v -0.4964 0.2942 0.0228
v -0.5714 0.2802 0.0452
v -0.5981 0.2785 0.0385
v -0.7260 0.2300 0.0010
v -0.7502 0.2165 -0.0431
v -0.3659 0.0145 -0.2235
v -0.2836 0.0014 -0.1961
v -0.2451 0.0255 -0.1750
v -0.2298 0.0340 -0.1728
v -0.1887 0.0439 -0.1651
v -0.5009 0.0750 -0.1527
v -0.4529 0.0499 -0.2010
v -0.1723 0.0607 -0.1745
v -0.1514 0.1373 -0.1558
v -0.1613 0.1704 -0.1482
v -0.1638 0.2110 -0.1310
v -0.1154 0.3286 -0.0598
v -0.0411 0.3749 -0.0688
v -0.1195 0.3046 -0.0556
v -0.1284 0.4137 -0.0541
v -0.0907 0.4381 -0.0577
v -0.0464 0.4831 -0.0677
v -0.0755 0.4871 -0.0409
v -0.1429 0.4747 -0.0192
v -0.2862 0.4970 0.0218
v -0.2429 0.5153 0.0023
v -0.1769 0.2204 -0.0726
v -0.0237 0.6539 -0.2612
v -0.0084 0.6660 -0.2597
v -0.2225 0.5840 -0.0228
v -0.3188 0.5049 0.0262
v -0.5363 0.4709 0.0902
v -0.5698 0.4685 0.0810
v -0.4935 0.4118 0.1183
v -0.5804 0.4507 0.0902
v -0.5932 0.4352 0.0889
v -0.6403 0.4311 0.1432
v -0.7132 0.4614 0.1487
v -0.7578 0.4841 0.1301
v -0.7635 0.5180 0.1244
v -0.7708 0.5364 0.1012
v -0.7927 0.5419 0.0880
v -0.8970 0.4908 -0.0182
v -0.8869 0.5210 0.0275
v -0.8818 0.4782 0.0436
v -0.8375 0.3927 0.0077
v -0.9179 0.4929 0.0039
v -0.9209 0.4822 0.0007
v -0.8403 0.3963 0.0121
v -0.8392 0.4171 0.0260
v -0.6531 0.3697 0.1438
v -0.5786 0.3502 0.1207
v -0.7368 0.1779 -0.0793
v -0.6955 0.1622 -0.1043
v -0.6312 0.1378 -0.1290
v -0.6041 0.1403 -0.1422
v -0.5909 0.1430 -0.1459
v -0.4922 0.1988 -0.1340
v -0.4685 0.1963 -0.1537
v -0.5652 0.1485 -0.1574
v -0.5433 0.1964 -0.1346
v -0.5020 0.3431 0.1007
v -0.4180 0.3285 0.0392
v -0.7057 0.2287 -0.0123
v -0.7113 0.2246 -0.0225
v -0.7437 0.2217 -0.0268
v -0.3853 0.0185 -0.2220
v -0.3608 -0.0142 -0.2156
v -0.2594 -0.0119 -0.1615
v -0.4848 0.0569 -0.1806
v -0.4797 0.1390 -0.1072
v -0.5006 0.1014 -0.1224
v -0.1585 0.0791 -0.1671
v -0.1465 0.1111 -0.1653
v -0.1576 0.1560 -0.1531
v -0.1696 0.1638 -0.1297
v -0.1203 0.3205 -0.0489
v -0.1378 0.2439 -0.0560
v -0.1512 0.2377 -0.0514
v -0.0764 0.2613 -0.0606
v -0.1218 0.3118 -0.0497
v -0.0912 0.4003 -0.0574
v -0.1289 0.4097 -0.0409
v -0.1276 0.4240 -0.0480
v -0.1108 0.4376 -0.0315
v -0.0678 0.4498 -0.0636
v -0.0423 0.4755 -0.0676
v -0.1142 0.4662 -0.0156
v -0.1535 0.4794 -0.0196
v -0.1762 0.4841 0.0051
v -0.1956 0.4777 0.0157
v -0.2417 0.4458 0.0232
v -0.2563 0.5196 0.0139
v -0.1777 0.1626 -0.0925
v -0.0299 0.6429 -0.2183
v -0.0033 0.6259 -0.2485
v -0.2198 0.5716 -0.0202
v -0.2281 0.5951 -0.0051
v -0.2333 0.5934 0.0068
v -0.2424 0.5851 0.0202
v -0.2931 0.5441 0.0586
v -0.3097 0.5210 0.0328
v -0.3135 0.5195 0.0550
v -0.3345 0.4886 0.0405
v -0.5630 0.4653 0.0868
v -0.5541 0.4679 0.0887
v -0.4354 0.4067 0.1084
v -0.5150 0.4181 0.1148
v -0.5141 0.4405 0.0876
v -0.5858 0.4341 0.0997
v -0.5854 0.4335 0.1158
v -0.7393 0.4818 0.1300
v -0.7699 0.5250 0.1149
v -0.8098 0.5320 0.0881
v -0.8312 0.5332 0.0649
v -0.9012 0.5164 0.0247
v -0.9114 0.4961 -0.0005
v -0.9167 0.4828 0.0207
v -0.9032 0.4915 0.0396
v -0.8658 0.4386 0.0433
v -0.8513 0.4187 0.0287
v -0.8447 0.4282 0.0444
v -0.8335 0.4407 0.0494
v -0.7976 0.4567 0.0737
v -0.7077 0.4023 0.1049
v -0.6918 0.3889 0.1100
v -0.6794 0.3837 0.1128
v -0.5403 0.3437 0.1087
v -0.7649 0.2093 -0.0468
v -0.6746 0.1457 -0.1099
v -0.6536 0.1411 -0.1183
v -0.4813 0.1984 -0.1339
v -0.5973 0.1575 -0.1320
v -0.4702 0.3482 0.1016
v -0.3985 0.3497 0.0672
v -0.4030 0.3434 0.0501
v -0.4189 0.3383 0.0379
v -0.4470 0.3134 0.0328
v -0.4935 0.2903 0.0351
v -0.5249 0.2756 0.0489
v -0.5349 0.2756 0.0467
v -0.6935 0.2636 0.0610
v -0.7206 0.2564 0.0214
v -0.3318 -0.0465 -0.1965
v -0.2337 0.0170 -0.1628
v -0.2049 0.0166 -0.1665
v -0.4290 0.0297 -0.2097
v -0.4136 0.0027 -0.2150
v -0.4603 0.1667 -0.1207
v -0.5023 0.0537 -0.1678
v -0.4835 0.0311 -0.1867
v -0.4627 0.0177 -0.1988
v -0.5079 0.0864 -0.1258
v -0.1651 0.0571 -0.1681
v -0.1535 0.0931 -0.1666
v -0.1558 0.0938 -0.1622
v -0.1674 0.1482 -0.1439
v -0.0965 0.3288 -0.0537
v -0.0456 0.3505 -0.0663
v -0.1267 0.4067 -0.0373
v -0.1298 0.4176 -0.0478
v -0.1316 0.4274 -0.0287
v -0.0495 0.4611 -0.0608
v -0.0642 0.4839 -0.0359
v -0.1576 0.4708 -0.0118
v -0.1636 0.4751 -0.0101
v -0.3014 0.5084 0.0193
v -0.2840 0.5346 0.0182
v -0.2599 0.5467 0.0115
v -0.2441 0.5215 0.0071
v -0.3036 0.4860 0.0414
v -0.1913 0.1949 -0.0514
v -0.1781 0.2164 -0.0540
v -0.1691 0.2260 -0.0453
v -0.0034 0.6317 -0.2619
v 0.0145 0.6783 -0.2583
v 0.0195 0.6757 -0.2465
v -0.2488 0.5771 0.0259
v -0.3169 0.5000 0.0246
v -0.3300 0.4596 0.0553
v -0.3611 0.4268 0.0617
v -0.3901 0.4109 0.0900
v -0.5359 0.4160 0.1186
v -0.5692 0.4528 0.0941
v -0.5797 0.4381 0.0973
v -0.5837 0.4325 0.1350
v -0.6063 0.4365 0.1383
v -0.7211 0.4699 0.1692
v -0.7813 0.5024 0.1323
v -0.7866 0.5247 0.0953
v -0.8552 0.5357 0.0724
v -0.8732 0.5324 0.0552
v -0.8862 0.5280 0.0485
v -0.8842 0.4998 0.0567
v -0.8712 0.4854 0.0570
v -0.8594 0.4731 0.0597
v -0.8686 0.4592 0.0395
v -0.8602 0.4296 0.0456
v -0.8535 0.4244 0.0357
v -0.8092 0.4537 0.0589
v -0.8307 0.4446 0.0571
v -0.7789 0.4499 0.1041
v -0.7335 0.4091 0.1218
v -0.6686 0.3748 0.1341
v -0.6870 0.3771 0.1249
v -0.5616 0.3483 0.1279
v -0.7592 0.1739 -0.0692
v -0.7250 0.1633 -0.0824
v -0.6745 0.1418 -0.0921
v -0.6423 0.1415 -0.1171
v -0.6183 0.1396 -0.1316
v -0.5410 0.1996 -0.1285
v -0.5177 0.1949 -0.1222
v -0.5063 0.1970 -0.1142
v -0.5829 0.1906 -0.1122
v -0.4637 0.1835 -0.1184
v -0.3930 0.3351 0.0491
v -0.5151 0.3463 0.1189
v -0.4735 0.2972 0.0375
v -0.4199 0.3214 0.0485
v -0.6362 0.2696 0.0680
v -0.7248 0.2246 -0.0070
v -0.7413 0.2262 0.0003
v -0.7642 0.2160 -0.0389
v -0.3924 0.0053 -0.2180
v -0.3496 -0.0355 -0.2082
v -0.2155 -0.0052 -0.1467
v -0.1954 0.0192 -0.1638
v -0.4581 0.1748 -0.1240
v -0.4474 -0.0041 -0.2070
v -0.4625 0.1677 -0.0887
v -0.4867 0.1231 -0.0975
v -0.4749 0.1495 -0.0764
v -0.5050 0.1034 -0.0896
v -0.1615 0.0606 -0.1600
v -0.1656 0.1164 -0.1523
v -0.1133 0.3258 -0.0427
v -0.1032 0.3278 -0.0424
v -0.0350 0.3594 -0.0674
v -0.0635 0.3910 -0.0636
v -0.1383 0.2323 -0.0476
v -0.1489 0.2248 -0.0424
v -0.1186 0.2313 -0.0560
v -0.0700 0.2471 -0.0580
v -0.0856 0.2800 -0.0503
v -0.0967 0.2812 -0.0597
v -0.1179 0.3042 -0.0498
v -0.0552 0.3883 -0.0401
v -0.1842 0.4632 0.0005
v -0.2901 0.4557 0.0297
v -0.2923 0.4718 0.0357
v -0.2315 0.5403 -0.0039
v -0.1871 0.2053 -0.0475
v -0.0020 0.6614 -0.2666
v -0.2233 0.5929 -0.0146
v -0.2645 0.5652 0.0411
v -0.3179 0.4940 0.0282
v -0.3092 0.4763 0.0478
v -0.3254 0.4437 0.0485
v -0.4822 0.3968 0.1285
v -0.5417 0.4250 0.1028
v -0.5329 0.4309 0.0958
v -0.5703 0.4305 0.1066
v -0.6996 0.4545 0.1771
v -0.7398 0.4797 0.1581
v -0.7533 0.4807 0.1341
v -0.7864 0.5123 0.1238
v -0.7859 0.5194 0.1010
v -0.8190 0.5323 0.0940
v -0.8285 0.5341 0.0807
v -0.8427 0.5383 0.1068
v -0.9069 0.5146 0.0284
v -0.9114 0.4978 0.0326
v -0.8838 0.5188 0.0635
v -0.8744 0.5094 0.0720
v -0.8568 0.4550 0.0544
v -0.9118 0.5064 0.0284
v -0.8263 0.4479 0.0761
v -0.8031 0.4539 0.0923
v -0.7994 0.4536 0.1078
v -0.7762 0.4377 0.1252
v -0.7078 0.3896 0.1168
v -0.7494 0.1643 -0.0749
v -0.7077 0.1520 -0.0784
v -0.5286 0.1965 -0.1086
v -0.4932 0.1949 -0.1134
v -0.3852 0.3498 0.0649
v -0.5440 0.3513 0.1358
v -0.4759 0.3083 0.0726
v -0.5945 0.2572 0.0740
v -0.7485 0.2542 0.0266
v -0.7491 0.2266 -0.0099
v -0.7512 0.2231 -0.0239
v -0.3856 -0.0166 -0.2102
v -0.2295 -0.0362 -0.1444
v -0.1831 0.0374 -0.1586
v -0.4614 0.1788 -0.1000
v -0.5280 0.0541 -0.1346
v -0.4602 0.1736 -0.0965
v -0.4800 0.1291 -0.0650
v -0.5143 0.0840 -0.1079
v -0.5334 0.0619 -0.1170
v -0.1869 0.0992 -0.1314
v -0.1835 0.1404 -0.0996
v -0.0745 0.3379 -0.0555
v -0.0412 0.3496 -0.0612
v -0.0384 0.3799 -0.0629
v -0.1715 0.2151 -0.0445
v -0.0892 0.2348 -0.0553
v -0.0809 0.3900 -0.0255
v -0.1326 0.4050 -0.0228
v -0.1424 0.4278 -0.0180
v -0.1377 0.4157 -0.0303
v -0.0931 0.4526 -0.0265
v -0.0485 0.4884 -0.0484
v -0.1808 0.4575 -0.0015
v -0.2240 0.4453 0.0138
v -0.2579 0.4435 0.0287
v -0.2329 0.5642 -0.0004
v 0.0322 0.6727 -0.2486
v 0.0248 0.6551 -0.2625
v 0.0199 0.6569 -0.2681
v -0.2231 0.5908 -0.0032
v -0.3151 0.4645 0.0491
v -0.5435 0.4626 0.0890
v -0.5521 0.4556 0.0936
v -0.3757 0.4203 0.0694
v -0.4367 0.3977 0.1099
v -0.5145 0.3983 0.1392
v -0.5647 0.4342 0.1018
v -0.5962 0.4161 0.1563
v -0.6623 0.4321 0.1928
v -0.7070 0.4584 0.1923
v -0.7316 0.4736 0.1749
v -0.7660 0.4816 0.1380
v -0.7991 0.5223 0.0978
v -0.8729 0.5325 0.0692
v -0.8546 0.4576 0.0603
v -0.8469 0.4436 0.0525
v -0.8206 0.4523 0.0878
v -0.8456 0.4470 0.0570
v -0.8161 0.4529 0.1155
v -0.7585 0.4172 0.1327
v -0.6848 0.3725 0.1383
v -0.6753 0.3733 0.1512
v -0.5993 0.3597 0.1526
v -0.7799 0.2181 -0.0377
v -0.7899 0.1928 -0.0448
v -0.5109 0.1985 -0.0967
v -0.6334 0.1556 -0.1120
v -0.5618 0.1940 -0.1177
v -0.4803 0.3538 0.1152
v -0.4546 0.3583 0.1047
v -0.3813 0.3594 0.0744
v -0.3824 0.3420 0.0564
v -0.5468 0.3570 0.1416
v -0.5017 0.2859 0.0607
v -0.7496 0.2342 0.0135
v -0.7572 0.2346 0.0128
v -0.7563 0.2289 -0.0177
v -0.7576 0.2339 -0.0126
v -0.3724 -0.0348 -0.2096
v -0.3211 -0.0641 -0.1777
v -0.2921 -0.0632 -0.1483
v -0.2608 -0.0423 -0.1418
v -0.1887 0.0039 -0.1502
v -0.5337 0.0395 -0.1470
v -0.5274 -0.0161 -0.1775
v -0.5474 -0.0086 -0.1630
v -0.4602 0.1736 -0.0695
v -0.1694 0.0488 -0.1592
v -0.1677 0.0718 -0.1487
v -0.0312 0.3684 -0.0657
v -0.0477 0.3871 -0.0541
v -0.1575 0.2128 -0.0364
v -0.1403 0.2265 -0.0389
v -0.0939 0.2310 -0.0502
v -0.0785 0.2339 -0.0514
v -0.0762 0.2702 -0.0379
v -0.1183 0.3001 -0.0317
v -0.1251 0.3077 -0.0296
v -0.0712 0.2664 -0.0527
v -0.1271 0.3161 -0.0272
v -0.1181 0.3920 -0.0103
v -0.0465 0.4733 -0.0443
v -0.0407 0.4869 -0.0599
v -0.1585 0.4353 -0.0075
v -0.2251 0.4287 0.0163
v -0.2991 0.4473 0.0325
v -0.2614 0.5640 0.0195
v -0.3044 0.4532 0.0336
v -0.2057 0.1424 -0.0465
v -0.1985 0.1816 -0.0462
v -0.1783 0.2107 -0.0420
v 0.0351 0.6657 -0.2544
v 0.0238 0.6761 -0.2667
v -0.2194 0.5878 -0.0112
v -0.2313 0.5803 0.0025
v -0.3428 0.4155 0.0521
v -0.5182 0.3921 0.1450
v -0.5557 0.4101 0.1452
v -0.6285 0.4172 0.1863
v -0.7193 0.4617 0.1933
v -0.7818 0.4930 0.1394
v -0.7893 0.5051 0.1346
v -0.8646 0.5306 0.0931
v -0.8794 0.5287 0.0648
v -0.8481 0.4868 0.0888
v -0.8512 0.4605 0.0755
v -0.8399 0.4444 0.0706
v -0.8199 0.4480 0.1004
v -0.7951 0.4341 0.1369
v -0.7285 0.3474 0.1529
v -0.7774 0.1723 -0.0585
v -0.7730 0.1632 -0.0602
v -0.7430 0.1577 -0.0735
v -0.6603 0.1432 -0.0983
v -0.5330 0.1933 -0.0902
v -0.4734 0.1877 -0.1132
v -0.6320 0.1724 -0.0962
v -0.4365 0.3121 0.0780
v -0.5464 0.2696 0.0675
v -0.6945 0.2636 0.0856
v -0.6699 0.2635 0.0847
v -0.6303 0.2620 0.0762
v -0.7462 0.2608 0.0531
v -0.7662 0.2386 -0.0016
v -0.7743 0.2244 -0.0345
v -0.4187 -0.0268 -0.2086
v -0.3958 -0.0483 -0.2080
v -0.2463 -0.0500 -0.1324
v -0.2142 -0.0145 -0.1391
v -0.1791 0.0381 -0.1529
v -0.4617 0.1791 -0.0671
v -0.4584 0.1687 -0.0541
v -0.4679 0.1525 -0.0557
v -0.5138 0.0871 -0.0679
v -0.4983 0.1071 -0.0544
v -0.5371 0.0636 -0.0998
v -0.1954 0.0883 -0.1196
v -0.1285 0.3237 -0.0090
v -0.1159 0.3302 -0.0093
v -0.0811 0.3427 -0.0231
v -0.0362 0.3541 -0.0473
v -0.1310 0.2308 -0.0429
v -0.1512 0.2140 -0.0292
v -0.1354 0.2296 -0.0341
v -0.1301 0.3041 -0.0178
v -0.0632 0.2483 -0.0518
v -0.0900 0.3858 -0.0197
v -0.1546 0.4068 -0.0089
v -0.1427 0.4113 -0.0224
v -0.0417 0.4728 -0.0535
v -0.0491 0.4822 -0.0409
v -0.0408 0.4809 -0.0487
v -0.2135 0.4298 0.0082
v -0.2414 0.4249 0.0303
v -0.2706 0.4272 0.0421
v -0.2127 0.1864 -0.0214
v 0.0305 0.6730 -0.2670
v -0.3159 0.4419 0.0432
v -0.3162 0.4312 0.0480
v -0.3595 0.4166 0.0646
v -0.3652 0.3975 0.0806
v -0.5426 0.3864 0.1555
v -0.6530 0.4228 0.1953
v -0.7608 0.4756 0.1663
v -0.7019 0.4460 0.2027
v -0.8010 0.5219 0.1204
v -0.8105 0.5303 0.1482
v -0.8277 0.5377 0.1287
v -0.8489 0.5373 0.1191
v -0.8641 0.5180 0.0949
v -0.8429 0.4742 0.0932
v -0.8137 0.4510 0.1228
v -0.8065 0.4416 0.1302
v -0.7781 0.4156 0.1432
v -0.7652 0.3890 0.1513
v -0.7509 0.3897 0.1442
v -0.7459 0.3824 0.1458
v -0.7357 0.3681 0.1428
v -0.6912 0.3693 0.1560
v -0.6850 0.3764 0.1643
v -0.6628 0.3801 0.1788
v -0.6024 0.3646 0.1595
v -0.7538 0.1493 -0.0613
v -0.6975 0.1499 -0.0750
v -0.5172 0.1904 -0.0627
v -0.5020 0.1937 -0.0796
v -0.4922 0.1866 -0.0868
v -0.4869 0.1841 -0.0976
v -0.6168 0.1810 -0.0925
v -0.4682 0.1847 -0.1003
v -0.3663 0.3473 0.0656
v -0.3856 0.3269 0.0536
v -0.3721 0.3192 0.0639
v -0.5068 0.2955 0.0924
v -0.6082 0.2471 0.0931
v -0.7673 0.2479 0.0261
v -0.7625 0.2297 -0.0227
v -0.7652 0.2409 0.0116
v -0.3752 -0.0589 -0.2036
v -0.3424 -0.0852 -0.1756
v -0.3062 -0.0808 -0.1440
v -0.2513 -0.0586 -0.1288
v -0.2649 -0.0777 -0.1308
v -0.1837 0.0198 -0.1456
v -0.5454 0.0158 -0.1519
v -0.5492 0.0424 -0.1073
v -0.5531 0.0233 -0.1336
v -0.5279 -0.0361 -0.1794
v -0.4787 -0.0355 -0.1946
v -0.4446 -0.0365 -0.2005
v -0.4624 0.1464 -0.0356
v -0.1770 0.0447 -0.1490
v -0.1956 0.1005 -0.0955
v -0.2021 0.1048 -0.0720
v -0.0298 0.3577 -0.0569
v -0.0337 0.3777 -0.0579
v -0.1612 0.2101 -0.0317
v -0.0743 0.2382 -0.0381
v -0.0678 0.2395 -0.0493
v -0.0736 0.2627 -0.0327
v -0.1326 0.3177 -0.0146
v -0.1510 0.4184 -0.0170
v -0.0552 0.4771 -0.0372
v -0.0386 0.4764 -0.0611
v -0.1711 0.4172 -0.0066
v -0.2275 0.1746 -0.0186
v -0.1932 0.2056 -0.0247
v -0.1821 0.2089 -0.0315
v 0.0350 0.6694 -0.2645
v 0.0293 0.6802 -0.2622
v 0.0278 0.6802 -0.2549
v -0.3122 0.4043 0.0472
v -0.3380 0.3984 0.0680
v -0.4122 0.3822 0.0867
v -0.5617 0.3977 0.1642
v -0.6751 0.4347 0.1995
v -0.7965 0.5158 0.1304
v -0.8386 0.5347 0.1509
v -0.8479 0.4490 0.0743
v -0.8230 0.4460 0.1422
v -0.7965 0.4197 0.1487
v -0.7514 0.3868 0.1493
v -0.7247 0.3478 0.1591
v -0.5541 0.3710 0.1484
v -0.8138 0.2170 -0.0253
v -0.8013 0.1622 -0.0494
v -0.6896 0.1519 -0.0723
v -0.6792 0.1584 -0.0711
v -0.5833 0.1848 -0.0814
v -0.4771 0.1852 -0.0922
v -0.5034 0.3706 0.1279
v -0.4376 0.3056 0.0886
v -0.4936 0.2982 0.0969
v -0.5308 0.2826 0.0790
v -0.7692 0.2557 0.0411
v -0.7318 0.2642 0.0782
v -0.6589 0.2410 0.0974
v -0.7256 0.2579 0.1084
v -0.7612 0.2568 0.0546
v -0.7613 0.2360 -0.0211
v -0.7727 0.2477 0.0121
v -0.3814 -0.0985 -0.1887
v -0.3626 -0.1008 -0.1788
v -0.2073 -0.0097 -0.1319
v -0.2218 -0.0435 -0.1294
v -0.1978 -0.0042 -0.1454
v -0.4709 0.1847 -0.0748
v -0.4312 -0.0702 -0.2000
v -0.4571 0.1769 -0.0543
v -0.4487 0.1703 -0.0312
v -0.4625 0.1301 -0.0231
v -0.4865 0.1102 -0.0300
v -0.5002 0.0907 -0.0299
v -0.5418 0.0623 -0.0647
v -0.2058 0.0586 -0.1180
v -0.1305 0.3306 0.0004
v -0.0932 0.3442 -0.0135
v -0.0768 0.3502 -0.0207
v -0.0375 0.3615 -0.0396
v -0.0286 0.3671 -0.0525
v -0.0354 0.3768 -0.0469
v -0.1546 0.2181 -0.0144
v -0.1344 0.2342 -0.0270
v -0.1181 0.2383 -0.0294
v -0.0927 0.2385 -0.0320
v -0.1275 0.2923 -0.0137
v -0.1356 0.3068 -0.0134
v -0.0473 0.3795 -0.0363
v -0.0760 0.3699 -0.0245
v -0.1022 0.3721 -0.0173
v -0.1462 0.3936 -0.0025
v -0.2220 0.4115 0.0086
v -0.2590 0.4191 0.0384
v -0.2191 0.1126 -0.0390
v -0.2150 0.1477 -0.0319
v -0.2024 0.1958 -0.0229
v -0.1867 0.2134 -0.0117
v -0.3168 0.3990 0.0507
v -0.5874 0.4063 0.1707
v -0.6652 0.4189 0.1995
v -0.7495 0.4643 0.1873
v -0.7710 0.4817 0.1638
v -0.8496 0.5337 0.1353
v -0.8579 0.5242 0.1163
v -0.8406 0.4848 0.1129
v -0.8387 0.4634 0.0898
v -0.8313 0.4583 0.0909
v -0.8228 0.4556 0.1242
v -0.8208 0.4527 0.1310
v -0.8040 0.4372 0.1422
v -0.8001 0.4312 0.1456
v -0.7871 0.4128 0.1539
v -0.7757 0.4026 0.1489
v -0.8044 0.2527 -0.0252
v -0.7956 0.2551 -0.0291
v -0.8486 0.1809 -0.0215
v -0.7813 0.1523 -0.0567
v -0.7416 0.1440 -0.0559
v -0.5446 0.1946 -0.0524
v -0.4951 0.1925 -0.0666
v -0.6413 0.1744 -0.0821
v -0.3791 0.3789 0.0724
v -0.3601 0.3556 0.0684
v -0.3543 0.3367 0.0649
v -0.5577 0.2753 0.1027
v -0.7506 0.2635 0.0990
v -0.6813 0.2538 0.0969
v -0.7604 0.2618 0.0783
v -0.7700 0.2494 -0.0002
v -0.7749 0.2490 -0.0219
v -0.7876 0.2499 -0.0300
v -0.4061 -0.1188 -0.1848
v -0.3300 -0.1266 -0.1255
v -0.3195 -0.1088 -0.1335
v -0.2916 -0.0909 -0.1273
v -0.2044 -0.0077 -0.1404
v -0.2184 -0.0327 -0.1209
v -0.1887 0.0290 -0.1344
v -0.4658 0.1848 -0.0568
v -0.5672 0.0251 -0.1102
v -0.4725 -0.0788 -0.1935
v -0.4379 0.1711 -0.0135
v -0.5381 0.0653 -0.0361
v -0.5553 0.0448 -0.0646
v -0.1133 0.3404 -0.0056
v -0.0883 0.3527 -0.0167
v -0.0561 0.3621 -0.0295
v -0.0660 0.2572 -0.0422
v -0.0802 0.2524 -0.0255
v -0.0637 0.2452 -0.0460
v -0.1484 0.3106 -0.0021
v -0.0956 0.3628 -0.0191
v -0.1451 0.3781 -0.0043
v -0.2355 0.4088 0.0146
v -0.2365 0.1283 -0.0148
v -0.2022 0.1943 0.0027
v -0.1930 0.2095 -0.0075
v 0.0355 0.6749 -0.2562
v -0.6453 0.4143 0.1943
v -0.7375 0.4531 0.1969
v -0.7966 0.5082 0.1674
v -0.8463 0.5135 0.1482
v -0.8332 0.4803 0.1321
v -0.8393 0.4600 0.1086
v -0.8400 0.4671 0.0998
v -0.8311 0.4540 0.1069
v -0.8025 0.4153 0.1636
v -0.7738 0.3896 0.1557
v -0.7707 0.3848 0.1618
v -0.7367 0.3583 0.1523
v -0.7231 0.3550 0.1681
v -0.6990 0.3715 0.1642
v -0.7076 0.3901 0.1774
v -0.6193 0.3827 0.1716
v -0.8237 0.2267 -0.0158
v -0.8372 0.2193 -0.0133
v -0.8455 0.1645 -0.0279
v -0.7687 0.1412 -0.0546
v -0.7201 0.1468 -0.0498
v -0.5585 0.1885 -0.0434
v -0.6701 0.1662 -0.0685
v -0.4131 0.3027 0.0865
v -0.5155 0.2830 0.1107
v -0.6495 0.2362 0.1031
v -0.7746 0.2465 0.0287
v -0.7994 0.2616 0.0579
v -0.6946 0.2386 0.1088
v -0.7563 0.2401 -0.0187
v -0.7659 0.2489 -0.0214
v -0.7740 0.2557 -0.0175
v -0.3633 -0.1344 -0.1532
v -0.3009 -0.1049 -0.1249
v -0.2668 -0.0868 -0.1242
v -0.2573 -0.0852 -0.1169
v -0.2479 -0.0655 -0.1170
v -0.2418 -0.0574 -0.1201
v -0.1917 0.0010 -0.1420
v -0.4549 0.1872 -0.0342
v -0.5733 -0.0075 -0.1389
v -0.4399 0.1333 0.0062
v -0.5498 0.0504 -0.0490
v -0.2218 0.0656 -0.0647
v -0.1446 0.3217 0.0059
v -0.1379 0.3353 0.0023
v -0.0314 0.3617 -0.0474
v -0.1596 0.2275 -0.0024
v -0.1408 0.2383 -0.0174
v -0.1296 0.2435 -0.0199
v -0.0895 0.2436 -0.0261
v -0.0728 0.2448 -0.0323
v -0.0671 0.2503 -0.0369
v -0.1440 0.3058 -0.0074
v -0.1912 0.4122 0.0010
v -0.2098 0.3949 0.0092
v -0.2563 0.4006 0.0275
v -0.2109 0.1908 -0.0008
v -0.1986 0.2014 0.0069
v -0.1952 0.2264 0.0074
v 0.0337 0.6759 -0.2632
v -0.3382 0.3843 0.0678
v -0.6452 0.4064 0.1927
v -0.7259 0.4421 0.2008
v -0.7675 0.4726 0.1929
v -0.8261 0.5277 0.1676
v -0.8384 0.4939 0.1427
v -0.8283 0.4625 0.1300
v -0.8270 0.4605 0.1386
v -0.8114 0.4442 0.1553
v -0.8058 0.4394 0.1529
v -0.8065 0.4254 0.1670
v -0.7833 0.4099 0.1580
v -0.7333 0.3487 0.1604
v -0.7079 0.3805 0.1706
v -0.6959 0.3949 0.1888
v -0.6810 0.4022 0.1912
v -0.5884 0.3903 0.1720
v -0.8302 0.2364 -0.0076
v -0.8546 0.2174 -0.0076
v -0.6830 0.1599 -0.0610
v -0.5987 0.1831 -0.0609
v -0.3394 0.3306 0.0648
v -0.3559 0.3227 0.0648
v -0.4420 0.2950 0.0927
v -0.3606 0.3035 0.0749
v -0.7816 0.2507 0.0395
v -0.7733 0.2470 0.0235
v -0.7158 0.2536 0.1099
v -0.7535 0.2619 0.1101
v -0.6876 0.2333 0.1127
v -0.7827 0.2620 0.0777
v -0.7691 0.2664 0.1067
v -0.7671 0.2532 -0.0150
v -0.7533 0.2436 -0.0257
v -0.7905 0.2643 -0.0229
v -0.2825 -0.0958 -0.1167
v -0.2596 -0.0902 -0.1058
v -0.2322 -0.0524 -0.1175
v -0.2261 -0.0170 -0.1050
v -0.2074 0.0108 -0.1285
v -0.5789 0.0250 -0.0845
v -0.5928 -0.0012 -0.1024
v -0.5537 -0.0636 -0.1689
v -0.5408 -0.0877 -0.1782
v -0.4607 -0.1361 -0.1868
v -0.4391 0.1798 -0.0161
v -0.4219 0.1760 0.0006
v -0.5207 0.0772 -0.0280
v -0.4726 0.1067 -0.0024
v -0.4821 0.0898 0.0008
v -0.2153 0.0398 -0.1138
v -0.2389 0.0837 -0.0192
v -0.1444 0.3490 -0.0107
v -0.1468 0.2449 -0.0110
v -0.1394 0.2545 -0.0114
v -0.1560 0.2707 -0.0046
v -0.1703 0.2944 -0.0018
v -0.1381 0.3562 -0.0135
v -0.1758 0.3706 0.0013
v -0.2280 0.4013 0.0124
v -0.2906 0.3924 0.0347
v -0.2555 0.1266 0.0007
v -0.2299 0.1856 -0.0110
v -0.2218 0.1899 -0.0051
v -0.2126 0.1970 0.0125
v -0.2924 0.3735 0.0510
v -0.3180 0.3813 0.0623
v -0.5902 0.3980 0.1752
v -0.6977 0.4322 0.2033
v -0.7157 0.4251 0.1996
v -0.7735 0.4690 0.2063
v -0.8343 0.5177 0.1850
v -0.8383 0.5130 0.1826
v -0.8340 0.4923 0.1841
v -0.8223 0.4493 0.1498
v -0.7767 0.3933 0.1641
v -0.7491 0.3872 0.1640
v -0.7416 0.3850 0.1672
v -0.7367 0.3567 0.1624
v -0.7281 0.3902 0.1750
v -0.8151 0.2400 -0.0138
v -0.8892 0.2045 0.0007
v -0.8250 0.2365 -0.0071
v -0.8410 0.2413 -0.0074
v -0.8155 0.1477 -0.0385
v -0.8352 0.1494 -0.0301
v -0.7958 0.1464 -0.0448
v -0.7631 0.1375 -0.0462
v -0.7253 0.1486 -0.0206
v -0.6809 0.1606 -0.0479
v -0.6612 0.1700 -0.0620
v -0.5860 0.1856 -0.0392
v -0.3428 0.3683 0.0575
v -0.3344 0.3407 0.0624
v -0.3618 0.3119 0.0708
v -0.6148 0.2503 0.1218
v -0.8044 0.2580 0.0523
v -0.7606 0.2601 0.1190
v -0.7783 0.2458 0.0159
v -0.7812 0.2526 -0.0032
v -0.7783 0.2582 -0.0128
v -0.3023 -0.1309 -0.1158
v -0.2873 -0.1039 -0.1105
v -0.2655 -0.0926 -0.1143
v -0.2436 -0.0596 -0.1121
v -0.2284 -0.0412 -0.1161
v -0.4651 0.1996 0.0050
v -0.5928 -0.0347 -0.1418
v -0.6143 -0.0198 -0.0990
v -0.5777 -0.0532 -0.1582
v -0.5107 -0.1047 -0.1839
v -0.4137 0.1606 0.0133
v -0.5224 0.0680 -0.0071
v -0.4518 0.1143 0.0138
v -0.5431 0.0520 -0.0225
v -0.5525 0.0470 -0.0301
v -0.1692 0.3169 0.0156
v -0.1470 0.3288 0.0090
v -0.2555 0.0850 -0.0020
v -0.2695 0.1694 0.0046
v -0.2494 0.1916 -0.0018
v -0.1973 0.2201 0.0076
v -0.2027 0.2062 0.0168
v -0.2905 0.3836 0.0368
v -0.7392 0.4338 0.2052
v -0.8042 0.5032 0.1964
v -0.8220 0.4703 0.1624
v -0.8085 0.4414 0.1640
v -0.8059 0.4293 0.1716
v -0.8024 0.4182 0.1703
v -0.7873 0.4155 0.1674
v -0.7803 0.4180 0.1737
v -0.7735 0.3949 0.1737
v -0.7630 0.3910 0.1722
v -0.7371 0.3767 0.1692
v -0.8457 0.2524 -0.0049
v -0.8556 0.2378 -0.0017
v -0.9034 0.1913 0.0039
v -0.8870 0.1670 -0.0144
v -0.8275 0.1435 -0.0294
v -0.7874 0.1403 -0.0417
v -0.5331 0.1957 0.0138
v -0.5031 0.2062 0.0331
v -0.4791 0.1994 0.0176
v -0.4869 0.1978 -0.0226
v -0.6368 0.1726 -0.0399
v -0.6036 0.1743 -0.0388
v -0.5723 0.1857 -0.0076
v -0.4033 0.2816 0.0813
v -0.4438 0.2803 0.0919
v -0.3487 0.2937 0.0722
v -0.4874 0.2670 0.1070
v -0.6135 0.2498 0.1337
v -0.6471 0.2340 0.1168
v -0.6800 0.2312 0.1219
v -0.8029 0.2417 0.0399
v -0.7756 0.2409 0.0285
v -0.7810 0.2293 0.0279
v -0.7171 0.2502 0.1194
v -0.7262 0.2504 0.1201
v -0.8174 0.2801 0.1153
v -0.8325 0.2797 0.0853
v -0.7935 0.2482 0.0005
v -0.7910 0.2666 -0.0172
v -0.4357 -0.1319 -0.1869
v -0.3802 -0.1523 -0.1494
v -0.3063 -0.1422 -0.1098
v -0.2892 -0.1141 -0.1012
v -0.2774 -0.0977 -0.1058
v -0.2544 -0.0736 -0.1000
v -0.2431 -0.0406 -0.1105
v -0.4396 0.1852 -0.0094
v -0.5818 0.0304 -0.0534
v -0.5994 0.0028 -0.0729
v -0.4775 -0.1087 -0.1868
v -0.4282 0.1825 -0.0028
v -0.4122 0.1374 0.0211
v -0.4672 0.0884 0.0200
v -0.5355 0.0493 -0.0010
v -0.5676 0.0422 -0.0271
v -0.2253 0.0203 -0.1051
v -0.2295 0.0267 -0.0953
v -0.1707 0.3405 0.0098
v -0.1695 0.2511 0.0058
v -0.1675 0.2751 0.0019
v -0.1809 0.2928 0.0042
v -0.1765 0.3020 0.0028
v -0.1580 0.3549 -0.0069
v -0.2592 0.1937 0.0103
v -0.2583 0.2140 0.0203
v -0.1798 0.2353 0.0078
v -0.2804 0.3850 0.0309
v -0.8254 0.4817 0.1904
v -0.8102 0.4494 0.1672
v -0.8071 0.4376 0.1705
v -0.8001 0.4224 0.1740
v -0.7467 0.3904 0.1702
v -0.7332 0.3614 0.1704
v -0.7448 0.4236 0.2039
v -0.8033 0.2579 -0.0160
v -0.7975 0.2665 -0.0205
v -0.8181 0.2382 -0.0048
v -0.8819 0.2215 0.0070
v -0.8648 0.2434 0.0071
v -0.8823 0.2519 0.0167
v -0.8388 0.2501 -0.0044
v -0.8632 0.1454 -0.0207
v -0.8077 0.1395 -0.0346
v -0.7620 0.1453 -0.0106
v -0.6519 0.1632 -0.0304
v -0.3219 0.3488 0.0477
v -0.3452 0.3152 0.0666
v -0.3233 0.3274 0.0569
v -0.3345 0.3084 0.0640
v -0.5822 0.2550 0.1334
v -0.6406 0.2421 0.1388
v -0.8159 0.2490 0.0485
v -0.6995 0.2358 0.1179
v -0.7362 0.2413 0.1344
v -0.8075 0.2761 0.1313
v -0.7762 0.2431 0.0226
v -0.3679 -0.1583 -0.1314
v -0.3243 -0.1618 -0.0932
v -0.2840 -0.1033 -0.1027
v -0.2625 -0.0715 -0.0893
v -0.2614 -0.0469 -0.0880
v -0.2415 -0.0146 -0.0990
v -0.2357 0.0039 -0.0975
v -0.6201 -0.0544 -0.1263
v -0.6049 -0.0868 -0.1537
v -0.5828 -0.0871 -0.1651
v -0.5672 -0.1013 -0.1720
v -0.5368 -0.1248 -0.1748
v -0.4949 -0.1418 -0.1848
v -0.3928 0.1780 0.0153
v -0.2414 0.0446 -0.0451
v -0.1862 0.3252 0.0219
v -0.2004 0.3108 0.0211
v -0.1784 0.2761 0.0148
v -0.2206 0.3778 0.0236
v -0.2511 0.0585 -0.0191
v -0.2917 0.1359 0.0181
v -0.2305 0.2160 0.0278
v -0.2117 0.2133 0.0237
v -0.7757 0.4534 0.2103
v -0.8186 0.4997 0.2017
v -0.8063 0.4602 0.1820
v -0.7905 0.4411 0.1808
v -0.7781 0.4303 0.1821
v -0.7676 0.3969 0.1762
v -0.7384 0.3905 0.1727
v -0.7468 0.4119 0.1828
v -0.7505 0.4214 0.1997
v -0.9031 0.2329 0.0246
v -0.8541 0.2470 0.0038
v -0.8269 0.2461 0.0057
v -0.8678 0.1409 -0.0210
v -0.8992 0.1563 -0.0183
v -0.8569 0.1412 -0.0200
v -0.8260 0.1397 -0.0244
v -0.7791 0.1391 -0.0349
v -0.8014 0.1375 -0.0302
v -0.6610 0.1602 0.0258
v -0.6961 0.1525 0.0186
v -0.5902 0.1756 -0.0034
v -0.4129 0.2636 0.0859
v -0.3379 0.2737 0.0613
v -0.3650 0.2699 0.0697
v -0.4528 0.2559 0.1017
v -0.8077 0.2390 0.0352
v -0.7893 0.2272 0.0276
v -0.7738 0.2299 0.0231
v -0.8419 0.2687 0.0652
v -0.8198 0.2429 0.0431
v -0.7227 0.2515 0.1239
v -0.7642 0.2460 0.1334
v -0.7900 0.2675 0.1296
v -0.7832 0.2403 0.0153
v -0.7960 0.2352 0.0143
v -0.8007 0.2402 0.0041
v -0.7969 0.2618 -0.0121
v -0.3973 -0.1707 -0.1531
v -0.3485 -0.1590 -0.1157
v -0.2475 -0.0075 -0.0919
v -0.5823 0.0287 -0.0285
v -0.5971 0.0091 -0.0473
v -0.5170 -0.1505 -0.1804
v -0.5705 -0.1236 -0.1713
v -0.3793 0.1362 0.0320
v -0.5237 0.0469 0.0196
v -0.4378 0.0910 0.0332
v -0.2545 0.0076 -0.0499
v -0.1931 0.3456 0.0181
v -0.1942 0.3628 0.0164
v -0.1871 0.2510 0.0144
v -0.1799 0.2677 0.0177
v -0.1989 0.3022 0.0181
v -0.2737 0.0838 0.0107
v -0.3076 0.1591 0.0224
v -0.2672 0.1793 0.0085
v -0.2126 0.2414 0.0178
v -0.2460 0.3635 0.0290
v -0.8077 0.4850 0.2088
v -0.8067 0.4957 0.2042
v -0.8308 0.5007 0.1931
v -0.8020 0.4414 0.1759
v -0.7534 0.4012 0.1763
v -0.9186 0.2219 0.0249
v -0.8718 0.2564 0.0176
v -0.8176 0.2413 0.0078
v -0.8428 0.2589 0.0025
v -0.9172 0.1761 -0.0047
v -0.8648 0.1370 -0.0180
v -0.8767 0.1323 -0.0270
v -0.8555 0.1397 -0.0153
v -0.7855 0.1436 -0.0180
v -0.7353 0.1475 0.0440
v -0.6365 0.1616 0.0178
v -0.3090 0.3197 0.0429
v -0.3155 0.3045 0.0490
v -0.3369 0.2891 0.0646
v -0.3664 0.2464 0.0775
v -0.3899 0.2356 0.0843
v -0.4211 0.2485 0.0962
v -0.5529 0.2498 0.1286
v -0.4759 0.2514 0.1139
v -0.6814 0.2350 0.1453
v -0.8471 0.2798 0.0760
v -0.8367 0.2407 0.0503
v -0.6996 0.2387 0.1288
v -0.7536 0.2401 0.1413
v -0.4229 -0.1684 -0.1687
v -0.4508 -0.1588 -0.1746
v -0.3014 -0.1494 -0.0943
v -0.2953 -0.1401 -0.0951
v -0.2774 -0.0927 -0.0976
v -0.2742 -0.0535 -0.0798
v -0.2505 -0.0245 -0.0977
v -0.2755 -0.0398 -0.0719
v -0.4036 0.1918 0.0172
v -0.5728 0.0321 -0.0051
v -0.5882 0.0138 -0.0174
v -0.6298 -0.0148 -0.0533
v -0.6299 -0.0262 -0.0782
v -0.6341 -0.0446 -0.0937
v -0.3653 0.1705 0.0266
v -0.5037 0.0430 0.0409
v -0.4108 0.0836 0.0468
v -0.5563 0.0310 0.0241
v -0.2581 0.0261 -0.0252
v -0.1932 0.2843 0.0230
v -0.2855 0.0704 0.0193
v -0.3115 0.0750 0.0320
v -0.2550 0.2346 0.0363
v -0.2258 0.2616 0.0248
v -0.2668 0.3677 0.0346
v -0.2766 0.3525 0.0468
v -0.3011 0.3623 0.0529
v -0.7682 0.4395 0.2063
v -0.8207 0.4872 0.2020
v -0.7972 0.4604 0.2056
v -0.8030 0.4522 0.1779
v -0.8067 0.2380 0.0072
v -0.8597 0.2469 0.0114
v -0.8359 0.2510 0.0093
v -0.8231 0.1407 -0.0180
v -0.7637 0.1498 0.0355
v -0.6835 0.1590 0.0858
v -0.6335 0.1630 0.0011
v -0.5424 0.2052 0.0670
v -0.4723 0.2096 0.0563
v -0.6228 0.1728 -0.0086
v -0.3034 0.3443 0.0376
v -0.3048 0.3341 0.0371
v -0.4258 0.2314 0.1018
v -0.4578 0.2414 0.1142
v -0.6445 0.2383 0.1509
v -0.7798 0.2262 0.0204
v -0.7757 0.2293 0.0177
v -0.8478 0.2448 0.0539
v -0.8268 0.2447 0.0197
v -0.6947 0.2418 0.1441
v -0.7086 0.2600 0.1408
v -0.7291 0.2445 0.1367
v -0.7803 0.2493 0.1407
v -0.8825 0.3130 0.1376
v -0.4219 -0.1820 -0.1603
v -0.3382 -0.1838 -0.0953
v -0.3391 -0.1710 -0.1036
v -0.2961 -0.1416 -0.0882
v -0.2845 -0.0989 -0.0952
v -0.2658 -0.0261 -0.0743
v -0.4402 0.2104 0.0387
v -0.6468 -0.0901 -0.1270
v -0.6614 -0.0659 -0.0852
v -0.6239 -0.1192 -0.1537
v -0.4824 -0.1652 -0.1792
v -0.5572 -0.1558 -0.1759
v -0.3637 0.1794 0.0294
v -0.4679 0.0469 0.0508
v -0.1999 0.2745 0.0271
v -0.2155 0.3020 0.0270
v -0.2719 0.0268 -0.0058
v -0.2956 0.0143 0.0133
v -0.3146 0.1191 0.0299
v -0.3242 0.1531 0.0260
v -0.2679 0.2208 0.0263
v -0.2661 0.2066 0.0218
v -0.2406 0.2418 0.0352
v -0.7741 0.4349 0.1878
v -0.9282 0.2068 0.0279
v -0.8848 0.2573 0.0305
v -0.8955 0.2542 0.0323
v -0.9448 0.1903 0.0195
v -0.9110 0.1518 -0.0171
v -0.8891 0.1337 -0.0258
v -0.8639 0.1377 -0.0137
v -0.8163 0.1517 -0.0035
v -0.8016 0.1524 0.0084
v -0.7070 0.1537 0.0918
v -0.6546 0.1618 0.0783
v -0.5216 0.1992 0.0348
v -0.5706 0.1861 0.0361
v -0.5032 0.2106 0.0659
v -0.6055 0.1781 0.0291
v -0.3020 0.3064 0.0412
v -0.3114 0.2915 0.0455
v -0.3235 0.2779 0.0479
v -0.5148 0.2368 0.1293
v -0.5801 0.2356 0.1404
v -0.6270 0.2383 0.1506
v -0.6786 0.2330 0.1612
v -0.8023 0.2305 0.0243
v -0.7909 0.2272 0.0195
v -0.8483 0.2898 0.0926
v -0.8555 0.2672 0.0650
v -0.8366 0.2367 0.0292
v -0.8209 0.2449 0.0164
v -0.8059 0.2369 0.0150
v -0.7474 0.2398 0.1491
v -0.8018 0.2522 0.1492
v -0.8133 0.2587 0.1544
v -0.8344 0.2876 0.1453
v -0.8881 0.3135 0.1586
v -0.4360 -0.1772 -0.1670
v -0.3719 -0.2098 -0.1013
v -0.3530 -0.2091 -0.0860
v -0.3169 -0.1611 -0.0850
v -0.2872 -0.0746 -0.0829
v -0.3987 0.2018 0.0360
v -0.6428 -0.1052 -0.1390
v -0.6201 -0.0061 -0.0189
v -0.6319 -0.0154 -0.0383
v -0.6436 -0.0421 -0.0627
v -0.5484 -0.1833 -0.1759
v -0.5126 -0.1822 -0.1723
v -0.5833 -0.1620 -0.1705
v -0.3614 0.1202 0.0380
v -0.3439 0.1612 0.0299
v -0.5311 0.0229 0.0519
v -0.3958 0.0752 0.0514
v -0.2819 -0.0238 -0.0305
v -0.2228 0.3300 0.0326
v -0.2370 0.3150 0.0323
v -0.3157 0.0477 0.0339
v -0.3365 0.1298 0.0341
v -0.2929 0.1738 0.0215
v -0.2650 0.1852 0.0282
v -0.2480 0.2706 0.0338
v -0.2617 0.3515 0.0417
v -0.9259 0.2356 0.0433
v -0.9341 0.2172 0.0417
v -0.9100 0.2459 0.0429
v -0.8572 0.2477 0.0173
v -0.8507 0.2463 0.0141
v -0.8457 0.2494 0.0093
v -0.9488 0.1753 0.0131
v -0.8679 0.1331 -0.0208
v -0.8059 0.1535 0.0395
v -0.7376 0.1532 0.0887
v -0.6503 0.1641 0.0495
v -0.6166 0.1685 0.0382
v -0.4461 0.2131 0.0494
v -0.3445 0.2458 0.0665
v -0.4665 0.2291 0.1208
v -0.4368 0.2227 0.1115
v -0.6907 0.2396 0.1544
v -0.7183 0.2593 0.1310
v -0.7125 0.2739 0.1508
v -0.7710 0.2456 0.1568
v -0.8316 0.2765 0.1580
v -0.4629 -0.1931 -0.1701
v -0.4268 -0.2169 -0.1413
v -0.4150 -0.2247 -0.1275
v -0.3321 -0.1865 -0.0846
v -0.3175 -0.1595 -0.0785
v -0.3050 -0.1513 -0.0835
v -0.2954 -0.1075 -0.0774
v -0.4240 0.2065 0.0513
v -0.5790 0.0138 0.0061
v -0.4948 -0.2093 -0.1704
v -0.3372 0.1675 0.0333
v -0.3533 0.1006 0.0411
v -0.4366 0.0399 0.0629
v -0.2858 -0.0034 -0.0063
v -0.2371 0.2820 0.0344
v -0.3307 0.1630 0.0300
v -0.3082 0.1657 0.0283
v -0.2721 0.1815 0.0333
v -0.2702 0.1959 0.0379
v -0.2885 0.2481 0.0392
v -0.8766 0.2582 0.0319
v -0.8980 0.2617 0.0404
v -0.9092 0.1373 -0.0164
v -0.8628 0.1435 -0.0068
v -0.8775 0.1284 -0.0158
v -0.7618 0.1530 0.0944
v -0.5252 0.2061 0.0690
v -0.4968 0.2107 0.0800
v -0.4610 0.2093 0.0745
v -0.2869 0.3290 0.0347
v -0.2711 0.2899 0.0394
v -0.2810 0.2702 0.0428
v -0.3588 0.2255 0.0749
v -0.3771 0.2137 0.0825
v -0.3944 0.2117 0.0905
v -0.5363 0.2296 0.1415
v -0.6885 0.2226 0.1758
v -0.8834 0.3013 0.0939
v -0.8676 0.2779 0.0689
v -0.8620 0.2679 0.0607
v -0.8488 0.2406 0.0288
v -0.7172 0.2636 0.1405
v -0.6977 0.2436 0.1611
v -0.7251 0.2605 0.1414
v -0.7773 0.2514 0.1603
v -0.7917 0.2495 0.1541
v -0.8461 0.2859 0.1578
v -0.4022 -0.2429 -0.1016
v -0.3270 -0.1856 -0.0743
v -0.3215 -0.1672 -0.0802
v -0.3020 -0.1214 -0.0723
v -0.3044 -0.0865 -0.0638
v -0.3983 0.1978 0.0584
v -0.4417 0.2108 0.0569
v -0.6805 -0.0975 -0.0822
v -0.6458 -0.1654 -0.1537
v -0.6029 -0.0040 0.0224
v -0.6433 -0.0357 -0.0365
v -0.6187 -0.1702 -0.1644
v -0.6145 -0.1986 -0.1676
v -0.5752 -0.1959 -0.1708
v -0.5360 0.0073 0.0614
v -0.3779 0.0347 0.0608
v -0.5521 0.0056 0.0529
v -0.5686 0.0099 0.0308
v -0.2503 0.2969 0.0368
v -0.3401 0.0492 0.0472
v -0.2937 0.1781 0.0365
v -0.2806 0.2140 0.0470
v -0.2716 0.3296 0.0360
v -0.9339 0.2280 0.0564
v -0.8710 0.2557 0.0321
v -0.9055 0.2579 0.0580
v -0.9592 0.2146 0.0572
v -0.9605 0.2018 0.0438
v -0.9683 0.1964 0.0498
v -0.8977 0.1269 -0.0161
v -0.8793 0.1278 -0.0239
v -0.8942 0.1318 -0.0046
v -0.6310 0.1767 0.0892
v -0.5627 0.1965 0.0816
v -0.5864 0.1908 0.0682
v -0.5176 0.2071 0.0857
v -0.2656 0.3161 0.0353
v -0.3790 0.1958 0.0837
v -0.3036 0.2251 0.0582
v -0.3069 0.2424 0.0558
v -0.4667 0.2118 0.1289
v -0.5167 0.2113 0.1451
v -0.4090 0.2052 0.1047
v -0.4325 0.2025 0.1122
v -0.4480 0.2147 0.1183
v -0.5503 0.2165 0.1481
v -0.6114 0.2206 0.1534
v -0.6902 0.2347 0.1639
v -0.8787 0.2797 0.0726
v -0.9007 0.3152 0.1124
v -0.8694 0.2745 0.0605
v -0.8722 0.2630 0.0398
v -0.7143 0.2771 0.1580
v -0.7211 0.2796 0.1510
v -0.7388 0.2490 0.1533
v -0.7616 0.2458 0.1569
v -0.7930 0.2527 0.1641
v -0.8429 0.2828 0.1635
v -0.8602 0.2884 0.1632
v -0.4609 -0.2232 -0.1575
v -0.4316 -0.2480 -0.1315
v -0.3901 -0.2501 -0.0903
v -0.3400 -0.2108 -0.0679
v -0.3839 0.1955 0.0460
v -0.6702 -0.1182 -0.1178
v -0.6322 -0.0288 -0.0053
v -0.6683 -0.0539 -0.0305
v -0.6770 -0.0771 -0.0662
v -0.5595 -0.2279 -0.1768
v -0.5266 -0.2238 -0.1751
v -0.5373 -0.0343 0.0928
v -0.4174 0.0189 0.0719
v -0.3006 -0.0434 -0.0120
v -0.3062 -0.0304 0.0053
v -0.3133 -0.0074 0.0265
v -0.3279 0.0033 0.0406
v -0.3190 0.1648 0.0329
v -0.2808 0.2264 0.0359
v -0.9187 0.2569 0.0680
v -0.9217 0.2570 0.0737
v -0.8939 0.2732 0.0444
v -0.8829 0.2645 0.0368
v -0.9402 0.1612 0.0085
v -0.9168 0.1386 -0.0054
v -0.8761 0.1632 0.0142
v -0.8806 0.1745 0.0337
v -0.7008 0.1693 0.1522
v -0.5088 0.2043 0.0948
v -0.3348 0.2190 0.0635
v -0.3708 0.1983 0.0797
v -0.3407 0.2008 0.0719
v -0.3945 0.1963 0.1002
v -0.3274 0.2246 0.0613
v -0.4655 0.1909 0.1335
v -0.4971 0.1944 0.1444
v -0.4483 0.2014 0.1268
v -0.5766 0.2120 0.1567
v -0.6683 0.2117 0.1739
v -0.9132 0.3096 0.1007
v -0.8766 0.2761 0.0645
v -0.8760 0.2781 0.0439
v -0.8824 0.3055 0.1628
v -0.8539 0.2833 0.1694
v -0.3587 -0.2346 -0.0847
v -0.3199 -0.1192 -0.0642
v -0.3770 0.1848 0.0635
v -0.4548 0.1916 0.0939
v -0.4169 0.1871 0.0857
v -0.6097 -0.0150 0.0370
v -0.3326 0.1685 0.0386
v -0.4667 0.0006 0.0815
v -0.4343 0.0121 0.0768
v -0.5558 -0.0143 0.0735
v -0.2793 0.1928 0.0450
v -0.2914 0.2086 0.0534
v -0.2943 0.2467 0.0411
v -0.9292 0.2398 0.0792
v -0.9522 0.2259 0.0770
v -0.8879 0.2806 0.0449
v -0.8969 0.2690 0.0771
v -0.9657 0.1839 0.0431
v -0.9035 0.1305 -0.0051
v -0.9122 0.1552 0.0198
v -0.8443 0.1623 0.0431
v -0.8035 0.1644 0.1012
v -0.7669 0.1620 0.1248
v -0.6472 0.1783 0.1316
v -0.6025 0.1872 0.1124
v -0.5427 0.2038 0.0931
v -0.3491 0.1946 0.0757
v -0.3276 0.1999 0.0635
v -0.5326 0.2009 0.1489
v -0.4206 0.2025 0.1080
v -0.4245 0.1942 0.1085
v -0.4372 0.1899 0.1237
v -0.5960 0.2082 0.1605
v -0.5572 0.2010 0.1573
v -0.6208 0.1969 0.1750
v -0.9369 0.3232 0.1171
v -0.7361 0.2566 0.1561
v -0.7432 0.2499 0.1657
v -0.7527 0.2516 0.1671
v -0.9359 0.3303 0.1437
v -0.8126 0.2718 0.1773
v -0.8753 0.2787 0.1772
v -0.8796 0.2828 0.1719
v -0.8590 0.2801 0.1780
v -0.9301 0.3270 0.1652
v -0.4886 -0.2374 -0.1606
v -0.4640 -0.2564 -0.1517
v -0.3612 -0.2565 -0.0763
v -0.3504 -0.2344 -0.0705
v -0.4291 -0.2802 -0.1229
v -0.3395 -0.2015 -0.0627
v -0.3283 -0.1665 -0.0599
v -0.3475 -0.1364 -0.0409
v -0.3172 -0.0703 -0.0172
v -0.3926 0.1802 0.0792
v -0.3674 0.1836 0.0581
v -0.4304 0.1866 0.0936
v -0.6870 -0.1360 -0.1115
v -0.7069 -0.1273 -0.0769
v -0.6254 -0.0329 0.0291
v -0.6624 -0.0506 0.0053
v -0.6795 -0.0679 -0.0270
v -0.6873 -0.0958 -0.0530
v -0.3647 0.0248 0.0573
v -0.5321 -0.0563 0.1073
v -0.3279 -0.0581 0.0124
v -0.3439 -0.0134 0.0452
v -0.3066 0.1647 0.0397
v -0.2946 0.1830 0.0415
v -0.9122 0.2707 0.0875
v -0.8910 0.2800 0.0497
v -0.8941 0.2686 0.0690
v -0.9608 0.1718 0.0442
v -0.9398 0.1581 0.0228
v -0.9256 0.1469 0.0072
v -0.9227 0.1527 0.0181
v -0.5918 0.1921 0.0954
v -0.5621 0.1965 0.0988
v -0.3209 0.1713 0.0712
v -0.3648 0.1874 0.0737
v -0.3731 0.1885 0.0760
v -0.3142 0.2006 0.0510
v -0.4776 0.1828 0.1395
v -0.5138 0.1866 0.1450
v -0.4026 0.1932 0.1032
v -0.4119 0.1937 0.1037
v -0.7229 0.2378 0.1792
v -0.9017 0.2868 0.0872
v -0.8840 0.2747 0.0665
v -0.7167 0.2702 0.1660
v -0.7289 0.2746 0.1566
v -0.7652 0.2576 0.1635
v -0.7830 0.2579 0.1805
v -0.7986 0.2717 0.1871
v -0.8314 0.2863 0.1807
v -0.8844 0.2906 0.1686
v -0.4025 -0.2770 -0.0951
v -0.3405 -0.1840 -0.0551
v -0.3286 -0.1263 -0.0570
v -0.5909 -0.0250 0.0654
v -0.5991 -0.2315 -0.1760
v -0.5456 -0.2551 -0.1710
v -0.5221 -0.2460 -0.1725
v -0.3801 -0.0194 0.0672
v -0.3344 -0.0375 0.0299
v -0.3180 0.1621 0.0447
v -0.2984 0.1716 0.0404
v -0.9155 0.2684 0.0943
v -0.9618 0.2156 0.0810
v -0.9677 0.1845 0.0556
v -0.9058 0.1797 0.0439
v -0.7369 0.1701 0.1790
v -0.4472 0.1741 0.1061
v -0.2989 0.1801 0.0446
v -0.3019 0.1686 0.0648
v -0.3893 0.1870 0.0940
v -0.4505 0.1799 0.1257
v -0.5777 0.1973 0.1608
v -0.6463 0.1965 0.1854
v -0.6734 0.1932 0.1900
v -0.7158 0.2008 0.1979
v -0.8775 0.2809 0.0498
v -0.9140 0.2787 0.0933
v -0.7316 0.2459 0.1779
v -0.7241 0.2661 0.1692
v -0.7219 0.2788 0.1607
v -0.8445 0.2854 0.1782
v -0.8727 0.2698 0.1939
v -0.9105 0.3162 0.1689
v -0.8963 0.3005 0.1689
v -0.8539 0.2739 0.1928
v -0.3430 -0.2359 -0.0596
v -0.3506 -0.2582 -0.0673
v -0.3904 -0.2771 -0.0877
v -0.3446 -0.2419 -0.0513
v -0.3459 -0.1943 -0.0502
v -0.3334 -0.1618 -0.0536
v -0.3668 0.1838 0.0676
v -0.4270 0.1834 0.1007
v -0.4217 0.1861 0.0957
v -0.7117 -0.1220 -0.0488
v -0.6906 -0.1774 -0.1323
v -0.6719 -0.2152 -0.1510
v -0.6167 -0.0381 0.0514
v -0.6693 -0.0599 0.0114
v -0.6394 -0.2689 -0.1731
v -0.3257 0.1621 0.0576
v -0.4412 -0.0299 0.0887
v -0.5199 -0.0649 0.1116
v -0.4638 -0.0440 0.0986
v -0.5592 -0.0481 0.0917
v -0.5840 -0.0401 0.0808
v -0.3074 0.1601 0.0475
v -0.9147 0.2594 0.1123
v -0.9549 0.1666 0.0450
v -0.8399 0.1698 0.0734
v -0.8203 0.1746 0.1115
v -0.7853 0.1666 0.1415
v -0.5508 0.1978 0.1030
v -0.5238 0.1879 0.1115
v -0.5327 0.1787 0.1509
v -0.4330 0.1781 0.1166
v -0.5669 0.1869 0.1595
v -0.7340 0.2198 0.2006
v -0.7416 0.2406 0.1826
v -0.9543 0.3179 0.1155
v -0.9267 0.2977 0.1006
v -0.7322 0.2604 0.1659
v -0.7367 0.2514 0.1717
v -0.7449 0.2481 0.1744
v -0.8823 0.2757 0.1762
v -0.8601 0.2596 0.2139
v -0.8887 0.2829 0.1681
v -0.8346 0.2838 0.1906
v -0.4714 -0.2902 -0.1541
v -0.3556 -0.2760 -0.0784
v -0.3446 -0.2504 -0.0624
v -0.3420 -0.2484 -0.0571
v -0.4304 -0.3046 -0.1288
v -0.4092 -0.3031 -0.1055
v -0.3913 -0.2959 -0.0899
v -0.3502 -0.2130 -0.0410
v -0.3417 -0.1419 -0.0485
v -0.3591 -0.1196 0.0055
v -0.3920 0.1805 0.0858
v -0.4126 0.1870 0.0943
v -0.7018 -0.1662 -0.1156
v -0.7191 -0.1374 -0.0586
v -0.6004 -0.0413 0.0722
v -0.6575 -0.0620 0.0415
v -0.6794 -0.0805 0.0051
v -0.6850 -0.0868 -0.0204
v -0.7070 -0.1063 -0.0063
v -0.5738 -0.2623 -0.1763
v -0.5188 -0.2852 -0.1744
v -0.4127 -0.0299 0.0822
v -0.3733 -0.0967 0.0467
v -0.9353 0.2449 0.1251
v -0.9161 0.2615 0.1391
v -0.9583 0.2140 0.1010
v -0.9617 0.1766 0.0627
v -0.9476 0.1651 0.0481
v -0.9019 0.1876 0.0630
v -0.8597 0.1766 0.0877
v -0.6936 0.1710 0.1649
v -0.6426 0.1765 0.1455
v -0.5810 0.1926 0.1118
v -0.5610 0.1925 0.1129
v -0.4999 0.1736 0.1202
v -0.3302 0.1701 0.0697
v -0.3024 0.1633 0.0649
v -0.4672 0.1732 0.1318
v -0.5017 0.1760 0.1361
v -0.4199 0.1885 0.1015
v -0.6309 0.1813 0.1842
v -0.9736 0.3342 0.1440
v -0.7269 0.2727 0.1634
v -0.7630 0.2596 0.1817
v -0.7775 0.2544 0.1914
v -0.7963 0.2699 0.1960
v -0.8170 0.2713 0.1913
v -0.9670 0.3329 0.1693
v -0.8908 0.2619 0.1841
v -0.8406 0.2605 0.2121
v -0.9004 0.2928 0.1675
v -0.9411 0.3190 0.1753
v -0.5004 -0.3004 -0.1697
v -0.4593 -0.3083 -0.1520
v -0.4342 -0.3332 -0.1477
v -0.3924 -0.3134 -0.0979
v -0.3558 -0.1870 -0.0403
v -0.3545 -0.1587 -0.0440
v -0.7051 -0.1975 -0.1248
v -0.6406 -0.0717 0.0741
v -0.5890 -0.2629 -0.1779
v -0.5319 -0.2762 -0.1753
v -0.6576 -0.2736 -0.1681
v -0.4588 -0.0693 0.1033
v -0.5625 -0.0719 0.1078
v -0.3940 -0.0555 0.0750
v -0.3584 -0.0660 0.0456
v -0.3088 0.1576 0.0549
v -0.3129 0.1599 0.0640
v -0.3001 0.1598 0.0569
v -0.9195 0.2799 0.1004
v -0.9137 0.2675 0.1161
v -0.9657 0.1963 0.0804
v -0.9348 0.1939 0.0820
v -0.8330 0.1811 0.1388
v -0.7844 0.1778 0.1863
v -0.6021 0.1823 0.1309
v -0.4759 0.1693 0.1206
v -0.4516 0.1719 0.1171
v -0.4687 0.1689 0.1255
v -0.5264 0.1699 0.1450
v -0.5538 0.1727 0.1525
v -0.4308 0.1764 0.1079
v -0.5732 0.1687 0.1601
v -0.5808 0.1782 0.1652
v -0.6068 0.1796 0.1707
v -0.7059 0.1840 0.2047
v -0.7809 0.2087 0.2287
v -0.7910 0.2299 0.2278
v -0.7626 0.2371 0.1990
v -0.9610 0.3125 0.1194
v -0.8856 0.2545 0.2025
v -0.8764 0.2493 0.2145
v -0.9033 0.2609 0.1632
v -0.8494 0.2503 0.2257
v -0.9115 0.2666 0.1506
v -0.8324 0.2712 0.2023
v -0.3234 -0.2859 -0.0796
v -0.3354 -0.2616 -0.0619
v -0.3352 -0.2592 -0.0567
v -0.3778 -0.3138 -0.0918
v -0.3538 -0.3185 -0.0902
v -0.4337 0.1758 0.1047
v -0.7204 -0.1295 -0.0285
v -0.7232 -0.1575 -0.0681
v -0.7312 -0.1903 -0.0857
v -0.6176 -0.0683 0.0887
v -0.5074 -0.0859 0.1161
v -0.5471 -0.0940 0.1194
v -0.2979 0.1637 0.0576
v -0.9160 0.2734 0.1176
v -0.9304 0.2439 0.1566
v -0.9447 0.2211 0.1328
v -0.9578 0.2044 0.0978
v -0.9612 0.1900 0.0822
v -0.9186 0.1946 0.0822
v -0.8724 0.1837 0.0963
v -0.6981 0.1628 0.1893
v -0.6610 0.1681 0.1774
v -0.5986 0.1745 0.1452
v -0.5535 0.1704 0.1395
v -0.5287 0.1674 0.1341
v -0.4941 0.1721 0.1281
v -0.6629 0.1829 0.1897
v -0.7295 0.1646 0.2151
v -0.7417 0.1847 0.2214
v -0.9744 0.3281 0.1341
v -0.8152 0.2648 0.2035
v -0.9883 0.3348 0.1621
v -0.9027 0.2481 0.1973
v -0.8652 0.2364 0.2298
v -0.9321 0.3036 0.1707
v -0.4825 -0.3223 -0.1714
v -0.4023 -0.3428 -0.1370
v -0.3795 -0.3246 -0.1004
v -0.3518 -0.2447 -0.0436
v -0.3725 -0.1887 -0.0276
v -0.7276 -0.1984 -0.1035
v -0.7283 -0.1542 -0.0370
v -0.7272 -0.2551 -0.1254
v -0.6724 -0.0812 0.0328
v -0.7175 -0.1224 -0.0040
v -0.6221 -0.2769 -0.1804
v -0.5625 -0.2783 -0.1839
v -0.5342 -0.2883 -0.1799
v -0.5858 -0.2728 -0.1844
v -0.7053 -0.2523 -0.1402
v -0.6458 -0.2877 -0.1783
v -0.4163 -0.0950 0.0893
v -0.4825 -0.0933 0.1116
v -0.4408 -0.1020 0.1049
v -0.3774 -0.0719 0.0607
v -0.9206 0.2759 0.1386
v -0.9161 0.2695 0.1392
v -0.9138 0.2598 0.1520
v -0.9535 0.1813 0.0729
v -0.8974 0.1900 0.1006
v -0.8522 0.1879 0.1387
v -0.7458 0.1652 0.1989
v -0.7321 0.1607 0.2058
v -0.6304 0.1673 0.1681
v -0.6228 0.1715 0.1781
v -0.7285 0.1606 0.2119
v -0.7996 0.2439 0.2120
v -0.9569 0.3048 0.1202
v -0.9831 0.3246 0.1380
v -0.8921 0.2369 0.2275
v -0.9157 0.2420 0.1835
v -0.8302 0.2416 0.2328
v -0.9143 0.2764 0.1520
v -0.9214 0.2838 0.1546
v -0.3371 -0.2605 -0.0482
v -0.3546 -0.3302 -0.0997
v -0.7247 -0.1448 -0.0082
v -0.7460 -0.1882 -0.0556
v -0.6643 -0.0882 0.0596
v -0.6927 -0.0985 0.0335
v -0.7069 -0.1143 0.0339
v -0.5452 -0.2906 -0.1869
v -0.5184 -0.3056 -0.1794
v -0.7088 -0.2917 -0.1450
v -0.3958 -0.0913 0.0763
v -0.4680 -0.1142 0.1145
v -0.4949 -0.1220 0.1252
v -0.5262 -0.1287 0.1312
v -0.5857 -0.1212 0.1282
v -0.9384 0.2895 0.1345
v -0.9353 0.2310 0.1579
v -0.9387 0.2154 0.1380
v -0.9462 0.2076 0.1128
v -0.6045 0.1700 0.1587
v -0.5739 0.1640 0.1515
v -0.5281 0.1670 0.1401
v -0.6015 0.1730 0.1651
v -0.7482 0.1781 0.2285
v -0.7565 0.1894 0.2286
v -0.9946 0.3293 0.1523
v -0.9831 0.3281 0.1738
v -0.9929 0.3298 0.1705
v -0.9962 0.3312 0.1635
v -0.8843 0.2336 0.2351
v -0.9632 0.3135 0.1714
v -0.3215 -0.2673 -0.0650
v -0.3108 -0.2671 -0.0680
v -0.4171 -0.3535 -0.1655
v -0.3822 -0.3497 -0.1404
v -0.3467 -0.2628 -0.0359
v -0.3713 -0.2332 -0.0308
v -0.3769 -0.2174 -0.0257
v -0.3819 -0.1983 -0.0147
v -0.3713 -0.1664 -0.0220
v -0.3915 -0.1636 0.0355
v -0.7485 -0.1787 -0.0251
v -0.7389 -0.2264 -0.0972
v -0.6239 -0.0924 0.1001
v -0.6486 -0.0953 0.0852
v -0.7147 -0.1366 0.0277
v -0.5757 -0.2872 -0.2096
v -0.5546 -0.2951 -0.2154
v -0.6623 -0.3050 -0.1771
v -0.5574 -0.1298 0.1348
v -0.3840 -0.1321 0.0450
v -0.9518 0.2009 0.0968
v -0.9366 0.2026 0.0978
v -0.9203 0.2045 0.1068
v -0.8931 0.2063 0.1457
v -0.8731 0.1926 0.1394
v -0.8382 0.1925 0.1948
v -0.8224 0.1825 0.1730
v -0.7734 0.1738 0.1980
v -0.6239 0.1683 0.1735
v -0.5533 0.1693 0.1450
v -0.6128 0.1698 0.1676
v -0.6579 0.1740 0.1851
v -0.7545 0.1714 0.2434
v -0.7690 0.1835 0.2456
v -0.9533 0.2992 0.1301
v -0.9929 0.3202 0.1489
v -0.9095 0.2327 0.2058
v -0.8354 0.2235 0.2412
v -0.9506 0.3018 0.1585
v -0.4942 -0.3385 -0.1923
v -0.3317 -0.3223 -0.0979
v -0.3167 -0.2665 -0.0605
v -0.3089 -0.2691 -0.0573
v -0.4554 -0.3597 -0.1926
v -0.3742 -0.3590 -0.1611
v -0.3652 -0.2666 -0.0179
v -0.3824 -0.2357 -0.0136
v -0.7454 -0.1684 0.0035
v -0.6463 -0.1181 0.1087
v -0.7228 -0.2906 -0.1346
v -0.7094 -0.3291 -0.1550
v -0.6802 -0.3358 -0.1733
v -0.6286 -0.3033 -0.2224
v -0.6019 -0.3035 -0.2377
v -0.4405 -0.1302 0.1073
v -0.9338 0.2244 0.1609
v -0.8618 0.1935 0.1686
v -0.7492 0.1458 0.2263
v -0.7355 0.1477 0.2227
v -0.7322 0.1565 0.2189
v -0.7413 0.1523 0.2365
v -0.9796 0.3121 0.1432
v -0.8784 0.2136 0.2513
v -0.8919 0.2259 0.2379
v -0.8595 0.2125 0.2485
v -0.9857 0.3218 0.1745
v -0.9924 0.3183 0.1712
v -0.3245 -0.3307 -0.1088
v -0.3055 -0.3176 -0.1070
v -0.3019 -0.2816 -0.0897
v -0.2796 -0.2677 -0.0907
v -0.2890 -0.2597 -0.0771
v -0.4283 -0.3768 -0.2046
v -0.3382 -0.3373 -0.1142
v -0.3466 -0.2856 -0.0187
v -0.3087 -0.2881 -0.0414
v -0.3775 -0.2650 -0.0037
v -0.7523 -0.2152 -0.0538
v -0.7620 -0.2825 -0.0931
v -0.6725 -0.1242 0.0952
v -0.6907 -0.1199 0.0714
v -0.5450 -0.2964 -0.2060
v -0.6523 -0.3062 -0.2000
v -0.4650 -0.1489 0.1181
v -0.4244 -0.1238 0.0951
v -0.4891 -0.1481 0.1270
v -0.5481 -0.1584 0.1419
v -0.4083 -0.1206 0.0787
v -0.4000 -0.1461 0.0599
v -0.9216 0.2239 0.1827
v -0.7866 0.1560 0.2369
v -0.7352 0.1477 0.2284
v -0.7938 0.1893 0.2527
v -0.8067 0.2080 0.2398
v -1.0002 0.3230 0.1605
v -1.0003 0.3257 0.1650
v -0.9079 0.2201 0.2147
v -0.8356 0.2041 0.2618
v -0.4358 -0.3790 -0.2127
v -0.3718 -0.3720 -0.1846
v -0.3681 -0.2778 -0.0040
v -0.3964 -0.1908 0.0336
v -0.7556 -0.1912 -0.0150
v -0.7650 -0.2392 -0.0574
v -0.7600 -0.2560 -0.0767
v -0.7043 -0.1435 0.0633
v -0.7336 -0.1601 0.0361
v -0.5824 -0.3050 -0.2407
v -0.5046 -0.3324 -0.2165
v -0.7575 -0.3112 -0.1030
v -0.7259 -0.3276 -0.1404
v -0.6623 -0.3181 -0.1991
v -0.4364 -0.1522 0.1092
v -0.5127 -0.1560 0.1320
v -0.6271 -0.1630 0.1347
v -0.9098 0.2135 0.1767
v -0.8504 0.1953 0.2043
v -0.7550 0.1456 0.2346
v -0.7419 0.1443 0.2297
v -0.7571 0.1625 0.2479
v -0.7870 0.1788 0.2549
v -0.8554 0.1998 0.2563
v -0.8910 0.2122 0.2432
v -0.9048 0.2075 0.2193
v -0.9701 0.3102 0.1601
v -0.9957 0.3153 0.1630
v -0.2975 -0.3207 -0.1190
v -0.2845 -0.2936 -0.1036
v -0.2775 -0.2495 -0.0791
v -0.3244 -0.3461 -0.1499
v -0.3301 -0.2956 -0.0157
v -0.3847 -0.2516 0.0019
v -0.4025 -0.2201 0.0469
v -0.7450 -0.1748 0.0310
v -0.7528 -0.1855 0.0134
v -0.7568 -0.2152 -0.0132
v -0.5269 -0.3193 -0.2260
v -0.6470 -0.3181 -0.2204
v -0.4479 -0.1714 0.1176
v -0.5756 -0.1693 0.1410
v -0.9179 0.2182 0.1806
v -0.8731 0.2004 0.1924
v -0.8153 0.1808 0.2156
v -0.7473 0.1483 0.2399
v -0.7836 0.1688 0.2552
v -0.8022 0.1825 0.2670
v -0.8178 0.1998 0.2627
v -0.4520 -0.3767 -0.2431
v -0.2725 -0.2910 -0.1124
v -0.3008 -0.2659 -0.0632
v -0.2650 -0.2792 -0.0508
v -0.2859 -0.2563 -0.0712
v -0.2630 -0.2325 -0.0937
v -0.3897 -0.3864 -0.2041
v -0.3291 -0.3666 -0.1844
v -0.3530 -0.2898 -0.0009
v -0.2798 -0.2941 -0.0322
v -0.7738 -0.2471 -0.0322
v -0.7749 -0.2587 -0.0491
v -0.6672 -0.1519 0.1133
v -0.7261 -0.1719 0.0717
v -0.5631 -0.3256 -0.2628
v -0.5846 -0.3191 -0.2572
v -0.5237 -0.3379 -0.2542
v -0.4923 -0.3460 -0.2339
v -0.7259 -0.3526 -0.1423
v -0.7109 -0.3703 -0.1584
v -0.6858 -0.3662 -0.1728
v -0.6618 -0.3439 -0.2204
v -0.4218 -0.1629 0.0947
v -0.4720 -0.1804 0.1320
v -0.4926 -0.1886 0.1392
v -0.5202 -0.1909 0.1486
v -0.4170 -0.1991 0.0785
v -0.8590 0.1808 0.2366
v -0.8051 0.1551 0.2513
v -0.8794 0.2007 0.2541
v -0.8857 0.1941 0.2471
v -0.8321 0.1849 0.2721
v -0.4775 -0.3614 -0.2484
v -0.2737 -0.2497 -0.0687
v -0.2597 -0.2700 -0.1132
v -0.4007 -0.4101 -0.2234
v -0.3500 -0.3899 -0.2045
v -0.3142 -0.3464 -0.1603
v -0.3032 -0.3002 -0.0173
v -0.3987 -0.2520 0.0512
v -0.7505 -0.2048 0.0184
v -0.7769 -0.2847 -0.0466
v -0.7730 -0.3032 -0.0684
v -0.7706 -0.3193 -0.0859
v -0.6868 -0.1516 0.0953
v -0.7550 -0.3483 -0.1172
v -0.7676 -0.3392 -0.0990
v -0.6170 -0.3351 -0.2560
v -0.4391 -0.1797 0.1116
v -0.4339 -0.1957 0.1051
v -0.5655 -0.2185 0.1598
v -0.6080 -0.1922 0.1491
v -0.9002 0.2055 0.2010
v -0.7781 0.1537 0.2438
v -0.7804 0.1580 0.2516
v -0.8005 0.1701 0.2674
v -0.8528 0.1847 0.2589
v -0.8837 0.1865 0.2402
v -0.8182 0.1885 0.2705
v -0.2698 -0.3083 -0.1585
v -0.2402 -0.2567 -0.1239
v -0.2414 -0.2433 -0.1125
v -0.2683 -0.2331 -0.0815
v -0.4082 -0.4100 -0.2294
v -0.3718 -0.4005 -0.2166
v -0.3578 -0.2980 0.0577
v -0.3713 -0.2878 0.0485
v -0.2897 -0.3056 0.0307
v -0.7337 -0.1835 0.0679
v -0.6503 -0.2028 0.1488
v -0.6766 -0.1752 0.1234
v -0.6980 -0.1841 0.1144
v -0.5963 -0.3262 -0.2608
v -0.7510 -0.3730 -0.1184
v -0.7115 -0.3945 -0.1562
v -0.6837 -0.3851 -0.1744
v -0.6665 -0.3647 -0.2207
v -0.6476 -0.3480 -0.2406
v -0.4439 -0.2053 0.1189
v -0.4569 -0.2078 0.1295
v -0.5085 -0.2159 0.1519
v -0.8226 0.1600 0.2593
v -0.7997 0.1551 0.2587
v -0.8727 0.1859 0.2520
v -0.2794 -0.3266 -0.1711
v -0.2444 -0.2773 -0.1438
v -0.2495 -0.2556 -0.0668
v -0.2556 -0.2202 -0.0871
v -0.3483 -0.4059 -0.2179
v -0.3918 -0.4238 -0.2298
v -0.3063 -0.3688 -0.2032
v -0.2935 -0.3442 -0.1841
v -0.2859 -0.3012 -0.0082
v -0.2552 -0.2845 -0.0352
v -0.2695 -0.2966 -0.0141
v -0.4233 -0.2186 0.0938
v -0.7692 -0.2361 0.0088
v -0.7825 -0.2675 -0.0033
v -0.7848 -0.3074 -0.0474
v -0.7193 -0.1883 0.0928
v -0.7324 -0.2054 0.0739
v -0.5097 -0.3641 -0.2752
v -0.7754 -0.3651 -0.0848
v -0.6677 -0.3871 -0.2178
v -0.4777 -0.2108 0.1369
v -0.5401 -0.2241 0.1576
v -0.5882 -0.2174 0.1580
v -0.8520 0.1749 0.2473
v -0.8013 0.1600 0.2642
v -0.8332 0.1771 0.2708
v -0.8570 0.1780 0.2523
v -0.4857 -0.3713 -0.2684
v -0.4432 -0.4055 -0.2698
v -0.2463 -0.2682 -0.0550
v -0.2565 -0.2239 -0.0819
v -0.2446 -0.2145 -0.0939
v -0.4119 -0.4198 -0.2517
v -0.3471 -0.4185 -0.2245
v -0.3967 -0.2741 0.0865
v -0.7752 -0.2553 0.0311
v -0.7762 -0.3303 -0.0663
v -0.5544 -0.3556 -0.2836
v -0.6067 -0.3594 -0.2726
v -0.5686 -0.3747 -0.2927
v -0.7304 -0.4116 -0.1410
v -0.6828 -0.4146 -0.1667
v -0.6538 -0.3813 -0.2414
v -0.6221 -0.3809 -0.2698
v -0.6061 -0.2370 0.1606
v -0.8221 0.1745 0.2720
v -0.8265 0.1661 0.2677
v -0.2509 -0.3017 -0.1731
v -0.2479 -0.2316 -0.0765
v -0.2199 -0.2277 -0.1279
v -0.3040 -0.3876 -0.2204
v -0.2793 -0.3468 -0.2001
v -0.2331 -0.2750 -0.0237
v -0.2278 -0.2575 -0.0453
v -0.2250 -0.2684 -0.0031
v -0.4106 -0.2570 0.0904
v -0.7586 -0.2254 0.0405
v -0.7813 -0.2873 0.0016
v -0.6880 -0.2063 0.1298
v -0.7113 -0.2122 0.1116
v -0.5255 -0.3683 -0.2874
v -0.7455 -0.4128 -0.1264
v -0.7065 -0.4400 -0.1526
v -0.6634 -0.4145 -0.2137
v -0.4429 -0.2310 0.1305
v -0.4229 -0.2624 0.1185
v -0.4607 -0.2360 0.1411
v -0.5171 -0.2731 0.1780
v -0.5791 -0.2437 0.1688
v -0.6441 -0.2395 0.1588
v -0.4774 -0.3986 -0.2869
v -0.2187 -0.2482 -0.1662
v -0.2454 -0.2140 -0.0805
v -0.2318 -0.1985 -0.1042
v -0.2459 -0.2111 -0.0848
v -0.3948 -0.4293 -0.2358
v -0.3572 -0.4328 -0.2285
v -0.3802 -0.4395 -0.2314
v -0.3050 -0.4051 -0.2290
v -0.2647 -0.3882 -0.2376
v -0.2400 -0.3329 -0.2203
v -0.2496 -0.2919 0.0292
v -0.2859 -0.3134 0.0759
v -0.7912 -0.3304 -0.0390
v -0.7067 -0.2412 0.1372
v -0.7788 -0.4061 -0.0747
v -0.7875 -0.3509 -0.0418
v -0.7948 -0.3768 -0.0409
v -0.7199 -0.4577 -0.1398
v -0.6938 -0.4637 -0.1584
v -0.6683 -0.4455 -0.1733
v -0.6676 -0.4356 -0.1801
v -0.4750 -0.2434 0.1528
v -0.4562 -0.4153 -0.2892
v -0.2344 -0.2999 -0.1962
v -0.2262 -0.2807 -0.1826
v -0.2230 -0.2422 -0.0524
v -0.2068 -0.1986 -0.1231
v -0.2082 -0.2277 -0.1583
v -0.4049 -0.4565 -0.2808
v -0.3709 -0.4551 -0.2313
v -0.3308 -0.4554 -0.2343
v -0.2895 -0.4336 -0.2409
v -0.3540 -0.3097 0.1012
v -0.3168 -0.3127 0.0835
v -0.3864 -0.2911 0.0971
v -0.2199 -0.2563 -0.0307
v -0.4008 -0.2947 0.1249
v -0.7509 -0.2571 0.0968
v -0.7956 -0.3253 0.0041
v -0.6820 -0.2542 0.1519
v -0.5928 -0.3870 -0.2870
v -0.5362 -0.3752 -0.2928
v -0.5081 -0.3946 -0.2958
v -0.7571 -0.4213 -0.1079
v -0.6492 -0.4538 -0.2063
v -0.6416 -0.4482 -0.2284
v -0.6441 -0.4233 -0.2403
v -0.6185 -0.4188 -0.2700
v -0.4463 -0.2524 0.1380
v -0.4861 -0.2634 0.1661
v -0.5504 -0.2744 0.1791
v -0.5917 -0.2609 0.1716
v -0.6318 -0.2609 0.1682
v -0.4870 -0.4049 -0.2963
v -0.4356 -0.4450 -0.2930
v -0.2327 -0.2035 -0.0710
v -0.2325 -0.1852 -0.0926
v -0.3791 -0.4518 -0.2365
v -0.2773 -0.4066 -0.2402
v -0.2522 -0.3535 -0.2273
v -0.2561 -0.3014 0.0593
v -0.2092 -0.2332 -0.0452
v -0.2252 -0.2759 0.0192
v -0.7305 -0.2415 0.1149
v -0.5678 -0.3942 -0.2971
v -0.7859 -0.3976 -0.0560
v -0.7922 -0.3588 -0.0183
v -0.6273 -0.4435 -0.2507
v -0.4883 -0.2704 0.1716
v -0.4581 -0.2704 0.1568
v -0.5825 -0.2861 0.1781
v -0.6334 -0.3152 0.1819
v -0.6459 -0.2887 0.1742
v -0.4965 -0.4182 -0.3041
v -0.2212 -0.3053 -0.2166
v -0.1875 -0.2826 -0.2325
v -0.2056 -0.2541 -0.1901
v -0.1868 -0.1756 -0.1405
v -0.1929 -0.2145 -0.1696
v -0.2182 -0.1766 -0.1028
v -0.1939 -0.2326 -0.1826
v -0.3524 -0.4774 -0.2345
v -0.2819 -0.3231 0.0964
v -0.3329 -0.3290 0.1180
v -0.2270 -0.2892 0.0415
v -0.2352 -0.2992 0.0607
v -0.2623 -0.3115 0.0807
v -0.1868 -0.2149 -0.0140
v -0.7550 -0.2802 0.0881
v -0.7715 -0.2758 0.0386
v -0.7896 -0.3081 0.0277
v -0.7974 -0.3397 0.0011
v -0.5728 -0.4111 -0.2958
v -0.5407 -0.4135 -0.3041
v -0.7779 -0.4351 -0.0775
v -0.7966 -0.3988 -0.0350
v -0.7652 -0.4434 -0.0951
v -0.6992 -0.5005 -0.1432
v -0.6691 -0.4958 -0.1613
v -0.4593 -0.2750 0.1629
v -0.5369 -0.2917 0.1882
v -0.6770 -0.2873 0.1683
v -0.4785 -0.4443 -0.3070
v -0.4571 -0.4527 -0.3062
v -0.4066 -0.4762 -0.2944
v -0.2155 -0.2241 -0.0591
v -0.2303 -0.1847 -0.0846
v -0.2230 -0.1747 -0.0938
v -0.3809 -0.4886 -0.2847
v -0.3772 -0.4727 -0.2620
v -0.3054 -0.4696 -0.2407
v -0.2511 -0.4307 -0.2498
v -0.2440 -0.4074 -0.2482
v -0.2306 -0.3546 -0.2380
v -0.2153 -0.2916 0.0592
v -0.2088 -0.2092 -0.0688
v -0.1989 -0.2052 -0.0612
v -0.1979 -0.2513 0.0225
v -0.4313 -0.2862 0.1508
v -0.7952 -0.3311 0.0379
v -0.7362 -0.2641 0.1221
v -0.5721 -0.4491 -0.2897
v -0.7860 -0.4255 -0.0379
v -0.7974 -0.3780 0.0136
v -0.7988 -0.3930 -0.0166
v -0.7528 -0.4876 -0.1016
v -0.7350 -0.4958 -0.1182
v -0.7057 -0.5454 -0.1275
v -0.6535 -0.4769 -0.1702
v -0.6468 -0.4697 -0.1806
v -0.6189 -0.4911 -0.2228
v -0.6080 -0.4834 -0.2481
v -0.5618 -0.3356 0.1998
v -0.4506 -0.4690 -0.3069
v -0.1896 -0.2477 -0.2092
v -0.1934 -0.1683 -0.1283
v -0.1721 -0.1962 -0.1929
v -0.1766 -0.2352 -0.2134
v -0.4228 -0.4900 -0.3064
v -0.3548 -0.4829 -0.2394
v -0.3281 -0.4937 -0.2351
v -0.1932 -0.3504 -0.2563
v -0.3683 -0.3227 0.1326
v -0.2836 -0.3389 0.1166
v -0.3313 -0.3457 0.1386
v -0.2405 -0.3129 0.0832
v -0.2005 -0.2965 0.0762
v -0.3907 -0.3130 0.1403
v -0.7823 -0.3099 0.0633
v -0.7215 -0.3067 0.1485
v -0.7088 -0.2702 0.1422
v -0.7996 -0.4112 -0.0011
v -0.7932 -0.3575 0.0122
v -0.7676 -0.4784 -0.0780
v -0.6696 -0.5327 -0.1512
v -0.6299 -0.4905 -0.1821
v -0.4779 -0.2907 0.2054
v -0.5205 -0.3054 0.2090
v -0.6613 -0.3120 0.1764
v -0.4935 -0.4514 -0.3098
v -0.2129 -0.1926 -0.0779
v -0.1541 -0.1178 -0.1578
v -0.1800 -0.1515 -0.1351
v -0.3428 -0.5103 -0.2654
v -0.3061 -0.5018 -0.2378
v -0.2832 -0.4837 -0.2435
v -0.2648 -0.4648 -0.2451
v -0.2260 -0.3888 -0.2487
v -0.2069 -0.3780 -0.2587
v -0.1984 -0.2634 0.0424
v -0.2459 -0.3397 0.1115
v -0.2156 -0.3147 0.0942
v -0.1803 -0.1864 -0.0443
v -0.1877 -0.2281 0.0072
v -0.7816 -0.4451 -0.0546
v -0.7440 -0.5201 -0.0998
v -0.6435 -0.5242 -0.1636
v -0.6397 -0.4908 -0.1740
v -0.4356 -0.2990 0.2034
v -0.6499 -0.3386 0.1871
v -0.5330 -0.4481 -0.3046
v -0.1881 -0.3043 -0.2439
v -0.1815 -0.2588 -0.2253
v -0.1981 -0.1312 -0.1205
v -0.2071 -0.1208 -0.1099
v -0.2165 -0.1536 -0.0943
v -0.2212 -0.1753 -0.0865
v -0.4002 -0.5150 -0.3064
v -0.3193 -0.5090 -0.2399
v -0.2568 -0.5006 -0.2493
v -0.2230 -0.4400 -0.2573
v -0.2904 -0.3804 0.1571
v -0.2384 -0.3510 0.1206
v -0.3067 -0.3619 0.1424
v -0.1927 -0.2752 0.0614
v -0.1879 -0.1734 -0.0674
v -0.1682 -0.1419 -0.0653
v -0.1618 -0.1703 -0.0129
v -0.1753 -0.2147 0.0042
v -0.1877 -0.2521 0.0364
v -0.7450 -0.2866 0.1092
v -0.7801 -0.3258 0.0791
v -0.7902 -0.3524 0.0351
v -0.6963 -0.3158 0.1627
v -0.7286 -0.2850 0.1298
v -0.7898 -0.4552 -0.0338
v -0.7902 -0.4325 -0.0136
v -0.7985 -0.4075 0.0344
v -0.7962 -0.3910 0.0442
v -0.5985 -0.5139 -0.1945
v -0.5964 -0.5087 -0.2322
v -0.4842 -0.3095 0.2241
v -0.4398 -0.3060 0.2166
v -0.5331 -0.3230 0.2131
v -0.6012 -0.3421 0.1936
v -0.5001 -0.4672 -0.3086
v -0.4440 -0.4920 -0.3095
v -0.1554 -0.3164 -0.2651
v -0.1665 -0.2609 -0.2376
v -0.1588 -0.2087 -0.2188
v -0.1696 -0.1301 -0.1311
v -0.1523 -0.1595 -0.1945
v -0.1519 -0.1829 -0.2091
v -0.3494 -0.5484 -0.3062
v -0.3435 -0.5324 -0.2947
v -0.3175 -0.5179 -0.2471
v -0.3006 -0.5167 -0.2420
v -0.2213 -0.4844 -0.2583
v -0.2163 -0.4104 -0.2607
v -0.1886 -0.3568 -0.2654
v -0.1720 -0.2678 0.0633
v -0.1943 -0.3201 0.0977
v -0.1606 -0.1824 0.0051
v -0.1706 -0.2316 0.0281
v -0.1553 -0.2585 0.0638
v -0.7611 -0.3243 0.1144
v -0.5397 -0.4586 -0.3012
v -0.7735 -0.4831 -0.0504
v -0.7512 -0.5310 -0.0829
v -0.6653 -0.5409 -0.1550
v -0.6144 -0.5099 -0.1783
v -0.5857 -0.5099 -0.2472
v -0.5036 -0.3196 0.2240
v -0.6882 -0.3591 0.1793
v -0.4767 -0.4942 -0.3066
v -0.1471 -0.2999 -0.2593
v -0.1365 -0.2373 -0.2526
v -0.1770 -0.1240 -0.1219
v -0.4046 -0.5267 -0.3076
v -0.4297 -0.5237 -0.3076
v -0.2022 -0.3851 -0.2680
v -0.2834 -0.3781 0.1503
v -0.2397 -0.3752 0.1362
v -0.3615 -0.3374 0.1893
v -0.1501 -0.1284 -0.0338
v -0.1490 -0.2063 0.0338
v -0.4053 -0.3112 0.1964
v -0.7740 -0.3336 0.0930
v -0.7781 -0.3470 0.0706
v -0.7219 -0.3434 0.1520
v -0.7928 -0.4694 -0.0119
v -0.7881 -0.4752 -0.0288
v -0.7608 -0.5209 -0.0579
v -0.7897 -0.4001 0.0734
v -0.7910 -0.4309 0.0197
v -0.7116 -0.5718 -0.1132
v -0.7102 -0.5569 -0.1216
v -0.7015 -0.5514 -0.1325
v -0.6177 -0.5227 -0.1737
v -0.5943 -0.5155 -0.2140
v -0.5710 -0.4943 -0.2719
v -0.5724 -0.5140 -0.2578
v -0.5720 -0.3740 0.2056
v -0.6459 -0.3720 0.1913
v -0.5882 -0.3937 0.2012
v -0.1481 -0.2502 -0.2494
v -0.2116 -0.1562 -0.0845
v -0.1569 -0.1072 -0.1423
v -0.1269 -0.1338 -0.2143
v -0.1399 -0.2008 -0.2395
v -0.2102 -0.1230 -0.1005
v -0.1961 -0.1112 -0.1124
v -0.2086 -0.1344 -0.0892
v -0.3144 -0.5307 -0.2686
v -0.4533 -0.5193 -0.3040
v -0.2821 -0.5183 -0.2494
v -0.2102 -0.4159 -0.2695
v -0.2210 -0.4980 -0.2629
v -0.2136 -0.4841 -0.2642
v -0.2155 -0.4392 -0.2641
v -0.1944 -0.3945 -0.3005
v -0.3382 -0.3525 0.1767
v -0.1388 -0.2669 0.0769
v -0.1609 -0.3187 0.0985
v -0.2104 -0.3659 0.1222
v -0.1791 -0.1454 -0.0779
v -0.1416 -0.1691 0.0159
v -0.1413 -0.2286 0.0555
v -0.3843 -0.3304 0.2159
v -0.7382 -0.3305 0.1413
v -0.5400 -0.4957 -0.2892
v -0.7742 -0.4986 -0.0326
v -0.7877 -0.4257 0.0431
v -0.7277 -0.5722 -0.0877
v -0.7031 -0.5562 -0.1349
v -0.6631 -0.5467 -0.1624
v -0.6397 -0.5430 -0.1743
v -0.5953 -0.5170 -0.2302
v -0.4263 -0.3237 0.2293
v -0.5336 -0.3738 0.2265
v -0.4701 -0.3463 0.2406
v -0.4998 -0.5036 -0.3002
v -0.1390 -0.2612 -0.2592
v -0.1373 -0.1529 -0.2149
v -0.1232 -0.1666 -0.2402
v -0.3696 -0.5491 -0.3088
v -0.3146 -0.5485 -0.2943
v -0.2978 -0.5269 -0.2537
v -0.2453 -0.5054 -0.2580
v -0.1599 -0.3265 -0.2716
v -0.1619 -0.3346 -0.2925
v -0.1797 -0.3660 -0.3005
v -0.2989 -0.3834 0.1926
v -0.2433 -0.4075 0.1513
v -0.1717 -0.3421 0.1126
v -0.1444 -0.1516 -0.0063
v -0.1356 -0.1809 0.0278
v -0.4045 -0.3224 0.2157
v -0.7552 -0.3371 0.1251
v -0.7561 -0.3587 0.1171
v -0.7090 -0.3658 0.1662
v -0.7922 -0.4754 0.0299
v -0.7683 -0.5399 -0.0277
v -0.7785 -0.4232 0.0737
v -0.7681 -0.3973 0.1175
v -0.7063 -0.5903 -0.1079
v -0.6097 -0.5303 -0.1817
v -0.6037 -0.5172 -0.1844
v -0.5823 -0.5189 -0.2511
v -0.6900 -0.3878 0.1772
v -0.6222 -0.3961 0.1988
v -0.1440 -0.3138 -0.2663
v -0.1479 -0.3194 -0.2719
v -0.1341 -0.3080 -0.2654
v -0.1243 -0.2781 -0.2682
v -0.1186 -0.2336 -0.2612
v -0.1267 -0.1043 -0.1990
v -0.1346 -0.0720 -0.1541
v -0.1972 -0.0987 -0.1038
v -0.1839 -0.1059 -0.1170
v -0.1945 -0.0983 -0.1086
v -0.3931 -0.5657 -0.3076
v -0.3038 -0.5345 -0.2725
v -0.4831 -0.5212 -0.2949
v -0.4963 -0.5355 -0.2838
v -0.4307 -0.5500 -0.2976
v -0.2894 -0.5269 -0.2583
v -0.2105 -0.4486 -0.2758
v -0.3269 -0.3690 0.2082
v -0.3467 -0.3526 0.2018
v -0.2409 -0.4273 0.1622
v -0.1477 -0.3321 0.1044
v -0.1608 -0.1134 -0.0698
v -0.1293 -0.1385 0.0082
v -0.1294 -0.1974 0.0389
v -0.1256 -0.2216 0.0587
v -0.7284 -0.3765 0.1572
v -0.7351 -0.3548 0.1420
v -0.7888 -0.4916 0.0201
v -0.7874 -0.4886 -0.0107
v -0.7772 -0.5087 0.0020
v -0.7383 -0.5672 -0.0625
v -0.7092 -0.5632 -0.1264
v -0.6899 -0.5588 -0.1742
v -0.5956 -0.5256 -0.2044
v -0.5588 -0.5204 -0.2630
v -0.4361 -0.3408 0.2406
v -0.4076 -0.3368 0.2330
v -0.5627 -0.4354 0.2077
v -0.1342 -0.3217 -0.2698
v -0.1261 -0.2138 -0.2549
v -0.1603 -0.1006 -0.1352
v -0.1219 -0.0826 -0.1883
v -0.1990 -0.1079 -0.0982
v -0.1779 -0.0747 -0.1252
v -0.3581 -0.5707 -0.3138
v -0.2930 -0.5317 -0.2760
v -0.2009 -0.4353 -0.3020
v -0.2033 -0.4916 -0.2855
v -0.1951 -0.3857 0.1333
v -0.2140 -0.4113 0.1474
v -0.1160 -0.2774 0.0839
v -0.1104 -0.2451 0.0702
v -0.1764 -0.3780 0.1295
v -0.1684 -0.1182 -0.0751
v -0.1258 -0.0696 -0.0368
v -0.1213 -0.0869 -0.0162
v -0.1332 -0.1119 -0.0130
v -0.1159 -0.1321 0.0210
v -0.1209 -0.1561 0.0319
v -0.3916 -0.3363 0.2278
v -0.7509 -0.5641 -0.0369
v -0.7633 -0.4111 0.1242
v -0.7549 -0.3961 0.1355
v -0.7018 -0.6186 -0.0706
v -0.6948 -0.6086 -0.1036
v -0.7108 -0.5799 -0.1211
v -0.7115 -0.5653 -0.1321
v -0.7065 -0.5590 -0.1409
v -0.7056 -0.5591 -0.1508
v -0.6645 -0.5556 -0.2038
v -0.6025 -0.5238 -0.1874
v -0.5852 -0.5255 -0.2539
v -0.5701 -0.5269 -0.2603
v -0.5095 -0.4083 0.2341
v -0.6098 -0.4253 0.2010
v -0.6877 -0.4181 0.1814
v -0.7207 -0.4113 0.1590
v -0.1415 -0.3245 -0.2759
v -0.1043 -0.2522 -0.2662
v -0.0998 -0.2791 -0.2736
v -0.1921 -0.1228 -0.0892
v -0.0930 -0.0950 -0.2409
v -0.0967 -0.1347 -0.2496
v -0.0873 -0.2031 -0.2737
v -0.3286 -0.5751 -0.3164
v -0.3176 -0.5585 -0.3048
v -0.3086 -0.5483 -0.2933
v -0.3004 -0.5465 -0.2969
v -0.2602 -0.5142 -0.2970
v -0.2050 -0.5050 -0.2915
v -0.1929 -0.4972 -0.2997
v -0.1991 -0.4737 -0.2988
v -0.1517 -0.3289 -0.2899
v -0.1608 -0.3412 -0.2993
v -0.1916 -0.4143 -0.3088
v -0.3130 -0.4018 0.2377
v -0.3317 -0.3774 0.2286
v -0.3503 -0.3631 0.2235
v -0.2284 -0.4297 0.1544
v -0.1928 -0.4242 0.1449
v -0.2552 -0.4208 0.1912
v -0.1230 -0.3321 0.0997
v -0.1339 -0.3578 0.1145
v -0.3654 -0.3567 0.2319
v -0.1210 -0.1129 0.0076
v -0.1065 -0.1611 0.0450
v -0.0984 -0.1883 0.0579
v -0.7843 -0.4740 0.0658
v -0.7877 -0.4885 0.0442
v -0.7678 -0.5494 -0.0032
v -0.7595 -0.4299 0.1134
v -0.7344 -0.5973 -0.0361
v -0.7128 -0.5605 -0.1662
v -0.6339 -0.5441 -0.2158
v -0.6132 -0.5357 -0.1883
v -0.5962 -0.5211 -0.2379
v -0.5115 -0.5423 -0.2794
v -0.4574 -0.3943 0.2474
v -0.6199 -0.4489 0.1983
v -0.1302 -0.3346 -0.2708
v -0.0857 -0.3217 -0.2723
v -0.0727 -0.2610 -0.2782
v -0.1541 -0.0710 -0.1333
v -0.0874 -0.1544 -0.2656
v -0.1059 -0.0801 -0.2076
v -0.1167 -0.0593 -0.1814
v -0.1326 -0.0533 -0.1493
v -0.1909 -0.0692 -0.1085
v -0.3041 -0.5681 -0.3132
v -0.2162 -0.5070 -0.2909
v -0.1655 -0.3606 -0.3047
v -0.2850 -0.4149 0.2294
v -0.1722 -0.4074 0.1326
v -0.0736 -0.2539 0.0827
v -0.0756 -0.2370 0.0759
v -0.1790 -0.1052 -0.0843
v -0.1680 -0.1004 -0.0831
v -0.1549 -0.0920 -0.0791
v -0.7391 -0.4012 0.1507
v -0.7745 -0.4682 0.0907
v -0.7760 -0.5109 0.0213
v -0.7672 -0.5512 0.0259
v -0.7480 -0.4103 0.1419
v -0.6901 -0.6162 -0.1127
v -0.7052 -0.6008 -0.1167
v -0.7142 -0.5644 -0.1375
v -0.7195 -0.5618 -0.1450
v -0.7419 -0.5615 -0.1485
v -0.6912 -0.5646 -0.2008
v -0.5929 -0.4403 0.2050
v -0.6065 -0.4475 0.2032
v -0.7052 -0.4188 0.1686
v -0.6824 -0.4428 0.1810
v -0.0691 -0.2954 -0.2796
v -0.0828 -0.2216 -0.2776
v -0.0766 -0.1394 -0.2670
v -0.0800 -0.1051 -0.2577
v -0.1039 -0.0572 -0.1968
v -0.1823 -0.0610 -0.1199
v -0.3103 -0.5777 -0.3172
v -0.4146 -0.5814 -0.3178
v -0.3977 -0.6001 -0.3283
v -0.3471 -0.5950 -0.3300
v -0.3032 -0.5553 -0.3048
v -0.2670 -0.5204 -0.3124
v -0.2359 -0.5137 -0.3239
v -0.1909 -0.4657 -0.3078
v -0.1521 -0.3384 -0.2964
v -0.3442 -0.3809 0.2373
v -0.1564 -0.4180 0.1329
v -0.2129 -0.4483 0.1508
v -0.2262 -0.4613 0.2149
v -0.0759 -0.2842 0.0875
v -0.0929 -0.3043 0.0956
v -0.0868 -0.2077 0.0691
v -0.1157 -0.3380 0.1058
v -0.1233 -0.3553 0.1185
v -0.3698 -0.3640 0.2406
v -0.1857 -0.0748 -0.0939
v -0.1596 -0.0815 -0.0901
v -0.1371 -0.0531 -0.0773
v -0.1123 -0.0560 -0.0306
v -0.1051 -0.0979 0.0099
v -0.0884 -0.1413 0.0430
v -0.3780 -0.3716 0.2457
v -0.7736 -0.5069 0.0451
v -0.7636 -0.5371 0.0648
v -0.7504 -0.5747 0.0070
v -0.7484 -0.4329 0.1296
v -0.6714 -0.6283 -0.1072
v -0.6923 -0.6444 -0.0430
v -0.7159 -0.5791 -0.1281
v -0.7353 -0.5617 -0.1695
v -0.7331 -0.5649 -0.1842
v -0.6642 -0.5525 -0.2121
v -0.6284 -0.5349 -0.2336
v -0.6073 -0.5410 -0.2678
v -0.5865 -0.5432 -0.2737
v -0.5023 -0.4359 0.2350
v -0.4623 -0.4217 0.2450
v -0.5684 -0.4440 0.2102
v -0.6684 -0.4759 0.1872
v -0.1396 -0.3294 -0.2760
v -0.0905 -0.3455 -0.2739
v -0.0855 -0.0766 -0.2371
v -0.0913 -0.0521 -0.2167
v -0.0864 -0.0217 -0.1993
v -0.1056 -0.0360 -0.1757
v -0.1473 -0.0290 -0.1406
v -0.0704 -0.1766 -0.2766
v -0.1847 -0.0522 -0.1124
v -0.1909 -0.0703 -0.1019
v -0.2891 -0.5935 -0.3310
v -0.4789 -0.5715 -0.3055
v -0.3169 -0.6126 -0.3468
v -0.2856 -0.5376 -0.3190
v -0.1806 -0.5031 -0.3069
v -0.1567 -0.4633 -0.3107
v -0.1923 -0.4742 0.1496
v -0.2170 -0.4517 0.1549
v -0.1563 -0.4419 0.1437
v -0.0605 -0.2766 0.0874
v -0.1480 -0.3927 0.1276
v -0.4004 -0.3763 0.2492
v -0.7260 -0.4498 0.1604
v -0.7320 -0.4242 0.1497
v -0.7715 -0.4819 0.0909
v -0.7321 -0.6090 -0.0169
v -0.7140 -0.6198 -0.0397
v -0.6737 -0.6408 -0.0704
v -0.6595 -0.6373 -0.1065
v -0.7160 -0.5976 -0.1251
v -0.7230 -0.5713 -0.1356
v -0.7493 -0.5669 -0.1429
v -0.7252 -0.5645 -0.1939
v -0.6488 -0.5404 -0.2267
v -0.6325 -0.5400 -0.2484
v -0.6227 -0.5534 -0.2852
v -0.5671 -0.5508 -0.2801
v -0.5895 -0.4478 0.2109
v -0.7008 -0.4431 0.1693
v -0.6225 -0.4786 0.2022
v -0.6144 -0.4608 0.2043
v -0.1426 -0.3651 -0.2767
v -0.0714 -0.3362 -0.2706
v -0.0665 -0.2340 -0.2814
v -0.0755 -0.0475 -0.2348
v -0.1039 -0.0067 -0.1618
v -0.1280 -0.0253 -0.1440
v -0.1541 -0.0148 -0.1325
v -0.1684 -0.0451 -0.1220
v -0.2918 -0.5781 -0.3244
v -0.4521 -0.5891 -0.3166
v -0.4425 -0.6075 -0.3239
v -0.2899 -0.5590 -0.3257
v -0.2019 -0.5134 -0.3028
v -0.1850 -0.5147 -0.3068
v -0.1588 -0.3704 -0.3021
v -0.1943 -0.4829 0.1563
v -0.2820 -0.4389 0.2450
v -0.2344 -0.4610 0.2256
v -0.0880 -0.3062 0.1002
v -0.0658 -0.2857 0.0941
v -0.1400 -0.3886 0.1306
v -0.1435 -0.0459 -0.0861
v -0.1172 -0.0107 -0.0855
v -0.0853 -0.0785 0.0211
v -0.0766 -0.1155 0.0399
v -0.0741 -0.1684 0.0549
v -0.0650 -0.2021 0.0701
v -0.7555 -0.4717 0.1229
v -0.7501 -0.5711 0.0308
v -0.7373 -0.4672 0.1489
v -0.7379 -0.6007 0.0089
v -0.6481 -0.6555 -0.0748
v -0.6954 -0.6221 -0.1226
v -0.7523 -0.5667 -0.1626
v -0.7435 -0.5678 -0.1889
v -0.6456 -0.5388 -0.2400
v -0.6366 -0.5477 -0.2685
v -0.5909 -0.5596 -0.2855
v -0.5308 -0.4472 0.2231
v -0.4794 -0.4339 0.2435
v -0.5423 -0.4557 0.2253
v -0.6084 -0.4595 0.2116
v -0.1293 -0.3732 -0.2674
v -0.0947 -0.3951 -0.2649
v -0.0505 -0.2788 -0.2771
v -0.0297 -0.1436 -0.2821
v -0.0646 -0.1060 -0.2653
v -0.0627 -0.0225 -0.2342
v -0.1706 -0.0401 -0.1172
v -0.2791 -0.5837 -0.3299
v -0.3445 -0.6170 -0.3373
v -0.2800 -0.5425 -0.3256
v -0.2142 -0.5202 -0.3321
v -0.3005 -0.4239 0.2437
v -0.3224 -0.4070 0.2454
v -0.3354 -0.4146 0.2504
v -0.0373 -0.2501 0.0799
v -0.0307 -0.2615 0.0806
v -0.0488 -0.2851 0.0894
v -0.0576 -0.2838 0.0931
v -0.1025 -0.3359 0.1288
v -0.1695 -0.0529 -0.1022
v -0.0972 -0.0252 -0.0329
v -0.0881 -0.0357 -0.0097
v -0.0815 -0.0558 0.0085
v -0.0637 -0.1266 0.0509
v -0.3761 -0.3946 0.2497
v -0.7526 -0.4890 0.1246
v -0.7615 -0.5018 0.0858
v -0.7560 -0.5512 0.0712
v -0.7277 -0.6162 0.0026
v -0.7097 -0.6294 -0.0130
v -0.6741 -0.6282 -0.1167
v -0.6546 -0.6353 -0.1218
v -0.6821 -0.6292 -0.1233
v -0.7115 -0.6111 -0.1243
v -0.6770 -0.6598 -0.0273
v -0.6602 -0.6596 -0.0492
v -0.7267 -0.5804 -0.1317
v -0.7440 -0.5839 -0.1330
v -0.7584 -0.5719 -0.1557
v -0.7535 -0.5752 -0.1858
v -0.7451 -0.5622 -0.1995
v -0.6694 -0.5412 -0.2212
v -0.5812 -0.5706 -0.2866
v -0.4595 -0.4333 0.2478
v -0.5858 -0.4608 0.2353
v -0.4034 -0.4144 0.2514
v -0.4086 -0.4376 0.2521
v -0.7060 -0.4752 0.1656
v -0.7047 -0.5148 0.1642
v -0.0779 -0.3756 -0.2683
v -0.0524 -0.3452 -0.2658
v -0.0465 -0.3054 -0.2744
v -0.0162 -0.2431 -0.2850
v -0.0473 -0.0783 -0.2665
v -0.0483 -0.0963 -0.2724
v -0.0960 0.0173 -0.1587
v -0.1124 0.0000 -0.1528
v -0.1402 -0.0009 -0.1299
v -0.1602 -0.0094 -0.1197
v -0.1718 -0.0409 -0.1107
v -0.2660 -0.6055 -0.3450
v -0.4173 -0.6229 -0.3302
v -0.3910 -0.6322 -0.3369
v -0.4826 -0.5862 -0.3129
v -0.2769 -0.5639 -0.3320
v -0.2553 -0.5236 -0.3263
v -0.2310 -0.5190 -0.3315
v -0.1854 -0.5279 -0.3151
v -0.1746 -0.5240 -0.3102
v -0.1497 -0.5311 -0.3069
v -0.3051 -0.4381 0.2512
v -0.1918 -0.4884 0.1860
v -0.1510 -0.4546 0.1442
v -0.1621 -0.4967 0.1418
v -0.2660 -0.4633 0.2478
v -0.0837 -0.3138 0.1206
v -0.0671 -0.2923 0.1075
v -0.1233 -0.3970 0.1602
v -0.1488 -0.4364 0.1442
v -0.1537 -0.0370 -0.0944
v -0.0978 0.0003 -0.0544
v -0.0701 -0.0769 0.0309
v -0.0577 -0.0940 0.0422
v -0.0463 -0.1306 0.0573
v -0.0378 -0.1601 0.0642
v -0.0374 -0.1850 0.0709
v -0.7496 -0.5355 0.1000
v -0.7435 -0.5540 0.0996
v -0.7358 -0.5717 0.0788
v -0.7325 -0.5961 0.0568
v -0.7253 -0.6135 0.0392
v -0.6865 -0.6549 0.0021
v -0.6380 -0.6414 -0.1170
v -0.6318 -0.6794 -0.0488
v -0.7329 -0.6093 -0.1292
v -0.7112 -0.5465 -0.2218
v -0.6738 -0.5391 -0.2305
v -0.6614 -0.5577 -0.2958
v -0.6756 -0.5556 -0.2600
v -0.6601 -0.5535 -0.2794
v -0.4926 -0.4417 0.2440
v -0.5265 -0.4547 0.2318
v -0.4661 -0.4389 0.2535
v -0.5448 -0.4705 0.2472
v -0.6015 -0.4659 0.2338
v -0.7149 -0.4971 0.1573
v -0.6568 -0.5284 0.1847
v -0.6186 -0.4899 0.2049
v -0.6152 -0.4739 0.2098
v -0.1161 -0.4184 -0.2678
v -0.0481 -0.3751 -0.2641
v -0.0158 -0.2827 -0.2771
v -0.0337 -0.1623 -0.2842
v -0.0571 -0.0355 -0.2511
v -0.0648 0.0009 -0.2203
v -0.0757 0.0098 -0.1909
v -0.0273 -0.2069 -0.2844
v -0.0249 -0.1844 -0.2860
v -0.1844 -0.0554 -0.1042
v -0.3466 -0.6582 -0.3441
v -0.4834 -0.5982 -0.3147
v -0.3880 -0.6502 -0.3367
v -0.2996 -0.6376 -0.3535
v -0.1991 -0.5297 -0.3370
v -0.2514 -0.5289 -0.3308
v -0.3679 -0.4171 0.2538
v -0.1513 -0.4854 0.1420
v -0.2839 -0.4641 0.2502
v -0.2365 -0.4744 0.2385
v -0.0104 -0.2234 0.0730
v -0.0186 -0.1958 0.0728
v 0.0035 -0.2541 0.0750
v -0.0579 -0.2917 0.1030
v -0.1324 -0.0231 -0.0964
v -0.1099 -0.0017 -0.0807
v -0.0748 -0.0118 -0.0196
v -0.0667 -0.0324 0.0056
v -0.7300 -0.4743 0.1559
v -0.7369 -0.4886 0.1463
v -0.7079 -0.6312 0.0147
v -0.6085 -0.6827 -0.0599
v -0.6672 -0.6358 -0.1287
v -0.5853 -0.6744 -0.1102
v -0.6263 -0.6366 -0.1360
v -0.7126 -0.6418 -0.1390
v -0.7269 -0.6249 -0.1318
v -0.6530 -0.6714 -0.0188
v -0.7563 -0.5788 -0.1412
v -0.7632 -0.5988 -0.1858
v -0.7661 -0.5899 -0.1630
v -0.7583 -0.5749 -0.1935
v -0.7557 -0.5685 -0.1956
v -0.7641 -0.5528 -0.2041
v -0.6826 -0.5400 -0.2407
v -0.6474 -0.5795 -0.3137
v -0.5953 -0.5736 -0.2897
v -0.3992 -0.4459 0.2584
v -0.6812 -0.5314 0.1693
v -0.6154 -0.5379 0.1998
v -0.0880 -0.4254 -0.2605
v -0.0293 -0.3619 -0.2611
v -0.0166 -0.3239 -0.2710
v -0.0303 -0.1084 -0.2823
v -0.0301 -0.0781 -0.2754
v -0.0450 -0.0392 -0.2625
v -0.0446 -0.0174 -0.2526
v -0.0478 0.0066 -0.2401
v -0.1227 0.0480 -0.1468
v -0.2539 -0.5817 -0.3329
v -0.2361 -0.5954 -0.3454
v -0.2811 -0.6329 -0.3564
v -0.3267 -0.6382 -0.3429
v -0.4748 -0.6159 -0.3164
v -0.2128 -0.5281 -0.3388
v -0.1472 -0.4301 -0.2983
v -0.3179 -0.4462 0.2542
v -0.3564 -0.4353 0.2536
v -0.1741 -0.5081 0.1967
v -0.2084 -0.4955 0.2316
v -0.1754 -0.4954 0.1479
v 0.0031 -0.2885 0.0739
v -0.0188 -0.2904 0.0790
v -0.0500 -0.3116 0.0933
v -0.1584 -0.0145 -0.1073
v -0.1420 -0.0047 -0.1126
v -0.0791 0.0106 -0.0367
v -0.0525 -0.0649 0.0315
v -0.0378 -0.0934 0.0447
v -0.0277 -0.1206 0.0562
v -0.3773 -0.4428 0.2516
v -0.7395 -0.5111 0.1236
v -0.7272 -0.5519 0.1282
v -0.6719 -0.6656 0.0097
v -0.6821 -0.6441 -0.1416
v -0.6485 -0.6369 -0.1324
v -0.5906 -0.6798 -0.0872
v -0.6162 -0.6406 -0.1321
v -0.6278 -0.6867 -0.0295
v -0.7509 -0.6156 -0.1374
v -0.7465 -0.6343 -0.1426
v -0.7629 -0.5975 -0.1436
v -0.7663 -0.5900 -0.1541
v -0.7621 -0.5460 -0.2101
v -0.6616 -0.5735 -0.3138
v -0.6877 -0.5622 -0.2665
v -0.7037 -0.5646 -0.2779
v -0.7011 -0.5656 -0.3061
v -0.5766 -0.5848 -0.2863
v -0.4693 -0.4488 0.2756
v -0.5037 -0.4554 0.2635
v -0.5316 -0.4672 0.2504
v -0.5831 -0.4714 0.2462
v -0.6112 -0.4801 0.2317
v -0.6150 -0.4864 0.2124
v -0.0458 -0.4145 -0.2512
v -0.1259 -0.4141 -0.2738
v 0.0219 -0.2223 -0.2816
v 0.0096 -0.1636 -0.2882
v -0.0486 0.0384 -0.2180
v -0.0706 0.0436 -0.1781
v -0.0821 0.0444 -0.1651
v -0.1357 0.0311 -0.1293
v -0.1454 -0.0006 -0.1206
v -0.4118 -0.6662 -0.3232
v -0.3221 -0.6671 -0.3553
v -0.2443 -0.5595 -0.3290
v -0.1785 -0.5384 -0.3182
v -0.1630 -0.5556 -0.3125
v -0.1401 -0.5144 -0.3042
v -0.1701 -0.5046 0.1538
v -0.1701 -0.5231 0.2198
v -0.3289 -0.4635 0.2548
v -0.2528 -0.4922 0.2483
v -0.2723 -0.4773 0.2524
v -0.1198 -0.4251 0.1741
v -0.1399 0.0059 -0.1176
v -0.1195 0.0091 -0.0998
v -0.1090 0.0164 -0.0993
v -0.0934 0.0323 -0.0979
v -0.0853 0.0319 -0.0683
v -0.0536 0.0333 -0.0159
v -0.0447 0.0141 0.0029
v -0.0448 -0.0750 0.0386
v -0.0035 -0.0869 0.0520
v -0.0119 -0.1482 0.0608
v -0.0059 -0.1749 0.0677
v -0.7259 -0.5085 0.1438
v -0.7198 -0.5975 0.0876
v -0.5827 -0.6915 -0.0653
v -0.5638 -0.6707 -0.1270
v -0.6013 -0.6354 -0.1423
v -0.6316 -0.6355 -0.1436
v -0.7602 -0.6289 -0.1417
v -0.7665 -0.6113 -0.1432
v -0.7673 -0.5970 -0.1760
v -0.7686 -0.6137 -0.1943
v -0.7852 -0.6063 -0.1591
v -0.7712 -0.5699 -0.2010
v -0.7584 -0.5430 -0.2208
v -0.7179 -0.5461 -0.2378
v -0.6931 -0.5445 -0.2469
v -0.6361 -0.5884 -0.3099
v -0.5945 -0.5904 -0.2852
v -0.5857 -0.5899 -0.2836
v -0.7103 -0.5689 -0.2612
v -0.5488 -0.4809 0.2557
v -0.5908 -0.4866 0.2505
v -0.5964 -0.4743 0.2429
v -0.6895 -0.5536 0.1586
v -0.6096 -0.5319 0.2060
v -0.6164 -0.5814 0.1889
v -0.7153 -0.5397 0.1496
v 0.0156 -0.2934 -0.2651
v 0.0063 -0.2534 -0.2789
v 0.0253 -0.1435 -0.2888
v -0.0067 -0.1070 -0.2870
v -0.0307 -0.0485 -0.2721
v -0.0154 0.0238 -0.2599
v -0.0335 -0.0135 -0.2577
v -0.1010 0.0343 -0.1518
v -0.1289 0.0517 -0.1399
v -0.1404 0.0060 -0.1245
v -0.2407 -0.6136 -0.3509
v -0.2481 -0.6662 -0.3592
v -0.3622 -0.6799 -0.3364
v -0.5102 -0.6153 -0.3023
v -0.4858 -0.6340 -0.3064
v -0.2861 -0.6706 -0.3600
v -0.2335 -0.5430 -0.3346
v -0.1883 -0.5408 -0.3364
v -0.1594 -0.5698 -0.3110
v -0.1394 -0.5393 -0.3019
v -0.1249 -0.4689 -0.2873
v -0.3565 -0.4573 0.2568
v -0.1677 -0.5074 0.1764
v -0.1629 -0.5150 0.1939
v -0.1289 -0.4552 0.1694
v -0.1462 -0.4962 0.1458
v -0.1295 -0.4818 0.1635
v -0.2890 -0.4966 0.2534
v -0.2210 -0.5064 0.2428
v -0.0688 -0.3064 0.1151
v 0.0230 -0.2899 0.0671
v 0.0079 -0.3068 0.0757
v -0.0166 -0.3220 0.0841
v -0.0262 -0.3611 0.0935
v 0.0269 -0.2381 0.0640
v 0.0248 -0.2654 0.0675
v 0.0170 -0.2127 0.0633
v -0.0589 -0.3525 0.1014
v -0.0708 -0.3405 0.1225
v -0.1007 -0.3661 0.1454
v -0.1143 -0.4149 0.1734
v -0.1277 0.0568 -0.1245
v 0.0048 -0.1124 0.0591
v -0.7209 -0.5728 0.1089
v -0.6999 -0.6235 0.0693
v -0.7072 -0.6099 0.0932
v -0.6855 -0.6437 0.0586
v -0.6494 -0.6736 0.0246
v -0.6719 -0.6460 -0.1591
v -0.5888 -0.6924 -0.0251
v -0.7462 -0.6420 -0.1493
v -0.7130 -0.6483 -0.1529
v -0.6076 -0.6924 -0.0189
v -0.7757 -0.6027 -0.1486
v -0.7482 -0.5431 -0.2316
v -0.6910 -0.5844 -0.3230
v -0.5715 -0.5994 -0.2803
v -0.4417 -0.4453 0.2734
v -0.4447 -0.4509 0.2935
v -0.4849 -0.4644 0.2852
v -0.5522 -0.4978 0.2652
v -0.5594 -0.4973 0.2607
v -0.6043 -0.4838 0.2411
v -0.6113 -0.5037 0.2243
v -0.6036 -0.5471 0.2076
v -0.6070 -0.5574 0.1985
v -0.6104 -0.5208 0.2143
v -0.1130 -0.4521 -0.2674
v -0.1048 -0.4505 -0.2604
v -0.0537 -0.4383 -0.2470
v -0.0008 -0.3717 -0.2489
v 0.0332 -0.2594 -0.2735
v 0.0299 -0.1817 -0.2882
v 0.0176 -0.0791 -0.2893
v 0.0071 -0.0198 -0.2802
v -0.1075 0.0735 -0.1438
v -0.2182 -0.6136 -0.3501
v -0.2110 -0.5856 -0.3461
v -0.1882 -0.5594 -0.3469
v -0.2256 -0.5613 -0.3387
v -0.1709 -0.5634 -0.3221
v -0.1561 -0.5127 0.1838
v -0.1844 -0.5333 0.2373
v -0.1148 -0.4887 0.1812
v -0.3012 -0.4950 0.2587
v -0.2409 -0.5241 0.2501
v 0.0394 -0.2539 0.0573
v -0.1086 -0.4418 0.1834
v -0.1231 0.0349 -0.1133
v -0.1017 0.0356 -0.1125
v -0.0777 0.0478 -0.0796
v -0.0628 0.0525 -0.0581
v -0.0366 -0.0012 0.0196
v -0.0313 -0.0343 0.0312
v -0.0202 -0.0529 0.0432
v 0.0251 -0.1390 0.0612
v -0.7025 -0.5687 0.1392
v -0.6996 -0.5972 0.1245
v -0.6606 -0.6592 0.0739
v -0.5519 -0.6825 -0.1162
v -0.5506 -0.6877 -0.0888
v -0.5414 -0.6970 -0.0725
v -0.5738 -0.6509 -0.1381
v -0.5798 -0.6170 -0.1735
v -0.7127 -0.6491 -0.1772
v -0.6287 -0.6846 0.0371
v -0.6100 -0.6923 0.0222
v -0.8008 -0.6426 -0.1449
v -0.7795 -0.6416 -0.1446
v -0.7788 -0.6164 -0.1745
v -0.7708 -0.6266 -0.1860
v -0.7750 -0.6322 -0.1994
v -0.7702 -0.6045 -0.1997
v -0.7822 -0.5948 -0.2090
v -0.7765 -0.5642 -0.2079
v -0.7747 -0.5525 -0.2145
v -0.6526 -0.6024 -0.3128
v -0.7122 -0.5705 -0.2692
v -0.5870 -0.6011 -0.2750
v -0.4596 -0.4604 0.3030
v -0.5318 -0.4860 0.2656
v -0.6092 -0.5054 0.2313
v -0.6745 -0.5817 0.1590
v -0.6459 -0.5901 0.1702
v -0.6107 -0.5431 0.2280
v -0.0928 -0.4739 -0.2468
v -0.0274 -0.4254 -0.2383
v 0.0137 -0.3216 -0.2604
v 0.0212 -0.1127 -0.2924
v 0.0149 -0.0455 -0.2878
v -0.0173 0.0621 -0.2412
v -0.0697 0.0665 -0.1693
v -0.1203 0.0678 -0.1421
v -0.3770 -0.6865 -0.3226
v -0.3456 -0.6937 -0.3381
v -0.3301 -0.6846 -0.3489
v -0.5141 -0.6279 -0.2922
v -0.4778 -0.6500 -0.2985
v -0.4207 -0.6739 -0.3094
v -0.2658 -0.6787 -0.3588
v -0.1900 -0.5889 -0.3524
v -0.1818 -0.5631 -0.3434
v -0.1690 -0.5796 -0.3212
v -0.1588 -0.5981 -0.3030
v -0.1562 -0.5068 0.1523
v -0.1448 -0.5110 0.1830
v -0.1554 -0.5260 0.2089
v -0.1104 -0.4818 0.1819
v -0.2258 -0.5362 0.2512
v 0.0194 -0.3555 0.0628
v 0.0466 -0.2049 0.0569
v -0.0691 0.0750 -0.0956
v 0.0194 -0.1652 0.0653
v -0.6841 -0.6251 0.1002
v -0.6921 -0.6095 0.1208
v -0.6052 -0.6228 -0.1700
v -0.5576 -0.6990 -0.0368
v -0.5534 -0.6412 -0.1613
v -0.7476 -0.6464 -0.1595
v -0.7365 -0.6506 -0.1856
v -0.7698 -0.6450 -0.1504
v -0.7706 -0.6282 -0.1938
v -0.7964 -0.6218 -0.1622
v -0.7922 -0.5857 -0.2232
v -0.7692 -0.5458 -0.2188
v -0.7698 -0.5462 -0.2326
v -0.6779 -0.6007 -0.3256
v -0.6286 -0.6124 -0.2850
v -0.7262 -0.5659 -0.3152
v -0.5727 -0.6093 -0.2678
v -0.4776 -0.4693 0.3008
v -0.5065 -0.4831 0.2847
v -0.5686 -0.5080 0.2591
v -0.6093 -0.5352 0.2376
v -0.3701 -0.4560 0.2650
v -0.3953 -0.4489 0.3080
v -0.5938 -0.5831 0.2041
v -0.0622 -0.4760 -0.2342
v -0.0399 -0.4534 -0.2333
v 0.0360 -0.3021 -0.2536
v 0.0691 -0.2430 -0.2563
v 0.0515 -0.2162 -0.2741
v 0.0684 -0.1825 -0.2796
v -0.0460 0.0634 -0.2009
v -0.0309 0.0762 -0.2093
v 0.0005 0.0051 -0.2739
v -0.0042 0.0573 -0.2571
v -0.0859 0.0966 -0.1575
v -0.1291 0.0618 -0.1317
v -0.2016 -0.6249 -0.3546
v -0.2398 -0.6723 -0.3568
v -0.3554 -0.6979 -0.3269
v -0.5196 -0.6333 -0.2806
v -0.4568 -0.6655 -0.2907
v -0.2932 -0.6880 -0.3541
v -0.1814 -0.5817 -0.3478
v -0.1310 -0.5536 -0.2858
v -0.1201 -0.5060 -0.2799
v -0.1106 -0.4726 -0.2632
v -0.1442 -0.5055 0.1577
v -0.1472 -0.5237 0.2048
v -0.1823 -0.5483 0.2407
v -0.3463 -0.4666 0.2615
v 0.0602 -0.2864 0.0353
v 0.0286 -0.3231 0.0636
v 0.0523 -0.2273 0.0542
v 0.0637 -0.2347 0.0457
v -0.0710 -0.3728 0.1324
v -0.0977 -0.4820 0.1903
v -0.0791 0.0756 -0.1068
v -0.0448 0.0712 -0.0469
v -0.0475 0.0781 -0.0658
v -0.0340 0.0477 -0.0084
v -0.0267 0.0230 0.0085
v -0.0197 -0.0092 0.0301
v -0.0159 -0.0358 0.0378
v 0.0121 -0.0544 0.0454
v 0.0250 -0.0767 0.0483
v 0.0440 -0.1757 0.0589
v -0.6424 -0.6680 0.0723
v -0.5618 -0.6981 0.0203
v -0.5245 -0.6702 -0.1486
v -0.7351 -0.6514 -0.2270
v -0.8037 -0.6313 -0.1513
v -0.8008 -0.6488 -0.1459
v -0.7874 -0.6355 -0.1740
v -0.7763 -0.6331 -0.1786
v -0.7898 -0.6332 -0.2066
v -0.8122 -0.6242 -0.2171
v -0.7823 -0.5576 -0.2258
v -0.7653 -0.5483 -0.2406
v -0.7270 -0.5863 -0.3382
v -0.7420 -0.5684 -0.2896
v -0.7453 -0.5670 -0.3068
v -0.5899 -0.6086 -0.2646
v -0.4113 -0.4538 0.3299
v -0.4493 -0.4668 0.3406
v -0.4621 -0.4676 0.3294
v -0.4955 -0.4841 0.3052
v -0.5546 -0.5029 0.2710
v -0.6012 -0.5076 0.2413
v -0.3712 -0.4554 0.2985
v -0.6748 -0.5986 0.1500
v -0.6097 -0.6029 0.1797
v -0.0749 -0.5067 -0.2284
v 0.0204 -0.3837 -0.2253
v 0.0707 -0.2183 -0.2649
v -0.0564 0.0932 -0.1682
v 0.0055 0.0426 -0.2663
v -0.1054 0.0850 -0.1386
v -0.1982 -0.6350 -0.3534
v -0.4034 -0.6856 -0.2997
v -0.3326 -0.6994 -0.3374
v -0.2624 -0.6929 -0.3486
v -0.1729 -0.5993 -0.3245
v -0.1404 -0.5802 -0.2834
v -0.1436 -0.5391 0.2197
v -0.1536 -0.5413 0.2243
v -0.1087 -0.4898 0.1927
v 0.0078 -0.3748 0.0729
v -0.0395 -0.4018 0.0994
v -0.0737 -0.4116 0.1546
v -0.0777 -0.4415 0.1794
v -0.0861 -0.4776 0.1918
v -0.1130 0.0735 -0.1308
v -0.1063 0.0808 -0.1307
v -0.0038 0.0088 0.0275
v 0.0316 -0.1050 0.0555
v -0.6489 -0.6568 0.1036
v -0.6263 -0.6685 0.0958
v -0.6536 -0.6346 -0.2295
v -0.5084 -0.6963 -0.0995
v -0.5257 -0.6840 -0.1269
v -0.5322 -0.6300 -0.1754
v -0.5655 -0.6056 -0.1930
v -0.7547 -0.6463 -0.1729
v -0.8114 -0.6087 -0.2221
v -0.7496 -0.5729 -0.2663
v -0.7017 -0.6196 -0.3429
v -0.6691 -0.6086 -0.3203
v -0.6547 -0.6216 -0.2938
v -0.6187 -0.6141 -0.2700
v -0.7418 -0.5729 -0.2734
v -0.5616 -0.6175 -0.2566
v -0.4779 -0.4738 0.3286
v -0.5225 -0.4898 0.2850
v -0.5357 -0.4968 0.3207
v -0.5744 -0.5204 0.2647
v -0.5829 -0.5226 0.2515
v -0.5902 -0.5808 0.2145
v -0.5815 -0.6064 0.1961
v -0.6213 -0.6242 0.1615
v -0.1043 -0.4877 -0.2505
v -0.1012 -0.5169 -0.2359
v 0.0138 -0.4287 -0.2063
v -0.0413 -0.5119 -0.1956
v 0.0497 -0.3194 -0.2310
v 0.0788 -0.1914 -0.2721
v 0.0776 -0.1475 -0.2821
v 0.0700 -0.1181 -0.2910
v 0.0456 -0.0538 -0.2914
v -0.0094 0.1044 -0.2236
v 0.0237 0.0044 -0.2807
v 0.0206 0.0283 -0.2735
v -0.0884 0.1236 -0.1484
v -0.0968 0.1168 -0.1400
v -0.1114 0.0777 -0.1371
v -0.1208 0.0714 -0.1352
v -0.2173 -0.6679 -0.3481
v -0.2322 -0.6831 -0.3436
v -0.3497 -0.7026 -0.3186
v -0.3850 -0.6943 -0.2923
v -0.4358 -0.6737 -0.2738
v -0.2724 -0.7016 -0.3404
v -0.1850 -0.6082 -0.3492
v -0.1239 -0.5486 -0.2709
v -0.1132 -0.5095 -0.2542
v -0.1398 -0.5155 0.2003
v -0.1532 -0.5658 0.2360
v -0.1630 -0.5727 0.2457
v -0.2988 -0.4991 0.2798
v 0.0627 -0.2042 0.0465
v 0.0661 -0.1726 0.0470
v -0.0973 0.1045 -0.1284
v -0.0040 0.0841 -0.0066
v -0.0145 0.0620 0.0023
v -0.0003 0.0540 0.0146
v 0.0081 -0.0215 0.0360
v 0.0599 -0.0743 0.0485
v 0.0429 -0.1283 0.0533
v -0.6673 -0.6249 0.1226
v -0.6112 -0.6819 0.0858
v -0.5861 -0.6089 -0.2014
v -0.5048 -0.6911 -0.1264
v -0.5038 -0.7003 -0.0754
v -0.5545 -0.6103 -0.1805
v -0.7676 -0.6444 -0.1675
v -0.7438 -0.6499 -0.2057
v -0.7554 -0.6438 -0.1891
v -0.7161 -0.6470 -0.2655
v -0.5858 -0.6898 0.0413
v -0.5935 -0.6873 0.0845
v -0.7955 -0.6513 -0.1498
v -0.8081 -0.6453 -0.1490
v -0.7800 -0.6470 -0.1565
v -0.7937 -0.6374 -0.1727
v -0.7727 -0.6379 -0.1781
v -0.7660 -0.6361 -0.1879
v -0.7690 -0.6315 -0.1919
v -0.7710 -0.6371 -0.2001
v -0.8071 -0.6377 -0.2140
v -0.7853 -0.5661 -0.2388
v -0.7763 -0.5530 -0.2389
v -0.7374 -0.5765 -0.3288
v -0.7261 -0.6085 -0.3444
v -0.6692 -0.6211 -0.3109
v -0.7476 -0.5697 -0.3178
v -0.5740 -0.6134 -0.2510
v -0.5971 -0.5366 0.2465
v -0.6546 -0.6137 0.1476
v -0.0220 -0.4911 -0.1958
v 0.0802 -0.2974 -0.2146
v 0.0726 -0.0825 -0.2917
v -0.0317 0.1074 -0.1852
v 0.0367 -0.0260 -0.2853
v 0.0299 0.0836 -0.2673
v -0.0432 0.1141 -0.1731
v -0.0664 0.1026 -0.1584
v -0.2062 -0.6669 -0.3387
v -0.2440 -0.6992 -0.3310
v -0.5064 -0.6424 -0.2561
v -0.1912 -0.6311 -0.3484
v -0.1645 -0.6161 -0.2986
v -0.1793 -0.6446 -0.2966
v -0.1376 -0.5767 -0.2597
v -0.1148 -0.4981 0.2112
v -0.1333 -0.5252 0.2173
v -0.2346 -0.5412 0.2759
v 0.0787 -0.3186 0.0041
v 0.0155 -0.3904 0.0617
v -0.0516 -0.4078 0.1091
v 0.0731 -0.2451 0.0338
v 0.0890 -0.2033 0.0225
v -0.0653 -0.4272 0.1540
v -0.0704 -0.4821 0.1901
v -0.0877 0.1019 -0.1212
v -0.0597 0.0988 -0.1123
v -0.0299 0.1028 -0.0627
v -0.0078 0.1057 -0.0270
v 0.0332 -0.0143 0.0390
v 0.0402 -0.0428 0.0467
v 0.0568 -0.0986 0.0515
v -0.5282 -0.6985 0.0189
v -0.5270 -0.6998 0.0634
v -0.5243 -0.6977 -0.0200
v -0.5048 -0.6661 -0.1587
v -0.5366 -0.6973 0.0781
v -0.8082 -0.6452 -0.1599
v -0.7791 -0.6412 -0.1714
v -0.7643 -0.6397 -0.1968
v -0.7923 -0.5872 -0.2324
v -0.8291 -0.6492 -0.2219
v -0.8290 -0.6397 -0.2248
v -0.7728 -0.5644 -0.2543
v -0.7699 -0.5785 -0.2659
v -0.7609 -0.5817 -0.2762
v -0.7441 -0.5869 -0.3351
v -0.7404 -0.6015 -0.3415
v -0.6915 -0.6270 -0.3346
v -0.6960 -0.6376 -0.3319
v -0.6778 -0.6343 -0.3028
v -0.6725 -0.6343 -0.2845
v -0.5906 -0.6117 -0.2494
v -0.7508 -0.5763 -0.2808
v -0.7518 -0.5708 -0.3040
v -0.4311 -0.4691 0.3495
v -0.4446 -0.4710 0.3540
v -0.4791 -0.4751 0.3801
v -0.5150 -0.4960 0.3588
v -0.5110 -0.4929 0.3403
v -0.5674 -0.5149 0.3067
v -0.5914 -0.5467 0.2612
v -0.5927 -0.5446 0.2531
v -0.3701 -0.4617 0.3266
v -0.5961 -0.5882 0.2382
v -0.6024 -0.5656 0.2406
v -0.5691 -0.6339 0.1765
v -0.5982 -0.6404 0.1572
v -0.6306 -0.6527 0.1274
v -0.5731 -0.6123 0.2002
v -0.0834 -0.5446 -0.2093
v 0.0015 -0.4814 -0.1770
v 0.0422 -0.3842 -0.2094
v 0.0563 -0.3555 -0.2078
v 0.0681 -0.3249 -0.2156
v 0.1009 -0.2630 -0.2108
v 0.1118 -0.2286 -0.2139
v 0.0915 -0.1991 -0.2576
v 0.0679 -0.0500 -0.2944
v 0.0559 0.0063 -0.2924
v 0.0548 0.0337 -0.2878
v 0.0265 0.0676 -0.2728
v 0.0099 0.1049 -0.2414
v -0.0711 0.1314 -0.1498
v -0.2176 -0.6817 -0.3320
v -0.3523 -0.7023 -0.2864
v -0.3746 -0.6917 -0.2522
v -0.5596 -0.6157 -0.2276
v -0.1291 -0.5434 0.2274
v -0.1291 -0.5662 0.2324
v -0.1343 -0.5874 0.2453
v -0.0883 -0.4845 0.1976
v -0.3071 -0.5046 0.3013
v 0.0832 -0.2679 0.0099
v 0.0367 -0.3705 0.0406
v -0.0019 -0.4073 0.0730
v -0.0148 -0.4293 0.0822
v -0.0540 -0.4156 0.1151
v -0.0625 -0.4654 0.1786
v -0.0357 0.1283 -0.1047
v 0.0232 0.0096 0.0343
v 0.0636 -0.0348 0.0435
v 0.0748 -0.1011 0.0461
v 0.0806 -0.1230 0.0409
v -0.5872 -0.6680 0.1320
v -0.6064 -0.6578 0.1314
v -0.6070 -0.6155 -0.2334
v -0.5091 -0.6973 -0.0437
v -0.4820 -0.6977 -0.0676
v -0.4805 -0.6889 -0.1353
v -0.4907 -0.6502 -0.1821
v -0.5750 -0.6808 0.1144
v -0.7985 -0.6515 -0.1575
v -0.7971 -0.6439 -0.1673
v -0.7730 -0.6423 -0.2144
v -0.7888 -0.6398 -0.2147
v -0.8030 -0.6412 -0.2165
v -0.7821 -0.5701 -0.2490
v -0.6958 -0.6424 -0.3211
v -0.7538 -0.5812 -0.2873
v -0.7587 -0.5777 -0.3093
v -0.5770 -0.6113 -0.2275
v -0.3914 -0.4570 0.3349
v -0.4899 -0.4771 0.3700
v -0.5534 -0.5095 0.3296
v -0.5913 -0.5395 0.2964
v -0.5995 -0.5593 0.2489
v -0.5678 -0.6191 0.2070
v -0.5838 -0.6502 0.1568
v -0.1193 -0.5490 -0.2336
v 0.0239 -0.4340 -0.1909
v 0.1141 -0.1006 -0.2793
v 0.0621 -0.0251 -0.2918
v -0.0035 0.1308 -0.2057
v 0.0515 0.0583 -0.2848
v 0.0312 0.1128 -0.2581
v -0.0290 0.1305 -0.1777
v -0.1948 -0.6603 -0.3260
v -0.2253 -0.7000 -0.3021
v -0.3433 -0.6985 -0.2305
v -0.2896 -0.7036 -0.3268
v -0.1594 -0.5949 -0.2384
v -0.1261 -0.5526 -0.2430
v -0.0988 -0.4957 0.2264
v -0.1135 -0.5113 0.2352
v -0.1181 -0.5849 0.2389
v -0.1510 -0.5937 0.2697
v 0.0367 -0.4364 0.0114
v 0.0070 -0.4225 0.0590
v 0.0883 -0.1572 0.0357
v -0.0583 -0.4416 0.1452
v -0.0514 -0.4965 0.1811
v -0.0747 -0.4869 0.1977
v -0.0689 0.1069 -0.1245
v -0.0052 0.1368 -0.0620
v 0.0165 0.0659 0.0129
v -0.4612 -0.6977 -0.1218
v -0.5127 -0.6976 0.0503
v -0.4599 -0.6797 -0.1630
v -0.4813 -0.6337 -0.1969
v -0.5432 -0.6081 -0.1919
v -0.7429 -0.6460 -0.2652
v -0.7546 -0.6469 -0.2422
v -0.7751 -0.6446 -0.2319
v -0.5617 -0.6874 0.0882
v -0.8032 -0.6514 -0.1529
v -0.8126 -0.6093 -0.2290
v -0.7894 -0.5953 -0.2405
v -0.8221 -0.6544 -0.2210
v -0.7561 -0.5840 -0.3248
v -0.7531 -0.5974 -0.3332
v -0.7214 -0.6367 -0.3402
v -0.6986 -0.6424 -0.2939
v -0.4016 -0.4660 0.3456
v -0.4002 -0.4739 0.3490
v -0.4303 -0.4823 0.3612
v -0.4642 -0.4768 0.3818
v -0.5403 -0.5105 0.3603
v -0.5760 -0.5274 0.3258
v -0.5982 -0.5618 0.2635
v -0.5986 -0.5876 0.2527
v -0.5951 -0.6206 0.2594
v -0.5580 -0.6311 0.1899
v -0.5574 -0.6451 0.1695
v -0.1016 -0.5671 -0.2074
v -0.0479 -0.5511 -0.1728
v 0.0457 -0.4191 -0.1724
v 0.0539 -0.3806 -0.1964
v -0.0215 -0.5117 -0.1757
v 0.0331 -0.4725 -0.1347
v 0.0734 -0.3434 -0.1933
v 0.0786 -0.3247 -0.2019
v 0.1110 -0.2837 -0.1739
v 0.1320 -0.1990 -0.2070
v 0.1071 -0.1528 -0.2612
v 0.1212 -0.1196 -0.2700
v 0.0839 0.0048 -0.2948
v 0.0561 0.0961 -0.2765
v 0.0554 0.1157 -0.2716
v -0.0128 0.1452 -0.1840
v -0.0667 0.1423 -0.1492
v -0.0453 0.1701 -0.1630
v -0.0869 0.1273 -0.1398
v -0.2120 -0.6862 -0.3115
v -0.2380 -0.7037 -0.3024
v -0.3981 -0.6777 -0.2269
v -0.4360 -0.6615 -0.2285
v -0.1461 -0.5793 -0.2352
v -0.3432 -0.4807 0.3141
v -0.1213 -0.5583 0.2329
v -0.1155 -0.5313 0.2443
v -0.1754 -0.5814 0.2734
v -0.2336 -0.5504 0.2861
v 0.1003 -0.2667 -0.0092
v 0.0583 -0.3767 0.0072
v 0.1088 -0.2116 -0.0051
v -0.0624 -0.4930 0.1933
v -0.0910 0.1205 -0.1335
v 0.0097 0.1167 -0.0204
v 0.0142 0.1030 -0.0078
v 0.0389 0.0182 0.0325
v 0.0998 -0.0681 0.0343
v -0.4940 -0.6832 0.0180
v -0.4656 -0.6854 -0.0505
v -0.8049 -0.6493 -0.1602
v -0.7720 -0.6413 -0.2472
v -0.7609 -0.6380 -0.2607
v -0.7917 -0.6452 -0.2287
v -0.7627 -0.5942 -0.2806
v -0.8239 -0.6295 -0.2306
v -0.7493 -0.6340 -0.3301
v -0.7666 -0.6126 -0.3220
v -0.7129 -0.6473 -0.3215
v -0.7588 -0.5933 -0.2891
v -0.7620 -0.5999 -0.2955
v -0.7663 -0.5945 -0.3094
v -0.4972 -0.6340 -0.2192
v -0.3798 -0.4680 0.3397
v -0.5087 -0.4872 0.3899
v -0.5188 -0.4923 0.3803
v -0.5550 -0.5221 0.3585
v -0.5870 -0.5463 0.3396
v -0.5977 -0.5552 0.3043
v -0.5781 -0.6458 0.2409
v -0.5661 -0.6638 0.1486
v 0.0368 -0.4437 -0.1585
v 0.0079 -0.5077 -0.1328
v -0.0059 -0.5342 -0.1265
v 0.0621 -0.3980 -0.1597
v 0.0994 -0.3163 -0.1711
v 0.1188 -0.2488 -0.1905
v 0.1309 -0.2222 -0.1843
v 0.1372 -0.1773 -0.2131
v 0.1217 -0.1476 -0.2513
v 0.1056 -0.0269 -0.2925
v 0.1196 -0.0494 -0.2897
v 0.0410 0.1387 -0.2485
v -0.0198 0.1582 -0.1690
v -0.0372 0.1444 -0.1708
v -0.1952 -0.6682 -0.3063
v -0.3596 -0.6869 -0.2189
v -0.2318 -0.7030 -0.2802
v -0.2209 -0.6953 -0.2759
v -0.1814 -0.6272 -0.2499
v -0.0790 -0.4910 0.2165
v -0.0930 -0.5849 0.2410
v -0.0939 -0.5755 0.2363
v -0.1145 -0.5910 0.2480
v -0.1401 -0.5976 0.2714
v -0.2966 -0.5250 0.3054
v 0.1088 -0.2896 -0.0326
v 0.0793 -0.3473 -0.0069
v -0.0410 -0.4583 0.0933
v 0.1150 -0.1373 0.0135
v 0.1201 -0.1172 0.0110
v -0.0512 -0.4468 0.1170
v -0.0446 -0.5092 0.1816
v -0.0616 -0.5006 0.2110
v -0.0773 0.1197 -0.1327
v -0.0417 0.1355 -0.1144
v -0.0282 0.1410 -0.1093
v -0.0040 0.1706 -0.1143
v 0.0457 0.1090 0.0089
v 0.0400 0.0817 0.0188
v 0.0589 0.0464 0.0302
v 0.0869 -0.0209 0.0403
v 0.1167 -0.0835 0.0254
v -0.4185 -0.6993 -0.1214
v -0.4522 -0.6892 -0.1494
v -0.4827 -0.6824 -0.0212
v -0.4186 -0.6970 -0.0965
v -0.5046 -0.6226 -0.2006
v -0.5469 -0.6826 0.1123
v -0.8192 -0.6292 -0.2357
v -0.7718 -0.6125 -0.2557
v -0.7679 -0.6006 -0.3163
v -0.7124 -0.6451 -0.3315
v -0.7280 -0.6481 -0.2929
v -0.4031 -0.5150 0.3596
v -0.4211 -0.4957 0.3614
v -0.4783 -0.4810 0.3920
v -0.4613 -0.4861 0.3889
v -0.5615 -0.5354 0.3694
v -0.3522 -0.4858 0.3238
v -0.5595 -0.6711 0.2360
v -0.5537 -0.6350 0.2020
v -0.5425 -0.6419 0.1869
v -0.5405 -0.6708 0.1380
v -0.1007 -0.6070 -0.1738
v 0.1376 -0.1133 -0.2587
v 0.1385 -0.0576 -0.2814
v 0.1038 0.0280 -0.2965
v 0.1086 0.0050 -0.2972
v 0.0953 0.0885 -0.2897
v 0.0358 0.1583 -0.2310
v 0.0146 0.1668 -0.1928
v -0.0742 0.1334 -0.1425
v -0.0561 0.1768 -0.1494
v -0.0700 0.1375 -0.1400
v -0.2175 -0.6954 -0.2908
v -0.1981 -0.6714 -0.2893
v -0.2069 -0.6408 -0.2329
v -0.2107 -0.6384 -0.2227
v -0.1631 -0.6001 -0.2286
v -0.0921 -0.4995 0.2304
v -0.1082 -0.5160 0.2411
v -0.1044 -0.5685 0.2366
v -0.1610 -0.6058 0.2840
v -0.1789 -0.5981 0.2853
v 0.0968 -0.3229 -0.0345
v 0.0670 -0.3798 -0.0131
v 0.0283 -0.4650 0.0134
v -0.0085 -0.5046 0.0456
v 0.1159 -0.2400 -0.0215
v 0.1316 -0.2157 -0.0433
v -0.0439 -0.4873 0.1368
v -0.0482 0.1599 -0.1278
v 0.0481 0.1702 -0.0331
v 0.0349 0.1307 -0.0062
v 0.0521 0.0721 0.0254
v 0.0751 0.0256 0.0364
v 0.1114 -0.0247 0.0348
v -0.4313 -0.6899 -0.1507
v -0.4850 -0.6849 0.0414
v -0.5100 -0.6976 0.0963
v -0.4668 -0.6985 0.0991
v -0.4613 -0.6956 0.0839
v -0.4382 -0.6720 -0.1735
v -0.7581 -0.6401 -0.2679
v -0.7916 -0.6432 -0.2412
v -0.7712 -0.6327 -0.2563
v -0.8139 -0.6560 -0.2266
v -0.7700 -0.6403 -0.3225
v -0.7509 -0.6438 -0.3224
v -0.3898 -0.4986 0.3496
v -0.5080 -0.4902 0.3986
v -0.4335 -0.5044 0.3709
v -0.4724 -0.4927 0.3979
v -0.5232 -0.4910 0.3944
v -0.5536 -0.5195 0.3648
v -0.6040 -0.5876 0.3186
v -0.6034 -0.6041 0.2817
v -0.5845 -0.6647 0.2737
v -0.5402 -0.6444 0.1976
v -0.5305 -0.6477 0.1830
v -0.5140 -0.6576 0.1622
v -0.1388 -0.5797 -0.2219
v 0.1080 -0.3246 -0.1359
v 0.1330 -0.2562 -0.1492
v 0.1411 -0.2313 -0.1511
v 0.1420 -0.1340 -0.2347
v 0.1256 -0.0283 -0.2898
v 0.1231 -0.0034 -0.2953
v 0.0932 0.0676 -0.2945
v 0.1185 0.0550 -0.2983
v 0.0984 0.1164 -0.2879
v 0.0357 0.1773 -0.2093
v 0.0615 0.1443 -0.2568
v 0.0582 0.1662 -0.2419
v -0.0376 0.1857 -0.1608
v 0.0179 0.1924 -0.1826
v -0.3197 -0.7005 -0.2265
v -0.4030 -0.6640 -0.2064
v -0.3317 -0.6947 -0.2158
v -0.2703 -0.7019 -0.2417
v -0.0739 -0.4979 0.2199
v -0.0873 -0.5159 0.2355
v -0.1031 -0.5300 0.2469
v -0.1027 -0.5465 0.2484
v -0.0784 -0.5872 0.2545
v -0.1040 -0.5944 0.2686
v -0.3035 -0.5352 0.3083
v -0.2420 -0.5661 0.2971
v 0.0898 -0.3512 -0.0299
v 0.1160 -0.2650 -0.0379
v 0.0562 -0.4109 -0.0132
v -0.0322 -0.4926 0.0749
v 0.1363 -0.1578 -0.0257
v 0.1273 -0.2364 -0.0418
v -0.0283 -0.5343 0.1567
v -0.0435 -0.5218 0.2041
v -0.0475 0.1877 -0.1408
v -0.0374 0.1529 -0.1205
v -0.0154 0.1633 -0.1222
v 0.0340 0.1824 -0.0736
v 0.0325 0.1679 -0.0462
v -0.7508 -0.6483 -0.2882
v -0.5114 -0.6899 0.1175
v -0.7621 -0.6417 -0.2775
v -0.7648 -0.6311 -0.2666
v -0.7940 -0.6360 -0.2449
v -0.8173 -0.6572 -0.2308
v -0.8234 -0.6495 -0.2364
v -0.7670 -0.6456 -0.3196
v -0.7554 -0.6478 -0.3142
v -0.7655 -0.6230 -0.2790
v -0.7855 -0.6198 -0.3026
v -0.3751 -0.5036 0.3403
v -0.4302 -0.5159 0.3686
v -0.5009 -0.4953 0.4043
v -0.4622 -0.5051 0.3927
v -0.5219 -0.4923 0.4080
v -0.5457 -0.4977 0.3840
v -0.5566 -0.5082 0.3776
v -0.5694 -0.5557 0.3756
v -0.5936 -0.5800 0.3499
v -0.5373 -0.6631 0.2114
v -0.0696 -0.5887 -0.1582
v -0.0304 -0.5670 -0.1157
v 0.0121 -0.5131 -0.1071
v 0.0398 -0.4741 -0.1079
v 0.0706 -0.3956 -0.1326
v 0.0962 -0.3576 -0.1159
v 0.1219 -0.2918 -0.1283
v 0.1553 -0.2066 -0.1476
v 0.1557 -0.1765 -0.1765
v 0.1521 -0.0783 -0.2629
v 0.1574 -0.0530 -0.2727
v 0.1322 0.0309 -0.2955
v 0.0896 0.1531 -0.2715
v 0.0321 0.1956 -0.1908
v -0.0217 0.1913 -0.1581
v -0.0439 0.1887 -0.1558
v -0.3677 -0.6744 -0.2059
v -0.2265 -0.6839 -0.2511
v -0.1597 -0.6022 -0.2214
v -0.0800 -0.5673 0.2366
v -0.0653 -0.5683 0.2348
v -0.1311 -0.6042 0.2824
v -0.1502 -0.6130 0.2902
v -0.1751 -0.6250 0.2948
v 0.1219 -0.2736 -0.0632
v 0.0531 -0.4310 -0.0298
v 0.0382 -0.4689 -0.0087
v 0.0156 -0.4897 0.0168
v -0.0418 -0.4888 0.0881
v 0.1540 -0.1541 -0.0573
v -0.0454 -0.4833 0.1024
v -0.0389 -0.5046 0.1271
v -0.0253 -0.5542 0.1829
v -0.0222 0.1685 -0.1314
v 0.0173 0.1912 -0.1150
v 0.0966 0.0325 0.0337
v 0.1117 0.0074 0.0313
v 0.1302 -0.0345 0.0244
v 0.1551 -0.0426 0.0032
v -0.7671 -0.6507 -0.3111
v -0.7664 -0.6499 -0.2940
v -0.4131 -0.6899 -0.1599
v -0.4810 -0.6972 0.1079
v -0.4062 -0.6741 -0.0450
v -0.3932 -0.6800 -0.0729
v -0.4160 -0.6750 -0.0100
v -0.4206 -0.6761 -0.0382
v -0.4060 -0.6646 -0.1976
v -0.5089 -0.6807 0.1372
v -0.8255 -0.6544 -0.2279
v -0.7901 -0.6299 -0.3121
v -0.7920 -0.6508 -0.3183
v -0.7704 -0.6180 -0.2910
v -0.3767 -0.5231 0.3531
v -0.4127 -0.5262 0.3634
v -0.3750 -0.5451 0.3601
v -0.5413 -0.4911 0.4126
v -0.5519 -0.4934 0.4099
v -0.5613 -0.5306 0.3751
v -0.5637 -0.5464 0.3847
v -0.5763 -0.5887 0.3847
v -0.3481 -0.5085 0.3226
v -0.3601 -0.5116 0.3275
v -0.6009 -0.6356 0.3150
v -0.5951 -0.6482 0.2902
v -0.5747 -0.6789 0.2736
v -0.5408 -0.6866 0.2414
v -0.5222 -0.6712 0.2107
v -0.5242 -0.6557 0.2008
v -0.5293 -0.6507 0.1977
v -0.5224 -0.6492 0.1879
v -0.4961 -0.6522 0.1864
v -0.0505 -0.5936 -0.1194
v 0.1601 -0.1339 -0.2141
v 0.1652 -0.1491 -0.1932
v 0.1658 -0.0856 -0.2415
v 0.1611 -0.0292 -0.2793
v 0.1635 0.0072 -0.2890
v 0.0872 0.1768 -0.2608
v -0.2418 -0.6980 -0.2530
v -0.2564 -0.6683 -0.2156
v -0.0744 -0.5127 0.2266
v -0.0704 -0.5291 0.2393
v -0.0866 -0.5393 0.2461
v -0.0908 -0.5511 0.2471
v -0.0983 -0.5984 0.2722
v -0.2344 -0.5914 0.2985
v -0.3207 -0.5367 0.3093
v 0.1024 -0.3382 -0.0704
v 0.1182 -0.3046 -0.0826
v 0.0936 -0.3631 -0.0693
v 0.0779 -0.3871 -0.0625
v 0.1406 -0.2420 -0.0940
v 0.1605 -0.1064 -0.0388
v -0.0435 -0.4995 0.1109
v -0.0276 -0.5525 0.2009
v -0.0446 -0.5322 0.2122
v -0.0001 0.1862 -0.1236
v 0.0360 0.1969 -0.0931
v 0.0628 0.1373 0.0026
v 0.0669 0.0819 0.0232
v -0.7709 -0.6413 -0.2811
v -0.3607 -0.6934 -0.1584
v -0.4407 -0.6854 0.0686
v -0.4437 -0.6813 0.0511
v -0.7656 -0.6352 -0.2757
v -0.4144 -0.5592 0.3638
v -0.4400 -0.5316 0.3706
v -0.3814 -0.5644 0.3657
v -0.4673 -0.5284 0.3868
v -0.4998 -0.5098 0.4110
v -0.5158 -0.5002 0.4160
v -0.5370 -0.4954 0.4321
v -0.5557 -0.4997 0.3932
v -0.5655 -0.5153 0.3863
v -0.5870 -0.6779 0.3305
v -0.4888 -0.6657 0.1511
v 0.0001 -0.5452 -0.0649
v 0.0220 -0.5080 -0.0477
v 0.0761 -0.3949 -0.0974
v 0.1353 -0.2577 -0.1030
v 0.1634 -0.1775 -0.1442
v 0.1790 -0.1265 -0.1863
v 0.1797 -0.0915 -0.2260
v 0.1801 -0.0286 -0.2682
v 0.1593 0.0536 -0.2984
v 0.1522 0.0843 -0.2983
v 0.1406 0.1393 -0.2918
v 0.0896 0.2120 -0.2341
v -0.0377 0.1948 -0.1516
v -0.0453 0.1926 -0.1484
v -0.2902 -0.6982 -0.2234
v -0.3691 -0.6725 -0.1981
v -0.3284 -0.6788 -0.2028
v -0.2457 -0.6901 -0.2388
v -0.2049 -0.6385 -0.2151
v -0.0753 -0.5443 0.2431
v -0.0644 -0.5773 0.2428
v -0.0618 -0.5859 0.2516
v -0.1012 -0.6245 0.2883
v -0.1422 -0.6273 0.2951
v -0.2756 -0.5677 0.3021
v 0.0482 -0.4596 -0.0374
v 0.0228 -0.4920 -0.0029
v 0.0005 -0.5236 0.0224
v -0.0439 -0.5108 0.0807
v 0.1651 -0.1237 -0.0566
v 0.1571 -0.1898 -0.0989
v 0.1468 -0.2140 -0.0930
v -0.0459 -0.5019 0.0951
v -0.0263 -0.5462 0.1519
v -0.0260 -0.5762 0.2199
v -0.0634 -0.5209 0.2222
v -0.0398 0.1925 -0.1418
v -0.0287 0.1895 -0.1430
v 0.0839 0.1977 -0.0317
v 0.0952 0.1144 0.0180
v 0.1093 0.0592 0.0289
v 0.1233 0.0383 0.0322
v 0.1369 0.0070 0.0279
v 0.1436 -0.0110 0.0249
v -0.7865 -0.6546 -0.2966
v -0.4845 -0.6840 0.1302
v -0.4247 -0.6955 0.0931
v -0.4110 -0.6731 -0.0290
v -0.8132 -0.6530 -0.2360
v -0.7982 -0.6483 -0.3137
v -0.3643 -0.5184 0.3339
v -0.3676 -0.5406 0.3524
v -0.5034 -0.5263 0.4140
v -0.5508 -0.4955 0.4283
v -0.5757 -0.5801 0.4046
v -0.5982 -0.6265 0.3403
v -0.3531 -0.5218 0.3211
v -0.5574 -0.6912 0.2724
v -0.5065 -0.6766 0.2120
v -0.5029 -0.6565 0.1981
v -0.4659 -0.6572 0.1670
v -0.1697 -0.6513 -0.1890
v -0.1420 -0.6471 -0.1734
v -0.1205 -0.6416 -0.1576
v -0.0754 -0.6162 -0.1210
v -0.0436 -0.5986 -0.0871
v 0.1019 -0.3390 -0.0929
v 0.1186 -0.2982 -0.1020
v 0.1410 -0.2323 -0.1111
v 0.1843 -0.1011 -0.2120
v 0.1937 -0.0382 -0.2481
v 0.1549 0.1089 -0.2997
v 0.0285 0.2056 -0.1811
v 0.0154 0.2226 -0.1763
v -0.2681 -0.6941 -0.2272
v -0.3407 -0.6758 -0.1930
v -0.0477 -0.5681 0.2313
v -0.0646 -0.5583 0.2313
v -0.1623 -0.6453 0.2955
v -0.1965 -0.6432 0.2965
v -0.2888 -0.5849 0.2943
v -0.2513 -0.6072 0.2945
v 0.0381 -0.4830 -0.0396
v 0.0534 -0.4494 -0.0697
v 0.0064 -0.5304 -0.0021
v -0.0443 -0.5364 0.0632
v -0.0633 -0.5495 0.0928
v -0.0558 -0.5428 0.2233
v -0.0181 0.1937 -0.1429
v 0.0091 0.2305 -0.1358
v 0.0146 0.2015 -0.1236
v 0.0322 0.2060 -0.1206
v 0.0669 0.2336 -0.1164
v 0.0778 0.2209 -0.0716
v 0.0864 0.1849 -0.0138
v 0.0925 0.1386 0.0121
v 0.1041 0.0890 0.0264
v 0.1327 0.0761 0.0251
v -0.7889 -0.6594 -0.3065
v -0.3274 -0.6948 -0.1175
v -0.3504 -0.6986 -0.1410
v -0.4614 -0.6913 0.1268
v -0.3872 -0.6970 0.1133
v -0.3834 -0.6745 -0.0685
v -0.4078 -0.6764 0.0221
v -0.4076 -0.6717 0.0030
v -0.4062 -0.6700 -0.0324
v -0.3968 -0.6658 -0.0412
v -0.3644 -0.6770 -0.0821
v -0.8008 -0.6481 -0.3045
v -0.7865 -0.6556 -0.3152
v -0.4037 -0.5729 0.3619
v -0.5100 -0.5135 0.4200
v -0.5240 -0.5106 0.4391
v -0.5637 -0.5043 0.4178
v -0.5725 -0.5489 0.4128
v -0.3430 -0.5380 0.3098
v -0.5755 -0.6892 0.3217
v -0.5243 -0.6959 0.2545
v -0.4946 -0.6893 0.2291
v -0.4669 -0.6485 0.1844
v -0.0942 -0.6460 -0.1116
v -0.0208 -0.5699 -0.0664
v 0.0042 -0.5416 -0.0376
v 0.1822 -0.1328 -0.1438
v 0.2114 -0.0378 -0.2341
v 0.2034 0.0150 -0.2777
v 0.1930 0.0495 -0.2938
v 0.1300 0.1805 -0.2775
v 0.0695 0.2354 -0.1860
v 0.0468 0.2188 -0.1785
v 0.0387 0.2208 -0.1734
v -0.0252 0.1930 -0.1544
v 0.0145 0.2555 -0.1661
v -0.0080 0.2315 -0.1540
v -0.2929 -0.6799 -0.2067
v -0.2317 -0.6525 -0.2099
v -0.1345 -0.6516 0.2930
v -0.1885 -0.6648 0.2939
v -0.3335 -0.5498 0.3017
v 0.1098 -0.3277 -0.0859
v -0.0164 -0.5507 0.0218
v -0.0283 -0.5466 0.0421
v -0.0544 -0.5362 0.1076
v -0.0231 -0.5746 0.2088
v -0.0287 -0.6025 0.1940
v 0.1504 0.0425 0.0267
v 0.1556 0.0213 0.0212
v 0.1583 -0.0171 0.0123
v 0.1807 -0.0551 -0.0348
v -0.7981 -0.6515 -0.2993
v -0.3761 -0.6788 -0.1810
v -0.3591 -0.5294 0.3263
v -0.3644 -0.5716 0.3579
v -0.4733 -0.5552 0.3995
v -0.5494 -0.5017 0.4396
v -0.5707 -0.5201 0.4196
v -0.5581 -0.5060 0.4367
v -0.5753 -0.6117 0.3859
v -0.3513 -0.5446 0.3103
v -0.5900 -0.6687 0.3370
v -0.5636 -0.6948 0.3277
v -0.5368 -0.6989 0.2804
v -0.4857 -0.6769 0.2144
v -0.4793 -0.6548 0.1989
v -0.4733 -0.6500 0.1911
v -0.4548 -0.6473 0.1789
v -0.0346 -0.5966 -0.0508
v -0.0140 -0.5637 -0.0346
v 0.1645 -0.1650 -0.1058
v 0.2028 -0.0826 -0.1970
v 0.2185 -0.0527 -0.2137
v 0.2009 0.0733 -0.2948
v 0.1945 0.1265 -0.3000
v 0.1463 0.1658 -0.2883
v 0.0970 0.2405 -0.2066
v 0.1126 0.2166 -0.2408
v 0.0255 0.2366 -0.1731
v -0.0186 0.1991 -0.1498
v -0.0258 0.1932 -0.1487
v -0.3269 -0.6785 -0.1911
v -0.2243 -0.6535 -0.2044
v -0.0423 -0.5978 0.2454
v -0.0743 -0.6269 0.2767
v -0.0897 -0.6520 0.2892
v -0.1138 -0.6428 0.2932
v -0.1494 -0.6736 0.2978
v -0.3475 -0.5509 0.3019
v -0.3113 -0.5859 0.2853
v -0.2500 -0.6213 0.2898
v -0.0111 -0.5534 -0.0025
v 0.1738 -0.1047 -0.0647
v 0.1735 -0.1337 -0.0913
v -0.0392 -0.5677 0.1397
v -0.0323 -0.5847 0.1637
v -0.0476 -0.5687 0.1249
v 0.0341 0.2178 -0.1329
v 0.0775 0.2435 -0.1192
v 0.1273 0.2276 -0.0348
v 0.1030 0.1890 -0.0131
v 0.1084 0.1507 0.0091
v 0.1157 0.1336 0.0150
v 0.1544 0.0971 0.0242
v 0.1671 0.0038 0.0120
v 0.1952 -0.0560 -0.0558
v -0.7980 -0.6579 -0.3061
v -0.3081 -0.6993 -0.1360
v -0.4403 -0.6823 0.1399
v -0.3813 -0.6964 0.0963
v -0.3542 -0.6838 0.0687
v -0.3874 -0.6781 0.0453
v -0.3814 -0.6692 -0.0643
v -0.4003 -0.6732 0.0245
v -0.4059 -0.6580 -0.0004
v -0.3383 -0.6754 -0.0850
v -0.3794 -0.5986 0.3657
v -0.3975 -0.5981 0.3634
v -0.4268 -0.5858 0.3844
v -0.4485 -0.5568 0.3892
v -0.3708 -0.5911 0.3626
v -0.5063 -0.5523 0.4106
v -0.5211 -0.5265 0.4397
v -0.5413 -0.5052 0.4434
v -0.5670 -0.5418 0.4327
v -0.5731 -0.5918 0.4045
v -0.3557 -0.5400 0.3180
v -0.5824 -0.6728 0.3510
v -0.5775 -0.6861 0.3378
v -0.4799 -0.6976 0.2541
v -0.4779 -0.6903 0.2339
v -0.4580 -0.6812 0.2290
v -0.2043 -0.6715 -0.1857
v -0.1525 -0.6638 -0.1611
v -0.1198 -0.6641 -0.1146
v -0.0600 -0.6218 -0.0512
v 0.2462 -0.0011 -0.2368
v 0.2288 0.0198 -0.2667
v 0.2122 0.0347 -0.2852
v 0.0495 0.2335 -0.1722
v 0.0816 0.2467 -0.1854
v 0.0414 0.2371 -0.1680
v 0.0265 0.2611 -0.1683
v -0.2977 -0.6774 -0.2005
v -0.2613 -0.6678 -0.2067
v -0.1488 -0.6874 0.2958
v -0.3492 -0.5677 0.2851
v -0.2778 -0.6137 0.2809
v -0.0390 -0.5806 0.0347
v -0.0500 -0.5804 0.0508
v -0.0623 -0.5594 0.0750
v -0.0611 -0.5565 0.1063
v -0.0233 -0.5929 0.2177
v 0.0323 0.2445 -0.1456
v 0.0968 0.2496 -0.1113
v 0.1232 0.2396 -0.0507
v 0.1389 0.1722 0.0057
v 0.1413 0.1474 0.0160
v 0.1619 0.0674 0.0245
v 0.1702 0.0450 0.0224
v -0.3083 -0.6980 -0.1615
v -0.3278 -0.6900 -0.1748
v -0.4202 -0.6725 0.1551
v -0.3619 -0.6949 0.1214
v -0.3794 -0.6672 -0.0572
v -0.3674 -0.6628 -0.0743
v -0.3584 -0.5523 0.3205
v -0.3589 -0.5649 0.3303
v -0.3594 -0.5918 0.3536
v -0.4952 -0.5576 0.4069
v -0.5342 -0.5220 0.4467
v -0.5230 -0.6990 0.3231
v -0.4558 -0.6466 0.2010
v -0.4185 -0.6565 0.1677
v -0.4321 -0.6298 0.1921
v -0.4259 -0.6326 0.1858
v -0.4396 -0.6351 0.2007
v -0.0832 -0.6549 -0.0488
v 0.2210 -0.0648 -0.1872
v 0.2267 -0.0353 -0.2183
v 0.2620 -0.0015 -0.2227
v 0.2425 0.0646 -0.2856
v 0.2082 0.1026 -0.3004
v 0.1716 0.1602 -0.2937
v 0.1866 0.1800 -0.2932
v 0.1561 0.2159 -0.2663
v 0.1346 0.2177 -0.2555
v 0.0682 0.2539 -0.1792
v 0.1174 0.2551 -0.2015
v -0.2486 -0.6658 -0.2016
v -0.0458 -0.6272 0.2566
v -0.0662 -0.6530 0.2759
v -0.1238 -0.6702 0.3016
v -0.2388 -0.6447 0.2833
v -0.1766 -0.6926 0.2841
v -0.3574 -0.5616 0.2921
v -0.0682 -0.5604 0.0969
v -0.0458 -0.6350 0.1552
v 0.0636 0.2443 -0.1262
v 0.0723 0.2470 -0.1246
v 0.0915 0.2577 -0.1316
v 0.1260 0.2532 -0.0707
v 0.1267 0.2008 -0.0101
v 0.1348 0.1892 -0.0013
v 0.1817 0.0930 0.0239
v 0.1889 0.0219 0.0038
v 0.1903 0.0437 0.0144
v 0.2007 0.0091 -0.0131
v 0.2049 -0.0722 -0.1008
v -0.3171 -0.6773 -0.0873
v -0.3945 -0.6641 -0.0237
v -0.3510 -0.6644 -0.0787
v -0.3380 -0.6630 -0.0757
v -0.3255 -0.6716 -0.0779
v -0.3574 -0.5541 0.3109
v -0.3547 -0.5858 0.3307
v -0.4531 -0.5954 0.4028
v -0.3640 -0.6016 0.3630
v -0.5189 -0.5607 0.4151
v -0.4762 -0.5929 0.4106
v -0.5300 -0.5413 0.4385
v -0.5513 -0.5158 0.4469
v -0.5613 -0.5229 0.4411
v -0.5631 -0.6110 0.3984
v -0.5511 -0.6463 0.3904
v -0.5700 -0.6862 0.3472
v -0.5568 -0.6940 0.3400
v -0.4551 -0.6932 0.2544
v -0.4481 -0.6989 0.3044
v -0.1752 -0.6873 -0.1515
v -0.1397 -0.6812 -0.1202
v -0.0327 -0.5956 -0.0208
v -0.0287 -0.5866 -0.0035
v 0.1826 -0.1156 -0.1095
v 0.2160 -0.0787 -0.1444
v 0.2356 -0.0397 -0.1938
v 0.2774 0.0469 -0.2637
v 0.2499 0.0905 -0.2931
v 0.1952 0.1601 -0.2994
v 0.0968 0.2643 -0.1750
v 0.0417 0.2648 -0.1635
v -0.2857 -0.6759 -0.1969
v -0.2382 -0.6836 -0.1844
v -0.0347 -0.6212 0.2433
v -0.0513 -0.6496 0.2630
v -0.0939 -0.6737 0.2904
v -0.2244 -0.6709 0.2721
v -0.3020 -0.6080 0.2674
v -0.3562 -0.5545 0.3045
v -0.3485 -0.5793 0.2693
v -0.2573 -0.6428 0.2713
v -0.0834 -0.5852 0.0831
v -0.0604 -0.5894 0.1192
v -0.0754 -0.5781 0.1038
v -0.0376 -0.6365 0.1964
v 0.0202 0.2635 -0.1533
v 0.1204 0.2691 -0.1170
v 0.2197 -0.0146 -0.0483
v 0.2330 -0.0168 -0.0685
v -0.3755 -0.6762 0.1455
v -0.3440 -0.6806 0.0642
v -0.3888 -0.6735 0.0376
v -0.3604 -0.6739 0.0507
v -0.3723 -0.6753 0.0491
v -0.4000 -0.6595 0.0248
v -0.4056 -0.6584 0.0115
v -0.3702 -0.6737 -0.0410
v -0.3615 -0.5617 0.3152
v -0.3596 -0.5719 0.3231
v -0.4057 -0.5952 0.3662
v -0.4052 -0.6158 0.3730
v -0.4327 -0.6141 0.3937
v -0.5151 -0.5727 0.4111
v -0.5554 -0.5302 0.4454
v -0.5655 -0.5773 0.4161
v -0.4942 -0.6979 0.3375
v -0.4512 -0.6980 0.2794
v -0.4339 -0.6709 0.2395
v -0.4144 -0.6218 0.1841
v -0.4078 -0.6336 0.1766
v -0.2012 -0.6965 -0.1521
v -0.1126 -0.6729 -0.0624
v -0.0505 -0.6086 -0.0009
v 0.2344 -0.0513 -0.1569
v 0.2960 0.0279 -0.2364
v 0.2427 0.1084 -0.2965
v 0.1874 0.2211 -0.2782
v 0.0720 0.2930 -0.1728
v 0.0644 0.2789 -0.1735
v 0.0776 0.2575 -0.1795
v 0.1708 0.2561 -0.2369
v 0.1511 0.2531 -0.2322
v 0.0190 0.2642 -0.1617
v -0.2782 -0.6934 -0.1758
v -0.0700 -0.6675 0.2748
v -0.2435 -0.6633 0.2611
v -0.3643 -0.5728 0.2739
v -0.3764 -0.5767 0.2746
v -0.3428 -0.5881 0.2530
v -0.0555 -0.6004 0.0330
v -0.0744 -0.5957 0.0653
v -0.0832 -0.5826 0.0940
v -0.0302 -0.6194 0.2310
v 0.0438 0.2664 -0.1504
v 0.0724 0.2629 -0.1333
v 0.1455 0.2474 -0.0466
v 0.1468 0.2102 -0.0144
v 0.1565 0.1908 -0.0025
v 0.1686 0.1548 0.0134
v 0.2099 0.0692 0.0146
v 0.2174 0.0406 0.0014
v -0.2826 -0.6868 -0.1108
v -0.2690 -0.6996 -0.1335
v -0.3230 -0.6679 -0.0671
v -0.2997 -0.6748 -0.0723
v -0.2469 -0.7011 -0.1602
v -0.3178 -0.7001 0.0975
v -0.3224 -0.6971 0.0856
v -0.3800 -0.6750 -0.0171
v -0.3505 -0.6010 0.3373
v -0.3554 -0.6015 0.3528
v -0.3543 -0.6016 0.3267
v -0.3992 -0.6195 0.3742
v -0.5344 -0.5750 0.4129
v -0.5483 -0.5431 0.4408
v -0.5559 -0.6014 0.4047
v -0.5360 -0.6219 0.4068
v -0.5120 -0.6752 0.3803
v -0.4970 -0.6938 0.3520
v -0.4291 -0.6821 0.2627
v -0.4308 -0.6919 0.2898
v -0.3938 -0.6565 0.1635
v -0.4258 -0.6219 0.2025
v -0.4204 -0.6200 0.1918
v -0.1355 -0.6850 -0.0952
v 0.2336 -0.0554 -0.1553
v 0.2424 -0.0401 -0.1721
v 0.2753 -0.0120 -0.1884
v 0.2698 -0.0077 -0.2056
v 0.2622 0.0592 -0.2782
v 0.2915 0.0757 -0.2816
v 0.2227 0.1609 -0.3001
v 0.0498 0.2757 -0.1641
v 0.1434 0.2762 -0.1931
v 0.1254 0.2750 -0.1855
v -0.0417 -0.6464 0.2458
v -0.1109 -0.6841 0.2939
v -0.1294 -0.6866 0.2983
v -0.0927 -0.6866 0.2776
v -0.1985 -0.6956 0.2625
v -0.3035 -0.6202 0.2443
v -0.3633 -0.5778 0.2609
v -0.0406 -0.6476 0.2212
v -0.0655 -0.6466 0.1334
v -0.0524 -0.6643 0.1816
v -0.0583 -0.6609 0.1543
v 0.0355 0.2639 -0.1539
v 0.0634 0.2814 -0.1405
v 0.0896 0.2833 -0.1492
v 0.1156 0.2755 -0.1262
v 0.1428 0.2707 -0.0855
v 0.1614 0.2619 -0.0524
v 0.1795 0.2433 -0.0255
v 0.2017 0.1249 0.0197
v 0.2126 0.0908 0.0200
v 0.2350 -0.0558 -0.1379
v -0.2330 -0.7034 -0.1439
v -0.3369 -0.6716 0.1483
v -0.2963 -0.6993 0.1069
v -0.3072 -0.6827 0.0580
v -0.3420 -0.6702 0.0592
v -0.3598 -0.6721 0.0450
v -0.3770 -0.6649 0.0423
v -0.3900 -0.6619 0.0349
v -0.3460 -0.6129 0.3350
v -0.3671 -0.5879 0.3155
v -0.3818 -0.6210 0.3820
v -0.3658 -0.6214 0.3815
v -0.4604 -0.6153 0.4064
v -0.3525 -0.6196 0.3741
v -0.5006 -0.6178 0.4131
v -0.5396 -0.5918 0.4084
v -0.5363 -0.6636 0.3852
v -0.5250 -0.6397 0.4040
v -0.5103 -0.6572 0.3980
v -0.4168 -0.6637 0.2567
v -0.4021 -0.5987 0.2087
v -0.3985 -0.6104 0.1906
v -0.3794 -0.6472 0.1693
v -0.0641 -0.6284 0.0043
v 0.2339 -0.0505 -0.1539
v 0.2391 -0.0455 -0.1573
v 0.2458 -0.0397 -0.1516
v 0.2700 -0.0224 -0.1629
v 0.3085 0.0195 -0.2213
v 0.2526 0.1401 -0.3014
v 0.2155 0.2217 -0.2841
v 0.0834 0.2675 -0.1755
v 0.0410 0.2679 -0.1600
v 0.0621 0.2881 -0.1698
v 0.1400 0.2841 -0.1854
v 0.0295 0.2677 -0.1621
v -0.0539 -0.6610 0.2587
v -0.0664 -0.6754 0.2604
v -0.1461 -0.6976 0.2849
v -0.2091 -0.6987 0.2346
v -0.2668 -0.6546 0.2359
v -0.1782 -0.6992 0.2697
v -0.3709 -0.5768 0.2652
v -0.3786 -0.5773 0.2894
v -0.3524 -0.5836 0.2360
v -0.0666 -0.6204 0.0305
v -0.0909 -0.6286 0.0613
v -0.1016 -0.6149 0.1079
v 0.1295 0.2854 -0.1284
v 0.1337 0.2758 -0.1171
v 0.1716 0.2552 -0.0374
v 0.1722 0.2128 -0.0070
v 0.1831 0.1990 0.0023
v 0.1876 0.1533 0.0166
v 0.2296 0.0662 0.0051
v 0.2575 0.0189 -0.0449
v 0.2517 -0.0335 -0.1432
v -0.2575 -0.6867 -0.1044
v -0.2903 -0.6625 -0.0399
v -0.2896 -0.6689 -0.0485
v -0.3654 -0.6543 0.1611
v -0.3406 -0.6585 0.1579
v -0.3999 -0.6561 0.0153
v -0.3820 -0.6724 -0.0025
v -0.3695 -0.5728 0.3050
v -0.3375 -0.6284 0.3567
v -0.4108 -0.6285 0.3751
v -0.4443 -0.6367 0.3955
v -0.5224 -0.6104 0.4115
v -0.4519 -0.6959 0.3367
v -0.4939 -0.6842 0.3689
v -0.4068 -0.6069 0.2173
v -0.4089 -0.6099 0.1965
v -0.1651 -0.6940 -0.1119
v -0.1235 -0.6857 -0.0373
v -0.1060 -0.6694 -0.0267
v 0.2389 -0.0505 -0.1461
v 0.2344 -0.0516 -0.1519
v 0.2316 -0.0509 -0.1511
v 0.2335 -0.0501 -0.1520
v 0.3065 0.0024 -0.1937
v 0.3212 0.0271 -0.2297
v 0.2482 0.1687 -0.3015
v 0.2231 0.2570 -0.2618
v 0.0787 0.2983 -0.1701
v 0.0454 0.2725 -0.1563
v 0.0575 0.2903 -0.1644
v 0.0997 0.2885 -0.1648
v 0.0925 0.2938 -0.1613
v 0.2042 0.2586 -0.2558
v -0.2369 -0.6841 0.2236
v -0.2927 -0.6325 0.2285
v -0.3899 -0.5907 0.2541
v -0.3838 -0.5825 0.2525
v -0.3710 -0.5774 0.2422
v -0.3280 -0.6010 0.2262
v -0.1201 -0.6263 0.1003
v -0.0836 -0.6905 0.1513
v -0.0641 -0.6851 0.2068
v -0.0563 -0.6724 0.2306
v 0.1162 0.2992 -0.1369
v 0.1635 0.2814 -0.0934
v 0.1780 0.2720 -0.0599
v 0.2001 0.2758 -0.0532
v 0.2308 0.1551 0.0183
v 0.2346 0.0922 0.0134
v 0.2470 0.0379 -0.0252
v -0.2760 -0.6775 -0.0536
v -0.2499 -0.6845 -0.0831
v -0.2896 -0.6948 0.1159
v -0.2478 -0.6971 0.0628
v -0.2844 -0.6886 0.0544
v -0.3749 -0.6772 0.0180
v -0.3878 -0.6613 0.0140
v -0.3738 -0.6755 -0.0019
v -0.3838 -0.5917 0.2961
v -0.3390 -0.6233 0.3414
v -0.3441 -0.6243 0.3693
v -0.3911 -0.6307 0.2990
v -0.3764 -0.6276 0.3109
v -0.3867 -0.6282 0.3826
v -0.3640 -0.6371 0.3859
v -0.4748 -0.6436 0.4035
v -0.4518 -0.6865 0.3603
v -0.4280 -0.6911 0.3335
v -0.4127 -0.6750 0.2919
v -0.4059 -0.6540 0.2722
v -0.4014 -0.6241 0.2491
v -0.2078 -0.7027 -0.1229
v -0.1420 -0.6939 -0.0367
v -0.0863 -0.6544 -0.0153
v 0.2316 -0.0510 -0.1512
v 0.2313 -0.0510 -0.1509
v 0.2310 -0.0511 -0.1504
v 0.2769 -0.0193 -0.1497
v 0.3089 0.0623 -0.2706
v 0.3056 0.1150 -0.2931
v 0.3004 0.1392 -0.2979
v 0.3252 0.1080 -0.2878
v 0.2515 0.2044 -0.2979
v 0.0656 0.3002 -0.1647
v 0.1887 0.2983 -0.1918
v 0.1295 0.3166 -0.1731
v 0.2085 0.2900 -0.2179
v -0.0925 -0.6950 0.2573
v -0.1225 -0.6961 0.2843
v -0.2588 -0.6612 0.2185
v -0.2784 -0.6476 0.2215
v -0.3125 -0.6164 0.2207
v -0.3817 -0.5782 0.2371
v -0.0791 -0.6399 0.0187
v -0.1175 -0.6252 0.0918
v -0.0756 -0.6923 0.1713
v 0.0880 0.2965 -0.1581
v 0.1566 0.2909 -0.1340
v 0.1947 0.3031 -0.1248
v 0.1543 0.2968 -0.1414
v 0.1854 0.2893 -0.0859
v 0.1970 0.2578 -0.0339
v 0.1995 0.2350 -0.0182
v 0.2167 0.2141 0.0008
v 0.2194 0.1317 0.0183
v 0.2698 0.0102 -0.0652
v 0.2780 0.0049 -0.0839
v -0.2328 -0.7021 -0.1173
v -0.2770 -0.6718 -0.0330
v -0.3141 -0.6563 0.1555
v -0.3328 -0.6190 0.1769
v -0.3194 -0.6714 0.0556
v -0.3735 -0.6676 0.0352
v -0.3855 -0.6444 0.3827
v -0.4040 -0.6358 0.3738
v -0.3505 -0.6337 0.3800
v -0.4194 -0.6594 0.3658
v -0.4589 -0.6680 0.3863
v -0.3428 -0.6395 0.3742
v -0.4307 -0.6908 0.3457
v -0.4100 -0.6763 0.3253
v -0.3969 -0.6533 0.3053
v -0.3949 -0.5886 0.2274
v -0.3799 -0.5887 0.1963
v -0.3532 -0.6045 0.1850
v -0.1171 -0.6815 -0.0006
v -0.1000 -0.6608 0.0028
v 0.2310 -0.0514 -0.1504
v 0.2315 -0.0511 -0.1512
v 0.2306 -0.0512 -0.1499
v 0.2310 -0.0511 -0.1502
v 0.3016 -0.0099 -0.1596
v 0.3205 0.0089 -0.2018
v 0.3174 -0.0009 -0.1807
v 0.3305 0.0148 -0.2143
v 0.3408 0.0602 -0.2639
v 0.2442 0.2228 -0.2899
v 0.1640 0.2967 -0.1802
v 0.1514 0.2981 -0.1773
v 0.1396 0.3250 -0.1720
v 0.0967 0.2945 -0.1581
v -0.0801 -0.6943 0.2320
v -0.1109 -0.6991 0.2647
v -0.2114 -0.7011 0.1985
v -0.2477 -0.6751 0.2136
v -0.2867 -0.6337 0.2063
v -0.3561 -0.5771 0.2162
v -0.3208 -0.5990 0.2018
v -0.1072 -0.6448 0.0565
v 0.0609 0.2957 -0.1557
v 0.0698 0.2995 -0.1494
v 0.0738 0.2966 -0.1482
v 0.0935 0.2927 -0.1556
v 0.1234 0.3122 -0.1393
v 0.1987 0.2863 -0.0677
v 0.2516 0.1236 0.0185
v 0.2395 0.1876 0.0127
v 0.2660 0.0893 0.0056
v -0.2871 -0.6611 -0.0142
v -0.2676 -0.6780 -0.0316
v -0.2789 -0.6623 -0.0266
v -0.2793 -0.6835 0.0399
v -0.2940 -0.6799 0.0479
v -0.3059 -0.6693 0.0526
v -0.3665 -0.6545 0.3176
v -0.3652 -0.6622 0.3833
v -0.3504 -0.6490 0.3805
v -0.3907 -0.6879 0.3541
v -0.1787 -0.7001 0.0297
v 0.2303 -0.0515 -0.1499
v 0.2306 -0.0514 -0.1503
v 0.2306 -0.0512 -0.1499
v 0.2310 -0.0511 -0.1501
v 0.2890 -0.0149 -0.1490
v 0.3052 -0.0116 -0.1451
v 0.3441 0.0240 -0.2274
v 0.3537 0.0354 -0.2382
v 0.3424 0.0748 -0.2735
v 0.2844 0.1904 -0.3009
v 0.2491 0.2558 -0.2714
v 0.0774 0.3062 -0.1623
v 0.1220 0.3214 -0.1631
v 0.2352 0.2869 -0.2264
v -0.2519 -0.6648 0.2017
v -0.2668 -0.6514 0.2018
v -0.1568 -0.7012 0.1498
v -0.2196 -0.6967 0.1932
v -0.2945 -0.6236 0.1926
v -0.3894 -0.5800 0.2177
v -0.3752 -0.5741 0.2194
v -0.0977 -0.6498 0.0308
v -0.1370 -0.6423 0.0909
v -0.1220 -0.6357 0.1082
v -0.1094 -0.6476 0.1188
v -0.0916 -0.6632 0.1310
v -0.0991 -0.6919 0.1426
v -0.0908 -0.6995 0.1608
v -0.0822 -0.7002 0.1987
v 0.0791 0.3045 -0.1559
v 0.1252 0.3238 -0.1493
v 0.1494 0.3066 -0.1468
v 0.2133 0.3046 -0.1114
v 0.2255 0.2584 -0.0243
v 0.2693 0.0659 -0.0098
v 0.2742 0.0460 -0.0294
v -0.2193 -0.6883 0.0170
v -0.2111 -0.7000 -0.0588
v -0.2653 -0.6795 0.1283
v -0.3123 -0.6224 0.1795
v -0.2180 -0.6946 0.0923
v -0.2930 -0.6739 0.0399
v -0.3384 -0.6444 0.3517
v -0.3553 -0.6600 0.3307
v -0.3850 -0.6377 0.3075
v -0.4224 -0.6810 0.3552
v -0.4322 -0.6768 0.3606
v -0.1644 -0.6973 -0.0051
v 0.2299 -0.0516 -0.1495
v 0.2299 -0.0516 -0.1495
v 0.2301 -0.0515 -0.1497
v 0.2307 -0.0512 -0.1499
v 0.2312 -0.0510 -0.1503
v 0.2314 -0.0510 -0.1505
v 0.3211 -0.0109 -0.1494
v 0.3379 -0.0088 -0.1762
v 0.3413 0.0006 -0.1992
v 0.3563 -0.0010 -0.2069
v 0.3572 0.0179 -0.2259
v 0.3773 0.0514 -0.2620
v 0.3123 0.1701 -0.3029
v 0.2678 0.2191 -0.2911
v 0.1913 0.3058 -0.1871
v 0.1649 0.3237 -0.1699
v 0.1577 0.3259 -0.1665
v -0.2228 -0.6910 0.1838
v -0.2681 -0.6404 0.1862
v -0.3418 -0.5866 0.2010
v -0.3633 -0.5764 0.2100
v -0.1093 -0.6675 0.0268
v -0.1145 -0.6641 0.0461
v -0.1279 -0.6606 0.0681
v -0.1440 -0.6466 0.0994
v -0.1193 -0.6443 0.1140
v -0.1014 -0.6605 0.1266
v -0.1074 -0.6550 0.1226
v -0.0928 -0.6732 0.1355
v -0.0965 -0.7026 0.1740
v 0.1367 0.3261 -0.1437
v 0.2253 0.2895 -0.0668
v 0.2389 0.2457 -0.0121
v 0.2389 0.2210 -0.0010
v 0.2664 0.1291 0.0151
v 0.3115 0.0288 -0.0487
v 0.3154 0.0188 -0.0646
v -0.3010 -0.6693 0.0370
v -0.2814 -0.6648 0.0179
v -0.2702 -0.6745 -0.0129
v -0.2628 -0.6792 -0.0110
v -0.2866 -0.6338 0.1772
v -0.3211 -0.6043 0.1893
v -0.2233 -0.6992 0.0798
v -0.2714 -0.6804 0.0237
v -0.3407 -0.6540 0.3645
v -0.3898 -0.6490 0.3104
v -0.3934 -0.6716 0.3668
v -0.3473 -0.6613 0.3723
v -0.3988 -0.6765 0.3344
v -0.3902 -0.6641 0.3310
v -0.3803 -0.5766 0.2126
v -0.3509 -0.5872 0.1967
v 0.2297 -0.0516 -0.1492
v 0.2892 -0.0078 -0.1237
v 0.3018 -0.0113 -0.1330
v 0.3518 -0.0181 -0.1754
v 0.3641 0.0279 -0.2387
v 0.3757 0.0367 -0.2501
v 0.3343 0.1490 -0.2980
v 0.3630 0.0970 -0.2876
v 0.2666 0.2567 -0.2706
v 0.2669 0.2875 -0.2386
v 0.2421 0.3025 -0.2014
v -0.2088 -0.6972 0.1714
v -0.2998 -0.6212 0.1872
v -0.1294 -0.6504 0.1139
v -0.1084 -0.6582 0.1241
v -0.1044 -0.6705 0.1308
v -0.1050 -0.6843 0.1368
v 0.1926 0.3083 -0.1327
v 0.2495 0.2801 -0.0417
v 0.2683 0.2518 -0.0107
v 0.2577 0.1841 0.0122
v 0.2919 0.1247 0.0122
v 0.3010 0.0446 -0.0353
v 0.3226 0.0007 -0.1046
v -0.2551 -0.6549 0.1544
v -0.3474 -0.6682 0.3559
v -0.4005 -0.6842 0.3591
v -0.3826 -0.6829 0.3464
v -0.1938 -0.6997 0.0144
v -0.1552 -0.6908 0.0372
v 0.2309 -0.0512 -0.1500
v 0.2296 -0.0517 -0.1491
v 0.3248 -0.0141 -0.1322
v 0.3634 -0.0077 -0.2097
v 0.3753 0.0056 -0.2366
v 0.3881 0.0657 -0.2744
v 0.3301 0.1827 -0.3006
v 0.3124 0.1982 -0.2981
v 0.3530 0.1330 -0.2973
v 0.2924 0.2270 -0.2917
v 0.3131 0.2285 -0.2909
v 0.2926 0.2451 -0.2843
v 0.1404 0.3355 -0.1584
v 0.2827 0.3070 -0.2065
v -0.2300 -0.6665 0.1615
v -0.1803 -0.6998 0.1531
v -0.2442 -0.6557 0.1586
v -0.1481 -0.6699 0.0765
v -0.1639 -0.6612 0.1007
v -0.1404 -0.6502 0.1091
v -0.1404 -0.6591 0.1169
v -0.1290 -0.6586 0.1192
v -0.1101 -0.6583 0.1244
v -0.1102 -0.6596 0.1260
v -0.1095 -0.6598 0.1254
v -0.1134 -0.7009 0.1501
v 0.1399 0.3336 -0.1502
v 0.1576 0.3270 -0.1545
v 0.2168 0.3101 -0.1329
v 0.2356 0.3103 -0.1221
v 0.2474 0.2908 -0.0597
v 0.2578 0.2362 -0.0056
v 0.2788 0.1955 0.0110
v 0.2843 0.1456 0.0178
v 0.2975 0.0923 0.0051
v 0.3105 0.0721 -0.0087
v -0.2032 -0.6984 0.0367
v -0.3729 -0.6733 0.3727
v -0.3766 -0.6657 0.3332
v -0.1256 -0.6774 0.0376
v 0.2300 -0.0515 -0.1493
v 0.2297 -0.0516 -0.1491
v 0.2296 -0.0517 -0.1490
v 0.3264 -0.0130 -0.1223
v 0.3397 -0.0206 -0.1378
v 0.3982 0.0454 -0.2699
v 0.3558 0.1856 -0.2988
v 0.3451 0.2118 -0.2989
v 0.3827 0.0991 -0.2862
v 0.3751 0.1217 -0.2905
v 0.2155 0.3122 -0.1840
v 0.1956 0.3389 -0.1783
v 0.1645 0.3287 -0.1652
v 0.1496 0.3351 -0.1615
v 0.3187 0.2807 -0.2519
v 0.2435 0.3102 -0.1935
v -0.1657 -0.6796 0.1283
v -0.1328 -0.6680 0.1239
v -0.1294 -0.6654 0.1236
v -0.1345 -0.6749 0.1273
v -0.1095 -0.6605 0.1260
v -0.1101 -0.6612 0.1259
v -0.1235 -0.6857 0.1326
v -0.1274 -0.6945 0.1377
v -0.1109 -0.6821 0.1347
v 0.2004 0.3495 -0.1478
v 0.1700 0.3278 -0.1512
v 0.2180 0.3174 -0.1422
v 0.2805 0.3024 -0.0792
v 0.2711 0.2856 -0.0475
v 0.2769 0.1712 0.0160
v 0.3200 0.1140 0.0130
v 0.3217 0.0484 -0.0320
v 0.3341 0.0200 -0.0509
v -0.2462 -0.6630 0.1428
v -0.2245 -0.6686 0.1239
v -0.1938 -0.6699 0.1064
v -0.3674 -0.6763 0.3492
v -0.3568 -0.6723 0.3690
v -0.1735 -0.6982 0.0492
v 0.2298 -0.0516 -0.1492
v 0.2297 -0.0516 -0.1491
v 0.3565 -0.0344 -0.1623
v 0.3881 -0.0316 -0.2352
v 0.3990 0.0228 -0.2565
v 0.3981 -0.0197 -0.2486
v 0.4236 0.0298 -0.2776
v 0.3647 0.1454 -0.2971
v 0.3826 0.1701 -0.2997
v 0.3157 0.2720 -0.2624
v 0.2141 0.3527 -0.1755
v 0.1644 0.3294 -0.1584
v 0.1576 0.3292 -0.1601
v 0.2634 0.3118 -0.1949
v -0.2020 -0.6716 0.1395
v -0.1565 -0.6822 0.0628
v -0.1679 -0.6744 0.0843
v -0.1585 -0.6580 0.1068
v -0.1596 -0.6618 0.1138
v -0.1308 -0.6709 0.1278
v -0.1296 -0.6688 0.1262
v -0.1271 -0.6769 0.1298
v -0.1102 -0.6582 0.1246
v -0.1114 -0.6614 0.1260
v 0.1498 0.3353 -0.1556
v 0.2441 0.3175 -0.1324
v 0.2562 0.3146 -0.1238
v 0.2828 0.2319 0.0020
v 0.3014 0.1512 0.0154
v 0.3590 0.0585 -0.0171
v -0.2307 -0.6617 0.1464
v -0.1712 -0.6917 0.0663
v 0.2298 -0.0516 -0.1492
v 0.3446 -0.0208 -0.1154
v 0.3482 -0.0283 -0.1401
v 0.3785 -0.0446 -0.2132
v 0.3849 0.1899 -0.2972
v 0.3661 0.2008 -0.2967
v 0.3365 0.2317 -0.2914
v 0.3164 0.2431 -0.2828
v 0.2321 0.3452 -0.1715
v 0.2056 0.3530 -0.1734
v 0.2951 0.3164 -0.1895
v 0.2611 0.3209 -0.1910
v 0.2631 0.3445 -0.1840
v -0.1775 -0.6929 0.1414
v -0.1889 -0.6662 0.1116
v -0.1777 -0.6653 0.1124
v -0.1762 -0.6714 0.1227
v -0.1292 -0.6688 0.1267
v -0.1273 -0.6684 0.1272
v -0.1234 -0.6784 0.1320
v -0.1105 -0.6580 0.1247
v -0.1106 -0.6580 0.1250
v -0.1126 -0.6605 0.1263
v -0.1120 -0.6618 0.1258
v -0.1133 -0.6809 0.1343
v -0.1168 -0.6788 0.1342
v 0.1927 0.3482 -0.1521
v 0.2595 0.3261 -0.1344
v 0.2988 0.2823 -0.0333
v 0.3019 0.2591 -0.0111
v 0.3045 0.2167 0.0075
v 0.3448 0.1082 0.0104
v 0.3474 0.0846 0.0005
v 0.3575 0.0081 -0.0565
v 0.3502 -0.0065 -0.0797
v -0.1873 -0.6849 0.0887
v 0.3533 -0.0371 -0.1405
v 0.3561 -0.0289 -0.1071
v 0.3558 -0.0395 -0.1252
v 0.3622 -0.0436 -0.1724
v 0.4076 0.0017 -0.2554
v 0.4301 0.0658 -0.2891
v 0.3921 0.1391 -0.2965
v 0.3996 0.1545 -0.2970
v 0.4097 0.1078 -0.2943
v 0.4205 0.0929 -0.2906
v 0.3603 0.2374 -0.2863
v 0.3306 0.2674 -0.2626
v 0.2075 0.3592 -0.1603
v -0.2145 -0.6654 0.1399
v -0.1301 -0.6699 0.1278
v -0.1289 -0.6688 0.1270
v -0.1248 -0.6673 0.1281
v -0.1265 -0.6682 0.1272
v -0.1230 -0.6762 0.1308
v -0.1239 -0.6775 0.1308
v -0.1108 -0.6578 0.1251
v -0.1108 -0.6584 0.1256
v -0.1105 -0.6584 0.1260
v -0.1143 -0.6616 0.1253
v 0.2288 0.3417 -0.1557
v 0.2862 0.3182 -0.1318
v 0.3364 0.1795 0.0157
v -0.2076 -0.6661 0.1219
v 0.3556 -0.0566 -0.1373
v 0.3607 -0.0621 -0.1666
v 0.4259 -0.0197 -0.2665
v 0.4442 0.0516 -0.2865
v 0.3969 -0.0586 -0.2452
v 0.4148 0.1721 -0.2907
v 0.4149 0.1309 -0.2979
v 0.2117 0.3588 -0.1672
v 0.3474 0.2988 -0.2290
v 0.2835 0.3230 -0.1830
v -0.1931 -0.6678 0.1251
v -0.1304 -0.6698 0.1280
v -0.1292 -0.6692 0.1276
v -0.1254 -0.6678 0.1273
v -0.1225 -0.6741 0.1310
v -0.1218 -0.6751 0.1307
v -0.1242 -0.6752 0.1323
v -0.1301 -0.6719 0.1303
v -0.1224 -0.6766 0.1310
v -0.1110 -0.6581 0.1255
v -0.1100 -0.6584 0.1265
v -0.1096 -0.6587 0.1269
v -0.1106 -0.6598 0.1271
v -0.1110 -0.6601 0.1271
v -0.1150 -0.6613 0.1251
v -0.1152 -0.6614 0.1250
v -0.1139 -0.6791 0.1342
v 0.2206 0.3428 -0.1549
v 0.2699 0.3573 -0.1469
v 0.3251 0.3180 -0.1220
v 0.3181 0.2551 -0.0103
v 0.3258 0.1917 0.0153
v 0.3593 0.1393 0.0178
v 0.3877 0.0834 0.0094
v 0.3592 -0.0087 -0.0726
v 0.3809 -0.0612 -0.2195
v 0.4649 0.0300 -0.2873
v 0.4225 -0.0467 -0.2627
v 0.4273 0.1479 -0.2933
v 0.4132 0.2000 -0.2914
v 0.4129 0.2229 -0.2866
v 0.3651 0.2571 -0.2753
v 0.2368 0.3494 -0.1670
v 0.2689 0.3583 -0.1761
v 0.3495 0.2757 -0.2575
v 0.3344 0.3162 -0.1965
v 0.3025 0.3240 -0.1842
v 0.2779 0.3545 -0.1807
v -0.1306 -0.6697 0.1283
v -0.1187 -0.6662 0.1274
v -0.1224 -0.6671 0.1275
v -0.1219 -0.6756 0.1309
v -0.1264 -0.6734 0.1332
v -0.1253 -0.6713 0.1345
v -0.1194 -0.6777 0.1348
v -0.1221 -0.6793 0.1332
v -0.1231 -0.6773 0.1315
v -0.1096 -0.6589 0.1270
v -0.1115 -0.6603 0.1270
v -0.1161 -0.6598 0.1243
v -0.1176 -0.6591 0.1228
v -0.1213 -0.6763 0.1355
v 0.2090 0.3514 -0.1493
v 0.2355 0.3482 -0.1598
v 0.2858 0.3259 -0.1418
v 0.3256 0.2953 -0.0559
v 0.3306 0.2688 -0.0211
v 0.3444 0.2356 0.0033
v 0.3371 0.2583 -0.0104
v 0.3767 0.1000 0.0125
v 0.3768 0.0432 -0.0183
v 0.3531 -0.0707 -0.1322
v 0.3565 -0.0888 -0.1737
v 0.3728 -0.0888 -0.2144
v 0.4425 -0.0056 -0.2785
v 0.4698 0.0538 -0.2908
v 0.4477 0.0819 -0.2877
v 0.3955 -0.0834 -0.2440
v 0.4328 0.1088 -0.2913
v 0.2200 0.3575 -0.1682
v 0.2281 0.3512 -0.1660
v 0.2179 0.3592 -0.1628
v 0.3694 0.2916 -0.2309
v 0.2980 0.3529 -0.1697
v 0.3381 0.3275 -0.1896
v -0.1310 -0.6693 0.1292
v -0.1302 -0.6694 0.1285
v -0.1108 -0.6643 0.1288
v -0.1297 -0.6696 0.1279
v -0.1297 -0.6693 0.1283
v -0.1175 -0.6660 0.1271
v -0.1190 -0.6727 0.1304
v -0.1250 -0.6752 0.1338
v -0.1189 -0.6683 0.1346
v -0.1261 -0.6680 0.1333
v -0.1341 -0.6670 0.1306
v -0.1215 -0.6774 0.1351
v -0.1218 -0.6781 0.1346
v -0.1214 -0.6768 0.1353
v -0.1223 -0.6785 0.1338
v -0.1213 -0.6762 0.1314
v -0.1140 -0.6600 0.1257
v -0.1145 -0.6603 0.1255
v -0.1152 -0.6588 0.1241
v -0.1157 -0.6580 0.1231
v -0.1110 -0.6770 0.1332
v -0.1130 -0.6750 0.1328
v -0.1135 -0.6744 0.1333
v -0.1163 -0.6745 0.1347
v -0.1228 -0.6762 0.1353
v 0.2137 0.3575 -0.1554
v 0.2265 0.3502 -0.1617
v 0.2884 0.3387 -0.1492
v 0.4026 0.1348 0.0214
v 0.3719 -0.0128 -0.0523
v 0.3700 -0.0349 -0.0689
v 0.3693 -0.0503 -0.0725
v 0.3426 -0.0982 -0.1346
v 0.4426 -0.0658 -0.2774
v 0.4827 0.0334 -0.2900
v 0.4714 0.0944 -0.2896
v 0.4269 0.1849 -0.2885
v 0.4472 0.1652 -0.2910
v 0.4339 0.2014 -0.2840
v 0.2772 0.3639 -0.1711
v 0.2693 0.3633 -0.1539
v 0.3941 0.2724 -0.2562
v 0.3711 0.3121 -0.1975
v 0.3326 0.3504 -0.1805
v 0.3037 0.3485 -0.1719
v 0.3643 0.3219 -0.1858
v -0.1117 -0.6641 0.1269
v -0.1144 -0.6648 0.1267
v -0.1246 -0.6750 0.1346
v -0.1231 -0.6766 0.1351
v -0.1232 -0.6770 0.1347
v -0.1241 -0.6757 0.1346
v -0.1155 -0.6715 0.1350
v -0.1132 -0.6700 0.1351
v -0.1118 -0.6678 0.1351
v -0.1345 -0.6616 0.1280
v -0.1337 -0.6671 0.1308
v -0.1338 -0.6677 0.1300
v -0.1329 -0.6686 0.1303
v -0.1326 -0.6684 0.1299
v -0.1322 -0.6683 0.1295
v -0.1188 -0.6744 0.1315
v -0.1206 -0.6756 0.1311
v -0.1115 -0.6603 0.1273
v -0.1134 -0.6607 0.1272
v -0.1139 -0.6604 0.1269
v -0.1144 -0.6602 0.1266
v -0.1142 -0.6601 0.1262
v -0.1144 -0.6599 0.1258
v -0.1150 -0.6600 0.1253
v -0.1149 -0.6592 0.1248
v -0.1133 -0.6746 0.1326
v -0.1139 -0.6739 0.1331
v 0.2937 0.3545 -0.1596
v 0.3272 0.3272 -0.1303
v 0.3505 0.2899 -0.0527
v 0.3746 0.2697 -0.0242
v 0.4069 0.0961 0.0200
v 0.3758 0.1952 0.0155
v 0.3828 0.1621 0.0204
v 0.3969 0.0128 -0.0141
v 0.3880 -0.0115 -0.0362
v 0.3540 -0.0944 -0.0774
v 0.3832 -0.1036 -0.2375
v 0.4676 -0.0011 -0.2898
v 0.4809 0.0720 -0.2910
v 0.4323 -0.0992 -0.2729
v 0.4569 0.1406 -0.2913
v 0.4521 0.1856 -0.2866
v 0.4260 0.2333 -0.2742
v 0.4595 0.1069 -0.2928
v 0.2869 0.3645 -0.1693
v 0.2809 0.3668 -0.1618
v -0.1318 -0.6684 0.1293
v -0.1307 -0.6688 0.1291
v -0.1298 -0.6684 0.1289
v -0.1113 -0.6643 0.1273
v -0.1103 -0.6643 0.1275
v -0.1101 -0.6638 0.1269
v -0.1137 -0.6642 0.1264
v -0.1152 -0.6705 0.1301
v -0.1241 -0.6757 0.1347
v -0.1073 -0.6691 0.1359
v -0.1060 -0.6674 0.1357
v -0.1255 -0.6617 0.1309
v -0.1336 -0.6657 0.1306
v -0.1347 -0.6659 0.1302
v -0.1360 -0.6647 0.1289
v -0.1353 -0.6658 0.1298
v -0.1346 -0.6668 0.1297
v -0.1195 -0.6748 0.1310
v -0.1142 -0.6602 0.1265
v -0.1138 -0.6742 0.1327
v 0.2793 0.3624 -0.1523
v 0.3911 0.3149 -0.1207
v 0.3771 0.2996 -0.0835
v 0.3710 0.2821 -0.0394
v 0.3948 0.2679 -0.0284
v 0.4132 0.0583 0.0133
v 0.3999 0.0464 0.0015
v 0.3802 -0.0292 -0.0490
v 0.3648 -0.0680 -0.0740
v 0.3488 -0.1498 -0.2229
v 0.4831 0.0090 -0.2919
v 0.4979 0.0566 -0.2881
v 0.4663 0.1614 -0.2876
v 0.4140 0.2686 -0.2498
v 0.4771 0.1343 -0.2912
v 0.4053 0.3105 -0.1950
v 0.3050 0.3522 -0.1673
v -0.1211 -0.6656 0.1288
v -0.1194 -0.6648 0.1289
v -0.1255 -0.6667 0.1284
v -0.1232 -0.6660 0.1285
v -0.1104 -0.6648 0.1280
v -0.1147 -0.6699 0.1302
v -0.1189 -0.6719 0.1313
v -0.1209 -0.6734 0.1315
v -0.1128 -0.6703 0.1349
v -0.1051 -0.6692 0.1361
v -0.1053 -0.6688 0.1363
v -0.1055 -0.6686 0.1362
v -0.1063 -0.6686 0.1361
v -0.1188 -0.6545 0.1274
v -0.1352 -0.6646 0.1296
v -0.1343 -0.6658 0.1289
v -0.1185 -0.6739 0.1308
v -0.1138 -0.6742 0.1324
v 0.2974 0.3488 -0.1549
v 0.3358 0.3554 -0.1437
v 0.3507 0.3221 -0.1326
v 0.3819 0.2277 0.0035
v 0.3694 0.2182 0.0090
v 0.4033 0.1740 0.0187
v 0.4153 0.0153 0.0049
v 0.3838 -0.0413 -0.0416
v 0.3789 -0.1415 -0.2473
v 0.4691 -0.0363 -0.2875
v 0.5285 0.0393 -0.2848
v 0.4964 0.0839 -0.2855
v 0.4661 0.1932 -0.2784
v 0.4429 0.2523 -0.2576
v 0.4605 0.2340 -0.2614
v 0.4047 0.2898 -0.2260
v 0.3850 0.3245 -0.1861
v 0.3466 0.3493 -0.1815
v 0.3392 0.3632 -0.1703
v 0.3599 0.3345 -0.1777
v 0.2989 0.3542 -0.1655
v -0.1145 -0.6634 0.1286
v -0.1233 -0.6656 0.1285
v -0.1103 -0.6643 0.1288
v -0.1104 -0.6644 0.1285
v -0.1103 -0.6646 0.1283
v -0.1136 -0.6692 0.1300
v -0.1142 -0.6706 0.1301
v -0.1114 -0.6700 0.1298
v -0.1101 -0.6688 0.1299
v -0.1121 -0.6683 0.1299
v -0.1105 -0.6671 0.1309
v -0.1174 -0.6709 0.1313
v -0.1193 -0.6723 0.1314
v -0.1173 -0.6707 0.1311
v -0.1197 -0.6729 0.1316
v -0.1112 -0.6710 0.1342
v -0.1046 -0.6686 0.1363
v -0.1049 -0.6672 0.1359
v -0.1205 -0.6589 0.1307
v -0.1358 -0.6645 0.1291
v -0.1358 -0.6645 0.1290
v -0.1354 -0.6648 0.1285
v -0.1157 -0.6733 0.1314
v -0.1167 -0.6734 0.1311
v -0.1164 -0.6730 0.1309
v 0.2876 0.3632 -0.1602
v 0.3485 0.3624 -0.1476
v 0.3768 0.3239 -0.1312
v 0.3925 0.2847 -0.0554
v 0.4566 0.1128 0.0255
v 0.4089 0.2119 0.0065
v 0.4412 0.1737 0.0161
v 0.4436 0.1388 0.0238
v 0.4448 0.0877 0.0252
v 0.4271 0.0687 0.0190
v 0.4046 -0.0256 -0.0108
v 0.3767 -0.0848 -0.0313
v 0.3207 -0.1572 -0.0805
v 0.3381 -0.1457 -0.1994
v 0.4587 -0.0886 -0.2823
v 0.5228 0.0046 -0.2892
v 0.5294 0.0634 -0.2856
v 0.4890 0.1106 -0.2858
v 0.3988 -0.1711 -0.2756
v 0.4286 -0.1407 -0.2798
v 0.4924 0.1482 -0.2830
v 0.4333 0.2897 -0.2135
v 0.4174 0.2972 -0.2136
v 0.3739 0.3447 -0.1689
v 0.3462 0.3607 -0.1757
v 0.3015 0.3524 -0.1611
v -0.1266 -0.6667 0.1283
v -0.1249 -0.6660 0.1284
v -0.1096 -0.6645 0.1293
v -0.1095 -0.6645 0.1288
v -0.1096 -0.6691 0.1299
v -0.1089 -0.6684 0.1299
v -0.1139 -0.6686 0.1308
v -0.1193 -0.6732 0.1318
v -0.1128 -0.6712 0.1346
v -0.1072 -0.6707 0.1339
v -0.1047 -0.6688 0.1362
v -0.1172 -0.6540 0.1286
v -0.1347 -0.6637 0.1279
v -0.1153 -0.6736 0.1318
v -0.1149 -0.6731 0.1314
v 0.3534 0.3325 -0.1405
v 0.3670 0.3472 -0.1491
v 0.3906 0.3476 -0.1415
v 0.4037 0.3260 -0.1299
v 0.4146 0.2939 -0.0782
v 0.4041 0.2318 0.0013
v 0.4102 0.2543 -0.0155
v 0.4340 0.1934 0.0136
v 0.4367 0.0323 0.0196
v 0.4169 -0.0159 0.0026
v 0.2997 -0.1733 -0.1278
v 0.5046 -0.0525 -0.2903
v 0.5190 -0.0297 -0.2889
v 0.5293 0.0884 -0.2829
v 0.5189 0.1008 -0.2853
v 0.4506 -0.1175 -0.2846
v 0.4987 0.1992 -0.2671
v 0.4816 0.2118 -0.2695
v 0.4031 0.3196 -0.1884
v 0.4259 0.3475 -0.1747
v 0.4020 0.3488 -0.1721
v 0.3541 0.3589 -0.1751
v 0.3447 0.3657 -0.1543
v -0.1133 -0.6617 0.1283
v -0.1114 -0.6613 0.1285
v -0.1098 -0.6644 0.1299
v -0.1080 -0.6690 0.1304
v -0.1093 -0.6697 0.1300
v -0.1079 -0.6684 0.1303
v -0.1103 -0.6676 0.1300
v -0.1131 -0.6683 0.1309
v -0.1046 -0.6686 0.1361
v -0.1142 -0.6574 0.1314
v -0.1127 -0.6540 0.1302
v -0.1153 -0.6513 0.1273
v -0.1178 -0.6525 0.1273
v -0.1176 -0.6511 0.1265
v -0.1177 -0.6516 0.1265
v -0.1340 -0.6630 0.1276
v -0.1156 -0.6737 0.1321
v -0.1154 -0.6738 0.1320
v -0.1142 -0.6734 0.1318
v 0.3621 0.3495 -0.1503
v 0.4100 0.3499 -0.1380
v 0.4186 0.3091 -0.1225
v 0.4599 0.1573 0.0194
v 0.4722 0.1198 0.0229
v 0.4461 0.0635 0.0210
v 0.4587 0.0802 0.0248
v 0.3162 -0.1773 -0.1881
v 0.2995 -0.1753 -0.1138
v 0.3271 -0.1914 -0.2295
v 0.3277 -0.2095 -0.2478
v 0.4871 -0.0943 -0.2882
v 0.5043 -0.0738 -0.2883
v 0.5466 0.0330 -0.2793
v 0.5476 0.0634 -0.2789
v 0.5166 0.1637 -0.2756
v 0.4663 0.2745 -0.2207
v 0.4927 0.2305 -0.2519
v 0.4562 0.3023 -0.1872
v 0.4299 0.3185 -0.1781
v 0.3744 0.3497 -0.1623
v 0.3676 0.3490 -0.1673
v -0.1097 -0.6616 0.1293
v -0.1159 -0.6613 0.1278
v -0.1097 -0.6606 0.1288
v -0.1095 -0.6624 0.1300
v -0.1099 -0.6639 0.1303
v -0.1100 -0.6645 0.1304
v -0.1115 -0.6681 0.1315
v -0.1177 -0.6727 0.1320
v -0.1171 -0.6728 0.1321
v -0.1136 -0.6720 0.1345
v -0.1046 -0.6687 0.1361
v -0.1053 -0.6528 0.1317
v -0.1112 -0.6537 0.1305
v -0.1140 -0.6508 0.1274
v -0.1134 -0.6508 0.1278
v -0.1174 -0.6500 0.1257
v -0.1177 -0.6516 0.1264
v -0.1319 -0.6616 0.1270
v -0.1153 -0.6729 0.1325
v -0.1152 -0.6730 0.1324
v -0.1153 -0.6733 0.1323
v -0.1151 -0.6734 0.1322
v 0.3574 0.3654 -0.1545
v 0.4208 0.3176 -0.1322
v 0.4432 0.2966 -0.1085
v 0.4376 0.2223 0.0000
v 0.4577 0.1828 0.0120
v 0.4330 0.0001 0.0126
v 0.4338 -0.0363 0.0187
v 0.4095 -0.0794 0.0054
v 0.4483 -0.0133 0.0223
v 0.3915 -0.0852 -0.0102
v 0.5383 -0.0298 -0.2823
v 0.5483 0.0049 -0.2827
v 0.5758 0.0388 -0.2726
v 0.5293 0.1149 -0.2816
v 0.5180 0.1336 -0.2798
v 0.4517 -0.1524 -0.2860
v 0.5158 0.1932 -0.2643
v 0.5071 0.2424 -0.2323
v 0.4860 0.2591 -0.2236
v 0.3620 0.3614 -0.1647
v 0.3539 0.3659 -0.1656
v -0.1119 -0.6606 0.1278
v -0.1095 -0.6633 0.1308
v -0.1095 -0.6638 0.1310
v -0.1092 -0.6672 0.1301
v -0.1092 -0.6666 0.1304
v -0.1089 -0.6666 0.1302
v -0.1102 -0.6681 0.1325
v -0.1136 -0.6724 0.1339
v -0.1133 -0.6725 0.1343
v -0.1051 -0.6694 0.1359
v -0.1197 -0.6567 0.1266
v -0.1277 -0.6593 0.1266
v -0.1180 -0.6545 0.1264
v -0.1064 -0.6514 0.1308
v -0.1105 -0.6593 0.1327
v -0.1059 -0.6562 0.1327
v -0.1294 -0.6606 0.1266
v 0.3686 0.3528 -0.1566
v 0.4207 0.3565 -0.1459
v 0.3750 0.3495 -0.1526
v 0.4313 0.3261 -0.1386
v 0.4457 0.3049 -0.1196
v 0.4494 0.2678 -0.0485
v 0.4525 0.2285 -0.0121
v 0.4694 0.2501 -0.0370
v 0.4801 0.1679 0.0108
v 0.4756 0.0518 0.0278
v 0.4940 0.0773 0.0269
v 0.4570 0.0235 0.0264
v 0.5054 0.1057 0.0210
v 0.3788 -0.1238 -0.0087
v 0.2757 -0.2121 -0.1353
v 0.5173 -0.0953 -0.2864
v 0.5483 0.0877 -0.2737
v 0.3597 -0.2138 -0.2729
v 0.4139 -0.1951 -0.2882
v 0.4395 -0.1869 -0.2917
v 0.4754 -0.1345 -0.2869
v 0.4493 0.3362 -0.1649
v -0.1144 -0.6610 0.1276
v -0.1091 -0.6630 0.1312
v -0.1090 -0.6660 0.1302
v -0.1094 -0.6665 0.1307
v -0.1089 -0.6671 0.1299
v -0.1089 -0.6659 0.1296
v -0.1072 -0.6677 0.1338
v -0.1095 -0.6691 0.1329
v -0.1108 -0.6694 0.1327
v -0.1135 -0.6722 0.1338
v -0.1093 -0.6704 0.1336
v -0.1055 -0.6696 0.1356
v -0.1054 -0.6696 0.1356
v -0.1175 -0.6510 0.1258
v -0.1174 -0.6504 0.1257
v -0.1172 -0.6498 0.1255
v -0.1175 -0.6513 0.1259
v -0.1186 -0.6564 0.1264
v -0.1207 -0.6589 0.1263
v -0.1040 -0.6561 0.1327
v -0.0977 -0.6524 0.1313
v -0.1005 -0.6467 0.1302
v -0.1078 -0.6499 0.1296
v -0.1112 -0.6505 0.1289
v 0.4284 0.3520 -0.1414
v 0.4635 0.2888 -0.1110
v 0.4619 0.2096 -0.0034
v 0.3576 -0.1501 -0.0239
v 0.3273 -0.1750 -0.0489
v 0.2935 -0.2209 -0.2120
v 0.2903 -0.1996 -0.1640
v 0.2776 -0.2099 -0.1166
v 0.5348 -0.0531 -0.2846
v 0.5705 -0.0253 -0.2761
v 0.5689 -0.0062 -0.2787
v 0.5791 0.0691 -0.2693
v 0.5442 0.1117 -0.2740
v 0.5364 0.1422 -0.2684
v 0.3745 -0.2204 -0.2819
v 0.4671 -0.1756 -0.2906
v 0.5347 0.1600 -0.2642
v 0.5267 0.1949 -0.2540
v 0.5236 0.2300 -0.2310
v 0.4692 0.2897 -0.1934
v 0.4677 0.3003 -0.1848
v 0.4226 0.3552 -0.1639
v -0.1095 -0.6660 0.1310
v -0.1092 -0.6659 0.1308
v -0.1097 -0.6658 0.1313
v -0.1094 -0.6662 0.1317
v -0.1078 -0.6685 0.1333
v -0.1082 -0.6693 0.1331
v -0.1130 -0.6714 0.1332
v -0.1146 -0.6718 0.1327
v -0.1133 -0.6719 0.1335
v -0.1081 -0.6702 0.1333
v -0.1078 -0.6709 0.1325
v -0.1079 -0.6707 0.1327
v -0.1069 -0.6716 0.1323
v -0.1068 -0.6711 0.1331
v -0.1065 -0.6712 0.1329
v -0.1093 -0.6701 0.1333
v -0.1052 -0.6695 0.1355
v -0.1173 -0.6582 0.1265
v -0.1212 -0.6618 0.1261
v -0.1217 -0.6604 0.1260
v -0.1022 -0.6578 0.1322
v -0.0858 -0.6483 0.1350
v -0.1034 -0.6476 0.1296
v 0.4430 0.3403 -0.1467
v 0.4812 0.3284 -0.1306
v 0.4567 0.2988 -0.1182
v 0.4760 0.1924 -0.0008
v 0.5043 0.1697 0.0052
v 0.5185 0.1523 0.0062
v 0.5167 0.1345 0.0129
v 0.4958 0.0108 0.0278
v 0.4691 -0.0093 0.0276
v 0.4496 -0.0539 0.0246
v 0.4365 -0.0691 0.0193
v 0.4061 -0.1179 0.0104
v 0.2673 -0.2612 -0.0655
v 0.5522 -0.0638 -0.2826
v 0.5843 0.0127 -0.2720
v 0.5748 0.0941 -0.2628
v 0.5182 -0.1463 -0.2842
v 0.5530 0.1892 -0.2400
v 0.5177 0.2735 -0.1821
v 0.4841 0.2918 -0.1803
v 0.4413 0.3530 -0.1617
v -0.1089 -0.6663 0.1321
v -0.1078 -0.6667 0.1333
v -0.1050 -0.6656 0.1344
v -0.1045 -0.6656 0.1347
v -0.1074 -0.6698 0.1334
v -0.1080 -0.6704 0.1329
v -0.1079 -0.6706 0.1327
v -0.1078 -0.6711 0.1324
v -0.1073 -0.6715 0.1320
v -0.1067 -0.6716 0.1326
v -0.1067 -0.6714 0.1328
v -0.1046 -0.6672 0.1352
v -0.1047 -0.6688 0.1357
v -0.1048 -0.6690 0.1358
v -0.1181 -0.6599 0.1268
v -0.1222 -0.6608 0.1258
v -0.1031 -0.6579 0.1329
v -0.0859 -0.6377 0.1313
v -0.0959 -0.6411 0.1286
v -0.0994 -0.6438 0.1288
v -0.0876 -0.6358 0.1297
v 0.4464 0.3345 -0.1443
v 0.4703 0.3325 -0.1353
v 0.4641 0.3074 -0.1238
v 0.4806 0.2876 -0.1217
v 0.4893 0.2659 -0.0774
v 0.5028 0.2709 -0.1046
v 0.4860 0.2338 -0.0262
v 0.4769 0.2213 -0.0131
v 0.4929 0.2063 -0.0107
v 0.5101 0.1977 -0.0097
v 0.5151 0.0283 0.0285
v 0.5237 0.0879 0.0197
v 0.4344 -0.0946 0.0229
v 0.3227 -0.2033 -0.0369
v 0.5961 0.0384 -0.2586
v 0.5974 0.0651 -0.2562
v 0.5737 0.1219 -0.2589
v 0.5584 0.1578 -0.2548
v 0.3180 -0.2844 -0.2776
v 0.4087 -0.2172 -0.2894
v 0.5006 -0.1620 -0.2872
v 0.4519 -0.2127 -0.2907
v 0.4787 -0.1997 -0.2848
v 0.5643 0.1697 -0.2458
v 0.5438 0.2048 -0.2396
v 0.5399 0.2218 -0.2288
v 0.5628 0.2210 -0.2041
v 0.4915 0.3003 -0.1723
v 0.4839 0.3241 -0.1740
v 0.4580 0.3378 -0.1604
v 0.4382 0.3562 -0.1560
v -0.1087 -0.6662 0.1325
v -0.1082 -0.6666 0.1333
v -0.1043 -0.6652 0.1346
v -0.1044 -0.6624 0.1330
v -0.1077 -0.6699 0.1329
v -0.1077 -0.6713 0.1322
v -0.1063 -0.6713 0.1327
v -0.1063 -0.6711 0.1329
v -0.1191 -0.6611 0.1272
v -0.1223 -0.6609 0.1255
v -0.0824 -0.6380 0.1304
v -0.0830 -0.6298 0.1292
v -0.0855 -0.6307 0.1286
v 0.4413 0.3539 -0.1507
v 0.4747 -0.0441 0.0255
v 0.5432 0.0629 0.0178
v 0.4745 -0.0771 0.0310
v 0.4113 -0.1604 0.0181
v 0.3657 -0.1852 -0.0053
v 0.3480 -0.1942 -0.0160
v 0.5437 -0.1330 -0.2786
v 0.5657 -0.1146 -0.2719
v 0.5703 -0.0554 -0.2767
v 0.6180 0.0397 -0.2442
v 0.6180 0.0650 -0.2427
v 0.5665 0.1469 -0.2521
v 0.5381 0.2652 -0.1723
v 0.4867 0.3323 -0.1669
v 0.4514 0.3416 -0.1598
v -0.1068 -0.6700 0.1322
v -0.1072 -0.6699 0.1323
v -0.1065 -0.6707 0.1320
v -0.1201 -0.6621 0.1275
v -0.1223 -0.6611 0.1253
v -0.1037 -0.6609 0.1336
v -0.1035 -0.6606 0.1334
v -0.0836 -0.6296 0.1289
v -0.0845 -0.6297 0.1286
v 0.4556 0.3379 -0.1507
v 0.4809 0.3008 -0.1299
v 0.5111 0.2754 -0.1147
v 0.5200 0.2304 -0.0406
v 0.5531 0.1319 0.0007
v 0.5431 -0.0126 0.0246
v 0.5702 0.1154 -0.0035
v 0.5538 0.0819 0.0133
v 0.5048 -0.0518 0.0296
v 0.4557 -0.1041 0.0277
v 0.4354 -0.1323 0.0234
v 0.2413 -0.2629 -0.1190
v 0.5681 -0.0842 -0.2736
v 0.5890 -0.0473 -0.2650
v 0.5891 -0.0233 -0.2634
v 0.5965 0.0073 -0.2622
v 0.6091 0.0952 -0.2360
v 0.4082 -0.2601 -0.2960
v 0.3609 -0.2658 -0.2900
v 0.4369 -0.2432 -0.2924
v 0.4965 -0.2181 -0.2812
v 0.5139 0.3147 -0.1596
v 0.4512 0.3422 -0.1546
v -0.1067 -0.6700 0.1320
v -0.1208 -0.6626 0.1275
v -0.1225 -0.6610 0.1250
v -0.1036 -0.6616 0.1337
v -0.0835 -0.6292 0.1287
v 0.4943 0.3376 -0.1443
v 0.5053 0.3152 -0.1410
v 0.5276 0.2387 -0.0579
v 0.5452 0.1858 -0.0195
v 0.5693 0.1603 -0.0223
v 0.5382 0.0321 0.0234
v 0.4462 -0.1543 0.0269
v 0.3434 -0.2363 -0.0094
v 0.3049 -0.2334 -0.0387
v 0.2331 -0.2758 -0.1408
v 0.5525 -0.1529 -0.2700
v 0.6108 -0.0161 -0.2520
v 0.6196 0.0096 -0.2483
v 0.6022 0.1150 -0.2391
v 0.5999 0.1421 -0.2234
v 0.5227 -0.2051 -0.2743
v 0.4768 -0.2316 -0.2871
v 0.5790 0.2076 -0.1961
v 0.5261 0.2845 -0.1739
v 0.5627 0.2359 -0.1878
v 0.4988 0.3352 -0.1582
v -0.1218 -0.6634 0.1276
v -0.1230 -0.6633 0.1263
v -0.1223 -0.6613 0.1248
v -0.1206 -0.6619 0.1249
v -0.1039 -0.6632 0.1341
v -0.1026 -0.6597 0.1326
v -0.1040 -0.6633 0.1342
v -0.1012 -0.6560 0.1309
v -0.0835 -0.6284 0.1283
v 0.4975 0.3312 -0.1395
v 0.5377 0.3014 -0.1282
v 0.5288 0.2625 -0.1142
v 0.5397 0.2256 -0.0522
v 0.5317 -0.0347 0.0278
v 0.5717 0.0918 0.0038
v 0.5684 0.0635 0.0098
v 0.5104 -0.0950 0.0287
v 0.4654 -0.1311 0.0290
v 0.4003 -0.1875 0.0132
v 0.3633 -0.2259 0.0011
v 0.3192 -0.2398 -0.0236
v 0.2457 -0.2880 -0.2056
v 0.5952 -0.1476 -0.2418
v 0.5863 -0.0980 -0.2627
v 0.5986 -0.0759 -0.2571
v 0.6144 -0.0438 -0.2509
v 0.6264 0.0207 -0.2400
v 0.6029 0.1279 -0.2307
v 0.5955 0.1687 -0.2192
v 0.4237 -0.2756 -0.2923
v 0.5520 0.3027 -0.1604
v 0.5631 0.2492 -0.1762
v 0.5646 0.2792 -0.1518
v 0.5416 0.2753 -0.1667
v 0.5005 0.3291 -0.1640
v -0.1226 -0.6635 0.1275
v -0.1211 -0.6618 0.1246
v -0.1217 -0.6616 0.1247
v -0.1223 -0.6615 0.1245
v -0.1201 -0.6620 0.1247
v -0.1039 -0.6639 0.1343
v -0.1038 -0.6639 0.1343
v -0.1037 -0.6631 0.1339
v -0.1022 -0.6576 0.1314
v -0.1041 -0.6633 0.1342
v -0.0834 -0.6284 0.1282
v -0.0834 -0.6284 0.1283
v 0.5060 0.3321 -0.1460
v 0.5574 0.2373 -0.1014
v 0.5567 0.1964 -0.0371
v 0.6050 0.0881 -0.0173
v 0.5710 0.0016 0.0160
v 0.5816 0.0723 0.0017
v 0.5809 0.0479 0.0086
v 0.5038 -0.1843 0.0181
v 0.4296 -0.1904 0.0205
v 0.3802 -0.2514 0.0119
v 0.3072 -0.2657 -0.0273
v 0.2840 -0.2616 -0.0451
v 0.2379 -0.2744 -0.1049
v 0.2644 -0.3065 -0.2510
v 0.3562 -0.2884 -0.2908
v 0.5540 -0.1853 -0.2610
v 0.5792 -0.1682 -0.2499
v 0.6208 -0.0115 -0.2433
v 0.6359 0.0136 -0.2273
v 0.6359 0.0424 -0.2182
v 0.6358 0.0687 -0.2169
v 0.5410 -0.2036 -0.2646
v 0.5836 0.2240 -0.1740
v 0.5748 0.2428 -0.1736
v 0.5601 0.2979 -0.1588
v -0.1244 -0.6637 0.1271
v -0.1213 -0.6635 0.1258
v -0.1037 -0.6641 0.1343
v -0.1028 -0.6571 0.1304
v -0.1019 -0.6541 0.1293
v -0.0896 -0.6464 0.1300
v -0.0831 -0.6289 0.1284
v 0.5175 0.3114 -0.1395
v 0.5389 0.2694 -0.1238
v 0.5571 0.2436 -0.1083
v 0.6074 0.1315 -0.0399
v 0.5842 0.0217 0.0085
v 0.5351 -0.1081 0.0247
v 0.4944 -0.1317 0.0268
v 0.4432 -0.2151 0.0221
v 0.4730 -0.2014 0.0216
v 0.4119 -0.2245 0.0194
v 0.3290 -0.2635 -0.0110
v 0.2125 -0.3099 -0.1258
v 0.2095 -0.3206 -0.1463
v 0.2561 -0.2982 -0.2353
v 0.3211 -0.3022 -0.2849
v 0.3290 -0.3212 -0.2909
v 0.6046 -0.1283 -0.2422
v 0.6257 -0.0821 -0.2317
v 0.6319 -0.0364 -0.2297
v 0.6316 0.0967 -0.2079
v 0.6319 0.1210 -0.2024
v 0.3855 -0.2908 -0.2931
v 0.5232 -0.2286 -0.2638
v 0.5968 0.1984 -0.1850
v 0.5221 0.3138 -0.1538
v 0.5728 0.2754 -0.1482
v 0.5095 0.3311 -0.1535
v 0.5147 0.3212 -0.1536
v -0.1248 -0.6633 0.1269
v -0.1215 -0.6639 0.1260
v -0.1026 -0.6523 0.1284
v -0.0829 -0.6299 0.1287
v -0.0830 -0.6293 0.1285
v 0.5152 0.3185 -0.1485
v 0.5455 0.3073 -0.1357
v 0.5559 0.3015 -0.1345
v 0.5872 0.2136 -0.1007
v 0.5697 0.2004 -0.0577
v 0.5891 0.1880 -0.0654
v 0.5670 -0.0771 0.0188
v 0.5986 0.0474 -0.0021
v 0.3672 -0.2810 0.0097
v 0.3231 -0.2866 -0.0066
v 0.2480 -0.3286 -0.0404
v 0.2861 -0.2892 -0.0274
v 0.2480 -0.2969 -0.0607
v 0.2085 -0.3235 -0.1070
v 0.2161 -0.3285 -0.1824
v 0.3818 -0.3221 -0.2966
v 0.6238 -0.1052 -0.2245
v 0.6320 -0.0123 -0.2264
v 0.6492 0.0122 -0.2124
v 0.6518 0.0431 -0.1996
v 0.6498 0.0668 -0.2018
v 0.6145 0.1443 -0.2033
v 0.4304 -0.3126 -0.2897
v 0.4625 -0.2980 -0.2778
v 0.5183 -0.2559 -0.2590
v 0.5477 -0.2164 -0.2512
v 0.5634 -0.1995 -0.2423
v 0.5983 0.2085 -0.1764
v 0.5941 0.2280 -0.1623
v 0.5545 0.3066 -0.1528
v 0.5893 0.2616 -0.1586
v -0.1251 -0.6630 0.1267
v -0.1218 -0.6642 0.1261
v -0.1217 -0.6640 0.1261
v -0.1072 -0.6487 0.1270
v -0.0903 -0.6395 0.1267
v -0.0828 -0.6301 0.1288
v 0.5219 0.3142 -0.1480
v 0.5529 0.2831 -0.1328
v 0.5633 0.2780 -0.1354
v 0.5648 0.2653 -0.1252
v 0.6007 0.2622 -0.1265
v 0.6130 0.1511 -0.0605
v 0.6175 0.0910 -0.0310
v 0.5916 -0.0029 0.0053
v 0.5345 -0.1487 0.0159
v 0.3886 -0.2714 0.0153
v 0.2872 -0.3413 -0.2767
v 0.3623 -0.3409 -0.2940
v 0.6142 -0.1293 -0.2296
v 0.6523 -0.0113 -0.2065
v 0.6470 0.1035 -0.1874
v 0.6163 0.1625 -0.1919
v 0.5333 -0.2491 -0.2485
v 0.6115 0.2000 -0.1725
v 0.6181 0.2390 -0.1411
v 0.5575 0.3074 -0.1417
v 0.6008 0.2572 -0.1560
v 0.6043 0.2630 -0.1495
v 0.5991 0.2683 -0.1392
v 0.5692 0.2819 -0.1463
v -0.1253 -0.6626 0.1264
v -0.1251 -0.6624 0.1262
v -0.1241 -0.6638 0.1254
v -0.1228 -0.6641 0.1257
v -0.1084 -0.6548 0.1267
v -0.1089 -0.6521 0.1264
v -0.0825 -0.6304 0.1289
v 0.5664 0.2983 -0.1413
v 0.5733 0.2395 -0.1118
v 0.5922 0.2677 -0.1293
v 0.5764 0.2719 -0.1335
v 0.6271 0.1091 -0.0542
v 0.6198 -0.0053 -0.0155
v 0.5997 -0.0273 0.0051
v 0.6255 0.0126 -0.0207
v 0.4577 -0.2416 0.0123
v 0.5322 -0.1840 0.0095
v 0.4299 -0.2542 0.0173
v 0.2951 -0.3140 -0.0154
v 0.2246 -0.3398 -0.2163
v 0.2367 -0.3424 -0.2390
v 0.2103 -0.3682 -0.0639
v 0.2538 -0.3422 -0.2580
v 0.5807 -0.2107 -0.2226
v 0.5994 -0.1887 -0.2140
v 0.6127 -0.1737 -0.2007
v 0.6363 -0.0819 -0.2187
v 0.6523 -0.0319 -0.2077
v 0.6651 0.0161 -0.1814
v 0.4426 -0.3280 -0.2804
v 0.5619 -0.2310 -0.2341
v 0.4883 -0.3013 -0.2583
v 0.6140 0.1822 -0.1757
v 0.6209 0.2142 -0.1644
v 0.5666 0.3016 -0.1485
v 0.5727 0.2767 -0.1437
v -0.1244 -0.6626 0.1259
v -0.1242 -0.6626 0.1257
v -0.1241 -0.6628 0.1254
v -0.1240 -0.6631 0.1255
v -0.1244 -0.6635 0.1253
v -0.1116 -0.6559 0.1257
v -0.1128 -0.6550 0.1259
v -0.1154 -0.6514 0.1263
v -0.1149 -0.6515 0.1264
v -0.1092 -0.6507 0.1265
v -0.0964 -0.6406 0.1265
v -0.0842 -0.6315 0.1277
v -0.0832 -0.6319 0.1283
v -0.0822 -0.6315 0.1291
v 0.5666 0.2826 -0.1408
v 0.5891 0.2266 -0.1138
v 0.6411 0.0660 -0.0549
v 0.5584 -0.1368 0.0111
v 0.5292 -0.2256 -0.0071
v 0.4881 -0.2461 0.0067
v 0.3362 -0.3216 0.0052
v 0.3518 -0.3162 0.0091
v 0.4257 -0.2990 0.0130
v 0.4007 -0.3068 0.0150
v 0.3754 -0.3123 0.0105
v 0.1937 -0.3543 -0.1070
v 0.1901 -0.3739 -0.1405
v 0.2147 -0.3617 -0.2040
v 0.2073 -0.3498 -0.0845
v 0.3329 -0.3621 -0.2953
v 0.3873 -0.3472 -0.2922
v 0.6291 -0.1525 -0.1911
v 0.6409 -0.1292 -0.1778
v 0.6691 -0.0138 -0.1702
v 0.6654 0.0763 -0.1690
v 0.6512 0.1293 -0.1712
v 0.6329 0.1646 -0.1724
v 0.4671 -0.3411 -0.2587
v 0.5167 -0.3065 -0.2276
v 0.6215 0.1863 -0.1664
v 0.6107 0.2623 -0.1402
v -0.1239 -0.6624 0.1255
v -0.1101 -0.6567 0.1259
v -0.1114 -0.6564 0.1255
v -0.1124 -0.6562 0.1257
v -0.1152 -0.6510 0.1264
v -0.1149 -0.6513 0.1265
v -0.0860 -0.6311 0.1273
v -0.0841 -0.6278 0.1276
v -0.0835 -0.6290 0.1280
v 0.6090 0.2574 -0.1282
v 0.6107 0.2358 -0.1292
v 0.6056 0.1886 -0.0941
v 0.6255 0.1612 -0.0951
v 0.6428 0.1136 -0.0853
v 0.6161 -0.0371 -0.0072
v 0.5971 -0.0837 0.0030
v 0.5795 -0.1466 -0.0032
v 0.2570 -0.3805 -0.0079
v 0.2009 -0.3842 -0.1876
v 0.2360 -0.3692 -0.0335
v 0.2882 -0.3728 -0.2850
v 0.6809 0.0260 -0.1583
v 0.6487 0.1511 -0.1616
v 0.5474 -0.2822 -0.2031
v 0.5627 -0.2577 -0.2081
v 0.4912 -0.3272 -0.2460
v 0.6292 0.1928 -0.1577
v 0.6309 0.2127 -0.1585
v 0.6325 0.2232 -0.1490
v 0.6155 0.2536 -0.1420
v 0.6094 0.2622 -0.1327
v -0.1159 -0.6518 0.1259
v -0.1154 -0.6502 0.1262
v -0.1157 -0.6501 0.1260
v -0.1152 -0.6504 0.1264
v -0.1120 -0.6485 0.1266
v -0.1119 -0.6488 0.1266
v -0.0889 -0.6351 0.1271
v -0.0837 -0.6281 0.1278
v 0.6019 0.2098 -0.1069
v 0.6607 0.0715 -0.0921
v 0.4652 -0.2834 0.0048
v 0.5461 -0.2139 -0.0110
v 0.5782 -0.1929 -0.0268
v 0.3049 -0.3428 0.0031
v 0.1915 -0.3677 -0.0930
v 0.2266 -0.3705 -0.2319
v 0.2390 -0.3718 -0.2501
v 0.3357 -0.3987 -0.2933
v 0.6000 -0.2093 -0.1885
v 0.6488 -0.1032 -0.1831
v 0.6671 -0.0432 -0.1713
v 0.6764 0.0714 -0.1593
v 0.6682 0.1112 -0.1601
v 0.4317 -0.3482 -0.2791
v 0.4523 -0.3448 -0.2695
v 0.4056 -0.3698 -0.2859
v -0.1161 -0.6509 0.1257
v -0.1161 -0.6496 0.1258
v -0.1162 -0.6499 0.1260
v -0.1158 -0.6501 0.1262
v -0.1110 -0.6485 0.1270
v -0.1103 -0.6484 0.1273
v -0.0837 -0.6276 0.1278
v -0.0859 -0.6303 0.1276
v -0.0851 -0.6294 0.1276
v -0.0836 -0.6282 0.1279
v 0.6390 0.2172 -0.1244
v 0.6222 0.1892 -0.1104
v 0.6502 0.1204 -0.0949
v 0.6430 0.1499 -0.1054
v 0.6625 0.0407 -0.0822
v 0.6417 -0.0161 -0.0457
v 0.6394 -0.0564 -0.0355
v 0.6100 -0.1201 -0.0167
v 0.5017 -0.2660 -0.0037
v 0.3670 -0.3565 0.0210
v 0.3339 -0.3628 0.0197
v 0.3851 -0.3371 0.0161
v 0.4160 -0.3574 0.0159
v 0.3159 -0.3667 0.0173
v 0.1857 -0.3829 -0.1135
v 0.1827 -0.4150 -0.1416
v 0.2130 -0.3933 -0.2201
v 0.2025 -0.3747 -0.0773
v 0.2227 -0.3840 -0.0395
v 0.2523 -0.3744 -0.2623
v 0.3967 -0.3892 -0.2881
v 0.6568 -0.0863 -0.1700
v 0.6804 -0.0260 -0.1494
v 0.6897 0.0023 -0.1466
v 0.6638 0.1506 -0.1488
v 0.6650 0.1757 -0.1453
v 0.4241 -0.3674 -0.2846
v 0.4732 -0.3510 -0.2554
v 0.4885 -0.3446 -0.2386
v 0.5118 -0.3387 -0.1974
v 0.6407 0.1973 -0.1456
v 0.6425 0.2132 -0.1456
v 0.6452 0.2177 -0.1387
v 0.6198 0.2346 -0.1356
v 0.6146 0.2551 -0.1336
v -0.1164 -0.6497 0.1255
v -0.1161 -0.6497 0.1257
v -0.1160 -0.6494 0.1256
v -0.1162 -0.6497 0.1258
v -0.1010 -0.6444 0.1279
v -0.1074 -0.6480 0.1279
v -0.1112 -0.6482 0.1269
v -0.0869 -0.6320 0.1275
v -0.0846 -0.6283 0.1277
v -0.0836 -0.6278 0.1279
v -0.0835 -0.6285 0.1280
v 0.6324 0.1693 -0.1050
v 0.6485 0.0121 -0.0523
v 0.6629 -0.0440 -0.0714
v 0.6267 -0.1494 -0.0520
v 0.4993 -0.2952 -0.0137
v 0.5610 -0.2474 -0.0457
v 0.4482 -0.3452 0.0015
v 0.2308 -0.3959 -0.2500
v 0.1958 -0.4272 -0.0555
v 0.5752 -0.2556 -0.1799
v 0.6395 -0.1611 -0.1394
v 0.6951 0.0179 -0.1463
v 0.7046 0.0421 -0.1384
v 0.6771 0.1302 -0.1572
v 0.6651 0.1569 -0.1435
v 0.4415 -0.3557 -0.2776
v 0.4592 -0.3530 -0.2695
v 0.4861 -0.3530 -0.2400
v 0.5002 -0.3447 -0.2189
v 0.6161 0.2439 -0.1349
v -0.1165 -0.6502 0.1255
v -0.1164 -0.6494 0.1254
v -0.1036 -0.6467 0.1286
v -0.0882 -0.6340 0.1279
v -0.0862 -0.6306 0.1278
v -0.0842 -0.6279 0.1277
v -0.0840 -0.6278 0.1278
v -0.0838 -0.6277 0.1279
v -0.0837 -0.6277 0.1279
v -0.0835 -0.6279 0.1280
v -0.0842 -0.6279 0.1277
v 0.6427 0.2196 -0.1294
v 0.6473 0.1966 -0.1267
v 0.6500 0.1831 -0.1178
v 0.6724 0.1299 -0.1094
v 0.6781 0.0841 -0.1035
v 0.6742 0.0644 -0.0994
v 0.6316 -0.0869 -0.0323
v 0.5302 -0.2588 -0.0268
v 0.1890 -0.3945 -0.0891
v 0.1790 -0.4660 -0.1518
v 0.2126 -0.4207 -0.2248
v 0.2207 -0.4081 -0.0328
v 0.2075 -0.4272 -0.0425
v 0.2419 -0.3950 -0.2603
v 0.2552 -0.4155 -0.2682
v 0.3019 -0.4339 -0.2887
v 0.3663 -0.4364 -0.2896
v 0.5988 -0.2304 -0.1432
v 0.6616 -0.1059 -0.1408
v 0.6739 -0.0515 -0.1464
v 0.6719 -0.0728 -0.1417
v 0.7031 0.0669 -0.1461
v 0.7022 0.0914 -0.1398
v 0.6867 0.1315 -0.1465
v 0.4866 -0.3616 -0.2450
v 0.4729 -0.3673 -0.2758
v 0.4942 -0.3584 -0.2224
v 0.6517 0.1948 -0.1333
v 0.6702 0.1779 -0.1361
v -0.1166 -0.6509 0.1256
v -0.0983 -0.6418 0.1277
v -0.0941 -0.6388 0.1275
v -0.0932 -0.6384 0.1275
v -0.0898 -0.6359 0.1279
v -0.0890 -0.6351 0.1282
v -0.0869 -0.6316 0.1278
v 0.6471 0.2097 -0.1260
v 0.6752 0.1709 -0.1210
v 0.6721 0.1495 -0.1213
v 0.6705 0.0138 -0.0862
v 0.6876 0.1056 -0.1171
v 0.6594 -0.0696 -0.0672
v 0.6405 -0.1149 -0.0537
v 0.6040 -0.1887 -0.0498
v 0.4680 -0.3506 -0.0098
v 0.3739 -0.3740 0.0275
v 0.4062 -0.3837 0.0237
v 0.3037 -0.3980 0.0306
v 0.3244 -0.3996 0.0405
v 0.2585 -0.4127 0.0117
v 0.1793 -0.4403 -0.0835
v 0.2007 -0.4434 -0.2088
v 0.2251 -0.4200 -0.2452
v 0.2722 -0.4397 -0.2799
v 0.4274 -0.3862 -0.2996
v 0.6057 -0.2304 -0.1176
v 0.6237 -0.2038 -0.1161
v 0.6388 -0.1784 -0.1206
v 0.6500 -0.1551 -0.1245
v 0.6838 -0.0375 -0.1402
v 0.6990 -0.0190 -0.1327
v 0.7063 -0.0006 -0.1394
v 0.7186 0.0117 -0.1375
v 0.7054 0.1076 -0.1342
v 0.6931 0.1213 -0.1456
v 0.6774 0.1452 -0.1354
v 0.5588 -0.2793 -0.1690
v 0.4574 -0.3651 -0.2845
v 0.4872 -0.3715 -0.2599
v 0.4986 -0.3669 -0.2006
v 0.5140 -0.3473 -0.1691
v 0.5469 -0.3020 -0.1532
v 0.6561 0.1893 -0.1317
v 0.6501 0.2105 -0.1333
v -0.0917 -0.6372 0.1278
v 0.6781 0.1468 -0.1260
v 0.6893 0.1334 -0.1179
v 0.6785 0.0401 -0.0901
v 0.5366 -0.2887 -0.0450
v 0.5058 -0.3362 -0.0402
v 0.5908 -0.2237 -0.0531
v 0.4012 -0.4040 0.0365
v 0.2763 -0.4050 0.0198
v 0.3449 -0.3870 0.0369
v 0.1737 -0.4681 -0.1172
v 0.2167 -0.4491 -0.2407
v 0.2358 -0.4130 -0.2560
v 0.2336 -0.4441 -0.2588
v 0.3097 -0.4608 -0.2850
v 0.3995 -0.4215 -0.2984
v 0.3441 -0.4598 -0.2861
v 0.3629 -0.4681 -0.2862
v 0.5921 -0.2504 -0.1099
v 0.7200 0.0435 -0.1296
v 0.7164 0.0850 -0.1275
v 0.7182 0.0987 -0.1279
v 0.6764 0.1525 -0.1304
v 0.4426 -0.3723 -0.2936
v 0.5617 -0.2859 -0.1159
v 0.4960 -0.3705 -0.2274
v 0.5126 -0.3983 -0.2329
v 0.6702 0.1794 -0.1243
v 0.6759 0.1530 -0.1250
v 0.6988 0.1226 -0.1171
v 0.6982 0.0484 -0.1001
v 0.6932 0.0319 -0.0919
v 0.6958 0.0837 -0.1072
v 0.6690 -0.0570 -0.0730
v 0.5529 -0.2742 -0.0491
v 0.3738 -0.3980 0.0408
v 0.4200 -0.3965 0.0190
v 0.1862 -0.4947 -0.1751
v 0.2185 -0.4265 -0.0250
v 0.2358 -0.4277 -0.0038
v 0.2646 -0.4758 -0.2719
v 0.3857 -0.4457 -0.2951
v 0.6511 -0.1779 -0.1024
v 0.6690 -0.1616 -0.0985
v 0.6769 -0.0814 -0.1322
v 0.7216 0.0617 -0.1293
v 0.7168 -0.0104 -0.1375
v 0.7118 0.1065 -0.1270
v 0.6784 0.1687 -0.1290
v 0.6999 0.1246 -0.1297
v 0.4715 -0.3873 -0.2854
v 0.4943 -0.3958 -0.2672
v 0.5041 -0.3691 -0.1662
v 0.5112 -0.3561 -0.1383
v 0.7014 0.1114 -0.1190
v 0.6863 0.0104 -0.0910
v 0.6996 0.0930 -0.1122
v 0.7133 0.0617 -0.1015
v 0.6826 -0.0233 -0.0841
v 0.6584 -0.1024 -0.0627
v 0.6167 -0.1844 -0.0529
v 0.4522 -0.3939 -0.0016
v 0.4415 -0.3872 0.0065
v 0.3549 -0.4094 0.0476
v 0.2007 -0.4983 -0.2086
v 0.2124 -0.5021 -0.2271
v 0.2170 -0.4482 -0.0236
v 0.3840 -0.4698 -0.2890
v 0.6398 -0.2304 -0.0807
v 0.6795 -0.1088 -0.1149
v 0.7062 -0.0304 -0.1292
v 0.7054 -0.0716 -0.1213
v 0.6999 0.1254 -0.1216
v 0.4993 -0.3764 -0.2095
v 0.5149 -0.4131 -0.2437
v 0.4987 -0.3855 -0.1760
v 0.5322 -0.3237 -0.1139
v 0.7012 0.0291 -0.0904
v 0.7079 0.0846 -0.1059
v 0.7049 0.1071 -0.1174
v 0.6837 -0.0488 -0.0759
v 0.6445 -0.1410 -0.0556
v 0.6522 -0.1765 -0.0551
v 0.5756 -0.2723 -0.0520
v 0.5147 -0.3431 -0.0425
v 0.6140 -0.2252 -0.0546
v 0.6042 -0.2393 -0.0525
v 0.5996 -0.2771 -0.0480
v 0.4367 -0.4097 0.0173
v 0.4176 -0.4071 0.0253
v 0.3848 -0.4147 0.0538
v 0.3178 -0.3999 0.0473
v 0.2947 -0.4006 0.0395
v 0.2552 -0.4167 0.0192
v 0.1751 -0.5172 -0.1289
v 0.2256 -0.5032 -0.2430
v 0.1984 -0.4586 -0.0451
v 0.2342 -0.4327 0.0056
v 0.3131 -0.4673 -0.2872
v 0.4159 -0.4457 -0.2985
v 0.3792 -0.4784 -0.2896
v 0.4360 -0.4197 -0.3002
v 0.6085 -0.2662 -0.0850
v 0.6227 -0.2440 -0.0819
v 0.6517 -0.1876 -0.0865
v 0.6652 -0.1725 -0.0883
v 0.6805 -0.1332 -0.0980
v 0.7301 0.0254 -0.1393
v 0.7374 0.0126 -0.1443
v 0.7238 0.1041 -0.1282
v 0.7062 0.1117 -0.1246
v 0.4635 -0.4262 -0.2952
v 0.5034 -0.4290 -0.2686
v 0.5126 -0.3985 -0.2018
v 0.5083 -0.3767 -0.1095
v 0.5271 -0.3365 -0.1024
v 0.6966 0.0126 -0.0900
v 0.6948 -0.0015 -0.0861
v 0.6909 -0.0171 -0.0850
v 0.7093 0.0927 -0.1048
v 0.7196 0.0730 -0.0989
v 0.6861 -0.0679 -0.0665
v 0.6595 -0.1404 -0.0546
v 0.6427 -0.1876 -0.0541
v 0.6291 -0.2137 -0.0507
v 0.5685 -0.3092 -0.0476
v 0.5407 -0.3059 -0.0485
v 0.4800 -0.3759 -0.0288
v 0.5275 -0.3233 -0.0442
v 0.3709 -0.4216 0.0612
v 0.4533 -0.4167 0.0086
v 0.4294 -0.4316 0.0519
v 0.3898 -0.4369 0.0664
v 0.2674 -0.4096 0.0290
v 0.3422 -0.4071 0.0505
v 0.1755 -0.4775 -0.0803
v 0.1823 -0.5265 -0.1587
v 0.2128 -0.4721 -0.0171
v 0.2713 -0.4922 -0.2754
v 0.2991 -0.4776 -0.2875
v 0.3345 -0.4681 -0.2915
v 0.3516 -0.4700 -0.2911
v 0.5776 -0.2771 -0.1024
v 0.5904 -0.2798 -0.0807
v 0.6540 -0.1899 -0.0629
v 0.6782 -0.1532 -0.0810
v 0.7115 -0.1096 -0.1036
v 0.6878 -0.1296 -0.0937
v 0.7149 -0.0681 -0.1223
v 0.7272 0.0565 -0.1314
v 0.7449 -0.0297 -0.1440
v 0.7521 -0.0000 -0.1495
v 0.5624 -0.2917 -0.1064
v 0.5014 -0.3905 -0.1852
v 0.5261 -0.4328 -0.2421
v 0.4974 -0.4082 -0.1450
v 0.7095 0.0282 -0.0816
v 0.7088 0.1030 -0.1097
v 0.6604 -0.1646 -0.0526
v 0.5852 -0.2886 -0.0534
v 0.5007 -0.3581 -0.0363
v 0.6213 -0.2482 -0.0592
v 0.4712 -0.4056 -0.0200
v 0.4432 -0.4241 0.0288
v 0.4194 -0.4353 0.0599
v 0.3035 -0.3916 0.0681
v 0.2919 -0.3852 0.0966
v 0.1917 -0.4823 -0.0483
v 0.2000 -0.5476 -0.1886
v 0.3204 -0.4728 -0.2961
v 0.4540 -0.4611 -0.2936
v 0.5768 -0.3028 -0.0844
v 0.6497 -0.2007 -0.0652
v 0.6425 -0.2330 -0.0615
v 0.6651 -0.1769 -0.0653
v 0.7450 0.0388 -0.1516
v 0.7092 0.1082 -0.1204
v 0.7415 0.0920 -0.1445
v 0.7268 0.1240 -0.1277
v 0.7122 0.1118 -0.1159
v 0.5434 -0.3187 -0.1019
v 0.5595 -0.3223 -0.0779
v 0.5359 -0.4379 -0.2031
v 0.5172 -0.4238 -0.1624
v 0.5024 -0.4086 -0.1046
v 0.5099 -0.3929 -0.0887
v 0.7188 0.0575 -0.0931
v 0.7292 0.0606 -0.0706
v 0.6963 -0.0149 -0.0812
v 0.6843 -0.0879 -0.0567
v 0.6909 -0.0474 -0.0691
v 0.6890 -0.1143 -0.0453
v 0.6666 -0.1538 -0.0490
v 0.6630 -0.1748 -0.0533
v 0.6684 -0.1750 -0.0475
v 0.6601 -0.1785 -0.0578
v 0.6485 -0.1906 -0.0567
v 0.6471 -0.2014 -0.0583
v 0.6375 -0.2306 -0.0533
v 0.5564 -0.3287 -0.0481
v 0.5243 -0.3538 -0.0389
v 0.5467 -0.3498 -0.0386
v 0.4690 -0.4191 -0.0104
v 0.4748 -0.4355 -0.0002
v 0.4514 -0.4392 0.0452
v 0.3387 -0.4046 0.0592
v 0.2464 -0.4150 0.0376
v 0.1789 -0.5242 -0.0736
v 0.1747 -0.5223 -0.0955
v 0.2165 -0.5519 -0.2128
v 0.2367 -0.5506 -0.2347
v 0.2080 -0.4903 -0.0203
v 0.2189 -0.4392 0.0258
v 0.2131 -0.4667 -0.0005
v 0.2095 -0.4571 0.0175
v 0.2728 -0.4978 -0.2798
v 0.2806 -0.4901 -0.2832
v 0.4489 -0.4886 -0.2786
v 0.3754 -0.4829 -0.2963
v 0.6103 -0.2760 -0.0632
v 0.6227 -0.2511 -0.0656
v 0.6451 -0.2176 -0.0578
v 0.6866 -0.1477 -0.0789
v 0.7635 -0.0127 -0.1482
v 0.7597 0.0273 -0.1555
v 0.4909 -0.4396 -0.2784
v 0.5213 -0.4507 -0.2531
v 0.5430 -0.4524 -0.2133
v 0.7006 -0.0006 -0.0765
v 0.7200 0.1166 -0.0823
v 0.6906 -0.0815 -0.0515
v 0.6706 -0.1321 -0.0498
v 0.5762 -0.3086 -0.0529
v 0.4879 -0.3844 -0.0315
v 0.5181 -0.3761 -0.0264
v 0.4844 -0.3988 -0.0255
v 0.5362 -0.3674 -0.0381
v 0.3676 -0.4218 0.0664
v 0.4613 -0.4464 0.0532
v 0.4408 -0.4415 0.0608
v 0.4354 -0.4602 0.1036
v 0.2296 -0.4259 0.0365
v 0.1935 -0.5793 -0.1460
v 0.2103 -0.4809 -0.0005
v 0.2702 -0.5066 -0.2721
v 0.2707 -0.4989 -0.2861
v 0.3483 -0.4716 -0.2999
v 0.4553 -0.4953 -0.2766
v 0.5893 -0.2899 -0.0656
v 0.6700 -0.1757 -0.0587
v 0.6847 -0.1627 -0.0664
v 0.7079 -0.1425 -0.0833
v 0.7472 -0.0904 -0.1225
v 0.7568 -0.0619 -0.1333
v 0.7710 -0.0433 -0.1379
v 0.7777 0.0264 -0.1546
v 0.7502 0.1011 -0.1454
v 0.5007 -0.4267 -0.1374
v 0.5017 -0.4756 -0.2680
v 0.5157 -0.4733 -0.2582
v 0.5306 -0.4712 -0.2425
v 0.5375 -0.4544 -0.2278
v 0.5067 -0.4333 -0.0702
v 0.5479 -0.3512 -0.0720
v 0.7193 0.0249 -0.0624
v 0.7013 -0.0109 -0.0578
v 0.7307 0.0827 -0.0744
v 0.6752 -0.1515 -0.0365
v 0.5882 -0.2912 -0.0579
v 0.4989 -0.3906 -0.0305
v 0.5225 -0.3865 -0.0241
v 0.6060 -0.2804 -0.0552
v 0.3818 -0.4370 0.0714
v 0.4789 -0.4205 -0.0155
v 0.4803 -0.4480 0.0239
v 0.4534 -0.4559 0.0888
v 0.4089 -0.4609 0.1035
v 0.3949 -0.4520 0.0973
v 0.2593 -0.4039 0.0689
v 0.3486 -0.3868 0.0918
v 0.3356 -0.3777 0.1016
v 0.3164 -0.3757 0.1082
v 0.1870 -0.5757 -0.1240
v 0.2100 -0.5105 -0.0001
v 0.2066 -0.5120 -0.0211
v 0.2199 -0.4359 0.0399
v 0.2000 -0.4687 0.0324
v 0.2748 -0.5650 -0.2513
v 0.2978 -0.4794 -0.2985
v 0.6357 -0.2418 -0.0637
v 0.7954 0.0196 -0.1498
v 0.7860 -0.0217 -0.1380
v 0.7548 0.0723 -0.1520
v 0.7451 0.1329 -0.1291
v 0.7303 0.1373 -0.1182
v 0.5476 -0.4724 -0.2224
v 0.5285 -0.4422 -0.1594
v 0.5084 -0.4104 -0.0705
v 0.5244 -0.3908 -0.0648
v 0.5321 -0.3660 -0.0709
v 0.7378 0.0572 -0.0623
v 0.7113 0.0050 -0.0541
v 0.7232 0.1338 -0.0961
v 0.7355 0.0956 -0.0683
v 0.7001 -0.0575 -0.0321
v 0.6885 -0.1324 -0.0348
v 0.6921 -0.1657 -0.0145
v 0.5773 -0.3115 -0.0597
v 0.5600 -0.3320 -0.0530
v 0.5148 -0.4065 -0.0229
v 0.5031 -0.4155 -0.0130
v 0.3755 -0.4340 0.0775
v 0.3679 -0.4201 0.0750
v 0.4898 -0.4342 -0.0061
v 0.4875 -0.4533 0.0587
v 0.3597 -0.3892 0.0960
v 0.2097 -0.5914 -0.1711
v 0.2341 -0.5985 -0.2009
v 0.2117 -0.5287 -0.0067
v 0.2059 -0.5528 -0.0252
v 0.2352 -0.4222 0.0660
v 0.2925 -0.5343 -0.2721
v 0.2810 -0.5168 -0.2742
v 0.2726 -0.5058 -0.2771
v 0.3413 -0.4691 -0.3097
v 0.4366 -0.4987 -0.2856
v 0.3755 -0.4850 -0.3145
v 0.6380 -0.2374 -0.0583
v 0.6816 -0.1757 -0.0548
v 0.7053 -0.1718 -0.0606
v 0.7422 -0.1623 -0.0863
v 0.7411 -0.1187 -0.1086
v 0.8104 0.0681 -0.1502
v 0.5613 -0.3317 -0.0599
v 0.5279 -0.4972 -0.2400
v 0.5585 -0.4789 -0.1975
v 0.5645 -0.4865 -0.1696
v 0.5249 -0.4557 -0.1322
v 0.5103 -0.4547 -0.1167
v 0.5096 -0.4476 -0.0822
v 0.5357 -0.3707 -0.0573
v 0.7328 0.0307 -0.0565
v 0.7224 0.0071 -0.0457
v 0.7356 0.1293 -0.0683
v 0.6900 -0.2213 0.0116
v 0.6736 -0.1793 -0.0274
v 0.6954 -0.1488 -0.0201
v 0.6700 -0.1776 -0.0514
v 0.6765 -0.1863 -0.0336
v 0.5172 -0.4017 -0.0253
v 0.4954 -0.4470 0.0114
v 0.2650 -0.4006 0.1056
v 0.3722 -0.4058 0.0905
v 0.3626 -0.3615 0.1317
v 0.1877 -0.5743 -0.0967
v 0.2688 -0.5915 -0.2335
v 0.2283 -0.4353 0.0833
v 0.2861 -0.5161 -0.2795
v 0.3093 -0.4673 -0.3183
v 0.4907 -0.4960 -0.2632
v 0.3351 -0.4615 -0.3370
v 0.3984 -0.4950 -0.3116
v 0.6832 -0.1845 -0.0425
v 0.7757 -0.0997 -0.1143
v 0.7769 -0.0743 -0.1224
v 0.7881 -0.0603 -0.1219
v 0.7701 0.0918 -0.1476
v 0.7658 0.1344 -0.1287
v 0.7526 0.1481 -0.1117
v 0.7301 0.1404 -0.1078
v 0.5466 -0.4967 -0.2271
v 0.5561 -0.4864 -0.2115
v 0.5570 -0.4791 -0.1505
v 0.5189 -0.4148 -0.0452
v 0.5201 -0.4048 -0.0501
v 0.5372 -0.3714 -0.0435
v 0.5528 -0.3556 -0.0471
v 0.7417 0.0781 -0.0624
v 0.7088 -0.0319 -0.0333
v 0.7314 0.1350 -0.0767
v 0.7521 0.1316 -0.0595
v 0.6939 -0.1218 -0.0300
v 0.7017 -0.0832 -0.0187
v 0.5284 -0.3912 -0.0290
v 0.3864 -0.4389 0.0934
v 0.5098 -0.4499 0.0174
v 0.4858 -0.4725 0.1346
v 0.4244 -0.4753 0.1317
v 0.3865 -0.4143 0.0996
v 0.3587 -0.3685 0.1182
v 0.3417 -0.3622 0.1361
v 0.3139 -0.3695 0.1470
v 0.2054 -0.6136 -0.0657
v 0.2223 -0.6142 -0.1609
v 0.2678 -0.6487 -0.1845
v 0.2018 -0.4951 0.0261
v 0.1964 -0.5106 0.0449
v 0.2137 -0.5330 0.0082
v 0.2060 -0.5821 -0.0388
v 0.2117 -0.4725 0.0791
v 0.2004 -0.4863 0.0397
v 0.3133 -0.5539 -0.2681
v 0.3108 -0.5832 -0.2511
v 0.3106 -0.5419 -0.2778
v 0.2714 -0.5061 -0.2831
v 0.2633 -0.5052 -0.2902
v 0.2483 -0.5014 -0.2994
v 0.3247 -0.4616 -0.3287
v 0.4350 -0.5047 -0.3039
v 0.4602 -0.5020 -0.2807
v 0.3596 -0.4770 -0.3268
v 0.7991 -0.0248 -0.1242
v 0.8104 0.0159 -0.1379
v 0.8181 0.0449 -0.1457
v 0.8033 0.0990 -0.1464
v 0.7491 0.1523 -0.0997
v 0.5073 -0.5073 -0.2536
v 0.5328 -0.4440 -0.0157
v 0.5305 -0.3909 -0.0354
v 0.7600 0.0444 -0.0553
v 0.7463 0.1518 -0.0875
v 0.7576 0.1013 -0.0546
v 0.7082 -0.0950 0.0017
v 0.7045 -0.1230 0.0082
v 0.7165 -0.0702 0.0013
v 0.7006 -0.1630 0.0019
v 0.5244 -0.4246 -0.0145
v 0.5228 -0.4399 -0.0028
v 0.5143 -0.4451 0.0049
v 0.5208 -0.4522 0.0499
v 0.5411 -0.4608 0.0976
v 0.4825 -0.4841 0.1657
v 0.4583 -0.4840 0.1611
v 0.4146 -0.4717 0.1301
v 0.4010 -0.4549 0.1176
v 0.2798 -0.3960 0.1444
v 0.3804 -0.3917 0.1054
v 0.3361 -0.3593 0.1529
v 0.2124 -0.6250 -0.1198
v 0.2490 -0.6466 -0.1646
v 0.2269 -0.5728 0.0144
v 0.3125 -0.5389 -0.2871
v 0.2652 -0.4828 -0.3262
v 0.4813 -0.5043 -0.2687
v 0.3403 -0.4639 -0.3455
v 0.3782 -0.4953 -0.3289
v 0.3971 -0.5005 -0.3202
v 0.6798 -0.2003 -0.0223
v 0.7099 -0.1942 -0.0421
v 0.7640 -0.1660 -0.0861
v 0.7987 -0.0790 -0.1039
v 0.8070 -0.0103 -0.1199
v 0.5312 -0.5285 -0.2359
v 0.5800 -0.5238 -0.1964
v 0.5826 -0.5105 -0.1815
v 0.5436 -0.4985 -0.0784
v 0.5362 -0.4798 -0.0590
v 0.5224 -0.4556 -0.0413
v 0.5224 -0.4111 -0.0344
v 0.5228 -0.4052 -0.0317
v 0.7513 0.0268 -0.0524
v 0.7431 -0.0156 -0.0236
v 0.7240 -0.0188 -0.0292
v 0.7474 0.1468 -0.0746
v 0.7585 0.1316 -0.0526
v 0.6781 -0.1959 -0.0183
v 0.7015 -0.1879 0.0098
v 0.5334 -0.4490 0.0086
v 0.5425 -0.4503 0.0182
v 0.3966 -0.4026 0.1132
v 0.3812 -0.3672 0.1327
v 0.3607 -0.3487 0.1568
v 0.2056 -0.6176 -0.0992
v 0.2267 -0.6349 -0.1433
v 0.2267 -0.5687 0.0252
v 0.2077 -0.5033 0.0755
v 0.3087 -0.5973 -0.2401
v 0.2856 -0.5144 -0.2970
v 0.2973 -0.4708 -0.3317
v 0.3136 -0.4625 -0.3475
v 0.2480 -0.5069 -0.2966
v 0.2245 -0.5103 -0.3120
v 0.3273 -0.4601 -0.3479
v 0.4310 -0.5106 -0.3115
v 0.4549 -0.5060 -0.2987
v 0.3401 -0.4690 -0.3585
v 0.3661 -0.4915 -0.3386
v 0.3848 -0.5056 -0.3306
v 0.7505 -0.2159 -0.0497
v 0.7584 -0.2014 -0.0641
v 0.8036 -0.0458 -0.1057
v 0.8173 0.0005 -0.1155
v 0.8132 -0.0087 -0.1050
v 0.7899 0.1309 -0.1348
v 0.7688 0.1644 -0.1172
v 0.7605 0.1516 -0.1159
v 0.5023 -0.5111 -0.2577
v 0.5957 -0.5173 -0.1366
v 0.5678 -0.4943 -0.1325
v 0.5499 -0.4870 -0.1157
v 0.5473 -0.4999 -0.0890
v 0.5391 -0.4701 -0.0241
v 0.7695 0.0815 -0.0487
v 0.7749 0.0461 -0.0528
v 0.7843 0.0695 -0.0469
v 0.7707 0.0255 -0.0533
v 0.7381 -0.0413 -0.0054
v 0.7496 0.1551 -0.0815
v 0.7663 0.1304 -0.0398
v 0.7544 0.1482 -0.0654
v 0.7264 -0.0901 0.0196
v 0.7127 -0.1372 0.0376
v 0.5220 -0.4116 -0.0272
v 0.5326 -0.4424 -0.0090
v 0.4320 -0.4919 0.1623
v 0.4244 -0.4828 0.1462
v 0.4183 -0.4795 0.1475
v 0.4139 -0.4730 0.1474
v 0.4101 -0.4331 0.1235
v 0.2422 -0.4389 0.1179
v 0.4037 -0.3893 0.1296
v 0.3856 -0.3498 0.1476
v 0.3786 -0.3466 0.1522
v 0.3085 -0.3813 0.1751
v 0.2876 -0.6179 -0.2250
v 0.2939 -0.6416 -0.2082
v 0.2135 -0.5471 0.0349
v 0.2026 -0.5301 0.0663
v 0.2311 -0.6087 -0.0022
v 0.2178 -0.6037 -0.0278
v 0.2349 -0.6023 0.0155
v 0.2001 -0.5138 0.0606
v 0.3331 -0.5642 -0.2648
v 0.3283 -0.5520 -0.2767
v 0.2760 -0.4802 -0.3397
v 0.2938 -0.4746 -0.3399
v 0.4496 -0.5113 -0.3081
v 0.4897 -0.5098 -0.2955
v 0.4821 -0.5071 -0.2743
v 0.6971 -0.2101 -0.0239
v 0.7189 -0.2332 -0.0159
v 0.7880 -0.1975 -0.0654
v 0.7886 -0.1770 -0.0753
v 0.7971 -0.1066 -0.0967
v 0.8080 -0.0240 -0.0978
v 0.8097 -0.0820 -0.0814
v 0.8279 0.0149 -0.1181
v 0.8472 0.0376 -0.1141
v 0.8485 0.0864 -0.1350
v 0.8396 0.0932 -0.1388
v 0.7565 0.1603 -0.1042
v 0.5008 -0.5156 -0.2652
v 0.6050 -0.5281 -0.1570
v 0.7869 0.0248 -0.0560
v 0.7541 -0.0206 -0.0209
v 0.7534 0.1623 -0.0919
v 0.7762 0.1467 -0.0300
v 0.7053 -0.1482 0.0242
v 0.7204 -0.1097 0.0301
v 0.6814 -0.2253 0.0001
v 0.7079 -0.1794 0.0390
v 0.5434 -0.4526 0.0035
v 0.5650 -0.4457 0.0570
v 0.5360 -0.4681 0.1485
v 0.4148 -0.4599 0.1476
v 0.2911 -0.3958 0.1661
v 0.2616 -0.4330 0.1469
v 0.2290 -0.4835 0.1249
v 0.3685 -0.3387 0.1703
v 0.2257 -0.6437 -0.1088
v 0.2511 -0.6730 -0.1143
v 0.3118 -0.6257 -0.2261
v 0.2365 -0.5865 0.0290
v 0.2267 -0.6228 -0.0186
v 0.2227 -0.5291 0.1162
v 0.3333 -0.6011 -0.2346
v 0.3442 -0.5590 -0.2840
v 0.3219 -0.5505 -0.2981
v 0.2906 -0.5319 -0.3150
v 0.2365 -0.5001 -0.3247
v 0.2570 -0.4877 -0.3336
v 0.4860 -0.5232 -0.3220
v 0.4822 -0.5118 -0.3075
v 0.3642 -0.5048 -0.3476
v 0.6902 -0.2304 -0.0149
v 0.7906 -0.2281 -0.0513
v 0.8113 -0.1066 -0.0802
v 0.8118 -0.0634 -0.0711
v 0.8221 -0.0009 -0.1050
v 0.8322 0.0051 -0.1060
v 0.8499 0.0549 -0.1251
v 0.7966 0.1606 -0.1206
v 0.7573 0.1982 -0.0889
v 0.5242 -0.5328 -0.2462
v 0.5706 -0.5499 -0.2057
v 0.5965 -0.5290 -0.1734
v 0.5951 -0.5284 -0.0864
v 0.5841 -0.5079 -0.0226
v 0.8312 0.0294 -0.0608
v 0.7520 0.1641 -0.0794
v 0.7602 0.1535 -0.0420
v 0.7815 0.1086 -0.0390
v 0.7433 -0.0784 0.0243
v 0.6982 -0.2302 0.0310
v 0.7097 -0.2127 0.0476
v 0.5508 -0.4549 0.0125
v 0.5710 -0.4462 0.0456
v 0.4758 -0.4989 0.1938
v 0.5255 -0.4819 0.1984
v 0.4985 -0.4915 0.2027
v 0.4176 -0.4974 0.1736
v 0.4525 -0.4948 0.1776
v 0.4407 -0.4920 0.1686
v 0.4272 -0.4124 0.1503
v 0.4234 -0.3677 0.1616
v 0.4010 -0.3530 0.1579
v 0.3668 -0.3337 0.1865
v 0.3379 -0.3561 0.1855
v 0.3190 -0.3683 0.1741
v 0.2308 -0.6561 -0.0616
v 0.2394 -0.6662 -0.0968
v 0.3003 -0.6711 -0.1787
v 0.3134 -0.6485 -0.2064
v 0.3204 -0.6694 -0.1914
v 0.2075 -0.5559 0.0731
v 0.3595 -0.6026 -0.2340
v 0.3633 -0.5671 -0.2638
v 0.3468 -0.5596 -0.2727
v 0.3214 -0.4655 -0.3597
v 0.2273 -0.5188 -0.3088
v 0.2637 -0.4903 -0.3419
v 0.4329 -0.5241 -0.3185
v 0.3478 -0.4860 -0.3593
v 0.3745 -0.5209 -0.3385
v 0.3824 -0.5286 -0.3356
v 0.7679 -0.2635 -0.0271
v 0.7985 -0.1384 -0.0851
v 0.8135 0.1616 -0.1168
v 0.8070 -0.0377 -0.0897
v 0.8093 -0.0425 -0.0699
v 0.8463 0.0196 -0.1081
v 0.8114 -0.0118 -0.0791
v 0.7668 0.1942 -0.0993
v 0.7485 0.2046 -0.0707
v 0.5947 -0.5423 -0.1806
v 0.6125 -0.5439 -0.1627
v 0.5564 -0.4690 0.0080
v 0.8037 0.1079 -0.0351
v 0.8106 0.0080 -0.0635
v 0.7830 0.0131 -0.0525
v 0.7813 -0.0136 -0.0373
v 0.7603 -0.0542 0.0072
v 0.7132 -0.1630 0.0501
v 0.7363 -0.1044 0.0413
v 0.6851 -0.2404 0.0044
v 0.5904 -0.4426 0.1070
v 0.5603 -0.4640 0.1745
v 0.4320 -0.4926 0.1756
v 0.4438 -0.4936 0.1767
v 0.4375 -0.4914 0.1757
v 0.4390 -0.4375 0.1754
v 0.3002 -0.4049 0.1868
v 0.2732 -0.4405 0.1671
v 0.3917 -0.3264 0.1699
v 0.3808 -0.3209 0.1826
v 0.3681 -0.3318 0.2023
v 0.3300 -0.3660 0.1945
v 0.2281 -0.6420 -0.0345
v 0.2790 -0.6796 -0.1429
v 0.2275 -0.5841 0.0628
v 0.2446 -0.5932 0.0433
v 0.2527 -0.6054 0.0453
v 0.2536 -0.6196 0.0367
v 0.2124 -0.5669 0.0825
v 0.2178 -0.5611 0.0961
v 0.3170 -0.5568 -0.3312
v 0.2397 -0.5213 -0.3136
v 0.2491 -0.4975 -0.3364
v 0.2283 -0.5149 -0.3231
v 0.4523 -0.5286 -0.3260
v 0.4937 -0.5182 -0.3115
v 0.3302 -0.4730 -0.3645
v 0.3398 -0.4903 -0.3669
v 0.3478 -0.5160 -0.3625
v 0.7684 -0.2387 -0.0410
v 0.8086 -0.1833 -0.0633
v 0.8112 -0.1447 -0.0722
v 0.8624 0.1184 -0.1253
v 0.8070 -0.0223 -0.0712
v 0.8234 -0.1106 -0.0611
v 0.8309 0.0010 -0.0955
v 0.8431 0.0028 -0.0965
v 0.8480 0.0095 -0.1018
v 0.8752 0.0593 -0.1091
v 0.8798 0.0858 -0.1113
v 0.7897 0.2056 -0.0905
v 0.5362 -0.5469 -0.2637
v 0.5690 -0.5552 -0.2141
v 0.6244 -0.5434 -0.1333
v 0.6247 -0.5417 -0.1184
v 0.5951 -0.5383 -0.0466
v 0.5796 -0.4837 0.0213
v 0.8466 0.0835 -0.0465
v 0.7927 0.1333 -0.0332
v 0.7959 0.0071 -0.0573
v 0.8200 0.0133 -0.0636
v 0.7483 0.1910 -0.0653
v 0.7560 0.1922 -0.0347
v 0.7203 -0.1495 0.0572
v 0.7466 -0.1126 0.0535
v 0.6837 -0.2568 0.0196
v 0.6996 -0.2405 0.0487
v 0.5833 -0.4477 0.0480
v 0.5850 -0.4395 0.0681
v 0.4824 -0.5065 0.2093
v 0.4471 -0.5094 0.1946
v 0.4472 -0.4963 0.1815
v 0.4148 -0.4942 0.1768
v 0.4201 -0.4743 0.1722
v 0.4366 -0.4482 0.1766
v 0.3270 -0.3990 0.2153
v 0.2590 -0.4546 0.1548
v 0.4335 -0.3914 0.1653
v 0.4176 -0.3560 0.1629
v 0.4072 -0.3394 0.1647
v 0.4019 -0.3287 0.1673
v 0.3872 -0.3016 0.1986
v 0.3524 -0.3483 0.2076
v 0.2430 -0.6417 -0.0073
v 0.3398 -0.6680 -0.1952
v 0.3787 -0.6336 -0.2127
v 0.3327 -0.6979 -0.1505
v 0.3518 -0.6214 -0.2256
v 0.2147 -0.5702 0.0738
v 0.2396 -0.5908 0.0542
v 0.2490 -0.4883 0.1536
v 0.3741 -0.5668 -0.2685
v 0.3600 -0.5787 -0.3140
v 0.3080 -0.5495 -0.3417
v 0.2978 -0.5404 -0.3310
v 0.2941 -0.4841 -0.3471
v 0.4597 -0.5356 -0.3302
v 0.3290 -0.4941 -0.3678
v 0.6833 -0.2285 -0.0078
v 0.7026 -0.2533 0.0009
v 0.8308 -0.1995 -0.0405
v 0.8165 -0.2412 -0.0372
v 0.8678 0.1515 -0.1098
v 0.8439 0.1674 -0.1097
v 0.8261 -0.1471 -0.0577
v 0.8237 -0.0846 -0.0465
v 0.8156 -0.0640 -0.0476
v 0.8202 -0.0031 -0.0805
v 0.8260 -0.0008 -0.0872
v 0.8818 0.0406 -0.0920
v 0.8089 -0.0094 -0.0699
v 0.8761 0.1042 -0.1204
v 0.6373 -0.5613 -0.1354
v 0.5979 -0.5412 -0.0588
v 0.8470 0.0569 -0.0536
v 0.8541 0.0416 -0.0600
v 0.8362 0.0150 -0.0619
v 0.8024 -0.0042 -0.0606
v 0.7940 -0.0080 -0.0512
v 0.7904 -0.0346 -0.0257
v 0.7947 -0.0630 -0.0017
v 0.7719 0.1807 -0.0266
v 0.7613 -0.0806 0.0325
v 0.7309 -0.1480 0.0716
v 0.6896 -0.2672 0.0451
v 0.7117 -0.1846 0.0676
v 0.7095 -0.2108 0.0751
v 0.5834 -0.4419 0.0556
v 0.6044 -0.4362 0.1714
v 0.4143 -0.5019 0.1799
v 0.4482 -0.5156 0.2002
v 0.4432 -0.4916 0.1787
v 0.3409 -0.3741 0.2190
v 0.2828 -0.4524 0.1834
v 0.2766 -0.4851 0.1795
v 0.4178 -0.3169 0.1694
v 0.4030 -0.3099 0.1799
v 0.3949 -0.3047 0.1869
v 0.3885 -0.2940 0.2091
v 0.2451 -0.6582 -0.0230
v 0.2468 -0.6675 -0.0472
v 0.2537 -0.6774 -0.0771
v 0.2641 -0.6836 -0.0955
v 0.2807 -0.6890 -0.1120
v 0.2334 -0.5940 0.0698
v 0.2590 -0.6039 0.0619
v 0.2738 -0.6095 0.0756
v 0.2563 -0.6728 -0.0075
v 0.2767 -0.6591 0.0451
v 0.2472 -0.5280 0.1473
v 0.2304 -0.5662 0.1156
v 0.4113 -0.5807 -0.2467
v 0.3396 -0.5749 -0.3336
v 0.3148 -0.5591 -0.3429
v 0.2739 -0.5315 -0.3315
v 0.3169 -0.4926 -0.3638
v 0.2597 -0.4999 -0.3419
v 0.2390 -0.5147 -0.3328
v 0.4233 -0.5341 -0.3374
v 0.4581 -0.5566 -0.3383
v 0.4893 -0.5369 -0.3298
v 0.4979 -0.5284 -0.3175
v 0.6892 -0.2458 0.0013
v 0.7193 -0.2617 0.0034
v 0.7864 -0.2605 -0.0337
v 0.7995 -0.2826 -0.0216
v 0.8219 0.1792 -0.1064
v 0.8018 -0.0175 -0.0581
v 0.8374 -0.1555 -0.0414
v 0.8083 -0.0454 -0.0520
v 0.8247 0.0014 -0.0750
v 0.8330 0.0003 -0.0813
v 0.8690 0.0005 -0.0902
v 0.8421 -0.0010 -0.0887
v 0.8807 0.0132 -0.0889
v 0.8156 -0.0023 -0.0731
v 0.8071 0.1990 -0.0885
v 0.7762 0.2132 -0.0851
v 0.5351 -0.5544 -0.2763
v 0.5802 -0.5732 -0.2323
v 0.6151 -0.5704 -0.1668
v 0.6301 -0.5481 -0.0923
v 0.6222 -0.5110 0.0147
v 0.5830 -0.4767 0.0322
v 0.5691 -0.4556 0.0273
v 0.8318 0.0050 -0.0693
v 0.7739 -0.0904 0.0391
v 0.7780 0.1832 -0.0264
v 0.7949 0.1612 -0.0297
v 0.7642 -0.1233 0.0707
v 0.5092 -0.5018 0.2264
v 0.6165 -0.4239 0.0722
v 0.5304 -0.4956 0.2284
v 0.4639 -0.5329 0.2179
v 0.4239 -0.4915 0.1860
v 0.4236 -0.4842 0.1808
v 0.4264 -0.4702 0.1774
v 0.3153 -0.4365 0.2107
v 0.4409 -0.3655 0.1797
v 0.4302 -0.3536 0.1682
v 0.3781 -0.3281 0.2294
v 0.3528 -0.6894 -0.1725
v 0.3697 -0.6710 -0.1900
v 0.3774 -0.6456 -0.2038
v 0.2155 -0.5774 0.0758
v 0.2262 -0.5948 0.0748
v 0.2766 -0.6404 0.0649
v 0.2804 -0.6837 0.0304
v 0.2424 -0.5629 0.1281
v 0.2310 -0.5772 0.1216
v 0.2120 -0.5687 0.0897
v 0.3112 -0.5650 -0.3537
v 0.3028 -0.5401 -0.3424
v 0.2425 -0.5244 -0.3248
v 0.2823 -0.5310 -0.3384
v 0.2908 -0.5016 -0.3480
v 0.4297 -0.5425 -0.3434
v 0.4862 -0.5567 -0.3360
v 0.4982 -0.5423 -0.3238
v 0.3312 -0.5251 -0.3642
v 0.3522 -0.5228 -0.3635
v 0.3604 -0.5269 -0.3682
v 0.3930 -0.5371 -0.3568
v 0.7343 -0.2910 0.0145
v 0.7553 -0.2795 -0.0077
v 0.8281 -0.2198 -0.0357
v 0.9159 0.1323 -0.1013
v 0.8386 -0.1127 -0.0225
v 0.8022 -0.0439 -0.0357
v 0.8561 -0.0056 -0.0843
v 0.9124 0.0884 -0.0969
v 0.5945 -0.5682 -0.1912
v 0.6396 -0.5355 0.0017
v 0.8167 0.1424 -0.0219
v 0.8811 0.0575 -0.0511
v 0.8750 0.0465 -0.0583
v 0.7236 -0.1780 0.0812
v 0.7790 -0.1250 0.0727
v 0.7550 -0.1467 0.0842
v 0.7444 -0.1606 0.0897
v 0.6838 -0.2670 0.0156
v 0.6897 -0.2870 0.0670
v 0.7180 -0.2028 0.0949
v 0.5836 -0.4629 0.0421
v 0.6037 -0.4342 0.0597
v 0.4752 -0.5471 0.2334
v 0.6359 -0.4064 0.1039
v 0.5527 -0.4765 0.2232
v 0.4311 -0.4870 0.1796
v 0.4345 -0.5322 0.2020
v 0.4439 -0.5145 0.2000
v 0.4468 -0.4947 0.1859
v 0.4276 -0.4833 0.1806
v 0.4428 -0.4438 0.1778
v 0.4406 -0.4613 0.1857
v 0.3563 -0.3968 0.2372
v 0.4500 -0.4116 0.1843
v 0.4535 -0.3807 0.1886
v 0.4445 -0.3460 0.1826
v 0.4282 -0.3391 0.1653
v 0.4176 -0.3323 0.1704
v 0.4147 -0.3004 0.1880
v 0.4032 -0.2975 0.1876
v 0.3958 -0.2946 0.1916
v 0.3881 -0.2931 0.2202
v 0.2631 -0.6913 -0.0587
v 0.2740 -0.6966 -0.0759
v 0.2974 -0.7021 -0.0979
v 0.3502 -0.7029 -0.1478
v 0.2120 -0.5720 0.0797
v 0.2483 -0.6005 0.0729
v 0.2835 -0.5065 0.1789
v 0.4274 -0.6210 -0.2090
v 0.4001 -0.5754 -0.2741
v 0.4189 -0.6057 -0.3034
v 0.3619 -0.5926 -0.3325
v 0.3237 -0.6017 -0.3760
v 0.3069 -0.5564 -0.3531
v 0.3075 -0.5465 -0.3476
v 0.2589 -0.5261 -0.3341
v 0.4332 -0.5663 -0.3511
v 0.4702 -0.5611 -0.3420
v 0.3787 -0.5346 -0.3669
v 0.3391 -0.5268 -0.3676
v 0.6897 -0.2680 0.0081
v 0.6976 -0.2794 0.0108
v 0.7662 -0.3381 0.0182
v 0.7841 -0.2873 -0.0153
v 0.8394 -0.1818 -0.0324
v 0.8292 -0.2644 -0.0198
v 0.8458 -0.2553 -0.0121
v 0.8562 0.1973 -0.0904
v 0.8694 0.1838 -0.0919
v 0.9177 0.1069 -0.1017
v 0.8309 -0.1001 -0.0126
v 0.8890 0.0136 -0.0806
v 0.8921 0.0337 -0.0786
v 0.9004 0.0498 -0.0921
v 0.9172 0.0594 -0.0902
v 0.7601 0.2252 -0.0700
v 0.7525 0.2272 -0.0600
v 0.6076 -0.5877 -0.2036
v 0.6688 -0.5870 -0.1205
v 0.6609 -0.5706 -0.1083
v 0.6581 -0.5647 -0.0916
v 0.6101 -0.5496 -0.0483
v 0.6309 -0.5499 -0.0212
v 0.6030 -0.4897 0.0325
v 0.8594 0.1446 -0.0208
v 0.8726 0.1165 -0.0310
v 0.8981 0.0832 -0.0423
v 0.8648 0.0144 -0.0573
v 0.8532 -0.0058 -0.0674
v 0.8110 -0.0769 -0.0055
v 0.8067 -0.0914 0.0184
v 0.7493 0.2195 -0.0566
v 0.7928 0.1800 -0.0319
v 0.7918 -0.1368 0.0791
v 0.7735 -0.1462 0.0881
v 0.6880 -0.2836 0.0282
v 0.7046 -0.2562 0.1095
v 0.6902 -0.3009 0.0893
v 0.6890 -0.2916 0.0402
v 0.5293 -0.5087 0.2424
v 0.5084 -0.5180 0.2395
v 0.6419 -0.4037 0.1993
v 0.5495 -0.4821 0.2346
v 0.4413 -0.4807 0.1778
v 0.4459 -0.5747 0.2213
v 0.4342 -0.4706 0.1793
v 0.4475 -0.4260 0.1817
v 0.3447 -0.4170 0.2298
v 0.4559 -0.4072 0.1913
v 0.4352 -0.3410 0.1687
v 0.4352 -0.2956 0.1833
v 0.4009 -0.2873 0.1886
v 0.4061 -0.2911 0.1861
v 0.3910 -0.2800 0.2097
v 0.3662 -0.3689 0.2453
v 0.3722 -0.6974 -0.1608
v 0.2107 -0.5759 0.0787
v 0.2128 -0.5828 0.0767
v 0.2410 -0.6022 0.0862
v 0.2570 -0.6048 0.0998
v 0.2930 -0.7005 0.0169
v 0.2591 -0.5474 0.1479
v 0.2571 -0.5681 0.1358
v 0.2416 -0.5745 0.1283
v 0.2120 -0.5728 0.0984
v 0.4312 -0.5831 -0.2440
v 0.4304 -0.5810 -0.2542
v 0.3008 -0.5659 -0.3627
v 0.3071 -0.5833 -0.3687
v 0.2951 -0.5277 -0.3455
v 0.3090 -0.5344 -0.3513
v 0.4886 -0.5759 -0.3367
v 0.3479 -0.5269 -0.3733
v 0.3942 -0.5477 -0.3698
v 0.7275 -0.3073 0.0266
v 0.8188 -0.2910 -0.0129
v 0.8551 -0.2178 -0.0077
v 0.9128 0.1539 -0.0907
v 0.8222 0.2121 -0.0854
v 0.8689 -0.0083 -0.0700
v 0.8748 -0.0051 -0.0778
v 0.8873 0.0032 -0.0763
v 0.8941 0.0311 -0.0705
v 0.8987 0.0350 -0.0741
v 0.7987 0.2039 -0.0789
v 0.7631 0.2322 -0.0601
v 0.5349 -0.5777 -0.2850
v 0.5728 -0.5939 -0.2513
v 0.6447 -0.5852 -0.1436
v 0.6493 -0.5604 -0.0752
v 0.6367 -0.4969 0.0392
v 0.8947 0.0394 -0.0617
v 0.8803 0.0356 -0.0616
v 0.8140 0.2011 -0.0212
v 0.8614 -0.0020 -0.0603
v 0.8208 -0.1181 0.0395
v 0.7561 0.2195 -0.0354
v 0.7706 0.2052 -0.0308
v 0.7615 -0.1654 0.1053
v 0.7456 -0.1873 0.1166
v 0.7343 -0.1934 0.1131
v 0.6072 -0.4590 0.0516
v 0.6061 -0.4390 0.0562
v 0.6568 -0.3833 0.0806
v 0.5907 -0.4535 0.2182
v 0.5468 -0.4924 0.2446
v 0.4426 -0.5562 0.2117
v 0.4203 -0.5565 0.2017
v 0.4483 -0.5026 0.1990
v 0.4529 -0.4293 0.1819
v 0.4425 -0.4530 0.1772
v 0.3140 -0.4536 0.2098
v 0.3624 -0.3808 0.2443
v 0.3549 -0.4663 0.2233
v 0.3107 -0.4786 0.2002
v 0.4701 -0.3499 0.2037
v 0.4212 -0.3251 0.1721
v 0.4254 -0.3175 0.1648
v 0.3902 -0.2979 0.2348
v 0.2703 -0.6956 -0.0387
v 0.2807 -0.7019 -0.0594
v 0.4040 -0.6706 -0.1811
v 0.3516 -0.7026 -0.1009
v 0.2207 -0.6025 0.0807
v 0.2658 -0.6042 0.0883
v 0.3004 -0.6271 0.0952
v 0.3033 -0.6593 0.0821
v 0.3395 -0.6592 0.1301
v 0.2809 -0.6980 -0.0196
v 0.2851 -0.5382 0.1666
v 0.2746 -0.5709 0.1420
v 0.2067 -0.5728 0.0866
v 0.4581 -0.6078 -0.2155
v 0.3815 -0.6110 -0.3526
v 0.3025 -0.6035 -0.3868
v 0.2878 -0.5946 -0.3799
v 0.2916 -0.5764 -0.3713
v 0.3120 -0.5412 -0.3543
v 0.4560 -0.5661 -0.3525
v 0.4270 -0.5740 -0.3625
v 0.4144 -0.5720 -0.3653
v 0.4754 -0.5723 -0.3459
v 0.5129 -0.5754 -0.3099
v 0.3835 -0.5472 -0.3818
v 0.8491 -0.1788 -0.0123
v 0.9138 0.1749 -0.0865
v 0.8701 0.1993 -0.0792
v 0.8585 -0.1737 0.0259
v 0.8454 -0.1376 0.0218
v 0.8327 -0.1207 0.0271
v 0.8829 -0.0027 -0.0718
v 0.8912 0.0099 -0.0714
v 0.9414 0.0654 -0.0794
v 0.9339 0.0878 -0.0837
v 0.7918 0.2065 -0.0590
v 0.7788 0.2206 -0.0673
v 0.6348 -0.6247 -0.1985
v 0.6573 -0.6044 -0.1510
v 0.6807 -0.5793 -0.0900
v 0.6693 -0.5694 -0.0769
v 0.6418 -0.5572 -0.0368
v 0.6280 -0.5537 -0.0353
v 0.6060 -0.4803 0.0423
v 0.9161 0.1028 -0.0311
v 0.8803 0.1360 -0.0225
v 0.9016 0.1296 -0.0269
v 0.9271 0.0444 -0.0451
v 0.8920 0.0338 -0.0658
v 0.7987 0.1823 -0.0306
v 0.8821 0.0129 -0.0580
v 0.8775 0.0033 -0.0586
v 0.7532 0.2289 -0.0531
v 0.7882 0.1962 -0.0406
v 0.7936 0.1899 -0.0369
v 0.6907 -0.2976 0.0366
v 0.6894 -0.2811 0.0168
v 0.6952 -0.3038 0.1408
v 0.6847 -0.3102 0.0582
v 0.6211 -0.4297 0.0665
v 0.6193 -0.4314 0.2197
v 0.5712 -0.4745 0.2359
v 0.6538 -0.3879 0.1806
v 0.4401 -0.4694 0.1751
v 0.4270 -0.5359 0.2023
v 0.4354 -0.5131 0.2094
v 0.4553 -0.4827 0.1903
v 0.4531 -0.4726 0.1795
v 0.4571 -0.4214 0.1851
v 0.4602 -0.4278 0.1861
v 0.3657 -0.3887 0.2473
v 0.3737 -0.4095 0.2457
v 0.3652 -0.4294 0.2396
v 0.3198 -0.5028 0.1970
v 0.4589 -0.4167 0.1860
v 0.4656 -0.4082 0.2059
v 0.4356 -0.3128 0.1671
v 0.4398 -0.2839 0.1866
v 0.4040 -0.2784 0.1794
v 0.3944 -0.2527 0.1913
v 0.3816 -0.2539 0.2173
v 0.3870 -0.2836 0.2290
v 0.4078 -0.3176 0.2741
v 0.3058 -0.7049 -0.0701
v 0.4335 -0.6414 -0.1893
v 0.3951 -0.7048 -0.1253
v 0.3900 -0.7031 -0.1424
v 0.4069 -0.6984 -0.1479
v 0.2067 -0.5809 0.0757
v 0.2860 -0.6009 0.1136
v 0.2957 -0.6058 0.1075
v 0.3196 -0.6971 0.0661
v 0.3125 -0.7026 0.0445
v 0.2593 -0.5751 0.1364
v 0.2422 -0.5797 0.1344
v 0.2161 -0.5818 0.1286
v 0.2024 -0.5725 0.0939
v 0.4387 -0.5901 -0.2729
v 0.4104 -0.6222 -0.3361
v 0.3607 -0.6183 -0.3827
v 0.3451 -0.6078 -0.3673
v 0.2931 -0.5656 -0.3726
v 0.2812 -0.5883 -0.3768
v 0.3051 -0.5560 -0.3603
v 0.3931 -0.5594 -0.3786
v 0.4591 -0.5755 -0.3622
v 0.3216 -0.5394 -0.3644
v 0.3352 -0.5325 -0.3749
v 0.3407 -0.5275 -0.3998
v 0.3548 -0.5310 -0.4112
v 0.7889 -0.3518 0.0156
v 0.7962 -0.3096 -0.0049
v 0.8248 -0.3143 0.0021
v 0.8466 -0.2785 0.0023
v 0.8600 -0.2732 0.0133
v 0.8786 0.1976 -0.0774
v 0.8589 0.2188 -0.0748
v 0.8046 0.2056 -0.0738
v 0.9339 0.0345 -0.0703
v 0.9455 0.0401 -0.0720
v 0.9554 0.1049 -0.0793
v 0.5302 -0.5893 -0.2866
v 0.6390 -0.6128 -0.1855
v 0.6832 -0.5991 -0.1217
v 0.6574 -0.5656 -0.0486
v 0.6516 -0.5230 0.0209
v 0.6620 -0.5057 0.0409
v 0.6231 -0.4741 0.0572
v 0.8542 0.1964 -0.0168
v 0.8666 0.1841 -0.0157
v 0.9054 0.1566 -0.0135
v 0.9044 0.1422 -0.0223
v 0.8759 -0.0043 -0.0634
v 0.7596 0.2299 -0.0457
v 0.7637 0.2230 -0.0382
v 0.8024 -0.1633 0.1011
v 0.7855 -0.1782 0.1182
v 0.6954 -0.3002 0.0321
v 0.6733 -0.3518 0.0874
v 0.7139 -0.2403 0.1196
v 0.7109 -0.2680 0.1472
v 0.6845 -0.3080 0.0472
v 0.7319 -0.2191 0.1270
v 0.6238 -0.4602 0.0630
v 0.6571 -0.3869 0.0754
v 0.5560 -0.5025 0.2531
v 0.5472 -0.5442 0.2694
v 0.5274 -0.5534 0.2639
v 0.4910 -0.5808 0.2494
v 0.6132 -0.4460 0.2427
v 0.4282 -0.5777 0.2135
v 0.4433 -0.5009 0.2114
v 0.4455 -0.4711 0.1741
v 0.4570 -0.4300 0.1797
v 0.4507 -0.4412 0.1756
v 0.3495 -0.4935 0.2102
v 0.4740 -0.3797 0.2109
v 0.4793 -0.3537 0.2160
v 0.4434 -0.3296 0.1863
v 0.4378 -0.3360 0.1808
v 0.4437 -0.3241 0.1854
v 0.4237 -0.3207 0.1691
v 0.4417 -0.3041 0.1764
v 0.4016 -0.2501 0.1772
v 0.3917 -0.2905 0.2395
v 0.4023 -0.3019 0.2552
v 0.3183 -0.7018 -0.0593
v 0.3900 -0.7017 -0.1032
v 0.2447 -0.6094 0.1016
v 0.3108 -0.6128 0.1199
v 0.3125 -0.6304 0.1128
v 0.3020 -0.7048 -0.0160
v 0.3059 -0.5473 0.1698
v 0.2542 -0.5798 0.1376
v 0.1777 -0.5701 0.1155
v 0.1831 -0.5684 0.1011
v 0.4692 -0.6479 -0.1676
v 0.4611 -0.5950 -0.2394
v 0.4090 -0.6420 -0.3617
v 0.4234 -0.6265 -0.3344
v 0.3394 -0.6092 -0.3792
v 0.2820 -0.5784 -0.3749
v 0.4697 -0.5833 -0.3555
v 0.4757 -0.5947 -0.3462
v 0.5020 -0.5836 -0.3176
v 0.7154 -0.3201 0.0413
v 0.7283 -0.3433 0.0462
v 0.7977 -0.3333 0.0055
v 0.8427 -0.3122 0.0117
v 0.8201 0.2349 -0.0614
v 0.8163 0.2351 -0.0511
v 0.8867 0.0031 -0.0649
v 0.9024 0.0354 -0.0689
v 0.9628 0.0539 -0.0660
v 0.9439 0.0813 -0.0733
v 0.7972 0.2052 -0.0599
v 0.7788 0.2191 -0.0568
v 0.5770 -0.6120 -0.2483
v 0.6054 -0.6262 -0.2270
v 0.6929 -0.5774 -0.0679
v 0.6841 -0.5721 -0.0625
v 0.6398 -0.4704 0.0637
v 0.9222 0.0794 -0.0427
v 0.9321 0.0686 -0.0421
v 0.9633 0.0439 -0.0406
v 0.9177 0.0362 -0.0527
v 0.9273 0.0884 -0.0413
v 0.8000 0.1949 -0.0379
v 0.7946 0.2006 -0.0493
v 0.7505 -0.2050 0.1343
v 0.8315 -0.1790 0.1005
v 0.7987 -0.1841 0.1229
v 0.6803 -0.3235 0.0734
v 0.7254 -0.2414 0.1471
v 0.6693 -0.3622 0.1025
v 0.6846 -0.3331 0.0664
v 0.6830 -0.3217 0.0444
v 0.6459 -0.4090 0.0684
v 0.5151 -0.5750 0.2604
v 0.6035 -0.4642 0.2549
v 0.5910 -0.4771 0.2590
v 0.6664 -0.3735 0.0726
v 0.4707 -0.6167 0.2357
v 0.4201 -0.5390 0.2074
v 0.4630 -0.4597 0.1772
v 0.4624 -0.4274 0.1865
v 0.3742 -0.3991 0.2506
v 0.3391 -0.5028 0.2024
v 0.3406 -0.5281 0.1905
v 0.4793 -0.3875 0.2146
v 0.4898 -0.3790 0.2294
v 0.4644 -0.3277 0.1984
v 0.4775 -0.3405 0.2068
v 0.4258 -0.3227 0.1644
v 0.4434 -0.3136 0.1762
v 0.4140 -0.2772 0.1754
v 0.4010 -0.2922 0.2524
v 0.4191 -0.2936 0.2764
v 0.3748 -0.3627 0.2706
v 0.4326 -0.6890 -0.1496
v 0.2370 -0.6143 0.1015
v 0.2854 -0.6025 0.1181
v 0.2907 -0.6060 0.1221
v 0.3203 -0.6485 0.1136
v 0.3205 -0.5755 0.1517
v 0.2407 -0.5948 0.1645
v 0.1754 -0.5706 0.0884
v 0.2019 -0.5758 0.0810
v 0.4774 -0.6134 -0.2080
v 0.4652 -0.6018 -0.2799
v 0.3929 -0.6336 -0.3647
v 0.3670 -0.6235 -0.3813
v 0.3244 -0.6050 -0.3887
v 0.3423 -0.6086 -0.3880
v 0.2774 -0.6031 -0.3843
v 0.2765 -0.5856 -0.3783
v 0.4253 -0.5858 -0.3947
v 0.3967 -0.5801 -0.3826
v 0.4060 -0.5865 -0.3807
v 0.5077 -0.5922 -0.3008
v 0.3186 -0.5443 -0.3910
v 0.3421 -0.5318 -0.4146
v 0.3703 -0.5541 -0.4107
v 0.6997 -0.3113 0.0371
v 0.8115 -0.3399 0.0095
v 0.8522 -0.2986 0.0160
v 0.8669 -0.2749 0.0278
v 0.9534 0.1319 -0.0772
v 0.9245 0.1559 -0.0791
v 0.9223 0.1695 -0.0820
v 0.9056 0.2091 -0.0660
v 0.8695 0.2057 -0.0727
v 0.8761 0.2031 -0.0652
v 0.8420 0.2565 -0.0450
v 0.8014 0.2071 -0.0572
v 0.9223 0.0319 -0.0618
v 0.9676 0.0603 -0.0592
v 0.9505 0.0757 -0.0660
v 0.9479 0.0911 -0.0700
v 0.5501 -0.6001 -0.2682
v 0.5306 -0.6035 -0.2754
v 0.5877 -0.6270 -0.2412
v 0.6677 -0.6327 -0.1618
v 0.6734 -0.6135 -0.1401
v 0.7090 -0.6101 -0.1039
v 0.7254 -0.5956 -0.0674
v 0.6544 -0.5593 -0.0332
v 0.6508 -0.5513 -0.0220
v 0.6504 -0.5361 -0.0020
v 0.9176 0.1382 -0.0290
v 0.9382 0.1834 -0.0051
v 0.9395 0.0812 -0.0467
v 0.9432 0.0729 -0.0466
v 0.9641 0.1079 -0.0292
v 0.8194 0.2241 -0.0255
v 0.6849 -0.3371 0.0537
v 0.6914 -0.3067 0.0382
v 0.6411 -0.4161 0.2334
v 0.6320 -0.4326 0.2439
v 0.5747 -0.5024 0.2632
v 0.6815 -0.3436 0.1663
v 0.6651 -0.3743 0.1950
v 0.6593 -0.3878 0.2141
v 0.4167 -0.6021 0.2079
v 0.4068 -0.5817 0.1985
v 0.4139 -0.5563 0.2042
v 0.4047 -0.5591 0.2122
v 0.4266 -0.5242 0.2159
v 0.4655 -0.4677 0.1945
v 0.4554 -0.4571 0.1619
v 0.4522 -0.4552 0.1595
v 0.3726 -0.3756 0.2765
v 0.3679 -0.4319 0.2454
v 0.4713 -0.4155 0.1892
v 0.4772 -0.3927 0.2120
v 0.4837 -0.3871 0.2193
v 0.4377 -0.3194 0.1781
v 0.4496 -0.3079 0.1785
v 0.4721 -0.2892 0.1830
v 0.4184 -0.2600 0.1696
v 0.3974 -0.2198 0.1909
v 0.3843 -0.2249 0.2099
v 0.4085 -0.2221 0.1733
v 0.3848 -0.2684 0.2443
v 0.4100 -0.2816 0.2643
v 0.4651 -0.6722 -0.1517
v 0.3571 -0.6886 -0.0666
v 0.3958 -0.6907 -0.0806
v 0.1969 -0.5996 0.0673
v 0.2218 -0.6234 0.0880
v 0.2776 -0.6177 0.1188
v 0.3587 -0.6994 0.1036
v 0.3208 -0.7037 0.0241
v 0.3200 -0.7014 -0.0045
v 0.3242 -0.5618 0.1643
v 0.2953 -0.5823 0.1456
v 0.2822 -0.5847 0.1456
v 0.2738 -0.5952 0.1685
v 0.2045 -0.5918 0.1441
v 0.1657 -0.5830 0.1331
v 0.4756 -0.6015 -0.2713
v 0.4405 -0.6240 -0.3331
v 0.4207 -0.6435 -0.3636
v 0.2790 -0.5744 -0.3824
v 0.2765 -0.5755 -0.3922
v 0.2867 -0.6067 -0.3930
v 0.2634 -0.6028 -0.3791
v 0.3208 -0.6024 -0.3959
v 0.4339 -0.5887 -0.3994
v 0.4589 -0.5900 -0.3726
v 0.4635 -0.6001 -0.3644
v 0.4917 -0.5992 -0.3072
v 0.3580 -0.5437 -0.4178
v 0.3786 -0.5728 -0.4051
v 0.7603 -0.3727 0.0339
v 0.8540 -0.3280 0.0295
v 0.9300 0.1528 -0.0741
v 0.9379 0.1990 -0.0617
v 0.8656 0.2176 -0.0693
v 0.8838 0.2036 -0.0612
v 0.8603 0.2452 -0.0472
v 0.8347 0.2564 -0.0398
v 0.9611 0.0426 -0.0621
v 0.9714 0.0496 -0.0562
v 0.9496 0.0822 -0.0581
v 0.6021 -0.6465 -0.2245
v 0.6351 -0.6574 -0.2017
v 0.6491 -0.6534 -0.1910
v 0.6967 -0.5709 -0.0609
v 0.6619 -0.5212 0.0227
v 0.6902 -0.5040 0.0458
v 0.6616 -0.4664 0.0686
v 0.8823 0.1894 -0.0107
v 0.9020 0.1953 -0.0050
v 0.9257 0.1505 -0.0299
v 0.9358 0.0344 -0.0517
v 0.9587 0.0996 -0.0359
v 0.9440 0.0903 -0.0451
v 0.7549 -0.2158 0.1480
v 0.7385 -0.2300 0.1490
v 0.8407 -0.1702 0.0806
v 0.7847 -0.1980 0.1375
v 0.7058 -0.2990 0.1763
v 0.6884 -0.3414 0.1964
v 0.6859 -0.3226 0.0411
v 0.6525 -0.4210 0.0673
v 0.6547 -0.3966 0.0725
v 0.5618 -0.5158 0.2657
v 0.4902 -0.5983 0.2491
v 0.6220 -0.4501 0.2554
v 0.6518 -0.4108 0.2429
v 0.6740 -0.3664 0.0631
v 0.6769 -0.3552 0.0666
v 0.6703 -0.3837 0.2271
v 0.4077 -0.5679 0.1981
v 0.4053 -0.5668 0.2093
v 0.4585 -0.4766 0.2102
v 0.4697 -0.4321 0.1694
v 0.4588 -0.4503 0.1614
v 0.4607 -0.4254 0.1829
v 0.4588 -0.4422 0.1650
v 0.4545 -0.4510 0.1616
v 0.4580 -0.4469 0.1599
v 0.3837 -0.3922 0.2783
v 0.3795 -0.4072 0.2700
v 0.3584 -0.4660 0.2306
v 0.3454 -0.5283 0.1954
v 0.4880 -0.3921 0.2264
v 0.4987 -0.3809 0.2392
v 0.4291 -0.3207 0.1692
v 0.4593 -0.2739 0.1863
v 0.4335 -0.2639 0.1666
v 0.4041 -0.2137 0.1778
v 0.3837 -0.2229 0.2299
v 0.3885 -0.2685 0.2545
v 0.4211 -0.2703 0.2729
v 0.4086 -0.3133 0.3028
v 0.4900 -0.7039 -0.0979
v 0.1935 -0.5848 0.0642
v 0.2100 -0.6138 0.0709
v 0.2122 -0.6254 0.0740
v 0.2454 -0.6258 0.1065
v 0.2710 -0.6317 0.1170
v 0.3100 -0.6308 0.1190
v 0.3223 -0.6488 0.1204
v 0.3148 -0.6401 0.1194
v 0.3601 -0.7036 0.0917
v 0.3272 -0.5734 0.1563
v 0.3188 -0.5810 0.1502
v 0.1641 -0.5720 0.1017
v 0.1822 -0.5857 0.0619
v 0.5164 -0.6409 -0.1728
v 0.5078 -0.6439 -0.1587
v 0.4922 -0.6068 -0.2664
v 0.4825 -0.6047 -0.2922
v 0.4801 -0.6037 -0.2817
v 0.3753 -0.6398 -0.3844
v 0.4502 -0.6232 -0.3421
v 0.3607 -0.6164 -0.3935
v 0.3406 -0.6008 -0.3966
v 0.4578 -0.6182 -0.3522
v 0.4742 -0.6082 -0.3293
v 0.3185 -0.5483 -0.4065
v 0.3007 -0.5610 -0.4068
v 0.3480 -0.5366 -0.4199
v 0.3858 -0.5850 -0.4047
v 0.7153 -0.3469 0.0499
v 0.7187 -0.3614 0.0550
v 0.7373 -0.4101 0.0549
v 0.8160 -0.3637 0.0240
v 0.8298 -0.3547 0.0224
v 0.8302 -0.3755 0.0274
v 0.8654 -0.3397 0.0488
v 0.8717 -0.3023 0.0513
v 0.8755 -0.2394 0.0647
v 0.9495 0.1401 -0.0720
v 0.9315 0.1665 -0.0700
v 0.9686 0.2242 -0.0368
v 0.8710 0.2091 -0.0617
v 0.9390 0.2268 -0.0380
v 0.9041 0.2137 -0.0522
v 0.8593 -0.1818 0.0440
v 0.8500 -0.1821 0.0786
v 0.9483 0.0337 -0.0604
v 0.9750 0.1031 -0.0699
v 0.5182 -0.6083 -0.2721
v 0.5514 -0.6255 -0.2507
v 0.5657 -0.6205 -0.2500
v 0.7018 -0.6726 -0.1350
v 0.7106 -0.6379 -0.1035
v 0.7111 -0.5808 -0.0621
v 0.6845 -0.5653 -0.0531
v 0.6583 -0.5286 -0.0048
v 0.6697 -0.4455 0.0776
v 0.6454 -0.4572 0.0684
v 0.8397 0.2472 -0.0212
v 0.8586 0.2057 -0.0186
v 0.8694 0.1938 -0.0192
v 0.9488 0.1326 -0.0283
v 0.9730 0.1150 -0.0272
v 0.9651 0.0569 -0.0433
v 0.7690 -0.2320 0.1637
v 0.8023 -0.1996 0.1379
v 0.7357 -0.2539 0.1677
v 0.7045 -0.3224 0.2055
v 0.5967 -0.4989 0.2737
v 0.5780 -0.5395 0.2784
v 0.5658 -0.5886 0.2803
v 0.5517 -0.5841 0.2771
v 0.4903 -0.6241 0.2440
v 0.6970 -0.3545 0.2276
v 0.4590 -0.6409 0.2250
v 0.3970 -0.6269 0.1920
v 0.3962 -0.5985 0.1943
v 0.4039 -0.5795 0.1998
v 0.4584 -0.4822 0.2211
v 0.4680 -0.4610 0.2054
v 0.4634 -0.4257 0.1729
v 0.4611 -0.4254 0.1781
v 0.4667 -0.4307 0.1668
v 0.3634 -0.4439 0.2615
v 0.3520 -0.5028 0.2132
v 0.3355 -0.5570 0.1720
v 0.4645 -0.4150 0.1776
v 0.4765 -0.4086 0.2031
v 0.5013 -0.3527 0.2293
v 0.4929 -0.3430 0.2196
v 0.4895 -0.4062 0.2315
v 0.4932 -0.3257 0.2038
v 0.4803 -0.2708 0.1844
v 0.4386 -0.2396 0.1626
v 0.3895 -0.2055 0.2169
v 0.3874 -0.2422 0.2424
v 0.3970 -0.2657 0.2636
v 0.4235 -0.2704 0.2773
v 0.3846 -0.3548 0.2907
v 0.3376 -0.6889 -0.0340
v 0.4604 -0.7023 -0.0818
v 0.2027 -0.6112 0.0666
v 0.2025 -0.6291 0.0602
v 0.2183 -0.6302 0.0899
v 0.2413 -0.6326 0.1088
v 0.2578 -0.6305 0.1104
v 0.3190 -0.6483 0.1258
v 0.3742 -0.6784 0.1419
v 0.3430 -0.7020 0.0455
v 0.3288 -0.5683 0.1665
v 0.3252 -0.5790 0.1544
v 0.3140 -0.5854 0.1521
v 0.1962 -0.5932 0.1538
v 0.1574 -0.5772 0.1137
v 0.5049 -0.6172 -0.2426
v 0.3854 -0.6520 -0.3852
v 0.3988 -0.6611 -0.3885
v 0.4320 -0.6421 -0.3696
v 0.3550 -0.6092 -0.3943
v 0.2678 -0.5882 -0.3883
v 0.2798 -0.6031 -0.4046
v 0.2704 -0.6057 -0.3920
v 0.4430 -0.6047 -0.4079
v 0.4916 -0.6028 -0.2907
v 0.3593 -0.5580 -0.4200
v 0.3747 -0.5781 -0.4097
v 0.6937 -0.3296 0.0409
v 0.7743 -0.4074 0.0382
v 0.8008 -0.3832 0.0263
v 0.9881 0.1149 -0.0662
v 0.9317 0.1589 -0.0655
v 0.9497 0.1939 -0.0568
v 0.8504 0.2584 -0.0381
v 0.8330 0.2528 -0.0281
v 0.9562 0.0366 -0.0501
v 0.9660 0.0399 -0.0513
v 0.9682 0.0622 -0.0518
v 0.9523 0.0743 -0.0574
v 0.9513 0.0879 -0.0567
v 0.5043 -0.6048 -0.2789
v 0.5830 -0.6384 -0.2384
v 0.5842 -0.6494 -0.2296
v 0.6871 -0.6865 -0.1542
v 0.6738 -0.5404 -0.0322
v 0.7171 -0.5022 0.0484
v 0.7013 -0.4797 0.0578
v 0.8522 0.2470 -0.0234
v 0.8739 0.1985 -0.0231
v 0.8806 0.1988 -0.0207
v 0.9035 0.2102 -0.0111
v 0.9660 0.2289 0.0026
v 0.9320 0.1451 -0.0361
v 0.9436 0.1734 -0.0191
v 0.9809 0.1220 -0.0305
v 0.8141 -0.2167 0.1474
v 0.7352 -0.2679 0.1821
v 0.6817 -0.3493 0.0624
v 0.6879 -0.3465 0.0554
v 0.6672 -0.4135 0.0738
v 0.5147 -0.6246 0.2577
v 0.5494 -0.6084 0.2746
v 0.6304 -0.4883 0.2795
v 0.6611 -0.4202 0.2588
v 0.6492 -0.4342 0.2605
v 0.6376 -0.4476 0.2645
v 0.6695 -0.3799 0.0686
v 0.6837 -0.3560 0.0616
v 0.6753 -0.3915 0.2397
v 0.4332 -0.6435 0.2051
v 0.4114 -0.5497 0.2213
v 0.4268 -0.5485 0.2458
v 0.4387 -0.5225 0.2396
v 0.4681 -0.4723 0.2346
v 0.4757 -0.4328 0.2050
v 0.4625 -0.4434 0.1646
v 0.4744 -0.4259 0.1933
v 0.3852 -0.3751 0.2953
v 0.3863 -0.3662 0.3001
v 0.3882 -0.3991 0.2862
v 0.3750 -0.4259 0.2807
v 0.4751 -0.4055 0.2052
v 0.4791 -0.4005 0.2073
v 0.4853 -0.3881 0.2134
v 0.4888 -0.3912 0.2196
v 0.5024 -0.3940 0.2546
v 0.5174 -0.3575 0.2532
v 0.4785 -0.3107 0.1922
v 0.4064 -0.1986 0.1968
v 0.3943 -0.2558 0.2599
v 0.3911 -0.2162 0.2418
v 0.4061 -0.2110 0.1684
v 0.4182 -0.2890 0.3038
v 0.4479 -0.6907 -0.0645
v 0.2053 -0.6348 0.0708
v 0.2903 -0.6377 0.1237
v 0.3044 -0.6285 0.1215
v 0.3384 -0.6573 0.1372
v 0.3066 -0.6384 0.1236
v 0.3557 -0.6614 0.1423
v 0.3417 -0.6889 0.0015
v 0.1629 -0.5839 0.1431
v 0.1518 -0.5856 0.1273
v 0.1490 -0.5811 0.1015
v 0.1530 -0.5793 0.0894
v 0.1648 -0.5823 0.0753
v 0.5018 -0.6487 -0.1534
v 0.3677 -0.6408 -0.4008
v 0.3657 -0.6284 -0.3998
v 0.4169 -0.6704 -0.3969
v 0.3648 -0.6220 -0.3966
v 0.3258 -0.5827 -0.4112
v 0.2732 -0.5818 -0.3983
v 0.2878 -0.5757 -0.4081
v 0.3948 -0.5903 -0.4077
v 0.4198 -0.5989 -0.4331
v 0.4457 -0.6229 -0.4064
v 0.3192 -0.5589 -0.4136
v 0.3412 -0.5562 -0.4220
v 0.3678 -0.5790 -0.4120
v 0.6983 -0.3513 0.0541
v 0.7044 -0.3783 0.0677
v 0.7111 -0.3939 0.0695
v 0.8544 -0.3551 0.0417
v 0.8788 -0.2821 0.0851
v 0.9590 0.1386 -0.0502
v 0.9397 0.1484 -0.0590
v 0.9366 0.1533 -0.0547
v 0.9377 0.1665 -0.0544
v 0.8770 0.2047 -0.0418
v 0.8716 0.2094 -0.0427
v 0.9114 0.2178 -0.0315
v 0.8828 0.2037 -0.0437
v 0.8683 -0.2205 0.0802
v 0.5174 -0.6180 -0.2547
v 0.5532 -0.6403 -0.2351
v 0.7356 -0.6255 -0.0798
v 0.7445 -0.5956 -0.0441
v 0.7600 -0.6149 -0.0395
v 0.7007 -0.5476 -0.0565
v 0.6886 -0.5422 -0.0464
v 0.6762 -0.5127 0.0015
v 0.6929 -0.5263 -0.0376
v 0.6836 -0.5084 0.0195
v 0.6950 -0.5065 0.0379
v 0.7143 -0.5063 0.0405
v 0.8681 0.2028 -0.0249
v 0.9168 0.2113 -0.0033
v 0.9349 0.1583 -0.0375
v 0.8535 -0.2104 0.1074
v 0.8405 -0.2317 0.1422
v 0.6648 -0.3959 0.0722
v 0.5901 -0.5485 0.2863
v 0.6217 -0.5300 0.2912
v 0.5220 -0.6449 0.2541
v 0.4947 -0.6493 0.2361
v 0.6442 -0.4663 0.2783
v 0.6835 -0.3852 0.0631
v 0.6898 -0.3715 0.2379
v 0.4623 -0.4937 0.2464
v 0.4718 -0.4564 0.2234
v 0.4746 -0.4407 0.2206
v 0.3513 -0.4787 0.2597
v 0.3413 -0.5122 0.2383
v 0.3395 -0.5603 0.1833
v 0.3383 -0.5633 0.1735
v 0.4768 -0.4069 0.2018
v 0.4769 -0.4067 0.2019
v 0.4851 -0.4012 0.2064
v 0.4836 -0.3969 0.2051
v 0.4899 -0.3865 0.2108
v 0.4936 -0.4250 0.2549
v 0.5043 -0.4030 0.2704
v 0.5240 -0.3551 0.2683
v 0.5182 -0.3293 0.2408
v 0.4997 -0.3281 0.2239
v 0.4947 -0.3299 0.2104
v 0.4799 -0.2630 0.1814
v 0.4687 -0.2546 0.1679
v 0.4783 -0.2446 0.1644
v 0.4047 -0.2030 0.1844
v 0.3975 -0.2320 0.2488
v 0.3989 -0.1962 0.2387
v 0.4390 -0.2199 0.1522
v 0.4198 -0.2510 0.2732
v 0.4261 -0.2493 0.2893
v 0.4980 -0.6893 -0.1114
v 0.3824 -0.6794 -0.0216
v 0.4037 -0.6798 -0.0364
v 0.4476 -0.6846 -0.0460
v 0.1922 -0.6112 0.0662
v 0.1846 -0.5937 0.0601
v 0.1902 -0.6019 0.0652
v 0.2671 -0.6375 0.1214
v 0.4151 -0.6748 0.1747
v 0.3995 -0.7002 0.1353
v 0.2329 -0.5919 0.1950
v 0.1503 -0.5857 0.1376
v 0.1449 -0.5906 0.1230
v 0.5715 -0.6713 -0.1816
v 0.3825 -0.6672 -0.4095
v 0.3626 -0.6388 -0.4104
v 0.4400 -0.6386 -0.3821
v 0.3693 -0.6098 -0.4024
v 0.3767 -0.5898 -0.4080
v 0.3486 -0.5751 -0.4162
v 0.2644 -0.5962 -0.3918
v 0.2781 -0.5924 -0.4068
v 0.2986 -0.5841 -0.4118
v 0.4080 -0.5938 -0.4258
v 0.3016 -0.5708 -0.4129
v 0.3846 -0.5920 -0.4085
v 0.8191 -0.3914 0.0244
v 0.8723 -0.3421 0.0698
v 0.8774 -0.2608 0.0906
v 0.9913 0.1091 -0.0615
v 0.9940 0.1197 -0.0590
v 0.9419 0.1463 -0.0485
v 0.9360 0.1571 -0.0497
v 0.9509 0.1841 -0.0485
v 0.9741 0.2171 -0.0327
v 0.8640 0.2313 -0.0319
v 0.8639 0.2392 -0.0404
v 0.8565 0.2516 -0.0323
v 0.8420 0.2596 -0.0331
v 0.9719 0.0469 -0.0462
v 0.9790 0.0994 -0.0602
v 0.6506 -0.6850 -0.1796
v 0.7381 -0.5826 -0.0403
v 0.7197 -0.5634 -0.0536
v 0.7109 -0.5571 -0.0579
v 0.7056 -0.5150 -0.0337
v 0.7419 -0.5063 0.0488
v 0.7218 -0.4650 0.0588
v 0.6886 -0.4305 0.0764
v 0.8470 0.2558 -0.0254
v 0.9905 0.1242 -0.0373
v 0.9942 0.1055 -0.0354
v 0.7933 -0.2531 0.1812
v 0.7514 -0.2671 0.1891
v 0.7476 -0.2893 0.2015
v 0.7266 -0.3241 0.2232
v 0.6752 -0.4303 0.0776
v 0.5892 -0.5792 0.2879
v 0.5667 -0.6295 0.2722
v 0.6995 -0.3758 0.2475
v 0.6932 -0.3988 0.2559
v 0.4683 -0.6672 0.2136
v 0.4137 -0.6498 0.1917
v 0.3912 -0.6265 0.1923
v 0.3915 -0.6033 0.1958
v 0.3944 -0.5920 0.2097
v 0.3986 -0.5672 0.2228
v 0.4121 -0.5657 0.2435
v 0.4412 -0.5229 0.2565
v 0.4853 -0.4195 0.2168
v 0.4797 -0.4156 0.2065
v 0.4702 -0.4219 0.1737
v 0.3998 -0.3835 0.3036
v 0.4021 -0.3910 0.3082
v 0.3980 -0.4150 0.3142
v 0.3885 -0.4217 0.3007
v 0.3658 -0.4649 0.2900
v 0.3562 -0.4750 0.2755
v 0.4777 -0.4030 0.2058
v 0.4772 -0.4064 0.1996
v 0.4770 -0.4067 0.2014
v 0.4898 -0.4045 0.2191
v 0.5294 -0.3242 0.2579
v 0.4955 -0.3104 0.2121
v 0.4762 -0.4364 0.2321
v 0.5028 -0.3140 0.2064
v 0.5001 -0.2996 0.1990
v 0.5029 -0.2603 0.1871
v 0.4944 -0.2501 0.1794
v 0.4076 -0.1931 0.1879
v 0.4130 -0.1892 0.1985
v 0.4016 -0.1908 0.2272
v 0.4160 -0.1868 0.2094
v 0.4126 -0.2229 0.2565
v 0.4119 -0.3515 0.3285
v 0.4234 -0.2398 0.2741
v 0.4264 -0.2654 0.3090
v 0.4080 -0.3646 0.3247
v 0.3745 -0.6793 -0.0033
v 0.1887 -0.6401 0.0824
v 0.2120 -0.6359 0.1105
v 0.3034 -0.6486 0.1315
v 0.3773 -0.6520 0.1621
v 0.4234 -0.7029 0.1414
v 0.3963 -0.7020 0.1061
v 0.3662 -0.6884 0.0463
v 0.3148 -0.5836 0.1662
v 0.3025 -0.5884 0.1733
v 0.2847 -0.6008 0.2149
v 0.2707 -0.5998 0.1959
v 0.1848 -0.5855 0.1829
v 0.1562 -0.5772 0.1691
v 0.1399 -0.5957 0.0892
v 0.5146 -0.6603 -0.1317
v 0.5788 -0.6678 -0.1995
v 0.4282 -0.6683 -0.4022
v 0.3932 -0.6728 -0.4145
v 0.2672 -0.5988 -0.4010
v 0.4344 -0.6140 -0.4297
v 0.4241 -0.6073 -0.4380
v 0.7517 -0.4379 0.0500
v 0.7011 -0.4117 0.0728
v 0.7224 -0.4291 0.0630
v 0.7862 -0.4303 0.0291
v 0.8236 -0.4039 0.0296
v 0.8388 -0.3927 0.0495
v 0.8584 -0.3720 0.0583
v 0.8784 -0.3388 0.1098
v 0.9974 0.1085 -0.0515
v 0.9918 0.1264 -0.0501
v 0.9697 0.2355 -0.0271
v 0.9642 0.2372 -0.0112
v 0.5920 -0.6661 -0.2079
v 0.7056 -0.6897 -0.1343
v 0.7240 -0.6703 -0.1186
v 0.7418 -0.6454 -0.0856
v 0.7321 -0.5586 -0.0409
v 0.7602 -0.5738 -0.0111
v 0.7017 -0.5346 -0.0501
v 0.7080 -0.5041 0.0158
v 0.9757 0.2297 -0.0011
v 0.9357 0.1498 -0.0426
v 0.9525 0.1808 -0.0287
v 0.9932 0.1129 -0.0316
v 0.8360 -0.2799 0.1791
v 0.4942 -0.6682 0.2230
v 0.6941 -0.4221 0.2721
v 0.6782 -0.4720 0.2862
v 0.4414 -0.6754 0.1889
v 0.3902 -0.6398 0.1806
v 0.4713 -0.4670 0.2501
v 0.4652 -0.4605 0.2345
v 0.4008 -0.4367 0.3252
v 0.4796 -0.4062 0.2039
v 0.4772 -0.4060 0.1977
v 0.4772 -0.4064 0.2003
v 0.4921 -0.3792 0.2106
v 0.4906 -0.3932 0.2116
v 0.4952 -0.4300 0.2704
v 0.5172 -0.3740 0.2993
v 0.5210 -0.2921 0.2257
v 0.4829 -0.4424 0.2434
v 0.5111 -0.2871 0.2020
v 0.4692 -0.2293 0.1594
v 0.3981 -0.1841 0.1373
v 0.3645 -0.6841 0.0231
v 0.4136 -0.6748 -0.0294
v 0.4386 -0.6815 -0.0418
v 0.4749 -0.6830 -0.0310
v 0.5079 -0.7027 -0.0557
v 0.5171 -0.6916 -0.0984
v 0.1699 -0.6057 0.0727
v 0.1763 -0.6351 0.0701
v 0.1918 -0.6310 0.0652
v 0.1800 -0.6028 0.0680
v 0.2622 -0.6445 0.1406
v 0.2856 -0.6432 0.1291
v 0.3191 -0.6641 0.1454
v 0.3284 -0.6673 0.1506
v 0.3517 -0.6582 0.1470
v 0.5095 -0.6967 0.2072
v 0.3063 -0.5879 0.1988
v 0.2094 -0.5906 0.1974
v 0.1420 -0.5897 0.1333
v 0.1392 -0.5978 0.0984
v 0.1521 -0.5925 0.0823
v 0.5560 -0.6762 -0.0886
v 0.3539 -0.6573 -0.4187
v 0.3626 -0.6480 -0.4102
v 0.3225 -0.5715 -0.4145
v 0.4353 -0.6253 -0.4315
v 0.3926 -0.5940 -0.4119
v 0.4003 -0.5962 -0.4235
v 0.7659 -0.4619 0.0319
v 0.8643 -0.3879 0.0762
v 0.8721 -0.3726 0.0942
v 0.8789 -0.3174 0.1203
v 0.8712 -0.2606 0.1133
v 0.9935 0.1039 -0.0439
v 0.9773 0.2324 -0.0241
v 0.9646 0.2358 -0.0013
v 0.6662 -0.6936 -0.1591
v 0.7592 -0.6693 -0.0728
v 0.7430 -0.5565 -0.0176
v 0.7177 -0.5386 -0.0432
v 0.7804 -0.6396 -0.0255
v 0.7850 -0.5985 0.0091
v 0.7075 -0.5371 -0.0518
v 0.7071 -0.5071 -0.0178
v 0.7440 -0.4802 0.0506
v 0.9737 0.2191 -0.0069
v 0.9800 0.2248 -0.0163
v 0.8004 -0.2820 0.1998
v 0.7786 -0.3078 0.2183
v 0.7579 -0.3019 0.2134
v 0.6312 -0.5753 0.2923
v 0.6159 -0.5973 0.2873
v 0.7344 -0.3430 0.2366
v 0.7376 -0.4000 0.2664
v 0.7074 -0.4095 0.2670
v 0.3860 -0.6218 0.2027
v 0.3859 -0.5854 0.2177
v 0.3926 -0.5942 0.2341
v 0.3847 -0.5906 0.2137
v 0.4170 -0.5594 0.2555
v 0.4686 -0.4770 0.2618
v 0.4640 -0.4558 0.2286
v 0.4668 -0.4484 0.2265
v 0.3256 -0.5506 0.2238
v 0.4773 -0.4048 0.2043
v 0.4774 -0.4059 0.2022
v 0.4772 -0.4068 0.2000
v 0.4773 -0.4066 0.1991
v 0.4771 -0.4067 0.2000
v 0.4772 -0.4064 0.1987
v 0.4773 -0.4062 0.1989
v 0.4902 -0.3837 0.2116
v 0.4903 -0.3831 0.2125
v 0.4965 -0.4211 0.2936
v 0.5247 -0.3573 0.2876
v 0.5030 -0.3015 0.2056
v 0.5151 -0.2748 0.2032
v 0.4550 -0.2175 0.1509
v 0.3969 -0.1854 0.1645
v 0.4089 -0.1867 0.2372
v 0.4271 -0.1935 0.2649
v 0.4355 -0.2020 0.1333
v 0.4233 -0.1899 0.1258
v 0.3951 -0.1876 0.1479
v 0.4490 -0.2619 0.3357
v 0.4311 -0.2203 0.2818
v 0.4139 -0.3761 0.3427
v 0.3958 -0.6747 -0.0194
v 0.5477 -0.7035 -0.0418
v 0.1709 -0.6431 0.0816
v 0.1771 -0.6390 0.0733
v 0.1601 -0.6422 0.0958
v 0.1858 -0.6370 0.1212
v 0.2797 -0.6487 0.1409
v 0.3458 -0.6594 0.1485
v 0.3679 -0.6509 0.1626
v 0.3867 -0.6371 0.1836
v 0.3801 -0.6946 0.0732
v 0.3268 -0.5733 0.1818
v 0.2724 -0.6029 0.2147
v 0.1386 -0.5751 0.1682
v 0.1302 -0.5787 0.1617
v 0.1409 -0.6003 0.1127
v 0.1244 -0.6191 0.0806
v 0.3581 -0.6506 -0.4268
v 0.4319 -0.6648 -0.4111
v 0.4222 -0.6718 -0.4096
v 0.3724 -0.6217 -0.4099
v 0.3904 -0.6017 -0.4137
v 0.4136 -0.6010 -0.4361
v 0.8117 -0.4247 0.0286
v 0.8483 -0.4123 0.0681
v 0.8765 -0.3687 0.1401
v 0.8751 -0.2975 0.1278
v 0.9978 0.1212 -0.0462
v 0.6362 -0.6905 -0.1707
v 0.7163 -0.5184 -0.0337
v 0.7419 -0.5150 0.0408
v 0.8527 -0.2822 0.1626
v 0.8659 -0.2910 0.1459
v 0.6796 -0.5089 0.2938
v 0.6039 -0.6359 0.2721
v 0.5977 -0.6565 0.2590
v 0.5510 -0.6728 0.2397
v 0.7061 -0.4431 0.2823
v 0.7334 -0.3604 0.2482
v 0.3915 -0.6043 0.2124
v 0.4659 -0.4803 0.2786
v 0.4793 -0.4082 0.2037
v 0.4020 -0.4014 0.3350
v 0.4772 -0.4070 0.2008
v 0.4913 -0.3794 0.2099
v 0.4790 -0.4617 0.2774
v 0.5331 -0.3173 0.2802
v 0.5164 -0.2895 0.2116
v 0.4689 -0.2128 0.1531
v 0.4272 -0.1561 0.2006
v 0.4280 -0.1735 0.2064
v 0.4320 -0.1802 0.2253
v 0.4293 -0.1780 0.2128
v 0.4470 -0.2467 0.3262
v 0.3768 -0.6718 0.0098
v 0.3937 -0.6713 -0.0107
v 0.4135 -0.6640 -0.0212
v 0.4420 -0.6638 -0.0306
v 0.4548 -0.6784 -0.0365
v 0.5591 -0.7002 -0.0458
v 0.1413 -0.6166 0.0726
v 0.1731 -0.6375 0.1135
v 0.2160 -0.6446 0.1478
v 0.2445 -0.6607 0.2230
v 0.2733 -0.6556 0.1680
v 0.3214 -0.6699 0.1598
v 0.3031 -0.6667 0.1622
v 0.3418 -0.6641 0.1581
v 0.4162 -0.6989 0.1121
v 0.4014 -0.6931 0.0919
v 0.3754 -0.6678 0.0432
v 0.3002 -0.5911 0.2219
v 0.2409 -0.6010 0.2220
v 0.2342 -0.5997 0.2148
v 0.1887 -0.6019 0.2136
v 0.1511 -0.5774 0.1934
v 0.1265 -0.5887 0.1485
v 0.1389 -0.5968 0.1303
v 0.1392 -0.6157 0.1110
v 0.3674 -0.6770 -0.4193
v 0.4012 -0.6716 -0.4209
v 0.3972 -0.6123 -0.4301
v 0.4157 -0.6208 -0.4422
v 0.4274 -0.6648 -0.4191
v 0.8257 -0.4335 0.0419
v 0.8338 -0.4281 0.0588
v 0.8655 -0.4077 0.1013
v 1.0005 0.1118 -0.0443
v 0.7379 -0.5207 -0.0106
v 0.7784 -0.6635 -0.0334
v 0.7847 -0.6408 -0.0167
v 0.7631 -0.5479 0.0043
v 0.7191 -0.5069 -0.0161
v 0.7356 -0.5104 0.0219
v 0.7536 -0.5098 0.0441
v 0.7632 -0.4825 0.0330
v 0.7807 -0.3430 0.2372
v 0.6560 -0.5396 0.2959
v 0.6680 -0.5912 0.2904
v 0.6379 -0.6262 0.2771
v 0.7268 -0.4249 0.2736
v 0.7457 -0.3736 0.2560
v 0.3826 -0.6323 0.1962
v 0.3858 -0.6140 0.2176
v 0.3884 -0.6063 0.2209
v 0.3852 -0.5951 0.2190
v 0.3940 -0.5943 0.2457
v 0.4419 -0.5088 0.2832
v 0.3872 -0.4837 0.3127
v 0.3522 -0.5365 0.2817
v 0.4110 -0.4383 0.3308
v 0.3368 -0.5345 0.2539
v 0.3141 -0.5725 0.2263
v 0.4773 -0.4068 0.1997
v 0.4771 -0.4057 0.2033
v 0.4772 -0.4060 0.2019
v 0.4780 -0.4063 0.2007
v 0.4908 -0.3819 0.2111
v 0.4913 -0.3794 0.2101
v 0.4801 -0.4348 0.3074
v 0.5080 -0.3834 0.3104
v 0.5271 -0.3350 0.2982
v 0.5306 -0.2741 0.2407
v 0.5330 -0.2666 0.2569
v 0.5213 -0.2650 0.2143
v 0.4849 -0.2292 0.1662
v 0.4564 -0.1969 0.1382
v 0.4267 -0.1768 0.1184
v 0.4039 -0.1647 0.1193
v 0.4301 -0.3536 0.3485
v 0.4479 -0.2131 0.3039
v 0.3721 -0.6722 0.0240
v 0.4076 -0.6592 -0.0122
v 0.4539 -0.6658 -0.0301
v 0.4959 -0.6808 -0.0117
v 0.5487 -0.6836 -0.0797
v 0.1629 -0.6338 0.1316
v 0.1799 -0.6466 0.1657
v 0.3497 -0.6567 0.1673
v 0.3603 -0.6512 0.1697
v 0.3823 -0.6751 0.0692
v 0.3758 -0.6751 0.0519
v 0.2820 -0.6031 0.2295
v 0.2674 -0.6022 0.2305
v 0.1845 -0.5904 0.1985
v 0.1361 -0.5793 0.1929
v 0.1343 -0.5929 0.1393
v 0.1257 -0.6342 0.0944
v 0.5647 -0.6759 -0.0980
v 0.5819 -0.6851 -0.1150
v 0.3617 -0.6852 -0.4264
v 0.3524 -0.6773 -0.4214
v 0.3686 -0.6523 -0.4421
v 0.3833 -0.6310 -0.4331
v 0.4014 -0.6686 -0.4278
v 0.4199 -0.6368 -0.4417
v 0.3923 -0.6378 -0.4422
v 0.7721 -0.4939 0.0310
v 0.7962 -0.5048 0.0366
v 0.8741 -0.3417 0.1485
v 0.9722 0.2376 -0.0138
v 0.6165 -0.6892 -0.1623
v 0.7547 -0.6782 -0.0762
v 0.7880 -0.6181 0.0100
v 0.7851 -0.6476 -0.0084
v 0.7620 -0.5280 0.0358
v 0.9981 0.1100 -0.0374
v 0.9972 0.1190 -0.0388
v 0.6554 -0.6121 0.2817
v 0.6230 -0.6718 0.2452
v 0.7505 -0.4066 0.2671
v 0.3750 -0.6435 0.1876
v 0.3885 -0.6025 0.2275
v 0.3912 -0.5865 0.2577
v 0.4260 -0.5158 0.2929
v 0.4775 -0.4069 0.1999
v 0.4020 -0.4163 0.3343
v 0.4773 -0.4067 0.1993
v 0.4774 -0.4063 0.2003
v 0.4775 -0.4061 0.1997
v 0.4775 -0.4060 0.1989
v 0.4776 -0.4062 0.1997
v 0.4777 -0.4062 0.2002
v 0.4776 -0.4062 0.1998
v 0.4782 -0.4063 0.2009
v 0.4782 -0.4064 0.2005
v 0.4787 -0.4071 0.2024
v 0.4913 -0.3794 0.2102
v 0.4913 -0.3795 0.2102
v 0.4768 -0.4564 0.2912
v 0.5114 -0.3619 0.3142
v 0.5315 -0.2965 0.2851
v 0.5159 -0.2453 0.2061
v 0.4314 -0.1838 0.2541
v 0.4465 -0.1774 0.2311
v 0.4416 -0.1903 0.2740
v 0.3921 -0.1557 0.1270
v 0.4520 -0.3004 0.3469
v 0.4446 -0.3364 0.3498
v 0.4194 -0.6320 -0.0024
v 0.4590 -0.6712 -0.0294
v 0.4666 -0.6744 -0.0265
v 0.5193 -0.6901 -0.0155
v 0.1504 -0.6531 0.0628
v 0.1520 -0.6535 0.0754
v 0.1407 -0.6412 0.1018
v 0.1539 -0.6345 0.1132
v 0.1569 -0.6318 0.1246
v 0.3678 -0.6373 0.1965
v 0.4217 -0.6917 0.1038
v 0.3909 -0.6759 0.0815
v 0.3806 -0.6731 0.0538
v 0.3794 -0.6622 0.0471
v 0.3026 -0.5935 0.2362
v 0.2889 -0.6027 0.2367
v 0.2438 -0.5952 0.2419
v 0.1890 -0.6027 0.2234
v 0.1665 -0.5994 0.2135
v 0.1260 -0.5806 0.1808
v 0.1177 -0.5881 0.1703
v 0.1437 -0.6169 0.1371
v 0.1410 -0.6238 0.1135
v 0.3476 -0.6770 -0.4315
v 0.3789 -0.6789 -0.4348
v 0.8501 -0.4511 0.1002
v 0.8654 -0.3290 0.1643
v 0.9763 0.2342 -0.0072
v 0.7205 -0.6949 -0.0974
v 0.6642 -0.6940 -0.0821
v 0.7390 -0.5137 0.0003
v 0.7841 -0.5885 0.0243
v 0.7768 -0.5618 0.0211
v 0.8299 -0.3214 0.2045
v 0.6744 -0.5540 0.2921
v 0.5708 -0.6916 0.2288
v 0.5684 -0.6997 0.2153
v 0.7326 -0.4508 0.2793
v 0.5122 -0.7009 0.1945
v 0.3768 -0.6212 0.2122
v 0.3868 -0.6149 0.2270
v 0.3795 -0.6218 0.2185
v 0.3910 -0.6127 0.2395
v 0.3911 -0.6081 0.2438
v 0.4778 -0.4066 0.1997
v 0.4077 -0.4097 0.3392
v 0.3949 -0.4958 0.3108
v 0.4212 -0.4470 0.3286
v 0.3261 -0.5650 0.2484
v 0.4774 -0.4068 0.1994
v 0.4778 -0.4065 0.1993
v 0.4737 -0.4202 0.3223
v 0.4931 -0.3727 0.3290
v 0.5271 -0.2474 0.2297
v 0.4894 -0.2061 0.1782
v 0.4986 -0.1982 0.1987
v 0.4372 -0.1735 0.1213
v 0.4176 -0.1117 0.1692
v 0.4431 -0.1702 0.2218
v 0.3959 -0.1073 0.1318
v 0.4498 -0.1813 0.2392
v 0.4563 -0.2303 0.3195
v 0.4144 -0.3885 0.3438
v 0.3920 -0.6722 -0.0054
v 0.3871 -0.6724 0.0078
v 0.4061 -0.6604 -0.0070
v 0.4634 -0.5736 0.0013
v 0.4597 -0.6461 -0.0244
v 0.4575 -0.6660 -0.0273
v 0.4812 -0.6737 -0.0141
v 0.4898 -0.6753 0.0012
v 0.5986 -0.7045 0.0155
v 0.5779 -0.6860 -0.0542
v 0.1334 -0.6579 0.0844
v 0.1501 -0.6297 0.1342
v 0.2012 -0.6522 0.2028
v 0.2898 -0.6670 0.1965
v 0.3595 -0.6708 0.1983
v 0.5196 -0.6989 0.1752
v 0.4436 -0.6884 0.1117
v 0.4401 -0.6820 0.1043
v 0.3769 -0.6691 0.0382
v 0.2832 -0.6069 0.2440
v 0.2696 -0.6040 0.2465
v 0.1892 -0.5922 0.2488
v 0.1164 -0.5915 0.1861
v 0.1448 -0.6205 0.1275
v 0.1247 -0.6391 0.0694
v 0.3510 -0.6814 -0.4260
v 0.3550 -0.6661 -0.4382
v 0.3741 -0.6620 -0.4476
v 0.3998 -0.6580 -0.4379
v 0.8129 -0.4869 0.0426
v 0.8123 -0.5153 0.0542
v 0.8307 -0.4731 0.0837
v 0.8471 -0.4751 0.1269
v 0.8640 -0.4342 0.1649
v 0.8511 -0.3179 0.1812
v 0.7602 -0.6900 -0.0273
v 0.7842 -0.6366 0.0126
v 0.7834 -0.6127 0.0316
v 0.7652 -0.5404 0.0151
v 0.7680 -0.5257 0.0387
v 0.7105 -0.5091 0.2887
v 0.6816 -0.5987 0.2878
v 0.6744 -0.6278 0.2662
v 0.7557 -0.4435 0.2723
v 0.7391 -0.4736 0.2799
v 0.7733 -0.4049 0.2606
v 0.4002 -0.5491 0.2826
v 0.4186 -0.5030 0.3046
v 0.4774 -0.4065 0.1987
v 0.4773 -0.4062 0.1979
v 0.4441 -0.4433 0.3259
v 0.3551 -0.5507 0.2803
v 0.3266 -0.5786 0.2549
v 0.4776 -0.4060 0.1980
v 0.4773 -0.4056 0.1963
v 0.4775 -0.4059 0.1974
v 0.4685 -0.3995 0.3347
v 0.5114 -0.3302 0.3188
v 0.5238 -0.2636 0.2856
v 0.4727 -0.1538 0.1571
v 0.4313 -0.1050 0.1833
v 0.3901 -0.1502 0.1358
v 0.4037 -0.1332 0.1117
v 0.3937 -0.1385 0.1194
v 0.4560 -0.2703 0.3384
v 0.4498 -0.2005 0.2904
v 0.4259 -0.3872 0.3456
v 0.4502 -0.3889 0.3429
v 0.3874 -0.6654 0.0232
v 0.5133 -0.6797 0.0140
v 0.1453 -0.6589 0.0611
v 0.1375 -0.6642 0.0727
v 0.1324 -0.6397 0.0998
v 0.1448 -0.6324 0.1111
v 0.1489 -0.6265 0.1254
v 0.1571 -0.6379 0.1439
v 0.1687 -0.6499 0.1675
v 0.3495 -0.6785 0.2174
v 0.3562 -0.6755 0.2066
v 0.3584 -0.6481 0.1863
v 0.4706 -0.6863 0.1215
v 0.3788 -0.6619 0.0457
v 0.3785 -0.6620 0.0455
v 0.3782 -0.6621 0.0447
v 0.3777 -0.6632 0.0435
v 0.3039 -0.5995 0.2444
v 0.2939 -0.6063 0.2450
v 0.2371 -0.5934 0.2543
v 0.1582 -0.6009 0.2190
v 0.1582 -0.5997 0.2274
v 0.1486 -0.5849 0.2032
v 0.1327 -0.5880 0.2009
v 0.1408 -0.6034 0.1412
v 0.1290 -0.6528 0.0893
v 0.1207 -0.6536 0.0821
v 0.1178 -0.6512 0.0739
v 0.3581 -0.6725 -0.4439
v 0.3936 -0.6506 -0.4440
v 0.3778 -0.6686 -0.4453
v 0.8648 -0.3992 0.1801
v 0.8568 -0.3409 0.1812
v 0.7376 -0.6908 -0.0843
v 0.7736 -0.6733 -0.0144
v 0.7783 -0.6612 -0.0004
v 0.7784 -0.5961 0.0470
v 0.7794 -0.5739 0.0418
v 0.7740 -0.5513 0.0322
v 0.8206 -0.3729 0.2334
v 0.7992 -0.3879 0.2481
v 0.7081 -0.5517 0.2935
v 0.7032 -0.6137 0.2751
v 0.6711 -0.6532 0.2496
v 0.5984 -0.6962 0.2217
v 0.6413 -0.6869 0.2264
v 0.3950 -0.6307 0.2476
v 0.3883 -0.6030 0.2526
v 0.3754 -0.5850 0.2672
v 0.4773 -0.4055 0.1959
v 0.4775 -0.4062 0.1981
v 0.4772 -0.4054 0.1955
v 0.4772 -0.4054 0.1956
v 0.4961 -0.3429 0.3313
v 0.5104 -0.3077 0.3178
v 0.5238 -0.2439 0.2628
v 0.5235 -0.2366 0.2369
v 0.4240 -0.0834 0.1028
v 0.4434 -0.1378 0.2062
v 0.4648 -0.1880 0.2488
v 0.4585 -0.1747 0.2339
v 0.4222 -0.1139 0.1055
v 0.4755 -0.3538 0.3420
v 0.3983 -0.6726 -0.0045
v 0.3874 -0.6687 0.0172
v 0.4294 -0.6119 0.0018
v 0.4748 -0.5884 -0.0081
v 0.4685 -0.6362 -0.0206
v 0.4632 -0.6492 -0.0211
v 0.4589 -0.6712 -0.0223
v 0.4628 -0.6746 -0.0202
v 0.4921 -0.6718 0.0248
v 0.6062 -0.6891 0.0797
v 0.6059 -0.7029 0.0047
v 0.1371 -0.6589 0.0604
v 0.1366 -0.6650 0.0661
v 0.1474 -0.6374 0.1464
v 0.1475 -0.6441 0.1520
v 0.1699 -0.6537 0.1825
v 0.2742 -0.6747 0.2431
v 0.3607 -0.6520 0.1941
v 0.4609 -0.6811 0.1067
v 0.4117 -0.6762 0.0926
v 0.4630 -0.6733 0.0978
v 0.3895 -0.6753 0.0674
v 0.3790 -0.6616 0.0460
v 0.3776 -0.6642 0.0430
v 0.3831 -0.6685 0.0416
v 0.3862 -0.6669 0.0394
v 0.1462 -0.5973 0.2107
v 0.1349 -0.5984 0.1499
v 0.1394 -0.6175 0.1479
v 0.3587 -0.6815 -0.4404
v 0.7878 -0.5619 0.0484
v 0.8595 -0.3653 0.1876
v 0.7459 -0.6960 -0.0399
v 0.7779 -0.6395 0.0232
v 0.5575 -0.7004 0.1991
v 0.7444 -0.4983 0.2868
v 0.7572 -0.4814 0.2842
v 0.7827 -0.4269 0.2658
v 0.7753 -0.4476 0.2737
v 0.3938 -0.6281 0.2619
v 0.3893 -0.6134 0.2534
v 0.3809 -0.5942 0.2613
v 0.3852 -0.5494 0.2849
v 0.4772 -0.4054 0.1958
v 0.3323 -0.5860 0.2611
v 0.3125 -0.6021 0.2514
v 0.4946 -0.3147 0.3314
v 0.5069 -0.2827 0.3133
v 0.5155 -0.2392 0.2771
v 0.4965 -0.1870 0.2090
v 0.4516 -0.1435 0.1333
v 0.4177 -0.0640 0.1411
v 0.4484 -0.1324 0.2020
v 0.3908 -0.1323 0.1253
v 0.4003 -0.0929 0.1126
v 0.4573 -0.2111 0.3008
v 0.3899 -0.6728 0.0176
v 0.4105 -0.6617 -0.0036
v 0.4287 -0.6129 0.0076
v 0.4363 -0.5933 0.0075
v 0.4561 -0.6811 -0.0053
v 0.4531 -0.6786 0.0155
v 0.4827 -0.6709 0.0278
v 0.5006 -0.6735 0.0318
v 0.5173 -0.6758 0.0548
v 0.5882 -0.6845 -0.0630
v 0.1238 -0.6572 0.0661
v 0.1229 -0.6618 0.0775
v 0.1648 -0.6556 0.1959
v 0.1720 -0.6535 0.2246
v 0.1400 -0.6622 0.1652
v 0.3175 -0.6782 0.2379
v 0.3762 -0.6637 0.2246
v 0.5393 -0.6863 0.1571
v 0.4822 -0.6777 0.1015
v 0.4303 -0.6712 0.1013
v 0.4126 -0.6747 0.0880
v 0.3906 -0.6768 0.0536
v 0.3793 -0.6602 0.0456
v 0.3778 -0.6639 0.0430
v 0.3784 -0.6649 0.0420
v 0.2886 -0.6134 0.2513
v 0.3033 -0.6137 0.2532
v 0.2710 -0.6108 0.2553
v 0.2326 -0.5967 0.2647
v 0.1912 -0.5916 0.2644
v 0.1209 -0.6018 0.1985
v 0.1104 -0.6079 0.1823
v 0.1166 -0.6002 0.1710
v 0.6203 -0.6927 -0.0586
v 0.3508 -0.6811 -0.4326
v 0.8213 -0.5267 0.1119
v 0.8495 -0.3528 0.1993
v 0.7645 -0.6825 -0.0041
v 0.7661 -0.6732 0.0089
v 0.7811 -0.5895 0.0537
v 0.7698 -0.6142 0.0550
v 0.7713 -0.5384 0.0376
v 0.7778 -0.5535 0.0395
v 0.7817 -0.5491 0.0429
v 0.7266 -0.5159 0.2915
v 0.6970 -0.6389 0.2498
v 0.6830 -0.6662 0.2274
v 0.5665 -0.6978 0.1887
v 0.7697 -0.4661 0.2777
v 0.8000 -0.4082 0.2566
v 0.4000 -0.6709 0.2641
v 0.3792 -0.6055 0.2623
v 0.3684 -0.5953 0.2655
v 0.3579 -0.5878 0.2687
v 0.3447 -0.5964 0.2650
v 0.5074 -0.2434 0.2917
v 0.5091 -0.2192 0.2581
v 0.4757 -0.1432 0.1716
v 0.4818 -0.1884 0.2425
v 0.4759 -0.2018 0.2679
v 0.4683 -0.1702 0.2295
v 0.5009 -0.2221 0.2759
v 0.3919 -0.6577 0.0252
v 0.3918 -0.6661 0.0220
v 0.4259 -0.6067 0.0122
v 0.4571 -0.6637 -0.0221
v 0.4549 -0.6792 -0.0141
v 0.1321 -0.6629 0.0621
v 0.1405 -0.6563 0.1591
v 0.3823 -0.6773 0.2550
v 0.4780 -0.6697 0.0902
v 0.4415 -0.6702 0.1053
v 0.4007 -0.6833 0.0554
v 0.3893 -0.6721 0.0487
v 0.3829 -0.6696 0.0476
v 0.3794 -0.6618 0.0464
v 0.3793 -0.6602 0.0456
v 0.3780 -0.6632 0.0431
v 0.3966 -0.6554 0.0391
v 0.1912 -0.5950 0.2748
v 0.1607 -0.5831 0.2607
v 0.1563 -0.5856 0.2509
v 0.1478 -0.6040 0.2245
v 0.1424 -0.6045 0.2151
v 0.1324 -0.6058 0.2079
v 0.1297 -0.6230 0.1557
v 0.8518 -0.3985 0.2076
v 0.7533 -0.6905 -0.0001
v 0.7528 -0.6827 0.0149
v 0.7480 -0.6565 0.0414
v 0.8402 -0.3859 0.2207
v 0.8221 -0.3985 0.2381
v 0.7470 -0.5230 0.2883
v 0.7300 -0.5649 0.2860
v 0.7423 -0.5835 0.2723
v 0.7274 -0.6248 0.2537
v 0.7104 -0.6457 0.2342
v 0.6641 -0.6927 0.2011
v 0.6439 -0.6967 0.2033
v 0.6238 -0.6975 0.1876
v 0.7573 -0.5062 0.2841
v 0.4088 -0.6622 0.2847
v 0.3841 -0.6142 0.2624
v 0.3873 -0.6220 0.2673
v 0.3210 -0.6165 0.2586
v 0.4836 -0.1691 0.2114
v 0.4590 -0.1138 0.1385
v 0.4018 -0.0610 0.1227
v 0.4355 -0.0846 0.1723
v 0.4738 -0.1622 0.2152
v 0.4606 -0.1334 0.1935
v 0.4006 -0.0658 0.1148
v 0.3930 -0.6798 0.0085
v 0.4248 -0.6105 0.0128
v 0.4546 -0.5599 0.0125
v 0.5056 -0.5099 0.0133
v 0.5365 -0.4843 0.0209
v 0.3957 -0.6868 0.0389
v 0.4733 -0.6620 0.0564
v 0.6254 -0.7015 0.0700
v 0.1285 -0.6646 0.0667
v 0.1414 -0.6375 0.1512
v 0.1324 -0.6513 0.1549
v 0.1277 -0.6674 0.1668
v 0.1449 -0.6607 0.1816
v 0.1512 -0.6550 0.2029
v 0.1509 -0.6517 0.2171
v 0.1562 -0.6525 0.2266
v 0.2000 -0.6569 0.2693
v 0.2297 -0.6618 0.2587
v 0.5468 -0.6801 0.1331
v 0.5067 -0.6746 0.0832
v 0.4945 -0.6704 0.0805
v 0.3802 -0.6648 0.0450
v 0.3794 -0.6600 0.0455
v 0.3787 -0.6611 0.0434
v 0.3789 -0.6605 0.0435
v 0.3994 -0.6564 0.0409
v 0.2887 -0.6225 0.2568
v 0.3011 -0.6317 0.2582
v 0.2635 -0.6187 0.2635
v 0.2246 -0.6052 0.2752
v 0.1515 -0.5986 0.2340
v 0.1285 -0.6171 0.2080
v 0.1135 -0.6064 0.1746
v 0.1086 -0.6175 0.1811
v 0.8416 -0.4994 0.1852
v 0.8552 -0.4526 0.1893
v 0.8477 -0.4200 0.2130
v 0.7209 -0.6966 0.0082
v 0.6751 -0.6927 -0.0036
v 0.7471 -0.6956 -0.0105
v 0.7862 -0.5870 0.0653
v 0.7502 -0.6416 0.0573
v 0.8215 -0.4207 0.2467
v 0.6989 -0.6658 0.2134
v 0.7952 -0.4516 0.2671
v 0.7765 -0.4896 0.2793
v 0.8008 -0.4343 0.2590
v 0.5955 -0.6861 0.1648
v 0.4093 -0.6603 0.3053
v 0.3651 -0.6110 0.2673
v 0.3499 -0.6077 0.2656
v 0.4652 -0.1109 0.1522
v 0.4318 -0.0453 0.1416
v 0.4506 -0.1038 0.1768
v 0.4644 -0.1110 0.1647
v 0.4096 -0.0657 0.1053
v 0.4114 -0.6271 0.0281
v 0.3941 -0.6597 0.0218
v 0.3970 -0.6528 0.0176
v 0.4029 -0.6833 -0.0029
v 0.4055 -0.6747 -0.0050
v 0.4775 -0.5351 0.0117
v 0.5118 -0.5461 0.0067
v 0.4619 -0.6464 -0.0149
v 0.4372 -0.6819 -0.0125
v 0.4263 -0.6740 0.0561
v 0.4886 -0.6597 0.0448
v 0.5063 -0.6710 0.0595
v 0.6063 -0.6825 0.1322
v 0.6469 -0.6929 0.0170
v 0.6498 -0.6900 0.0013
v 0.1275 -0.6410 0.1549
v 0.1310 -0.6649 0.1579
v 0.1296 -0.6604 0.1855
v 0.1372 -0.6494 0.2075
v 0.1520 -0.6557 0.2411
v 0.1726 -0.6578 0.2596
v 0.1211 -0.6677 0.1738
v 0.2273 -0.6591 0.2706
v 0.3044 -0.6731 0.2503
v 0.2703 -0.6702 0.2561
v 0.3822 -0.6718 0.2399
v 0.3249 -0.6740 0.2534
v 0.3629 -0.6755 0.2724
v 0.3699 -0.6786 0.2638
v 0.4589 -0.6647 0.1026
v 0.4430 -0.6622 0.1031
v 0.3795 -0.6596 0.0443
v 0.3795 -0.6600 0.0447
v 0.3794 -0.6590 0.0450
v 0.3794 -0.6597 0.0454
v 0.3794 -0.6590 0.0450
v 0.3967 -0.6636 0.0463
v 0.2705 -0.6320 0.2635
v 0.3296 -0.6364 0.2626
v 0.1917 -0.6013 0.2812
v 0.1597 -0.5831 0.2753
v 0.1434 -0.5866 0.2549
v 0.1436 -0.6050 0.2354
v 0.1395 -0.6103 0.2193
v 0.1227 -0.6258 0.2004
v 0.1076 -0.6155 0.1751
v 0.1124 -0.6153 0.1691
v 0.1182 -0.6266 0.1605
v 0.8240 -0.5313 0.1363
v 0.8497 -0.4416 0.2096
v 0.8383 -0.4092 0.2253
v 0.7354 -0.6907 0.0200
v 0.7749 -0.6095 0.0809
v 0.7652 -0.5470 0.2745
v 0.6590 -0.6991 0.1710
v 0.7933 -0.4775 0.2680
v 0.7877 -0.5006 0.2722
v 0.7718 -0.5203 0.2757
v 0.8168 -0.4451 0.2492
v 0.3897 -0.6310 0.2842
v 0.4109 -0.6613 0.2956
v 0.3765 -0.6167 0.2700
v 0.3543 -0.6170 0.2676
v 0.4732 -0.1411 0.1843
v 0.4409 -0.0661 0.1595
v 0.4220 -0.0516 0.0974
v 0.4225 -0.6476 0.0006
v 0.3959 -0.6876 0.0104
v 0.4200 -0.6177 0.0197
v 0.4510 -0.5645 0.0250
v 0.3941 -0.6895 0.0227
v 0.4796 -0.6545 0.0595
v 0.5008 -0.6690 0.0676
v 0.1424 -0.6467 0.2248
v 0.1932 -0.6562 0.2797
v 0.3918 -0.6786 0.2768
v 0.3226 -0.6700 0.2579
v 0.4927 -0.6668 0.0775
v 0.3794 -0.6592 0.0439
v 0.3795 -0.6594 0.0450
v 0.3791 -0.6594 0.0439
v 0.3792 -0.6593 0.0439
v 0.1469 -0.5836 0.2719
v 0.1649 -0.5901 0.2855
v 0.1268 -0.6291 0.2159
v 0.1324 -0.6307 0.2314
v 0.1116 -0.6381 0.1866
v 0.1040 -0.6242 0.1660
v 0.8382 -0.4897 0.2090
v 0.8244 -0.5361 0.1914
v 0.8367 -0.4330 0.2325
v 0.7369 -0.6584 0.0530
v 0.7254 -0.6733 0.0417
v 0.7564 -0.5844 0.2611
v 0.7463 -0.6293 0.2266
v 0.7246 -0.6509 0.2073
v 0.7643 -0.5935 0.2460
v 0.6793 -0.6969 0.1653
v 0.6930 -0.6904 0.1661
v 0.6498 -0.6983 0.1572
v 0.8071 -0.4605 0.2607
v 0.6141 -0.6866 0.1592
v 0.3992 -0.6761 0.2712
v 0.3970 -0.6453 0.2977
v 0.3530 -0.6290 0.2705
v 0.4580 -0.0689 0.1309
v 0.4032 -0.0165 0.1116
v 0.4087 -0.0140 0.1157
v 0.4367 -0.0345 0.1364
v 0.4277 -0.0515 0.0982
v 0.4221 -0.6811 -0.0087
v 0.4250 -0.6734 -0.0085
v 0.3925 -0.6825 0.0386
v 0.3924 -0.6750 0.0323
v 0.4202 -0.6190 0.0362
v 0.4822 -0.5185 0.0135
v 0.4486 -0.6656 -0.0159
v 0.4106 -0.6867 -0.0015
v 0.4641 -0.6580 0.0824
v 0.4997 -0.6636 0.0630
v 0.6454 -0.7022 0.0472
v 0.1181 -0.6745 0.1490
v 0.1269 -0.6535 0.1932
v 0.1403 -0.6539 0.2422
v 0.1250 -0.6691 0.2685
v 0.1082 -0.6805 0.1593
v 0.0990 -0.6716 0.1737
v 0.2421 -0.6554 0.2714
v 0.3464 -0.6641 0.2720
v 0.3451 -0.6702 0.2673
v 0.3842 -0.6797 0.2913
v 0.4400 -0.6621 0.0958
v 0.4758 -0.6594 0.0950
v 0.3932 -0.6719 0.0463
v 0.3792 -0.6593 0.0439
v 0.3793 -0.6590 0.0439
v 0.4096 -0.6430 0.0444
v 0.4108 -0.6369 0.0401
v 0.3202 -0.6636 0.2601
v 0.3031 -0.6654 0.2561
v 0.2783 -0.6599 0.2608
v 0.2253 -0.6271 0.2797
v 0.1963 -0.6202 0.2882
v 0.1536 -0.5860 0.2841
v 0.1243 -0.6368 0.2035
v 0.0958 -0.6298 0.1695
v 0.1079 -0.6317 0.1587
v 0.8368 -0.4630 0.2235
v 0.7225 -0.6942 0.0182
v 0.7845 -0.5603 0.2507
v 0.8171 -0.4709 0.2514
v 0.7969 -0.5139 0.2613
v 0.7865 -0.5330 0.2616
v 0.8272 -0.4563 0.2395
v 0.4162 -0.6776 0.2962
v 0.3834 -0.6349 0.2905
v 0.3679 -0.6237 0.2750
v 0.3389 -0.6575 0.2682
v 0.4006 -0.0333 0.1040
v 0.4490 -0.0474 0.1400
v 0.4518 -0.6074 0.0095
v 0.4463 -0.5796 0.0337
v 0.4587 -0.5558 0.0301
v 0.4823 -0.5767 0.0116
v 0.4708 -0.6482 0.0885
v 0.1199 -0.6634 0.1508
v 0.0961 -0.6644 0.1541
v 0.1197 -0.6628 0.2576
v 0.2052 -0.6522 0.2841
v 0.3622 -0.6711 0.2797
v 0.4900 -0.6426 0.0922
v 0.4777 -0.6507 0.0951
v 0.1432 -0.5894 0.2835
v 0.1377 -0.5902 0.2689
v 0.1298 -0.6169 0.2504
v 0.1619 -0.6131 0.3030
v 0.1180 -0.6446 0.1916
v 0.0970 -0.6369 0.1767
v 0.7961 -0.5820 0.1932
v 0.8260 -0.4813 0.2380
v 0.6807 -0.6890 0.0222
v 0.7129 -0.6811 0.0374
v 0.7097 -0.6781 0.0481
v 0.7190 -0.6657 0.0940
v 0.7570 -0.6345 0.1121
v 0.7961 -0.5679 0.2266
v 0.7544 -0.6320 0.1989
v 0.6756 -0.7004 0.1313
v 0.6279 -0.6884 0.1464
v 0.8067 -0.4921 0.2559
v 0.4071 -0.6658 0.3141
v 0.3737 -0.6396 0.2890
v 0.4540 -0.0493 0.1271
v 0.4355 -0.0364 0.1035
v 0.4214 -0.0119 0.1158
v 0.4155 -0.0185 0.0893
v 0.4002 -0.6598 0.0359
v 0.4412 -0.5915 0.0380
v 0.5144 -0.4834 0.0215
v 0.4969 -0.5042 0.0090
v 0.4626 -0.6574 0.0923
v 0.4704 -0.6526 0.0937
v 0.6274 -0.6887 0.1170
v 0.6504 -0.7013 0.1087
v 0.6693 -0.7015 0.0822
v 0.1157 -0.6565 0.1856
v 0.1335 -0.6363 0.2254
v 0.1370 -0.6433 0.2329
v 0.1327 -0.6495 0.2435
v 0.1552 -0.6613 0.2934
v 0.1087 -0.6789 0.1481
v 0.4678 -0.6575 0.0956
v 0.4189 -0.6274 0.0411
v 0.2040 -0.6443 0.2873
v 0.1284 -0.6061 0.2663
v 0.1277 -0.6322 0.2432
v 0.8212 -0.5327 0.2111
v 0.8150 -0.5217 0.2343
v 0.6993 -0.6881 0.0270
v 0.6909 -0.6843 0.0716
v 0.6959 -0.6946 0.1248
v 0.4158 -0.6834 0.2991
v 0.4076 -0.6863 0.2987
v 0.4164 -0.6796 0.3097
v 0.3849 -0.6422 0.2951
v 0.4448 -0.0325 0.1162
v 0.4586 -0.0710 0.1417
v 0.4072 -0.6450 0.0239
v 0.4385 -0.6070 0.0126
v 0.4334 -0.6048 0.0181
v 0.4242 -0.6181 0.0361
v 0.4707 -0.5292 0.0286
v 0.5382 -0.4888 0.0232
v 0.4817 -0.5066 0.0333
v 0.5025 -0.4846 0.0107
v 0.4812 -0.6029 0.1151
v 0.6687 -0.6917 0.0423
v 0.0970 -0.6435 0.1602
v 0.1140 -0.6732 0.1469
v 0.1258 -0.6665 0.2833
v 0.0993 -0.6805 0.1535
v 0.0956 -0.6793 0.1638
v 0.1728 -0.6547 0.2996
v 0.3679 -0.6663 0.2889
v 0.4015 -0.6828 0.3155
v 0.4009 -0.6859 0.3074
v 0.1712 -0.6466 0.3041
v 0.1645 -0.6249 0.3064
v 0.1184 -0.6336 0.2552
v 0.1545 -0.6183 0.3052
v 0.1498 -0.6058 0.2947
v 0.0902 -0.6687 0.1686
v 0.0901 -0.6537 0.1665
v 0.6976 -0.6842 0.0385
v 0.7582 -0.6334 0.1685
v 0.7420 -0.6491 0.1270
v 0.3772 -0.6577 0.2957
v 0.4170 -0.0115 0.0915
v 0.4049 -0.0113 0.0988
v 0.4408 -0.0281 0.1259
v 0.4083 -0.0138 0.0933
v 0.4260 -0.6179 0.0297
v 0.4125 -0.6399 0.0376
v 0.4584 -0.5636 0.0317
v 0.4735 -0.5365 0.0323
v 0.5276 -0.4794 0.0241
v 0.5134 -0.4791 0.0260
v 0.4905 -0.4938 0.0280
v 0.4976 -0.5666 0.0080
v 0.0838 -0.6635 0.1599
v 0.1041 -0.6760 0.1458
v 0.0967 -0.6836 0.2731
v 0.1300 -0.6608 0.2908
v 0.1585 -0.6523 0.3053
v 0.4002 -0.6752 0.3185
v 0.4641 -0.5463 0.1956
v 0.4724 -0.6473 0.0959
v 0.1301 -0.6095 0.2771
v 0.1000 -0.6375 0.2762
v 0.1050 -0.6330 0.2690
v 0.7187 -0.6734 0.1227
v 0.4330 -0.0184 0.1153
v 0.4069 -0.0094 0.1067
v 0.5274 -0.4766 0.0340
v 0.4652 -0.6122 0.1171
v 0.0967 -0.6759 0.1511
v 0.0937 -0.6819 0.2673
v 0.1116 -0.6673 0.2875
v 0.1362 -0.6542 0.2959
v 0.1499 -0.6289 0.3068
v 0.0897 -0.6604 0.2702
v 0.1332 -0.6395 0.2926
v 0.4113 -0.6843 0.3118
v 0.4084 -0.6770 0.3180
v 0.4181 -0.0085 0.1019
v 0.4618 -0.5745 0.0212
v 0.4490 -0.5826 0.0274
v 0.5387 -0.4808 0.0256
v 0.5101 -0.4767 0.0382
v 0.4912 -0.4794 0.0412
v 0.5017 -0.4823 0.0270
v 0.4733 -0.5880 0.1263
v 0.6865 -0.6944 0.0886
v 0.1042 -0.6702 0.2632
v 0.0944 -0.6796 0.2829
v 0.4662 -0.5460 0.1827
v 0.5318 -0.4967 0.0280
v 0.4835 -0.5103 0.0358
v 0.4864 -0.4971 0.0450
v 0.5187 -0.5211 0.0203
v 0.4780 -0.5460 0.0292
v 0.0895 -0.6740 0.1610
v 0.1249 -0.6546 0.2914
v 0.4119 -0.0088 0.0948
v 0.5007 -0.5188 0.0310
v 0.4524 -0.5709 0.1728
v 0.4525 -0.5622 0.1689
v 0.0982 -0.6455 0.2822
v 0.4642 -0.5983 0.1495
v 0.0773 -0.6772 0.2743
v 0.5060 -0.4816 0.0446
v 0.5177 -0.4834 0.0404
v 0.5075 -0.5097 0.0360
v 0.4647 -0.5780 0.1389
v 0.0896 -0.6757 0.2652
v 0.0872 -0.6757 0.2836
v 0.0798 -0.6808 0.2699
v 0.4942 -0.5110 0.0367
v 0.5357 -0.4810 0.0311
v 0.5157 -0.4968 0.0400
v 0.4549 -0.5538 0.1680
v 0.0842 -0.6808 0.2789
v 0.5031 -0.4997 0.0468
v 0.5057 -0.5053 0.0442
v 0.4945 -0.4903 0.0469
v 0.4587 -0.5511 0.1679
v 0.4472 -0.5611 0.1867
v 0.4444 -0.5521 0.1824
v 0.4483 -0.5464 0.1738
v 0.4601 -0.5515 0.2002
v 0.4535 -0.5614 0.1921
v 0.4645 -0.5505 0.1707
v 0.4593 -0.5428 0.1973
v 0.4534 -0.5497 0.1987
v 0.4495 -0.5411 0.1890
v 0.4518 -0.5368 0.1809
v 0.4538 -0.5429 0.1733
v 0.4571 -0.5342 0.1834
v 0.4539 -0.5356 0.1884
f 7372 7476 7450
f 10189 10251 10300
f 2330 2390 2190
f 4771 4772 4647
f 4589 4485 4590
f 3932 3876 3906
f 3863 3862 3759
f 10447 10536 10406
f 5507 5443 5442
f 3169 3074 3075
f 6823 6701 6876
f 4625 4751 4812
f 4754 4879 4818
f 5041 5267 5118
f 3373 3481 3407
f 10011 9945 9874
f 4037 4104 4075
f 5805 5901 5804
f 9259 9260 9347
f 2915 2745 2803
f 9992 10244 10180
f 2133 2521 2333
f 3613 3498 3561
f 915 916 760
f 9018 9193 9017
f 10426 10305 10193
f 7192 7191 7146
f 7707 7745 7771
f 9158 8915 9073
f 8748 8747 8677
f 10428 10373 10313
f 2912 2799 2911
f 2096 2236 2237
f 1702 1837 2056
f 1295 1370 1367
f 3008 2802 3009
f 446 488 584
f 6263 6161 6262
f 3828 3933 3879
f 2687 2498 2850
f 7706 7741 7635
f 2564 2628 2498
f 956 1071 1072
f 5145 5146 5258
f 8313 8312 8177
f 6281 6187 6242
f 2575 2452 2754
f 9181 9008 9182
f 10610 10538 10539
f 9628 9448 9428
f 5354 5353 5172
f 1920 1771 1998
f 4624 4750 4568
f 9342 9618 9435
f 3579 3650 3635
f 1645 1771 1710
f 108 51 150
f 3993 4154 4050
f 3916 3855 3917
f 8415 8272 8317
f 7245 7272 7274
f 107 75 108
f 9468 9382 9469
f 2434 2306 2502
f 8937 8774 8853
f 7018 7063 7194
f 8440 8384 8289
f 5418 5355 5356
f 8321 8420 8225
f 5882 5907 5908
f 1180 1178 994
f 5381 5441 5198
f 2030 1880 1962
f 4752 4817 4871
f 6691 6575 6647
f 1186 940 1065
f 5174 5122 4929
f 3060 3196 3288
f 6495 6524 6494
f 3046 2893 3132
f 615 546 691
f 3052 2946 2947
f 5254 5320 5138
f 4397 4500 4395
f 7849 7919 7918
f 4230 4148 4127
f 4431 4429 4257
f 6053 5994 5891
f 8688 8564 8827
f 3151 3233 3371
f 9242 9144 9522
f 10689 10675 10687
f 5157 5092 5093
f 2413 2541 2352
f 8525 8470 8651
f 933 1122 929
f 3423 3364 3293
f 891 845 744
f 2443 2252 2444
f 4111 4080 3983
f 4661 4554 4662
f 4182 4146 4226
f 9827 9688 9691
f 4419 4479 4379
f 3388 3460 3459
f 9132 9040 8803
f 9878 9879 9949
f 1940 2015 1861
f 5081 5203 5149
f 5830 5774 5775
f 6899 7023 7024
f 6597 6632 6727
f 1797 1796 1670
f 533 464 561
f 10194 10590 10656
f 9751 9401 9497
f 4603 4497 4498
f 2930 3112 3020
f 591 666 701
f 7130 7182 6837
f 2387 2324 2115
f 1634 1441 1501
f 2415 2355 2544
f 3081 3029 3175
f 3739 3632 3634
f 6110 6214 6001
f 8528 8521 8646
f 10488 10208 10260
f 2448 2387 2325
f 3186 2989 3048
f 2381 2313 2322
f 4623 4569 4686
f 9212 9028 9119
f 3572 3480 3644
f 4869 4691 4738
f 5745 5852 5908
f 3480 3490 3559
f 2384 2445 2444
f 1681 1820 1627
f 6109 5949 5902
f 1642 1512 1513
f 6127 6018 5913
f 9294 9483 9649
f 1610 1298 1488
f 10657 10574 10635
f 9355 9630 9450
f 434 502 500
f 3825 3746 3771
f 6589 6528 6719
f 7026 7027 6941
f 10255 10371 10309
f 6755 6754 6704
f 5947 5998 5844
f 3350 3349 3255
f 10698 10695 10691
f 9488 9653 9652
f 430 460 531
f 3670 3586 3612
f 1432 1248 1492
f 9086 9085 8846
f 7362 7428 7506
f 4725 4494 4658
f 3744 3819 3765
f 1503 1637 1832
f 110 152 94
f 4723 4720 4777
f 1578 1464 1408
f 4535 4420 4421
f 130 190 189
f 6918 6660 6880
f 5664 5555 5665
f 9533 9695 9532
f 5000 5062 4938
f 5191 5006 4945
f 7248 7152 7220
f 9614 9526 9515
f 2509 2383 2320
f 4634 4621 4583
f 4615 4672 4451
f 5833 5832 5721
f 6528 6673 6719
f 555 590 701
f 2473 2281 2282
f 2752 2920 2961
f 3778 3854 3802
f 4282 4211 4217
f 3644 3480 3559
f 451 450 385
f 999 1064 938
f 8769 8844 8509
f 7272 7105 7310
f 9512 9761 9609
f 5944 5791 5943
f 1600 1731 1730
f 2265 2392 2264
f 9254 9437 9069
f 1595 1662 1594
f 7359 7503 7502
f 527 557 556
f 1937 1859 1949
f 4489 4646 4488
f 5440 5325 5259
f 6392 6309 6308
f 2514 2645 2449
f 9323 9133 9416
f 4828 4944 4892
f 3171 3301 3119
f 1313 1388 1500
f 5206 5332 5387
f 5196 5068 5255
f 5357 5240 5120
f 1559 1826 1908
f 377 442 415
f 4827 4772 5005
f 1747 1633 1807
f 10457 10576 10577
f 2501 2168 2377
f 3295 3424 3383
f 5129 4933 5055
f 9290 9292 9476
f 8400 8304 8352
f 3505 3433 3339
f 6239 6184 6022
f 8371 8605 8276
f 2969 2968 3023
f 1955 2078 2159
f 6486 6375 6451
f 1605 1364 1132
f 3950 3928 4013
f 1397 1398 1450
f 4828 4649 4774
f 4288 4248 4383
f 7644 7512 7540
f 9890 9891 9894
f 864 759 760
f 10385 10486 10555
f 6636 6684 6569
f 5333 5517 5516
f 7032 7121 7231
f 1108 1171 1107
f 6489 6450 6501
f 4640 4883 4639
f 2914 2911 2742
f 6493 6508 6492
f 10428 10562 10561
f 5891 6051 6053
f 8546 8545 8321
f 427 428 394
f 9438 9621 9436
f 9396 9207 9398
f 382 488 420
f 9998 10242 10248
f 10141 10008 9739
f 3972 4006 3971
f 948 951 950
f 1141 1142 1020
f 7802 7674 7832
f 2932 2872 2820
f 1308 1749 1619
f 9109 8960 9486
f 7846 7785 7808
f 3456 3380 3381
f 764 724 682
f 1577 1462 1336
f 1012 1137 1135
f 5073 5197 5260
f 5048 5300 5243
f 2369 2235 2095
f 1620 1674 1552
f 3020 3204 3341
f 2379 2310 2311
f 3161 3199 3066
f 10063 10184 10185
f 3835 3783 3857
f 734 511 547
f 4949 4837 4950
f 6102 5788 5884
f 1208 1260 1562
f 10152 10259 10207
f 3160 3278 3148
f 8852 8853 8711
f 10349 10239 10240
f 3263 3131 3132
f 8003 7930 8081
f 8108 7918 8032
f 560 745 635
f 6689 6813 6778
f 8603 8597 8738
f 537 606 435
f 8840 8665 8666
f 7126 6996 6997
f 3405 3477 3476
f 10173 10116 10046
f 2059 2195 1913
f 272 246 270
f 1135 998 884
f 4442 4396 4501
f 7905 7875 7834
f 10556 10555 10473
f 3407 3372 3282
f 2524 2698 2578
f 5592 5352 5538
f 6823 6876 6914
f 7875 7776 7834
f 6745 6611 6695
f 10533 10539 10407
f 9614 9684 9526
f 6601 6731 6771
f 826 780 884
f 1704 1643 1917
f 8524 8404 8467
f 9532 9903 9768
f 2365 2488 2424
f 8636 8712 8855
f 5191 5190 5006
f 8949 8866 9021
f 9408 9758 9501
f 2136 2135 1770
f 4196 4051 4195
f 5695 5850 5740
f 9253 9068 9436
f 63 84 151
f 2647 2648 2759
f 9952 9594 9880
f 2275 2401 2345
f 8309 8264 8265
f 6597 6568 6598
f 877 775 940
f 3454 3519 3585
f 2415 2282 2151
f 2834 2818 2890
f 3444 3284 3409
f 1379 1554 1623
f 3009 2794 2953
f 7280 7159 7250
f 195 224 277
f 8522 8523 8646
f 7659 7525 7581
f 4726 4605 4602
f 8990 8986 9075
f 7973 8048 8047
f 4995 4996 4997
f 9206 9205 9114
f 3704 3651 3621
f 2354 2219 2220
f 4116 4193 4234
f 3478 3477 3405
f 2745 2689 2803
f 4853 4969 4968
f 6102 5884 6153
f 909 1034 808
f 7768 7814 7792
f 5044 5168 5043
f 5562 5503 5679
f 1138 955 1019
f 7915 7914 7845
f 8395 8393 8629
f 7919 8032 7918
f 419 445 516
f 6899 7022 6775
f 5833 5878 5832
f 2304 2245 2376
f 2935 3171 3119
f 2562 2797 2796
f 6025 5923 5970
f 1599 1859 1722
f 6420 6458 6500
f 5787 5935 5785
f 7023 7157 7156
f 5569 5450 5386
f 4400 4558 4508
f 4743 4673 4969
f 4717 4591 4769
f 6762 6667 6713
f 4042 4080 4147
f 10401 10402 10442
f 2179 2112 2114
f 2105 2038 1971
f 5662 5610 5540
f 1293 1425 1424
f 720 983 1043
f 10131 10359 10465
f 1536 1363 1239
f 9997 10127 10128
f 2634 2681 2492
f 4669 4847 4736
f 2882 2938 2779
f 5367 5311 5433
f 1565 1398 1566
f 2289 2293 2157
f 1586 1656 1721
f 536 404 506
f 4821 4889 4823
f 9943 9944 10073
f 8882 8963 8655
f 4392 4349 4309
f 8514 8398 8515
f 869 769 727
f 8256 8172 8206
f 7468 7510 7569
f 5825 5770 5927
f 315 316 408
f 5451 5388 5627
f 4877 4874 5052
f 4804 4922 4809
f 8501 8567 8695
f 9217 9219 9324
f 2582 2649 2648
f 9845 9927 9857
f 1102 1213 1163
f 9080 8921 9047
f 7792 7814 7855
f 2568 2435 2569
f 8511 8631 8630
f 2167 2166 1962
f 4127 4128 4124
f 1800 1738 1739
f 1091 972 1156
f 5123 5048 4991
f 3636 3691 3663
f 7493 7531 7452
f 8629 8575 8633
f 6572 6507 6472
f 9310 9592 9749
f 219 171 242
f 9065 8982 9149
f 6746 6694 6696
f 153 192 111
f 2167 1964 2031
f 3690 3632 3739
f 5553 5307 5431
f 8507 8447 8701
f 9139 9234 8896
f 8807 8736 8599
f 1403 1333 1270
f 3119 3345 3300
f 418 419 515
f 7538 7604 7463
f 9895 10230 10039
f 5646 5856 5747
f 3812 3687 3786
f 3346 3303 3207
f 7748 7676 7749
f 4014 4044 4111
f 6992 7033 6906
f 4580 4579 4414
f 7739 7701 7791
f 9026 8873 8953
f 6640 6736 6810
f 2071 2398 2341
f 8613 9072 9071
f 821 1055 1056
f 4267 4234 4193
f 4090 4056 3998
f 7055 7052 6801
f 1310 1753 1495
f 10184 10298 10185
f 4566 4678 4455
f 8566 8693 8497
f 7302 7178 7208
f 8123 7976 8012
f 6069 6177 6176
f 6744 6650 6691
f 1070 1135 884
f 5484 5600 5483
f 7872 7904 7978
f 4884 4996 4883
f 7685 7785 7726
f 1935 1657 1782
f 10141 10368 10475
f 9563 9284 9462
f 6123 6376 6276
f 5286 5109 5285
f 9063 9064 8905
f 534 535 602
f 2021 2229 1872
f 3360 3398 3435
f 5509 5262 5383
f 5524 5335 5457
f 10185 10125 10062
f 3023 3021 2969
f 2426 2235 2369
f 4928 4629 4753
f 10278 10236 10341
f 4095 4064 4131
f 8575 8576 8633
f 491 520 449
f 3495 3426 3496
f 4294 4295 4379
f 9837 9772 9773
f 4595 4491 4542
f 5465 5400 5282
f 4597 4598 4544
f 2347 2346 2208
f 4042 3982 3983
f 8357 8359 8467
f 2739 2626 2627
f 7265 7339 7301
f 6991 7073 6990
f 642 603 678
f 9695 9833 9832
f 10209 9950 10153
f 8752 8981 8751
f 9693 9690 9530
f 8373 8431 8557
f 7670 7599 7712
f 5545 5655 5599
f 10658 10603 10522
f 568 604 567
f 3686 3604 3605
f 4112 4016 4103
f 1261 1397 1212
f 9350 9349 9156
f 10289 10238 10416
f 4803 4679 4859
f 10305 10486 10364
f 3850 3799 3908
f 4543 4721 4722
f 2376 2245 2305
f 8138 8361 8311
f 694 776 651
f 1828 1983 1634
f 2725 2610 2832
f 6335 6245 6336
f 4344 4430 4491
f 725 647 724
f 9259 9535 9334
f 6590 6625 6589
f 6452 6517 6521
f 10702 10703 10700
f 1577 1405 1462
f 4468 4689 4626
f 3203 3294 3380
f 10429 10479 10375
f 3032 3085 3087
f 3511 3539 3538
f 3586 3670 3611
f 278 277 224
f 7678 7677 7566
f 8210 8176 8308
f 8765 8617 8623
f 3258 3259 3357
f 254 282 305
f 910 911 1037
f 1799 1607 1608
f 960 1023 968
f 6450 6489 6330
f 8893 9136 9228
f 5851 6115 5955
f 7861 7895 7819
f 3356 3215 3258
f 8926 8993 8765
f 5140 5004 5066
f 6580 6652 6487
f 3177 3306 3211
f 4015 3930 3986
f 1457 1458 1328
f 8724 9025 9026
f 9217 9324 9340
f 1616 1745 1547
f 7844 7887 7782
f 7778 7840 7804
f 5926 5927 5770
f 3668 3610 3669
f 7870 7941 7865
f 10639 10671 10670
f 3510 3401 3323
f 4106 4224 4175
f 3494 3425 3495
f 211 124 103
f 3880 3852 3829
f 7459 7562 7497
f 4682 4747 4860
f 221 191 192
f 10182 9994 10060
f 8803 8889 9132
f 4619 4802 4618
f 3235 3372 3287
f 9787 9788 9995
f 10262 10388 10320
f 6248 6031 5978
f 239 320 294
f 8183 8098 8065
f 9263 8830 8828
f 34 35 45
f 3800 3850 3851
f 5245 5125 5178
f 8118 8117 8082
f 7848 7810 7890
f 3018 3109 3015
f 4067 4097 4004
f 3669 3724 3668
f 1553 1622 1679
f 5858 5912 5857
f 4598 4543 4544
f 6719 6720 6768
f 7950 7833 7949
f 6849 6892 6719
f 714 675 637
f 5535 5702 5701
f 2363 2158 2092
f 3220 3185 3311
f 2394 2134 2335
f 2756 2814 2698
f 10182 10295 10351
f 3050 3094 3049
f 5118 4954 5041
f 3668 3698 3643
f 4340 4222 4299
f 8705 8931 8930
f 515 516 622
f 10238 10348 10416
f 3225 3266 3318
f 2841 2842 2676
f 177 198 254
f 4285 4470 4133
f 4505 4794 4669
f 7688 7761 7648
f 6699 6614 6617
f 5974 5925 6086
f 4232 4315 4355
f 8450 8571 8345
f 10644 10604 10605
f 10015 9806 10080
f 10025 10221 9888
f 5190 4944 5006
f 2182 2183 2256
f 6099 6147 6205
f 10041 10109 9836
f 8130 8357 8404
f 10351 10295 10419
f 10518 10362 10471
f 3056 3153 2999
f 6706 6625 6626
f 4275 4461 4460
f 4161 4061 4160
f 3804 3938 3883
f 2148 1941 2282
f 541 440 475
f 2436 2635 2171
f 4156 4053 4055
f 4158 3996 4198
f 2975 2976 2862
f 2564 2375 2628
f 9656 9873 9797
f 5563 5439 5379
f 6395 6303 6168
f 4475 4700 4531
f 10439 10561 10440
f 9120 8957 9121
f 8344 8573 8628
f 2530 2403 2276
f 5321 5781 5674
f 7071 7121 6947
f 7707 7708 7597
f 4246 4283 4336
f 5122 5295 5183
f 4877 5052 5053
f 4283 4213 4334
f 9294 9649 9479
f 3437 3318 3363
f 7277 7315 7247
f 3461 3500 3389
f 6879 6878 6828
f 3203 3380 3292
f 1000 827 732
f 2588 2532 2651
f 6907 6992 6906
f 2223 1946 2283
f 6258 6358 6302
f 9390 9731 9482
f 3721 3744 3765
f 10012 9875 9661
f 7425 7353 7322
f 8931 9002 9272
f 9703 9274 9545
f 6213 6312 6311
f 9479 9195 9294
f 3972 4007 4006
f 5866 5760 5712
f 3919 4003 3967
f 5797 5688 5570
f 2937 3084 3030
f 10221 10160 9888
f 1456 1217 1170
f 9771 9362 9453
f 2469 2408 2455
f 5401 5283 5284
f 10052 10051 9847
f 5251 5316 5371
f 4927 4817 4928
f 5209 5091 5156
f 6223 6335 6222
f 963 964 1079
f 3004 2910 3005
f 5601 5485 5602
f 6996 6952 6820
f 3991 3955 3910
f 3281 3327 3406
f 2235 2367 2234
f 8256 8205 8172
f 4008 3922 3977
f 9638 9561 9562
f 10483 10598 10512
f 4151 4314 4395
f 5990 6042 5677
f 1490 1372 1546
f 9832 10039 9903
f 4007 3972 4003
f 423 302 452
f 5690 5798 5731
f 8884 8657 8964
f 9000 9168 9079
f 6246 6180 6126
f 3259 3358 3357
f 3487 3578 3486
f 1844 1772 1999
f 7365 7430 7468
f 9672 9599 9216
f 6407 6275 6406
f 4618 4361 4619
f 6184 6238 6077
f 10249 10356 10357
f 418 444 381
f 4371 4244 4281
f 9678 9677 9414
f 4190 4265 4189
f 4767 4714 4768
f 5511 5448 5385
f 5099 5098 4962
f 3417 3419 3525
f 1190 1245 1295
f 1192 1191 1069
f 10589 10470 10554
f 5251 5132 5316
f 3050 3093 3137
f 4832 4782 5020
f 7972 7936 8006
f 3232 3304 3174
f 6056 5898 5899
f 7580 7414 7625
f 8585 8721 8650
f 10004 10005 10136
f 3465 3434 3506
f 2932 3116 3115
f 5739 5846 5805
f 8920 8919 8698
f 7017 6935 6894
f 2910 2908 3005
f 5452 5386 5389
f 8337 8292 8238
f 9121 9593 9312
f 10299 10001 10000
f 8600 8478 8419
f 8055 8054 8020
f 1738 2095 1608
f 72 125 103
f 7511 7570 7539
f 5874 6032 5873
f 9483 9728 9649
f 7684 7725 7757
f 7393 7462 7392
f 1975 2109 2040
f 10427 10319 10432
f 10087 10216 10266
f 10589 10553 10621
f 418 548 444
f 4333 4372 4332
f 9381 8859 9098
f 9126 9125 8963
f 7365 7364 7293
f 724 817 645
f 2448 2326 2513
f 8333 8563 8613
f 3484 3519 3483
f 6165 6059 6166
f 8708 8395 8629
f 4582 4457 4458
f 10115 10172 10238
f 1022 1084 1154
f 8184 8276 8275
f 6496 6498 6456
f 4014 4111 3983
f 759 978 914
f 5217 5218 5279
f 6692 6781 6609
f 8382 8437 8237
f 2449 2645 2755
f 4811 4687 4572
f 10549 10463 10614
f 8332 8236 8494
f 2092 2023 2091
f 6937 6980 6772
f 4381 4422 4481
f 2122 1981 1683
f 4637 4822 4760
f 6891 6933 6719
f 10162 9897 10100
f 6467 6429 6387
f 156 86 132
f 8279 8281 8322
f 5467 5645 5533
f 2059 2196 2285
f 6372 6442 6481
f 8492 8285 8607
f 8731 8881 9124
f 9148 9076 9338
f 6167 6111 6219
f 1452 1700 1568
f 2441 2317 2442
f 4092 4115 4093
f 1672 1671 1545
f 8534 8533 8411
f 157 133 174
f 7741 7820 7864
f 2034 1807 2035
f 2263 2126 2052
f 7804 7909 8025
f 10197 10142 10254
f 10628 10627 10564
f 26 14 28
f 3963 4000 3962
f 162 136 119
f 7158 7159 7156
f 3120 3025 2823
f 5688 5796 5687
f 2819 2715 2769
f 8545 8668 8371
f 5996 5944 6211
f 9131 9037 9036
f 3901 3950 3871
f 2856 2958 2803
f 7467 7568 7509
f 8978 8817 8818
f 5428 5551 5305
f 6567 6420 6593
f 7423 7350 7318
f 4470 4693 4628
f 8930 9269 9171
f 10418 10180 10244
f 7154 7249 7155
f 5241 5119 5240
f 5979 6035 5875
f 3058 3156 3155
f 9837 9544 9772
f 5071 5022 5148
f 152 190 109
f 2580 2647 2815
f 7429 7466 7290
f 10342 10283 10233
f 9834 9703 9776
f 5788 6102 5939
f 6700 6618 6703
f 5965 6017 6181
f 4617 4857 4676
f 5227 5165 5342
f 1191 1368 1245
f 1617 1494 1435
f 7895 7968 8004
f 9326 9046 9137
f 6556 6451 6617
f 2201 2000 2202
f 2415 2544 2543
f 4553 4660 4837
f 6451 6375 6376
f 4982 4922 4981
f 3023 2968 3076
f 8168 8250 8348
f 3317 3398 3360
f 3208 3122 3209
f 3699 3728 3725
f 1200 1386 1199
f 3795 3772 3618
f 1325 1264 1454
f 3802 3854 3912
f 267 325 266
f 4899 4784 4947
f 656 580 657
f 795 854 749
f 471 408 409
f 3646 3725 3645
f 1101 1100 978
f 1177 933 992
f 7667 7766 7666
f 8074 8235 8073
f 3246 3375 3333
f 3688 3760 3687
f 3787 3838 3789
f 8825 8686 8826
f 10654 10675 10689
f 5049 5302 5424
f 9612 9236 9513
f 9806 10016 10080
f 3270 3367 3366
f 7734 7663 7664
f 2777 2603 2722
f 502 501 567
f 9434 9340 9249
f 7613 7543 7515
f 9312 9311 9212
f 3450 3420 3334
f 9700 9541 9699
f 1689 1442 1389
f 166 201 178
f 9145 9057 8973
f 1918 1643 1768
f 2997 3055 3097
f 9258 9257 8985
f 9838 9775 9974
f 6109 6002 5949
f 1617 1748 1808
f 7146 7191 7106
f 2201 2200 2000
f 3599 3622 3651
f 5130 4822 5185
f 8115 7965 8079
f 7046 6842 7100
f 5099 5136 5098
f 3376 3332 3244
f 1357 1235 1182
f 8109 8153 7998
f 4481 4482 4587
f 10217 10330 10271
f 4040 3927 4012
f 1781 1780 1526
f 4827 5065 5063
f 7683 7571 7684
f 2438 2506 2636
f 6380 6416 6289
f 9664 9745 9805
f 7322 7495 7457
f 9363 9174 9364
f 7330 7406 7405
f 4468 4690 4689
f 1520 1717 1715
f 2015 1939 1861
f 7035 7169 7077
f 3599 3541 3542
f 2045 1894 2116
f 8333 8437 8563
f 10025 9960 10221
f 3873 3769 3823
f 3563 3617 3616
f 2514 2577 2645
f 4173 4071 4100
f 3376 3243 3452
f 5459 5530 5216
f 936 824 773
f 450 451 455
f 8872 8788 9112
f 4081 3984 4149
f 7298 7265 7240
f 10583 10515 10421
f 4480 4481 4585
f 8664 8600 8419
f 10410 10235 10344
f 22 71 39
f 8611 8818 8679
f 7269 7443 7481
f 3504 3503 3464
f 5392 5211 5212
f 582 621 581
f 6061 5952 5953
f 897 790 959
f 10363 10253 10191
f 1467 1226 1466
f 8813 8814 9164
f 5271 5272 5333
f 6035 6090 6143
f 4575 4692 4630
f 5278 5219 5277
f 2075 1935 2076
f 3852 3908 3799
f 4317 4234 4358
f 6512 6400 6480
f 960 968 898
f 5309 5184 5349
f 7398 7399 7469
f 4551 4601 4786
f 4098 3970 4069
f 8385 8289 8241
f 1676 1975 1974
f 8583 8582 8465
f 6249 6237 6128
f 5501 5622 5504
f 3447 3510 3579
f 2280 2146 2351
f 1248 1140 1142
f 6247 6248 6295
f 7411 7269 7441
f 1702 2056 2057
f 6233 6327 6179
f 5104 4916 4967
f 3154 3284 3238
f 4004 4066 3919
f 6231 6322 6229
f 475 410 610
f 8552 8554 8610
f 5922 5869 5762
f 1851 1717 1718
f 3814 3762 3815
f 9404 9403 9213
f 4902 4605 4726
f 6496 6526 6559
f 499 403 435
f 3373 3374 3443
f 185 238 215
f 10558 10409 10454
f 2890 2782 2727
f 2131 2196 1991
f 5034 5167 5230
f 3330 3413 3288
f 7239 7172 7170
f 8898 9050 9237
f 4098 4136 4027
f 6717 6590 6718
f 6234 6329 6328
f 1051 1113 1112
f 1689 1443 2053
f 10032 10403 10222
f 1246 1138 1019
f 5091 4910 4958
f 580 548 515
f 4458 4324 4517
f 2449 2513 2388
f 6772 6897 6981
f 10278 10277 10107
f 1991 2196 2059
f 4405 4458 4457
f 1130 1065 1003
f 2117 1680 2046
f 5704 5813 5861
f 6049 6158 6155
f 7994 7961 7848
f 3222 3360 3361
f 5459 5278 5575
f 1681 1682 1821
f 3032 2938 2882
f 8225 8224 8065
f 7787 7762 7810
f 5301 5360 5546
f 4550 4439 4551
f 6025 6082 6134
f 7115 7227 7224
f 6216 6393 6311
f 479 512 618
f 7005 6837 7004
f 6545 6547 6511
f 2724 2886 2723
f 9445 9443 9444
f 7536 7504 7601
f 9395 9493 9206
f 6779 6813 6689
f 5064 5063 5188
f 5170 4982 5116
f 2012 1934 2074
f 4145 4039 4077
f 1674 1687 1498
f 7032 6947 7121
f 7563 7670 7602
f 8583 8720 8582
f 4195 4119 4238
f 8204 8165 8298
f 9630 9970 10034
f 3038 3089 3129
f 2781 2420 2726
f 8873 9025 8724
f 5708 5816 5648
f 9580 9200 9378
f 997 1061 826
f 8853 9009 8937
f 4674 4402 4561
f 7019 6955 7017
f 4522 4749 4572
f 1830 2054 1829
f 2965 2865 3073
f 6467 6348 6430
f 358 357 276
f 1375 1247 1432
f 2036 1889 1550
f 6170 6190 6223
f 4072 4101 4140
f 9358 9327 9420
f 2224 2301 2284
f 2141 2273 2072
f 5432 5611 5588
f 7335 7400 7334
f 5917 5864 5918
f 8239 8240 8155
f 8767 8843 8766
f 8487 8486 8323
f 10370 10520 10521
f 8919 8995 8994
f 5519 5631 5691
f 3512 3620 3472
f 4455 4456 4566
f 3161 3334 3420
f 6306 6508 6544
f 2027 2164 2097
f 72 103 106
f 10637 10668 10613
f 3659 3660 3716
f 8771 8772 8709
f 1808 1968 2172
f 4704 4820 4703
f 7326 7391 7389
f 8732 8658 8887
f 27 20 56
f 5846 5850 5805
f 1604 1734 1603
f 10209 10263 9950
f 7851 7999 8035
f 6978 6977 6932
f 4872 4928 4753
f 4419 4584 4479
f 5938 6047 5935
f 3532 3509 3595
f 7381 7347 7278
f 7884 7807 7806
f 10205 10317 10204
f 233 208 289
f 6390 6350 6203
f 9735 9580 9737
f 8119 7972 8006
f 8091 8023 8138
f 5050 4930 5126
f 8372 8279 8322
f 7959 7886 7887
f 6206 6304 6355
f 8384 8498 8491
f 3454 3610 3557
f 5060 5132 5251
f 4775 4893 5010
f 1024 1075 976
f 1986 2054 2128
f 3941 4002 4023
f 6909 6872 6910
f 5637 5476 5339
f 147 180 126
f 595 598 559
f 5758 5757 5596
f 10696 10690 10656
f 749 709 632
f 310 208 259
f 3145 3229 3054
f 7251 7113 7223
f 3821 3767 3766
f 1154 969 1201
f 2969 3022 2931
f 3767 3696 3766
f 2401 2346 2584
f 1611 1947 1664
f 6216 6312 6214
f 6855 6774 6775
f 678 603 606
f 3877 3906 3827
f 8898 8671 8741
f 10268 10021 9954
f 3342 3296 3114
f 75 107 76
f 10356 10249 10068
f 6195 6298 6426
f 2253 2384 2252
f 5699 5580 5745
f 7815 7912 7846
f 4468 4626 4467
f 6150 5990 5991
f 4291 4282 4217
f 860 970 859
f 525 554 457
f 7426 7500 7356
f 8458 8350 8579
f 10572 10540 10571
f 4617 4801 4857
f 8202 8340 8296
f 8512 8850 8632
f 3086 3178 3177
f 327 386 385
f 4465 4523 4464
f 3400 3319 3320
f 10043 9974 10044
f 1426 1539 1538
f 7749 7776 7831
f 7612 7648 7686
f 3749 3797 3796
f 2657 2762 2817
f 7556 7581 7525
f 7988 8067 7884
f 6915 6787 6877
f 2096 2237 2095
f 3152 3373 3153
f 4315 4505 4355
f 2185 2116 2186
f 5202 5025 4949
f 2748 2808 2754
f 1584 1649 1779
f 3621 3731 3704
f 8074 8236 8235
f 1057 1119 1175
f 8174 7978 8209
f 1904 1905 2039
f 692 616 442
f 2739 2796 2905
f 1482 1544 1488
f 5127 5179 5126
f 3202 3248 3340
f 1026 1252 1309
f 3750 3798 3828
f 3629 3575 3659
f 3491 3383 3424
f 8646 8785 8784
f 10697 10698 10703
f 480 543 375
f 1479 1289 1360
f 1407 1274 1463
f 8303 8457 8255
f 5736 5900 5899
f 5224 5282 5107
f 1902 1697 1989
f 2234 2425 2297
f 5681 5788 5680
f 8813 8812 8608
f 4026 4071 4132
f 2590 2472 2657
f 6915 6807 6853
f 260 210 289
f 7829 7744 7711
f 5556 5492 5435
f 9495 9210 9589
f 1170 1046 1216
f 2470 2278 2196
f 895 958 788
f 10513 10294 10461
f 2983 2781 2889
f 10658 10679 10645
f 6003 6165 6004
f 9979 9980 10114
f 3245 3246 3333
f 132 222 156
f 68 67 36
f 6074 6234 6017
f 8490 8283 8429
f 7836 7803 7983
f 4962 4794 5030
f 8764 8993 8920
f 8646 8523 8647
f 7678 7750 7677
f 913 1040 917
f 1658 1783 1588
f 383 323 265
f 2974 2827 2879
f 4077 4078 4146
f 3910 3853 3851
f 9160 8990 9161
f 6631 6596 6420
f 6416 6417 6495
f 7736 7694 7695
f 2902 2996 2951
f 2819 2871 2968
f 2714 2662 2769
f 5788 5682 5884
f 2607 2669 2229
f 4731 4609 4664
f 6102 6209 6046
f 1161 1322 1210
f 9402 9497 9123
f 6663 6705 6660
f 8699 8698 8618
f 131 114 155
f 975 804 805
f 4730 4608 4791
f 905 798 859
f 387 493 523
f 9126 8962 9317
f 6899 6809 6898
f 6192 6137 6029
f 7269 7375 7340
f 5101 5215 5160
f 118 197 228
f 6137 6292 6027
f 5574 5396 5506
f 4390 4391 4438
f 436 363 366
f 3115 2872 2932
f 2303 2499 2432
f 5654 5713 5761
f 9303 9204 9394
f 10249 10156 10068
f 104 125 73
f 3279 3175 3210
f 4177 4144 4076
f 384 519 490
f 4559 4450 4560
f 7253 7285 7228
f 3634 3632 3487
f 2723 2609 2724
f 2136 2271 2135
f 5078 5261 5262
f 8861 9102 8946
f 945 839 887
f 9228 9325 9418
f 637 599 562
f 8347 8452 8451
f 2147 2014 1939
f 818 683 924
f 7919 7993 8073
f 3463 3393 3394
f 4948 5076 5075
f 10095 10307 10198
f 5386 5450 5331
f 704 746 705
f 10429 10375 10315
f 5648 5411 5472
f 6236 6278 6409
f 5271 5390 5208
f 9603 9506 9412
f 7880 7841 7910
f 10338 10163 10035
f 4698 4631 4632
f 112 111 58
f 2205 2398 2339
f 5961 6073 6180
f 3315 3396 3314
f 5841 5626 5842
f 3907 3853 3910
f 5350 5234 5290
f 196 161 134
f 3099 2997 3149
f 6865 6645 6646
f 7128 7194 7209
f 2367 2675 2425
f 4706 4530 4701
f 1093 919 976
f 7207 7299 7266
f 5990 6150 6357
f 47 71 22
f 2855 2750 2691
f 5639 5458 5530
f 3027 2823 2971
f 2656 2707 2658
f 112 113 153
f 3411 3416 3240
f 10204 10346 10234
f 6862 6902 6738
f 5153 5268 5094
f 3163 3176 3208
f 9623 9689 9829
f 7122 6991 7164
f 6023 6130 6079
f 1350 1281 1177
f 5003 5137 5083
f 1404 1516 1403
f 4252 4256 4190
f 535 534 432
f 9746 9399 9588
f 8584 8358 8466
f 2069 2070 2072
f 1185 1064 999
f 9706 9551 9777
f 7029 7161 7114
f 3757 3736 3571
f 2330 2331 2391
f 10358 10472 10422
f 1885 1966 2102
f 3810 3861 3893
f 3524 3633 3690
f 5563 5379 5440
f 1626 1754 1624
f 1810 1905 1687
f 6461 6292 6459
f 6054 6000 6057
f 8202 8042 8080
f 10125 9993 10129
f 1560 1635 1501
f 2252 2443 2319
f 5585 5749 5748
f 4933 4934 5055
f 830 1060 1007
f 8532 8361 8362
f 8771 8574 8630
f 6556 6486 6451
f 9397 9208 8792
f 915 815 920
f 9321 9603 9507
f 1451 1566 1398
f 4909 4841 4842
f 391 454 390
f 1492 1548 1747
f 2755 2746 2693
f 9629 9537 9904
f 2458 2579 2201
f 8773 8632 8850
f 8472 8362 8363
f 10399 10330 10218
f 204 257 202
f 1882 2099 1881
f 5922 5762 5734
f 3431 3428 3386
f 701 847 744
f 593 667 703
f 1086 1314 1029
f 10524 10485 10599
f 4108 4258 4257
f 7699 7631 7700
f 6363 6364 6394
f 9102 9194 9293
f 2348 2654 2349
f 8451 8773 8631
f 3651 3704 3732
f 8275 8276 8320
f 3297 3384 3205
f 1742 2029 1884
f 3223 3320 3224
f 9825 9765 9905
f 6549 6481 6483
f 7159 7222 7156
f 5784 5934 6043
f 3449 3331 3416
f 2984 3043 3092
f 6013 6014 6175
f 3351 3371 3233
f 10397 10529 10396
f 881 882 1011
f 10015 10080 10204
f 2748 2854 2808
f 802 756 674
f 8160 8114 8040
f 8314 8213 8412
f 3373 3282 3153
f 281 280 226
f 5182 5129 5055
f 4065 4066 4134
f 9209 8954 9027
f 4897 4781 5017
f 6399 6441 6510
f 9067 8907 9068
f 7705 7636 7742
f 3909 3992 3910
f 3652 3623 3679
f 5561 5621 5377
f 10183 10128 10247
f 571 682 647
f 6936 7063 7018
f 5945 5944 5792
f 8087 8171 8127
f 7557 7530 7586
f 4847 4735 4736
f 5113 5166 5036
f 5363 5602 5485
f 6616 6697 6620
f 4735 4795 4737
f 991 1176 1058
f 3923 3977 3922
f 8742 8810 9053
f 1008 1012 832
f 8720 8871 8870
f 9849 9850 9985
f 9048 9234 9233
f 5701 5855 6013
f 8316 8178 8270
f 2859 2752 2960
f 7504 7564 7601
f 10330 10398 10270
f 407 437 343
f 5561 5784 5783
f 4855 4972 4801
f 3190 3223 3224
f 318 293 181
f 1746 1492 1747
f 3514 3510 3323
f 5973 6085 5956
f 2163 2370 2298
f 3968 4049 3959
f 9034 8798 9035
f 4600 4437 4548
f 566 534 601
f 7328 7427 7463
f 5704 5750 5586
f 4359 4401 4235
f 6731 6826 6852
f 8464 8520 8528
f 1947 1611 1960
f 3793 3902 3792
f 8637 8858 8852
f 5305 5496 5317
f 8648 8467 8649
f 1610 1544 1879
f 6453 6459 6460
f 7453 7455 7424
f 10288 10509 10237
f 2961 3068 2960
f 6820 6910 6818
f 5186 4995 4997
f 3520 3449 3581
f 7123 7074 7033
f 3846 3814 3815
f 1108 1048 1109
f 4765 4887 4886
f 410 318 372
f 1943 2016 2082
f 4618 4617 4514
f 6866 6908 6744
f 9610 10030 10029
f 8349 8256 8458
f 8638 8458 8579
f 2815 2647 2759
f 10635 10574 10538
f 3030 2720 2937
f 1427 1006 1428
f 1242 1131 1426
f 9061 8978 9148
f 8372 8322 8422
f 6652 6517 6487
f 2963 2921 2861
f 5551 5428 5604
f 4755 4698 4630
f 1878 1743 1610
f 3433 3532 3506
f 4151 4045 4047
f 1115 1223 1054
f 8886 9039 9130
f 2298 2300 2431
f 4925 4985 4866
f 9182 9094 9185
f 9512 9609 9329
f 1530 1592 1660
f 2113 2382 2180
f 2571 2310 2438
f 1015 886 944
f 4977 4936 4920
f 6703 6657 6825
f 560 462 532
f 1494 1434 1435
f 8134 8128 8265
f 3664 3580 3663
f 5641 5546 5548
f 6463 6424 6196
f 10130 10177 9935
f 4853 4615 4743
f 5280 5218 5221
f 1910 1756 1898
f 3518 3407 3481
f 4734 4612 4668
f 1414 1339 1518
f 172 267 188
f 9038 8800 9130
f 10050 10047 9912
f 454 392 422
f 6318 6119 6319
f 1626 1380 1625
f 3708 3654 3625
f 9395 9587 9662
f 2524 2335 2457
f 9531 9767 9693
f 3870 3927 3900
f 612 613 772
f 2051 1908 1826
f 9074 9353 9696
f 2540 2594 2661
f 6784 6873 6951
f 2398 2342 2460
f 3686 3718 3717
f 7681 7607 7721
f 8996 8842 8999
f 4919 4856 4676
f 8028 7913 7992
f 794 901 960
f 5943 5564 5944
f 7241 7179 7209
f 3428 3206 3386
f 7538 7715 7676
f 9730 9578 9577
f 10373 10499 10531
f 7137 7186 6887
f 5157 5096 5211
f 8216 8142 8217
f 7045 7089 7133
f 7110 7153 7220
f 10352 10295 10183
f 4971 4745 5035
f 5971 6132 6133
f 8791 8790 8587
f 4272 4324 4364
f 8157 8036 8238
f 10112 9973 10285
f 6604 6571 6640
f 6461 6459 6533
f 8881 8655 9033
f 8713 8858 8637
f 2509 2508 2383
f 5122 5055 4934
f 2668 2884 2883
f 7936 7896 7970
f 10437 10396 10528
f 8930 9270 9269
f 4454 4678 4619
f 8788 9204 9203
f 9571 9292 9572
f 4588 4692 4575
f 9885 9816 9754
f 6842 7007 7008
f 1110 1111 1173
f 7724 7782 7723
f 4271 4155 4239
f 3594 3593 3567
f 4395 4312 4151
f 671 1085 1257
f 4593 4592 4719
f 770 931 727
f 5500 5620 5506
f 4156 4055 4194
f 9808 9651 9869
f 2542 2770 2662
f 2284 2221 2222
f 6987 6985 7117
f 4057 3989 4022
f 2374 2495 2494
f 3437 3399 3508
f 6111 6059 6006
f 6133 6285 6189
f 4742 4672 4615
f 8164 8121 8203
f 8131 8022 7979
f 9093 8936 8847
f 2465 2585 2649
f 4760 4880 4936
f 5009 4946 5007
f 3471 3367 3368
f 6773 6772 6638
f 6570 6465 6602
f 9305 9661 9586
f 7395 7402 7507
f 3456 3381 3526
f 2102 1966 2164
f 6081 6023 6079
f 8054 8210 8133
f 377 412 442
f 9001 9170 9169
f 859 1030 906
f 9946 9909 9840
f 9534 9542 9607
f 722 721 605
f 10181 9864 10125
f 2307 2566 2503
f 10286 9973 10165
f 9198 9296 9107
f 1758 1904 1984
f 1292 1601 1600
f 9872 9940 10140
f 7438 7372 7439
f 4173 4100 4150
f 2005 2004 1850
f 3009 3001 3100
f 2169 2168 2307
f 7123 7033 7075
f 2082 1946 1792
f 4697 4754 4818
f 6110 6163 6214
f 8341 8342 8448
f 2054 1986 1829
f 888 846 1017
f 8953 8873 8874
f 4541 4594 4388
f 8330 8561 8612
f 9119 9312 9212
f 8832 8747 8748
f 10312 10311 10199
f 6195 6194 6089
f 6561 6660 6788
f 2579 2395 2201
f 10672 10674 10680
f 1405 1335 1272
f 4522 4409 4369
f 7083 7177 7127
f 754 860 859
f 7085 7086 6837
f 5624 5508 5509
f 7183 7132 7140
f 6448 6329 6449
f 9577 9578 9388
f 4488 4385 4387
f 6353 6358 6352
f 2976 2880 2964
f 10688 10684 10677
f 4438 4391 4549
f 2939 2828 2829
f 2074 2208 2012
f 3133 3264 3132
f 7766 7767 7813
f 6985 6987 6902
f 1070 832 1012
f 5415 5292 5537
f 7976 7868 8012
f 1749 1970 1619
f 3781 3708 3753
f 7484 7549 7483
f 10018 10156 10155
f 3315 3365 3396
f 1155 1030 970
f 10548 10612 10580
f 3709 3753 3708
f 7414 7553 7554
f 8804 9042 8805
f 7503 7600 7599
f 10375 10200 10315
f 8009 7898 7938
f 2105 1979 2315
f 1178 1349 1348
f 2434 2567 2630
f 3316 3466 3320
f 9378 9558 9583
f 1860 1589 1659
f 2261 2262 2331
f 9517 9262 9536
f 7775 7673 7774
f 7975 8011 7974
f 880 778 881
f 4300 4486 4485
f 5517 5629 5690
f 8376 8325 8282
f 8233 8288 8072
f 3857 3858 3887
f 8432 8329 8433
f 130 93 109
f 512 443 485
f 6195 6426 6425
f 7621 7484 7622
f 400 431 433
f 2788 2620 2555
f 9139 8896 8972
f 7293 7231 7232
f 2537 2472 2589
f 385 426 451
f 5502 5501 5254
f 9114 9026 9396
f 1627 1439 1681
f 5107 4851 5108
f 7880 7840 7841
f 2764 2659 2589
f 4592 4593 4540
f 8330 8612 8433
f 5575 5278 5460
f 7334 7205 7335
f 6837 7181 7129
f 10093 10072 9885
f 2329 2260 2389
f 7096 6887 7095
f 5291 5117 5170
f 8800 8886 9130
f 3043 2833 3016
f 8684 8683 8493
f 1255 1383 1253
f 6059 6003 5951
f 7714 7749 7747
f 2627 2796 2739
f 5376 5377 5621
f 9135 8968 9043
f 1914 1839 1992
f 2485 2362 2484
f 6962 6961 6918
f 8585 8469 8586
f 2545 2718 2600
f 7680 7641 7509
f 5241 5175 5047
f 1457 1459 1570
f 9635 9747 9588
f 2810 2811 3014
f 1043 982 720
f 6530 6420 6565
f 7836 8061 7954
f 9337 9061 9338
f 9018 8944 9100
f 7709 7710 7598
f 8279 8186 8281
f 3202 3071 3248
f 1940 1941 2148
f 4649 4828 4773
f 7931 7818 7932
f 893 953 848
f 95 55 56
f 2943 2784 2838
f 10569 10633 10632
f 4400 4233 4317
f 7511 7400 7431
f 1864 1791 1728
f 5381 5440 5257
f 8876 9115 8875
f 9730 9731 9931
f 9680 9681 9824
f 5862 5751 5750
f 1505 1449 1563
f 1425 1603 1602
f 10393 10349 10291
f 9977 9979 10114
f 3045 3044 2942
f 9845 9857 9912
f 8755 8985 8910
f 4565 4513 4617
f 8120 8047 8048
f 1015 953 1013
f 399 280 400
f 1420 1361 1534
f 2043 1816 2045
f 8009 7938 7939
f 6333 6356 6244
f 2426 2621 2555
f 1611 1534 1361
f 7109 7277 7247
f 1211 1098 1212
f 4985 5042 4921
f 4956 4731 4910
f 2604 2667 2478
f 7846 7790 7815
f 8073 7993 8074
f 3451 3376 3452
f 2907 2796 2797
f 8221 8364 8218
f 7677 7776 7715
f 3642 3584 3643
f 3432 3314 3396
f 1883 2099 1882
f 5916 5954 5989
f 3161 3420 3335
f 356 456 495
f 9970 10277 10223
f 64 54 26
f 7421 7548 7450
f 5828 5668 5875
f 10610 10609 10635
f 6189 6286 6134
f 3590 3504 3591
f 5543 5596 5420
f 546 482 616
f 8725 8785 8955
f 9977 10237 10203
f 7286 7324 7356
f 1088 1146 1258
f 8317 8416 8542
f 9239 9516 9051
f 4425 4340 4299
f 10488 10468 10467
f 6926 6970 6971
f 7377 7414 7445
f 2250 2104 2038
f 6555 6515 6516
f 1034 1206 1081
f 10633 10674 10672
f 1688 1499 1500
f 7528 7585 7618
f 8748 8490 8678
f 10056 9988 9989
f 1141 1073 1143
f 6249 6296 6237
f 9247 9159 9059
f 4421 4295 4296
f 2741 2849 2685
f 4907 5087 5086
f 2224 2150 1947
f 9321 9411 9131
f 6931 6765 6890
f 5679 5680 5787
f 3811 3864 3892
f 404 468 506
f 7933 7957 7908
f 8995 8920 9165
f 3515 3544 3600
f 2555 2368 2426
f 8016 8015 7827
f 2770 2820 2662
f 1294 1365 1066
f 7102 7103 7143
f 3457 3526 3381
f 1933 2012 2011
f 1192 1069 1072
f 1911 1697 1696
f 8153 8237 8193
f 4360 4318 4319
f 8933 9082 8844
f 7640 7679 7754
f 2921 2962 2753
f 6688 6687 6607
f 4043 3904 3894
f 4471 4695 4477
f 1837 1764 1836
f 5078 5202 5261
f 1059 1233 1232
f 6201 6144 6037
f 3588 3528 3589
f 5943 5791 5564
f 4437 4347 4390
f 5353 5711 5538
f 1562 1561 1208
f 10207 10486 10385
f 9594 9750 9880
f 3278 3291 3490
f 10621 10620 10638
f 9731 9581 9736
f 3479 3147 3278
f 3135 2944 3189
f 616 482 442
f 2692 2638 2639
f 8752 8560 8821
f 7562 7535 7598
f 7388 7501 7426
f 10594 10626 10479
f 8064 7986 8065
f 9645 9859 9928
f 7741 7864 7862
f 3668 3723 3698
f 8065 7986 7987
f 1404 1335 1516
f 1484 1609 1741
f 2922 2862 2754
f 7665 7700 7588
f 1421 1599 1362
f 1390 1759 1443
f 7162 7119 7229
f 5024 5027 4839
f 6333 6244 6243
f 6273 6324 6272
f 735 833 832
f 922 984 866
f 6260 6307 6259
f 4642 4887 4765
f 127 74 41
f 2058 1913 2194
f 8309 8403 8464
f 4069 4028 4099
f 181 182 318
f 1013 835 1014
f 3457 3494 3586
f 7529 7530 7557
f 2177 2178 2316
f 2059 1838 1991
f 4622 4808 4685
f 7295 7206 7261
f 6771 6852 6750
f 1117 1341 1224
f 7962 7996 7995
f 10269 10398 10397
f 4292 4325 4156
f 7484 7485 7522
f 7590 7632 7455
f 6887 7134 7094
f 10530 10602 10497
f 7920 7921 8033
f 6926 6927 6970
f 4985 4811 4866
f 6152 6154 6351
f 8947 9104 9196
f 6402 6445 6553
f 4454 4619 4361
f 8973 8974 9145
f 6951 6997 6820
f 2769 2871 2819
f 2837 2728 2672
f 288 287 231
f 3350 3460 3500
f 1862 1591 1529
f 1600 1601 1731
f 8436 8494 8191
f 129 188 171
f 8202 8296 8161
f 2192 2193 2189
f 2582 2464 2583
f 8221 8368 8418
f 6887 7094 7049
f 2369 2427 2489
f 4163 4025 4096
f 9861 9929 9784
f 1695 1762 1694
f 9066 9253 9252
f 1613 1965 1963
f 6996 7176 7081
f 5848 6006 5850
f 266 324 298
f 8601 8664 8419
f 7759 7729 7786
f 9886 10196 10009
f 2679 2792 2790
f 7936 7820 7896
f 7464 7331 7465
f 5835 5834 5560
f 597 712 557
f 6023 5920 5969
f 9385 9471 9291
f 9760 9894 9819
f 7662 7585 7698
f 230 203 231
f 7347 7417 7380
f 1188 1009 831
f 6719 6976 6975
f 1664 1534 1611
f 1414 1649 1471
f 2125 2262 1984
f 2877 2875 2596
f 10437 10395 10267
f 6420 6500 6531
f 9508 9675 9411
f 1018 783 838
f 2466 2532 2404
f 10618 10516 10517
f 6837 7182 7181
f 7373 7267 7247
f 9248 9526 9062
f 5516 5390 5271
f 8317 8542 8541
f 5244 5425 5364
f 7266 7264 7176
f 5073 5260 5324
f 3000 2904 2849
f 6685 6637 6732
f 7437 7435 7338
f 7464 7567 7640
f 10528 10569 10527
f 6854 6894 6893
f 7125 7174 7264
f 5297 5357 5120
f 43 32 52
f 6469 6506 6432
f 9089 9179 9178
f 703 894 787
f 2396 2527 2526
f 3455 3509 3505
f 335 360 395
f 3043 2965 3073
f 4863 4954 4840
f 9754 10095 9885
f 9029 9595 9121
f 8536 8476 8364
f 2855 2804 2750
f 3576 3485 3577
f 2133 2393 2521
f 308 362 361
f 3616 3615 3591
f 4226 4306 4261
f 5152 5083 5028
f 10208 10259 10152
f 6236 6074 6018
f 9635 9549 9747
f 8050 8165 8121
f 9750 9595 9810
f 6793 6832 6835
f 4942 5004 5187
f 4299 4254 4255
f 9871 9796 9938
f 6773 6774 6855
f 4738 4508 4739
f 4638 4479 4639
f 8331 8380 8189
f 2159 2365 2364
f 885 655 738
f 1504 1637 1503
f 4569 4328 4459
f 7730 7787 7687
f 9434 9315 9217
f 100 136 135
f 3045 2986 2988
f 8697 8569 8833
f 5278 5216 5219
f 1319 1394 1081
f 6572 6473 6523
f 7653 7625 7414
f 3200 3247 3336
f 661 586 627
f 3484 3328 3444
f 2660 2766 2710
f 3782 3914 3886
f 8918 8819 8980
f 2310 2379 2438
f 3045 3131 3185
f 3283 3284 3328
f 2558 2490 2429
f 3175 3029 3210
f 205 234 206
f 6437 6224 6477
f 3506 3596 3565
f 3137 3190 3267
f 9245 9238 8812
f 3568 3649 3676
f 1207 1035 1036
f 8955 8950 9117
f 6282 6522 6460
f 7812 7732 7760
f 5542 5541 5419
f 3062 3006 3104
f 9409 9602 9757
f 5624 5509 5780
f 4008 3861 3921
f 2965 2762 2865
f 1417 1588 1657
f 1 8 7
f 840 740 739
f 4790 4907 4729
f 8113 8036 8157
f 10158 9884 9815
f 5378 5505 5499
f 5541 5417 5418
f 5843 5795 5892
f 5937 6047 6046
f 932 821 1056
f 3522 3638 3521
f 8224 8371 8276
f 10644 10605 10646
f 8112 8069 8044
f 4151 4082 4045
f 7463 7604 7565
f 3678 3619 3652
f 791 706 598
f 485 443 416
f 1647 1713 1576
f 1726 1728 1597
f 4404 4320 4513
f 4538 4490 4717
f 10007 10192 10191
f 2319 2443 2442
f 6420 6529 6499
f 598 463 559
f 2995 2843 2951
f 176 163 199
f 3382 3294 3341
f 4883 4881 4639
f 7206 7076 7167
f 8110 8195 8194
f 8728 8957 8877
f 6331 6378 6283
f 4250 4292 4249
f 4496 4602 4605
f 5678 5682 5502
f 7631 7699 7664
f 1912 1507 1698
f 5050 5178 5125
f 2935 2878 3171
f 4600 4724 4599
f 6506 6542 6643
f 6059 6111 6167
f 102 139 90
f 2138 1924 2003
f 7867 7743 7900
f 7821 7897 7934
f 5306 5488 5128
f 10136 10361 10135
f 2589 2472 2590
f 9839 9704 9908
f 3210 3083 3179
f 5329 5449 5512
f 8690 8829 8689
f 10122 10177 10057
f 5891 5790 6051
f 7219 7247 7179
f 6138 6238 6294
f 3790 3898 3869
f 8422 8481 8421
f 6010 6065 5957
f 2955 2799 2912
f 8456 8259 8397
f 7646 7759 7611
f 5214 5338 5396
f 2968 2969 2870
f 3229 3404 3272
f 1955 1860 2078
f 5743 5575 5698
f 3017 3070 3111
f 9068 8907 9069
f 8423 8150 8483
f 5597 5479 5480
f 3467 3316 3397
f 8570 8699 8618
f 1558 1441 1632
f 2228 2288 2359
f 1741 1609 1744
f 4885 4763 4764
f 6665 6708 6528
f 4121 4241 4123
f 6112 6060 6007
f 2947 2735 2675
f 8726 8652 8530
f 9446 9260 9261
f 10344 10411 10410
f 926 767 928
f 7515 7472 7404
f 9086 9177 9274
f 2088 2020 1950
f 6687 6739 6542
f 3824 3844 3843
f 575 617 651
f 5547 5301 5546
f 6984 6902 6987
f 42 76 41
f 7919 8073 8032
f 6004 5901 6003
f 4577 4527 4699
f 5804 5901 5803
f 3672 3726 3700
f 3263 3219 3262
f 9558 9187 9379
f 7685 7727 7785
f 3165 3072 3166
f 3081 3173 3121
f 4344 4388 4343
f 4122 4123 4157
f 6264 6393 6216
f 8518 8517 8399
f 747 852 633
f 1275 1340 1339
f 9257 9533 9346
f 2427 2369 2237
f 1017 947 888
f 7020 7108 6896
f 5052 5124 5053
f 2454 2810 2520
f 878 940 775
f 2927 2817 2762
f 9130 9506 9603
f 9883 9956 10022
f 8794 8726 8795
f 9897 9763 9682
f 7607 7608 7721
f 9238 9237 9050
f 5339 5639 5638
f 3265 3364 3362
f 8703 8839 8925
f 7045 7130 6837
f 5987 5886 5887
f 1982 1989 2055
f 7343 7275 7059
f 4886 4764 4765
f 3417 3525 3555
f 5973 5956 5906
f 10104 10037 9968
f 4056 4090 4125
f 5965 6181 5964
f 4466 4467 4625
f 8051 8172 8088
f 7527 7650 7619
f 1179 1124 1228
f 5561 5562 5784
f 3155 3239 3284
f 2676 2842 2736
f 3628 3629 3715
f 5750 5814 5913
f 6199 6091 6200
f 941 1067 1188
f 9253 9066 9067
f 5856 5646 5748
f 3818 3817 3765
f 3546 3475 3545
f 3264 3259 3218
f 7861 7935 7968
f 6508 6306 6476
f 7667 7666 7558
f 7418 7419 7491
f 1083 896 797
f 6436 6492 6396
f 3597 3677 3702
f 2874 3024 3118
f 7153 7155 7221
f 8405 8469 8360
f 2596 2595 2353
f 3308 3125 3256
f 5486 5128 5488
f 6073 6126 6180
f 1937 2077 1783
f 2034 2035 2171
f 10250 10551 10582
f 10407 10222 10403
f 7256 7230 7031
f 3476 3404 3405
f 215 149 185
f 564 499 642
f 559 463 497
f 2656 2535 2707
f 1456 1266 1512
f 10356 10068 10250
f 4217 4173 4291
f 9221 9218 9125
f 1387 1145 1313
f 9134 8967 9224
f 1467 1351 1472
f 7975 7867 7900
f 3592 3647 3674
f 676 604 805
f 3145 3146 3192
f 9173 9365 9364
f 10303 10553 10302
f 3998 3961 3999
f 7051 7101 6887
f 669 529 630
f 441 547 484
f 900 966 807
f 1764 1699 1509
f 8045 8248 8085
f 6887 7140 7045
f 8030 8151 8104
f 889 1017 846
f 8205 8088 8172
f 3104 3008 3194
f 2533 2588 2651
f 5071 5198 5197
f 3370 3369 3275
f 1399 1217 1510
f 8228 8147 8187
f 5685 5509 5444
f 3017 2924 3070
f 4448 4317 4509
f 3995 4052 3992
f 3701 3647 3648
f 8019 7979 7947
f 9622 9689 9528
f 1038 1209 1095
f 8729 8880 8959
f 2476 2226 2227
f 152 220 190
f 7103 7304 7271
f 1136 1189 1298
f 10607 10532 10500
f 5567 5795 5843
f 10367 10140 10557
f 9631 9455 9547
f 10457 10380 10237
f 4606 4441 4519
f 1670 1541 1736
f 3141 3051 2946
f 6413 6332 6284
f 3924 3868 3979
f 4727 4606 4684
f 2646 2580 2700
f 8334 8495 8438
f 7639 7603 7462
f 1494 1675 1621
f 3387 3502 3431
f 2055 1989 1911
f 3127 3212 3088
f 10379 10378 10482
f 1279 1280 1411
f 1585 1473 1655
f 1876 1800 1739
f 6743 6692 6648
f 352 327 328
f 980 1099 979
f 7972 8112 7937
f 187 150 51
f 3305 3338 3378
f 4084 4148 4073
f 8163 8164 8203
f 268 326 172
f 1448 1502 1259
f 1700 1452 1569
f 8159 8158 8118
f 1176 932 1120
f 8043 7907 7984
f 2814 2700 2863
f 9752 9497 9669
f 10701 10690 10696
f 5958 6175 6121
f 5674 5789 5683
f 6563 6564 6498
f 3237 3331 3449
f 1002 878 1003
f 9119 8795 8877
f 824 936 935
f 3689 3688 3630
f 311 260 289
f 7610 7689 7690
f 3803 3804 3883
f 4773 4828 4648
f 4038 4108 4076
f 3168 3170 3296
f 528 629 594
f 5181 5182 5307
f 10212 10325 10213
f 541 611 649
f 1168 971 1090
f 448 447 383
f 2182 2256 2259
f 7804 7956 7839
f 10128 10126 9995
f 9118 9286 9012
f 1311 1310 1251
f 158 247 193
f 730 823 772
f 5708 5472 5709
f 9596 9882 9668
f 2239 2241 2098
f 10067 10050 10056
f 5695 5848 5850
f 9910 9977 9842
f 2346 2347 2465
f 5955 6008 5808
f 2087 2278 2216
f 3461 3350 3500
f 1982 2055 2122
f 6015 6070 6179
f 6872 6783 6818
f 10523 10429 10377
f 9766 9687 9899
f 4607 4501 4608
f 9231 9367 9420
f 3856 3855 3806
f 988 1110 1049
f 10083 10082 9808
f 2916 2746 2755
f 1521 1650 1718
f 8996 9176 8922
f 4060 4161 4204
f 9017 9193 8945
f 7846 7725 7785
f 8019 8131 7979
f 7925 7857 7795
f 5029 4959 4911
f 7495 7322 7355
f 7770 7861 7819
f 1650 1521 1522
f 7171 7238 7169
f 5840 5888 5800
f 2618 2498 2302
f 7278 7221 7382
f 10077 10202 9803
f 6634 6534 6627
f 3073 3092 3043
f 1574 1711 1773
f 4728 4906 4846
f 472 609 571
f 8321 8277 8482
f 9299 9095 9378
f 3348 3306 3391
f 4137 4099 4028
f 4521 4623 4570
f 7894 7930 7928
f 4649 4542 4774
f 8760 8994 9164
f 4501 4396 4499
f 1582 1468 1583
f 3268 3318 3365
f 3705 3776 3733
f 9571 9569 9476
f 4592 4543 4722
f 9902 9827 9828
f 3239 3285 3409
f 9244 9432 9431
f 2193 2266 2189
f 3929 3769 3984
f 3029 2979 3083
f 8750 8431 8558
f 7887 7960 7959
f 4191 4115 4114
f 6351 6255 6352
f 8156 8243 8291
f 9626 9696 9697
f 6453 6460 6522
f 1390 1444 1759
f 7905 8094 8024
f 4738 4614 4508
f 5853 5909 5746
f 4520 4683 4622
f 6641 6603 6640
f 2452 2316 2440
f 8693 8744 8759
f 6114 6222 6169
f 6602 6637 6570
f 3332 3376 3418
f 5651 5757 5554
f 6988 6863 7030
f 758 717 862
f 1541 1187 1589
f 6380 6289 6339
f 2525 2458 2272
f 6289 6087 6339
f 4068 4135 4167
f 7807 7884 7882
f 6618 6451 6519
f 1850 1776 1925
f 3309 3354 3129
f 8752 8821 8982
f 3710 3627 3656
f 2017 2221 2220
f 10170 10415 10288
f 3729 3650 3618
f 9267 9268 9356
f 436 537 503
f 7595 7498 7497
f 1327 1171 1329
f 8689 8829 8914
f 2461 2528 2397
f 8462 8352 8519
f 10155 10320 10211
f 3382 3491 3458
f 8804 8803 9040
f 5862 5860 5751
f 5204 5268 5153
f 1209 1160 1320
f 2526 2337 2338
f 4302 4224 4386
f 1193 1431 1374
f 4054 4122 4020
f 2119 2326 2187
f 6666 6681 6534
f 6905 7071 6947
f 9711 9778 9459
f 57 65 33
f 4001 3940 3941
f 95 113 66
f 8951 8869 9301
f 3501 3430 3499
f 1363 1666 1729
f 6160 6210 6161
f 7777 7678 7751
f 4365 4242 4368
f 10143 10307 10254
f 4911 4843 4665
f 6249 6032 6140
f 9061 9148 9338
f 2819 2968 2768
f 8888 9137 9046
f 8902 9247 9059
f 8444 8506 8504
f 1083 797 903
f 1504 1449 1637
f 9389 9296 9198
f 9561 9638 9560
f 5630 5391 5521
f 1428 1006 1133
f 10312 10199 10200
f 4975 4858 4746
f 2635 2737 2681
f 2761 2925 2924
f 6786 6700 6822
f 3855 3916 3943
f 1579 1714 1647
f 5130 5311 5310
f 9517 9536 9425
f 8865 8718 8645
f 243 171 188
f 5492 5555 5312
f 6208 6351 6260
f 10329 10089 10397
f 5439 5498 5437
f 11 10 2
f 1325 1323 1215
f 1596 1790 1789
f 7241 7209 7194
f 5735 5801 5630
f 5847 5933 6005
f 2141 2009 2273
f 2408 2278 2470
f 3943 3965 3944
f 1020 1140 957
f 10146 10199 10311
f 10647 10577 10576
f 7473 7513 7432
f 4023 4063 4059
f 4103 4016 4032
f 1275 1339 1284
f 5643 5606 5550
f 921 865 816
f 5158 5337 5336
f 6288 6191 6338
f 15 9 3
f 9345 9532 9768
f 8567 8618 8698
f 4506 4612 4507
f 9029 9121 8878
f 1378 1200 1149
f 5982 5831 5878
f 7681 7682 7569
f 2613 2672 2728
f 9900 9619 9620
f 10107 9834 10108
f 8133 8019 8054
f 8783 8949 9020
f 9308 9495 9494
f 7895 7861 7968
f 8687 9071 9070
f 3773 3849 3797
f 8326 8148 8149
f 2518 2696 2643
f 524 626 664
f 8070 7994 7995
f 9559 9780 9583
f 4471 4696 4697
f 1662 1532 1663
f 6490 6582 6519
f 5222 5105 5032
f 839 946 887
f 4557 4669 4736
f 2098 1742 1881
f 8375 8323 8374
f 3835 3756 3783
f 7830 8018 7944
f 8080 8390 8339
f 64 26 58
f 8845 8770 8929
f 754 798 672
f 8425 8485 8422
f 1689 1389 1443
f 6274 6232 6175
f 306 287 341
f 1823 1628 1683
f 9907 10111 9837
f 8089 8206 8125
f 4419 4534 4584
f 10186 10246 10065
f 4329 4408 4368
f 8924 9267 8997
f 5931 5984 5881
f 6168 6113 6169
f 9397 9745 9664
f 1210 1322 1396
f 8064 8065 8098
f 6719 6851 6850
f 9495 9589 9666
f 883 884 780
f 6353 6352 6257
f 7661 7628 7525
f 4036 3975 3981
f 7880 7908 7840
f 5871 6028 6029
f 8192 8191 8075
f 21 38 46
f 1947 2150 1863
f 2370 2300 2298
f 9228 9417 9226
f 9625 9443 9445
f 610 372 685
f 5614 5777 5776
f 922 923 986
f 1820 1625 1627
f 5610 5662 5554
f 3938 3962 3937
f 6024 5969 5921
f 70 81 97
f 9305 9493 9661
f 3210 3029 3083
f 5157 4844 5096
f 1171 1216 984
f 1474 1415 1417
f 7319 7351 7252
f 8935 9279 9091
f 2313 2312 2175
f 9914 9848 9982
f 10188 10002 10189
f 3289 3321 3413
f 5326 5508 5266
f 8039 8116 8079
f 6278 6296 6409
f 10587 10652 10303
f 10286 10456 10454
f 4808 4863 4807
f 3765 3819 3818
f 8583 8584 8786
f 9920 9639 9921
f 10100 9897 9963
f 4401 4510 4450
f 4313 4396 4442
f 2085 1865 1866
f 2616 2734 2653
f 4507 4355 4506
f 9439 9255 9440
f 7533 7454 7386
f 6287 6335 6223
f 4587 4482 4483
f 5019 4781 4832
f 723 817 866
f 6708 6672 6528
f 9229 9414 9677
f 6785 6783 6872
f 6008 6113 5904
f 9290 8941 9292
f 8879 8878 8590
f 1371 1299 1136
f 2532 2466 2651
f 702 703 787
f 10092 9958 10159
f 5556 5667 5492
f 8204 8298 8342
f 8655 8798 8882
f 1703 1766 1764
f 5671 5615 5672
f 1018 838 848
f 8247 8158 8159
f 5501 5681 5622
f 9294 9106 9483
f 712 797 711
f 2329 2389 2328
f 3240 3416 3331
f 796 795 710
f 4752 4693 4694
f 7367 7260 7295
f 4948 4901 4658
f 10219 9957 9814
f 8255 8092 8303
f 7410 7372 7438
f 4732 4665 4843
f 9275 9455 9273
f 8849 9091 9007
f 997 826 998
f 3062 3159 2957
f 1819 2187 2118
f 6887 6797 7050
f 8634 8455 8396
f 3198 3063 3290
f 3434 3359 3506
f 4942 4771 4943
f 6188 6244 6284
f 2218 2413 2352
f 10215 10328 10214
f 9530 9529 9254
f 10298 10184 9996
f 803 639 804
f 932 770 771
f 623 588 662
f 434 466 501
f 714 674 756
f 8141 8412 8213
f 6980 6937 7021
f 6171 6064 6172
f 3636 3581 3521
f 145 104 146
f 5043 5042 4925
f 2794 2802 2633
f 7366 7367 7431
f 5594 5540 5541
f 2917 2810 3014
f 6255 5940 6098
f 7909 7934 8063
f 6527 6526 6497
f 4364 4322 4236
f 10428 10561 10499
f 7393 7230 7358
f 6054 5893 5946
f 798 754 859
f 2244 2375 2243
f 229 200 178
f 7265 7177 7240
f 9306 9206 9493
f 1604 1480 1538
f 4249 4194 4167
f 3299 3387 3386
f 3957 4053 4121
f 2123 2124 2329
f 2397 2580 2459
f 10291 10241 10176
f 5493 5316 5494
f 7537 7462 7603
f 7600 7671 7746
f 6329 6234 6235
f 9655 9739 10008
f 5344 5584 5405
f 9486 9406 9599
f 8367 8415 8539
f 4715 4716 4489
f 2019 2087 2216
f 3896 3897 3924
f 6325 6273 6232
f 8598 8806 8662
f 2078 1860 1938
f 3305 3209 3173
f 8910 8909 8755
f 279 280 399
f 221 152 191
f 961 962 1025
f 2397 2459 2339
f 6193 6249 6128
f 8927 8911 8827
f 3861 3973 3893
f 6050 6161 6051
f 2846 2936 2560
f 6357 6150 6265
f 1096 1038 863
f 2209 2347 2208
f 9350 9156 9447
f 3530 3531 3562
f 1686 1687 1905
f 6070 6233 6179
f 7138 6887 7098
f 3847 3796 3848
f 7487 7694 7693
f 8488 8551 8556
f 7634 7704 7592
f 3714 3737 3758
f 8857 9011 8939
f 3735 3682 3706
f 3312 3264 3133
f 3923 3786 3893
f 4289 4215 4216
f 7921 8034 8033
f 3584 3452 3453
f 7903 7712 7871
f 3004 3005 3060
f 1308 1436 1553
f 4408 4624 4463
f 8905 9043 8807
f 9769 9770 9449
f 3693 3765 3793
f 1077 1082 1148
f 3502 3387 3430
f 9679 9695 9606
f 10682 10669 10619
f 3450 3558 3490
f 10253 10006 10191
f 849 786 666
f 7149 7193 7192
f 5110 5163 5035
f 7999 8076 8035
f 10261 10260 9949
f 136 175 198
f 5162 4969 4970
f 8574 8771 8709
f 6635 6683 6462
f 2934 2874 2716
f 8782 9017 8945
f 2507 2508 2509
f 7703 7668 7704
f 5105 5221 5104
f 2485 2482 2360
f 9181 9376 9374
f 8599 8559 8751
f 1838 1913 1701
f 10150 9807 9948
f 2405 2533 2651
f 8077 8197 8196
f 4721 4831 4829
f 6267 6316 6266
f 518 587 586
f 3495 3496 3527
f 5925 5974 5823
f 4594 4770 4771
f 6422 6460 6292
f 5354 5238 5160
f 5551 5496 5305
f 9934 10061 10184
f 4133 4212 4096
f 3758 3810 3718
f 5586 5750 5751
f 919 813 806
f 2858 2956 2806
f 8450 8451 8511
f 10540 10444 10571
f 1669 1796 1540
f 10474 10194 10366
f 5731 5572 5690
f 5049 5424 5360
f 828 829 1004
f 5874 5772 5828
f 1855 1931 1655
f 9501 9755 9673
f 10431 10483 10512
f 4796 4848 4915
f 10111 10233 10283
f 3578 3633 3524
f 1296 1485 1486
f 4313 4444 4231
f 5340 5226 5467
f 4887 5060 4998
f 4721 4829 4722
f 9026 9114 8952
f 128 216 183
f 7457 7560 7561
f 6361 6262 6210
f 8580 8640 8714
f 8029 8103 7992
f 10019 10086 9952
f 664 626 623
f 9639 9556 9779
f 4501 4729 4728
f 4613 4509 4741
f 5246 5053 5124
f 2740 2741 2686
f 9324 9225 9135
f 1021 958 1073
f 1042 1105 981
f 1043 1265 1326
f 7726 7644 7685
f 1520 1715 1519
f 5843 5893 5729
f 4013 3982 4110
f 3103 2957 3102
f 7337 7370 7264
f 5737 5736 5632
f 4327 4462 4352
f 10392 10326 10325
f 7947 7903 7943
f 5655 5545 5714
f 3852 3956 3908
f 5196 5013 4895
f 522 390 422
f 8461 8399 8516
f 7174 7080 7081
f 4448 4400 4317
f 8283 8376 8282
f 7903 7871 7943
f 1336 1271 1221
f 4582 4583 4621
f 3307 3177 3178
f 9259 9334 9078
f 4913 4767 4768
f 2638 2507 2509
f 28 44 58
f 719 644 716
f 9573 9102 9293
f 9648 9572 9573
f 10399 10499 10439
f 2260 2515 2389
f 10701 10693 10690
f 6279 6123 6129
f 10009 10368 10141
f 4441 4606 4662
f 2836 2612 2941
f 4572 4465 4409
f 6146 6095 6301
f 9499 9215 9315
f 8422 8421 8278
f 6534 6680 6679
f 8619 8570 8445
f 6698 6636 6601
f 10336 10337 9965
f 7456 7458 7499
f 2334 2063 2270
f 2716 2542 2543
f 1816 1815 1554
f 5772 5873 5667
f 7828 7869 7902
f 9663 9803 9804
f 6669 6627 6534
f 5489 5608 5768
f 1310 1495 1252
f 1369 1191 1192
f 5216 5278 5459
f 10245 10296 10247
f 10479 10626 10522
f 3322 3401 3321
f 3906 3911 3989
f 8078 8077 8000
f 9381 9288 8859
f 1366 1181 1354
f 1457 1570 1458
f 8647 8524 8648
f 8220 8061 8145
f 8028 8150 8068
f 1648 1579 1464
f 8376 8553 8428
f 4696 4815 4870
f 7100 6842 7049
f 5600 5657 5658
f 10496 10568 10482
f 8536 8600 8735
f 412 413 477
f 10370 10272 10308
f 147 127 181
f 3255 3128 3257
f 307 256 286
f 8977 9060 9147
f 3964 3917 3920
f 5280 5463 5279
f 10678 10365 10656
f 3264 3218 3263
f 9412 9506 9320
f 8052 7978 7904
f 8679 8818 8817
f 7947 7943 8020
f 5346 5407 5345
f 6402 6374 6445
f 10021 9953 9810
f 36 10 37
f 5134 4993 5180
f 4777 5012 4776
f 9454 9631 9774
f 7853 7924 7964
f 2601 2876 2718
f 4884 4937 4997
f 1105 1211 1264
f 670 708 631
f 7329 7395 7362
f 694 617 733
f 4882 4881 5058
f 1003 1131 1130
f 1457 1328 1109
f 9621 9688 9620
f 280 431 400
f 6876 6701 6824
f 8971 8894 8895
f 6141 6089 6034
f 10381 10431 10378
f 2093 2233 2161
f 2404 2212 2144
f 10687 10662 10663
f 1650 1522 1719
f 7747 7800 7713
f 5680 5503 5622
f 8066 8225 8065
f 9276 9087 9088
f 10550 10513 10615
f 7706 7637 7798
f 3444 3409 3445
f 9877 9946 9876
f 1466 1342 1345
f 3162 3012 3201
f 10053 9924 9987
f 2287 2152 2020
f 10676 10684 10687
f 817 765 922
f 250 286 281
f 6150 6433 6265
f 8443 8244 8292
f 139 141 166
f 3263 3262 3131
f 6100 6221 6062
f 7227 7284 7352
f 2218 2015 1940
f 541 473 440
f 5534 5341 5402
f 8473 8655 8654
f 599 673 672
f 8053 8130 8175
f 6355 6305 6206
f 1235 1357 1356
f 5070 5009 5018
f 8477 8661 8597
f 10090 9883 10091
f 5159 5214 5097
f 6601 6536 6685
f 1041 985 1103
f 4819 5048 5177
f 2924 3071 3070
f 6239 6022 6185
f 6434 6475 6262
f 4558 4739 4508
f 4483 4482 4382
f 3616 3676 3673
f 9907 10112 10113
f 1465 1468 1581
f 98 97 81
f 3810 3836 3718
f 5636 5903 5806
f 673 755 672
f 4826 5137 5003
f 9332 9141 9241
f 1596 1598 1790
f 8462 8518 8400
f 9918 9917 9716
f 3573 3443 3548
f 2562 2495 2433
f 1274 1407 1222
f 5821 5763 5921
f 1738 1800 2095
f 5468 5534 5582
f 9689 9690 9826
f 2175 2174 2037
f 1338 1517 1463
f 9701 9836 9835
f 3795 3826 3772
f 306 231 287
f 1347 1472 1351
f 4169 4295 4168
f 3829 3776 3774
f 833 831 1008
f 5462 5461 5279
f 672 755 754
f 9829 9826 10038
f 3861 3862 3921
f 8642 8861 8715
f 9117 9300 9400
f 7298 7240 7371
f 9560 9638 9780
f 1539 1426 1364
f 5734 5631 5800
f 250 307 286
f 6365 6220 6334
f 1230 1179 1228
f 260 288 234
f 8764 8920 8763
f 3005 2908 3060
f 3432 3358 3313
f 5064 4827 5063
f 3873 3843 3905
f 7359 7358 7256
f 6654 6683 6684
f 3120 3172 3025
f 1769 1919 1995
f 3098 3079 2973
f 10590 10474 10660
f 9062 9148 8978
f 3034 3179 3083
f 6798 6843 6797
f 10614 10463 10514
f 3850 3909 3851
f 7631 7588 7700
f 6801 6845 6762
f 4810 4924 4865
f 6064 6119 6118
f 5696 5638 5639
f 7428 7395 7507
f 2517 2190 2450
f 8353 8354 8402
f 4805 4862 4683
f 9541 9274 9703
f 6687 6778 6739
f 10507 10504 10506
f 10018 10068 10156
f 9688 9900 9620
f 1746 1807 1888
f 871 821 612
f 640 679 566
f 7713 7800 7773
f 8861 8643 8717
f 2338 2137 2204
f 1135 1127 998
f 2267 2194 1913
f 9861 9860 9990
f 2361 2292 2481
f 4461 4275 4407
f 6896 7063 6936
f 952 950 951
f 9601 9757 9756
f 6027 6292 6342
f 3122 3208 3176
f 10601 10597 10523
f 1484 1741 1959
f 2732 2733 2816
f 6022 6184 6077
f 7337 7338 7408
f 5 16 11
f 4121 4156 4241
f 10302 10470 10360
f 1171 1266 1216
f 7769 7795 7816
f 2985 2762 3016
f 3785 3864 3811
f 4126 4017 4057
f 10611 10629 10579
f 7431 7367 7512
f 1431 1491 1374
f 1077 901 1082
f 10256 10077 10078
f 4037 4033 4104
f 4636 4635 4379
f 3773 3800 3851
f 3411 3524 3523
f 7467 7364 7365
f 2471 2537 2659
f 1746 1616 1492
f 6599 6533 6534
f 2221 2301 2354
f 7801 7800 7747
f 8545 8546 8668
f 402 431 361
f 5390 5516 5572
f 6178 6405 6374
f 8113 7923 8036
f 7883 7805 7882
f 3684 3807 3683
f 5237 5413 5322
f 3228 3142 3270
f 8940 9014 9099
f 3848 3907 3955
f 9707 9090 9552
f 4279 4243 4369
f 4709 4700 4710
f 7527 7619 7548
f 6503 6465 6570
f 1635 1761 1828
f 4930 4820 4704
f 1824 1630 1901
f 4958 5156 5091
f 6320 6228 6230
f 9573 9293 9574
f 8724 8789 8873
f 10634 10603 10645
f 8562 8685 8435
f 8328 8286 8379
f 8945 9193 9100
f 897 959 1076
f 2546 2454 2356
f 1737 1956 1798
f 252 175 176
f 8521 8355 8522
f 1681 1897 1820
f 8450 8705 8571
f 8173 8127 8353
f 10351 10462 10182
f 8017 7902 8173
f 4222 4141 4254
f 241 219 297
f 8368 8222 8319
f 3010 2975 2959
f 4379 4295 4419
f 5312 5185 5436
f 7510 7469 7539
f 657 837 738
f 8538 8414 8413
f 8972 8896 8740
f 2931 2870 2969
f 6052 6054 6162
f 8883 9408 9035
f 3231 3146 3193
f 2350 2280 2411
f 9020 9297 9198
f 1913 2058 1701
f 1390 1028 1444
f 427 394 395
f 8819 8901 8749
f 2025 2160 1956
f 4745 4677 4856
f 10520 10593 10625
f 5375 5500 5438
f 5638 5807 5637
f 8368 8319 8418
f 5627 5567 5451
f 5582 5854 5700
f 8023 7946 7980
f 5524 5693 5632
f 2706 2705 2407
f 649 611 767
f 2252 2109 2253
f 6024 5972 6131
f 708 794 707
f 3424 3295 3296
f 4804 4622 4683
f 10455 10343 10410
f 6949 6948 6816
f 9638 9562 9847
f 4176 4102 4107
f 1356 1476 1355
f 3866 3953 3894
f 1079 1151 1251
f 4094 4207 4244
f 4268 4359 4235
f 7889 7849 7809
f 4372 4578 4332
f 6777 6643 6738
f 5338 5142 5323
f 7354 7355 7253
f 577 695 653
f 9175 9367 9457
f 3145 3276 3229
f 6825 6956 6875
f 1834 1833 2121
f 6785 6869 6693
f 8639 8942 8780
f 10293 10059 10181
f 6117 6116 6009
f 4986 4868 4987
f 10355 10190 10301
f 10042 10110 9906
f 5813 5815 5914
f 3947 3867 3926
f 7978 8129 8209
f 5269 5270 5389
f 4261 4260 4182
f 1265 1165 1204
f 9967 9903 10038
f 2518 2576 2697
f 6277 6193 6128
f 10444 10407 10403
f 7139 7138 7098
f 9478 9195 9479
f 307 338 285
f 2143 2274 2207
f 10626 10659 10686
f 444 514 380
f 9518 9331 9428
f 2983 3091 3040
f 3964 4095 4214
f 7795 7703 7704
f 3118 3299 3078
f 7939 8049 8009
f 4338 4354 4265
f 6265 6168 6169
f 10292 10297 10296
f 2311 2380 2379
f 6577 6482 6650
f 1535 1865 1793
f 8937 8938 8774
f 10339 10227 10226
f 4073 4148 4044
f 2738 2795 2794
f 331 393 392
f 9074 9626 9351
f 7174 7081 7175
f 8567 8503 8445
f 549 699 658
f 1613 1803 1965
f 5916 5806 5954
f 5765 5906 5743
f 6575 6483 6647
f 8743 8672 8547
f 5560 5834 5675
f 4753 4577 4699
f 4535 4640 4534
f 1551 1494 1621
f 1589 1860 1736
f 6651 6579 6611
f 5580 5699 5579
f 5040 4980 5115
f 6325 6442 6372
f 1704 1570 1643
f 5192 5328 5010
f 769 685 727
f 2706 2468 2652
f 9478 9477 9194
f 3014 2826 2974
f 8018 8174 8208
f 3098 3151 3207
f 2429 2490 2428
f 1685 1497 1629
f 6133 6219 6285
f 5958 5854 5810
f 9854 9921 9639
f 6541 6506 6606
f 2085 2084 1865
f 328 353 389
f 3115 3250 3077
f 5257 5256 5381
f 8810 8673 9054
f 6618 6700 6581
f 1800 1958 2026
f 195 277 225
f 7269 7376 7413
f 4779 4831 4598
f 8750 8836 8917
f 6084 6025 6134
f 9278 9179 9551
f 366 310 405
f 4837 4949 4726
f 3891 3842 3872
f 9972 9907 9774
f 5242 5048 5243
f 6858 6859 6938
f 1828 1761 2128
f 10314 10200 10374
f 7610 7615 7689
f 10333 10033 10334
f 8143 8215 8094
f 6318 6317 6119
f 10035 10102 10224
f 9221 9502 9224
f 3798 3731 3755
f 4520 4622 4571
f 7717 7838 7754
f 9741 9942 9941
f 2003 1924 1847
f 1440 1497 1628
f 9792 10000 10001
f 2005 2137 2138
f 5651 5478 5595
f 3335 3160 3199
f 3194 3100 3283
f 2776 2978 2977
f 402 361 362
f 6789 6788 6660
f 4917 4852 4968
f 1004 1365 1132
f 2286 2548 2227
f 1008 1243 1189
f 9896 10161 10230
f 5004 4892 5066
f 8223 8181 8182
f 7550 7551 7484
f 1221 1337 1336
f 2959 2922 2808
f 6231 6229 6121
f 2489 2622 2556
f 1076 1146 1075
f 537 680 606
f 8931 9272 8930
f 9599 9873 9656
f 9821 9757 9818
f 8582 8359 8465
f 5317 5495 5372
f 10608 10536 10537
f 1894 1817 1555
f 133 80 134
f 3118 3300 3299
f 568 721 604
f 3720 3738 3661
f 7066 7199 7030
f 6166 6167 6158
f 2066 1997 1770
f 8094 7905 8143
f 1372 1300 1246
f 7818 7894 7817
f 3928 3903 3982
f 4612 4611 4507
f 177 135 136
f 9784 9473 9568
f 655 514 548
f 5784 5936 5934
f 10042 9906 9837
f 726 683 818
f 7406 7331 7464
f 732 827 546
f 5960 6070 5858
f 6945 7328 7360
f 4479 4533 4379
f 9428 9448 9518
f 5156 5210 5273
f 8391 8166 8392
f 9612 9611 9235
f 10317 10318 10367
f 4256 4176 4175
f 8657 9036 8964
f 1346 1413 1058
f 8243 8245 8335
f 4718 4545 4596
f 1268 1332 1515
f 4260 4259 4181
f 10009 10369 10368
f 5276 5279 5220
f 8581 8949 8783
f 3717 3761 3689
f 7105 7272 7245
f 263 344 317
f 3825 3824 3746
f 6738 6542 6739
f 2185 2257 2116
f 5553 5431 5609
f 904 745 560
f 979 978 759
f 9250 9341 9342
f 1458 1767 1513
f 5873 5978 5872
f 2303 2432 2165
f 5730 5732 5895
f 2328 2505 2248
f 3204 3020 3112
f 3693 3637 3638
f 9327 9168 9047
f 4784 4782 4783
f 1668 1538 1539
f 8083 7985 8064
f 5481 5598 5480
f 997 1063 1062
f 5121 5176 4989
f 4090 3998 3999
f 8605 8371 8668
f 5597 5596 5543
f 1571 1707 1706
f 5735 5521 5573
f 9762 9824 9962
f 2703 2586 2587
f 1118 1227 1342
f 3931 3874 3976
f 257 258 281
f 31 24 41
f 9894 10027 9890
f 8668 8894 8667
f 865 985 1041
f 8140 8093 8059
f 513 485 416
f 1476 1477 1591
f 8357 8467 8404
f 315 408 369
f 5616 5615 5493
f 556 667 593
f 9944 9742 9799
f 8412 8594 8314
f 5085 5151 5150
f 1714 1775 1923
f 6732 6637 6602
f 167 237 213
f 7027 7196 7161
f 2687 2740 2564
f 5197 5324 5260
f 3329 3195 3288
f 8220 8273 8318
f 9030 8872 9202
f 4422 4381 4297
f 7911 7843 7885
f 234 210 260
f 8712 8578 8778
f 829 694 879
f 143 207 208
f 4279 4464 4278
f 5125 4875 4820
f 683 726 609
f 2060 1765 1914
f 64 110 94
f 8609 8550 8424
f 9498 9815 9669
f 5106 5281 5223
f 6523 6524 6583
f 9653 9795 9652
f 1772 1844 1771
f 5415 5589 5412
f 538 407 367
f 1765 1700 1839
f 7963 8031 7997
f 8014 7902 7942
f 6305 6379 6356
f 5528 5395 5529
f 6201 6252 6144
f 6271 6320 6369
f 7188 6887 7212
f 9915 9288 9851
f 6254 6252 6145
f 1770 1843 1709
f 6468 6505 6388
f 4796 4915 4964
f 6120 6228 6011
f 4641 4642 4765
f 7850 7811 7789
f 1743 1882 1801
f 7718 7839 7838
f 7917 8069 7999
f 8256 8350 8458
f 2749 2692 2804
f 7927 7966 7925
f 298 265 242
f 4126 4057 4127
f 1616 1431 1432
f 10148 9805 9876
f 5392 5212 5522
f 2698 2814 2812
f 5630 5733 5518
f 9000 8842 8925
f 2392 2265 2051
f 97 120 162
f 7103 7144 7190
f 4058 4091 4129
f 1907 1559 1908
f 594 747 633
f 7281 7227 7386
f 2079 2535 2472
f 3776 3829 3733
f 5871 5769 5720
f 9198 9297 9389
f 2664 2546 2547
f 10703 10699 10700
f 5781 5834 5989
f 2566 2632 2743
f 22 17 13
f 8399 8517 8516
f 9118 8956 9028
f 9045 9226 8892
f 1138 1300 1301
f 8641 8781 8944
f 7471 7433 7405
f 5148 5259 5198
f 4098 4069 4136
f 6149 6306 6304
f 1892 1751 1815
f 9598 9405 9671
f 5128 5181 5306
f 5929 5966 5709
f 8680 8328 8681
f 1283 1414 1471
f 406 343 437
f 7487 7692 7624
f 5064 5067 4891
f 993 992 934
f 2613 2551 2672
f 91 102 90
f 6136 6087 6289
f 6579 6552 6611
f 9840 9706 9946
f 796 710 750
f 1037 911 1094
f 1283 1471 1282
f 408 316 292
f 6016 6125 6126
f 5902 5950 6004
f 324 265 298
f 3257 3353 3352
f 264 296 218
f 4052 4086 4087
f 375 411 319
f 8838 8833 8991
f 1709 1644 1770
f 6085 6190 6063
f 602 758 809
f 10296 10297 10183
f 1211 1397 1450
f 7198 7286 7323
f 1948 1868 1794
f 8513 8777 8719
f 1190 1068 1134
f 6105 6157 6215
f 3760 3786 3687
f 3980 3896 3924
f 10654 10689 10663
f 990 928 768
f 7658 7525 7659
f 6018 6182 6236
f 7777 7803 7753
f 8785 8647 8648
f 1633 1548 1493
f 7401 7261 7432
f 5476 5397 5339
f 7592 7534 7634
f 2397 2339 2398
f 7856 7855 7814
f 2649 2585 2702
f 971 907 908
f 8508 8625 8448
f 212 145 179
f 6977 6719 6932
f 2876 3025 3026
f 4885 4764 4886
f 9434 9249 9435
f 2112 2179 2111
f 9665 9397 9399
f 8592 8533 8534
f 2570 2640 2385
f 9616 9685 9241
f 4734 4795 4844
f 5771 5872 5827
f 5201 5262 5200
f 3886 3941 3940
f 9585 9740 9741
f 123 205 142
f 1467 1523 1411
f 821 932 771
f 9637 9570 9636
f 1237 1288 1063
f 6610 6650 6482
f 5113 4972 5164
f 9346 9345 9154
f 770 729 650
f 2735 2946 2840
f 4983 5237 5041
f 4793 4667 4767
f 5288 5289 5472
f 10196 9886 9887
f 3181 2987 3184
f 9035 8798 8883
f 3820 3894 3904
f 10307 10095 10197
f 3564 3508 3563
f 4992 5053 4993
f 8358 8359 8261
f 9827 9900 9688
f 7844 7843 7911
f 7955 7879 7838
f 10687 10684 10688
f 2891 2709 2818
f 6192 6029 6028
f 2202 2203 2272
f 10393 10512 10459
f 7451 7420 7450
f 3380 3423 3293
f 3588 3589 3614
f 1152 964 965
f 9871 10004 9795
f 9565 9641 9721
f 7120 7230 7327
f 5744 5579 5699
f 9563 9847 9562
f 4902 5077 5024
f 5980 6091 6036
f 1785 1939 1784
f 46 70 69
f 9561 9560 9379
f 9658 9941 9798
f 7555 7655 7697
f 8656 8657 8884
f 2191 2453 2263
f 8620 8765 8764
f 8927 8827 8766
f 1561 1562 1830
f 4142 4143 4141
f 6112 6220 6060
f 6184 6239 6294
f 4867 4814 4690
f 987 867 1049
f 7763 7734 7664
f 9425 9536 9615
f 7318 7251 7225
f 6404 6444 6403
f 7984 8007 8004
f 9692 9438 9623
f 8653 8584 8466
f 2542 2413 2543
f 3429 3387 3300
f 623 662 664
f 4793 4767 4913
f 6555 6516 6556
f 8543 8665 8390
f 6415 6524 6523
f 3028 2917 3014
f 5543 5479 5597
f 4109 4079 4012
f 3643 3698 3642
f 6072 5914 6075
f 1895 1755 1819
f 7875 7905 8024
f 6025 5970 6082
f 5661 5718 5870
f 2325 2115 2182
f 1390 1443 1257
f 5165 5112 5228
f 6140 6032 6033
f 5156 5273 5272
f 8929 8704 8930
f 7280 7384 7383
f 9405 9660 9657
f 1458 1570 1842
f 3291 3160 3335
f 2350 2535 2079
f 2543 2771 2716
f 8296 8507 8506
f 3187 3188 3314
f 6950 6993 6872
f 9504 9503 9319
f 2938 3032 3036
f 2143 2208 2275
f 5859 5860 5960
f 7793 7766 7813
f 6572 6472 6473
f 1690 1559 1907
f 2988 3131 3045
f 7479 7269 7480
f 3646 3700 3699
f 2402 2465 2347
f 6020 6021 6185
f 3176 3163 3106
f 9667 9593 9594
f 2094 2235 2234
f 3785 3788 3839
f 8778 8939 9189
f 8859 9288 9097
f 7716 7835 7751
f 1109 1328 1108
f 6449 6489 6488
f 4995 5249 5059
f 6498 6589 6587
f 10630 10673 10694
f 1721 1655 1586
f 5671 5614 5558
f 9341 9149 9342
f 6338 6136 6416
f 6490 6519 6410
f 9482 9295 9197
f 1484 1543 1369
f 626 551 623
f 5613 5669 5774
f 9265 9162 9163
f 7054 6801 7052
f 10203 10014 10148
f 3968 3969 4068
f 10248 10186 9998
f 7477 7269 7478
f 4666 4733 4665
f 9017 8860 9018
f 7154 7064 7022
f 743 665 744
f 455 355 356
f 5629 5733 5799
f 9902 10102 9827
f 667 557 711
f 4981 5171 5116
f 3028 3010 2917
f 10603 10570 10563
f 407 538 608
f 9952 10085 9951
f 722 720 982
f 3311 3185 3262
f 7224 7227 7281
f 10149 10016 10017
f 9359 9457 9607
f 4425 4424 4340
f 8111 8076 8112
f 6117 6224 6319
f 4018 4048 4085
f 1296 1138 1485
f 4727 4807 4863
f 9605 9760 9415
f 130 109 190
f 1574 1772 1572
f 7955 8007 7984
f 7330 7257 7331
f 611 475 610
f 5345 5287 5164
f 2928 2890 2929
f 5170 5414 5291
f 572 472 474
f 4421 4420 4295
f 7391 7459 7389
f 10275 10274 10224
f 10035 9827 10102
f 1587 1586 1527
f 6636 6615 6684
f 6054 6108 6000
f 6842 6711 6797
f 5368 5613 5435
f 134 80 118
f 1339 1340 1519
f 8955 9117 9116
f 4171 4172 4219
f 5688 5569 5570
f 6105 6308 6156
f 2831 2725 2832
f 3569 3514 3543
f 2266 2577 2514
f 3339 3433 3359
f 9639 9564 9382
f 3957 4121 4054
f 9657 9660 9490
f 8276 8184 8224
f 3127 3088 3038
f 9279 9373 9459
f 9114 9205 9024
f 5576 5575 5460
f 7784 7764 7758
f 10348 10459 10511
f 2372 2246 2309
f 4685 4684 4571
f 1304 1377 1376
f 8999 9357 9176
f 5095 5274 5212
f 8423 8285 8150
f 6294 6192 6138
f 142 205 206
f 8415 8597 8539
f 10431 10494 10378
f 4561 4562 4674
f 6415 6494 6524
f 8712 8856 8855
f 5160 5215 5397
f 9642 9470 9782
f 5669 5670 5775
f 5221 5218 5104
f 3692 3636 3637
f 7362 7427 7361
f 1508 1564 1639
f 9693 9530 9439
f 5103 4916 5104
f 1637 1693 1832
f 8888 9041 9137
f 9813 10090 9882
f 7752 7678 7753
f 5714 5763 5655
f 6068 6121 6120
f 1933 1856 2012
f 5877 5830 5981
f 277 304 225
f 10606 10532 10607
f 10420 10550 10464
f 812 918 912
f 861 910 809
f 835 836 942
f 4058 3962 4091
f 4801 4972 4857
f 10595 10666 10640
f 8205 8124 8088
f 5505 5413 5590
f 8481 8422 8669
f 538 438 507
f 9022 9095 9299
f 2707 2535 2761
f 4597 4436 4599
f 6057 6000 5898
f 3341 3203 3020
f 8832 8756 8616
f 3643 3584 3557
f 3024 2874 2934
f 6306 6042 6357
f 8682 8560 8612
f 8836 8696 8761
f 562 599 464
f 1607 1606 1429
f 2661 2594 2715
f 8962 9316 9317
f 102 141 139
f 6538 6386 6504
f 3064 3160 3148
f 6836 6837 6922
f 714 801 675
f 9749 9464 9465
f 5493 5371 5316
f 10213 10326 10291
f 3739 3634 3719
f 8034 8076 8111
f 3658 3606 3714
f 2936 2952 2998
f 4593 4719 4650
f 6123 6279 6376
f 1894 1816 1752
f 4377 4417 4290
f 6907 6906 6817
f 7229 7198 7253
f 8941 8780 9016
f 8370 8419 8369
f 9735 10064 9998
f 8934 9088 9087
f 572 609 472
f 476 374 411
f 7586 7664 7663
f 3809 3767 3891
f 10667 10680 10642
f 8354 8353 8127
f 2295 2552 2480
f 1254 1081 1394
f 4725 4657 4494
f 2291 2418 2021
f 8592 8534 8658
f 5706 5815 5813
f 3233 3256 3351
f 3817 3902 3793
f 6345 6251 6143
f 3546 3627 3621
f 2278 2087 2285
f 85 79 86
f 10447 10537 10536
f 134 118 196
f 9112 9492 9491
f 9932 10128 9995
f 10310 10311 10376
f 4489 4488 4387
f 5953 5952 5849
f 6966 6842 7008
f 9562 9379 9380
f 1067 881 1068
f 8934 9087 8709
f 3679 3751 3678
f 5179 5178 5050
f 9488 9110 9111
f 9887 9215 9499
f 982 1043 1159
f 2039 1984 1904
f 8876 9210 9115
f 2536 2471 2709
f 636 599 672
f 6031 5827 5872
f 760 680 761
f 1351 1466 1345
f 8274 8287 8273
f 4244 4331 4208
f 5657 5600 5484
f 5018 5019 5070
f 5732 5731 5896
f 2452 2440 2644
f 5278 5277 5460
f 7620 7575 7484
f 1291 1600 1730
f 7166 7295 7260
f 122 232 207
f 7382 7436 7381
f 1777 1581 1582
f 2981 3181 3258
f 5772 5667 5828
f 764 726 867
f 8143 8060 8096
f 2693 2448 2513
f 3200 3336 3241
f 3575 3482 3549
f 6929 6930 6972
f 9629 9536 9354
f 6871 6994 7036
f 1359 1288 1237
f 811 759 914
f 6696 6613 6747
f 4626 4625 4467
f 6870 6744 6871
f 1493 1248 1433
f 10701 10696 10702
f 10395 10498 10438
f 1994 1992 2061
f 9600 9766 9899
f 7946 7831 7980
f 1137 1136 1299
f 4475 4531 4416
f 10653 10654 10655
f 1821 1682 1822
f 10032 9962 9824
f 7179 7208 7178
f 530 630 429
f 2446 2321 2255
f 1894 1555 1818
f 3661 3660 3549
f 6574 6548 6512
f 10337 10336 10369
f 10570 10529 10397
f 5088 4908 5154
f 9844 9911 10115
f 8208 8305 8356
f 4579 4702 4701
f 277 335 304
f 269 327 300
f 5213 5100 5097
f 6296 6344 6423
f 4329 4368 4277
f 9750 9810 9881
f 9558 9379 9559
f 3273 3144 3274
f 8290 8385 8241
f 8050 8121 8010
f 7546 7435 7618
f 3231 3326 3192
f 5810 5811 5910
f 4309 4080 4229
f 1379 1623 1437
f 9081 9082 9174
f 8802 8887 8658
f 7882 7884 8067
f 8143 8218 8215
f 10499 10399 10441
f 8037 8000 7892
f 10005 10252 10136
f 4969 5226 5225
f 10256 10430 10383
f 490 588 448
f 7858 7817 7894
f 9790 9788 9576
f 1174 1050 1112
f 7206 7166 7076
f 1291 1667 1423
f 10305 10426 10519
f 3559 3490 3558
f 4008 3977 3973
f 4405 4364 4324
f 8487 8675 8608
f 3585 3669 3610
f 7844 7911 7887
f 7436 7417 7381
f 5491 5663 5612
f 10650 10665 10518
f 9414 9229 9042
f 5295 5355 5416
f 2877 2971 2875
f 8107 8106 8031
f 1006 1066 1005
f 8315 8217 8178
f 1288 1359 1479
f 9973 9975 10165
f 8319 8222 8223
f 5835 5650 5755
f 764 867 923
f 1447 1206 1502
f 802 972 908
f 172 188 129
f 7669 7636 7495
f 9495 9115 9210
f 10167 10044 10166
f 10432 10525 10474
f 1743 1298 1610
f 4271 4320 4319
f 4072 4032 3922
f 3004 3003 2910
f 6426 6298 6345
f 1085 1390 1257
f 3561 3645 3613
f 6913 6822 6875
f 3769 3770 3823
f 697 836 835
f 10444 10403 10333
f 455 356 495
f 5787 5680 5938
f 10071 10070 9942
f 7368 7297 7395
f 2685 2684 2496
f 8675 8609 8694
f 536 506 569
f 6693 6817 6743
f 1843 1996 1708
f 8832 8616 8757
f 9472 9644 9471
f 6203 6368 6390
f 2783 2836 2835
f 4206 4207 4093
f 8894 9329 9138
f 9326 9229 9511
f 6905 6989 7071
f 3211 3085 3177
f 2935 2822 2825
f 8578 8514 8515
f 8774 8634 8711
f 2122 2120 1981
f 5642 5578 5547
f 10601 10568 10497
f 8491 8498 8548
f 8889 9133 9323
f 8879 9122 9029
f 1866 1865 1535
f 8568 8762 8502
f 1522 1521 1276
f 4009 3894 3953
f 5216 4966 5219
f 5151 5326 5266
f 370 409 292
f 10496 10392 10327
f 2629 2625 2499
f 7316 7155 7249
f 2595 2875 2823
f 8999 9176 8996
f 2471 2410 2537
f 8677 8747 8676
f 4216 4290 4289
f 7607 7539 7608
f 1278 1279 1410
f 3011 3067 2918
f 8204 8121 8165
f 9343 9527 9150
f 959 1145 1195
f 8344 8392 8299
f 6929 6801 6930
f 4174 4225 4341
f 2907 3058 3002
f 6345 6298 6251
f 20 3 10
f 10419 10514 10463
f 6891 6719 6892
f 2924 2707 2761
f 1044 1167 1106
f 6330 6449 6329
f 6387 6428 6347
f 4116 4233 4152
f 5526 5529 5634
f 5816 6075 5914
f 5202 5384 5261
f 10694 10698 10697
f 7834 7752 7876
f 5070 5008 5009
f 23 62 61
f 9537 9684 9825
f 9542 9534 9257
f 4530 4706 4705
f 8928 9366 9451
f 6369 6320 6399
f 8592 8658 8732
f 4880 5057 5184
f 10630 10702 10660
f 8899 8673 8811
f 1045 1106 1168
f 5218 5161 5103
f 6699 6617 6655
f 5538 5649 5592
f 4633 4758 4711
f 5865 5864 5758
f 1921 1845 2067
f 3198 3161 3158
f 973 972 802
f 9956 9752 9957
f 675 673 599
f 3081 3174 3173
f 5807 5636 5637
f 6894 6854 6895
f 8473 8654 8312
f 5722 5618 5778
f 6516 6408 6486
f 5358 5242 5359
f 6700 6703 6822
f 5782 5574 5676
f 9254 9528 9437
f 5577 5463 5548
f 6258 6352 6358
f 5352 5353 5538
f 4749 4812 4866
f 3586 3494 3612
f 1052 1115 870
f 8040 8001 7926
f 2696 2807 2643
f 4228 4147 4227
f 8273 8287 8432
f 8937 9282 9281
f 7909 8063 8025
f 8186 8099 8100
f 8313 8314 8411
f 2777 2828 2776
f 8983 8823 8824
f 2103 1887 2034
f 9517 9352 9262
f 199 253 176
f 5153 5086 5204
f 10353 10460 10581
f 8201 8080 8081
f 1912 1990 1911
f 2144 1857 1936
f 10362 10136 10252
f 60 61 82
f 7258 7233 7234
f 10524 10598 10483
f 7765 7702 7790
f 4137 4028 4138
f 8316 8366 8413
f 10011 9958 10023
f 6361 6434 6262
f 2245 2031 2305
f 6503 6345 6465
f 2964 3107 2860
f 4218 4027 4136
f 2983 2982 2781
f 6642 6606 6735
f 9682 9613 9424
f 7824 7825 7899
f 6030 5977 6125
f 2445 2254 2383
f 9079 9168 9358
f 9374 9376 9556
f 6986 7030 7119
f 10279 10412 10287
f 7730 7612 7686
f 9728 9864 9786
f 2020 2088 2228
f 251 228 197
f 4827 4647 4772
f 35 36 67
f 3132 3264 3263
f 848 838 892
f 2808 2922 2754
f 8815 8916 8744
f 10257 10384 10487
f 3639 3695 3694
f 7791 7852 7767
f 2199 2270 2064
f 3860 3946 3971
f 929 822 933
f 8890 8664 8891
f 5220 5102 5161
f 8985 8911 8927
f 9541 9700 9540
f 980 759 864
f 6288 6245 6191
f 1756 1910 1988
f 5336 5337 5394
f 3609 3697 3666
f 6941 6939 6856
f 5914 5962 5861
f 4691 4357 4614
f 6092 6200 6091
f 2779 2722 2605
f 10575 10453 10452
f 7497 7562 7598
f 3285 3287 3445
f 3756 3860 3808
f 4059 3941 4023
f 9573 9930 9862
f 8877 9120 9119
f 9505 9223 9411
f 8470 8525 8405
f 5016 5068 4833
f 9470 9383 9723
f 3168 3167 3074
f 6545 6573 6547
f 305 255 254
f 3384 3492 3342
f 10024 10197 10095
f 2125 2251 2262
f 8501 8694 8500
f 10212 10327 10325
f 1062 1184 1183
f 7403 7472 7543
f 7025 6938 6939
f 8565 8341 8448
f 10345 10168 10343
f 8614 8439 8383
f 1684 1631 1632
f 10310 10376 10480
f 4073 4044 4043
f 984 921 866
f 1096 1210 1160
f 7572 7573 7646
f 184 217 128
f 5894 5997 5892
f 3191 3053 3228
f 3903 3818 3904
f 4594 4771 4647
f 7265 7126 7177
f 9014 8940 8941
f 7598 7535 7744
f 7356 7324 7426
f 8127 8259 8354
f 10278 10405 10277
f 3979 3978 4033
f 6228 6270 6067
f 8363 8269 8312
f 2191 2053 2127
f 1678 1891 1813
f 10071 9942 10010
f 5930 5875 6034
f 10613 10461 10637
f 5422 5519 5545
f 2626 2378 2494
f 9004 9362 9003
f 5464 5399 5578
f 409 472 540
f 256 284 202
f 5585 5646 5406
f 5844 5998 5894
f 3624 3653 3543
f 9297 9484 9389
f 2598 2219 2354
f 7866 7898 7797
f 10009 10196 10369
f 293 345 371
f 7305 7304 7103
f 4157 4154 4122
f 7573 7514 7612
f 10504 10540 10572
f 7854 7816 7924
f 6882 6919 6920
f 6343 6282 6422
f 6491 6378 6411
f 8083 7929 7931
f 2821 2874 3118
f 922 765 923
f 7263 7239 7369
f 4809 4864 4808
f 2203 2337 2272
f 8329 8188 8330
f 2193 2130 2266
f 6651 6550 6554
f 1921 1772 1773
f 1774 1848 1648
f 423 493 388
f 9833 9695 9679
f 10586 10301 10588
f 8281 8323 8425
f 803 804 974
f 4796 4963 4739
f 671 752 1085
f 4470 4628 4372
f 5388 5450 5568
f 5178 5179 5363
f 6528 6459 6456
f 72 73 125
f 4139 4176 4252
f 1847 1848 2003
f 5025 5078 4902
f 6144 6387 6253
f 9173 9364 9082
f 9096 9284 9188
f 6576 6609 6483
f 2074 2209 2208
f 9914 9780 9638
f 2284 2222 2150
f 6857 6982 6898
f 8169 8252 8251
f 6465 6427 6466
f 570 437 470
f 696 731 687
f 3109 3292 3108
f 10049 9913 10048
f 8101 8100 7990
f 1728 1946 1864
f 2024 2091 2023
f 8978 8818 9062
f 7024 7249 7154
f 7018 7194 7180
f 8229 8230 8327
f 1455 1326 1265
f 6873 6784 6821
f 9170 9001 8928
f 3711 3621 3627
f 3474 3544 3515
f 8288 8331 8190
f 3954 3847 3848
f 8578 8515 8776
f 2068 2137 2002
f 4040 3900 3927
f 8390 8665 8621
f 6926 6889 6927
f 6325 6232 6402
f 6209 6102 6153
f 9672 9216 9215
f 1147 1148 1305
f 8052 7904 7945
f 5773 5980 5979
f 8792 8588 8875
f 2503 2566 2631
f 2762 2985 2927
f 851 706 791
f 4108 4257 4178
f 7085 6837 7087
f 3474 3441 3544
f 5691 5734 5762
f 2522 2334 2270
f 3713 3603 3644
f 8536 8478 8600
f 828 1003 878
f 9617 9243 9431
f 8450 8626 8705
f 10142 9941 10070
f 2092 2422 2363
f 2692 2639 2750
f 186 239 294
f 8409 8591 8410
f 5159 5135 5275
f 2040 2109 2108
f 10454 10409 10286
f 4171 4297 4218
f 904 850 745
f 38 59 88
f 6949 7033 7074
f 4850 4798 4671
f 2155 2292 2361
f 5136 5159 5098
f 6887 7211 7210
f 2411 2539 2660
f 5232 5348 5473
f 415 442 482
f 2684 2563 2496
f 9657 9490 9658
f 4052 3995 3994
f 452 493 423
f 1565 1566 1638
f 6134 6243 6084
f 3972 3946 3890
f 5996 5790 5791
f 1681 1821 1897
f 8245 8199 8116
f 120 98 88
f 2501 2307 2168
f 6074 6236 6235
f 1702 2057 1993
f 5975 5661 5870
f 9707 9709 9090
f 8772 8848 9007
f 9875 10076 9874
f 5843 5892 5946
f 2836 2941 2986
f 1027 1148 1082
f 10295 10182 10060
f 10378 10147 10202
f 1909 1692 1987
f 3903 3928 3902
f 10052 10175 10051
f 447 489 518
f 4085 4117 4018
f 4263 4314 4151
f 7889 7809 7811
f 7492 7557 7528
f 4895 5013 4779
f 1129 940 1186
f 811 914 716
f 6027 6340 6341
f 2492 2298 2493
f 2039 2125 1984
f 9278 9178 9179
f 831 735 652
f 4831 4721 4598
f 5531 5581 5644
f 10066 10067 9936
f 6415 6523 6473
f 3180 3280 3179
f 5499 5373 5378
f 5911 5959 6069
f 8388 8444 8247
f 7831 7747 7749
f 1675 1750 1976
f 8603 8539 8597
f 7688 7731 7761
f 2120 2122 2192
f 4567 4568 4326
f 10428 10314 10374
f 863 977 862
f 7038 7178 6953
f 2397 2528 2580
f 1922 2068 2002
f 1290 1127 1297
f 3046 2837 2893
f 10578 10576 10509
f 4649 4595 4542
f 1726 1792 1728
f 5945 5890 6052
f 8042 8041 8003
f 4644 4643 4483
f 10245 10243 10296
f 6600 6569 6684
f 10019 9880 10020
f 9464 9285 9190
f 2808 2854 2959
f 3051 3140 2954
f 4790 4841 4908
f 3050 2897 3093
f 2184 2186 2116
f 5564 5565 5793
f 4748 4811 4860
f 312 261 235
f 3355 3394 3393
f 5009 5007 5018
f 1752 1816 1554
f 8364 8215 8218
f 2426 2368 2235
f 6413 6355 6391
f 8736 8966 8806
f 6255 6351 6154
f 10328 10215 10394
f 10560 10477 10531
f 2096 1800 2162
f 3825 3845 3844
f 4468 4467 4330
f 10078 9805 10014
f 6327 6276 6375
f 2175 2312 2174
f 6042 5837 5677
f 10207 10364 10486
f 8229 8150 8102
f 4696 4870 4754
f 2912 2919 2859
f 6228 6320 6271
f 2672 2729 2784
f 2084 2083 1865
f 8367 8370 8219
f 5347 5248 5309
f 5335 5274 5158
f 122 168 232
f 3162 2961 3012
f 3538 3597 3600
f 10096 9960 10026
f 6274 6178 6374
f 2037 1890 1970
f 3038 2884 3089
f 3195 3240 3004
f 10301 10003 10360
f 10372 10312 10477
f 734 617 511
f 991 932 1176
f 3129 3257 3212
f 1599 1475 1362
f 6213 6106 6107
f 1014 942 1015
f 3964 4064 4095
f 4263 4264 4353
f 3170 3113 3114
f 1899 1898 1824
f 4120 3934 4050
f 2043 2045 2118
f 5367 5432 5349
f 1775 1847 1924
f 379 295 415
f 8109 8033 8110
f 650 508 476
f 8728 8531 8590
f 10430 10457 10577
f 7676 7748 7675
f 728 927 768
f 5752 5815 5706
f 7283 7321 7320
f 3909 3850 3934
f 51 42 25
f 8739 8480 8544
f 10043 9838 9974
f 4350 4309 4229
f 230 258 204
f 9552 9553 9708
f 7176 7175 7081
f 7196 7027 7026
f 1493 1384 1385
f 4170 4027 4218
f 10150 9948 10207
f 2466 2405 2651
f 1748 1617 1618
f 5991 5783 5784
f 3872 3842 3822
f 4709 4531 4700
f 7822 7823 7897
f 6429 6505 6539
f 10442 10501 10500
f 10326 10213 10325
f 4486 4487 4714
f 7575 7549 7484
f 10464 10550 10548
f 5106 5223 5032
f 2603 2719 2602
f 2415 2151 2355
f 9098 8859 9013
f 8496 8692 8834
f 6953 7082 6951
f 4306 4226 4307
f 583 550 659
f 6829 6880 6660
f 476 509 612
f 4505 4557 4355
f 1585 1349 1473
f 8860 8946 9018
f 2785 2898 2786
f 2832 2610 2674
f 5427 5363 5127
f 4179 4145 4180
f 1281 1227 1122
f 2402 2529 2465
f 8125 8016 8089
f 7419 7348 7349
f 3392 3355 3393
f 9227 9417 9510
f 10698 10694 10695
f 3044 3184 2987
f 6201 6145 6252
f 7459 7391 7390
f 8382 8341 8564
f 7166 7075 7076
f 10436 10211 10490
f 7 6 1
f 872 992 933
f 7855 8002 7965
f 3824 3770 3746
f 4364 4363 4322
f 8057 8058 8093
f 5637 5636 5476
f 946 947 889
f 8183 8184 8275
f 9996 10182 10294
f 5975 5927 6136
f 1700 1840 1993
f 9604 9605 9323
f 9844 9980 9708
f 8522 8646 8521
f 10541 10453 10575
f 2839 3134 3139
f 8996 8922 8622
f 5602 5659 5601
f 5285 5343 5403
f 5879 5778 5881
f 6416 6495 6494
f 2857 2958 2856
f 5900 6002 6001
f 4383 4529 4484
f 1961 2099 1883
f 2888 2982 3041
f 8431 8378 8558
f 562 674 637
f 8457 8303 8471
f 700 743 843
f 9056 8899 8811
f 918 1042 981
f 1935 1936 1858
f 7541 7542 7640
f 6910 6820 6952
f 5658 5657 5461
f 4399 4400 4508
f 8848 8630 8631
f 3309 3392 3430
f 1229 1123 1178
f 2123 2248 2035
f 85 115 114
f 7323 7356 7354
f 5726 5590 5650
f 1937 1783 1859
f 8854 8777 8636
f 7640 7567 7679
f 3707 3682 3735
f 9863 9786 9991
f 3545 3475 3516
f 1555 1556 1379
f 5618 5723 5778
f 7689 7698 7663
f 3344 3206 3498
f 7996 7962 7997
f 7723 7608 7642
f 54 77 84
f 1631 1383 1558
f 3076 3205 3114
f 5185 5312 5311
f 7847 7787 7848
f 9519 9332 9520
f 1083 1144 896
f 1602 1732 1601
f 6220 6365 6285
f 7363 7290 7291
f 6517 6615 6521
f 2828 2939 3034
f 33 65 44
f 7711 7744 7535
f 5186 5313 5250
f 7863 7969 7896
f 4464 4523 4408
f 2531 2211 2588
f 7702 7666 7768
f 10220 9887 9966
f 4835 4786 4601
f 2225 1948 2358
f 5070 5145 5008
f 3581 3663 3580
f 3330 3288 3196
f 4742 4615 4852
f 5199 5507 5442
f 6413 6391 6507
f 6400 6401 6480
f 8213 8140 8141
f 3805 3809 3920
f 3905 4045 4082
f 2108 2176 1974
f 2862 2697 2754
f 3559 3640 3644
f 5702 5747 5855
f 6532 6531 6500
f 3473 3323 3402
f 5445 5384 5327
f 5755 5650 5817
f 5703 5858 5749
f 2159 2091 2024
f 5208 5155 5271
f 1743 1883 1882
f 3819 3820 3840
f 2944 2896 2991
f 1144 1147 1303
f 1103 1169 1102
f 168 122 106
f 1715 1776 1716
f 4040 4078 4077
f 10187 10467 10468
f 822 612 772
f 10292 10418 10297
f 4759 4712 4635
f 2757 2579 2699
f 8560 8432 8433
f 8195 8154 8119
f 5508 5262 5509
f 7765 7738 7665
f 7332 7333 7397
f 6117 6319 6119
f 3126 3035 3087
f 8175 8129 8052
f 8644 8643 8518
f 2276 2210 2211
f 4445 4588 4444
f 5327 5080 5149
f 1524 1653 1578
f 3573 3548 3606
f 4342 4341 4177
f 1757 1983 1901
f 250 251 338
f 3860 3945 3834
f 9520 9628 9519
f 4997 5251 5186
f 8118 8082 8161
f 9335 9336 8988
f 5499 5505 5726
f 2881 2880 2773
f 9034 9220 9316
f 3079 2972 2973
f 10045 10108 9908
f 1802 1964 1962
f 2755 2645 2809
f 6975 6965 6719
f 7308 7274 7272
f 10215 10020 10087
f 4710 4417 4711
f 7975 7900 8011
f 10273 10099 10162
f 3290 3063 3242
f 5855 5747 5911
f 6535 6463 6462
f 5071 4834 5022
f 1205 1158 1316
f 2642 2643 2860
f 2789 2622 2490
f 8753 8561 8493
f 8850 8851 9008
f 1725 1663 1727
f 9154 8910 8985
f 1166 1088 1155
f 7158 7111 7025
f 5233 5347 4975
f 2230 2289 2022
f 455 495 450
f 4410 4209 4411
f 1855 1655 1721
f 7184 7132 7183
f 7977 8056 8014
f 970 799 971
f 9319 9223 9504
f 9055 9242 9056
f 8886 8965 9039
f 1701 1568 1765
f 203 230 165
f 643 565 644
f 9499 9899 9887
f 3888 3968 3933
f 5144 5068 5016
f 737 835 834
f 9028 9311 9211
f 1958 1876 1740
f 1377 1549 1376
f 3478 3603 3517
f 2083 1949 1865
f 10165 9589 10015
f 717 758 641
f 10203 10380 10014
f 5858 5857 5749
f 9444 9443 9153
f 3560 3526 3457
f 77 94 109
f 3642 3722 3641
f 10088 10157 10270
f 8232 8179 8152
f 5091 5155 4957
f 7786 7847 7759
f 10260 10208 9949
f 3066 2857 3067
f 865 921 985
f 5360 5424 5546
f 1457 1330 1459
f 3986 3905 4082
f 6327 6406 6275
f 9609 9679 9328
f 1799 1608 1957
f 3317 3222 3265
f 4469 4574 4526
f 2386 2323 2324
f 934 872 772
f 1819 2118 2045
f 6419 6420 6499
f 3790 3764 3791
f 997 1062 1061
f 7935 7864 7937
f 786 892 847
f 7178 7177 7083
f 1200 1199 1027
f 3640 3559 3558
f 10498 10437 10527
f 7682 7780 7680
f 5016 5069 5144
f 398 337 399
f 909 808 809
f 147 74 127
f 6066 6067 6096
f 9394 9741 9659
f 7258 7332 7293
f 1500 1387 1313
f 4292 4517 4325
f 8401 8352 8353
f 9618 9766 9600
f 1103 1047 1169
f 8242 8197 8198
f 5968 5918 5865
f 8434 8493 8288
f 8949 9199 9108
f 10252 10471 10362
f 794 670 901
f 4992 4821 4876
f 5779 5766 5882
f 963 962 853
f 5517 5455 5518
f 2041 2115 2181
f 108 184 128
f 9228 9226 9045
f 5632 5692 5523
f 3575 3574 3482
f 770 727 729
f 9005 8768 8998
f 8969 9047 8666
f 6327 6408 6406
f 9667 9464 9749
f 9159 9335 8988
f 4323 4402 4511
f 9104 8863 9105
f 8865 9107 8864
f 7455 7423 7318
f 5701 5812 5855
f 1068 1010 1134
f 9545 9704 9776
f 1384 1256 1199
f 8303 8310 8471
f 6348 6252 6254
f 3062 2957 2853
f 10592 10500 10501
f 3006 2913 3008
f 5577 5548 5549
f 4822 4762 4882
f 3554 3641 3609
f 10171 10170 10114
f 5058 4881 5059
f 8515 8530 8652
f 9670 9498 9403
f 1706 1459 1571
f 5088 5087 4907
f 50 31 74
f 6761 6760 6712
f 7459 7535 7562
f 5358 5481 5480
f 4646 4768 4714
f 6344 6297 6424
f 1271 1336 1462
f 2001 1922 2002
f 3087 3036 3032
f 1513 1512 1327
f 10491 10617 10551
f 3180 3124 3125
f 10278 10107 10108
f 5402 5403 5535
f 9584 9300 9487
f 105 147 126
f 4323 4197 4237
f 4644 4823 4766
f 902 851 968
f 9279 9459 9372
f 8357 8130 8261
f 8445 8389 8247
f 10687 10682 10662
f 7943 8134 8055
f 6608 6512 6480
f 8945 9100 8781
f 3594 3567 3560
f 9226 9417 9227
f 10091 10271 10157
f 3013 3031 3030
f 3474 3473 3402
f 9506 9130 9320
f 3893 3786 3836
f 7955 7838 7839
f 4127 4124 4230
f 1886 1887 1804
f 1055 821 1057
f 3891 4026 3920
f 4492 4545 4434
f 7876 7877 7982
f 9742 9585 9586
f 3706 3780 3735
f 2920 2962 3012
f 7248 7315 7277
f 5756 5806 5916
f 9666 9975 9973
f 1000 1128 1239
f 8537 8734 8538
f 8153 8194 8248
f 4436 4346 4347
f 743 700 665
f 8676 8747 8816
f 1129 1291 1423
f 3903 3983 3982
f 4058 4090 3999
f 4967 4850 5032
f 3403 3324 3369
f 9223 9131 9411
f 2131 1991 2060
f 9113 9305 9304
f 7573 7647 7646
f 9242 9522 9430
f 9353 9074 9158
f 7881 7958 7986
f 8644 8519 8718
f 679 640 813
f 4848 4849 4966
f 10511 10416 10348
f 1495 1753 1818
f 4087 4051 4196
f 5580 5644 5745
f 954 955 1071
f 9129 9322 9321
f 7899 7939 7866
f 5413 5291 5474
f 1852 1650 1719
f 10133 10251 10189
f 5351 5350 5290
f 5558 5313 5370
f 235 124 212
f 8132 8267 8136
f 8894 9048 9233
f 4894 4833 5068
f 598 597 463
f 3729 3772 3719
f 1234 1181 1126
f 9203 9302 8788
f 405 404 505
f 1250 1303 1147
f 782 698 783
f 4203 4060 4204
f 1796 1953 1795
f 5062 4999 4938
f 6404 6407 6444
f 6126 5977 6246
f 7446 7484 7483
f 6481 6549 6372
f 63 53 54
f 9277 9549 9276
f 4451 4359 4515
f 5664 5663 5555
f 3136 3138 3094
f 7020 6772 6980
f 10694 10697 10630
f 5258 5382 5442
f 7595 7594 7498
f 2818 2709 2764
f 902 856 851
f 10050 10067 9984
f 8198 8160 8242
f 9847 9563 9849
f 7326 7120 7392
f 1851 1928 1717
f 9503 9511 9759
f 8704 8573 8571
f 4262 4183 4308
f 8581 8463 8513
f 441 544 547
f 6036 6090 5979
f 8759 8497 8693
f 9106 9391 9483
f 9867 9737 9999
f 1158 1033 1316
f 8086 8010 8121
f 4659 4497 4658
f 4756 4819 4699
f 5735 5573 5801
f 3232 3174 3175
f 7803 7953 7983
f 928 1114 926
f 10125 10185 10354
f 9619 9252 9620
f 4609 4608 4500
f 6388 6431 6468
f 10694 10673 10695
f 1092 1157 1393
f 3112 2930 3167
f 8228 8227 8324
f 2667 2773 2666
f 8595 8660 8734
f 1781 1930 1852
f 6829 6660 6830
f 2847 2999 2848
f 7860 7859 7796
f 748 709 853
f 7982 7905 7876
f 884 883 1070
f 7063 7108 7194
f 3181 3184 3218
f 7457 7561 7534
f 1692 1831 1562
f 4550 4656 4549
f 10481 10596 10480
f 10677 10682 10688
f 7847 7848 7961
f 6452 6490 6377
f 10291 10326 10393
f 111 112 153
f 5736 5899 5802
f 4132 4071 4211
f 7241 7108 7219
f 8808 8893 8663
f 10454 10456 10543
f 1509 1703 1764
f 9620 9436 9621
f 1903 1758 1984
f 981 1039 912
f 9538 9265 9539
f 2172 2173 2310
f 5457 5527 5526
f 783 740 838
f 1125 1059 1231
f 6096 6039 6066
f 2457 2579 2524
f 770 650 771
f 2414 2283 2353
f 6609 6576 6648
f 1505 1694 1834
f 9714 9850 9849
f 5334 5448 5520
f 3234 3151 3099
f 5522 5573 5521
f 9021 8866 9200
f 10099 10404 10334
f 10649 10549 10636
f 9140 9427 9426
f 8718 8716 8644
f 7199 7198 7030
f 3490 3480 3278
f 2777 2722 2828
f 7561 7634 7534
f 9072 9256 9071
f 6898 6736 6857
f 6189 6285 6286
f 8627 8768 8572
f 1063 1184 1062
f 8057 8023 8058
f 10302 10553 10589
f 7947 8020 8019
f 6347 6428 6346
f 10543 10367 10557
f 3966 4024 3965
f 2341 2398 2399
f 9644 9647 9471
f 2186 2046 2185
f 3576 3577 3631
f 900 808 855
f 3800 3799 3850
f 7400 7366 7431
f 9104 9105 9295
f 3925 3975 3892
f 7465 7466 7567
f 189 220 299
f 8610 8554 8427
f 2478 2416 2604
f 6139 6026 6019
f 3035 3034 2939
f 4220 4383 4382
f 1591 1528 1529
f 9528 9254 9529
f 1314 1087 1391
f 6719 6768 6804
f 8745 8553 8746
f 7234 7204 7259
f 1075 1093 976
f 2332 2267 2519
f 748 1027 967
f 10263 10262 9950
f 10404 10445 10502
f 2205 2399 2398
f 4581 4531 4708
f 4003 4066 4065
f 8357 8261 8359
f 7770 7636 7740
f 2684 2683 2563
f 829 879 1005
f 5937 6046 5936
f 10609 10541 10635
f 2393 2197 2334
f 9456 9173 9362
f 8355 8356 8522
f 2837 2988 2728
f 9788 9790 9932
f 9592 9593 9667
f 4530 4707 4528
f 7357 7389 7388
f 9065 9149 9341
f 4848 4796 4558
f 7068 6942 6944
f 9201 9739 8869
f 10428 10478 10562
f 6310 6261 6360
f 965 899 795
f 7174 7176 7264
f 2493 2298 2372
f 6064 5957 6065
f 10495 10482 10378
f 4760 4936 4935
f 10402 10521 10501
f 8222 8146 8062
f 3791 3764 3743
f 7355 7354 7456
f 7419 7451 7476
f 8075 8074 7993
f 8860 9017 8782
f 8238 8240 8337
f 8571 8344 8345
f 9939 9938 9796
f 2524 2579 2757
f 3433 3506 3359
f 6487 6448 6518
f 6731 6806 6877
f 9915 9986 9913
f 7946 8091 8053
f 5694 5804 5803
f 2781 2726 2889
f 4220 4297 4219
f 10661 10677 10684
f 10034 9963 9770
f 7437 7547 7435
f 8006 7936 7970
f 397 460 336
f 519 624 625
f 6748 6745 6785
f 8220 8272 8144
f 7334 7204 7205
f 4421 4585 4535
f 5830 5877 5774
f 5605 5365 5606
f 2933 2820 2770
f 8148 8227 8187
f 1008 1136 1012
f 10092 10158 9815
f 1249 1433 1248
f 3236 3237 3327
f 1707 1514 1769
f 5641 5548 5463
f 10608 10535 10573
f 8087 8014 8056
f 4653 4780 4833
f 2824 2972 2877
f 3256 3126 3211
f 3900 4039 4011
f 3468 3566 3467
f 9779 9556 9288
f 9732 9728 9483
f 6668 6766 6714
f 4894 5014 4778
f 2230 2022 2089
f 2346 2401 2275
f 8613 9071 8687
f 5356 5241 5418
f 5031 4849 4965
f 1994 1917 1914
f 1869 1667 1730
f 7504 7460 7564
f 1072 1011 1013
f 8853 8774 8711
f 10059 9786 9864
f 8047 8120 8013
f 5423 5359 5243
f 5947 5896 5798
f 3962 3939 3884
f 10411 10506 10544
f 9285 9464 9463
f 2936 2973 2824
f 7836 7983 8061
f 1020 1021 1141
f 3715 3714 3628
f 3946 3756 3890
f 7731 7788 7811
f 136 100 119
f 50 74 73
f 4159 4125 4129
f 8834 8835 8975
f 8682 8561 8822
f 7065 7111 7157
f 7149 7146 7060
f 4343 4434 4304
f 132 157 222
f 8593 8735 8659
f 4870 4815 4752
f 9069 8983 9254
f 8181 8097 8182
f 1219 1220 1333
f 8407 8308 8408
f 2343 2460 2342
f 6657 6823 6825
f 1093 1166 1044
f 4030 4008 3974
f 9914 9982 9780
f 4889 4993 5134
f 1572 1772 1771
f 980 979 759
f 6793 6837 6836
f 3686 3658 3718
f 1069 1010 1011
f 8509 8627 8391
f 4955 4841 4909
f 2119 1823 2188
f 1193 1375 1431
f 5774 5877 5876
f 9323 9416 9676
f 7971 7898 8009
f 7881 7842 7883
f 9418 9325 9505
f 522 387 523
f 4074 4034 4010
f 6371 6400 6324
f 8401 8519 8352
f 9687 9527 9343
f 1712 1516 1646
f 4562 4675 4744
f 7593 7635 7669
f 3429 3388 3459
f 4624 4408 4523
f 5500 5676 5620
f 6261 6435 6360
f 1941 1940 1862
f 2037 2036 1550
f 3510 3447 3448
f 7013 7060 6968
f 6193 6295 6248
f 9567 9384 9291
f 10492 10355 10469
f 2195 2454 2520
f 1244 1068 1190
f 481 546 545
f 901 967 1082
f 9407 9501 9674
f 8316 8413 8315
f 8890 8802 8735
f 704 629 635
f 4946 4829 4831
f 10192 10304 10191
f 3656 3627 3546
f 3749 3782 3677
f 4036 3981 3980
f 6618 6657 6703
f 5398 5280 5223
f 7499 7559 7456
f 6027 6342 6291
f 6389 6470 6469
f 8699 8763 8698
f 3832 3781 3753
f 5346 5471 5407
f 10089 9954 10088
f 10349 10417 10348
f 2970 3117 2932
f 9426 9425 9239
f 1448 1259 1208
f 2776 2775 2602
f 8356 8355 8208
f 8208 8128 8018
f 9858 9928 9989
f 3665 3523 3690
f 6482 6372 6549
f 7654 7555 7697
f 8138 8268 8362
f 10683 10652 10661
f 2909 2850 2954
f 8263 8409 8410
f 9321 9508 9411
f 7910 7881 7985
f 5029 4911 4844
f 3457 3493 3494
f 5152 5118 4945
f 6402 6483 6442
f 1656 1856 1933
f 8257 8258 8399
f 4674 4673 4402
f 3126 3256 3125
f 661 627 665
f 3135 3048 2895
f 5281 5106 5107
f 9421 9422 9607
f 5093 5029 5157
f 8429 8283 8326
f 2277 2213 2405
f 5476 5636 5593
f 9316 9220 9407
f 7462 7602 7639
f 1710 1920 1770
f 6814 6741 6650
f 5883 5988 5987
f 4791 4609 4731
f 3058 2848 3059
f 1295 1243 1190
f 4233 4357 4316
f 2248 2505 2436
f 7943 8055 8020
f 10544 10506 10572
f 9525 9337 9264
f 9735 9791 9582
f 742 951 949
f 9836 9906 10041
f 319 374 238
f 83 106 122
f 623 551 588
f 9482 9730 9577
f 3088 3128 3037
f 5782 5677 5837
f 5209 5271 5155
f 10535 10608 10591
f 5910 5701 6013
f 4375 4287 4289
f 7440 7448 7491
f 7609 7645 7727
f 8879 8729 8958
f 10319 10205 10257
f 6709 6759 6708
f 8264 8529 8587
f 8435 8685 8684
f 8701 8623 8507
f 9773 9774 9907
f 10159 10219 10158
f 703 958 894
f 1549 1392 1376
f 1724 1788 1723
f 4455 4454 4361
f 1565 1454 1450
f 4186 4352 4311
f 9798 9941 10024
f 1011 882 834
f 3391 3306 3307
f 3340 3293 3422
f 9015 9016 8780
f 1615 1886 1673
f 1264 1325 1215
f 691 546 827
f 10010 9742 9943
f 6475 6434 6264
f 8608 8425 8486
f 6801 7011 7010
f 4946 4830 4829
f 854 964 963
f 8935 9091 8849
f 4300 4255 4426
f 630 707 792
f 2562 2561 2682
f 10457 10430 10256
f 4544 4432 4493
f 8823 8683 8684
f 2285 2083 2084
f 1391 1202 1392
f 9191 9385 9291
f 1567 1509 1699
f 6887 7101 7140
f 7641 7567 7508
f 2339 2396 2338
f 3593 3534 3567
f 9128 9227 9412
f 3275 3228 3270
f 4230 4186 4148
f 6694 6612 6696
f 9127 8965 8885
f 3691 3692 3742
f 2050 1901 1983
f 6991 6949 7074
f 10124 9992 10180
f 4079 4183 4078
f 4818 4879 4758
f 7970 7896 8005
f 10447 10446 10537
f 8677 8676 8490
f 10559 10542 10558
f 9194 9477 9293
f 4017 3932 3906
f 2686 2564 2740
f 8582 8720 8649
f 6261 6474 6435
f 91 82 121
f 8568 8502 8292
f 5541 5418 5419
f 642 677 564
f 9368 9545 9458
f 279 399 337
f 4639 4762 4638
f 9375 9181 9182
f 5862 6017 5965
f 3176 3106 3084
f 5033 4971 5109
f 5505 5190 5322
f 3970 4098 4027
f 7153 7221 7278
f 5918 6076 6019
f 7429 7363 7396
f 3053 2899 3142
f 2981 3258 3215
f 10545 10579 10629
f 585 660 550
f 9610 9512 9235
f 9690 9767 9826
f 2512 2448 2693
f 3230 3276 3145
f 4149 4083 4231
f 10360 10003 10302
f 5325 5381 5198
f 5036 5166 5229
f 8575 8510 8453
f 6411 6332 6413
f 2122 1683 1982
f 1935 1858 1657
f 9317 9602 9409
f 6262 6161 6210
f 10572 10571 10443
f 5308 5295 5416
f 725 724 607
f 3159 3333 3377
f 8729 8590 8591
f 9922 9854 9639
f 2383 2254 2320
f 8375 8550 8487
f 7493 7589 7558
f 4845 4873 4692
f 9523 9144 9333
f 1517 1336 1463
f 9407 9408 9501
f 6186 6241 6130
f 5245 5178 5361
f 9981 10055 9987
f 4541 4491 4595
f 8700 8505 8621
f 8866 9022 9200
f 8812 8741 8809
f 8223 8370 8369
f 1110 988 1111
f 4256 4252 4176
f 2352 2217 2015
f 7135 6887 7096
f 5739 5738 5633
f 4310 4351 4393
f 7057 7056 7010
f 10186 9868 9998
f 8051 8016 8125
f 4780 4781 4897
f 7853 7791 7854
f 378 443 479
f 2819 2768 2713
f 2180 2253 1975
f 2242 2375 2497
f 2481 2292 2613
f 8780 8713 8638
f 676 805 804
f 3002 3057 2906
f 9842 9551 9843
f 3920 4064 3964
f 2354 2560 2598
f 9098 9013 9383
f 5857 5912 5748
f 10598 10524 10629
f 9472 9473 9645
f 1179 1177 992
f 10439 10499 10561
f 3939 3804 3884
f 658 445 549
f 3625 3570 3515
f 4376 4475 4416
f 5692 5802 5573
f 212 236 290
f 886 1015 943
f 975 805 721
f 10093 9885 10094
f 5414 5589 5710
f 8384 8491 8556
f 6059 6167 6166
f 4559 4741 4509
f 913 1100 1040
f 7515 7404 7433
f 8154 8034 8111
f 1147 1196 968
f 5052 4874 5124
f 4067 4004 3965
f 6589 6841 6795
f 6 13 17
f 2013 1857 2144
f 6303 6148 6204
f 8037 8078 8000
f 221 299 220
f 6224 6315 6314
f 5521 5391 5392
f 926 1114 868
f 561 752 671
f 243 188 266
f 8241 8197 8290
f 9381 9467 9466
f 4734 4611 4612
f 3108 3015 3109
f 8660 8595 8535
f 3225 3138 3222
f 413 377 294
f 4946 4831 5007
f 8311 8468 8307
f 650 612 771
f 3037 3123 3033
f 6352 6255 6257
f 3596 3532 3595
f 7730 7762 7787
f 5176 5121 5298
f 4808 4807 4685
f 17 39 16
f 1013 1011 834
f 8489 8426 8552
f 7528 7527 7449
f 4681 4568 4748
f 5385 5448 5334
f 2791 2845 2792
f 7497 7598 7595
f 6225 5957 6171
f 5108 5283 5224
f 7571 7726 7725
f 409 408 292
f 791 598 668
f 17 16 5
f 2257 1819 2045
f 5457 5526 5525
f 7469 7399 7511
f 1278 1409 1468
f 983 1164 1043
f 10473 10519 10556
f 3711 3627 3712
f 1994 1841 1842
f 10524 10382 10485
f 9714 9667 9850
f 5200 5151 5027
f 810 913 917
f 6642 6605 6540
f 9321 9322 9603
f 2214 2468 2407
f 8548 8499 8609
f 8704 8705 8930
f 5338 5506 5396
f 1204 1165 1045
f 8631 8935 8849
f 9698 9630 9355
f 5709 5472 5753
f 2410 2279 2079
f 2533 2407 2704
f 482 481 379
f 4719 4941 4650
f 5877 5981 5980
f 5433 5432 5367
f 7907 7879 7984
f 7459 7390 7535
f 4018 4116 4114
f 6741 6646 6650
f 2312 2313 2381
f 2344 2345 2463
f 7963 7890 7762
f 10151 10257 10149
f 1118 1122 1227
f 3133 3047 3186
f 1587 1474 1417
f 2685 2496 2497
f 6441 6511 6510
f 9544 9454 9773
f 6534 6533 6459
f 4613 4740 4558
f 1116 1274 1222
f 6765 6848 6890
f 4384 4253 4424
f 241 264 170
f 6711 6712 6760
f 8985 8755 8911
f 3846 3866 3814
f 2883 3038 3088
f 4366 4519 4462
f 10633 10634 10674
f 6098 5987 5988
f 10523 10564 10429
f 4361 4240 4362
f 786 701 666
f 4165 4138 4065
f 2214 2213 2076
f 2275 2345 2143
f 3915 3920 3917
f 8239 8289 8240
f 5515 5453 5571
f 2682 2848 2798
f 10184 10063 9934
f 535 641 602
f 6117 6065 6066
f 4913 5030 4794
f 3496 3426 3343
f 5917 5757 5864
f 8758 8833 8569
f 8722 8586 8788
f 3971 4005 3970
f 6935 6853 6893
f 8832 8976 8756
f 4273 4276 4198
f 2518 2450 2390
f 1085 1028 1390
f 1627 1381 1439
f 10560 10481 10372
f 5445 5444 5384
f 5169 5115 5234
f 3929 3841 3769
f 7141 7140 7101
f 5716 5602 5717
f 2688 2565 2799
f 9645 9725 9859
f 5285 5402 5286
f 6386 6537 6466
f 5744 5699 5907
f 9462 9463 9563
f 6033 5874 5930
f 2418 2608 2607
f 9079 8999 8842
f 6246 6295 6277
f 9005 9175 9366
f 9659 9303 9394
f 1152 1198 1381
f 7337 7407 7370
f 1705 1643 1459
f 465 399 400
f 8150 8229 8373
f 1974 2040 2108
f 5099 4939 4940
f 6102 6047 5938
f 9089 9007 9090
f 3991 4019 4048
f 2616 2732 2731
f 8758 8912 9259
f 6941 6860 6940
f 9190 8939 9011
f 6580 6557 6654
f 5842 5994 5993
f 2679 2790 2678
f 8445 8620 8619
f 9863 9573 9574
f 2536 2709 2763
f 4522 4572 4409
f 7393 7327 7230
f 4269 4403 4402
f 9610 9823 9822
f 10415 10509 10288
f 1421 1665 1599
f 7604 7638 7565
f 278 279 337
f 654 577 513
f 9134 9416 9133
f 10174 9981 10118
f 10076 10145 10075
f 5963 6071 5913
f 3580 3549 3408
f 8131 8136 8022
f 4679 4620 4859
f 9568 9860 9861
f 1599 1793 1859
f 6443 6373 6403
f 6700 6821 6699
f 9044 9226 9227
f 5660 5717 5363
f 5140 5187 5004
f 8122 8011 7976
f 9306 9205 9206
f 7710 7827 7870
f 7338 7435 7408
f 9059 8976 8902
f 1812 1750 1677
f 2286 2478 2548
f 1308 1553 1678
f 8241 8196 8197
f 6278 6182 6237
f 6748 6693 6649
f 5984 5983 5880
f 4788 4604 4953
f 3018 3020 3203
f 3229 3272 3226
f 681 762 569
f 6560 6561 6585
f 9078 9334 8974
f 4141 4222 4104
f 7633 7703 7769
f 8212 8311 8307
f 695 654 779
f 5199 5382 5258
f 2925 3018 3015
f 1794 1666 1423
f 10031 9962 10032
f 1092 973 1157
f 7215 7105 7216
f 8733 8592 8732
f 3835 3890 3756
f 8819 8979 8901
f 736 779 619
f 5226 5340 5284
f 2735 2840 2785
f 2551 2613 2292
f 747 746 790
f 6262 6362 6263
f 4842 4956 4909
f 5033 4970 4799
f 9251 9063 8981
f 7296 7370 7432
f 2333 2521 2269
f 5145 5020 4898
f 10692 10691 10670
f 6010 6066 6065
f 214 180 263
f 5841 5840 5727
f 2881 2773 2774
f 10027 10098 10160
f 2624 2492 2680
f 2184 1894 2258
f 693 574 575
f 2136 1998 2271
f 9693 9767 9690
f 930 821 871
f 426 355 455
f 3523 3608 3553
f 3329 3411 3240
f 9073 8915 8830
f 3099 3149 3279
f 2108 2252 2319
f 10262 10389 10388
f 1357 1418 1530
f 1673 1804 1490
f 1204 1315 1265
f 8987 9075 8986
f 9627 9352 9517
f 4462 4519 4441
f 8136 8267 8211
f 10446 10539 10538
f 10379 10316 10147
f 5848 6007 6006
f 5058 5059 5185
f 2934 2935 3024
f 8451 8343 8347
f 7586 7631 7664
f 10099 9897 10162
f 4740 4849 4848
f 8374 8280 8424
f 10690 10693 10685
f 3880 3958 3852
f 6547 6546 6511
f 3188 3187 3048
f 5554 5431 5308
f 831 1009 1008
f 5696 5808 5638
f 3440 3272 3404
f 9021 9200 9392
f 1806 1616 1746
f 7430 7469 7510
f 7045 7133 6887
f 169 218 240
f 1365 1294 1481
f 9486 8960 9406
f 9241 9685 9520
f 10125 10354 10420
f 10255 10201 10371
f 1038 1160 1209
f 7256 7031 7068
f 8395 8708 8512
f 6742 6815 6691
f 3601 3685 3656
f 7354 7356 7458
f 7199 7324 7286
f 6827 6660 6916
f 5138 5065 5005
f 1482 1488 1370
f 830 547 544
f 4061 4130 4160
f 2316 2331 2251
f 5716 5822 5906
f 3737 3862 3861
f 9355 9265 9538
f 7079 7080 7125
f 9978 9946 9976
f 7917 7999 7916
f 9853 9716 9916
f 878 776 828
f 5228 5344 5165
f 2439 2175 2249
f 6986 6988 7030
f 4264 4263 4188
f 10179 10248 10242
f 4670 4667 4447
f 9898 9964 9685
f 7933 7859 7957
f 7652 7691 7651
f 359 277 336
f 3941 4059 4001
f 3496 3612 3527
f 1272 1334 1174
f 5961 5861 5962
f 210 209 143
f 2575 2331 2452
f 3080 3176 3084
f 3220 3219 3184
f 6027 6341 6290
f 90 101 82
f 3668 3643 3557
f 1345 1350 1285
f 4743 4969 4853
f 426 385 386
f 6055 6108 5946
f 4284 4212 4133
f 6638 6602 6465
f 4606 4519 4684
f 681 645 763
f 4063 4094 4208
f 4861 4810 4682
f 10096 10160 9960
f 4698 4632 4526
f 10360 10470 10301
f 5752 5816 5815
f 2149 2016 2080
f 9932 9789 9997
f 1429 1245 1368
f 8009 8049 8046
f 8879 9123 9122
f 8467 8582 8649
f 1342 1466 1277
f 10180 10418 10292
f 9655 8869 9739
f 5700 5853 5746
f 1653 1584 1778
f 7402 7395 7297
f 1709 1514 1402
f 5093 4843 4959
f 6808 6732 6602
f 8546 8321 8482
f 2165 2224 2028
f 8124 8120 8048
f 6763 6626 6764
f 8549 8425 8608
f 6755 6704 6756
f 7670 7712 7639
f 1535 1421 1363
f 6196 6089 6194
f 6302 6354 6256
f 8780 8940 8713
f 8569 8439 8614
f 7279 7349 7348
f 3708 3655 3709
f 4796 4739 4558
f 3580 3661 3549
f 9496 9811 9595
f 5819 5713 5868
f 2070 2007 1929
f 1837 1640 1763
f 1401 1330 1267
f 4019 3992 4052
f 6563 6588 6624
f 6949 6816 6868
f 10270 10157 10271
f 4433 4434 4545
f 15 27 14
f 8614 8690 8689
f 297 296 241
f 3828 3798 3878
f 9525 9147 9337
f 1189 1243 1367
f 6261 6309 6474
f 2386 2312 2323
f 2443 2508 2442
f 2117 2258 1818
f 4564 4676 4677
f 5612 5663 5754
f 3240 3331 3237
f 1854 2070 1853
f 5798 5948 5947
f 2403 2209 2276
f 9789 9730 9931
f 3972 3890 3942
f 4960 5095 4735
f 7424 7319 7454
f 6842 6966 6886
f 5649 5710 5589
f 9394 9204 9304
f 1912 1911 1696
f 8289 8384 8334
f 2543 2663 2822
f 8249 8248 8045
f 10018 9808 9869
f 8830 9262 9073
f 6999 6998 6914
f 6149 6042 6306
f 6619 6519 6582
f 7473 7432 7370
f 9991 9930 9863
f 3460 3462 3459
f 6322 6321 6229
f 592 702 628
f 3649 3727 3747
f 10478 10428 10374
f 7403 7404 7472
f 8796 8591 8650
f 9261 9260 8912
f 178 164 101
f 7887 7886 7782
f 5069 5015 5144
f 2987 2942 3044
f 5891 5794 5790
f 10229 10106 10228
f 6863 7067 7066
f 1509 1567 1399
f 2061 1992 1993
f 10579 10458 10510
f 1396 1563 1449
f 4781 4547 4654
f 9309 9210 9116
f 5272 5518 5455
f 8264 8528 8529
f 2841 2900 2736
f 7320 7321 7387
f 171 219 170
f 8132 8019 8133
f 1993 1992 1839
f 397 528 460
f 1379 1437 1309
f 5346 5164 5230
f 5147 4898 5021
f 9893 9821 10028
f 2337 2525 2272
f 1926 1715 1927
f 1872 1602 1733
f 8918 8837 8819
f 2638 2637 2507
f 7332 7397 7365
f 3909 3934 3994
f 670 631 634
f 10137 10252 10005
f 10527 10569 10632
f 3302 3389 3388
f 9050 8898 8741
f 2941 2728 2988
f 6948 6990 6816
f 4058 4129 4090
f 4158 4276 4275
f 4789 4952 4838
f 5083 4905 5028
f 7016 7011 6713
f 82 61 83
f 1806 1746 1888
f 7254 7357 7388
f 601 534 602
f 7464 7542 7471
f 7151 7150 7020
f 10203 10148 9978
f 1927 2139 1926
f 3478 3479 3480
f 10425 10422 10472
f 1354 1355 1590
f 189 190 220
f 10591 10368 10369
f 8411 8533 8473
f 4981 4922 4862
f 1797 1954 1953
f 2214 2076 2077
f 2345 2401 2464
f 3599 3542 3622
f 10347 10458 10545
f 6452 6181 6447
f 8969 9231 9230
f 6853 6807 6732
f 6279 6129 6183
f 1268 1331 1218
f 975 721 982
f 8889 8662 8806
f 1658 1416 1475
f 10367 10346 10317
f 9173 9082 8933
f 1208 1561 1448
f 6505 6429 6467
f 4811 4921 4860
f 8141 8365 8412
f 1750 1978 1976
f 289 310 366
f 9364 9456 9363
f 2142 2400 2398
f 8916 8815 8975
f 10684 10683 10661
f 2135 2395 2336
f 6726 6531 6674
f 4160 4205 4161
f 2812 2814 2706
f 3639 3522 3582
f 5937 5935 6047
f 1638 1641 1454
f 1724 1723 1593
f 40 48 22
f 4374 4245 4373
f 9249 9340 9043
f 8830 8915 8829
f 5713 5764 5867
f 7070 7230 7120
f 9881 10020 9880
f 7032 7231 7202
f 3930 3984 3769
f 2701 2759 2648
f 395 498 497
f 3599 3623 3541
f 9058 8974 8901
f 6545 6479 6573
f 2030 2101 2028
f 10238 10289 10115
f 8549 8485 8425
f 7244 7103 7214
f 2844 2843 2621
f 7818 7634 7796
f 3759 3659 3716
f 7536 7713 7671
f 7870 7865 7799
f 1314 1690 1760
f 5279 5218 5280
f 4730 4607 4608
f 3304 3232 3337
f 5651 5596 5757
f 1049 1048 987
f 8459 8580 8350
f 10616 10585 10552
f 4263 4151 4188
f 684 572 648
f 5783 5621 5561
f 9800 9586 9661
f 4112 4189 4113
f 5847 6005 5953
f 5820 5970 5923
f 5403 5402 5285
f 6344 6250 6088
f 4691 4868 4627
f 7641 7719 7718
f 5646 5584 5406
f 10533 10407 10444
f 7269 7103 7376
f 3198 3290 3334
f 1106 1045 1044
f 4082 4151 4312
f 8204 8203 8121
f 2560 2625 2629
f 4971 5035 5163
f 6665 6589 6625
f 6078 6081 6239
f 3783 3784 3833
f 6642 6540 6606
f 4123 4054 4121
f 6707 6759 6706
f 1065 1241 1186
f 6061 6062 6221
f 1185 1421 1362
f 4123 4272 4157
f 10613 10615 10513
f 1340 1275 1224
f 9111 9301 9393
f 1391 1392 1559
f 5647 5411 5648
f 10344 10235 10167
f 5347 5233 5248
f 6628 6670 6534
f 6799 6760 6800
f 289 208 310
f 5011 4777 4720
f 9031 9030 8959
f 6323 6231 6324
f 1873 1668 1539
f 3530 3463 3531
f 5225 4968 4969
f 2378 2308 2170
f 8843 8625 8572
f 3972 3971 3946
f 10019 10212 10086
f 8501 8386 8387
f 9298 9392 9485
f 10622 10589 10655
f 10200 10375 10374
f 3211 3126 3085
f 7474 7545 7544
f 2041 2322 1979
f 7378 7416 7192
f 994 936 1125
f 696 687 618
f 9814 9884 10158
f 3216 3110 3165
f 3757 3571 3657
f 4826 4952 5137
f 3147 3277 3193
f 3800 3751 3799
f 4817 4694 4629
f 313 438 367
f 4285 4133 4214
f 2251 2331 2262
f 2883 3037 2980
f 1546 1374 1491
f 3735 3804 3803
f 8210 8406 8470
f 10410 10411 10544
f 6859 6686 6856
f 3130 3310 3134
f 6911 6786 6822
f 6108 6055 6000
f 9399 9397 8792
f 4119 4120 4155
f 4548 4653 4655
f 9032 8730 8961
f 10633 10672 10632
f 6229 6230 6120
f 4260 4181 4182
f 6382 6291 6342
f 5279 5463 5462
f 3014 2974 3028
f 10605 10632 10646
f 994 935 936
f 10283 10449 10282
f 10610 10635 10538
f 3919 3967 3887
f 8500 8499 8386
f 1872 2229 2153
f 506 468 504
f 4018 3991 4048
f 9438 9691 9688
f 6228 6120 6230
f 10521 10640 10624
f 2105 2315 2250
f 8105 8030 8038
f 2043 2118 2256
f 5476 5353 5354
f 8304 8353 8352
f 9923 9639 9924
f 3958 3957 3852
f 4575 4630 4412
f 8131 8132 8136
f 5428 5487 5604
f 1184 1288 1478
f 4144 4011 4076
f 3203 3341 3294
f 310 309 365
f 9474 9568 9386
f 7957 7934 7909
f 8401 8581 8645
f 9827 10035 9900
f 531 596 530
f 10037 10104 10227
f 5704 5861 5814
f 9328 9138 9329
f 8907 9067 8822
f 10226 10161 10030
f 263 180 293
f 2346 2275 2208
f 9435 9250 9342
f 5984 6094 5983
f 4394 4554 4553
f 6748 6785 6693
f 9535 9333 9524
f 6372 6273 6325
f 8066 7987 8067
f 9907 9972 10112
f 10182 10462 10461
f 8643 8642 8517
f 5900 5736 5845
f 9059 9159 8989
f 7124 7037 7032
f 6364 6217 6360
f 8056 8021 8092
f 2776 2602 2719
f 9750 9594 9595
f 974 1033 1158
f 185 186 376
f 10548 10547 10460
f 10341 10236 10345
f 2892 2886 2887
f 8373 8327 8431
f 8113 8002 7923
f 4932 4878 4710
f 9055 9056 8811
f 1303 1433 1249
f 8556 8491 8377
f 9180 8773 9092
f 3599 3680 3623
f 4717 4715 4538
f 8170 8254 8300
f 8513 8402 8259
f 1310 1680 1753
f 4918 5034 4855
f 4849 4797 4965
f 2495 2562 2796
f 5270 5269 5154
f 5358 5177 5242
f 262 168 144
f 1184 1063 1288
f 6357 6476 6306
f 6033 6032 5874
f 5572 5731 5689
f 2742 2911 2799
f 3080 3082 3122
f 6605 6571 6468
f 250 196 228
f 9372 9371 9091
f 2231 2159 2364
f 3595 3509 3470
f 7396 7364 7467
f 352 328 389
f 2189 2049 2120
f 7290 7465 7331
f 6361 6393 6434
f 7353 7284 7228
f 7460 7504 7394
f 694 829 828
f 8339 8202 8080
f 3425 3493 3384
f 1547 1615 1491
f 2945 2898 2840
f 9005 8922 9175
f 4919 5111 4974
f 7166 7260 7123
f 3260 3090 3182
f 858 1028 1085
f 3996 3881 3997
f 2161 2302 2160
f 2068 1923 2138
f 7601 7638 7714
f 7739 7767 7766
f 10358 10422 10299
f 1479 1359 1289
f 3159 3243 3102
f 2671 2608 2483
f 3053 3142 3228
f 2526 2758 2525
f 7531 7587 7530
f 4779 5013 4831
f 4510 4359 4451
f 7935 7861 7862
f 2462 2581 2647
f 6601 6569 6502
f 7929 8083 7930
f 8155 8036 8077
f 1497 1440 1382
f 6186 6130 6080
f 3967 3972 3942
f 7560 7457 7495
f 10438 10394 10266
f 4578 4472 4332
f 8904 9051 9330
f 7819 7895 7823
f 2712 2768 2766
f 8475 8593 8474
f 2677 2556 2622
f 564 565 467
f 5498 5619 5673
f 6049 5942 5995
f 1201 1388 1313
f 1845 1773 1711
f 2421 2671 2483
f 2100 2433 2239
f 7302 7208 7267
f 2756 2698 2524
f 175 252 282
f 4391 4306 4307
f 8791 8587 8529
f 1833 1834 1694
f 5396 5337 5214
f 3214 3392 3213
f 9677 9678 9759
f 6252 6348 6144
f 6786 6821 6700
f 6007 6060 6006
f 8437 8382 8564
f 6011 6010 5909
f 5677 5621 5783
f 10460 10547 10581
f 1498 1552 1674
f 5897 5799 5733
f 9526 9684 9339
f 2967 2869 3021
f 398 399 533
f 1684 1901 1630
f 8715 8782 8516
f 4340 4253 4221
f 3021 3022 2969
f 5653 5712 5598
f 4660 4553 4554
f 4496 4498 4393
f 779 736 778
f 4592 4722 4719
f 10618 10665 10650
f 10503 10338 10406
f 8101 8186 8100
f 3922 3976 3874
f 2423 2486 2487
f 2161 2233 2366
f 9704 9839 9776
f 4437 4546 4347
f 5199 5258 5147
f 10382 10484 10381
f 1604 1537 1480
f 9324 9135 9043
f 6202 6349 6095
f 981 1161 1039
f 10259 10208 10304
f 6092 6093 6200
f 113 112 65
f 8228 8377 8280
f 4703 4581 4704
f 4372 4628 4578
f 7976 8168 8167
f 5427 5303 5486
f 1732 1870 1731
f 4430 4303 4429
f 9714 9849 9563
f 4084 4073 3988
f 6785 6745 6783
f 8294 8246 8158
f 9183 8858 9282
f 3021 2869 3022
f 3315 3135 3189
f 3508 3568 3617
f 6478 6477 6224
f 4661 4789 4838
f 9162 9265 9165
f 1032 973 802
f 4273 4406 4326
f 9597 9313 9401
f 6364 6360 6435
f 9702 9543 9544
f 9633 9775 9632
f 2504 2493 2309
f 2223 2474 2355
f 2406 2214 2407
f 1444 1760 1759
f 3348 3391 3346
f 4701 4875 4874
f 8456 8397 8578
f 8042 8161 8082
f 3892 3975 3974
f 6407 6516 6515
f 3801 3730 3734
f 3886 3940 3885
f 8672 8811 8673
f 1335 1576 1646
f 5543 5420 5421
f 9726 9785 9569
f 3064 2915 2958
f 3951 3841 3929
f 3541 3619 3598
f 8296 8388 8293
f 7429 7396 7509
f 9752 9669 9814
f 9543 9452 9271
f 6443 6444 6514
f 1626 1624 1496
f 3062 2853 3006
f 8769 8509 8392
f 4272 4236 4157
f 10062 9866 10063
f 2085 2086 2225
f 63 51 52
f 3442 3410 3372
f 4338 4386 4536
f 2048 2047 1980
f 2648 2581 2464
f 8655 8881 8654
f 1027 1199 1256
f 3761 3786 3760
f 9738 9488 9652
f 2462 2647 2528
f 3873 3823 3843
f 9701 9835 9453
f 891 892 838
f 10653 10621 10638
f 6514 6555 6513
f 4189 4232 4113
f 4175 4107 4036
f 4751 4626 4813
f 467 432 401
f 7982 7877 7954
f 592 703 702
f 3173 3304 3337
f 8232 8287 8274
f 4627 4331 4691
f 6557 6449 6488
f 5806 5756 5593
f 734 830 1007
f 7711 7775 7833
f 1625 1438 1627
f 1881 2239 2098
f 5082 4952 4941
f 857 671 1389
f 3356 3504 3464
f 9598 9670 9403
f 7646 7647 7729
f 5581 5746 5745
f 996 826 1061
f 3821 3766 3768
f 5688 5797 5844
f 8574 8709 8626
f 6518 6580 6487
f 3671 3646 3561
f 10003 9794 9795
f 7662 7698 7735
f 5414 5710 5591
f 10505 10455 10544
f 8327 8230 8378
f 1603 1733 1602
f 6666 6634 6626
f 7246 7192 7217
f 3295 3383 3341
f 4130 4061 4062
f 8480 8543 8320
f 4436 4493 4345
f 4854 4855 4617
f 11 2 4
f 8135 8303 8092
f 437 504 406
f 651 693 575
f 5826 5928 5720
f 10013 9804 9803
f 2682 2683 2847
f 5398 5463 5280
f 3002 2906 2907
f 1582 1583 1469
f 3674 3649 3592
f 2086 1948 2225
f 5465 5605 5606
f 3836 3761 3718
f 2479 2420 2289
f 5560 5726 5650
f 10600 10647 10599
f 5864 5757 5758
f 10123 10058 9861
f 9298 9484 9199
f 8077 8036 8000
f 6964 6719 6965
f 940 1002 1065
f 8730 8532 8472
f 6749 6620 6697
f 9955 10157 10088
f 1590 1591 1785
f 7683 7643 7570
f 4109 4184 4147
f 1400 1323 1325
f 2295 2232 2363
f 5657 5576 5461
f 9130 9039 9320
f 8392 8628 8769
f 5442 5382 5199
f 6215 6359 6105
f 5159 5097 5098
f 3775 3852 3799
f 5337 5395 5394
f 8385 8386 8499
f 5892 5795 5796
f 10416 10290 10289
f 1091 1204 1203
f 3237 3449 3415
f 6210 6160 6211
f 1980 2047 1896
f 7415 7524 7555
f 2114 2172 2255
f 2844 2951 2843
f 3910 3992 4019
f 9866 9650 9934
f 4452 4675 4562
f 5904 5808 6008
f 8890 8887 8802
f 2676 2367 2620
f 7173 7261 7206
f 3237 3004 3240
f 182 372 318
f 7173 7296 7261
f 2433 2100 2561
f 5463 5577 5462
f 6084 6243 6244
f 4076 4108 4178
f 3399 3363 3266
f 4338 4536 4446
f 3070 3164 3111
f 9132 9415 9040
f 5280 5221 5222
f 407 608 607
f 2483 2418 2291
f 5557 5614 5670
f 9216 9599 9406
f 3074 3167 2930
f 4332 4471 4334
f 2156 1952 2155
f 3308 3233 3234
f 7036 7078 7171
f 3118 3119 3300
f 450 552 492
f 1661 1597 1479
f 7514 7613 7612
f 10144 10272 10159
f 7179 7241 7219
f 3925 3839 3896
f 8828 8691 8990
f 3097 3149 2997
f 4475 4474 4700
f 9452 9543 9453
f 10380 10203 10237
f 5539 5416 5417
f 7773 7671 7713
f 3621 3651 3620
f 10036 10164 10103
f 8708 8851 8512
f 2310 2173 2174
f 3752 3654 3708
f 8650 8409 8469
f 9215 9886 9672
f 9009 9183 8937
f 2791 2737 2845
f 6410 6451 6376
f 4902 4949 5025
f 1674 1809 1810
f 2823 3025 2876
f 6226 6119 6227
f 3128 3123 3037
f 9464 9714 9463
f 2745 2915 2845
f 7336 7369 7262
f 3075 2967 3021
f 915 1041 916
f 8003 7927 7967
f 6610 6549 6575
f 6415 6338 6494
f 2064 2065 2134
f 2266 2332 2577
f 8888 8738 8597
f 3741 3690 3739
f 9434 9217 9340
f 5263 5149 5203
f 7507 7506 7428
f 4152 4316 4191
f 2391 2331 2575
f 10063 10185 10062
f 1283 1284 1339
f 5829 5875 5668
f 2852 2688 2799
f 5683 5678 5502
f 10144 9958 10011
f 4413 4530 4528
f 5334 5239 5094
f 3262 3219 3311
f 7307 7103 7271
f 3208 3209 3201
f 5454 5390 5572
f 1588 1417 1416
f 6623 6561 6586
f 7533 7532 7454
f 5016 4833 4896
f 8448 8624 8565
f 39 59 16
f 9166 9268 8924
f 5400 5465 5643
f 7373 7247 7315
f 8963 9125 9218
f 3768 3698 3794
f 4255 4143 4223
f 4580 4581 4703
f 10 35 20
f 4517 4292 4418
f 10392 10496 10482
f 1454 1453 1325
f 2604 2774 2667
f 7024 7154 7022
f 7704 7634 7795
f 3318 3432 3396
f 1107 984 922
f 10518 10665 10669
f 5771 5667 5872
f 8436 8687 8686
f 8446 8505 8447
f 9181 9092 9008
f 9332 8810 9141
f 5762 5869 5820
f 8108 8234 8233
f 1718 1650 1852
f 4516 4616 4615
f 198 282 254
f 8284 8285 8492
f 6695 6694 6746
f 4577 4374 4527
f 5997 5946 5892
f 8472 8363 8312
f 6597 6598 6632
f 6012 5854 6068
f 251 250 228
f 6195 6089 6197
f 330 332 390
f 2029 2098 2240
f 7279 7221 7155
f 7115 7028 7116
f 3138 3268 3221
f 1262 1263 1398
f 3862 3863 3921
f 1046 1047 921
f 9618 9342 9527
f 1466 1351 1467
f 3216 3092 3110
f 9363 9368 9174
f 8628 8845 8769
f 7388 7389 7497
f 7700 7764 7699
f 1161 1214 1323
f 7072 7122 7234
f 4822 5057 4880
f 9612 9513 9680
f 4702 4580 4703
f 8718 8519 8645
f 3926 3867 3869
f 4208 4331 4280
f 10547 10514 10581
f 7536 7600 7503
f 10082 9950 9808
f 9141 9054 9241
f 5711 5756 5863
f 3289 3413 3330
f 2915 2792 2845
f 2242 1961 2243
f 561 671 533
f 1627 1438 1381
f 3689 3761 3760
f 4251 4293 4135
f 1825 1903 2123
f 6251 6298 6197
f 1626 1496 1380
f 8496 8757 8616
f 4172 4099 4219
f 1658 1722 1783
f 3910 3851 3909
f 6346 6386 6299
f 3206 3078 3299
f 9167 9166 8841
f 5619 5439 5559
f 9979 9977 9910
f 1442 857 1389
f 10510 10458 10414
f 509 542 612
f 8756 8989 8615
f 5889 6048 5995
f 1096 1097 1210
f 7154 7155 7064
f 1410 1412 1469
f 2903 2793 2852
f 2296 2233 2297
f 6245 6287 6086
f 655 548 656
f 4543 4592 4431
f 4089 4242 4199
f 8293 8388 8247
f 3589 3562 3614
f 2678 2558 2679
f 148 185 149
f 4297 4296 4218
f 2862 2807 2696
f 3531 3503 3590
f 3156 3285 3239
f 9664 10077 9803
f 5139 5138 5005
f 3202 3217 3164
f 8904 8818 8611
f 6660 6705 6704
f 10562 10478 10563
f 4285 4577 4629
f 4292 4194 4249
f 5173 5045 4986
f 8735 8734 8596
f 10064 9935 10177
f 3790 3870 3900
f 657 621 782
f 6332 6242 6284
f 8328 8230 8231
f 9170 9359 9169
f 1701 1639 1564
f 1634 1691 1828
f 104 126 146
f 763 814 681
f 1711 1575 1516
f 3953 3988 4009
f 8593 8595 8734
f 9148 9075 9076
f 3298 3077 3250
f 8236 8332 8235
f 7705 7634 7561
f 2768 2968 2870
f 1623 1751 1622
f 1086 798 905
f 1453 1400 1325
f 1918 2062 1917
f 7989 8100 8099
f 6915 6824 6787
f 787 849 702
f 7996 7997 8031
f 1668 1873 1952
f 3877 3827 3801
f 4147 4080 4309
f 4394 4351 4311
f 7250 7159 7112
f 6945 6814 6870
f 119 70 97
f 1919 1996 2065
f 10277 10162 10223
f 6713 6802 6846
f 1728 1792 1946
f 4591 4433 4545
f 2366 2296 2425
f 4274 4275 4367
f 2219 2597 2353
f 7998 7993 7920
f 8917 8836 8761
f 5668 5828 5667
f 4839 5027 4904
f 1378 1552 1386
f 955 1138 1071
f 4911 4959 4843
f 2705 2760 2650
f 6551 6579 6553
f 8841 8702 8922
f 7857 7926 7816
f 978 1100 913
f 7854 7791 7794
f 5960 5964 6129
f 7153 7064 7155
f 10217 10218 10330
f 9613 9682 9763
f 493 329 388
f 6541 6468 6431
f 3561 3588 3671
f 8320 8276 8480
f 5835 5560 5650
f 2234 2297 2233
f 3472 3542 3541
f 5475 5352 5592
f 4784 4898 4782
f 1457 1109 1330
f 9270 8930 9271
f 1927 1715 1928
f 743 845 889
f 7908 7957 7909
f 10125 10129 10062
f 551 553 587
f 2094 1875 1608
f 6089 6088 5930
f 3738 3660 3661
f 2051 2126 2392
f 5973 5974 6086
f 3944 3965 4004
f 8431 8820 8749
f 9385 9192 9386
f 10422 10425 10299
f 2995 2996 3096
f 9129 9038 9322
f 281 258 280
f 5992 6103 5884
f 6859 6858 6686
f 4233 4316 4152
f 8964 9037 8883
f 9372 9554 9371
f 8169 8253 8252
f 7493 7452 7423
f 8233 8434 8288
f 4051 4086 3994
f 9128 9320 9127
f 9611 9612 9762
f 9829 9969 9692
f 187 170 264
f 6596 6595 6420
f 6109 5902 6164
f 1577 1335 1405
f 10273 10335 10099
f 6193 6277 6295
f 5379 5192 5257
f 574 483 511
f 10074 10073 9944
f 5000 5133 5062
f 6240 6079 6130
f 5766 5907 5882
f 375 543 510
f 4198 3996 4199
f 10497 10328 10394
f 470 607 645
f 5472 5410 5587
f 8390 8446 8339
f 5102 5031 4965
f 3507 3567 3534
f 3408 3327 3415
f 6156 5993 6105
f 4840 5028 4905
f 2408 2470 2455
f 7345 7059 7106
f 8350 8351 8459
f 432 466 362
f 3812 3922 3874
f 2506 2386 2511
f 2885 2884 2830
f 7814 7793 7856
f 1755 1896 1819
f 10591 10369 10535
f 1041 980 916
f 8779 8939 8778
f 6218 6360 6217
f 2314 2104 2250
f 4718 4591 4545
f 5917 5826 5609
f 7166 7206 7295
f 4734 4844 4792
f 1668 1952 1734
f 9153 9441 9256
f 5081 5080 5026
f 5451 5449 5387
f 8560 8559 8432
f 9021 9199 8949
f 8846 8768 8706
f 4379 4532 4294
f 4899 5072 5021
f 5764 5821 5867
f 5450 5388 5331
f 9108 9020 8949
f 10256 10380 10457
f 9398 9395 9396
f 2921 2753 2642
f 233 289 210
f 9391 9196 9734
f 1143 1194 1302
f 5544 5654 5481
f 6030 6075 5929
f 6597 6727 6675
f 8707 8845 8628
f 872 934 992
f 1135 1137 1297
f 4432 4389 4258
f 4733 4792 4911
f 4436 4345 4435
f 7503 7359 7394
f 4275 4276 4407
f 8585 8650 8469
f 10046 9912 10047
f 1870 1871 1950
f 5369 5557 5368
f 5220 5161 5276
f 1076 1075 897
f 2614 2839 2673
f 586 587 627
f 947 946 839
f 3784 3685 3806
f 3803 3778 3735
f 9905 9904 9825
f 8717 9019 8861
f 6649 6550 6651
f 5553 5609 5719
f 4758 4633 4695
f 6497 6496 6454
f 8316 8270 8366
f 7693 7692 7487
f 6090 6198 6143
f 4610 4502 4443
f 2224 1947 2028
f 326 325 267
f 9176 9175 8922
f 8016 7827 8017
f 2726 2550 2670
f 8973 8901 8974
f 1483 1191 1369
f 5918 6019 5917
f 7046 7090 7089
f 9002 9361 9272
f 309 232 364
f 4852 4853 4968
f 8003 8041 7927
f 8086 8121 8164
f 3853 3773 3851
f 4453 4452 4562
f 9990 9992 10124
f 5311 5491 5433
f 3521 3581 3449
f 5885 5886 5839
f 1483 1369 1543
f 782 783 944
f 10257 10205 10149
f 5809 5905 5956
f 6166 6158 6218
f 1569 1702 1840
f 79 34 45
f 1556 1555 1817
f 2445 2384 2382
f 8568 8569 8697
f 6642 6686 6605
f 5582 5645 5467
f 2885 2981 2884
f 6999 6914 6876
f 624 663 664
f 898 791 793
f 5523 5692 5573
f 354 386 393
f 2161 2025 2093
f 3279 3097 3175
f 8801 8965 8886
f 8074 8075 8191
f 8560 8682 8821
f 5938 5680 5939
f 201 229 178
f 9726 9648 9785
f 2600 2474 2545
f 4911 4665 4733
f 6323 6324 6400
f 3422 3364 3438
f 9077 9160 9537
f 3027 2877 2972
f 6451 6581 6617
f 2403 2402 2209
f 751 706 851
f 7724 7843 7844
f 9714 9563 9463
f 2406 2407 2467
f 7263 7369 7404
f 5320 5503 5253
f 5367 5349 5184
f 8694 8609 8500
f 2802 2632 2633
f 6465 6466 6537
f 5529 5395 5396
f 3675 3645 3725
f 861 809 758
f 1424 1425 1602
f 4396 4313 4312
f 8120 8124 8205
f 4913 4794 4793
f 9523 9535 9347
f 8864 9107 9197
f 7206 7167 7173
f 5814 5750 5704
f 5179 5050 5126
f 6190 6287 6223
f 8167 8345 8122
f 6711 6760 6797
f 5736 5802 5692
f 6498 6496 6590
f 1439 1682 1681
f 3615 3673 3672
f 1222 1113 1114
f 713 752 561
f 10023 9958 9816
f 4197 4118 4153
f 2273 2009 2340
f 4904 4903 4839
f 5434 5312 5555
f 6863 6740 6864
f 5665 5492 5666
f 1686 1758 1633
f 778 695 779
f 8947 8863 9104
f 8535 8595 8475
f 812 719 917
f 3857 3783 3858
f 1402 1460 1331
f 5604 5767 5766
f 6393 6211 6311
f 4631 4473 4632
f 2990 3048 2989
f 5637 5339 5638
f 3845 3874 3931
f 7473 7516 7513
f 2778 2605 2417
f 7953 7803 7906
f 9845 9912 9710
f 7480 7269 7481
f 4125 4090 4129
f 9892 10028 9821
f 7290 7363 7429
f 1091 1203 1090
f 6793 6836 6832
f 5440 5446 5563
f 4328 4569 4521
f 1368 1191 1483
f 1398 1263 1451
f 8122 7976 8167
f 8006 7970 8085
f 9421 9607 9457
f 6138 6028 6026
f 6406 6408 6407
f 2547 2356 2357
f 1606 1607 1798
f 7547 7619 7435
f 9097 9287 8858
f 1698 1701 2058
f 8634 8396 8711
f 10284 10342 10233
f 6702 6824 6701
f 10114 10237 9977
f 5954 5806 5903
f 5766 5779 5551
f 6133 6132 6219
f 3870 3871 3927
f 2479 2289 2419
f 5531 5532 5283
f 4278 4202 4279
f 1352 1180 1353
f 7528 7618 7650
f 821 771 612
f 4713 4766 4938
f 240 217 184
f 1526 1654 1781
f 1117 1055 1057
f 4147 4309 4227
f 4834 4785 4900
f 3260 3434 3395
f 157 116 133
f 5292 5412 5116
f 2410 2409 2279
f 670 794 708
f 8022 8021 7948
f 9952 9880 10019
f 7069 6942 7068
f 4923 5171 4981
f 8007 7955 7956
f 6360 6218 6158
f 10673 10691 10695
f 7799 7745 7710
f 3406 3374 3152
f 1989 1982 1685
f 8327 8378 8431
f 652 512 576
f 2329 2124 2260
f 8360 8469 8409
f 7559 7593 7496
f 3271 3368 3367
f 10382 10383 10485
f 8767 8448 8625
f 4038 4179 4108
f 2059 2285 2268
f 4203 4204 4370
f 9834 9698 9699
f 3875 3795 3876
f 6912 7084 7128
f 6783 6695 6746
f 4136 4069 4171
f 4232 4356 4264
f 6241 6331 6283
f 4732 4664 4610
f 481 482 546
f 8068 8284 8149
f 7873 7979 7949
f 7565 7638 7564
f 1669 1427 1670
f 1676 1974 1809
f 10256 10078 10014
f 61 62 83
f 528 397 461
f 5319 5373 5187
f 7893 7915 7815
f 3948 3900 4011
f 4494 4440 4495
f 7938 7898 7866
f 9525 8988 9336
f 1104 1215 1214
f 9557 9287 9097
f 2021 1952 2156
f 9373 9637 9636
f 763 865 920
f 6377 6183 6181
f 1667 1291 1730
f 2431 2372 2298
f 7225 7226 7282
f 9867 9935 9735
f 3096 3193 2949
f 3731 3711 3755
f 2287 2417 2286
f 9225 9224 8967
f 9899 9687 9966
f 432 467 535
f 5953 6005 6062
f 9195 9103 9294
f 7511 7512 7571
f 5603 5427 5486
f 2540 2351 2412
f 6806 6731 6685
f 2480 2230 2295
f 1845 2000 2067
f 3288 3195 3060
f 6142 6143 6251
f 533 671 532
f 3695 3608 3665
f 5847 5635 5836
f 5032 4850 4851
f 9209 9027 9208
f 2877 2596 2824
f 10049 10120 10119
f 4310 4186 4311
f 3652 3541 3623
f 1053 1223 1274
f 3526 3560 3456
f 7203 7232 7231
f 5355 5417 5416
f 4869 4987 4868
f 6212 6215 6157
f 10211 10210 9808
f 3275 3369 3324
f 4889 4821 4993
f 268 351 326
f 2472 2656 2658
f 3702 3709 3655
f 10430 10577 10485
f 2104 1970 1749
f 4825 5001 4913
f 5129 5182 5054
f 1 9 8
f 1629 1630 1756
f 4596 4777 4776
f 5128 4708 4878
f 5646 5585 5748
f 4164 4065 4134
f 9868 9582 9791
f 10127 10245 10247
f 1891 1678 1814
f 9190 9011 9012
f 7031 6903 7069
f 2183 2182 2042
f 3767 3809 3736
f 91 90 82
f 4840 4789 4727
f 4291 4173 4298
f 6926 6971 6969
f 6950 7076 6993
f 8387 8503 8567
f 3519 3550 3630
f 9149 8982 9150
f 5684 5624 5780
f 154 113 131
f 8620 8504 8617
f 58 65 112
f 1088 1166 1093
f 3614 3590 3672
f 1524 1346 1653
f 3691 3720 3663
f 5241 5419 5418
f 4142 4074 4143
f 7772 7825 7824
f 1795 1953 1735
f 4620 4680 4634
f 9324 9218 9225
f 8300 8454 8453
f 2702 2705 2863
f 3584 3556 3452
f 5005 5318 5321
f 8507 8623 8506
f 2022 1605 1735
f 818 867 726
f 8430 8611 8429
f 1802 1612 1613
f 5661 5925 5824
f 9283 9184 9281
f 4274 4366 4327
f 10616 10552 10584
f 9030 9405 9404
f 2228 2359 2287
f 1896 2047 1819
f 7032 7037 6946
f 9152 9254 8983
f 7948 7833 7950
f 7710 7870 7799
f 2241 2374 2240
f 2351 2540 2280
f 2784 2729 2838
f 10409 10285 10286
f 5840 5800 5727
f 9577 9295 9482
f 8430 8284 8492
f 1972 1974 2176
f 310 259 309
f 7703 7591 7668
f 830 544 825
f 7272 7310 7342
f 133 134 161
f 3755 3808 3834
f 1893 2043 2256
f 993 934 935
f 10024 10142 10197
f 9899 9966 9887
f 6445 6374 6446
f 3273 3269 3144
f 7751 7835 7777
f 7168 7361 7427
f 4411 4282 4412
f 7156 7024 7023
f 5878 5831 5777
f 945 891 838
f 8298 8166 8391
f 7906 7847 7994
f 10367 10543 10456
f 9090 9007 9091
f 3675 3670 3587
f 6840 6587 6838
f 2134 2394 2199
f 6313 6476 6265
f 4105 4223 4143
f 7591 7532 7668
f 8839 8703 8700
f 5237 5322 5267
f 730 772 613
f 4199 4273 4198
f 7537 7535 7390
f 3878 3834 3888
f 4453 4562 4561
f 5742 5640 5459
f 3315 3314 3188
f 7262 7239 7170
f 2639 2509 2510
f 1465 1522 1276
f 6293 6343 6422
f 5549 5424 5361
f 9101 9387 9015
f 9423 9139 9236
f 9571 9726 9569
f 3147 3326 3277
f 632 531 633
f 5006 4944 4774
f 3008 2913 2802
f 3472 3366 3471
f 750 633 852
f 9182 9093 9094
f 2210 1934 2211
f 9461 9374 9555
f 4707 4823 4644
f 9128 9044 9227
f 3381 3380 3294
f 6873 6821 6874
f 4191 4114 4152
f 2036 2174 1969
f 5585 5406 5470
f 4988 4816 4871
f 8748 8678 8902
f 1998 2067 2200
f 7542 7433 7471
f 3525 3451 3554
f 9197 9107 9296
f 5727 5625 5626
f 5634 5740 5739
f 10040 10166 10044
f 6351 6208 6152
f 9781 9851 9288
f 2776 2719 2777
f 908 972 1091
f 7408 7474 7407
f 7062 7061 7013
f 6064 6065 6119
f 6905 6867 6989
f 6063 6190 6170
f 2756 2524 2757
f 7759 7847 7716
f 6678 6534 6679
f 6436 6336 6337
f 3399 3533 3535
f 468 404 364
f 3336 3337 3241
f 9200 9299 9378
f 9831 9830 9625
f 8742 8607 8483
f 6992 7075 7033
f 7873 7833 7775
f 7731 7649 7614
f 9559 9379 9560
f 2789 2902 2844
f 8530 8471 8310
f 9591 9879 9878
f 9349 9432 9429
f 481 545 480
f 6417 6454 6456
f 8627 8572 8391
f 7616 7615 7545
f 3086 2882 3033
f 4973 4745 4856
f 8702 8447 8622
f 8306 8175 8404
f 6031 6246 5977
f 2099 2100 1881
f 889 845 890
f 10144 10308 10272
f 6895 6936 7018
f 5073 4947 5197
f 5091 5209 5155
f 9842 9977 9841
f 4084 4127 4148
f 8207 8304 8258
f 1353 1286 1474
f 6035 5979 6090
f 10693 10700 10692
f 8865 8645 8783
f 229 283 199
f 4390 4438 4437
f 584 550 583
f 1294 1427 1540
f 8223 8219 8370
f 9127 9320 9039
f 10026 9755 9890
f 8733 8732 8801
f 1132 1365 1481
f 9716 9852 9715
f 527 556 496
f 7722 7721 7608
f 2943 2838 2989
f 6736 6571 6605
f 2339 2139 2205
f 2034 1888 1807
f 8746 8555 8676
f 9665 9876 9745
f 7793 7813 7922
f 7737 7700 7738
f 1539 1364 1605
f 7781 7885 7755
f 9328 9606 9232
f 10061 9729 9996
f 8992 8837 8838
f 7998 8153 8193
f 1345 1281 1350
f 4180 4305 4179
f 1329 1171 1328
f 6521 6616 6620
f 10154 10210 10264
f 6432 6300 6389
f 10079 9876 9946
f 192 191 111
f 6575 6549 6483
f 4328 4276 4326
f 8349 8396 8254
f 10353 10297 10418
f 3051 2954 2945
f 9162 9165 8920
f 525 457 458
f 427 463 428
f 1919 2065 2064
f 962 1026 1025
f 4736 4668 4557
f 8918 8750 8917
f 4539 4596 4492
f 6869 6907 6817
f 2115 2324 2181
f 8413 8366 8537
f 5627 5795 5567
f 4035 4144 4174
f 113 154 173
f 6164 6217 6363
f 6444 6407 6515
f 7083 7127 7082
f 9746 9876 9665
f 117 154 155
f 1338 1647 1517
f 4343 4388 4434
f 3697 3766 3696
f 10201 10076 10146
f 787 954 849
f 7845 7885 7781
f 104 73 74
f 3511 3370 3366
f 1192 1138 1296
f 6847 6713 6846
f 6071 5961 6124
f 4635 4634 4532
f 727 685 372
f 9608 9606 9695
f 4227 4309 4349
f 7136 6887 7186
f 6370 6441 6321
f 8331 8107 8190
f 9784 9859 9725
f 10496 10327 10328
f 1 2 3
f 2085 2357 2356
f 4832 4781 4654
f 1568 1700 1765
f 6045 6152 6044
f 9610 9822 10030
f 1182 1236 1419
f 6550 6483 6402
f 556 557 667
f 3458 3493 3457
f 9408 8883 9410
f 8940 9099 9013
f 4444 4337 4231
f 5605 5744 5487
f 7580 7626 7579
f 9044 9128 8890
f 8860 8782 8715
f 9061 8977 8978
f 6511 6546 6510
f 4184 4109 4110
f 8640 8460 8641
f 7999 7851 7916
f 4016 4046 3952
f 7601 7672 7536
f 8992 8991 9058
f 8935 9180 9279
f 9056 9143 8899
f 8306 8209 8175
f 3187 3313 3312
f 1959 1877 1484
f 7550 7522 7552
f 3667 3696 3713
f 8744 8610 8745
f 8217 8315 8414
f 4926 4986 5045
f 2593 2713 2712
f 4211 4282 4210
f 7017 6979 6935
f 6261 6159 5995
f 49 13 23
f 5245 5361 5302
f 9439 9624 9693
f 6861 6940 6860
f 2519 2577 2332
f 7855 7856 8002
f 9399 9746 9665
f 2995 2950 2843
f 9301 9655 9393
f 3750 3732 3704
f 8270 8178 8271
f 533 399 464
f 6086 6191 6245
f 628 591 459
f 3938 3804 3939
f 8052 7945 8053
f 9735 9582 9580
f 9808 9591 9651
f 10043 10044 10235
f 758 602 641
f 1700 1569 1840
f 6275 6326 6177
f 122 123 83
f 7821 7934 7860
f 8276 8544 8480
f 9044 8891 8892
f 9081 8706 8844
f 5267 5322 5191
f 1862 1940 1861
f 4220 4138 4288
f 9646 9475 9569
f 10503 10535 10336
f 451 426 455
f 2848 2907 2798
f 7623 7622 7484
f 9064 9249 9043
f 10215 10214 10020
f 4961 5097 5100
f 359 429 360
f 7064 6897 7022
f 3418 3376 3451
f 3476 3516 3404
f 4972 5034 5164
f 8902 8903 9247
f 5845 5949 5900
f 1796 1669 1670
f 4403 4452 4453
f 8238 8292 8244
f 2171 2504 2309
f 9968 9692 9969
f 9889 9960 10025
f 6825 6914 6956
f 8531 8410 8590
f 10355 10301 10424
f 129 93 130
f 604 721 805
f 1880 1960 1611
f 2290 2157 2362
f 6784 6613 6699
f 7254 7288 7357
f 7158 7025 7159
f 7421 7420 7349
f 5366 5430 5489
f 2876 2878 2718
f 6689 6573 6644
f 8240 8289 8334
f 6142 6035 6143
f 6747 6820 6696
f 1648 1848 1847
f 508 372 373
f 7904 7872 7800
f 7119 7030 7198
f 3740 3695 3665
f 10029 10030 10161
f 10517 10424 10586
f 1726 1597 1661
f 7248 7380 7315
f 7524 7525 7628
f 2152 1951 2020
f 5339 5216 5458
f 8559 8560 8752
f 6408 6375 6486
f 5977 5827 6031
f 9500 9316 9407
f 3506 3532 3596
f 655 620 579
f 1333 1403 1269
f 7827 7709 7828
f 4241 4272 4123
f 419 418 381
f 10630 10660 10525
f 8314 8594 8535
f 1903 2124 2123
f 1251 1310 1252
f 6088 6140 6033
f 2792 2679 2791
f 3338 3305 3337
f 4197 4087 4237
f 10643 10628 10644
f 854 963 853
f 9418 9417 9228
f 5743 5698 5659
f 381 296 348
f 729 372 508
f 8882 8962 8963
f 5023 5022 4900
f 1386 1385 1199
f 153 113 173
f 10559 10558 10008
f 9751 9956 9883
f 9124 9219 9217
f 9131 9129 9321
f 1324 1451 1263
f 4021 4022 3989
f 9058 8901 8979
f 4196 4269 4237
f 2752 2753 2920
f 3261 3182 3217
f 5108 4917 4968
f 9859 9784 9929
f 642 499 603
f 2984 3092 3042
f 9786 9649 9728
f 8484 8672 8673
f 1714 1648 1775
f 2526 2338 2396
f 4496 4605 4498
f 1825 1807 1633
f 9788 9575 9576
f 3349 3461 3307
f 304 394 276
f 2022 1735 2089
f 5125 4820 5050
f 1502 1448 1636
f 9887 9886 9215
f 3826 3815 3719
f 10491 10492 10617
f 317 237 263
f 3362 3423 3380
f 6136 5927 6087
f 6088 6089 6196
f 3238 3283 3100
f 8689 9156 8913
f 4530 4413 4414
f 539 646 608
f 5772 5874 5873
f 9344 9255 9071
f 3715 3629 3659
f 48 61 60
f 3086 3085 2882
f 4923 4805 4806
f 4294 4293 4251
f 4766 4823 4889
f 2742 2799 2565
f 2012 1856 1934
f 2178 2317 2316
f 9821 9893 9676
f 6905 6815 6781
f 1855 1933 2011
f 6103 5992 6154
f 6988 6986 6862
f 2304 2376 2499
f 175 162 176
f 2542 2662 2541
f 6191 5925 6136
f 1633 1747 1548
f 10470 10622 10301
f 2277 2144 2075
f 5537 5649 5415
f 1952 1603 1734
f 4261 4306 4390
f 5628 5732 5730
f 10441 10606 10560
f 824 823 730
f 5328 5192 5437
f 7262 7170 7124
f 1342 1227 1345
f 6104 5941 6049
f 8497 8496 8334
f 9466 9565 9640
f 7751 7605 7716
f 4221 4253 4106
f 5092 5210 5156
f 2044 2183 1891
f 535 467 565
f 4018 3848 3991
f 10518 10664 10623
f 5090 5089 4909
f 723 645 817
f 7280 7249 7222
f 10517 10586 10619
f 1284 1121 1275
f 4572 4523 4465
f 9939 10006 10138
f 4402 4323 4269
f 487 417 322
f 9232 9138 9328
f 10533 10609 10539
f 3134 3041 3130
f 5218 5217 5161
f 4275 4274 4124
f 9888 9961 9818
f 6236 6409 6450
f 10293 10350 10059
f 8826 8686 8687
f 6008 5955 6114
f 4633 4476 4477
f 6925 6968 7014
f 6665 6709 6708
f 6941 7029 6939
f 8270 8271 8476
f 3843 3823 3824
f 9872 10069 10007
f 3571 3736 3684
f 2800 2802 2913
f 7593 7495 7496
f 2044 2256 2183
f 1200 1078 1149
f 10202 10077 10383
f 4730 4841 4790
f 7434 7544 7516
f 10432 10257 10525
f 2686 2497 2564
f 2112 1978 1812
f 4741 4797 4613
f 1196 1083 1153
f 5576 5659 5698
f 8927 9001 9169
f 3996 4088 3960
f 4644 4766 4643
f 5015 5007 4831
f 2829 2828 2722
f 2412 2352 2541
f 10320 10261 10262
f 4025 3965 4024
f 5259 5150 5264
f 8486 8425 8323
f 420 297 349
f 9431 9350 9686
f 1605 1874 1539
f 8228 8280 8147
f 1841 1994 2061
f 6104 6083 5888
f 6293 6422 6292
f 6811 6737 6686
f 6524 6525 6583
f 7911 7885 7913
f 8928 8572 8768
f 10147 10378 10379
f 2392 2453 2264
f 10093 10094 10198
f 2205 2340 2399
f 5136 5135 5159
f 4732 4610 4665
f 3613 3645 3587
f 2494 2627 2626
f 10518 10623 10362
f 7276 7314 7192
f 10607 10500 10592
f 7003 6837 7005
f 3657 3547 3602
f 8325 8227 8282
f 10409 10452 10285
f 9184 8938 8937
f 9445 9768 9831
f 7345 7414 7377
f 7845 7913 7885
f 9126 9221 9125
f 3698 3723 3769
f 1596 1661 1479
f 9706 9549 9550
f 9416 9821 9676
f 1969 1968 1889
f 3699 3725 3646
f 8750 8680 8681
f 10260 10324 10391
f 7350 7422 7251
f 9339 9160 9161
f 5346 5345 5164
f 10396 10529 10569
f 6640 6571 6736
f 6546 6607 6543
f 7409 7298 7371
f 2615 2484 2420
f 4201 4329 4277
f 2215 2469 2468
f 5366 5306 5181
f 863 717 718
f 2587 2403 2530
f 8871 8720 8786
f 3034 3124 3179
f 5526 5634 5525
f 10693 10671 10685
f 5821 5764 5763
f 2487 2363 2422
f 1126 1181 1060
f 4983 4922 4982
f 4324 4241 4325
f 1957 2233 2093
f 3872 3822 3841
f 10021 9810 9954
f 8260 8091 8212
f 217 321 216
f 3833 3784 3859
f 6668 6715 6767
f 9845 9778 9927
f 10364 10304 10192
f 4298 4150 4149
f 10476 10520 10309
f 1914 1765 1839
f 1003 828 1131
f 1381 1312 1439
f 7053 6973 6801
f 45 67 96
f 8247 8389 8294
f 10678 10685 10671
f 740 947 839
f 10249 10265 10156
f 7903 7873 7832
f 7121 7072 7203
f 2506 2511 2641
f 1308 1150 1197
f 3628 3606 3548
f 725 646 647
f 8501 8387 8567
f 10134 10302 10003
f 971 1089 970
f 2093 1799 1957
f 7748 7749 7714
f 3969 4135 4068
f 5723 5724 5881
f 2383 2443 2444
f 8685 8824 8823
f 8967 8807 8968
f 6591 6629 6528
f 1315 1204 1092
f 3886 3914 3941
f 9868 9736 9582
f 1706 1768 1705
f 8292 8337 8439
f 8088 7941 8051
f 7720 7780 7805
f 6232 6121 6175
f 1516 1575 1403
f 1511 1454 1641
f 553 456 554
f 8553 8427 8428
f 10266 10395 10438
f 4163 4213 4162
f 6055 5997 5999
f 6600 6464 6569
f 1358 1478 1531
f 3956 3957 4054
f 7168 7328 6945
f 7026 6901 7028
f 8009 8046 7971
f 761 815 760
f 1126 1235 1234
f 4223 4174 4301
f 2466 2404 2144
f 10031 10222 10030
f 4510 4560 4450
f 9788 9787 9575
f 5076 5259 5075
f 2605 2722 2603
f 3808 3755 3754
f 6915 6999 6824
f 5003 5152 4945
f 8857 8794 8956
f 5199 5147 5021
f 5562 5253 5503
f 6295 6246 6247
f 2549 2606 2359
f 10069 10140 10367
f 528 461 558
f 4751 4866 4812
f 9368 9458 9177
f 1016 1018 1015
f 5626 5841 5727
f 6490 6520 6582
f 5185 5059 5249
f 7973 8047 7865
f 8137 8139 8269
f 10241 10175 10176
f 7679 7641 7718
f 9488 9738 9487
f 5472 5707 5753
f 1559 1690 1445
f 5444 5445 5497
f 3287 3157 3235
f 7723 7806 7722
f 9478 9194 9195
f 3108 3292 3293
f 5293 5537 5292
f 1725 1594 1662
f 6239 6081 6282
f 1248 1247 1140
f 9992 9930 9991
f 2387 2512 2324
f 4222 4221 4104
f 371 473 344
f 7199 7200 7254
f 2907 2848 3058
f 1318 1316 1159
f 7713 7672 7747
f 1659 1354 1590
f 7132 7184 7131
f 4331 4244 4371
f 1369 1192 1296
f 8539 8370 8367
f 6478 6509 6477
f 1611 1361 1487
f 4981 5116 4982
f 3477 3517 3476
f 9896 10029 10161
f 9003 8769 8845
f 6041 5933 5837
f 4208 4094 4244
f 8370 8603 8663
f 5097 5214 5213
f 4316 4206 4191
f 8329 8330 8433
f 4082 4312 4187
f 5276 5161 5217
f 9492 9302 9490
f 8128 8355 8403
f 6574 6512 6608
f 7397 7430 7365
f 4404 4565 4564
f 10131 10002 10188
f 5105 5222 5221
f 2336 2198 2066
f 9770 9963 9764
f 1731 1950 1869
f 6489 6501 6424
f 501 534 566
f 5473 5348 5588
f 4021 3960 4088
f 10207 9948 9878
f 4133 4096 4024
f 142 206 203
f 9003 8845 9004
f 9911 9710 9912
f 2661 2593 2538
f 9824 9763 10033
f 6491 6411 6558
f 6245 6288 6337
f 5496 5724 5723
f 4173 4150 4298
f 3777 3801 3734
f 7077 7034 6870
f 3975 3925 3896
f 3223 2897 3139
f 2617 2734 2553
f 7952 7951 7874
f 3197 2954 3140
f 6589 6795 6587
f 2271 2395 2135
f 762 761 569
f 9385 9386 9473
f 7058 6968 7059
f 6642 6735 6686
f 905 859 906
f 9642 9782 9856
f 6272 6121 6273
f 4857 5112 4919
f 743 841 844
f 7616 7545 7546
f 7955 7839 7956
f 10582 10357 10356
f 8442 8336 8443
f 9371 9710 9553
f 10132 10068 9792
f 1815 1751 1623
f 2945 2840 3051
f 10071 10198 10307
f 7114 7223 7113
f 1797 1670 1736
f 10676 10675 10653
f 7613 7648 7612
f 1623 1554 1815
f 1404 1403 1270
f 1785 1784 1659
f 140 91 121
f 6465 6537 6638
f 4378 4294 4532
f 7464 7405 7406
f 10403 10032 10333
f 965 795 855
f 7458 7356 7500
f 6740 6690 6864
f 10637 10462 10549
f 6561 6658 6662
f 5870 5718 5825
f 2704 2588 2533
f 1347 1228 1229
f 3518 3485 3442
f 2063 2133 1706
f 3162 3247 3200
f 9207 8954 9209
f 6991 6990 6948
f 5820 5869 5970
f 5727 5631 5520
f 4948 4658 4663
f 6202 6350 6349
f 7318 7225 7282
f 120 163 162
f 3570 3543 3473
f 2169 2306 2031
f 9679 9895 9833
f 2221 2284 2301
f 6915 6877 6806
f 10557 10558 10454
f 5160 4987 4963
f 5283 5466 5224
f 9496 9596 9668
f 3077 3298 3297
f 10243 10179 10123
f 7379 7378 7192
f 8484 8150 8373
f 5453 5515 5270
f 7857 7816 7795
f 2343 2342 2206
f 8717 8643 8644
f 10204 10080 10205
f 6308 6105 6359
f 1836 1764 1766
f 5793 5729 5890
f 9161 8990 9075
f 9040 9415 9509
f 9694 9830 9531
f 10315 10316 10377
f 267 172 326
f 6733 6639 6774
f 9669 9815 9884
f 5972 6084 6135
f 7738 7765 7808
f 1763 1699 1837
f 1866 1535 1867
f 3043 2984 2833
f 1380 1496 1311
f 674 638 803
f 4085 4118 4117
f 5865 5758 5759
f 8364 8476 8271
f 7902 7869 7942
f 4328 4570 4407
f 1599 1665 1793
f 1958 1740 1877
f 6397 6319 6224
f 7347 7380 7248
f 5824 5823 5660
f 4512 4404 4564
f 1850 1716 1776
f 7819 7742 7770
f 2525 2337 2526
f 3447 3579 3552
f 1856 2013 1934
f 4834 4784 4785
f 8442 8379 8291
f 3100 3001 2905
f 478 378 479
f 1100 1212 1040
f 8147 8027 8148
f 473 573 474
f 3759 3811 3863
f 6161 6212 6051
f 9471 9647 9570
f 6148 6302 6256
f 7410 7437 7338
f 9858 9645 9928
f 7617 7618 7662
f 2310 2437 2172
f 8570 8619 8699
f 6668 6590 6716
f 4937 4998 5131
f 6743 6648 6693
f 7105 7245 7216
f 5000 4938 4766
f 568 605 721
f 3639 3694 3522
f 2177 2107 2178
f 10231 10109 10279
f 1929 1930 1781
f 3224 3267 3190
f 4019 4118 4085
f 2735 2785 2366
f 1422 1536 1239
f 10307 10197 10254
f 169 150 218
f 3992 3909 3995
f 10637 10549 10649
f 10512 10493 10431
f 4496 4351 4602
f 8918 8762 8837
f 4716 4825 4646
f 5177 5048 5242
f 347 377 415
f 4576 4629 4694
f 4242 4273 4199
f 1418 1357 1182
f 7302 7240 7178
f 723 866 816
f 8651 8470 8526
f 5648 5752 5706
f 2907 2797 2798
f 4666 4665 4610
f 2069 2007 2070
f 6763 6802 6713
f 3624 3654 3682
f 4645 4589 4670
f 2167 2245 2166
f 5092 4843 5093
f 4486 4714 4590
f 4363 4457 4456
f 59 39 71
f 1236 1183 1184
f 416 417 486
f 3344 3251 3252
f 2849 3003 3000
f 2005 2006 2204
f 8043 7984 8004
f 1130 1241 1065
f 3456 3560 3507
f 10253 10138 10006
f 9671 9798 9754
f 3738 3785 3716
f 1003 1065 1002
f 2888 2839 2614
f 6994 6871 6908
f 5046 5175 5174
f 3231 3193 3277
f 8226 8186 8147
f 4335 4414 4413
f 6142 6251 6197
f 9535 9523 9333
f 3220 3311 3219
f 8527 8526 8407
f 10601 10497 10602
f 9463 9189 9285
f 3443 3573 3481
f 7 12 18
f 8983 8907 8823
f 9154 9345 9445
f 8283 8148 8326
f 5576 5601 5659
f 9602 9818 9757
f 2799 2955 2852
f 10593 10520 10476
f 7339 7265 7298
f 9615 9536 9765
f 8911 8688 8827
f 7851 7789 7812
f 8749 8820 8819
f 2238 2246 2372
f 7267 7179 7247
f 2078 2079 2279
f 5339 5397 5215
f 7471 7405 7464
f 8836 8750 8681
f 5853 6011 5909
f 9261 8912 8913
f 8578 8712 8456
f 428 496 459
f 9767 9830 9826
f 5346 5230 5288
f 4986 4867 4868
f 8447 8340 8339
f 1811 1975 1676
f 3197 3061 2954
f 8497 8692 8496
f 9089 9090 9179
f 4629 4576 4285
f 5461 5277 5220
f 9305 9586 9304
f 9643 9555 9468
f 8298 8391 8449
f 8277 8185 8278
f 10475 10008 10141
f 81 38 88
f 4452 4318 4360
f 3063 3007 2914
f 8924 8997 8923
f 5051 4931 4708
f 4999 5062 5133
f 7568 7680 7509
f 8667 8605 8668
f 9504 9511 9503
f 990 768 927
f 4481 4480 4381
f 6982 7065 7023
f 1746 1747 1807
f 2572 2751 2805
f 9920 9716 9639
f 5244 5124 5049
f 10578 10509 10347
f 9495 9308 9115
f 10505 10508 10413
f 4438 4654 4547
f 7043 7005 7044
f 8489 8228 8324
f 10343 10169 10235
f 3954 3848 4018
f 8813 8675 8814
f 11 21 37
f 5852 5746 5909
f 1684 1632 1757
f 4406 4365 4463
f 3991 3910 4019
f 3472 3541 3540
f 6657 6619 6701
f 5634 5739 5633
f 4747 4569 4681
f 8527 8408 8587
f 439 368 369
f 517 447 585
f 3307 3178 3349
f 5148 5075 5259
f 2094 1608 2095
f 2154 2155 1952
f 5597 5480 5598
f 3330 3197 3289
f 9951 9850 9809
f 8994 9449 9246
f 1473 1527 1586
f 5488 5489 5552
f 10286 10285 9973
f 10699 10703 10698
f 3398 3507 3435
f 1582 1581 1468
f 9577 9388 9295
f 1864 1941 1942
f 2966 3017 3072
f 9055 8900 9142
f 3319 3400 3439
f 8144 8219 8182
f 6887 7133 7185
f 10468 10250 10187
f 6048 6156 5995
f 1917 1842 1704
f 977 1094 911
f 9224 9416 9134
f 2821 3118 3078
f 2339 2459 2396
f 5718 5489 5770
f 5904 6113 5903
f 9112 8788 9302
f 2402 2403 2529
f 6853 6935 6979
f 3382 3381 3294
f 2890 2818 2929
f 3093 3190 3137
f 3091 3042 3216
f 280 258 361
f 2190 2260 2124
f 9843 9551 9709
f 5240 4927 5120
f 9394 9304 9586
f 1698 1508 1639
f 6010 5957 5909
f 9230 9327 8969
f 7115 7026 7028
f 2614 2485 2484
f 9751 9883 9813
f 1238 1289 1237
f 8617 8504 8506
f 1214 981 1104
f 2112 2111 1978
f 3450 3334 3417
f 8023 8137 8138
f 1743 1878 1883
f 216 320 183
f 1636 1986 1761
f 10415 10347 10509
f 3350 3257 3352
f 5994 6105 5993
f 3183 3165 3166
f 4625 4522 4466
f 6503 6502 6426
f 2478 2667 2665
f 7215 7145 7105
f 6644 6740 6779
f 7889 7919 7849
f 878 1002 940
f 2133 2062 1706
f 8701 8447 8702
f 4461 4520 4460
f 4915 4848 4966
f 688 687 731
f 7197 7284 7227
f 4352 4441 4394
f 9431 9349 9350
f 1360 1290 1361
f 5096 4844 4795
f 5414 5412 5589
f 10648 10599 10647
f 10458 10347 10414
f 9481 9389 9579
f 2883 3088 3037
f 9599 9672 9873
f 7538 7463 7427
f 8797 8653 8361
f 970 860 799
f 4430 4542 4491
f 3414 3411 3329
f 8772 8934 8709
f 2586 2403 2587
f 7580 7579 7414
f 5197 4947 4834
f 5781 5989 6040
f 51 170 187
f 1902 1685 1756
f 8163 8203 8249
f 5754 5753 5707
f 3123 3128 3178
f 2375 2498 2628
f 4398 4353 4264
f 2482 2154 2360
f 3170 3114 3296
f 1358 1184 1478
f 8325 8426 8324
f 9945 9944 9799
f 739 842 841
f 7989 8099 7988
f 3611 3670 3675
f 1523 1472 1469
f 7176 7174 7175
f 3454 3557 3489
f 9489 9488 9111
f 9140 9331 9427
f 4742 4671 4672
f 345 318 410
f 5777 5832 5878
f 3987 3952 4046
f 3226 3054 3229
f 9983 10173 10047
f 402 362 433
f 3624 3682 3653
f 920 815 814
f 4357 4233 4399
f 428 459 358
f 8148 8027 8026
f 10303 10652 10620
f 1474 1286 1415
f 2818 2834 2891
f 7557 7663 7698
f 9312 9593 9592
f 6939 6938 6859
f 2564 2498 2687
f 4404 4512 4360
f 5012 5002 4776
f 2605 2882 2779
f 6536 6601 6502
f 4132 4211 4210
f 5747 5702 5584
f 3925 3892 3864
f 2611 2725 2831
f 4998 4937 4886
f 3738 3720 3788
f 3594 3560 3611
f 9919 9716 9920
f 7758 7764 7737
f 1410 1279 1412
f 1531 1725 1724
f 4713 4587 4766
f 6909 6950 6872
f 8961 9215 9032
f 6690 6943 6864
f 1360 1289 1238
f 1249 1143 1302
f 5229 5470 5406
f 1224 1520 1340
f 6942 7069 6903
f 10520 10625 10521
f 1485 1490 1614
f 2238 2431 2097
f 3533 3592 3535
f 88 59 89
f 7971 8005 7969
f 4479 4638 4533
f 6030 5929 5664
f 4446 4266 4354
f 6613 6555 6614
f 5887 5886 5789
f 5399 5464 5223
f 75 76 42
f 9639 9468 9556
f 5996 5791 5944
f 6086 6287 6190
f 10660 10474 10525
f 6081 6079 6240
f 6831 6660 6792
f 4322 4362 4240
f 2188 2049 2189
f 3680 3705 3623
f 4912 4873 4845
f 8485 8669 8422
f 7675 7748 7638
f 10212 10019 10214
f 3781 3886 3885
f 5700 5533 5645
f 4994 4880 5056
f 719 718 644
f 5488 5366 5489
f 3483 3519 3454
f 9529 9690 9622
f 5358 5480 5479
f 4016 3931 3976
f 4296 4295 4169
f 5279 5461 5220
f 7873 7947 7979
f 4605 4839 4604
f 1047 985 921
f 9655 10140 9940
f 10274 10035 10224
f 5471 5346 5411
f 876 732 774
f 194 276 275
f 2605 2778 2882
f 2274 2528 2461
f 10345 10236 10168
f 10343 10235 10410
f 1998 1999 2067
f 3805 3683 3807
f 8905 9064 9043
f 3533 3593 3647
f 4847 4960 4735
f 2792 3148 3147
f 665 627 525
f 10637 10461 10462
f 7448 7436 7382
f 10306 9655 10008
f 6182 6018 6127
f 6216 6109 6164
f 9096 9189 9284
f 5835 5967 5834
f 1744 1885 2027
f 3608 3695 3639
f 3875 3846 3795
f 2214 2406 2213
f 2069 1927 2007
f 1198 965 1253
f 5987 5940 5839
f 7809 7849 7762
f 9350 9447 9686
f 3880 3879 3959
f 9983 10051 10173
f 5461 5462 5577
f 3487 3414 3412
f 6513 6555 6613
f 4457 4621 4456
f 715 806 640
f 9832 9895 10039
f 6 18 30
f 9028 9212 9311
f 2869 2711 2767
f 8802 8658 8659
f 3571 3626 3545
f 2901 2994 2676
f 1972 1809 1974
f 6263 6362 6215
f 5942 6049 5941
f 4087 4196 4237
f 1016 944 783
f 1922 1846 1923
f 3472 3540 3366
f 2044 1892 1815
f 5995 6158 6049
f 9526 9248 9515
f 6225 6224 5957
f 8290 8387 8386
f 4763 4535 4764
f 8927 8766 8843
f 7429 7508 7466
f 8443 8761 8696
f 5429 5482 5550
f 710 749 632
f 397 337 396
f 1556 1817 1752
f 6391 6304 6471
f 824 730 614
f 8797 8361 8532
f 3273 3323 3322
f 1411 1523 1412
f 9942 10070 9941
f 9677 9759 9511
f 2052 1906 2053
f 9374 9280 9092
f 5548 5424 5549
f 10412 10507 10506
f 10318 10427 10366
f 383 384 490
f 9809 9850 9667
f 4923 4865 4984
f 469 537 436
f 951 948 949
f 9830 9694 9625
f 7517 7439 7548
f 9716 9715 9639
f 4271 4319 4238
f 830 734 547
f 3310 3397 3316
f 1138 1246 1300
f 10280 10281 10408
f 1245 1429 1482
f 2066 2198 1997
f 8085 7970 8005
f 3959 3958 3880
f 1053 1116 928
f 6452 6447 6517
f 2044 1815 1893
f 372 610 410
f 5130 5057 4822
f 5155 5208 4957
f 5636 5806 5593
f 4011 4039 4038
f 2242 2497 2496
f 4407 4276 4328
f 6833 6758 6793
f 2749 2638 2692
f 10423 10357 10582
f 7192 7313 7346
f 1567 1324 1399
f 9527 9342 9149
f 3701 3728 3674
f 6558 6523 6583
f 4335 4413 4247
f 7837 7906 7835
f 10038 9903 10106
f 1991 1838 1765
f 2133 2197 2393
f 3115 3077 2872
f 9879 9808 9950
f 6521 6520 6452
f 7116 7195 7227
f 5671 5558 5615
f 4509 4613 4400
f 2773 2772 2666
f 3345 3301 3302
f 919 1044 983
f 2993 2948 2676
f 4007 4028 4006
f 2371 2559 2491
f 2668 2287 2606
f 8622 8922 8702
f 10113 10112 10285
f 4320 4321 4361
f 2773 2879 2772
f 8312 8313 8473
f 230 231 306
f 743 744 845
f 8410 8310 8263
f 8135 8092 8022
f 4512 4452 4360
f 1620 1552 1378
f 6680 6729 6679
f 3817 3903 3902
f 8655 8963 9033
f 3511 3366 3539
f 8333 8436 8191
f 3518 3442 3407
f 9617 9686 9898
f 4878 4708 4709
f 2955 3101 2852
f 9964 9898 9686
f 7201 7124 7032
f 7026 6941 6940
f 9694 9441 9443
f 5293 5045 5172
f 478 441 414
f 953 1015 1018
f 1139 1140 1247
f 7893 7965 7915
f 9999 9982 10066
f 9604 9323 9676
f 1948 1729 1868
f 9698 9538 9539
f 4758 4934 4933
f 6224 6367 6398
f 7752 7834 7750
f 2539 2411 2280
f 10129 9993 9865
f 6647 6483 6609
f 6606 6540 6541
f 872 822 772
f 6497 6526 6496
f 5228 5036 5229
f 3436 3456 3507
f 10651 10552 10516
f 3489 3377 3454
f 10060 9994 9787
f 322 240 218
f 4537 4386 4424
f 1226 1277 1466
f 10601 10602 10628
f 1571 1514 1707
f 4746 4566 4803
f 57 55 66
f 1108 1328 1171
f 8379 8681 8328
f 3857 3887 3890
f 916 864 760
f 8692 8835 8834
f 383 447 382
f 3724 3746 3770
f 4131 4064 4132
f 3986 3873 3905
f 4103 4139 4190
f 9038 8799 8800
f 7845 7757 7783
f 2643 2574 2516
f 4917 4742 4852
f 9092 8773 8850
f 9793 9792 9738
f 1057 930 1119
f 10511 10510 10414
f 5796 5627 5687
f 10319 10318 10205
f 9298 9485 9581
f 7830 7872 8018
f 696 735 832
f 6899 6982 7023
f 4999 5132 5061
f 8107 8189 8106
f 6602 6772 6808
f 4444 4524 4423
f 4715 4717 4824
f 9864 9993 10125
f 5259 5264 5446
f 10413 10508 10341
f 620 486 579
f 5443 5507 5072
f 5586 5407 5471
f 6493 6473 6544
f 4450 4358 4267
f 1629 1497 1382
f 1234 1355 1354
f 7706 7798 7797
f 5166 5287 5229
f 5547 5482 5301
f 3361 3435 3469
f 9801 10316 10315
f 9505 9419 9223
f 9769 9449 9450
f 4731 4732 4843
f 774 574 877
f 5315 5558 5370
f 5550 5482 5578
f 2770 2873 2933
f 493 452 494
f 820 684 648
f 203 206 231
f 6854 6772 6896
f 3875 3876 3932
f 4456 4621 4680
f 9844 10115 9980
f 2944 2991 3049
f 1731 1869 1730
f 7826 7900 7743
f 7233 7293 7232
f 1095 977 1038
f 10574 10657 10591
f 2371 2299 2298
f 7070 6903 7031
f 1702 1640 1837
f 2527 2396 2459
f 1288 1595 1478
f 82 123 121
f 299 269 300
f 3597 3702 3655
f 5313 5369 5250
f 10244 10350 10353
f 2371 2298 2492
f 6433 6302 6395
f 2810 2917 2916
f 8719 9022 8866
f 7115 7160 7026
f 576 485 653
f 3832 3753 3782
f 3006 2853 2913
f 9381 9098 9382
f 1858 1936 1857
f 2075 1936 1935
f 8335 8291 8243
f 9905 9765 9536
f 7019 6894 7018
f 924 988 867
f 3672 3673 3726
f 9273 9172 9006
f 262 261 342
f 4838 4952 5082
f 1147 1023 1077
f 9308 9588 9399
f 4077 4039 4040
f 7587 7558 7666
f 7847 7906 7837
f 7461 7328 7463
f 3484 3375 3328
f 154 117 158
f 4994 5056 5248
f 3950 3792 3928
f 5855 5911 6014
f 6199 6036 6091
f 1094 1208 1037
f 7452 7422 7350
f 7475 7298 7409
f 4927 5240 5119
f 2052 2126 1827
f 6015 6069 5959
f 1167 1089 1106
f 9242 9430 9429
f 2485 2360 2362
f 1855 1721 1933
f 605 566 720
f 7046 7006 7047
f 1146 1376 1258
f 7979 8022 7949
f 1756 1630 1824
f 386 352 425
f 6464 6384 6425
f 8057 8093 8139
f 2462 2274 2344
f 8005 7971 8045
f 3082 2977 2978
f 3020 2867 2930
f 2850 2909 2740
f 7293 7364 7292
f 4165 4248 4288
f 382 323 383
f 1441 1558 1255
f 8435 8434 8233
f 10206 10258 10017
f 8691 8828 8438
f 2393 2334 2455
f 3667 3644 3640
f 3867 3947 3895
f 10503 10336 10338
f 10344 10412 10411
f 4356 4398 4264
f 4362 4456 4455
f 8217 8142 8178
f 3431 3529 3428
f 7469 7511 7539
f 7163 7288 7254
f 8868 8786 8584
f 6253 6387 6347
f 8608 8812 8809
f 1235 1356 1234
f 6254 6388 6348
f 7598 7710 7595
f 2511 2324 2512
f 2946 2735 2947
f 1549 1499 1826
f 309 259 232
f 1305 1493 1250
f 5430 5490 5608
f 2772 2664 2666
f 6155 6132 6083
f 10518 10669 10664
f 3865 3894 3820
f 4868 4867 4690
f 5955 5808 5696
f 5425 5429 5364
f 7240 7302 7373
f 5709 5753 5663
f 5086 5206 5205
f 5988 5883 5985
f 2412 2594 2540
f 7706 7863 7741
f 3422 3421 3379
f 16 59 38
f 2716 2717 2542
f 5186 5370 5314
f 8331 8189 8107
f 5175 5241 5356
f 3588 3561 3528
f 2190 2124 1903
f 4971 5033 4744
f 8838 8697 8833
f 4784 4834 4947
f 3499 3429 3459
f 5924 5921 5969
f 1911 1990 2055
f 4180 4346 4305
f 4727 4684 4807
f 192 244 221
f 10148 10014 9805
f 8298 8508 8342
f 5481 5653 5598
f 3011 3158 3067
f 2147 2217 2014
f 9101 9015 8944
f 5567 5729 5565
f 9470 9723 9722
f 9802 9801 9661
f 229 199 163
f 8056 7977 8021
f 2481 2612 2671
f 8419 8319 8369
f 841 842 844
f 5194 5008 5145
f 3219 3263 3218
f 9245 8813 9246
f 2146 2014 2217
f 3736 3807 3684
f 7079 7125 7173
f 6949 6906 7033
f 6212 6157 6053
f 2139 2006 1926
f 3951 4029 3891
f 4953 4663 4788
f 214 263 237
f 1357 1477 1356
f 194 225 276
f 8137 8268 8138
f 1358 1419 1236
f 342 312 406
f 4332 4472 4471
f 984 1107 1171
f 6985 6902 6986
f 9894 9820 10097
f 2134 2199 2064
f 7848 7995 7994
f 4459 4681 4569
f 3634 3487 3607
f 2885 2780 2940
f 2960 3068 2955
f 10106 9903 10228
f 8612 8560 8433
f 3679 3623 3733
f 743 889 846
f 4064 4026 4132
f 9238 9514 9424
f 8415 8367 8272
f 1355 1234 1356
f 5219 5102 5277
f 7804 7719 7778
f 1798 1607 1737
f 71 89 59
f 1565 1638 1454
f 9880 9750 9881
f 10648 10629 10599
f 8171 8087 8056
f 8461 8516 8641
f 2879 2880 2975
f 3821 3842 3767
f 9811 9812 9954
f 4431 4257 4389
f 4705 4821 4707
f 1056 1224 1275
f 3441 3511 3538
f 4598 4597 4651
f 6586 6561 6562
f 7235 7367 7366
f 5728 5794 5842
f 2512 2387 2448
f 8639 8638 8579
f 615 543 480
f 10123 9861 10124
f 6478 6224 6438
f 3831 3781 3885
f 729 727 372
f 8353 8402 8463
f 9266 9165 9265
f 4847 5100 4960
f 10361 10303 10135
f 4093 4115 4206
f 10047 9984 9983
f 5501 5504 5320
f 1598 1534 1664
f 6853 6732 6893
f 2540 2661 2538
f 8096 8062 8146
f 3476 3547 3516
f 2793 2903 2846
f 3199 3161 3335
f 2841 2676 2948
f 3662 3550 3551
f 7021 7064 7110
f 3806 3855 3784
f 1346 1470 1584
f 790 746 789
f 2316 2317 2441
f 7734 7690 7689
f 6479 6545 6511
f 116 157 132
f 7269 7268 7103
f 7050 6797 7009
f 8857 8956 9012
f 8890 8885 8887
f 8302 8171 8255
f 5721 5672 5616
f 402 433 431
f 3810 3758 3737
f 10211 10433 10489
f 9277 9088 9278
f 3575 3549 3660
f 3119 3024 2935
f 1262 1261 1101
f 10636 10580 10612
f 5461 5577 5658
f 9772 9544 9773
f 2145 2280 2079
f 10603 10634 10529
f 8801 8886 8800
f 8850 9008 9092
f 9629 9905 9536
f 9866 9733 9650
f 1320 1321 1449
f 8262 8132 8133
f 2373 2165 2432
f 8778 8856 8712
f 8814 8675 8694
f 9525 9264 8988
f 9095 8854 9010
f 8420 8321 8545
f 2027 1959 1741
f 8607 8904 8674
f 7856 7793 7922
f 2741 2910 2849
f 9087 9006 8709
f 4688 4522 4625
f 3764 3692 3743
f 8144 8061 8220
f 4410 4411 4469
f 5962 6073 5961
f 9359 9542 9257
f 810 719 716
f 2709 2891 2763
f 7892 8000 7923
f 7778 7719 7720
f 1571 1330 1514
f 5685 5444 5673
f 6751 6590 6658
f 7610 7645 7540
f 214 237 167
f 6436 6337 6414
f 6212 6263 6215
f 4340 4221 4222
f 2114 2255 2321
f 6224 6117 5957
f 5420 5299 5421
f 168 262 232
f 1872 1733 2021
f 1123 994 1178
f 2354 2301 2373
f 10455 10345 10343
f 2183 2042 1891
f 2899 3053 2992
f 1139 1247 1375
f 10472 10358 10465
f 3528 3529 3589
f 6501 6344 6424
f 9224 9502 9416
f 2011 2012 2143
f 8426 8427 8554
f 4516 4511 4616
f 4135 4250 4167
f 9673 9817 9500
f 2557 2428 2490
f 3129 3089 3213
f 433 563 465
f 7927 7925 7858
f 2405 2466 2277
f 6223 6222 6115
f 3881 3801 3882
f 2097 1877 1959
f 1347 1351 1230
f 5342 5405 5469
f 4719 4722 4775
f 9797 10009 10141
f 8627 8706 8768
f 8319 8419 8418
f 3793 3765 3817
f 2611 2610 2725
f 9136 9046 9325
f 5212 5211 5095
f 7550 7484 7522
f 8845 9083 9004
f 8551 8489 8552
f 9138 8970 8667
f 6448 6449 6518
f 7665 7702 7765
f 5131 4997 4937
f 9384 9383 9099
f 4339 4338 4190
f 6645 6903 6690
f 171 151 84
f 5213 5337 5158
f 2703 2585 2586
f 2229 2359 2153
f 6354 6353 6256
f 5378 5373 5189
f 539 608 538
f 5667 5666 5492
f 1848 1653 1778
f 8358 8307 8466
f 5969 6080 6130
f 7399 7334 7400
f 9518 9427 9331
f 143 122 207
f 4430 4344 4303
f 4486 4590 4485
f 4358 4449 4317
f 3033 3123 3178
f 1525 1349 1585
f 2706 2863 2705
f 1435 1307 1619
f 9769 9450 9630
f 4100 3985 4081
f 9980 10171 10114
f 8134 8265 8055
f 7782 7886 7806
f 9784 9725 9473
f 1327 1266 1171
f 1020 894 1021
f 5473 5588 5587
f 6837 6923 6963
f 6993 7076 6992
f 1875 2234 1957
f 3248 3071 3108
f 7959 8027 7990
f 8892 8891 8737
f 6984 6987 6901
f 918 812 917
f 9324 9219 9218
f 5495 5723 5618
f 2755 2923 2916
f 8429 8326 8284
f 4761 4762 4822
f 4750 4811 4748
f 7462 7537 7390
f 1025 1197 1150
f 7197 7227 7195
f 4035 4105 4074
f 311 288 260
f 6996 7081 6952
f 1427 1294 1006
f 5595 5478 5296
f 6014 5911 6069
f 7721 7722 7806
f 7744 7869 7709
f 5390 5454 5208
f 9629 9904 9905
f 3357 3437 3508
f 10245 10127 10246
f 4330 4370 4204
f 6084 5972 6025
f 5430 5366 5307
f 6666 6534 6634
f 5303 5128 5486
f 7889 7891 7993
f 2447 2325 2182
f 1060 996 1126
f 7757 7756 7684
f 9764 9514 9683
f 9109 8868 8960
f 9755 9501 9758
f 2939 2938 3036
f 8040 8118 8160
f 10274 10338 10035
f 9642 9856 9925
f 497 463 395
f 1122 933 1177
f 633 750 710
f 4061 4000 3963
f 7557 7585 7528
f 8745 8746 8815
f 1722 1859 1783
f 6912 7128 7038
f 2874 2821 2717
f 6281 6186 6187
f 4436 4435 4346
f 7148 7060 7107
f 4682 4921 4861
f 6425 6502 6464
f 5817 5650 5591
f 4017 3989 4057
f 7746 7599 7600
f 767 926 820
f 8449 8508 8298
f 9214 9405 9030
f 3303 3302 3254
f 8496 8834 8757
f 2884 2668 2830
f 9711 9783 9778
f 925 683 766
f 1703 1509 1512
f 7169 7236 7237
f 893 848 786
f 2655 2816 2534
f 4502 4609 4397
f 7643 7683 7781
f 4319 4404 4360
f 6775 6734 6640
f 5493 5315 5371
f 6148 6097 6204
f 1974 1975 2040
f 6180 6246 6277
f 9524 9145 9334
f 9557 9181 9283
f 9015 8942 8944
f 8668 8895 8894
f 8638 8713 8637
f 24 42 41
f 4486 4385 4487
f 3159 3062 3245
f 9076 9075 8987
f 8118 8161 8159
f 3560 3457 3611
f 5707 5587 5754
f 9946 9877 9909
f 118 96 99
f 1422 1128 1423
f 2139 1927 2205
f 6041 6101 6100
f 9582 9485 9392
f 6749 6656 6620
f 9926 9642 9925
f 9034 9035 9220
f 3283 3238 3284
f 1798 1879 1544
f 1224 1341 1520
f 324 325 350
f 1019 787 957
f 777 880 941
f 6395 6302 6148
f 2649 2582 2583
f 8820 8431 8750
f 521 299 300
f 8782 8945 8516
f 7804 7718 7719
f 7240 7373 7374
f 4696 4754 4697
f 10252 10137 10471
f 1084 904 969
f 3929 3984 3985
f 9860 9568 9646
f 3822 3794 3698
f 1782 1657 1588
f 5423 5300 5544
f 1867 1948 2086
f 3431 3393 3530
f 9543 9701 9453
f 7290 7202 7291
f 9939 9796 9654
f 9131 9223 9037
f 295 186 294
f 7559 7635 7593
f 4621 4634 4680
f 832 883 696
f 1269 1332 1173
f 6155 6158 6167
f 7170 7172 7078
f 6431 6388 6254
f 6088 6033 5930
f 330 390 424
f 6327 6233 6276
f 4469 4526 4473
f 7529 7422 7530
f 9736 9581 9485
f 138 89 71
f 8281 8186 8226
f 3634 3607 3635
f 1683 1628 1497
f 10426 10678 10671
f 9361 9544 9543
f 5261 5383 5262
f 9882 10090 9955
f 8631 8511 8451
f 8215 8214 8094
f 7108 7020 7150
f 7415 7488 7525
f 8300 8396 8455
f 8670 8740 8546
f 8030 7915 8038
f 5362 5363 5485
f 3302 3390 3389
f 4741 4916 4965
f 9773 9454 9774
f 5576 5460 5461
f 8593 8659 8474
f 8102 8028 7992
f 2700 2702 2863
f 3281 3236 3327
f 10465 10466 10471
f 8001 8040 8114
f 8791 8529 8792
f 1442 1689 1906
f 8825 8824 8754
f 2855 2854 2804
f 2499 2625 2432
f 857 532 671
f 574 511 575
f 3773 3853 3849
f 9174 9086 8706
f 10365 10678 10426
f 9596 9313 9597
f 737 578 697
f 8339 8340 8202
f 6070 6015 5858
f 5296 5478 5297
f 3391 3303 3346
f 1784 1860 1659
f 820 926 819
f 2872 2662 2820
f 8221 8146 8222
f 9454 9361 9360
f 7306 7103 7270
f 10105 9968 9969
f 6644 6573 6574
f 1489 1487 1430
f 2474 2600 2355
f 3605 3573 3606
f 1667 1794 1423
f 8610 8693 8552
f 7981 8140 8059
f 9146 8903 8977
f 1008 1009 1188
f 4235 4267 4193
f 5019 4832 5020
f 4589 4590 4670
f 7874 7776 7875
f 480 375 376
f 9314 9498 9402
f 1123 935 994
f 10265 10249 10355
f 3675 3725 3728
f 2584 2465 2649
f 272 387 353
f 9209 9208 9307
f 5695 5635 5741
f 505 536 537
f 1141 1249 1142
f 2924 2926 2707
f 5314 5313 5186
f 4787 5026 4950
f 4671 4798 4560
f 3769 3822 3698
f 4546 4436 4347
f 1121 932 1056
f 1288 1479 1532
f 5741 5847 5849
f 4822 5058 5185
f 4053 3958 4055
f 1551 1378 1434
f 348 296 297
f 3178 3255 3349
f 3218 3259 3181
f 4641 4586 4642
f 2176 2108 2318
f 1794 1868 1666
f 1714 1579 1648
f 10126 10060 9995
f 4010 4011 4035
f 1263 1163 1324
f 1697 1911 1989
f 9261 9156 9349
f 6581 6700 6655
f 2762 2657 2658
f 6493 6492 6414
f 4528 4248 4413
f 10170 10171 10290
f 3985 3951 3929
f 5864 5865 5918
f 6719 6804 6851
f 1674 1810 1687
f 5956 5905 5906
f 8548 8609 8424
f 881 736 882
f 5289 5410 5472
f 10546 10512 10611
f 5776 5775 5670
f 9697 9628 9520
f 10244 10353 10418
f 9534 9608 9533
f 5474 5591 5650
f 1213 1169 1217
f 5319 5140 5189
f 6131 5972 6188
f 6953 6951 6873
f 1404 1270 1334
f 6986 6902 6862
f 8171 8301 8259
f 5515 5628 5514
f 2264 2127 1907
f 7573 7612 7647
f 8564 8341 8565
f 7194 7128 7180
f 6867 6816 6990
f 5581 5533 5700
f 2727 2723 2834
f 6785 6872 6869
f 9834 9970 9698
f 5079 4950 5080
f 4701 4702 4875
f 5860 5703 5751
f 5826 5976 5928
f 4437 4547 4548
f 8318 8416 8317
f 3299 3386 3206
f 8078 8037 8114
f 1768 2062 1918
f 6300 6301 6389
f 9116 9210 8876
f 3339 3217 3202
f 7123 7075 7166
f 1660 1787 1786
f 10348 10417 10459
f 2684 2685 2849
f 4141 4033 4142
f 3628 3548 3574
f 10404 10099 10335
f 6539 6538 6504
f 3668 3724 3770
f 4189 4266 4232
f 5409 5287 5345
f 1646 1576 1713
f 1391 1087 1202
f 4840 4954 5028
f 9246 9433 9245
f 3214 3215 3355
f 8156 8115 8199
f 1940 2282 2281
f 3488 3416 3553
f 6811 6736 6737
f 957 1140 1139
f 2865 2866 2966
f 483 412 484
f 9278 9550 9277
f 6077 6238 6138
f 7317 7250 7251
f 10113 10285 10284
f 850 789 745
f 9814 10158 10219
f 483 484 511
f 8832 8834 8747
f 7820 7741 7896
f 7732 7789 7788
f 2179 2110 2111
f 9199 9297 9108
f 10508 10534 10502
f 3443 3481 3373
f 2168 2170 2308
f 9463 9462 9284
f 3769 3873 3930
f 7948 8021 7977
f 5539 5308 5416
f 5420 5298 5299
f 462 398 532
f 421 351 449
f 2588 2211 2532
f 7165 7164 6991
f 2550 2726 2420
f 3662 3630 3550
f 3380 3293 3292
f 4431 4389 4543
f 6199 6198 6036
f 2406 2467 2405
f 8726 8794 8652
f 7644 7726 7571
f 4138 4165 4288
f 9651 9400 9584
f 8714 8640 8641
f 10295 10060 10126
f 10503 10573 10535
f 10467 10299 10425
f 6228 6067 6011
f 3860 3970 3945
f 161 227 226
f 1920 1710 1771
f 2854 2749 2804
f 8302 8398 8301
f 1257 1443 1389
f 8802 8659 8735
f 2637 2748 2644
f 1963 1964 1802
f 2278 2408 2216
f 4027 3969 3970
f 662 490 625
f 10614 10547 10580
f 8868 9023 8786
f 9284 9380 9188
f 5316 5252 5372
f 10170 10347 10415
f 5784 5937 5936
f 3999 3961 3937
f 7384 7251 7385
f 8178 8142 8024
f 6666 6626 6667
f 8727 8877 8795
f 1613 1489 1742
f 8201 8183 8295
f 5626 5513 5728
f 5175 4988 5047
f 3642 3641 3556
f 9701 9702 9836
f 4894 4724 4655
f 7589 7493 7632
f 1726 1661 1792
f 3455 3505 3339
f 10372 10481 10376
f 5407 5409 5345
f 841 846 888
f 487 380 514
f 3153 3235 3157
f 1336 1517 1647
f 8448 8342 8508
f 10127 9997 9933
f 10445 10341 10508
f 1644 1709 1402
f 8501 8500 8386
f 4017 3988 3932
f 8111 8112 7972
f 10033 10333 10032
f 8691 8831 8988
f 9572 9292 9573
f 5369 5313 5557
f 8135 8310 8303
f 7708 7743 7825
f 784 949 948
f 4775 4941 4719
f 9706 9976 9946
f 10453 10284 10452
f 6995 6950 6909
f 2900 3143 3095
f 3250 3343 3298
f 4024 3966 3964
f 9144 8900 9057
f 1156 1204 1091
f 4851 4850 4742
f 1712 1646 1846
f 9126 9317 9409
f 3460 3352 3462
f 288 231 206
f 5124 4874 5049
f 3737 3861 3810
f 4893 5008 5194
f 6376 6279 6410
f 908 907 756
f 3517 3547 3476
f 4656 4785 4784
f 6906 6868 6782
f 5442 5443 5623
f 4667 4670 4767
f 10275 10224 10225
f 3814 3741 3739
f 10218 10022 9957
f 1094 977 1095
f 10685 10678 10656
f 1097 863 1039
f 8826 8687 8825
f 1827 1906 2052
f 6958 6916 6917
f 3455 3439 3509
f 3590 3591 3615
f 9030 9031 8872
f 1782 1588 1783
f 780 696 883
f 928 1116 1114
f 1910 1899 1762
f 5710 5649 5538
f 8222 8062 8181
f 7250 7317 7280
f 2327 2449 2188
f 4734 4737 4795
f 3706 3752 3780
f 4840 4905 4789
f 2925 2761 2864
f 3730 3618 3734
f 7815 7915 7912
f 9892 9961 10098
f 5721 5832 5672
f 5170 5116 5412
f 8665 8480 8666
f 9355 8994 9266
f 2085 2225 2357
f 7337 7264 7266
f 9521 9347 9260
f 4749 4522 4688
f 6195 6197 6298
f 1814 1751 1892
f 4481 4587 4586
f 8115 8038 7965
f 3101 2903 2852
f 8151 8286 8104
f 3775 3751 3733
f 8912 8758 8614
f 8777 9095 9022
f 9812 10088 9954
f 6390 6368 6440
f 5426 5483 5658
f 6322 6370 6321
f 6587 6588 6498
f 3987 4047 4045
f 728 768 611
f 8851 8936 9093
f 4238 4119 4155
f 542 509 411
f 9377 9095 9187
f 7329 7168 7237
f 9127 9039 8965
f 2620 2367 2368
f 8975 8747 8834
f 49 23 61
f 4984 4924 5040
f 5547 5715 5642
f 3792 3901 3871
f 5193 5256 5257
f 7207 7301 7300
f 5515 5571 5689
f 5511 5513 5626
f 6378 6331 6411
f 3741 3814 3837
f 7882 7987 7986
f 750 966 796
f 6906 6782 6817
f 8808 8663 8603
f 9323 9132 8889
f 7944 8018 8090
f 5084 5076 4953
f 10066 9982 9984
f 3756 3754 3712
f 8435 8234 8332
f 2292 2155 2154
f 4190 4139 4252
f 744 892 891
f 8563 8909 8613
f 3385 3298 3426
f 8701 8702 8841
f 6691 6610 6575
f 5597 5760 5866
f 3787 3816 3867
f 2803 2572 2856
f 1493 1385 1633
f 4555 4846 4912
f 1802 1880 1612
f 6400 6512 6479
f 1323 1322 1161
f 9365 9456 9364
f 3635 3650 3719
f 6173 6119 6226
f 9114 9395 9206
f 4446 4447 4266
f 5631 5727 5800
f 2950 2787 2843
f 6864 6943 7070
f 2078 2279 2348
f 7636 7560 7495
f 10474 10366 10427
f 5374 5253 5562
f 5889 5842 5993
f 1671 1742 1489
f 2032 1803 1884
f 429 630 529
f 7824 7797 7798
f 1374 1546 1372
f 2910 3003 2849
f 5069 4896 5017
f 1555 1495 1818
f 2777 2719 2603
f 9637 9373 9460
f 3440 3512 3368
f 4466 4522 4369
f 1921 1773 1845
f 9892 9821 9818
f 2102 2027 1885
f 4919 5112 5165
f 1011 1072 1069
f 7867 7975 7940
f 466 434 362
f 3564 3563 3356
f 3611 3457 3586
f 10703 10702 10697
f 755 675 799
f 4138 4220 4137
f 9997 10128 9932
f 3197 3140 3321
f 4773 4648 4649
f 9951 9985 9850
f 1957 1608 1875
f 1850 1849 1716
f 9730 9789 9578
f 4698 4756 4631
f 4067 3965 4025
f 9670 9754 9816
f 4986 4926 4867
f 2984 2983 2889
f 5566 5512 5686
f 15 3 27
f 5426 5361 5178
f 7735 7616 7617
f 1483 1543 1608
f 2780 2669 2608
f 4573 4331 4371
f 2169 1965 2168
f 9394 9585 9741
f 5150 5151 5266
f 2552 2295 2553
f 5643 5578 5400
f 60 47 48
f 7045 7131 7130
f 4245 4214 4095
f 6749 6852 6826
f 5546 5641 5715
f 1066 1004 1005
f 564 677 644
f 126 104 105
f 10150 10206 10017
f 2590 2657 2708
f 5683 5789 5885
f 6165 6217 6004
f 4770 4594 4541
f 5469 5403 5343
f 9410 9503 9408
f 3224 3319 3267
f 9834 9776 9839
f 8099 8279 8372
f 38 21 16
f 7808 7785 7737
f 9732 9864 9728
f 1599 1722 1475
f 10017 10384 10151
f 3207 3351 3347
f 9545 9705 9704
f 3453 3243 3377
f 5350 5169 5234
f 388 329 271
f 10346 10204 10317
f 4636 4760 4759
f 8987 9264 9076
f 4574 4412 4630
f 4182 4077 4146
f 9499 9434 9600
f 3680 3599 3651
f 7963 7762 7918
f 6999 6876 6824
f 3191 3144 2992
f 7754 7838 7879
f 6249 6250 6296
f 7680 7606 7682
f 7479 7518 7269
f 2127 1985 1760
f 7877 7753 7954
f 6264 6474 6392
f 4877 4876 4757
f 3313 3187 3314
f 3227 3143 3226
f 9259 8912 9260
f 2419 2480 2610
f 1026 1079 1252
f 823 934 772
f 3743 3793 3792
f 4394 4553 4602
f 6061 5953 6062
f 2314 2249 2104
f 5640 5639 5530
f 8089 8126 8207
f 5581 5745 5644
f 6837 6587 6884
f 7292 7231 7293
f 4012 4079 4078
f 10517 10619 10618
f 4667 4793 4556
f 7865 8047 8008
f 4422 4382 4482
f 227 196 250
f 10351 10419 10463
f 10393 10326 10493
f 9933 9731 9868
f 7474 7544 7434
f 9184 8775 8938
f 9450 9449 8994
f 1436 1309 1437
f 2378 2569 2435
f 5403 5469 5535
f 2713 2715 2819
f 6411 6280 6281
f 3879 3774 3828
f 3055 2903 3101
f 329 387 270
f 1353 1473 1352
f 7815 7790 7702
f 5386 5269 5389
f 679 813 720
f 3884 3885 3963
f 1185 1239 1363
f 6420 6457 6458
f 4114 4115 3990
f 3395 3465 3310
f 6955 7084 6913
f 3563 3504 3356
f 7584 7630 7629
f 9103 9106 9294
f 5142 5002 5012
f 2761 2535 2591
f 3465 3565 3566
f 10593 10476 10625
f 7983 8095 8152
f 9184 8937 9281
f 1894 1752 1817
f 210 143 233
f 6044 5936 6045
f 6953 7083 7082
f 717 863 862
f 5118 5267 5191
f 9372 9091 9279
f 4051 3994 3934
f 4039 4145 4038
f 2127 1760 1907
f 9515 9330 9516
f 4258 4179 4345
f 4902 4839 4605
f 1025 1150 1149
f 601 602 640
f 10172 10239 10238
f 9934 9650 9734
f 9646 9474 9475
f 97 162 119
f 7433 7369 7405
f 1088 1093 1146
f 10686 10681 10626
f 1332 1269 1461
f 8633 8710 8629
f 5674 5683 5502
f 2891 2834 2723
f 1980 1821 1822
f 10492 10491 10265
f 4660 4554 4661
f 60 82 101
f 2132 2062 2333
f 6493 6414 6415
f 4060 4203 4091
f 6979 7017 6998
f 158 301 247
f 3056 3281 3152
f 10631 10670 10673
f 4254 4141 4143
f 9233 9234 9235
f 8911 8755 8688
f 1207 1259 1206
f 492 552 521
f 767 820 648
f 4770 4892 4943
f 8464 8403 8520
f 2065 2198 2335
f 4321 4239 4240
f 4726 4949 4902
f 3440 3513 3512
f 10579 10545 10458
f 4729 4501 4607
f 1715 1580 1519
f 327 269 328
f 10088 10270 10269
f 7980 7874 8059
f 7163 7255 7288
f 2234 2367 2425
f 2195 2520 2267
f 10488 10467 10208
f 4355 4557 4506
f 8005 8045 8085
f 7290 7257 7202
f 8026 7959 7991
f 7254 7388 7324
f 3923 3922 3812
f 4487 4646 4714
f 6168 6265 6395
f 9811 9496 9668
f 7300 7372 7299
f 2593 2712 2539
f 5618 5722 5617
f 7325 7326 7389
f 5705 5704 5471
f 6863 6862 6813
f 75 42 51
f 291 316 236
f 9067 9066 8906
f 1728 1727 1597
f 6376 6375 6276
f 5376 5621 5677
f 2820 2970 2932
f 1051 925 868
f 10672 10680 10667
f 3275 3270 3366
f 628 459 496
f 7969 7863 7898
f 4146 4078 4183
f 10598 10629 10611
f 479 688 544
f 6939 7113 7025
f 3261 3260 3182
f 10178 9998 10064
f 10588 10663 10662
f 764 682 726
f 8081 8080 8003
f 9069 8907 8983
f 108 128 107
f 3035 3125 3124
f 4326 4568 4459
f 5836 5635 5782
f 8862 8863 8947
f 3293 3248 3108
f 9951 10085 10176
f 5108 5224 5107
f 1981 2049 1823
f 8102 7992 8103
f 1748 1550 1889
f 4858 5114 5038
f 1800 2026 2162
f 591 590 526
f 535 565 641
f 7209 7038 7128
f 151 171 170
f 1277 1226 1118
f 5566 5728 5513
f 8721 8796 8650
f 8754 8562 8686
f 1967 1745 1888
f 9146 9147 9336
f 8392 8166 8299
f 7036 6994 7078
f 876 877 1001
f 10020 9881 10087
f 10384 10566 10487
f 9255 9070 9071
f 6233 6070 6276
f 7042 6837 7086
f 5643 5550 5578
f 9239 9425 9615
f 4489 4538 4715
f 4756 4699 4631
f 8731 8730 8472
f 4021 3989 3911
f 8201 8081 8084
f 1155 1088 1030
f 828 776 694
f 1026 963 1079
f 5640 5530 5459
f 4914 5098 5097
f 10278 10108 10236
f 3255 3178 3128
f 9358 9168 9327
f 8160 8118 8158
f 5995 6159 6158
f 6393 6264 6434
f 5682 5786 5838
f 4938 4888 4713
f 5632 5736 5692
f 3342 3205 3384
f 3143 3054 3226
f 6506 6431 6432
f 7289 7359 7256
f 2830 2668 2606
f 9289 9290 9475
f 5732 5896 5895
f 8899 9143 9054
f 2348 2349 2078
f 6949 6868 6906
f 1312 1440 1439
f 8435 8332 8562
f 9711 9459 9636
f 7855 7815 7792
f 3425 3385 3495
f 7524 7415 7525
f 1887 1886 1615
f 9216 8797 9032
f 9770 9769 10034
f 4937 4885 4886
f 5935 5784 5785
f 629 704 705
f 10143 10070 10071
f 6240 6412 6282
f 5005 5321 5139
f 4640 4884 4883
f 4579 4530 4414
f 5849 5952 6007
f 4949 5080 5202
f 2829 2779 2938
f 4217 4071 4173
f 3789 3896 3839
f 9633 9771 9775
f 10681 10645 10679
f 1508 1507 1322
f 232 208 207
f 6782 6743 6817
f 1854 2072 2070
f 3403 3323 3324
f 7742 7636 7770
f 5304 5305 5180
f 10042 9837 10111
f 4561 4403 4453
f 5977 6126 6125
f 7354 7253 7323
f 9801 9802 10013
f 8089 8016 8017
f 7852 7892 7813
f 1459 1330 1571
f 2573 2695 2515
f 9481 9390 9296
f 6014 6176 6178
f 6685 6731 6601
f 2764 2709 2659
f 3582 3488 3553
f 9606 9328 9679
f 10274 10406 10338
f 2646 2527 2580
f 10475 10559 10008
f 2665 2475 2476
f 6208 6044 6152
f 1047 1170 1169
f 224 161 226
f 896 1144 1194
f 7360 7068 6945
f 8290 8386 8385
f 7865 7941 7973
f 10476 10565 10625
f 3882 3777 3830
f 3537 3467 3566
f 5768 5769 5871
f 3453 3452 3243
f 5651 5662 5652
f 8578 8397 8514
f 827 1000 939
f 5658 5483 5600
f 4632 4473 4526
f 7884 7806 7886
f 1097 1161 1210
f 4896 4833 4780
f 8461 8257 8399
f 5542 5357 5477
f 1337 1407 1463
f 8890 8735 8600
f 6264 6392 6475
f 7592 7668 7533
f 6957 6959 6917
f 2570 2385 2437
f 5117 5291 5236
f 3425 3494 3493
f 7259 7258 7234
f 1797 1955 2024
f 1660 1529 1530
f 5039 4979 4921
f 3520 3580 3408
f 7411 7375 7269
f 4420 4419 4295
f 8670 8546 8482
f 7235 7123 7260
f 5499 5560 5318
f 9096 8855 8856
f 8743 8900 8672
f 1972 2107 1973
f 9274 9541 9268
f 8489 8488 8228
f 7372 7440 7476
f 9018 9101 8944
f 490 519 625
f 3344 3497 3343
f 55 95 66
f 9948 9807 9748
f 2071 2009 1931
f 7725 7846 7783
f 5399 5281 5400
f 3659 3759 3715
f 10116 10240 10239
f 8469 8405 8586
f 10231 10040 10109
f 7446 7445 7414
f 7104 7144 7103
f 2711 2868 2765
f 2173 1969 2174
f 199 283 253
f 5826 5917 5976
f 4691 4869 4868
f 9675 9418 9411
f 2918 2857 2805
f 6320 6441 6399
f 8996 8622 8842
f 6349 6301 6095
f 382 447 517
f 7952 7875 7981
f 2110 1976 1978
f 6601 6771 6698
f 68 36 69
f 639 563 600
f 7269 7444 7443
f 9240 9332 9519
f 3089 2981 3215
f 3587 3670 3612
f 9734 10061 9934
f 1483 1607 1542
f 3461 3390 3391
f 6267 6224 6225
f 5672 5832 5777
f 9857 9988 9912
f 2962 2963 3105
f 4755 5048 4819
f 7460 7461 7564
f 4241 4324 4272
f 7379 7192 7346
f 9152 8983 8984
f 7228 7284 7197
f 2300 2097 2431
f 1963 2031 1964
f 209 234 205
f 2033 2240 2170
f 4944 5190 5141
f 9575 9787 9729
f 7511 7431 7512
f 8922 8998 8841
f 1008 832 833
f 6622 6663 6660
f 4364 4236 4272
f 8374 8323 8226
f 9290 9289 8941
f 4746 4803 4977
f 4864 4863 4808
f 127 41 92
f 9258 8927 9169
f 3615 3616 3673
f 1809 1972 1810
f 10064 9735 9935
f 9663 9744 9587
f 5986 6040 6204
f 5256 5380 5381
f 7280 7383 7249
f 1395 1209 1320
f 9771 9974 9775
f 4008 3973 3861
f 3200 3068 2961
f 2525 2699 2579
f 4386 4384 4424
f 8192 8193 8237
f 3798 3704 3731
f 10467 10425 10304
f 8831 8615 8989
f 2366 2618 2302
f 9606 9608 9232
f 1785 1861 1939
f 1634 1501 1691
f 739 621 622
f 4689 4690 4814
f 353 328 272
f 8341 8382 8297
f 4912 5094 4991
f 3131 3262 3185
f 1159 1043 1326
f 2308 2378 2435
f 9029 8878 8879
f 268 130 189
f 5985 5883 5789
f 3617 3676 3616
f 5789 5986 5985
f 9828 9692 9901
f 463 527 428
f 999 938 875
f 9961 9888 10160
f 8710 8847 8708
f 8330 8189 8380
f 1945 1661 1789
f 518 585 447
f 9718 9717 9466
f 4875 4702 4703
f 5827 6030 5664
f 4249 4167 4250
f 965 855 1080
f 10216 10021 10267
f 1478 1595 1594
f 8050 8010 7974
f 6651 6748 6649
f 10636 10614 10580
f 3593 3594 3648
f 5633 5525 5634
f 8686 8562 8494
f 2249 1970 2104
f 2039 2106 2125
f 8852 9183 9009
f 9872 9655 9940
f 10068 10132 10250
f 2576 2575 2697
f 8317 8541 8477
f 3329 3240 3195
f 7115 7116 7227
f 5872 5667 5873
f 1052 1058 1273
f 2701 2815 2759
f 6996 6820 6997
f 2507 2441 2442
f 2143 2344 2274
f 7030 6863 7066
f 2895 3048 2894
f 2567 2631 2630
f 5335 5393 5274
f 6699 6821 6784
f 2803 2694 2572
f 9513 9236 9237
f 6644 6690 6740
f 9323 9415 9132
f 5845 5902 5949
f 7349 7279 7316
f 8942 8943 8641
f 4692 4555 4845
f 4554 4394 4441
f 538 507 539
f 5660 5427 5603
f 1732 1731 1601
f 8550 8609 8487
f 3535 3568 3508
f 7977 8014 7942
f 6325 6402 6442
f 1769 1706 1707
f 1211 1450 1264
f 1984 2190 1903
f 3459 3462 3501
f 1876 1958 1800
f 8462 8644 8518
f 4992 4877 5053
f 5413 5236 5291
f 8831 8691 8615
f 7539 7570 7642
f 1749 1971 2038
f 3951 3872 3841
f 9817 9889 9888
f 2694 2803 2689
f 2434 2502 2567
f 10542 10452 10409
f 10639 10670 10631
f 1213 1217 1399
f 2176 2318 2178
f 4164 4247 4248
f 8007 7956 7897
f 9574 9477 9479
f 4101 4102 4140
f 4091 4243 4279
f 6205 6147 6256
f 4757 4874 4877
f 8760 9164 8814
f 3854 3913 3961
f 7701 7794 7791
f 7957 7859 7934
f 7200 7066 7163
f 5878 5880 5983
f 7135 7134 6887
f 9584 9400 9300
f 5932 6203 6202
f 5511 5626 5448
f 275 249 194
f 4021 3911 3960
f 6777 6738 6812
f 10298 10294 10513
f 5799 5897 5948
f 2223 2355 2151
f 6603 6639 6538
f 5176 5120 4989
f 7905 7834 7876
f 9562 9561 9379
f 3568 3676 3617
f 6813 6862 6739
f 3483 3333 3375
f 1860 1955 1736
f 8649 8720 8870
f 9552 9370 9553
f 8608 8809 8549
f 7337 7266 7338
f 8566 8551 8552
f 4557 4668 4506
f 9157 9074 9351
f 836 943 942
f 3136 3265 3222
f 3183 3166 3040
f 9748 9878 9948
f 4290 4417 4375
f 7605 7611 7716
f 6085 5973 6086
f 380 296 444
f 893 954 956
f 8068 8285 8284
f 5908 5907 5699
f 3261 3339 3359
f 5925 5661 5975
f 571 647 540
f 9222 9037 9319
f 7177 7178 7240
f 7093 6842 7091
f 7171 7239 7263
f 3541 3652 3619
f 7971 7969 7898
f 5694 5524 5633
f 6060 6219 6111
f 120 138 163
f 801 714 756
f 7929 7818 7931
f 1811 1675 1977
f 2856 2572 2857
f 8616 8615 8495
f 9201 9109 9486
f 8333 8191 8192
f 2539 2538 2593
f 5701 5582 5534
f 5145 4898 5146
f 8642 8516 8517
f 2080 2017 2220
f 3132 3047 3133
f 595 559 529
f 8457 8471 8515
f 769 869 989
f 7869 7828 7709
f 1063 998 1127
f 4072 4140 4032
f 707 794 793
f 5055 5247 5182
f 3631 3604 3686
f 7959 8026 8027
f 9087 9276 9369
f 4576 4694 4693
f 1853 1929 1781
f 10258 10385 10384
f 10392 10325 10327
f 110 78 111
f 5024 4839 4902
f 6009 5908 5852
f 2855 2691 2917
f 1824 1901 2050
f 5074 4901 4948
f 5372 5494 5316
f 9999 9780 9982
f 5862 5750 5913
f 4412 4574 4469
f 2427 2428 2557
f 808 1081 1080
f 3052 2947 2992
f 10049 10119 9913
f 3501 3499 3459
f 3265 3362 3317
f 2522 2199 2456
f 8892 8602 8893
f 8786 8720 8583
f 1414 1283 1339
f 858 752 713
f 2476 2227 2548
f 10638 10620 10652
f 5021 4898 4899
f 6300 6432 6254
f 10140 10306 10558
f 1721 1656 1933
f 4912 4846 5094
f 2161 2366 2302
f 1564 1508 1568
f 701 786 847
f 4350 4310 4393
f 2542 2717 2770
f 1490 1744 1614
f 5330 5329 5205
f 9331 9240 9428
f 2847 3056 2999
f 5466 5580 5579
f 2099 2496 2563
f 8975 8815 8746
f 1458 1842 1841
f 5713 5656 5764
f 10286 10346 10456
f 10567 10617 10492
f 5546 5715 5547
f 941 831 777
f 4432 4345 4493
f 2210 2276 2209
f 5301 5425 5244
f 3448 3447 3413
f 7620 7484 7621
f 3302 3253 3254
f 4817 4629 4928
f 9503 9222 9319
f 22 48 47
f 430 359 460
f 2575 2754 2697
f 5227 5163 5110
f 1034 1081 808
f 9068 9253 9067
f 6590 6496 6658
f 8099 8278 8185
f 2364 2294 2231
f 9551 9179 9709
f 4323 4511 4516
f 6837 7042 7004
f 2937 2775 2977
f 1336 1337 1463
f 7531 7530 7422
f 6378 6240 6283
f 6685 6807 6806
f 10003 9795 10134
f 1551 1434 1494
f 9452 9453 9270
f 128 183 148
f 3942 3890 3887
f 3744 3820 3819
f 1945 1789 2017
f 98 120 97
f 9795 10135 10303
f 2019 1937 1949
f 9232 9608 9422
f 3234 3280 3308
f 566 601 640
f 7627 7555 7524
f 9555 9570 9461
f 3439 3422 3438
f 654 695 577
f 4534 4640 4584
f 4303 4343 4177
f 3037 3033 2980
f 10601 10628 10597
f 4481 4422 4482
f 6877 6826 6731
f 10323 10322 10211
f 6374 6405 6446
f 9407 9220 9035
f 5471 5704 5586
f 9785 9648 9727
f 9800 9743 9586
f 9665 9745 9397
f 9368 9546 9545
f 659 742 699
f 9831 9967 9830
f 3546 3601 3656
f 5766 5551 5604
f 4858 4619 4746
f 6174 5932 6096
f 6368 6270 6369
f 8201 8295 8080
f 10312 10200 10313
f 2554 2363 2486
f 7833 7977 7942
f 6994 6908 6946
f 401 499 467
f 424 453 330
f 4921 5042 5039
f 9537 9825 9904
f 9871 10005 10004
f 1660 1786 1529
f 3436 3380 3456
f 3250 3251 3343
f 8871 8869 8870
f 514 579 487
f 357 459 526
f 6495 6453 6525
f 2128 1761 1986
f 6027 5770 5871
f 9658 9741 9941
f 8078 8114 8198
f 5618 5617 5372
f 5713 5819 5761
f 8089 8207 8257
f 617 575 511
f 7801 7945 7800
f 3061 2908 2909
f 2592 2711 2765
f 10407 10339 10222
f 10001 10132 9792
f 6278 6237 6296
f 10629 10648 10545
f 5839 5786 5678
f 8097 8061 8144
f 7882 7780 7807
f 200 229 163
f 5192 4893 5193
f 3442 3372 3407
f 31 30 18
f 2570 2571 2690
f 6238 6184 6294
f 4842 4841 4730
f 5744 5907 5767
f 718 719 812
f 4510 4401 4359
f 1215 1323 1214
f 8031 8071 8107
f 6897 6855 6775
f 7778 7779 7841
f 6280 6331 6241
f 8912 8614 8913
f 479 618 687
f 7627 7655 7555
f 774 732 616
f 5654 5653 5481
f 3515 3570 3473
f 7470 7507 7402
f 3072 3165 3110
f 2839 2888 3041
f 393 386 425
f 4718 4769 4591
f 2005 2008 2004
f 7491 7476 7440
f 7999 8112 8076
f 495 663 552
f 6096 5932 6039
f 5757 5917 5609
f 7045 6837 7006
f 5991 5784 6043
f 4407 4570 4518
f 5714 5691 5762
f 959 1195 1076
f 9513 9237 9424
f 7324 7388 7426
f 4324 4325 4517
f 1579 1338 1464
f 4262 4348 4307
f 5472 5708 5648
f 7774 7674 7802
f 7401 7295 7261
f 2614 2673 2485
f 4516 4615 4515
f 7786 7729 7687
f 4859 4634 4712
f 6525 6491 6583
f 8227 8325 8324
f 10677 10669 10682
f 7862 7770 7740
f 3046 3131 2988
f 464 399 465
f 2903 2952 2936
f 10588 10654 10663
f 1429 1542 1607
f 1661 1943 1792
f 9366 8928 9005
f 7383 7529 7557
f 777 695 880
f 3773 3751 3800
f 6285 6219 6060
f 2200 2067 2000
f 4081 3985 3984
f 9655 10306 10140
f 3411 3414 3524
f 10205 10318 10317
f 7571 7512 7644
f 7457 7534 7494
f 9401 9123 9497
f 1531 1724 1593
f 3964 4214 4133
f 8935 8773 9180
f 465 562 464
f 3789 3897 3896
f 4963 4869 4739
f 384 350 421
f 7678 7777 7753
f 5302 5049 5125
f 3145 3054 2993
f 2732 2816 2892
f 3350 3255 3257
f 1932 2072 1854
f 378 346 321
f 6144 6200 6093
f 2260 2573 2515
f 3054 2948 2993
f 98 81 88
f 9877 9746 9909
f 3769 3668 3770
f 6798 6797 6760
f 4573 4691 4331
f 9126 8963 8962
f 527 463 557
f 5675 5318 5560
f 2005 2204 2137
f 1791 1864 1788
f 4273 4242 4365
f 6010 6067 6066
f 4675 4563 4677
f 10031 10032 10222
f 1261 1262 1397
f 7080 7174 7125
f 1432 1247 1248
f 7557 7586 7663
f 932 991 770
f 7667 7558 7589
f 2560 2354 2432
f 1667 1869 1951
f 103 125 145
f 5557 5313 5614
f 8932 9002 8705
f 9307 9397 9664
f 3253 3302 3172
f 10187 10299 10467
f 5402 5341 5286
f 3964 4133 4024
f 2088 2153 2288
f 2564 2497 2375
f 10622 10470 10589
f 2788 2787 2620
f 10112 9972 9973
f 2068 2138 2137
f 4125 4159 4201
f 5447 5725 5559
f 8698 8919 8994
f 677 678 759
f 4434 4388 4492
f 6495 6417 6453
f 1786 1862 1529
f 7159 7280 7222
f 2385 2255 2172
f 6411 6281 6332
f 1676 1621 1811
f 9718 9466 9719
f 7934 7859 7860
f 2663 2599 2822
f 4494 4439 4262
f 1128 1129 1423
f 10680 10674 10686
f 7563 7505 7393
f 4533 4638 4637
f 6742 6781 6815
f 6309 6261 6156
f 4779 4598 4651
f 5971 6133 6082
f 6980 7021 7020
f 4474 4375 4417
f 6563 6498 6588
f 1026 1309 1197
f 8686 8825 8754
f 8776 8779 8778
f 9529 9530 9690
f 1527 1353 1474
f 9229 9326 9137
f 10064 10177 10178
f 4107 4175 4176
f 7079 7173 7167
f 9360 9273 9454
f 1121 1120 932
f 4923 4984 5171
f 4995 5059 4881
f 9091 9370 9090
f 8023 8057 8137
f 1174 1112 1272
f 8287 8232 8329
f 3403 3402 3323
f 2273 2140 2069
f 1851 2007 1928
f 2186 2258 2117
f 5147 5258 5146
f 1102 1163 1099
f 7796 7705 7742
f 9160 9077 8990
f 9765 9516 9615
f 2437 2310 2571
f 7347 7381 7417
f 4469 4473 4373
f 959 789 1145
f 353 422 389
f 10370 10521 10402
f 1183 1236 1182
f 3191 2992 3053
f 4370 4369 4203
f 3537 3596 3470
f 10212 10213 10086
f 1572 1332 1573
f 10167 10235 10044
f 2840 2898 2785
f 1055 1224 1056
f 4238 4155 4271
f 4443 4502 4397
f 5142 5135 5002
f 5391 5210 5392
f 5831 5981 5830
f 5859 5858 5703
f 285 338 305
f 3168 3074 3169
f 5595 5420 5596
f 4038 4145 4179
f 6615 6698 6750
f 7388 7497 7498
f 2366 2233 2296
f 3158 3011 3007
f 135 118 99
f 4254 4143 4255
f 9285 9189 8939
f 5966 5708 5709
f 8304 8400 8399
f 6450 6330 6236
f 10624 10592 10501
f 7457 7425 7322
f 2860 2643 2807
f 9953 10087 9881
f 10130 9936 10067
f 4336 4377 4216
f 10661 10664 10677
f 4474 4417 4710
f 1836 2056 1837
f 980 1103 1102
f 8953 8954 9207
f 6377 6279 6183
f 3761 3836 3786
f 3705 3732 3776
f 1000 1239 939
f 160 195 159
f 1710 1644 1645
f 4273 4326 4276
f 5268 5385 5334
f 9192 9289 9474
f 9570 9555 9291
f 4046 4112 4113
f 5714 5820 5763
f 4100 4081 4150
f 7839 7718 7804
f 8046 8049 8163
f 4019 4153 4118
f 9980 10115 10171
f 3077 3205 3076
f 7437 7438 7547
f 969 857 1201
f 7556 7525 7526
f 10326 10392 10494
f 8918 8917 8761
f 8445 8504 8620
f 6140 6088 6250
f 1301 1490 1373
f 4660 4661 4787
f 9551 9842 9777
f 10275 10276 10406
f 10070 10254 10142
f 2502 2503 2631
f 2531 2530 2211
f 211 103 145
f 6421 6458 6457
f 6955 6956 6998
f 1754 1680 1624
f 3948 4011 3898
f 5405 5342 5404
f 6866 6691 6815
f 8070 8106 8188
f 3117 3344 3252
f 7420 7421 7450
f 6396 6508 6476
f 8778 9096 8856
f 3771 3669 3687
f 5344 5228 5406
f 8156 8291 8151
f 2636 2690 2571
f 3558 3555 3583
f 6030 6072 6075
f 5227 5111 5165
f 1225 1226 1344
f 226 279 278
f 4931 5127 5126
f 10339 10407 10227
f 1181 1366 1007
f 10583 10421 10189
f 920 865 1041
f 10478 10374 10522
f 6037 5982 5878
f 5627 5568 5687
f 2299 2162 2026
f 4106 4036 3980
f 4391 4348 4439
f 1754 1626 1755
f 9867 9936 9935
f 9359 9257 9169
f 1287 1232 1233
f 2576 2518 2390
f 9064 9063 9251
f 1613 1742 1803
f 10187 10132 10001
f 9375 9182 9186
f 3551 3484 3444
f 10216 10395 10266
f 9085 9084 8846
f 9378 9377 9558
f 10515 10583 10650
f 5426 5658 5549
f 1198 1253 1383
f 3095 3142 2899
f 7678 7566 7605
f 1644 1710 1770
f 2302 2498 2375
f 753 858 713
f 10310 10146 10311
f 9162 8920 8993
f 3551 3444 3445
f 8413 8414 8315
f 7021 7110 7152
f 3338 3247 3201
f 3712 3685 3783
f 4420 4535 4534
f 5848 5741 5849
f 2028 1880 2030
f 2368 2367 2235
f 6443 6405 6373
f 10007 10193 10192
f 7785 7727 7737
f 1152 1311 1151
f 2339 2338 2204
f 5488 5607 5486
f 7933 7908 7880
f 903 856 902
f 638 562 563
f 8394 8512 8452
f 4195 4270 4196
f 3899 3900 3948
f 9422 9421 9231
f 5374 5377 5188
f 1554 1556 1752
f 118 228 196
f 9225 9218 9224
f 9239 9051 9140
f 5599 5422 5545
f 6128 6071 6124
f 2785 2786 2618
f 2062 2133 2333
f 522 523 494
f 10383 10430 10485
f 1904 1758 1686
f 5174 4929 5046
f 219 241 170
f 3361 3469 3399
f 9594 9121 9595
f 8634 8774 8938
f 2171 2309 2034
f 3174 3304 3173
f 1655 1931 1720
f 9649 9786 9479
f 4260 4347 4259
f 9192 9191 9014
f 5619 5559 5725
f 155 114 115
f 5568 5627 5388
f 1486 1614 1609
f 3412 3447 3487
f 101 90 178
f 1617 1435 1618
f 6174 6067 6270
f 3803 3937 3913
f 7079 6995 7080
f 1117 1175 1278
f 4458 4418 4478
f 5613 5556 5435
f 8610 8553 8745
f 9514 9433 9683
f 1620 1378 1551
f 1636 1761 1502
f 10646 10667 10643
f 4905 4952 4789
f 3227 3226 3271
f 2435 2568 2377
f 1164 1265 1043
f 7109 7151 7020
f 6665 6528 6589
f 10407 10539 10446
f 2764 2589 2708
f 457 554 456
f 1435 1434 1307
f 8518 8399 8400
f 9995 10060 9787
f 4837 4602 4553
f 3745 3740 3813
f 268 299 351
f 2468 2706 2407
f 8393 8346 8510
f 8475 8411 8314
f 10443 10502 10534
f 2146 1938 2014
f 3681 3777 3734
f 4724 4894 4778
f 5115 4979 5039
f 9269 9270 9453
f 10111 9907 10113
f 8268 8363 8362
f 5773 5613 5774
f 2110 1978 2111
f 3579 3635 3607
f 556 592 496
f 8804 8805 8661
f 5868 6081 6078
f 3584 3642 3556
f 1132 1735 1605
f 247 271 193
f 2701 2649 2702
f 7322 7353 7253
f 3274 3191 3275
f 3980 3981 3896
f 3962 3938 3939
f 7161 7196 7226
f 3137 3136 3050
f 1245 1482 1295
f 1791 1727 1728
f 10550 10615 10612
f 4825 4824 5001
f 8621 8505 8446
f 4110 4109 4041
f 8392 8509 8391
f 5665 5771 5664
f 8696 8681 8379
f 9794 9870 9793
f 6607 6542 6543
f 5660 5823 5717
f 10692 10700 10699
f 5630 5518 5456
f 1090 971 908
f 7761 7762 7686
f 1563 1695 1505
f 4944 5066 4892
f 2847 2904 3056
f 6651 6611 6745
f 10333 10571 10444
f 6781 6816 6867
f 5195 5142 5012
f 8134 7943 8128
f 10451 10449 10540
f 4796 4964 4963
f 4212 4163 4096
f 8505 8703 8622
f 8346 8393 8250
f 8161 8042 8202
f 9861 9990 10124
f 9465 9190 9286
f 6872 6818 6910
f 3018 3203 3109
f 5029 4844 5157
f 2101 1962 2166
f 3968 3888 3889
f 5329 5330 5449
f 4199 3997 4089
f 6089 5930 6034
f 9032 8797 8730
f 4537 4589 4645
f 5249 5436 5185
f 5742 5743 5905
f 2031 2306 2305
f 7808 7765 7846
f 8875 9115 8792
f 828 1004 1132
f 8626 8932 8705
f 8440 8499 8498
f 5161 4965 5103
f 58 78 64
f 793 791 792
f 5967 5863 5916
f 1019 955 787
f 4196 4270 4269
f 4974 4973 4856
f 9900 10035 10101
f 3902 3928 3792
f 5569 5386 5452
f 5882 5908 6039
f 309 364 404
f 7467 7606 7568
f 2665 2548 2478
f 3546 3621 3620
f 4149 4231 4337
f 6021 6020 5866
f 777 653 695
f 2859 2695 2752
f 7347 7248 7278
f 10332 10218 10400
f 1388 1201 1442
f 978 1099 1162
f 4592 4540 4431
f 3150 3097 3055
f 2691 2750 2640
f 5851 5956 6063
f 3750 3828 3774
f 10065 10127 9933
f 3288 3414 3329
f 1384 1305 1256
f 4974 4856 4919
f 1428 1541 1427
f 5078 5077 4902
f 406 364 314
f 247 301 388
f 9090 9709 9179
f 3815 3762 3719
f 1706 1705 1459
f 9450 8994 9355
f 9097 9288 9556
f 7590 7455 7453
f 3598 3539 3540
f 10312 10313 10373
f 274 355 333
f 9819 9894 9891
f 9867 9999 10066
f 8979 8819 8992
f 3686 3605 3658
f 3613 3587 3498
f 9187 8855 9188
f 2968 2871 3076
f 5288 5472 5411
f 4870 4752 4816
f 6351 6307 6260
f 266 325 324
f 5066 5189 5140
f 2101 2166 2303
f 2140 2273 2340
f 6505 6571 6604
f 145 125 104
f 4604 4603 4498
f 3683 3626 3684
f 5599 5655 5656
f 652 576 653
f 7847 7961 7994
f 2788 2621 2843
f 3571 3547 3657
f 8686 8494 8436
f 10606 10624 10666
f 8761 8762 8918
f 8162 8163 8249
f 6114 6115 6222
f 1149 1150 1306
f 6730 6729 6680
f 8203 8204 8297
f 7058 7015 6968
f 7024 7222 7249
f 5340 5401 5284
f 2608 2669 2607
f 7606 7468 7569
f 9363 9456 9633
f 1638 1566 1567
f 2584 2583 2401
f 5570 5514 5628
f 6834 6793 6835
f 6615 6616 6521
f 5641 5464 5642
f 7363 7291 7396
f 5631 5519 5520
f 8280 8226 8147
f 9516 9825 9614
f 6510 6546 6543
f 4113 4188 4047
f 1117 1057 1175
f 7541 7732 7614
f 9988 10050 9912
f 715 640 602
f 5374 5562 5561
f 9793 9738 9794
f 2916 2923 2810
f 3173 3082 3121
f 2081 2282 1941
f 1041 1103 980
f 9444 9153 9154
f 4670 4447 4504
f 6134 6082 6189
f 8102 8150 8028
f 2668 2778 2417
f 9482 9731 9730
f 4931 5126 4930
f 10340 10446 10276
f 8204 8342 8341
f 9287 9283 9281
f 4353 4397 4314
f 2495 2796 2627
f 6377 6181 6452
f 8147 8186 8101
f 10498 10395 10437
f 2073 2206 2342
f 6612 6578 6513
f 6983 7065 6982
f 896 711 797
f 9609 9761 9895
f 9588 9747 9746
f 3296 3295 3249
f 93 129 84
f 5007 5015 5069
f 4733 4611 4792
f 6307 6352 6258
f 2862 2696 2697
f 5615 5558 5493
f 9273 9360 9172
f 7202 7201 7032
f 9914 9638 9848
f 10523 10377 10482
f 5434 5311 5312
f 1343 1465 1276
f 3301 3345 3119
f 2980 3033 2882
f 7857 7925 7966
f 412 483 442
f 6095 5931 5932
f 4317 4233 4234
f 2523 2652 2469
f 2543 2473 2415
f 5490 5430 5307
f 8490 8676 8555
f 10684 10638 10683
f 2477 2417 2605
f 7652 7651 7620
f 4089 4056 4200
f 6622 6660 6561
f 5511 5385 5329
f 6915 6853 6979
f 10222 10339 10030
f 2130 2194 2267
f 9785 9727 9862
f 1048 986 987
f 4746 4976 4975
f 3707 3830 3777
f 903 712 856
f 2213 2277 2075
f 699 549 583
f 9720 9466 9640
f 9553 9844 9708
f 8799 8733 8800
f 8785 8725 8793
f 3732 3774 3776
f 4797 4849 4740
f 6693 6576 6649
f 720 566 679
f 9221 9318 9502
f 4781 4780 4547
f 4246 4336 4216
f 1770 1997 1843
f 1378 1149 1306
f 7403 7543 7514
f 9014 9289 9192
f 9445 9345 9768
f 6723 6531 6724
f 9489 9654 9796
f 10398 10440 10397
f 6634 6671 6682
f 2718 2825 2599
f 8300 8455 8454
f 7061 7107 7060
f 10649 10636 10612
f 1510 1456 1512
f 9883 10022 10091
f 3606 3628 3714
f 3491 3424 3342
f 1428 1187 1541
f 7627 7524 7582
f 6443 6514 6513
f 27 55 29
f 3465 3506 3565
f 3601 3683 3685
f 5817 5818 5915
f 8624 8448 8766
f 2520 2519 2267
f 3603 3572 3644
f 10696 10590 10660
f 4010 3926 4011
f 6460 6459 6292
f 1816 2043 1893
f 4268 4118 4197
f 690 689 543
f 2851 2910 2741
f 7572 7470 7573
f 2758 2699 2525
f 5743 5659 5765
f 2522 2270 2199
f 2768 2870 2766
f 1025 1078 961
f 7816 7926 7924
f 7642 7570 7643
f 1800 2096 2095
f 10113 10284 10233
f 8415 8477 8597
f 9412 9227 9413
f 9195 8861 9019
f 9012 9286 9190
f 4556 4793 4794
f 10071 10307 10143
f 9332 9241 9520
f 8783 9020 8948
f 4330 4204 4280
f 1076 1304 1146
f 5947 5895 5896
f 1948 1867 1729
f 7784 7610 7690
f 5177 5299 5121
f 950 741 948
f 9605 9604 9676
f 4087 4153 4052
f 902 1153 903
f 10159 9958 10144
f 4499 4500 4608
f 4164 4248 4165
f 5765 5716 5906
f 5467 5533 5340
f 1691 1501 1635
f 5607 5488 5552
f 7236 7169 7238
f 8553 8610 8427
f 9141 8810 9054
f 714 637 674
f 8453 8454 8575
f 3135 3315 3188
f 10152 10207 9878
f 9795 10303 10134
f 3831 3885 3884
f 3011 2918 2806
f 1000 732 876
f 5694 5633 5738
f 5160 5238 5173
f 2119 2388 2326
f 6017 5862 6018
f 778 736 881
f 2093 2025 1799
f 8808 8603 8738
f 7321 7252 7351
f 8476 8536 8596
f 3713 3644 3667
f 6498 6590 6589
f 261 262 144
f 7155 7316 7279
f 7733 7728 7760
f 8069 8112 7999
f 6005 5933 6100
f 4483 4383 4484
f 6087 6027 6290
f 8034 7921 8035
f 3241 3232 3150
f 6109 6163 6002
f 6405 6484 6446
f 6209 6045 6046
f 1321 1320 1160
f 6207 6221 6100
f 10581 10514 10353
f 7248 7109 7152
f 7105 7058 7059
f 5111 4973 4974
f 4235 4193 4192
f 9805 9745 9876
f 4056 3936 3998
f 5938 5939 6102
f 5889 5942 5841
f 9319 9037 9223
f 5841 5842 5889
f 7841 7779 7881
f 7205 7366 7335
f 5607 5661 5603
f 8679 8817 8903
f 9952 10086 10085
f 774 692 574
f 815 761 762
f 3016 2965 3043
f 8514 8397 8398
f 4920 4936 4976
f 7699 7784 7763
f 4322 4240 4236
f 7777 7835 7803
f 6258 6302 6150
f 6343 6293 6294
f 2813 2756 2699
f 6887 7210 7242
f 5323 5067 5438
f 8379 8442 8696
f 799 675 800
f 693 775 574
f 4875 4703 4820
f 9240 9519 9428
f 10077 10256 10383
f 3905 3844 3987
f 5793 5565 5729
f 4332 4213 4284
f 10039 10230 10228
f 6257 6098 6099
f 7126 7082 7127
f 3319 3439 3438
f 9756 9416 9502
f 8525 8651 8723
f 10330 10399 10439
f 1220 1174 1270
f 7539 7642 7608
f 6328 6517 6447
f 5562 5679 5785
f 3668 3557 3610
f 10531 10441 10560
f 982 1159 975
f 10479 10522 10374
f 2158 2090 2023
f 9274 9177 9458
f 10634 10569 10529
f 62 23 30
f 3013 2963 2861
f 5616 5672 5615
f 2363 2553 2295
f 2518 2517 2450
f 626 553 551
f 733 1006 879
f 7573 7470 7514
f 2965 3016 2762
f 9207 9209 9398
f 10250 10582 10356
f 4804 4809 4622
f 1846 1646 1713
f 9968 9901 9692
f 1703 1512 1642
f 10078 10077 9664
f 9636 9647 9644
f 3719 3650 3729
f 10438 10498 10530
f 6174 6203 5932
f 713 672 753
f 6702 6701 6619
f 931 991 1058
f 1352 1473 1349
f 2192 2122 1990
f 6930 6801 6973
f 9902 10103 10102
f 10524 10484 10382
f 8053 8091 8130
f 4269 4270 4403
f 6786 6873 6874
f 2195 2267 1913
f 7531 7558 7587
f 1843 1997 1996
f 4759 4935 4712
f 7199 7254 7287
f 6743 6782 6692
f 454 422 390
f 9519 9628 9428
f 7025 7065 6983
f 1692 1832 1987
f 6439 6224 6398
f 6842 6797 6887
f 5060 5251 5131
f 8184 8065 8224
f 4622 4809 4808
f 9901 9902 9828
f 7319 7252 7224
f 2306 2169 2307
f 6311 6211 6213
f 3877 3996 3960
f 2051 1499 1688
f 5948 5897 5999
f 7882 7805 7780
f 462 560 461
f 1064 1240 1059
f 7660 7581 7629
f 5541 5540 5417
f 5089 5090 5208
f 1767 1642 1513
f 4421 4480 4585
f 413 412 377
f 7494 7352 7425
f 8045 8046 8162
f 8264 8464 8528
f 2744 2630 2631
f 5150 5265 5264
f 2749 2748 2637
f 3354 3462 3352
f 6582 6520 6656
f 5829 5979 5875
f 7553 7414 7579
f 8559 8542 8416
f 3637 3521 3638
f 7286 7198 7199
f 5792 5944 5564
f 2554 2488 2617
f 1749 1308 1678
f 9362 9269 9453
f 5296 5298 5420
f 8983 8824 8984
f 6856 6860 6941
f 6011 6067 6010
f 8488 8377 8228
f 8139 8177 8312
f 5958 6121 6068
f 148 149 76
f 8708 8936 8851
f 3093 3223 3190
f 6863 6813 6779
f 3609 3583 3525
f 423 388 301
f 4539 4723 4596
f 4097 4067 4162
f 7519 7482 7520
f 681 570 645
f 4283 4246 4213
f 7954 8061 8097
f 331 333 393
f 5496 5723 5495
f 9151 9252 9343
f 739 740 698
f 2166 2304 2303
f 1831 2129 2054
f 6765 6767 6803
f 4438 4547 4437
f 9124 9217 8731
f 10182 10461 10294
f 9712 9637 9460
f 6333 6334 6366
f 3701 3675 3728
f 8561 8682 8612
f 6871 7035 6870
f 8837 8762 8568
f 7892 7923 7922
f 8334 8384 8441
f 8851 8850 8512
f 3546 3620 3513
f 4182 4181 4077
f 2939 3036 3035
f 7511 7399 7400
f 8019 8132 8131
f 7634 7705 7796
f 8890 8891 9044
f 7446 7483 7445
f 433 604 600
f 9489 9393 9654
f 525 627 587
f 10412 10408 10507
f 10309 10371 10476
f 5767 5604 5487
f 1226 1225 1119
f 148 76 128
f 6658 6561 6753
f 4059 4160 4130
f 8602 8601 8370
f 6483 6550 6576
f 8409 8650 8591
f 7850 7851 7921
f 8787 8867 8649
f 10012 9801 10315
f 7057 7103 7102
f 2900 3095 2899
f 1985 2127 1443
f 5972 6024 5921
f 997 998 1063
f 2409 2471 2536
f 2997 3099 2952
f 293 371 263
f 7907 8043 8069
f 6668 6626 6590
f 10051 10240 10173
f 6284 6242 6188
f 4095 4131 4209
f 2358 2476 2475
f 4763 4937 4884
f 9509 9760 9678
f 4339 4256 4302
f 391 331 392
f 10521 10624 10501
f 4047 4046 4113
f 1024 897 1075
f 6231 6272 6324
f 8693 8610 8744
f 7594 7595 7707
f 8583 8465 8358
f 37 46 69
f 1347 1526 1472
f 6029 6027 5871
f 1788 1864 1787
f 489 587 518
f 8521 8528 8520
f 8958 9213 9314
f 10595 10640 10625
f 5953 5849 5847
f 9105 8864 9197
f 8511 8630 8574
f 3702 3782 3753
f 4752 4815 4628
f 4830 4893 4775
f 6094 6146 6300
f 2868 2967 2930
f 1528 1477 1529
f 1999 1998 1844
f 4720 4891 5011
f 5717 5823 5822
f 9531 9442 9256
f 1489 1430 1545
f 2130 2332 2266
f 10344 10167 10287
f 10196 10220 10369
f 1972 2176 2107
f 813 640 806
f 1377 1387 1499
f 8138 8311 8212
f 3357 3358 3432
f 2157 2290 1873
f 8666 9047 8921
f 3749 3703 3797
f 832 1070 883
f 7072 7234 7233
f 6801 7012 7055
f 2983 3042 3091
f 2297 2425 2296
f 1716 1849 1518
f 9197 9295 9105
f 7939 7940 8010
f 1782 2077 2076
f 574 442 483
f 787 955 954
f 1781 1852 1719
f 6253 6347 6200
f 9273 9455 9454
f 3372 3410 3287
f 906 1087 1086
f 1119 1225 1175
f 2745 2845 2635
f 9470 9098 9383
f 9409 9318 9126
f 4706 4757 4705
f 2629 2793 2560
f 4985 4921 4811
f 1283 1282 1120
f 7545 7615 7544
f 2326 2447 2259
f 1266 1327 1512
f 3325 3192 3326
f 434 433 362
f 2693 2746 2747
f 1399 1510 1509
f 4787 4661 4838
f 10524 10483 10484
f 2471 2659 2709
f 3090 3260 3130
f 5263 5445 5327
f 4075 4106 3980
f 9862 9990 9860
f 8147 8101 8027
f 6011 5853 6012
f 7452 7531 7422
f 9872 10140 10069
f 7262 7257 7330
f 3712 3627 3710
f 6931 6713 6765
f 6587 6664 6588
f 4571 4367 4520
f 5554 5609 5431
f 7401 7367 7295
f 2903 3055 2997
f 239 148 183
f 10260 10155 10156
f 7232 7203 7072
f 2157 1873 1874
f 3629 3574 3575
f 4969 5162 5226
f 5764 5656 5763
f 5064 5375 5067
f 10231 10279 10166
f 6209 6152 6045
f 9787 9996 9729
f 621 657 581
f 5747 5584 5646
f 1307 1306 1150
f 6069 6122 6177
f 7890 7810 7762
f 9913 9981 9779
f 5761 5866 5712
f 304 395 394
f 8970 9231 8969
f 9724 9927 9783
f 28 29 33
f 586 661 585
f 1922 1923 2068
f 6128 6237 6127
f 3059 2848 2999
f 8644 8462 8519
f 2541 2594 2412
f 8359 8358 8465
f 2397 2460 2461
f 4956 4910 4957
f 6719 6673 6720
f 3050 2991 2897
f 9394 9586 9585
f 3045 3185 3220
f 9503 9410 9222
f 8472 8654 8731
f 8388 8296 8506
f 4051 3934 4119
f 1198 1383 1382
f 9610 9896 9761
f 9468 9555 9556
f 9378 9095 9377
f 9500 9817 9602
f 3225 3318 3268
f 3325 3276 3230
f 1007 1060 1181
f 964 1151 1079
f 6104 6049 6155
f 7846 7765 7790
f 6 7 18
f 6905 6904 6815
f 10448 10504 10408
f 7165 7074 7123
f 9634 9494 9666
f 5042 5043 5168
f 5642 5464 5578
f 2065 2335 2134
f 10089 10088 10269
f 5358 5359 5481
f 6677 6676 6633
f 5902 5737 5803
f 8859 8713 8940
f 2733 2616 2653
f 10642 10659 10594
f 3413 3447 3412
f 79 45 80
f 8084 8081 7930
f 10154 9808 10210
f 4504 4446 4536
f 10639 10631 10519
f 6127 5913 6128
f 1714 1923 1846
f 2575 2451 2391
f 10107 10277 9970
f 6537 6538 6639
f 10123 10179 10058
f 9241 9054 9243
f 2732 2887 2832
f 8759 8916 8835
f 9155 8985 9257
f 4983 4864 4922
f 8385 8440 8289
f 7465 7567 7464
f 8153 8297 8382
f 7149 7192 7146
f 538 367 438
f 9949 10152 9878
f 4362 4455 4361
f 5449 5451 5567
f 9005 8928 8768
f 489 447 448
f 7219 7150 7151
f 1074 1143 895
f 4635 4532 4379
f 3293 3340 3248
f 5270 5154 4955
f 9053 9240 9052
f 164 178 200
f 4607 4790 4729
f 1573 1461 1574
f 2716 2771 2934
f 3779 3802 3830
f 3863 3811 3892
f 346 216 321
f 4038 4076 4011
f 910 1037 1036
f 1867 1535 1729
f 7931 7880 7910
f 6638 6639 6733
f 7043 7003 7005
f 19 25 12
f 5300 5334 5519
f 8973 9057 8743
f 7811 7891 7889
f 1445 1690 1314
f 245 328 269
f 9834 9699 9541
f 9449 9683 9433
f 5856 5748 5959
f 3073 2865 3072
f 10393 10417 10349
f 9423 9236 9612
f 2034 1967 1888
f 8527 8953 8874
f 7751 7678 7605
f 7219 7151 7247
f 9837 9773 9907
f 10466 10518 10471
f 7927 8041 8117
f 9339 9148 9062
f 9136 9325 9228
f 3199 3160 3065
f 8787 8951 9111
f 5881 5984 5879
f 10396 10268 10329
f 3633 3578 3632
f 2648 2464 2582
f 5589 5415 5649
f 6220 6285 6060
f 3163 3012 3105
f 5030 5001 5099
f 7005 7004 7041
f 9161 9075 9148
f 4292 4156 4194
f 2110 2179 2320
f 9965 9966 9687
f 3135 2895 2944
f 5474 5291 5591
f 5930 5828 5875
f 3276 3325 3405
f 5884 6103 6153
f 2844 2677 2789
f 1027 1082 967
f 2976 2975 2880
f 7814 7768 7793
f 2712 2713 2768
f 6222 6335 6436
f 1887 2103 1966
f 4799 4970 4673
f 6378 6412 6240
f 10125 10420 10464
f 10544 10572 10534
f 1106 1089 971
f 6476 6313 6396
f 8229 8327 8373
f 421 326 351
f 4421 4296 4380
f 8656 8798 8655
f 3064 2958 3065
f 5297 5477 5357
f 1293 1424 1292
f 5514 5389 5270
f 9422 9608 9607
f 5198 5324 5197
f 7435 7619 7650
f 7653 7414 7624
f 2265 2264 1907
f 3691 3763 3720
f 2920 2753 2962
f 6794 6587 6839
f 10482 10377 10379
f 6553 6445 6446
f 7330 7405 7336
f 8264 8408 8266
f 5281 5282 5400
f 3103 3242 3063
f 3491 3382 3383
f 1530 1529 1357
f 2646 2814 2813
f 3285 3445 3409
f 9930 9990 9862
f 9971 9835 9836
f 5913 6071 6128
f 9548 9369 9276
f 1317 1205 1455
f 3180 3179 3124
f 3071 2924 3015
f 10076 10255 10145
f 2570 2690 2691
f 4243 4091 4203
f 180 167 126
f 10515 10518 10466
f 6854 6936 6895
f 10414 10290 10416
f 7439 7450 7548
f 225 304 276
f 4788 4663 4603
f 2632 2568 2569
f 5553 5719 5490
f 1630 1629 1557
f 4429 4303 4257
f 7251 7318 7350
f 1426 1538 1480
f 9966 10337 10220
f 3790 3791 3870
f 3954 3914 3847
f 5584 5583 5405
f 898 851 791
f 2143 2207 2011
f 397 336 337
f 9088 9178 9278
f 7920 7850 7921
f 10618 10619 10665
f 10616 10582 10551
f 9888 9602 9817
f 3781 3752 3708
f 6668 6714 6626
f 4682 4686 4569
f 4499 4395 4500
f 5128 5303 5051
f 1127 1290 1238
f 8536 8417 8478
f 10472 10465 10363
f 3441 3370 3511
f 313 367 343
f 10685 10656 10690
f 945 890 891
f 8756 8615 8616
f 7362 7361 7329
f 2846 2903 2936
f 6618 6581 6451
f 8078 8198 8077
f 8272 8367 8219
f 1528 1591 1477
f 7223 7114 7225
f 7982 8096 8060
f 6467 6387 6348
f 10226 10227 10104
f 10272 10370 10402
f 2143 2345 2344
f 8806 8598 8736
f 745 789 704
f 6521 6620 6520
f 5624 5684 5508
f 9178 8772 9089
f 7122 7073 6991
f 1080 1254 1255
f 4493 4436 4597
f 4884 4997 4996
f 688 479 687
f 8862 8718 8863
f 8231 8104 8286
f 9293 9477 9574
f 3322 3321 3269
f 4435 4305 4346
f 4685 4807 4684
f 9469 9098 9470
f 2677 2622 2789
f 9678 9819 9759
f 8875 8588 8876
f 7868 7826 7865
f 10193 10007 10139
f 3974 3921 3892
f 3630 3688 3585
f 7654 7696 7555
f 4967 5105 5104
f 2415 2473 2282
f 24 31 18
f 6027 6291 6340
f 1195 1387 1377
f 3166 3017 3111
f 1430 1487 1371
f 502 434 501
f 2009 1932 1931
f 8050 8011 8122
f 224 160 161
f 8653 8868 8584
f 1220 1050 1174
f 2162 2430 2236
f 1443 2127 2053
f 7827 7901 8017
f 4116 4018 4117
f 6224 6266 6315
f 9808 9879 9591
f 2626 2738 2633
f 9847 9985 10052
f 8726 8589 8727
f 8221 8222 8368
f 2 10 3
f 9211 9118 9028
f 376 295 379
f 357 358 459
f 6137 6293 6292
f 9470 9643 9468
f 8381 8288 8493
f 8718 8864 8863
f 6861 6735 6776
f 1987 1832 1834
f 2580 2815 2700
f 5719 5826 5490
f 4769 4718 4890
f 8941 9289 9014
f 9491 9214 9202
f 6741 6814 6780
f 5288 5411 5346
f 4714 4767 4590
f 9723 9384 9642
f 8646 8647 8785
f 4447 4315 4266
f 6193 6248 5978
f 10270 10398 10269
f 940 1001 877
f 9486 9656 9201
f 5821 5924 5867
f 8098 8083 8064
f 1994 1842 1917
f 1823 2048 1822
f 1110 1218 1172
f 9389 9581 9579
f 669 630 668
f 10603 10658 10645
f 10099 9763 9897
f 5819 6078 6021
f 6308 6309 6156
f 4989 4927 4928
f 6050 5996 6160
f 6031 6248 6247
f 2354 2220 2221
f 7620 7651 7575
f 1179 1230 1285
f 3561 3646 3645
f 10526 10556 10631
f 3488 3582 3522
f 2972 3079 3027
f 7911 7960 7887
f 907 800 801
f 3703 3677 3619
f 7727 7758 7737
f 8171 8056 8092
f 9655 9654 9393
f 4734 4792 4611
f 4017 3906 3989
f 271 247 388
f 10090 10091 10157
f 9636 9459 9373
f 6619 6618 6519
f 1597 1532 1479
f 3100 3057 3154
f 842 952 843
f 9584 9738 9792
f 3920 4026 4064
f 1777 1780 1651
f 3081 2978 3029
f 8738 8888 8808
f 3993 3850 3935
f 3858 3783 3833
f 4408 4329 4464
f 10652 10683 10638
f 7148 7147 7060
f 4087 4197 4153
f 965 964 899
f 382 420 349
f 9456 9365 9173
f 1382 1383 1557
f 5753 5754 5663
f 8004 7823 7895
f 5490 5826 5720
f 5633 5524 5525
f 2342 2400 2073
f 3138 3225 3268
f 197 118 135
f 5040 5115 5169
f 3636 3521 3637
f 3046 3132 3131
f 7540 7512 7432
f 1444 1029 1314
f 4202 4091 4279
f 9296 9389 9481
f 8739 8666 8480
f 1422 1423 1536
f 4919 5165 5111
f 7978 8174 8018
f 8149 8284 8326
f 10393 10459 10417
f 6480 6482 6577
f 1317 1092 1393
f 8277 8225 8185
f 5272 5455 5333
f 993 1179 992
f 387 422 353
f 8296 8293 8161
f 5759 5866 5919
f 5536 5408 5409
f 2198 1996 1997
f 6531 6722 6721
f 2643 2642 2574
f 7847 7786 7787
f 9373 9180 9280
f 5016 4896 5069
f 2660 2710 2711
f 7491 7448 7382
f 1925 2005 1850
f 7541 7515 7433
f 315 290 236
f 159 195 225
f 1025 1149 1078
f 9187 9010 8855
f 5894 5998 5997
f 8015 8051 7941
f 986 1107 922
f 1812 1808 2114
f 7149 7060 7147
f 503 363 436
f 8760 8567 8698
f 2427 2237 2428
f 4180 4145 4077
f 5299 5298 5121
f 308 258 340
f 3106 3030 3084
f 8896 9048 8971
f 6628 6534 6528
f 8301 8398 8397
f 3332 3417 3290
f 3927 3871 3949
f 8690 8830 8829
f 9667 9749 9592
f 4848 4558 4740
f 4770 4648 4892
f 2534 2348 2409
f 1820 1896 1755
f 249 303 223
f 4989 5120 4927
f 6654 6653 6652
f 8206 8089 8257
f 5167 5289 5288
f 3000 3004 3237
f 7418 7382 7221
f 8468 8361 8466
f 10010 10093 10198
f 683 609 572
f 7614 7649 7515
f 6299 6199 6200
f 9927 9778 9783
f 10649 10668 10637
f 167 146 126
f 2707 2926 2866
f 10213 10176 10085
f 9724 9858 9857
f 506 504 437
f 1914 2132 2060
f 9732 9483 9733
f 3979 4033 4037
f 8165 8050 8122
f 5367 5184 5310
f 5478 5651 5652
f 10414 10347 10170
f 2151 2282 2081
f 5347 5114 4975
f 9579 9390 9481
f 6455 6454 6417
f 7774 7802 7775
f 314 262 342
f 5288 5230 5167
f 1760 1985 1759
f 5565 5512 5449
f 6084 6244 6135
f 8604 8605 8667
f 2727 2670 2609
f 5784 5935 5937
f 5237 5267 5041
f 5528 5394 5395
f 6480 6401 6482
f 4262 4226 4146
f 7771 7865 7826
f 9205 9306 9305
f 5792 5793 5890
f 5272 5391 5456
f 5495 5317 5496
f 10280 10408 10279
f 2950 2901 2787
f 1966 1804 1887
f 3337 3232 3241
f 8464 8264 8309
f 5063 5374 5188
f 8148 8187 8147
f 10040 9771 9971
f 3256 3347 3351
f 4034 4074 4142
f 392 393 425
f 9211 9310 9118
f 3303 3391 3390
f 5510 5265 5447
f 1204 1045 1203
f 2431 2238 2372
f 9694 9443 9625
f 5535 5469 5583
f 4327 4366 4462
f 1668 1734 1538
f 2294 2364 2423
f 2218 2473 2413
f 5546 5424 5548
f 7031 7230 7070
f 9979 9910 9980
f 9419 9325 9326
f 7232 7072 7233
f 5761 5819 5866
f 1392 1549 1826
f 10456 10346 10367
f 2791 2680 2737
f 4541 4344 4491
f 5582 5700 5645
f 3823 3770 3824
f 3478 3405 3479
f 3378 3209 3305
f 2272 2458 2201
f 5049 5301 5244
f 8785 8648 8867
f 4699 4527 4631
f 5996 6050 5790
f 7804 8025 7956
f 5010 4941 4775
f 4281 4316 4357
f 6651 6554 6579
f 5904 5903 5807
f 4433 4490 4304
f 868 1113 1051
f 3505 3509 3532
f 9348 9261 9349
f 6707 6706 6626
f 1895 2257 2185
f 8660 8535 8594
f 1999 1921 2067
f 7989 7884 7886
f 7594 7597 7596
f 5365 5246 5364
f 8639 8579 8350
f 6013 6175 5910
f 589 521 552
f 5070 5020 5145
f 1951 1794 1667
f 2902 2678 2790
f 4005 3971 4028
f 989 1052 870
f 3334 3290 3417
f 9110 8950 8787
f 1533 1420 1598
f 7285 7253 7353
f 3628 3574 3629
f 2181 2323 2041
f 9486 9599 9656
f 2782 2890 2985
f 885 781 655
f 7757 7725 7783
f 5428 5304 5053
f 9064 9251 9250
f 5792 5564 5793
f 826 996 825
f 8332 8494 8562
f 8784 8793 8588
f 392 425 389
f 3701 3674 3647
f 10598 10611 10512
f 10546 10511 10459
f 5394 5457 5335
f 6776 6812 6901
f 2082 2016 2149
f 9473 9725 9645
f 3911 3906 3877
f 6829 6881 6880
f 7507 7572 7574
f 8428 8325 8376
f 8422 8278 8372
f 9790 9576 9578
f 8335 8245 8336
f 9101 9018 8946
f 7534 7592 7533
f 2850 2786 2898
f 4755 4630 4692
f 5384 5444 5261
f 9810 9953 9881
f 3241 3101 3200
f 1338 1579 1647
f 9545 9546 9705
f 7637 7499 7597
f 4499 4608 4501
f 6689 6547 6573
f 1162 1099 1263
f 5046 4816 4988
f 3676 3649 3747
f 9985 9847 9849
f 6307 6351 6352
f 3373 3152 3374
f 3935 4020 3993
f 3723 3668 3769
f 2734 2616 2553
f 8775 8634 8938
f 6797 6924 6967
f 10668 10649 10612
f 5748 5749 5857
f 7482 7483 7521
f 2838 2729 2730
f 4321 4320 4271
f 3663 3581 3636
f 10047 10173 10046
f 4495 4440 4349
f 7170 7037 7124
f 9874 9800 9875
f 4625 4812 4688
f 2738 2739 2795
f 4110 3982 4147
f 10400 10331 10401
f 10536 10573 10503
f 1507 1696 1506
f 2026 2163 2299
f 6473 6493 6415
f 8944 8781 9100
f 486 487 579
f 5286 5341 5162
f 2063 1706 1769
f 9257 9534 9533
f 3700 3646 3671
f 9806 9807 9947
f 1190 1134 1245
f 3373 3407 3282
f 230 204 165
f 5401 5531 5283
f 10641 10658 10522
f 10298 10513 10354
f 7734 7689 7663
f 7831 7801 7747
f 4130 4062 4059
f 3209 3378 3201
f 3191 3274 3144
f 816 763 723
f 193 271 173
f 7674 7673 7603
f 2041 1979 1891
f 961 1078 1027
f 8257 8351 8206
f 10020 10214 10019
f 7902 8017 7901
f 8906 8682 8822
f 2904 3000 3056
f 3266 3363 3318
f 355 426 354
f 2389 2572 2505
f 2436 2689 2635
f 7689 7735 7698
f 9846 9983 9848
f 8402 8513 8463
f 2376 2305 2434
f 2587 2650 2703
f 4857 5113 5036
f 10634 10645 10674
f 6284 6244 6379
f 6106 6213 6211
f 6896 7108 7063
f 9116 8876 8955
f 3483 3454 3333
f 99 100 135
f 3199 3065 3066
f 4350 4392 4309
f 4301 4385 4255
f 3862 3737 3759
f 9968 10037 9901
f 7165 7205 7164
f 6938 6983 6858
f 9130 9603 9322
f 8556 8551 8384
f 7447 7490 7192
f 9222 9410 8883
f 3332 3418 3451
f 8638 8639 8780
f 8450 8343 8451
f 9360 9361 9172
f 7806 7807 7721
f 10321 10262 10263
f 5619 5725 5780
f 4405 4363 4364
f 1418 1592 1530
f 4452 4563 4675
f 8334 8496 8495
f 1026 962 963
f 2579 2457 2395
f 7371 7374 7380
f 9766 9527 9687
f 10228 9903 10039
f 9098 9469 9382
f 1185 939 1239
f 9984 10047 10050
f 1159 1326 1318
f 5555 5663 5491
f 9037 9222 8883
f 2824 2973 2972
f 6053 6157 5994
f 9832 9833 9895
f 532 857 560
f 2490 2558 2623
f 10276 10275 10225
f 4403 4561 4402
f 7968 8044 8043
f 2592 2765 2591
f 1272 1271 1406
f 3075 3074 2930
f 7399 7333 7334
f 2736 2367 2676
f 4924 4980 5040
f 9245 9433 9238
f 9841 9977 9978
f 2365 2159 2349
f 1201 1313 1154
f 1388 1442 1827
f 334 249 275
f 2314 2439 2249
f 4502 4664 4609
f 3089 3214 3213
f 6048 5889 5993
f 792 668 630
f 9779 9981 9924
f 5909 5957 5852
f 2001 1846 1922
f 5078 5262 5201
f 2054 1830 1831
f 9832 9903 9532
f 1802 1613 1963
f 2156 2361 2291
f 8756 9059 8989
f 1395 1504 1503
f 4290 4375 4289
f 4744 5033 4799
f 1778 2003 1848
f 4800 4744 4675
f 9902 10036 10103
f 5086 5087 5206
f 2826 3014 2811
f 8739 8604 8667
f 248 331 332
f 5773 5876 5980
f 1170 1266 1456
f 5011 4891 5067
f 6385 6299 6386
f 3813 3741 3837
f 8451 8452 8773
f 5805 6003 5901
f 6794 6838 6587
f 3707 3653 3682
f 2499 2376 2500
f 2996 3147 3193
f 5163 5227 5285
f 2474 2223 2283
f 3501 3354 3430
f 9218 9221 9224
f 10617 10567 10616
f 9274 9458 9545
f 3531 3614 3562
f 4649 4541 4595
f 7429 7509 7508
f 6346 6428 6386
f 3186 3048 3187
f 677 716 644
f 3452 3556 3554
f 1927 1928 2007
f 10218 10331 10400
f 10500 10532 10332
f 1907 1908 2265
f 9661 9875 9800
f 2182 2041 2042
f 6615 6750 6697
f 4824 4716 4715
f 7423 7452 7350
f 1948 1794 2226
f 8913 9156 9261
f 6770 6805 6729
f 244 192 245
f 9143 9432 9244
f 3832 3886 3781
f 3984 4015 4083
f 2435 2377 2308
f 2715 2713 2661
f 6911 7038 6954
f 4832 4654 4782
f 6002 5900 5949
f 10352 10297 10353
f 1211 1212 1397
f 965 1080 1253
f 7311 7059 7275
f 3017 2926 2924
f 3308 3256 3233
f 6271 6369 6270
f 3091 3216 3183
f 10065 10246 10127
f 3466 3467 3536
f 3515 3473 3474
f 1919 1769 1708
f 21 46 37
f 3868 3789 3838
f 2160 2025 2161
f 6842 7048 7007
f 2896 2897 2991
f 3860 3756 3946
f 4999 4887 4888
f 2818 2764 2929
f 4163 4162 4025
f 5829 5668 5773
f 1840 1702 1993
f 8408 8527 8407
f 6615 6697 6616
f 7446 7414 7486
f 2145 1938 2146
f 3147 3479 3326
f 3503 3531 3463
f 34 56 20
f 458 357 526
f 8783 8948 8865
f 7713 7536 7672
f 577 485 513
f 5002 4940 4890
f 6054 6057 6058
f 3392 3502 3430
f 6542 6470 6543
f 5572 5571 5454
f 990 1053 928
f 1015 942 943
f 4935 4977 4978
f 8153 8382 8237
f 7991 7959 7960
f 7590 7633 7632
f 7105 7145 7058
f 7447 7192 7416
f 904 1084 850
f 5026 4951 5081
f 10592 10624 10607
f 1877 2300 1958
f 5426 5178 5483
f 677 642 678
f 5703 5586 5751
f 1387 1500 1499
f 6058 5898 6056
f 3827 3795 3730
f 9666 9631 9547
f 7141 7101 7142
f 4079 4109 4228
f 8788 8724 8952
f 4347 4260 4261
f 7021 7109 7020
f 121 142 140
f 6744 6870 6814
f 9632 9546 9363
f 8099 8186 8279
f 9926 9723 9642
f 3320 3536 3470
f 9887 10220 10196
f 8504 8247 8444
f 4843 4958 4731
f 5272 5273 5391
f 10133 10190 10251
f 8528 8646 8784
f 6531 6725 6769
f 4521 4569 4623
f 5169 5292 5235
f 10392 10495 10494
f 634 596 632
f 9998 9868 9791
f 8438 8383 8240
f 1864 2081 1941
f 8010 8086 7939
f 2002 2137 2203
f 6969 6925 6926
f 10140 10558 10557
f 5449 5567 5565
f 319 411 374
f 3855 3859 3784
f 9605 9676 9893
f 4099 4172 4069
f 448 551 489
f 2560 2432 2625
f 63 151 170
f 265 219 242
f 9388 9578 9576
f 1874 1873 1539
f 10563 10570 10440
f 6516 6486 6556
f 7799 7771 7745
f 10033 10099 10334
f 9457 9359 9451
f 3162 3200 2961
f 5980 5981 6091
f 10124 10180 10243
f 6856 6686 6735
f 5742 5697 5743
f 185 319 238
f 3880 3829 3879
f 4303 4344 4343
f 3252 3116 3117
f 8450 8511 8574
f 5839 5886 5987
f 5491 5612 5433
f 413 414 441
f 7963 7918 8072
f 6101 6041 6206
f 1615 1673 1546
f 8055 8264 8266
f 6761 6800 6760
f 2400 2142 2073
f 2452 2331 2316
f 2937 2721 2775
f 4040 4039 3900
f 8584 8583 8358
f 5204 5205 5268
f 3512 3472 3471
f 4951 4787 4838
f 3813 3865 3820
f 10 36 35
f 4863 4864 5041
f 2894 2730 2895
f 10011 9874 10075
f 3135 3188 3048
f 8822 9067 8906
f 2565 2434 2630
f 5714 5545 5691
f 558 560 635
f 4195 4238 4318
f 9525 9336 9147
f 9870 9794 9937
f 5372 5252 5317
f 6115 5851 6170
f 1139 1193 957
f 3120 3079 3253
f 3090 2982 3040
f 1686 1633 1498
f 3343 3251 3344
f 9650 9391 9734
f 3788 3720 3789
f 5532 5580 5466
f 10161 10105 10229
f 9 15 14
f 4315 4556 4505
f 4342 4428 4341
f 3471 3368 3512
f 7205 7235 7366
f 1744 1609 1614
f 9645 9724 9644
f 8792 9027 8791
f 3924 3897 3868
f 5227 5343 5285
f 10002 9937 10189
f 8455 8577 8454
f 10276 10446 10447
f 4083 4082 4187
f 3804 3735 3780
f 2703 2702 2585
f 442 574 692
f 1620 1551 1676
f 6578 6612 6694
f 8763 8619 8620
f 2714 2769 2715
f 5447 5684 5725
f 5413 5505 5322
f 848 953 1018
f 2966 2926 3017
f 8862 8717 8716
f 6713 6931 6974
f 8053 7945 7946
f 9248 9330 9515
f 5925 5823 5824
f 6185 6022 6020
f 8369 8319 8223
f 5292 5415 5412
f 4031 3974 3975
f 3523 3665 3608
f 6020 6022 5919
f 2707 2866 2658
f 6558 6507 6572
f 8108 8072 7918
f 1152 965 1198
f 6589 6885 6841
f 8682 8906 8821
f 6861 6901 6940
f 7514 7470 7403
f 3254 3253 3079
f 525 587 553
f 7494 7386 7352
f 708 630 631
f 7121 6989 7072
f 4438 4783 4654
f 2957 3063 2914
f 6186 6281 6280
f 4576 4693 4470
f 6258 6150 6151
f 1452 1400 1453
f 4206 4316 4281
f 313 235 290
f 6164 6363 6394
f 9112 9202 8872
f 5807 5903 5636
f 347 415 295
f 1480 1537 1242
f 4259 4347 4346
f 5203 5010 5328
f 7462 7505 7602
f 7027 7029 6941
f 4052 3994 4086
f 7093 7048 6842
f 8747 8975 8816
f 8746 8553 8555
f 6323 6400 6370
f 6222 6436 6396
f 363 341 287
f 10167 10166 10287
f 7202 7231 7291
f 4438 4549 4783
f 8206 8172 8125
f 3671 3588 3614
f 1350 1179 1285
f 14 29 28
f 4355 4356 4232
f 8913 8614 8689
f 4037 3980 3924
f 8349 8458 8396
f 303 457 356
f 5539 5417 5540
f 8013 8253 8169
f 8129 8175 8209
f 2214 2215 2468
f 7243 7103 7268
f 5018 5017 4781
f 6441 6370 6511
f 10286 10234 10346
f 2824 2596 2597
f 304 335 395
f 6429 6504 6428
f 5297 5176 5296
f 133 161 160
f 2996 2995 2951
f 6540 6605 6468
f 8729 8591 8796
f 3297 3298 3385
f 9446 9521 9260
f 6570 6637 6503
f 7045 7140 7132
f 101 164 137
f 7368 7329 7236
f 3926 3898 4011
f 9472 9385 9473
f 2562 2433 2561
f 2018 2086 2085
f 2758 2813 2699
f 9749 9465 9310
f 5901 6004 5950
f 7916 7812 7888
f 8185 8067 8099
f 8959 9030 9213
f 3057 3058 3155
f 6750 6698 6771
f 2985 2928 2927
f 6887 7187 7099
f 10350 10293 10460
f 2179 2114 2321
f 9540 9356 9541
f 8717 8862 9019
f 1921 1999 1772
f 7060 7059 6968
f 4005 4069 3970
f 6998 6999 6979
f 5919 5865 5759
f 5582 5810 5854
f 8410 8531 8310
f 5295 5308 5183
f 10011 10075 10144
f 7742 7823 7822
f 10168 10236 10045
f 8225 8066 8185
f 5678 5786 5682
f 3049 3094 3221
f 4710 4878 4709
f 4398 4503 4353
f 8527 8874 8873
f 4537 4536 4386
f 2805 2751 2806
f 9976 9841 9978
f 4872 4989 4928
f 5476 5354 5397
f 10169 10343 10168
f 10673 10630 10526
f 5901 5950 5803
f 2596 2875 2595
f 3237 3415 3327
f 2940 2780 2835
f 9797 10141 9739
f 5314 5370 5313
f 7191 7415 7345
f 10306 10008 10558
f 9573 9727 9648
f 348 446 445
f 6350 6470 6349
f 6504 6429 6539
f 8294 8389 8246
f 2129 1900 2050
f 4572 4687 4523
f 79 80 87
f 3283 3375 3246
f 478 414 378
f 5644 5580 5531
f 5191 4945 5118
f 8573 8770 8707
f 5999 5897 5898
f 291 236 213
f 5032 5105 4967
f 3071 3015 3108
f 1813 1979 2105
f 512 479 443
f 6528 6534 6459
f 7799 7865 7771
f 6107 6162 6214
f 5335 5523 5393
f 8218 8180 8221
f 3130 3395 3310
f 6119 6173 6118
f 4218 4296 4169
f 9623 9438 9437
f 4833 4894 4655
f 4141 4104 4033
f 1468 1343 1278
f 8115 8156 8038
f 6626 6713 6667
f 3660 3659 3575
f 2517 2516 2190
f 9837 9836 9702
f 1416 1658 1588
f 3039 2940 2987
f 6008 6169 6113
f 5035 4745 4973
f 5470 5703 5749
f 7819 7823 7742
f 8781 8641 8516
f 8063 7934 7897
f 7639 7674 7603
f 7205 7204 7164
f 8914 9074 8689
f 5025 5202 5078
f 7460 7394 7289
f 1636 1829 1986
f 1912 1698 2058
f 1619 1307 1308
f 672 798 753
f 5845 5737 5902
f 1194 1074 896
f 8789 8527 8873
f 6905 6947 6904
f 384 421 449
f 7648 7613 7688
f 2499 2500 2629
f 1695 1835 1762
f 3804 3780 3831
f 9275 9547 9455
f 9807 10150 10017
f 94 77 64
f 4495 4392 4552
f 6566 6592 6420
f 3301 3172 3302
f 9277 9550 9549
f 2322 2315 1979
f 618 652 735
f 6632 6633 6676
f 978 979 1099
f 3007 3063 3198
f 2343 2461 2460
f 1300 1372 1301
f 9114 9396 9395
f 3025 3172 3171
f 5620 5676 5574
f 3884 3963 3962
f 6866 6744 6691
f 7871 7944 7943
f 6117 6009 5957
f 8156 8199 8243
f 44 65 58
f 8739 8544 8604
f 6209 6153 6152
f 6764 6626 6714
f 370 472 409
f 9566 9641 9565
f 9373 9279 9180
f 7196 7283 7226
f 9154 8985 9155
f 10076 10075 9874
f 2556 2677 2621
f 5201 5200 5077
f 6531 6769 6724
f 2624 2680 2791
f 3577 3604 3631
f 776 775 693
f 8260 8261 8130
f 8083 8098 7930
f 845 891 890
f 1724 1791 1788
f 1444 1028 1029
f 4994 4936 4880
f 5504 5622 5503
f 10023 9959 10074
f 763 920 814
f 2996 2902 2792
f 7699 7764 7784
f 1139 1375 1193
f 8729 8879 8590
f 9045 8892 8893
f 9046 9136 8893
f 5834 5781 5675
f 2952 3098 2998
f 10076 9875 10146
f 7752 7750 7678
f 9087 9369 9275
f 6578 6694 6695
f 5874 5828 5930
f 339 284 305
f 2782 2833 2726
f 10459 10512 10546
f 8515 8471 8530
f 3848 3849 3907
f 2182 2115 2041
f 4463 4368 4408
f 5152 5028 5118
f 8568 8292 8569
f 4507 4398 4355
f 8425 8322 8281
f 7224 7386 7454
f 6393 6361 6211
f 9359 9607 9542
f 7371 7380 7417
f 4642 4586 4587
f 1327 1329 1513
f 5969 5867 5924
f 5305 5317 5134
f 9196 9729 9734
f 4209 4210 4282
f 2894 2838 2730
f 2517 2643 2516
f 5484 5601 5657
f 3112 3167 3204
f 9229 9677 9511
f 3755 3834 3798
f 539 471 409
f 8885 8732 8887
f 5397 5354 5160
f 8970 8739 8667
f 1186 1293 1292
f 2891 2892 2763
f 4071 4026 4029
f 4256 4339 4190
f 4076 4178 4177
f 4391 4390 4306
f 2608 2671 2780
f 10396 10329 10397
f 7259 7294 7333
f 7718 7838 7717
f 10275 10406 10274
f 6101 6207 6100
f 10072 9959 9885
f 3156 3286 3285
f 2365 2349 2488
f 2729 2551 2730
f 4637 4761 4822
f 2733 2653 2534
f 10700 10693 10701
f 9339 9161 9148
f 2814 2863 2706
f 3881 3936 3997
f 7748 7714 7638
f 8931 8705 9002
f 1968 2173 2172
f 2219 2353 2149
f 1547 1431 1616
f 6786 6874 6821
f 7362 7506 7538
f 9815 9753 9816
f 8482 8481 8606
f 1050 1219 1111
f 4774 4944 4828
f 3702 3677 3782
f 9056 9432 9143
f 4685 4571 4622
f 9323 9605 9415
f 10185 10298 10354
f 5255 5143 5196
f 7178 7083 6953
f 2095 2235 2094
f 5667 5771 5666
f 6539 6604 6640
f 8986 8990 8691
f 8857 8652 8794
f 784 948 741
f 2817 2928 2708
f 8662 8803 8540
f 9955 9812 9882
f 6035 6034 5875
f 6439 6438 6224
f 4634 4859 4620
f 5672 5777 5671
f 2436 2247 2248
f 2109 2252 2108
f 7933 7932 7859
f 9146 9336 9247
f 2683 2561 2563
f 3296 3342 3424
f 1200 1027 1078
f 8106 7996 8031
f 9712 9460 9713
f 4435 4345 4305
f 2196 2269 2521
f 5837 5933 5836
f 10256 10014 10380
f 2860 3069 2861
f 10111 10283 10232
f 6637 6685 6536
f 2079 2472 2410
f 539 409 540
f 9597 9751 9813
f 9600 9899 9499
f 7858 7928 7967
f 7197 7162 7228
f 1612 1611 1489
f 6330 6489 6449
f 5099 4940 5136
f 678 606 680
f 1358 1593 1419
f 3898 3926 3869
f 6372 6482 6401
f 7576 7551 7577
f 658 699 949
f 6392 6359 6362
f 10496 10497 10568
f 2800 2853 2744
f 5073 4899 4947
f 1507 1912 1696
f 2678 2902 2789
f 4037 4075 3980
f 10074 9944 9945
f 4231 4187 4313
f 10137 10465 10471
f 9396 9026 8953
f 8575 8629 8393
f 8136 8135 8022
f 3740 3745 3695
f 6432 6389 6469
f 9681 9763 9824
f 3735 3779 3707
f 4638 4762 4761
f 1118 1342 1277
f 6903 6943 6690
f 7047 7092 7091
f 2720 2881 2774
f 5357 5419 5240
f 5736 5737 5845
f 7927 8117 7966
f 10318 10195 10367
f 4368 4463 4365
f 8804 8661 8540
f 3936 3912 3998
f 5257 5192 5193
f 10641 10679 10658
f 8181 8062 8097
f 9951 10176 10052
f 10107 9970 9834
f 3167 3168 3249
f 9495 9666 9494
f 4828 4892 4648
f 3690 3740 3665
f 6061 6221 6220
f 257 286 256
f 2708 2929 2764
f 1793 1949 1859
f 2654 2653 2734
f 3866 3837 3814
f 8298 8165 8166
f 7204 7294 7259
f 5669 5613 5368
f 8541 8598 8662
f 5413 5237 5236
f 7127 7177 7126
f 5899 5801 5802
f 6847 6765 6713
f 76 107 128
f 9950 10262 10261
f 1884 2033 2032
f 733 617 734
f 7475 7339 7298
f 5630 5801 5733
f 10010 10198 10071
f 8454 8576 8575
f 6424 6297 6196
f 4164 4286 4335
f 2321 2446 2510
f 1855 2011 2010
f 2436 2171 2247
f 6578 6695 6611
f 9112 9491 9202
f 7715 7749 7676
f 9191 9192 9385
f 6158 6159 6310
f 302 156 222
f 2291 2361 2421
f 726 682 571
f 5912 5858 6015
f 3865 3813 3837
f 154 131 155
f 2395 2457 2336
f 6038 5983 6145
f 7776 7749 7715
f 7517 7438 7439
f 7419 7349 7420
f 4957 4909 4956
f 355 303 356
f 1699 1763 1638
f 271 329 270
f 4081 4149 4150
f 1820 1897 1896
f 1191 1134 1010
f 3387 3431 3386
f 8403 8309 8128
f 4564 4563 4512
f 1652 1526 1780
f 6044 6208 5934
f 5512 5564 5686
f 872 933 822
f 718 812 912
f 1657 1656 1587
f 6757 6756 6705
f 4031 3975 4036
f 6854 6896 6936
f 5470 5408 5536
f 5141 5066 4944
f 5387 5330 5206
f 4820 4930 5050
f 9335 9247 9336
f 4564 4677 4563
f 4635 4712 4634
f 678 680 760
f 1310 1624 1680
f 1349 1180 1352
f 9395 9662 9493
f 8547 8557 8743
f 8348 8395 8394
f 6483 6481 6442
f 8962 8882 8798
f 5319 5189 5373
f 1578 1408 1413
f 3104 3246 3245
f 5708 5966 5816
f 6520 6620 6656
f 1346 1058 1176
f 5005 4772 4942
f 3791 3871 3870
f 3268 3189 3221
f 2005 1925 2006
f 5638 5808 5807
f 5619 5498 5439
f 1345 1227 1281
f 270 246 173
f 4830 4775 4722
f 6117 6066 6116
f 3905 3987 4045
f 10066 9984 10067
f 1231 1287 1416
f 2903 2997 2952
f 8271 8214 8215
f 9724 9857 9927
f 1505 1695 1694
f 10044 9771 10040
f 1758 1825 1633
f 2025 1956 1799
f 3187 3312 3186
f 5292 5116 5171
f 1174 1334 1270
f 2673 2895 2730
f 1059 1287 1231
f 5376 5677 5500
f 3279 3179 3280
f 6065 6117 6119
f 1356 1477 1476
f 9029 9122 9313
f 7338 7299 7410
f 4993 5053 5180
f 8347 8167 8168
f 2455 2334 2469
f 9770 9683 9449
f 10526 10566 10556
f 9708 9910 9843
f 6409 6423 6501
f 4924 4810 4861
f 3504 3590 3503
f 521 520 491
f 5170 5412 5414
f 2256 2118 2259
f 5224 5465 5282
f 986 867 987
f 4175 4224 4302
f 2504 2634 2493
f 6574 6645 6690
f 3004 3060 3195
f 3820 3744 3745
f 9900 10101 9619
f 5375 5376 5500
f 1966 2103 2246
f 7262 7369 7239
f 10646 10632 10672
f 6546 6547 6688
f 9422 9231 9232
f 1523 1469 1412
f 2477 2604 2416
f 8320 8543 8479
f 546 615 545
f 7459 7497 7389
f 9288 9381 9466
f 2345 2464 2463
f 1713 1647 1714
f 5440 5381 5325
f 5893 6054 6052
f 1902 1988 1835
f 7221 7279 7348
f 3567 3507 3560
f 10096 10027 10160
f 1373 1490 1485
f 5811 5810 5582
f 6912 6822 6913
f 1290 1297 1361
f 6347 6346 6200
f 7475 7448 7440
f 10091 10217 10271
f 5542 5594 5541
f 4190 4189 4112
f 6430 6505 6467
f 10002 9870 9937
f 5032 5223 5222
f 2489 2556 2369
f 3030 3031 2720
f 5439 5437 5192
f 4094 4063 4002
f 3774 3732 3750
f 5515 5689 5628
f 2767 2710 2931
f 6001 6214 6058
f 5475 5294 5352
f 3747 3727 3748
f 9965 10101 10163
f 8861 8642 8643
f 7996 8106 8070
f 5143 5255 5144
f 4253 4384 4224
f 4381 4480 4380
f 10535 10369 10336
f 2035 2248 2247
f 2595 2414 2353
f 5811 5701 5910
f 5730 5895 5797
f 354 393 333
f 7563 7502 7599
f 4258 4108 4179
f 8089 8017 8126
f 10442 10500 10400
f 2130 2193 1990
f 8262 8360 8263
f 3397 3465 3468
f 5710 5817 5591
f 364 504 468
f 7499 7458 7500
f 1402 1331 1268
f 8962 8798 9034
f 4375 4474 4475
f 6661 6561 6662
f 703 592 593
f 2063 1769 1995
f 5015 5143 5144
f 6617 6581 6655
f 245 246 272
f 70 119 100
f 6181 6328 6447
f 785 952 742
f 5085 5150 5084
f 2240 2494 2378
f 10137 10363 10465
f 4752 4871 4816
f 6912 6911 6822
f 4857 4972 5113
f 5299 5479 5421
f 8536 8364 8417
f 5985 5986 6097
f 6814 6945 6780
f 8927 8843 9001
f 3438 3364 3267
f 10067 10056 10130
f 3075 2930 2967
f 6181 6234 6328
f 5190 5191 5322
f 274 223 303
f 5388 5451 5332
f 9209 9307 9398
f 6392 6362 6475
f 9840 9747 9549
f 2689 2505 2694
f 2801 2853 2957
f 4819 4872 4753
f 782 621 698
f 7026 6940 6901
f 9510 9413 9227
f 6657 6618 6619
f 9555 9374 9556
f 2035 1807 1825
f 4232 4266 4315
f 1447 1502 1560
f 8387 8338 8503
f 10401 10442 10400
f 9969 10038 10106
f 7003 6922 6837
f 2864 2765 2867
f 3040 3182 3090
f 156 117 86
f 2145 2146 2280
f 9265 9163 9267
f 5378 5141 5190
f 2986 2941 2988
f 4850 4671 4742
f 5964 5960 5860
f 9637 9712 9713
f 7352 7284 7353
f 5641 5642 5715
f 3023 3114 3113
f 9085 9268 9167
f 2660 2711 2592
f 3603 3602 3517
f 8828 8830 8690
f 2833 2985 3016
f 4552 4350 4659
f 4610 4664 4502
f 3065 2958 3066
f 6790 6561 6828
f 6122 6179 6275
f 1696 1697 1563
f 9771 9835 9971
f 9620 9253 9436
f 2238 2164 2246
f 3722 3768 3697
f 670 634 748
f 2077 2019 2216
f 3487 3552 3607
f 1347 1348 1526
f 1868 1729 1666
f 51 63 170
f 5310 5184 5130
f 5968 6022 6077
f 4155 4120 4239
f 433 434 500
f 9107 8865 8948
f 1008 1189 1136
f 5549 5658 5577
f 10385 10258 10206
f 3976 3922 4032
f 3137 3265 3136
f 182 238 372
f 9681 9680 9513
f 2826 2454 2546
f 4183 4079 4228
f 5272 5456 5518
f 4159 4202 4278
f 7266 7299 7338
f 167 179 146
f 5048 5123 5300
f 4686 4865 4623
f 9590 9309 9748
f 8719 8777 9022
f 8426 8554 8552
f 4206 4115 4191
f 1802 1962 1880
f 1366 1354 1589
f 823 935 934
f 2057 1836 1915
f 10480 10565 10476
f 5363 5179 5127
f 1111 1269 1173
f 4142 4033 4034
f 5330 5387 5449
f 4860 4921 4682
f 6957 6917 6660
f 3622 3472 3620
f 7507 7605 7566
f 3206 3117 2970
f 10511 10414 10416
f 9703 9545 9776
f 5312 5436 5435
f 5363 5717 5602
f 2832 2887 2831
f 2022 1874 1605
f 9829 9692 9623
f 3605 3518 3573
f 1455 1265 1317
f 6850 6849 6719
f 9494 9634 9548
f 10183 10247 10296
f 314 364 232
f 3193 3096 2996
f 3161 3198 3334
f 8573 8704 8770
f 5863 5818 5711
f 1665 1535 1793
f 2766 2870 2931
f 9159 9247 9335
f 2698 2812 2652
f 7904 7800 7945
f 3090 3041 2982
f 9790 9578 9789
f 3689 3631 3717
f 5020 4782 4898
f 5611 5587 5588
f 1431 1375 1432
f 7265 7301 7207
f 5516 5271 5333
f 10686 10674 10681
f 10059 9864 10181
f 2674 2552 2731
f 2792 3064 3148
f 2057 2056 1836
f 9445 9831 9625
f 2542 2541 2413
f 6501 6450 6409
f 2180 1811 2113
f 9120 9312 9119
f 2543 2544 2663
f 7195 7116 7117
f 8526 8470 8406
f 5000 5134 5133
f 7962 7890 7997
f 6615 6517 6653
f 4790 4908 4907
f 10283 10450 10449
f 150 169 108
f 8894 9138 8667
f 8538 8594 8414
f 4404 4513 4565
f 3231 3277 3326
f 3984 4083 4149
f 9045 8893 9228
f 8048 8088 8124
f 186 148 239
f 5802 5801 5573
f 1502 1206 1259
f 1902 1756 1988
f 8572 8625 8449
f 5064 4891 4827
f 8033 8109 7998
f 9576 9575 9388
f 5508 5326 5262
f 2353 2082 2149
f 8229 8102 8103
f 1909 1831 1692
f 6801 6889 6845
f 2943 3047 2893
f 4107 4031 4036
f 4116 4234 4233
f 2080 2220 2219
f 9906 10110 10041
f 4412 4298 4524
f 5117 5236 4983
f 5008 4893 4830
f 6502 6569 6464
f 7289 7461 7460
f 5289 5232 5410
f 1917 2132 1914
f 2241 2433 2374
f 2631 2743 2800
f 2682 2847 2848
f 8437 8333 8237
f 5213 5214 5337
f 3346 3207 3347
f 2514 2327 2266
f 6110 6002 6163
f 7907 7888 7878
f 2090 1954 2023
f 6988 6862 6863
f 3283 3246 3194
f 4666 4610 4503
f 2168 2308 2377
f 1678 1813 1971
f 5398 5223 5464
f 3908 3956 3935
f 9984 9848 9983
f 3534 3593 3533
f 4824 4939 5001
f 1925 1926 2006
f 4071 4029 4100
f 3177 3307 3306
f 8907 8822 8683
f 3288 3412 3414
f 4163 4212 4284
f 4156 4325 4241
f 681 569 570
f 5529 5695 5740
f 7831 7946 7801
f 106 103 124
f 6216 6164 6264
f 7228 7285 7353
f 893 849 954
f 193 173 154
f 2621 2677 2844
f 9866 9865 9733
f 2554 2424 2488
f 9252 8821 9066
f 10114 10170 10288
f 9901 10036 9902
f 7850 7920 7891
f 10072 10073 9959
f 2635 2504 2171
f 4261 4182 4226
f 2206 2073 2011
f 5599 5656 5544
f 4444 4423 4337
f 4031 4102 4030
f 5394 5335 5336
f 6987 7116 7028
f 10475 10368 10591
f 5160 5173 4987
f 1411 1344 1467
f 9716 9853 9852
f 1942 1941 1786
f 8817 8978 8977
f 8205 8256 8349
f 1797 2023 1954
f 3367 3270 3227
f 1182 996 1061
f 5158 5274 5095
f 2867 3019 3018
f 7345 7415 7414
f 3530 3393 3463
f 1720 1854 1654
f 1117 1343 1276
f 6506 6541 6431
f 524 495 456
f 1221 1407 1337
f 581 580 515
f 6933 6932 6719
f 1952 1873 2154
f 7306 7305 7103
f 3639 3582 3608
f 8753 8822 8561
f 6632 6598 6633
f 3049 3221 3189
f 3001 3009 2953
f 984 1046 921
f 8878 8728 8590
f 7198 7323 7253
f 9500 9602 9317
f 1240 1362 1233
f 8916 8975 8835
f 5801 5897 5733
f 7235 7260 7367
f 7923 8000 8036
f 7439 7372 7450
f 3044 3045 3220
f 1451 1324 1566
f 8736 8807 8967
f 9711 9636 9783
f 2978 2979 3029
f 3338 3337 3336
f 6474 6264 6394
f 5297 5478 5477
f 2425 2675 2619
f 1871 1872 2153
f 7864 7936 7937
f 594 531 460
f 3218 3184 3219
f 4597 4652 4651
f 3722 3697 3641
f 6552 6513 6578
f 8825 8908 8824
f 739 741 842
f 7029 7027 7161
f 8281 8226 8323
f 6196 6194 6384
f 8118 8040 7966
f 5722 5879 5880
f 5497 5498 5673
f 2290 2360 2154
f 7132 7131 7045
f 6476 6357 6265
f 7492 7528 7449
f 5805 5951 6003
f 3330 3196 3197
f 3674 3728 3727
f 2042 2041 1891
f 1661 1596 1789
f 10559 10657 10575
f 3437 3432 3318
f 5923 5921 5763
f 3138 3221 3094
f 2748 2452 2644
f 5965 5964 5860
f 5276 5217 5279
f 766 684 819
f 3844 3845 3931
f 4239 4321 4271
f 10244 10059 10350
f 2522 2456 2523
f 5554 5662 5651
f 7849 7918 7762
f 1502 1635 1560
f 691 827 690
f 5496 5551 5724
f 977 911 862
f 9655 9301 8869
f 4946 5009 4830
f 2188 2449 2388
f 300 385 450
f 6289 6416 6136
f 8178 8024 8094
f 4939 4769 4890
f 6528 6456 6498
f 3655 3625 3600
f 1281 1122 1177
f 9362 9173 9003
f 5951 6006 6059
f 7964 7892 7853
f 8220 8318 8272
f 9252 9619 9343
f 7633 7769 7701
f 2724 2887 2886
f 712 711 557
f 2882 3085 3032
f 3579 3569 3618
f 7158 7156 7157
f 10305 10473 10486
f 8984 9070 9255
f 7600 7536 7671
f 7881 7986 7985
f 8855 8854 8636
f 6118 6172 6064
f 8189 8330 8188
f 9958 10092 9815
f 8569 8614 8758
f 1006 733 1133
f 1814 1678 1679
f 2957 2914 2801
f 8289 8239 8241
f 6372 6371 6273
f 1932 2009 2141
f 1507 1508 1698
f 7900 7976 8011
f 2497 2686 2741
f 956 954 1071
f 1148 1147 1077
f 9069 9437 9438
f 8406 8407 8526
f 1785 1591 1861
f 10672 10667 10646
f 3354 3353 3129
f 1452 1568 1508
f 3803 3883 3937
f 4769 4939 4717
f 7901 7828 7902
f 885 836 781
f 1899 1900 2129
f 9537 9339 9684
f 8614 8438 8690
f 10443 10334 10502
f 5767 5907 5766
f 8366 8476 8596
f 4898 5147 5146
f 10413 10345 10455
f 9167 9268 9166
f 10636 10549 10614
f 9261 9348 9446
f 970 1030 859
f 3935 3956 4020
f 8865 8864 8718
f 4662 4727 4789
f 10612 10548 10550
f 9253 9620 9252
f 10574 10608 10537
f 6984 6901 6812
f 7436 7475 7409
f 3582 3553 3608
f 8304 8399 8258
f 8441 8384 8566
f 10100 9970 10223
f 4097 4166 4134
f 5259 5446 5440
f 2753 2573 2642
f 2821 3078 2873
f 6749 6750 6852
f 10193 10139 10365
f 1023 960 1077
f 6270 6368 6174
f 643 641 565
f 701 590 591
f 8508 8449 8625
f 7680 7568 7606
f 9847 10051 9846
f 9185 9094 8775
f 716 677 811
f 8049 8086 8164
f 6095 5932 6202
f 9042 8804 9040
f 1097 1096 863
f 4847 4669 4961
f 9672 9886 10009
f 2379 2386 2506
f 5169 5350 5292
f 10647 10600 10577
f 8526 8789 8724
f 8317 8272 8318
f 8599 8542 8559
f 8075 7998 8193
f 5931 5881 5724
f 3136 3222 3138
f 6700 6699 6655
f 602 809 808
f 2129 2050 2128
f 4628 4472 4578
f 5064 5376 5375
f 2787 2676 2620
f 7787 7786 7687
f 5196 5143 5013
f 4838 5082 4951
f 4882 4762 4881
f 6531 6597 6674
f 6335 6287 6245
f 8481 8482 8277
f 6914 6825 6823
f 6072 6125 6016
f 4875 5049 4874
f 4001 3963 3885
f 2218 1940 2281
f 6717 6716 6590
f 697 620 781
f 9932 9790 9789
f 6837 6884 6923
f 9511 9504 9326
f 5341 5467 5226
f 7253 7162 7229
f 30 50 73
f 8401 8645 8519
f 1766 1915 1836
f 2242 2099 1961
f 8152 7994 8070
f 10272 10219 10159
f 1649 1518 1849
f 5362 5178 5363
f 952 842 950
f 31 50 30
f 5193 5194 5256
f 9812 9811 9668
f 7805 7842 7779
f 8566 8384 8551
f 8338 8387 8242
f 2421 2481 2671
f 8515 8652 8779
f 6641 6639 6603
f 6688 6547 6689
f 7121 7071 6989
f 297 420 348
f 2034 2246 2103
f 1968 1808 1748
f 1280 1279 1175
f 4729 4906 4728
f 2479 2610 2611
f 10147 9801 10013
f 8541 8662 8540
f 6921 6919 6883
f 1793 1865 1949
f 3701 3648 3675
f 8490 8748 8677
f 6992 6907 6993
f 5867 5868 5713
f 5664 5929 5709
f 6685 6732 6807
f 873 995 937
f 794 898 793
f 8099 8372 8278
f 5746 5852 5745
f 10363 10137 10253
f 3099 3280 3234
f 10046 10116 9911
f 6742 6647 6609
f 1533 1360 1420
f 4387 4385 4301
f 2556 2621 2426
f 1220 1270 1333
f 8348 8393 8395
f 9186 9184 9375
f 2569 2378 2633
f 6781 6692 6816
f 6311 6312 6216
f 4746 4920 4976
f 1698 1639 1701
f 5971 6083 6132
f 8523 8306 8524
f 311 287 288
f 6875 6822 6703
f 2776 2828 2979
f 8311 8361 8468
f 2159 2231 2091
f 320 346 378
f 945 838 839
f 3858 3833 3859
f 4903 4904 5085
f 5300 5423 5243
f 2507 2442 2508
f 1498 1687 1686
f 2984 2889 2833
f 6300 6146 6301
f 7415 7487 7414
f 1268 1515 1402
f 5409 5586 5536
f 7566 7538 7506
f 1176 1120 1282
f 7978 8052 8129
f 2585 2465 2529
f 3470 3596 3595
f 5514 5570 5452
f 3490 3291 3450
f 10115 9911 10172
f 804 1033 974
f 3856 3915 3917
f 424 494 453
f 4284 4333 4332
f 10355 10424 10469
f 9796 9653 9489
f 8170 8253 8013
f 3439 3455 3421
f 2001 2002 2000
f 1690 1907 1760
f 5208 5453 5270
f 1945 2080 2016
f 3775 3733 3829
f 4426 4486 4300
f 4528 4707 4644
f 1946 2353 2283
f 10058 10178 10122
f 9795 10004 10135
f 1411 1225 1344
f 9580 9378 9583
f 9402 8958 9314
f 4397 4395 4314
f 7244 7270 7103
f 3441 3402 3403
f 6775 6640 6809
f 400 433 465
f 8310 8531 8530
f 5192 5379 5439
f 6035 6142 6141
f 9698 9355 9538
f 2769 2662 2871
f 6299 6198 6199
f 1879 1798 1956
f 5196 5014 5068
f 52 26 53
f 94 152 109
f 5722 5833 5721
f 6396 6492 6508
f 4454 4455 4678
f 3766 3697 3768
f 6989 6990 7073
f 6012 6068 6120
f 8302 8301 8171
f 6333 6366 6356
f 4630 4698 4526
f 9423 9612 9235
f 7325 7389 7357
f 9510 9507 9413
f 5856 5959 5911
f 1238 1290 1360
f 5782 5635 5574
f 4800 4971 4744
f 5661 5607 5552
f 4914 4794 4962
f 8051 8125 8172
f 5380 5256 5194
f 9915 9913 9288
f 8192 8075 8193
f 3664 3661 3580
f 7126 6997 6951
f 9436 9069 9438
f 2392 2263 2453
f 3054 3143 2900
f 248 157 223
f 939 1185 999
f 9799 9743 9874
f 4503 4610 4443
f 906 1086 905
f 5383 5261 5444
f 5231 5349 5348
f 7802 7832 7873
f 10516 10424 10517
f 516 515 419
f 5849 6007 5848
f 6709 6706 6759
f 10358 10000 10131
f 3601 3546 3545
f 1145 789 1022
f 6443 6484 6405
f 4477 4476 4377
f 6871 7036 7035
f 9509 9678 9414
f 8127 8173 7902
f 3923 3812 3786
f 1688 2126 2051
f 3287 3446 3445
f 5060 4887 5061
f 9906 9836 9837
f 1446 1394 1447
f 8356 8306 8523
f 3480 3572 3478
f 6419 6381 6420
f 9762 9823 9611
f 6900 6857 6811
f 1380 1311 1152
f 8925 8842 8703
f 8310 8211 8263
f 9469 9470 9468
f 931 770 991
f 10299 10187 10001
f 4091 4202 4159
f 1825 1758 1903
f 3919 4066 4003
f 1118 1119 930
f 334 458 303
f 5331 5388 5332
f 4535 4585 4764
f 9815 9816 9958
f 10245 10248 10243
f 2424 2364 2365
f 10692 10671 10693
f 391 332 331
f 4153 4019 4052
f 5513 5512 5566
f 9797 9873 10009
f 6612 6613 6696
f 8915 8914 8829
f 3481 3573 3518
f 5002 4890 4776
f 2635 2634 2504
f 2507 2637 2440
f 5293 5292 5350
f 6037 6038 6145
f 10399 10332 10441
f 407 470 437
f 1182 1419 1418
f 8651 8724 8723
f 1086 1087 1314
f 9774 9666 9972
f 9710 9778 9845
f 8271 8178 8214
f 7888 7907 7917
f 9024 9205 9113
f 2892 2723 2886
f 3161 3066 3067
f 5970 5971 6082
f 418 515 548
f 285 284 256
f 3235 3153 3282
f 734 1007 1187
f 7981 8141 8140
f 8635 8455 8775
f 8602 8370 8663
f 6987 7117 7116
f 3689 3760 3688
f 2714 2541 2662
f 1670 1427 1541
f 5714 5762 5820
f 7631 7530 7588
f 6551 6553 6446
f 3737 3714 3715
f 6981 7064 7021
f 7811 7850 7891
f 3937 3883 3938
f 1635 1502 1761
f 1549 1377 1499
f 5931 6146 5984
f 4624 4523 4687
f 360 429 395
f 1657 1858 1857
f 1063 1127 1237
f 10544 10455 10410
f 9828 9827 9691
f 2290 2154 1873
f 7703 7633 7591
f 5913 6018 5862
f 6989 7073 7072
f 2981 3089 2884
f 2736 2899 2675
f 10017 10016 9947
f 1338 1463 1274
f 2869 2868 2711
f 2691 2640 2570
f 4308 4183 4227
f 2959 2854 3010
f 6337 6415 6414
f 5324 5198 5441
f 5743 5906 5905
f 4426 4385 4486
f 7124 7201 7257
f 9779 9924 9639
f 6157 6105 5994
f 1929 1718 1930
f 1397 1262 1398
f 597 598 706
f 49 40 13
f 6754 6792 6660
f 9871 9938 10005
f 9673 9755 9960
f 5519 5691 5545
f 3592 3533 3647
f 6424 6463 6488
f 3020 3018 3019
f 10154 10084 9808
f 10386 10433 10320
f 2110 2254 2382
f 4084 4126 4127
f 8566 8552 8693
f 1101 1261 1100
f 2814 2756 2813
f 6888 6924 6797
f 6789 6660 6827
f 3578 3524 3486
f 10475 10591 10559
f 5889 5995 5942
f 8994 9246 9164
f 5967 5835 5915
f 2158 2023 2092
f 2827 2772 2879
f 5358 5299 5177
f 5969 5920 5867
f 8238 8244 8157
f 6551 6552 6579
f 8210 8360 8262
f 76 149 92
f 2833 2782 2985
f 7862 7861 7770
f 5186 5251 5315
f 10476 10310 10480
f 6969 7013 6968
f 9118 9310 9286
f 7844 7782 7724
f 3510 3514 3569
f 7874 7951 8059
f 1711 1712 1845
f 7882 7958 7883
f 2126 1688 1827
f 8132 8262 8263
f 4258 4345 4432
f 3601 3545 3626
f 6400 6479 6370
f 1212 1100 1261
f 9052 9240 9331
f 293 180 181
f 607 470 407
f 7021 6937 6981
f 2473 2218 2281
f 6024 6080 5969
f 1220 1219 1050
f 5678 5683 5839
f 532 398 533
f 2943 2893 2784
f 7408 7435 7474
f 2234 1875 2094
f 7536 7394 7504
f 1569 1511 1702
f 3153 3157 2999
f 7454 7453 7424
f 4658 4495 4552
f 216 346 320
f 9152 9439 9530
f 7462 7393 7505
f 4134 4066 4097
f 2487 2422 2294
f 3817 3818 3903
f 1402 1515 1645
f 7548 7619 7517
f 5923 5763 5820
f 2037 1550 1890
f 554 525 553
f 5716 5765 5659
f 7198 7229 7119
f 4070 4065 4138
f 5477 5652 5594
f 4299 4255 4300
f 4650 4941 4826
f 7776 7874 7831
f 10229 10228 10230
f 3846 3826 3795
f 1719 1522 1651
f 3420 3450 3291
f 5992 5884 5838
f 7546 7474 7435
f 6561 6788 6791
f 344 370 317
f 1223 1115 1273
f 1248 1493 1548
f 9965 10163 10336
f 117 156 158
f 10013 9802 9804
f 7740 7669 7635
f 9780 9999 9737
f 10373 10531 10477
f 529 669 595
f 4004 3919 3944
f 6420 6594 6593
f 7538 7566 7677
f 1233 1475 1416
f 777 831 652
f 4557 4505 4669
f 2090 2089 1954
f 1362 1475 1233
f 4484 4529 4644
f 5822 5823 5973
f 2594 2714 2715
f 10344 10287 10412
f 9663 9307 9664
f 6664 6587 6758
f 4124 4327 4230
f 10260 10156 10324
f 9707 9843 9709
f 530 596 631
f 1053 1054 1223
f 7720 7641 7680
f 4627 4868 4690
f 2130 1990 1912
f 506 437 569
f 6141 6197 6089
f 8366 8270 8476
f 6574 6690 6644
f 2101 2303 2165
f 257 204 258
f 9497 9402 9669
f 5587 5611 5754
f 4940 5135 5136
f 2727 2834 2890
f 10034 9769 9630
f 2619 2366 2425
f 3698 3722 3642
f 9994 9996 9787
f 2174 2312 2311
f 7119 7162 6986
f 643 717 641
f 578 619 513
f 857 969 560
f 2979 3034 3083
f 8950 8955 8867
f 8443 8292 8502
f 8252 8253 8346
f 5485 5601 5484
f 8753 8683 8822
f 2482 2551 2292
f 597 751 712
f 10057 10121 9989
f 2760 2703 2650
f 9042 9040 9414
f 6845 6889 6925
f 9840 9549 9706
f 9879 9950 9949
f 4572 4749 4811
f 9742 9586 9743
f 369 368 290
f 9310 9211 9311
f 4127 4057 4128
f 3077 3076 2871
f 1225 1280 1175
f 2208 2143 2012
f 9036 9037 8964
f 1250 1147 1305
f 8435 8684 8434
f 3540 3541 3598
f 3254 3207 3303
f 7456 7354 7458
f 7105 7273 7310
f 6178 6176 6177
f 643 644 718
f 1442 1906 1827
f 2519 2810 2923
f 18 12 24
f 10550 10420 10354
f 8523 8524 8647
f 5716 5659 5602
f 2665 2476 2548
f 1205 1157 1032
f 120 88 89
f 5923 5972 5921
f 3035 3124 3034
f 3664 3720 3661
f 2830 2669 2885
f 2931 2710 2766
f 4159 4278 4329
f 2614 2484 2615
f 5049 5360 5301
f 766 819 868
f 5819 5868 6078
f 144 124 235
f 210 234 209
f 1248 1142 1249
f 8084 8098 8183
f 3061 3060 2908
f 9085 9274 9268
f 7507 7566 7506
f 1025 1026 1197
f 2841 2736 2842
f 2780 2885 2669
f 9584 9792 9869
f 3064 2792 2915
f 8716 8717 8644
f 7641 7720 7719
f 5682 5838 5884
f 3877 3960 3911
f 4556 4794 4505
f 5034 4972 4855
f 5073 5324 5443
f 172 130 268
f 2027 2097 1959
f 7370 7296 7264
f 10485 10600 10599
f 5723 5881 5778
f 7316 7449 7349
f 8790 8953 8527
f 1419 1592 1418
f 5351 5045 5293
f 4824 4717 4939
f 5797 5895 5844
f 7530 7631 7586
f 8112 8044 7937
f 5981 6092 6091
f 4206 4281 4207
f 5167 5034 5037
f 7676 7604 7538
f 9156 9157 9447
f 10318 10319 10427
f 1702 1511 1640
f 9897 9764 9963
f 2693 2747 2512
f 5470 5749 5585
f 9159 8831 8989
f 1164 1165 1265
f 3975 3896 3981
f 9180 9092 9280
f 1682 1440 1628
f 6043 6260 6259
f 5263 5327 5149
f 4042 3983 4080
f 785 742 660
f 3057 3002 3058
f 7723 7722 7608
f 2398 2400 2342
f 715 807 806
f 1640 1511 1763
f 1036 1037 1259
f 10452 10542 10575
f 8513 8636 8777
f 3106 3105 3013
f 6518 6557 6580
f 855 795 796
f 7658 7657 7525
f 10525 10526 10630
f 3046 2988 2837
f 3377 3333 3454
f 5186 5315 5370
f 6635 6600 6683
f 2740 2851 2741
f 5151 5085 5027
f 5716 5717 5822
f 3056 3000 3236
f 9767 9531 9830
f 326 421 325
f 9251 9065 9341
f 10425 10191 10304
f 2499 2303 2304
f 9601 9502 9318
f 1472 1526 1652
f 7067 6864 7120
f 6012 5853 5854
f 6282 6412 6522
f 7412 7269 7413
f 3850 3908 3935
f 6641 6734 6639
f 1161 1097 1039
f 9151 8982 8821
f 4463 4624 4567
f 8895 8546 8896
f 4661 4662 4789
f 3256 3211 3347
f 3421 3455 3379
f 1388 1827 1500
f 3572 3603 3478
f 5304 5180 5053
f 10427 10432 10474
f 106 144 168
f 10450 10541 10449
f 78 58 111
f 874 995 873
f 1297 1487 1361
f 9031 8721 8872
f 10699 10698 10692
f 968 1153 902
f 9328 9329 9609
f 4501 4555 4442
f 2132 2333 2269
f 6028 5871 5928
f 9264 9337 9076
f 5336 5335 5158
f 4151 4047 4188
f 9933 9997 9931
f 1141 1143 1249
f 1589 1187 1366
f 6938 7025 6983
f 10149 10205 10080
f 4166 4246 4216
f 8813 9164 9246
f 520 521 589
f 4303 4178 4257
f 6942 6903 6645
f 1157 973 1032
f 2240 2374 2494
f 10548 10580 10547
f 10048 9913 9986
f 6019 6026 5976
f 4335 4247 4164
f 5674 5986 5789
f 2290 2362 2360
f 4995 5186 5250
f 4627 4690 4468
f 2214 2077 2215
f 7120 7326 7255
f 6584 6496 6559
f 488 517 550
f 8251 8252 8346
f 7489 7488 7191
f 9291 9384 9191
f 4188 4113 4232
f 10547 10614 10514
f 4062 4001 4059
f 5414 5591 5291
f 4886 4887 4998
f 2512 2747 2641
f 3652 3679 3678
f 8487 8609 8675
f 1473 1353 1527
f 881 1067 880
f 4559 4560 4741
f 10349 10240 10241
f 5177 5121 4990
f 924 867 818
f 2892 2887 2732
f 5920 6023 5868
f 10352 10419 10295
f 8821 9252 9151
f 8436 8333 8613
f 5586 5409 5407
f 10425 10472 10191
f 6983 6982 6900
f 4323 4516 4515
f 5368 5435 5436
f 8072 8288 8190
f 4954 5118 5028
f 4514 4361 4618
f 4444 4588 4524
f 7583 7582 7524
f 10225 10103 10164
f 4934 4758 4879
f 9896 9610 10029
f 8238 8036 8155
f 7529 7383 7385
f 497 498 529
f 3081 3175 3174
f 2330 2391 2390
f 10147 10013 10202
f 9157 9351 9447
f 4927 4871 4817
f 237 292 316
f 7670 7563 7599
f 1708 1769 1514
f 2045 1816 1894
f 10202 10383 10382
f 9627 9427 9518
f 8007 7823 8004
f 8025 7897 7956
f 10165 9975 9589
f 3499 3430 3387
f 7750 7776 7677
f 9572 9648 9726
f 10248 10245 10246
f 6560 6526 6527
f 7572 7507 7470
f 6372 6401 6371
f 8541 8599 8598
f 3771 3687 3812
f 1778 2008 2003
f 9684 9614 9825
f 1470 1282 1471
f 5081 5082 5203
f 5077 5078 5201
f 5161 5102 4965
f 5263 5203 5328
f 2695 2751 2515
f 6224 6314 6367
f 1784 2014 1938
f 9601 9318 9409
f 2639 2638 2509
f 6076 5918 5968
f 9992 9990 9930
f 9643 9642 9384
f 528 558 629
f 427 395 463
f 6384 6194 6195
f 1995 2064 2063
f 10352 10514 10419
f 1951 2226 1794
f 9642 9643 9470
f 7853 7892 7852
f 5771 5827 5664
f 2357 2225 2475
f 9816 9885 9959
f 9358 9367 9357
f 4327 4124 4274
f 475 440 345
f 1825 2123 2035
f 6370 6479 6511
f 10226 10105 10161
f 2451 2575 2576
f 1278 1175 1279
f 4101 4008 4030
f 5964 6181 6183
f 8933 8769 9003
f 4587 4643 4766
f 5369 5249 5250
f 10643 10644 10646
f 4051 4119 4195
f 4864 4983 5041
f 381 444 296
f 8602 8892 8737
f 9303 9490 9302
f 8663 8893 8602
f 3959 3879 3933
f 8067 7988 8099
f 8846 9084 8998
f 6015 6122 6069
f 10281 10282 10448
f 8767 8766 8448
f 907 799 800
f 9096 9188 8855
f 964 1152 1151
f 9479 9477 9478
f 6610 6482 6549
f 3116 2932 3117
f 6947 7032 6946
f 57 66 65
f 2480 2674 2610
f 1823 2049 2188
f 9023 8871 8786
f 650 476 612
f 9541 9703 9834
f 6772 6602 6638
f 9839 9908 9834
f 9778 9710 9554
f 4067 4025 4162
f 1308 1197 1309
f 8194 8109 8110
f 7303 7268 7269
f 7613 7649 7688
f 2445 2382 2254
f 2302 2244 2160
f 3846 3875 3932
f 1452 1453 1569
f 1557 1629 1382
f 3943 3918 3859
f 6843 6888 6797
f 8491 8424 8377
f 808 1080 855
f 700 843 785
f 7343 7059 7344
f 2812 2706 2652
f 9289 9475 9474
f 4752 4694 4817
f 259 208 232
f 3487 3632 3578
f 6939 7029 7114
f 6471 6507 6391
f 3965 3916 3966
f 2612 2613 2728
f 1474 1587 1527
f 9954 10089 10268
f 4962 5030 5099
f 4012 3949 4041
f 1680 1754 2046
f 3558 3417 3555
f 711 895 788
f 8623 8923 8926
f 8638 8637 8458
f 4262 4439 4348
f 3655 3708 3625
f 9454 9544 9361
f 10127 10247 10128
f 8699 8619 8763
f 3707 3779 3830
f 3395 3434 3465
f 621 582 622
f 10320 10155 10261
f 5424 5302 5361
f 7088 6837 7129
f 1797 1736 1955
f 8085 8195 8119
f 2632 2377 2568
f 2599 2663 2544
f 5783 5990 5677
f 7022 6899 7024
f 8921 8839 8700
f 114 56 85
f 10087 10021 10216
f 582 515 622
f 6912 7038 6911
f 10136 10362 10623
f 3467 3466 3316
f 9624 9439 9440
f 8980 8819 8820
f 5952 6112 6007
f 2787 2788 2843
f 8365 8141 8216
f 10132 10187 10250
f 2989 3186 3047
f 7618 7585 7662
f 7989 7990 8100
f 8128 8208 8355
f 9608 9695 9533
f 3710 3685 3712
f 3338 3201 3378
f 4608 4609 4791
f 3052 3144 3141
f 7403 7297 7263
f 3406 3482 3374
f 5114 5232 5037
f 1603 1537 1604
f 8153 8248 8249
f 7501 7594 7596
f 1200 1378 1386
f 5929 6075 5966
f 3428 3427 3206
f 7387 7351 7424
f 8033 8034 8110
f 5702 5583 5584
f 4992 4993 4821
f 1223 1338 1274
f 3700 3671 3672
f 5359 5423 5481
f 2380 2386 2379
f 3000 3237 3236
f 10515 10466 10421
f 3969 3945 3970
f 1370 1298 1189
f 6776 6606 6777
f 5923 6025 5972
f 3641 3554 3556
f 72 83 62
f 5547 5578 5482
f 312 342 261
f 9492 9660 9491
f 7117 7118 7162
f 9922 9639 9923
f 10200 10199 10012
f 2410 2471 2409
f 8340 8447 8507
f 520 589 624
f 1146 1304 1376
f 8863 8864 9105
f 3845 3825 3812
f 8692 8759 8835
f 2263 2053 2191
f 4617 4513 4514
f 6040 5989 5954
f 7519 7445 7482
f 1219 1269 1111
f 6799 6800 6844
f 1965 2031 1963
f 5434 5555 5491
f 1360 1361 1420
f 4612 4506 4668
f 4378 4478 4418
f 448 383 490
f 2381 2323 2312
f 4599 4724 4652
f 375 319 185
f 2110 2382 2113
f 9313 9122 9123
f 6377 6490 6410
f 5134 5317 5133
f 5990 6357 6042
f 4978 4859 4935
f 172 129 130
f 3017 3166 3072
f 9247 8903 9146
f 7672 7714 7747
f 3577 3518 3604
f 2578 2523 2456
f 9115 9308 8792
f 1176 1282 1346
f 8947 9196 9106
f 306 341 340
f 2495 2627 2494
f 1131 1364 1426
f 4099 4220 4219
f 9504 9419 9326
f 4205 4280 4204
f 7278 7248 7153
f 5151 5200 5326
f 2682 2798 2562
f 847 892 744
f 2231 2294 2091
f 1283 1121 1284
f 299 221 269
f 10480 10595 10565
f 4926 5043 4814
f 2264 2191 2127
f 5323 5195 5067
f 7892 8001 8037
f 1128 1000 876
f 8975 8746 8816
f 3844 3824 3825
f 7165 7235 7205
f 1205 1393 1157
f 5 11 4
f 10536 10503 10406
f 8780 8941 8940
f 6957 6660 6960
f 1919 1708 1996
f 5101 5216 5339
f 2031 1965 2169
f 544 441 478
f 9057 9524 9333
f 5798 5629 5799
f 740 840 947
f 5928 5871 5720
f 9061 9060 8977
f 5632 5523 5335
f 8585 8586 8722
f 10516 10552 10469
f 1854 1931 1932
f 5237 4983 5236
f 3309 3129 3213
f 1259 1037 1208
f 3596 3566 3565
f 8210 8308 8406
f 7833 7942 7829
f 5114 5231 5232
f 3273 3322 3269
f 2597 2596 2353
f 1748 1889 1968
f 8498 8384 8440
f 6678 6599 6534
f 2935 2934 2771
f 4298 4282 4291
f 8991 8833 8758
f 6322 6323 6370
f 8095 7994 8152
f 7911 7913 8028
f 8184 8183 8065
f 3597 3619 3677
f 5841 5941 5840
f 3689 3630 3662
f 5963 5913 5814
f 529 559 497
f 6505 6604 6539
f 3968 4068 4055
f 10484 10483 10381
f 4286 4287 4375
f 6027 5926 5770
f 7987 7882 8067
f 3744 3695 3745
f 10586 10424 10301
f 7830 7773 7872
f 424 390 522
f 2789 2490 2678
f 854 853 709
f 3 20 27
f 1072 1071 1192
f 8953 9207 9396
f 8039 8002 8113
f 8661 8805 8597
f 4734 4668 4737
f 2702 2760 2705
f 9018 9100 9193
f 7794 7769 7816
f 5705 5471 5706
f 2448 2325 2447
f 9744 9662 9587
f 8896 8546 8740
f 6601 6636 6569
f 37 69 36
f 8076 8034 8035
f 9826 9830 9967
f 5991 6043 6151
f 2130 1912 2194
f 8700 8621 8840
f 159 133 160
f 1573 1574 1572
f 5088 5207 5087
f 3473 3543 3514
f 7745 7707 7595
f 7370 7407 7434
f 7300 7339 7440
f 7983 8179 8145
f 2310 2174 2311
f 8247 8504 8445
f 8156 8151 8105
f 4490 4433 4591
f 8531 8728 8589
f 5984 5880 5879
f 2642 2573 2574
f 8889 8803 8662
f 5667 5556 5668
f 8457 8515 8398
f 7990 8027 8101
f 6392 6308 6359
f 4477 4334 4471
f 9144 9242 9142
f 3885 3940 4001
f 10405 10335 10273
f 4460 4520 4367
f 7103 7341 7376
f 1808 1677 1617
f 9666 9589 9975
f 2653 2348 2534
f 748 967 901
f 10616 10584 10423
f 5188 5376 5064
f 7906 7994 8095
f 9619 10101 9965
f 2273 2069 2072
f 8966 9134 9133
f 3065 3160 3064
f 1573 1332 1461
f 5258 5380 5194
f 7425 7457 7494
f 8232 8188 8329
f 2778 2668 2883
f 7915 7965 8038
f 3967 3942 3887
f 4427 4538 4489
f 6623 6622 6561
f 8505 8700 8703
f 2467 2533 2405
f 10079 9946 10148
f 7868 8008 8013
f 283 229 201
f 5119 5241 5047
f 8405 8210 8470
f 4300 4425 4299
f 9094 8847 8775
f 9531 9693 9624
f 602 808 757
f 7901 7827 7828
f 7120 7255 7163
f 5795 5627 5796
f 4497 4659 4350
f 6404 6403 6275
f 4597 4544 4493
f 1535 1363 1729
f 10454 10543 10557
f 10198 10094 10095
f 5358 5479 5299
f 722 982 721
f 852 790 897
f 165 141 102
f 4730 4791 4842
f 943 885 837
f 1652 1780 1777
f 1564 1568 1701
f 6899 6775 6809
f 1379 1309 1252
f 8660 8538 8734
f 5967 5915 5863
f 9781 9288 9717
f 2748 2754 2452
f 2374 2433 2495
f 9622 9528 9529
f 487 486 417
f 8722 8788 8872
f 4358 4234 4267
f 2036 1969 1889
f 8090 8128 7943
f 7280 7317 7384
f 1235 1126 1182
f 1073 895 1143
f 2074 1934 2209
f 3699 3700 3748
f 312 313 343
f 10244 9992 10059
f 7001 7002 7040
f 10367 10195 10069
f 589 552 663
f 7117 7197 7195
f 6259 6258 6043
f 8030 8104 8029
f 2462 2528 2274
f 8051 8015 8016
f 3953 3932 3988
f 7482 7445 7483
f 2797 2562 2798
f 5306 5366 5488
f 3194 3246 3104
f 915 760 815
f 725 607 646
f 9811 9810 9595
f 10578 10347 10545
f 8837 8992 8819
f 9338 9076 9337
f 5110 5111 5227
f 9865 9866 10062
f 9014 9191 9099
f 6823 6657 6701
f 5144 5255 5068
f 4895 4779 4778
f 10668 10615 10613
f 3871 3950 3949
f 5008 4830 5009
f 9427 9627 9517
f 5587 5410 5473
f 1621 1676 1551
f 3961 3913 3937
f 7643 7724 7642
f 10391 10551 10488
f 5859 5703 5860
f 8268 8137 8363
f 6453 6456 6459
f 9356 9539 9267
f 7981 8024 8142
f 9680 9824 9762
f 4472 4815 4696
f 7320 7387 7318
f 5506 5620 5574
f 6101 6206 6207
f 705 594 629
f 7926 7966 8040
f 6522 6491 6525
f 7540 7513 7610
f 5517 5690 5572
f 7066 7067 7163
f 9452 9270 9271
f 1926 1776 1715
f 8841 9166 8924
f 6472 6471 6304
f 2956 3011 2806
f 9865 10062 10129
f 9353 9448 9628
f 9813 9882 9596
f 8010 7940 7974
f 6123 6276 6070
f 2565 2500 2434
f 6127 6237 6182
f 5408 5470 5229
f 8895 8668 8546
f 4851 4742 4917
f 9038 9129 8799
f 6148 6147 5988
f 7433 7404 7369
f 6660 6918 6961
f 8740 8897 8972
f 6144 6348 6387
f 4171 4219 4297
f 379 481 480
f 9163 8926 8997
f 4654 4783 4782
f 5490 5307 5553
f 1660 1788 1787
f 988 1050 1111
f 3441 3474 3402
f 1273 1058 1413
f 4525 4696 4471
f 2549 2359 2229
f 4760 4935 4759
f 4598 4721 4543
f 1777 1469 1652
f 7283 7252 7321
f 10532 10606 10441
f 9089 8772 9007
f 663 495 664
f 501 466 534
f 2828 3034 2979
f 4549 4656 4783
f 5286 5162 5033
f 3747 3726 3673
f 8828 8990 9077
f 2737 2680 2681
f 111 191 152
f 6424 6488 6489
f 10596 10666 10595
f 6395 6148 6303
f 4870 4929 4754
f 6180 6277 5961
f 9535 9524 9334
f 5300 5123 5239
f 9998 9791 9735
f 3080 2937 2977
f 4105 4143 4074
f 8443 8502 8761
f 4914 4961 4669
f 9814 9669 9884
f 6280 6241 6186
f 3522 3449 3488
f 2980 2778 2883
f 9724 9645 9858
f 2271 2201 2395
f 5689 5731 5732
f 8420 8224 8225
f 871 612 822
f 8706 8509 8844
f 4392 4495 4349
f 466 432 534
f 5466 5465 5224
f 301 158 156
f 7357 7288 7325
f 8450 8574 8626
f 5334 5094 5268
f 1786 1941 1862
f 2693 2513 2449
f 4650 4542 4593
f 2266 2327 2189
f 7084 6955 7018
f 1147 1144 1196
f 6790 6828 6878
f 5814 5861 5963
f 9532 9346 9533
f 9230 9420 9327
f 9271 9272 9361
f 3550 3484 3551
f 2204 2139 2339
f 4964 5101 5160
f 5581 5531 5401
f 8328 8378 8230
f 10056 9989 10130
f 605 720 722
f 312 235 313
f 7845 7781 7756
f 6585 6561 6661
f 10405 10445 10335
f 5914 6016 5962
f 7403 7470 7402
f 6261 6310 6159
f 152 110 111
f 1194 1144 1303
f 4854 4617 4618
f 10423 10582 10616
f 10381 10202 10382
f 9042 9229 9041
f 5761 5712 5653
f 8839 9000 8925
f 3111 3164 3182
f 323 297 219
f 5719 5609 5826
f 4836 4657 4725
f 2910 2851 2908
f 10194 10365 10139
f 2840 2946 3051
f 8807 9043 8968
f 10466 10465 10359
f 8933 9003 9173
f 2341 2340 2009
f 8598 8599 8736
f 6106 5944 5945
f 3727 3728 3748
f 302 423 301
f 4931 4930 4704
f 4447 4556 4315
f 2178 2107 2176
f 7493 7423 7455
f 5494 5372 5617
f 2557 2622 2489
f 9013 8859 8940
f 10675 10676 10687
f 5876 5773 5774
f 477 484 412
f 5597 5758 5596
f 611 541 475
f 7615 7610 7544
f 505 537 469
f 1301 1372 1490
f 4571 4519 4367
f 8436 8613 8687
f 2160 1879 1956
f 8790 8791 8954
f 2343 2206 2274
f 4542 4430 4593
f 5517 5333 5455
f 3803 3913 3854
f 10098 10097 10028
f 769 728 610
f 9892 9818 9961
f 9998 10178 10242
f 2983 3040 2982
f 10303 10361 10587
f 8694 8760 8814
f 7559 7637 7706
f 10314 10313 10200
f 758 862 861
f 6474 6309 6392
f 9239 9615 9516
f 4554 4441 4662
f 995 938 1059
f 9466 9467 9565
f 1956 1737 1799
f 6944 6945 7068
f 6130 6241 6283
f 10605 10530 10527
f 370 344 474
f 5878 5983 6038
f 9490 9660 9492
f 5110 5035 4973
f 6686 6858 6811
f 8049 8164 8163
f 1295 1482 1370
f 5945 5792 5890
f 9423 9235 9139
f 6462 6384 6635
f 9498 9669 9402
f 3836 3810 3893
f 5525 5524 5457
f 1173 1218 1110
f 4713 4642 4587
f 10357 10423 10355
f 1484 1740 1739
f 7746 7944 7871
f 956 1072 953
f 9229 9137 9041
f 10516 10618 10651
f 1531 1593 1358
f 4979 4980 4861
f 7594 7707 7597
f 9196 9388 9480
f 4041 3949 4013
f 9708 9843 9707
f 9507 9508 9321
f 8348 8347 8168
f 8512 8394 8395
f 6658 6496 6621
f 403 340 341
f 335 277 359
f 10651 10584 10552
f 9110 9487 9300
f 1093 1075 1146
f 5973 5906 5822
f 8932 9172 9002
f 2123 2329 2328
f 9404 9405 9598
f 1117 1224 1055
f 1935 1782 2076
f 9479 9863 9574
f 8234 8108 8235
f 2140 2340 2205
f 5234 5039 5168
f 1919 2064 1995
f 5302 5125 5245
f 10043 9908 9838
f 2565 2688 2500
f 2733 2732 2616
f 7685 7609 7727
f 7892 7922 7813
f 133 87 80
f 10038 9969 9829
f 849 666 702
f 9635 9548 9276
f 5720 5608 5490
f 1803 1742 1884
f 6614 6555 6556
f 5674 5502 5321
f 1722 1658 1475
f 4419 4420 4534
f 9021 9298 9199
f 3787 3720 3763
f 6074 6017 6018
f 6576 6550 6649
f 9699 9698 9539
f 7754 7879 7878
f 837 782 886
f 3462 3354 3501
f 2149 2080 2219
f 2115 2325 2387
f 9705 9838 9704
f 8974 9058 9078
f 7862 7740 7741
f 740 839 838
f 6865 6942 6645
f 7419 7420 7451
f 3916 3965 3943
f 8795 9119 9028
f 4008 4101 4072
f 6674 6597 6675
f 10650 10584 10651
f 2669 2606 2549
f 2895 2673 2944
f 4999 5061 4887
f 1540 1427 1669
f 4354 4338 4446
f 10157 9955 10090
f 6433 6395 6265
f 9147 9060 9337
f 9996 9994 10182
f 1735 1954 2089
f 5499 5318 5373
f 3457 3382 3458
f 2358 1948 2476
f 403 401 340
f 1291 1292 1600
f 7708 7825 7772
f 9233 9235 9512
f 8731 8654 8881
f 7855 7893 7815
f 1683 1497 1685
f 8688 8563 8437
f 9644 9783 9636
f 7251 7250 7113
f 4209 4410 4245
f 4378 4418 4293
f 6944 6865 6780
f 4277 4242 4089
f 9888 9818 9602
f 1206 1319 1081
f 6552 6578 6611
f 1546 1491 1615
f 5992 5838 5940
f 4111 4186 4185
f 3623 3705 3733
f 4320 4404 4319
f 9113 9304 9204
f 5027 5085 4904
f 10125 10460 10293
f 3792 3871 3791
f 3912 3830 3802
f 8071 8072 8190
f 1467 1344 1226
f 7238 7297 7236
f 489 551 587
f 636 713 561
f 8635 8577 8455
f 10390 10262 10321
f 2911 2914 3007
f 9330 9248 8904
f 1656 1586 1587
f 7421 7449 7527
f 1990 2122 2055
f 4337 4298 4149
f 4642 4888 4887
f 4774 4650 4826
f 4431 4430 4429
f 7993 7919 7889
f 5763 5656 5655
f 3495 3527 3494
f 25 32 43
f 2187 1819 2047
f 4137 4220 4099
f 7359 7502 7358
f 5145 5258 5194
f 45 35 67
f 359 336 460
f 7851 7812 7916
f 541 573 473
f 9029 9313 9596
f 2371 2491 2299
f 2157 1874 2022
f 6443 6403 6444
f 785 843 952
f 6179 6122 6015
f 1572 1645 1515
f 4562 4744 4674
f 10642 10627 10667
f 6861 6860 6735
f 9536 9262 9354
f 4060 4061 4161
f 3499 3387 3429
f 7907 7878 7879
f 6111 6006 6060
f 652 618 512
f 7103 7243 7213
f 8530 8531 8589
f 8947 9106 9103
f 2660 2712 2766
f 1799 1737 1607
f 303 458 457
f 10617 10616 10551
f 7907 8069 7917
f 1396 1449 1321
f 7234 7122 7164
f 108 75 51
f 2349 2159 2078
f 7463 7565 7461
f 7321 7351 7387
f 1525 1348 1349
f 6218 6165 6166
f 1713 1714 1846
f 767 648 649
f 2947 2675 2992
f 2362 2157 2293
f 5957 6064 6171
f 144 235 261
f 10588 10662 10586
f 6485 6513 6552
f 3832 3782 3886
f 2611 2831 2724
f 656 738 655
f 4649 4648 4541
f 5417 5355 5418
f 7371 7436 7409
f 6268 6119 6269
f 4008 3921 3974
f 3850 3993 3934
f 6897 6775 7022
f 2801 2630 2744
f 9838 9705 9775
f 3563 3508 3617
f 4735 4737 4668
f 3157 3287 3286
f 4955 5154 4908
f 132 86 116
f 1416 1417 1231
f 728 870 927
f 10333 10443 10571
f 7964 7924 8001
f 7061 7060 7013
f 8242 8290 8197
f 9510 9675 9508
f 2793 2846 2560
f 1886 1804 1673
f 4163 4284 4213
f 10398 10439 10440
f 6763 6713 6626
f 972 973 1092
f 930 871 929
f 2822 2935 2771
f 3059 2999 3157
f 10429 10564 10479
f 7978 8018 7872
f 2571 2570 2437
f 7078 7172 7171
f 6436 6414 6492
f 4683 4520 4518
f 1113 1222 1407
f 4431 4540 4430
f 5225 5284 5108
f 890 945 887
f 4864 4809 4922
f 1580 1716 1518
f 1008 1188 1243
f 2446 2385 2510
f 5129 5054 4933
f 5222 5223 5280
f 2064 2270 2063
f 6532 6568 6531
f 167 213 179
f 4524 4588 4575
f 2072 1932 2141
f 1260 1503 1562
f 6883 6919 6882
f 366 363 311
f 2560 2597 2598
f 8295 8479 8390
f 1042 1098 1105
f 1953 1954 1735
f 2146 2217 2351
f 3146 2993 2994
f 9645 9644 9472
f 9446 9348 9429
f 1712 2000 1845
f 4976 4936 4994
f 10175 10052 10176
f 8404 8524 8306
f 2615 2781 2888
f 5487 5744 5767
f 5308 5247 5183
f 8674 8492 8607
f 3101 3150 3055
f 7587 7665 7588
f 9216 8960 8797
f 76 92 41
f 2858 2806 2695
f 2029 2240 2033
f 6958 6917 6959
f 6212 6053 6051
f 4199 3996 3997
f 690 615 691
f 6797 6967 7009
f 8488 8556 8377
f 4483 4643 4587
f 9143 9244 9054
f 3360 3435 3361
f 7057 7102 7056
f 8838 8991 8992
f 7109 7247 7151
f 9522 9144 9523
f 10268 10089 10329
f 5187 5140 5319
f 7706 7797 7863
f 4504 4536 4537
f 8420 8545 8371
f 7329 7368 7395
f 5984 6146 6094
f 5934 6208 6043
f 3250 3116 3251
f 4676 4565 4617
f 6638 6537 6639
f 4995 5250 5249
f 6032 6193 5978
f 8500 8609 8499
f 3494 3527 3612
f 1266 1170 1216
f 4465 4464 4279
f 5673 5619 5780
f 4994 5248 4976
f 8929 9083 8845
f 226 278 224
f 8966 9133 8889
f 266 298 243
f 1775 1924 1923
f 8117 8041 8082
f 1433 1250 1493
f 3820 3745 3813
f 6394 6364 6435
f 9639 9382 9468
f 10249 10357 10355
f 1358 1236 1184
f 3486 3524 3414
f 826 884 998
f 5456 5391 5630
f 2389 2515 2572
f 9638 9847 9846
f 1108 986 1048
f 2026 1958 2163
f 1533 1596 1479
f 980 1102 1099
f 2272 2201 2202
f 8766 8827 8624
f 2530 2531 2650
f 322 218 380
f 1187 1428 1133
f 9392 9580 9582
f 4836 4835 4657
f 914 810 716
f 14 12 9
f 700 785 660
f 1629 1756 1685
f 84 129 171
f 2868 2869 2967
f 2170 2032 2033
f 3395 3130 3260
f 10041 10110 10281
f 6613 6612 6513
f 6137 6027 6029
f 3120 2823 3027
f 4858 4975 5114
f 1069 1191 1010
f 8176 8266 8308
f 1168 1203 1045
f 3759 3716 3811
f 8505 8622 8447
f 6985 6986 7118
f 6684 6683 6600
f 4216 4377 4290
f 371 345 440
f 10541 10575 10635
f 7757 7845 7756
f 1810 1973 1905
f 4551 4785 4656
f 6416 6494 6338
f 2098 2029 1742
f 378 416 443
f 1441 1634 1632
f 10611 10579 10546
f 6365 6286 6285
f 7180 7128 7084
f 9909 9746 9747
f 4348 4391 4307
f 5796 5688 5844
f 9135 9225 8968
f 10018 10155 10211
f 6746 6818 6783
f 8921 8700 8840
f 7477 7442 7269
f 1196 1153 968
f 3359 3434 3260
f 10238 10239 10348
f 8191 8236 8074
f 6390 6470 6350
f 4318 4270 4195
f 5557 5670 5669
f 9844 9710 9911
f 2917 2854 2855
f 1879 1878 1610
f 10208 10152 9949
f 25 42 24
f 9001 8843 8572
f 7733 7760 7732
f 4725 4658 4901
f 10428 10313 10314
f 309 404 365
f 5861 5961 5963
f 6385 6427 6345
f 10092 10159 10158
f 2844 2902 2951
f 10608 10573 10536
f 6551 6485 6552
f 9281 9282 9287
f 2730 2551 2482
f 1168 1090 1203
f 5266 5447 5265
f 4819 5177 4990
f 8417 8418 8478
f 2609 2479 2611
f 10282 10232 10283
f 7396 7292 7364
f 4792 4844 4911
f 2659 2537 2589
f 4003 4065 4007
f 2004 2008 1849
f 6328 6329 6448
f 4158 4088 3996
f 9650 9733 9483
f 2152 2227 1951
f 5780 5725 5684
f 238 374 373
f 6356 6207 6305
f 8561 8381 8493
f 6856 6735 6860
f 4041 4109 4012
f 9285 8939 9190
f 3747 3748 3726
f 7257 7201 7202
f 2973 2936 2998
f 9393 9489 9111
f 9582 9736 9485
f 1781 1719 1780
f 2810 2519 2520
f 10355 10251 10190
f 976 966 750
f 957 894 1020
f 7176 7207 7266
f 6897 6773 6855
f 8128 8090 8018
f 2561 2683 2682
f 2636 2747 2746
f 1795 1481 1540
f 8093 8058 8059
f 4267 4401 4450
f 8079 8199 8115
f 10602 10530 10604
f 10526 10487 10566
f 5540 5610 5539
f 6355 6284 6379
f 6650 6646 6577
f 370 292 317
f 9168 9000 9080
f 10494 10493 10326
f 9438 9692 9691
f 5240 5419 5241
f 8373 8557 8547
f 9761 9896 9895
f 8257 8460 8351
f 2566 2501 2377
f 4101 4030 4102
f 1784 1939 2014
f 10530 10497 10394
f 1234 1354 1181
f 4939 4890 4940
f 555 458 526
f 5148 5074 5075
f 6201 6037 6145
f 8904 8611 8674
f 4093 4207 4094
f 2950 2949 2901
f 855 796 900
f 2708 2657 2817
f 984 1216 1046
f 1835 1563 1697
f 7739 7766 7667
f 4458 4478 4582
f 5852 5957 6009
f 10361 10661 10587
f 9786 9863 9479
f 8280 8374 8226
f 7981 8142 8141
f 8970 8969 8739
f 5175 5046 4988
f 8463 8581 8401
f 5912 6015 5748
f 2839 3041 3134
f 2963 3013 3105
f 9687 9619 9965
f 8796 8721 9031
f 4297 4382 4422
f 537 536 680
f 6077 6138 6139
f 4359 4268 4197
f 8596 8734 8537
f 4231 4083 4187
f 4375 4376 4286
f 3180 3308 3280
f 7300 7440 7372
f 3603 3713 3657
f 188 267 266
f 449 351 491
f 1664 1790 1598
f 2448 2447 2326
f 1967 1887 1805
f 3427 3528 3498
f 5024 5077 5027
f 3415 3449 3520
f 10548 10460 10464
f 1128 876 1001
f 5068 5014 4894
f 4161 4205 4204
f 6015 5959 5748
f 7513 7516 7544
f 1685 1902 1989
f 9942 9740 9742
f 5924 5821 5921
f 7794 7816 7854
f 5664 5709 5663
f 460 528 594
f 8177 8093 8213
f 6737 6736 6605
f 8198 8197 8077
f 2000 1712 2001
f 6131 6188 6242
f 122 143 123
f 2881 2720 3031
f 1162 1263 1101
f 5270 5089 5208
f 1562 1503 1692
f 8438 8240 8334
f 1541 1589 1736
f 7700 7665 7738
f 4330 4331 4468
f 5474 5650 5590
f 10607 10624 10606
f 3894 4009 4073
f 9680 9762 9612
f 3713 3767 3757
f 9516 9765 9825
f 9862 9860 9646
f 519 449 520
f 1510 1512 1509
f 7393 7358 7502
f 432 308 401
f 7802 7873 7775
f 7307 7341 7103
f 4830 4722 4829
f 6590 6626 6625
f 6216 6214 6163
f 2060 2269 2131
f 4041 4013 4110
f 2102 2164 2027
f 3139 3134 3316
f 1049 1172 1048
f 8679 8429 8611
f 6099 6098 5988
f 2995 3096 2950
f 5958 6068 5854
f 4418 4458 4517
f 10012 10315 10200
f 5196 4895 5014
f 690 543 615
f 9838 9908 9704
f 2057 1915 2061
f 7277 7109 7248
f 85 34 79
f 5616 5494 5617
f 4957 5090 4909
f 4664 4732 4731
f 3432 3437 3357
f 7334 7333 7294
f 2173 1968 1969
f 800 675 801
f 5065 5253 5063
f 8484 8673 8483
f 5175 5356 5174
f 5309 5056 5184
f 1822 2048 1980
f 1014 1015 1013
f 10257 10151 10384
f 5654 5761 5653
f 2971 2823 2875
f 3194 3008 3100
f 975 1033 804
f 8300 8253 8170
f 1521 1520 1341
f 2498 2618 2786
f 9238 9050 8741
f 7898 7863 7797
f 8013 8012 7868
f 803 802 674
f 5538 5818 5817
f 5738 5804 5694
f 5648 5816 5752
f 9355 9266 9265
f 8136 8211 8135
f 10583 10189 10584
f 3827 3730 3801
f 7467 7468 7606
f 10394 10215 10266
f 4637 4636 4533
f 89 138 120
f 5187 5005 4942
f 5164 5034 5230
f 9283 9375 9184
f 1177 1179 1350
f 7025 7112 7159
f 4999 4888 4938
f 4872 4990 4989
f 730 613 614
f 1940 2148 2282
f 10568 10523 10482
f 1854 1853 1654
f 929 1122 1118
f 2492 2624 2559
f 5425 5482 5429
f 2881 3031 3107
f 5694 5693 5524
f 6411 6507 6558
f 7380 7374 7373
f 1417 1415 1231
f 2998 3098 2973
f 1343 1468 1465
f 8229 8103 8230
f 4281 4357 4371
f 5768 5871 5770
f 7859 7932 7818
f 2878 2876 3026
f 2827 2974 2826
f 904 560 969
f 1920 1998 2136
f 41 74 31
f 1465 1651 1522
f 8503 8338 8445
f 5482 5425 5301
f 4368 4242 4277
f 1231 1286 1125
f 8810 8483 8673
f 175 282 198
f 7976 8123 8168
f 4741 4850 4916
f 3371 3351 3207
f 4248 4247 4413
f 4932 5054 4878
f 8506 8444 8388
f 5651 5595 5596
f 2215 2077 2216
f 9617 9616 9243
f 2287 2286 2152
f 5850 5846 5740
f 4872 4819 4990
f 4671 4510 4672
f 1413 1408 1273
f 10481 10560 10606
f 7818 7817 7634
f 9970 10100 10034
f 2531 2704 2650
f 2018 1866 1867
f 10165 10015 10234
f 6239 6343 6294
f 10604 10530 10605
f 6384 6462 6196
f 504 364 406
f 1897 1980 1896
f 3943 3944 3918
f 1744 1804 1885
f 1638 1567 1699
f 1163 1263 1099
f 1093 1044 919
f 8063 7897 8025
f 3113 3075 3021
f 2188 2388 2119
f 450 492 300
f 10552 10585 10469
f 8288 8381 8331
f 6299 6385 6143
f 5965 5860 5862
f 3276 3405 3404
f 831 833 735
f 3001 2953 2795
f 632 596 531
f 4035 4174 4105
f 8894 9233 9329
f 10005 9938 10137
f 9267 8924 9268
f 3382 3341 3383
f 2059 1913 1838
f 8790 8954 8953
f 8370 8601 8419
f 1153 1083 903
f 5231 5348 5232
f 6155 6083 6104
f 1720 1654 1585
f 3340 3422 3379
f 919 806 976
f 7225 7251 7223
f 2416 2286 2477
f 9820 9893 10097
f 7743 7867 7825
f 2359 2288 2153
f 8438 8614 8383
f 5134 5000 4889
f 8231 8230 8103
f 3663 3720 3664
f 3211 3306 3347
f 239 183 320
f 1563 1835 1695
f 7362 7395 7428
f 8351 8460 8459
f 961 748 962
f 2784 2893 2672
f 8683 8823 8907
f 4691 4614 4738
f 10094 9885 10095
f 7882 7986 7958
f 7396 7291 7292
f 8741 8669 8809
f 913 914 978
f 4977 4935 4936
f 712 751 856
f 2285 2084 2268
f 8345 8167 8343
f 5252 5132 4999
f 8518 8643 8517
f 1566 1324 1567
f 3033 3178 3086
f 2740 2909 2908
f 4 1 5
f 6371 6324 6273
f 4492 4596 4545
f 3667 3640 3666
f 5701 5702 5812
f 4423 4298 4337
f 2211 2212 2404
f 7237 7236 7329
f 3798 3750 3704
f 7708 7772 7637
f 3269 3321 3141
f 6648 6576 6693
f 4328 4326 4459
f 9419 9505 9325
f 8302 8255 8457
f 9216 9032 9215
f 3142 3095 3143
f 1910 1898 1899
f 9034 9316 8962
f 3609 3666 3583
f 9874 9743 9800
f 8898 9237 9049
f 2488 2654 2617
f 9199 9484 9297
f 1036 1259 1207
f 4302 4386 4339
f 8273 8432 8416
f 1489 1611 1487
f 6654 6684 6653
f 5629 5517 5518
f 4877 4992 4876
f 578 486 620
f 6558 6572 6523
f 2276 2211 2530
f 8499 8548 8498
f 1880 2028 1960
f 5530 5458 5216
f 1587 1417 1657
f 4541 4388 4344
f 1805 1745 1967
f 7025 7111 7065
f 417 321 322
f 2803 2958 2915
f 7735 7689 7616
f 10237 10114 10288
f 5818 5538 5711
f 7077 7168 7034
f 7796 7821 7860
f 6868 6816 6782
f 2386 2380 2312
f 2742 2565 2630
f 8285 8423 8607
f 2545 2414 2601
f 1981 1823 1683
f 5166 5113 5287
f 3645 3675 3587
f 5060 5061 5132
f 1071 1138 1192
f 8748 8902 8976
f 10619 10586 10662
f 10121 10057 10177
f 10363 10191 10472
f 4060 3962 4000
f 4477 4283 4334
f 2581 2462 2463
f 4779 4651 4778
f 6046 6045 5936
f 4530 4705 4707
f 3693 3721 3765
f 8200 8245 8116
f 2257 2045 2116
f 2925 2864 2867
f 86 115 85
f 6597 6531 6568
f 3100 2905 3057
f 8737 8664 8601
f 8633 8576 8577
f 7825 7867 7899
f 5831 5775 5776
f 3838 3787 3895
f 1642 1767 1766
f 4763 4884 4640
f 7555 7696 7695
f 4326 4406 4567
f 755 673 675
f 1416 1287 1233
f 8537 8366 8596
f 5960 6123 6070
f 2280 2350 2079
f 3025 3171 3026
f 525 555 665
f 6746 6696 6818
f 578 736 619
f 5247 5308 5307
f 4906 5086 5153
f 2640 2510 2385
f 7501 7498 7594
f 2401 2583 2464
f 5128 5051 4708
f 2987 2940 2942
f 510 542 411
f 10178 10177 10122
f 4604 4903 4953
f 6748 6651 6745
f 2580 2528 2647
f 8673 8899 9054
f 3299 3300 3387
f 869 1058 989
f 921 816 866
f 3433 3505 3532
f 3919 3918 3944
f 7534 7533 7494
f 4213 4332 4334
f 4616 4511 4402
f 2481 2613 2612
f 802 908 756
f 10451 10282 10449
f 3072 2865 2966
f 731 696 780
f 3403 3369 3370
f 789 959 790
f 262 314 232
f 3366 3540 3539
f 5205 5204 5086
f 2334 2197 2063
f 4582 4378 4583
f 2696 2518 2697
f 8632 8773 8452
f 384 324 350
f 6337 6288 6415
f 139 166 178
f 3768 3794 3842
f 5353 5294 5172
f 3118 3024 3119
f 6608 6480 6577
f 4818 4695 4697
f 1096 1160 1038
f 7505 7563 7602
f 2773 2667 2774
f 138 200 163
f 1863 1789 1790
f 8454 8577 8576
f 3359 3260 3261
f 837 657 782
f 2543 2822 2771
f 2804 2692 2750
f 1213 1324 1163
f 1696 1563 1506
f 7733 7732 7541
f 10206 10150 10207
f 1322 1507 1506
f 10566 10555 10556
f 5 1 6
f 7393 7392 7327
f 6206 6305 6207
f 6107 6052 6162
f 5453 5454 5571
f 2826 2546 2664
f 335 359 360
f 1238 1237 1127
f 1812 1978 1750
f 5297 5120 5176
f 4174 4341 4301
f 6460 6422 6282
f 10164 10276 10225
f 445 419 348
f 10051 10175 10241
f 7084 6912 6913
f 2549 2229 2669
f 5316 5132 5252
f 1205 1032 1158
f 218 296 380
f 7724 7723 7642
f 2125 2106 2251
f 7414 7554 7486
f 1718 1852 1930
f 9633 9632 9363
f 2786 2850 2498
f 1674 1620 1809
f 3937 3962 3999
f 3243 3159 3377
f 7264 7296 7173
f 757 808 900
f 4452 4270 4318
f 2892 2891 2723
f 6360 6158 6310
f 9919 9918 9716
f 9265 9267 9539
f 3410 3442 3485
f 2017 2222 2221
f 1678 1971 1749
f 230 306 258
f 6816 6692 6782
f 2702 2703 2760
f 8435 8233 8234
f 1202 1088 1258
f 10655 10589 10621
f 5976 5917 6019
f 6402 6554 6550
f 4285 4374 4577
f 10698 10691 10692
f 8980 8750 8918
f 9723 9383 9384
f 7574 7646 7611
f 10372 10376 10311
f 9590 9589 9210
f 4063 4023 4002
f 825 731 826
f 9397 9307 9208
f 8295 8183 8479
f 243 298 242
f 8795 8726 8727
f 10560 10372 10477
f 720 813 919
f 4723 4777 4596
f 5203 5082 5010
f 5742 5459 5697
f 8571 8573 8344
f 1460 1401 1331
f 5502 5254 5321
f 2071 2341 2009
f 1684 1630 1557
f 1368 1542 1429
f 1664 1947 1790
f 8527 8587 8790
f 4590 4767 4670
f 6026 6028 5928
f 1121 1283 1120
f 2884 3038 2883
f 4416 4415 4335
f 3440 3368 3272
f 1476 1590 1355
f 4437 4600 4546
f 6587 6840 6884
f 413 320 414
f 4973 5111 5110
f 1544 1610 1488
f 4180 4181 4259
f 976 807 966
f 4280 4331 4330
f 7701 7769 7794
f 270 173 271
f 1074 1194 1143
f 634 632 709
f 6082 6133 6189
f 1129 1128 1001
f 8987 8691 8988
f 10492 10265 10355
f 5966 6075 5816
f 2859 2960 2912
f 3694 3721 3693
f 4169 4168 4027
f 19 12 14
f 5441 5381 5380
f 4827 5005 5065
f 616 692 774
f 8949 8581 8866
f 9812 9955 10088
f 6362 6262 6475
f 8743 8557 8901
f 2167 1962 1964
f 9084 8841 8998
f 10179 10243 10248
f 9153 9072 8613
f 5534 5402 5535
f 6428 6504 6386
f 4646 4825 4768
f 6112 6061 6220
f 9426 9517 9425
f 8013 8169 8012
f 4313 4445 4444
f 786 848 892
f 9697 9696 9628
f 7958 7881 7883
f 9997 9789 9931
f 54 53 26
f 9006 9087 9275
f 2599 2355 2600
f 5165 5404 5342
f 3339 3340 3379
f 5927 5975 5870
f 4826 4941 4952
f 922 866 817
f 6683 6654 6557
f 1090 908 1091
f 6009 6039 5908
f 6453 6417 6456
f 5142 5275 5135
f 3797 3703 3773
f 9638 9846 9848
f 9796 9795 9653
f 2527 2646 2813
f 9147 9146 8977
f 3180 3125 3308
f 5088 4907 4908
f 2994 2993 2676
f 9311 9312 9592
f 6288 6338 6415
f 10211 10435 10323
f 5781 5318 5675
f 9985 9951 10052
f 8903 8817 8977
f 272 270 387
f 4922 4804 4862
f 1624 1311 1496
f 499 435 603
f 5366 5181 5307
f 6505 6430 6388
f 222 157 248
f 1850 2004 1849
f 354 333 355
f 9251 8981 9065
f 4551 4786 4785
f 739 698 621
f 5100 5158 4960
f 6815 6947 6946
f 4934 4879 5122
f 8797 8532 8730
f 7760 7640 7754
f 9068 9069 9436
f 4600 4655 4724
f 2181 2324 2323
f 7500 7501 7596
f 5704 5705 5813
f 2604 2720 2774
f 175 136 162
f 8620 8617 8765
f 531 429 430
f 5497 5673 5444
f 8869 8871 9201
f 8256 8206 8350
f 7323 7286 7356
f 9401 9751 9597
f 5739 5805 5738
f 5475 5537 5293
f 9110 8787 9111
f 7725 7726 7785
f 4054 4020 3956
f 4417 4377 4476
f 2260 2574 2573
f 8857 9012 9011
f 9554 9459 9778
f 1154 1313 1145
f 1292 1291 1186
f 1798 1544 1606
f 8715 8946 8860
f 4761 4637 4638
f 6413 6284 6355
f 2307 2501 2566
f 7269 7442 7441
f 2479 2550 2420
f 1064 1185 1240
f 8467 8648 8524
f 10566 10385 10555
f 2168 1965 2032
f 8452 8347 8394
f 10003 10190 10133
f 924 1050 988
f 2210 2209 1934
f 4162 4213 4246
f 1633 1385 1498
f 3544 3538 3600
f 4950 5079 4949
f 9298 9021 9392
f 6691 6650 6610
f 1606 1544 1482
f 376 379 480
f 6831 6830 6660
f 2315 2322 2313
f 1040 1212 1098
f 7300 7299 7207
f 2080 1945 2017
f 8328 8231 8286
f 2918 2805 2806
f 5522 5212 5393
f 6142 6197 6141
f 9498 9753 9815
f 3796 3847 3782
f 3141 2946 3052
f 5800 5888 5734
f 6244 6356 6379
f 9971 9836 10109
f 4253 4224 4106
f 2217 2147 2015
f 3059 3157 3156
f 971 799 907
f 10260 10391 10488
f 7892 7964 8001
f 1332 1268 1173
f 9217 8961 8731
f 2150 2017 1863
f 1405 1406 1462
f 9181 9374 9092
f 9872 9654 9655
f 1165 1164 983
f 10648 10578 10545
f 4795 4735 5095
f 3092 3073 3110
f 5529 5527 5528
f 3678 3703 3619
f 3546 3513 3475
f 3778 3802 3779
f 9893 9820 9605
f 5485 5484 5362
f 4091 4159 4129
f 1782 1783 2077
f 4510 4451 4672
f 4077 4181 4180
f 3912 3961 3998
f 123 143 209
f 512 485 576
f 2075 2076 2213
f 8756 8976 9059
f 4296 4297 4381
f 7065 7157 7023
f 1501 1446 1447
f 6870 7035 7077
f 8781 8516 8945
f 1121 1056 1275
f 5097 4961 4914
f 8712 8636 8456
f 10656 10365 10194
f 4839 4903 4604
f 10426 10193 10365
f 4573 4371 4357
f 8442 8443 8696
f 5890 5729 5893
f 8937 9183 9282
f 877 574 775
f 2879 3010 3028
f 753 1029 1028
f 636 464 599
f 245 269 244
f 4082 4015 3986
f 10121 10130 9989
f 10390 10389 10262
f 549 446 583
f 8297 8204 8341
f 5070 5019 5020
f 899 964 854
f 6847 6766 6765
f 1004 1066 1365
f 7200 7163 7254
f 9488 9489 9653
f 8513 8259 8456
f 9770 9764 9683
f 1725 1727 1724
f 2469 2522 2523
f 3748 3700 3726
f 10074 9959 10073
f 8338 8389 8445
f 2705 2650 2704
f 4425 4300 4485
f 10012 10146 9875
f 3122 3082 3209
f 5962 6016 6073
f 3739 3762 3814
f 7852 7813 7767
f 1384 1199 1385
f 5773 5979 5829
f 1615 1805 1887
f 10161 10229 10230
f 3350 3352 3460
f 5738 5805 5804
f 9869 10068 10018
f 9256 9344 9071
f 7087 6837 7088
f 3121 2978 3081
f 10689 10687 10663
f 2330 2190 2261
f 3050 3136 3094
f 7492 7383 7557
f 3394 3215 3356
f 7106 7060 7146
f 4969 4673 4970
f 3891 3920 3809
f 6232 6274 6402
f 4582 4478 4378
f 9698 9970 9630
f 7171 7263 7238
f 8602 8737 8601
f 2194 1912 2058
f 4340 4424 4253
f 9575 9480 9388
f 1718 1717 1520
f 9144 9057 9333
f 3904 4043 4044
f 4741 4965 4797
f 6751 6658 6752
f 3011 2956 3007
f 9674 9500 9407
f 4906 5153 4846
f 10627 10643 10667
f 7560 7636 7561
f 3312 3313 3358
f 5434 5491 5311
f 9152 9255 9439
f 1652 1469 1472
f 7494 7533 7386
f 8264 8587 8408
f 5393 5212 5274
f 8345 8343 8450
f 1944 1661 1945
f 7570 7511 7571
f 7793 7666 7766
f 5398 5464 5463
f 7915 8030 7914
f 3904 4044 4014
f 9584 9487 9738
f 2232 2090 2158
f 6842 7047 7091
f 3977 3893 3973
f 6208 6260 6043
f 8220 8145 8273
f 6085 6086 6190
f 2792 2902 2790
f 7597 7500 7596
f 2515 2751 2572
f 1550 1619 1890
f 3513 3620 3512
f 1316 1318 1455
f 2964 2807 2976
f 9188 9380 9379
f 2591 2350 2592
f 2390 2391 2451
f 2300 1877 2097
f 4225 4177 4341
f 7262 7330 7336
f 8642 8715 8516
f 7723 7782 7806
f 1246 1374 1372
f 821 930 1057
f 9708 9980 9910
f 4089 3936 4056
f 870 769 989
f 8544 8276 8604
f 6801 6762 6713
f 176 162 163
f 284 201 202
f 5021 5072 5199
f 5910 6175 5958
f 2699 2756 2757
f 870 728 769
f 9242 9429 9056
f 113 65 66
f 1450 1454 1264
f 1993 2057 2061
f 7313 7192 7314
f 8580 8459 8640
f 8929 8930 9171
f 3325 3230 3192
f 2616 2731 2552
f 9332 9053 8810
f 7981 8059 7951
f 1548 1492 1248
f 9559 9583 9558
f 9153 9443 9441
f 7880 7932 7933
f 10218 10217 10022
f 2713 2593 2661
f 5225 5108 4968
f 3734 3618 3681
f 1131 828 1132
f 7311 7105 7059
f 2483 2608 2418
f 4496 4393 4351
f 4062 3963 4001
f 7960 7911 8028
f 2589 2590 2708
f 5699 5745 5908
f 2020 2228 2287
f 1890 1619 1970
f 8122 8299 8166
f 4528 4644 4529
f 9096 8778 9189
f 1288 1532 1595
f 4711 4417 4476
f 829 1005 1004
f 5904 5807 5808
f 10372 10311 10312
f 2038 2104 1749
f 7795 7817 7858
f 8972 8897 9049
f 3853 3907 3849
f 7805 7883 7842
f 4134 4215 4164
f 2477 2602 2604
f 4323 4359 4197
f 9870 10002 9793
f 5625 5520 5448
f 3694 3693 3638
f 5090 4957 5208
f 5254 5501 5320
f 6935 6893 6894
f 8607 9051 8904
f 6861 6776 6901
f 8884 8964 8883
f 1537 1603 1425
f 8924 8923 8701
f 6280 6411 6331
f 9049 9237 9236
f 1494 1677 1675
f 4855 4801 4617
f 6024 6131 6080
f 345 293 318
f 9956 9751 9752
f 3019 2867 3020
f 8183 8320 8479
f 9440 9344 9442
f 4539 4720 4723
f 8180 8096 8146
f 7809 7761 7731
f 3626 3683 3601
f 3790 3869 3816
f 743 846 841
f 3914 3954 3990
f 8247 8159 8293
f 9004 9269 9362
f 1867 2086 2018
f 2071 2142 2398
f 2381 2322 2041
f 9349 9429 9348
f 2105 2250 2038
f 7118 6986 7162
f 4945 5006 4774
f 4484 4644 4483
f 10520 10370 10309
f 2438 2379 2506
f 461 397 396
f 2556 2426 2369
f 3858 3918 3919
f 518 586 585
f 458 555 525
f 6385 6345 6143
f 6221 6207 6366
f 4361 4321 4240
f 5649 5537 5592
f 4262 4146 4183
f 7598 7744 7709
f 9617 9898 9616
f 4615 4451 4515
f 8088 8048 7941
f 8915 9074 8914
f 2700 2814 2646
f 9142 8900 9144
f 3790 3763 3742
f 6147 6148 6256
f 3852 3957 3956
f 4687 4750 4624
f 1786 1787 1942
f 1797 2024 2023
f 5569 5688 5687
f 9826 9967 10038
f 6994 6946 7037
f 6443 6485 6484
f 3079 3120 3027
f 281 226 227
f 1415 1286 1231
f 8154 8110 8034
f 2311 2312 2380
f 5220 5277 5102
f 10174 10117 9981
f 4494 4308 4440
f 4166 4162 4246
f 7332 7259 7333
f 6013 5855 6014
f 3968 3889 3969
f 3082 3173 3209
f 10448 10282 10451
f 1734 1604 1538
f 2472 2658 2657
f 6979 6999 6915
f 7656 7525 7657
f 10299 10000 10358
f 1335 1334 1272
f 6869 6993 6907
f 7760 7728 7640
f 7950 7949 8022
f 6107 6106 5945
f 2294 2423 2487
f 4713 4888 4642
f 4835 4900 4786
f 8358 8261 8307
f 7584 7629 7581
f 4274 4367 4366
f 1159 1033 975
f 4016 3952 3931
f 2569 2633 2632
f 9494 9635 9588
f 1878 1879 1961
f 8980 8820 8750
f 4214 4245 4285
f 1844 1998 1771
f 7074 7165 6991
f 6386 6466 6385
f 6413 6507 6411
f 2557 2490 2622
f 5570 5569 5452
f 9368 9363 9546
f 2196 2521 2470
f 8120 8170 8013
f 9158 9352 9627
f 2136 1770 1920
f 6911 6954 6786
f 1784 1938 1860
f 3520 3581 3580
f 5601 5576 5657
f 2679 2558 2624
f 916 980 864
f 8909 8910 9154
f 6116 6039 6009
f 5248 5233 4976
f 1019 957 1193
f 3987 3844 3952
f 5293 5172 5294
f 6534 6681 6680
f 95 131 113
f 43 52 51
f 6747 6613 6784
f 8737 8891 8664
f 9400 9651 9591
f 544 688 825
f 2762 2658 2865
f 2162 2236 2096
f 7541 7640 7728
f 9435 9618 9600
f 7246 7276 7192
f 7361 7168 7329
f 7848 7962 7995
f 8827 8564 8624
f 1971 1813 2105
f 7783 7915 7845
f 4953 4948 4663
f 5712 5760 5598
f 363 503 435
f 6149 6041 5837
f 8510 8575 8393
f 4599 4546 4600
f 7396 7467 7509
f 885 943 836
f 6913 6875 6955
f 8849 8848 8631
f 9471 9570 9291
f 9120 8877 8957
f 4770 4541 4648
f 6819 6951 6820
f 367 407 343
f 1663 1725 1662
f 7373 7315 7380
f 3258 3357 3356
f 10291 10349 10241
f 577 653 485
f 3007 3198 3158
f 4940 5002 5135
f 4785 4786 4900
f 6896 6772 7020
f 47 60 71
f 302 301 156
f 6793 6587 6837
f 4283 4377 4336
f 6292 6383 6342
f 9751 9497 9752
f 8313 8177 8213
f 1672 1545 1298
f 7300 7301 7339
f 3534 3469 3435
f 85 56 34
f 4547 4780 4653
f 6138 6026 6139
f 2650 2587 2530
f 5471 5647 5706
f 6894 6895 7018
f 868 819 926
f 8547 8672 8484
f 8640 8459 8460
f 3231 3192 3146
f 549 445 446
f 8221 8418 8417
f 251 255 305
f 5303 5127 4931
f 5074 4948 5075
f 7584 7581 7556
f 5660 5363 5427
f 10559 10591 10657
f 9128 9412 9320
f 8909 9154 9153
f 7231 7121 7203
f 4248 4528 4383
f 9891 9890 9758
f 5044 4926 5045
f 680 536 569
f 7158 7157 7111
f 6736 6809 6810
f 5030 4913 5001
f 2140 2205 1927
f 6090 6036 6198
f 1105 1264 1215
f 2313 2439 2314
f 6302 6358 6354
f 9121 9312 9120
f 4556 4447 4667
f 4981 4862 4923
f 1464 1578 1774
f 8631 8773 8935
f 8438 8615 8691
f 6000 5999 5898
f 1893 2256 2044
f 2343 2274 2461
f 6384 6464 6600
f 949 699 742
f 8608 8486 8487
f 3771 3746 3669
f 10214 10328 10327
f 2006 2139 2204
f 9947 9807 10017
f 1045 983 1044
f 7983 8152 8179
f 552 450 495
f 3496 3344 3498
f 8058 7980 8059
f 3169 3170 3168
f 9494 9548 9635
f 4335 4286 4376
f 240 184 169
f 1584 1470 1649
f 6606 6776 6735
f 6407 6404 6275
f 8071 7963 8072
f 2916 2690 2746
f 5258 5442 5380
f 7399 7398 7333
f 5932 5931 5724
f 1464 1338 1408
f 8376 8555 8553
f 3826 3719 3772
f 3169 3113 3170
f 4008 4072 3922
f 6035 6141 6034
f 8090 7943 7944
f 7503 7599 7502
f 1866 2018 2085
f 7438 7437 7410
f 8648 8649 8867
f 9699 9539 9540
f 2408 2469 2215
f 6136 6338 6191
f 8872 8721 8722
f 7940 7899 7867
f 2320 2321 2510
f 3362 3380 3436
f 10017 10258 10384
f 202 257 256
f 4051 4087 4086
f 5249 5368 5436
f 5013 5143 5015
f 1438 1152 1381
f 71 101 137
f 4566 4679 4803
f 3787 3867 3895
f 376 375 185
f 7169 7237 7077
f 5150 5266 5265
f 5139 5254 5138
f 8761 8502 8762
f 7046 7047 6842
f 1258 1392 1202
f 10627 10594 10564
f 10217 10091 10022
f 4022 4021 4128
f 2850 2898 2945
f 10330 10439 10398
f 3406 3152 3281
f 340 401 308
f 6715 6668 6716
f 159 174 133
f 6267 6266 6224
f 6777 6812 6776
f 6854 6808 6772
f 1460 1402 1514
f 436 405 469
f 3834 3808 3860
f 10211 10436 10435
f 983 1045 1165
f 9798 10024 9754
f 92 149 215
f 8991 8758 9078
f 3265 3267 3364
f 9406 8960 9216
f 3936 3881 3882
f 746 704 789
f 1899 1824 1900
f 6808 6854 6893
f 10696 10660 10702
f 9005 8998 8922
f 3950 3901 3792
f 2684 2849 2683
f 2990 2894 3048
f 5308 5539 5610
f 290 315 369
f 10468 10488 10551
f 8065 7987 8066
f 5626 5625 5448
f 7754 7679 7717
f 7538 7677 7715
f 7558 7531 7493
f 10381 10483 10431
f 6630 6420 6595
f 181 127 182
f 2195 2059 2268
f 4914 4962 5098
f 6543 6390 6510
f 4995 4883 4996
f 2540 2538 2280
f 10613 10513 10461
f 8307 8261 8260
f 1335 1646 1516
f 2606 2669 2830
f 4552 4392 4350
f 7334 7294 7204
f 7980 8058 8023
f 6240 6282 6081
f 4955 4908 4841
f 1654 1525 1585
f 8787 8649 8869
f 6344 6296 6250
f 4900 4835 4836
f 5446 5510 5559
f 4915 5101 4964
f 9044 8892 9226
f 5922 5734 5888
f 7592 7704 7668
f 6790 6753 6561
f 765 724 764
f 457 456 356
f 1894 1818 2258
f 7482 7521 7520
f 1929 1853 2070
f 6801 6928 6889
f 1380 1438 1625
f 4851 5107 5106
f 3693 3743 3692
f 7508 7509 7641
f 339 305 282
f 308 361 258
f 3818 3840 3904
f 2917 2691 2916
f 2763 2655 2536
f 4373 4410 4469
f 3806 3805 3856
f 9636 9570 9647
f 9802 9661 9744
f 6356 6366 6207
f 8759 8744 8916
f 83 72 106
f 5228 5112 5036
f 6268 6227 6119
f 3384 3493 3492
f 52 53 63
f 890 887 946
f 429 529 498
f 4386 4224 4384
f 2271 2200 2201
f 7731 7688 7649
f 9482 9197 9390
f 600 604 676
f 3121 3082 2978
f 8265 8264 8055
f 6551 6484 6485
f 331 273 333
f 10563 10478 10522
f 8396 8458 8637
f 2242 2496 2099
f 1108 1107 986
f 2350 2591 2535
f 7456 7496 7355
f 10024 9941 10142
f 6050 6160 6161
f 7931 7932 7880
f 4093 4094 4002
f 476 508 373
f 3570 3625 3654
f 1102 1169 1213
f 1113 1221 1271
f 1228 1347 1230
f 5165 5344 5404
f 4203 4369 4243
f 7489 7191 7490
f 1291 1129 1186
f 6375 6408 6327
f 6669 6534 6670
f 2919 2912 2911
f 3261 3217 3339
f 8904 9248 9062
f 7931 7910 7985
f 6304 6473 6472
f 8779 8776 8515
f 10480 10596 10595
f 5970 5869 5971
f 4472 4628 4815
f 4757 4701 4874
f 3895 3978 3979
f 2301 2165 2373
f 9437 9528 9623
f 252 253 339
f 4074 4010 4035
f 6014 6178 6175
f 8139 8312 8269
f 9415 9760 9509
f 3212 3128 3088
f 4583 4378 4532
f 4551 4439 4601
f 5187 5318 5005
f 3291 3278 3160
f 9347 9535 9259
f 844 842 843
f 421 350 325
f 10018 10211 9808
f 4998 5060 5131
f 10237 10576 10457
f 1987 1834 1909
f 9713 9460 9461
f 5605 5465 5744
f 1106 971 1168
f 10624 10640 10666
f 10385 10566 10384
f 9619 9687 9343
f 6652 6653 6517
f 4939 5099 5001
f 8858 9287 9282
f 21 11 16
f 2480 2419 2230
f 8994 8995 9266
f 1666 1536 1423
f 4470 4372 4133
f 8741 8481 8669
f 9945 9799 9874
f 7557 7698 7585
f 6587 6795 6839
f 1580 1518 1339
f 7287 7254 7324
f 5508 5447 5266
f 6410 6279 6377
f 5677 5676 5500
f 9150 8982 9151
f 2837 2672 2893
f 2375 2244 2302
f 2723 2727 2609
f 2119 2187 2048
f 5825 5927 5870
f 2665 2667 2475
f 6300 6254 6094
f 4327 4352 4230
f 383 265 384
f 2720 2721 2937
f 4811 4749 4866
f 2626 2633 2378
f 4733 4666 4611
f 2190 1984 2261
f 7495 7355 7496
f 4623 4806 4683
f 10621 10553 10620
f 4394 4311 4352
f 3882 3830 3912
f 1035 1206 1034
f 9258 9169 9257
f 7546 7618 7617
f 10165 10234 10286
f 5679 5787 5785
f 9672 10009 9873
f 8378 8680 8558
f 9356 9540 9539
f 5682 5501 5502
f 1552 1498 1386
f 5947 5844 5895
f 7606 7569 7682
f 9457 9451 9366
f 1810 1972 1973
f 10330 10270 10271
f 2140 1927 2069
f 1110 1172 1049
f 8895 8896 8971
f 2624 2558 2559
f 4919 4676 4857
f 5468 5341 5534
f 2619 2675 2735
f 9643 9384 9567
f 8567 8760 8695
f 9033 8963 9219
f 6293 6137 6192
f 7234 7164 7204
f 2081 1946 2151
f 1158 1032 974
f 9433 9514 9238
f 5956 6085 6063
f 7513 7540 7432
f 2985 2890 2928
f 2110 2320 2254
f 77 54 64
f 4021 4088 4124
f 1019 1374 1246
f 108 169 184
f 6592 6565 6420
f 4991 5239 5123
f 2835 2780 2783
f 1335 1404 1334
f 8951 8787 8869
f 2089 2090 2230
f 9381 9382 9564
f 87 133 116
f 10268 10267 10021
f 6548 6574 6573
f 3232 3175 3097
f 1294 1540 1481
f 3015 2924 2925
f 9280 9460 9373
f 8754 8824 8685
f 4123 4122 4054
f 9448 9627 9518
f 3516 3475 3404
f 8015 7941 7827
f 7949 7833 7873
f 9231 8970 9232
f 9023 9201 8871
f 5011 5195 5012
f 10634 10633 10569
f 8857 8939 8779
f 774 877 876
f 4485 4589 4425
f 3925 3864 3839
f 10030 10339 10226
f 2880 2881 2964
f 2885 3039 2981
f 1458 1841 1767
f 1578 1413 1524
f 572 573 648
f 3464 3503 3463
f 461 560 558
f 9116 9117 9309
f 2120 2192 2189
f 1052 1273 1115
f 5422 5300 5519
f 8841 8924 8701
f 2927 2928 2817
f 4955 5089 5270
f 1683 1685 1982
f 5310 5311 5367
f 3949 3950 4013
f 5710 5538 5817
f 3764 3790 3742
f 3953 3866 3846
f 3847 3914 3782
f 8299 8122 8344
f 1899 1833 1762
f 6654 6652 6580
f 8785 8793 8784
f 4442 4555 4445
f 3778 3779 3735
f 764 923 765
f 4443 4353 4503
f 4933 5054 4932
f 8539 8603 8370
f 1445 1391 1559
f 4409 4465 4279
f 2486 2424 2554
f 3137 3267 3265
f 4772 4771 4942
f 9292 9571 9476
f 7827 7941 7870
f 571 540 472
f 7845 7914 7913
f 2200 2271 1998
f 5682 5681 5501
f 7078 7037 7170
f 6303 6204 6168
f 3877 3801 3881
f 541 649 573
f 3332 3290 3244
f 748 901 670
f 7668 7532 7533
f 8361 8138 8362
f 9764 9682 9514
f 6541 6540 6468
f 10424 10516 10469
f 8225 8277 8321
f 4277 4089 4200
f 6518 6449 6557
f 211 212 124
f 1787 1864 1942
f 7617 7662 7735
f 2502 2631 2567
f 5442 5623 5380
f 4473 4527 4374
f 1862 1861 1591
f 2020 1951 1869
f 1383 1631 1557
f 6433 6150 6302
f 5181 5054 5182
f 3061 2909 2954
f 7051 6887 7050
f 7854 7924 7853
f 2511 2512 2641
f 8149 8026 8068
f 3869 3867 3816
f 10178 10058 10242
f 8253 8453 8346
f 9930 9573 9863
f 4891 4720 4827
f 1137 1299 1297
f 2133 2063 2197
f 9318 9221 9126
f 9361 9543 9271
f 4657 4601 4494
f 416 321 417
f 2052 2053 2263
f 2858 2919 2956
f 1113 868 1114
f 8247 8294 8158
f 4933 4711 4758
f 4097 4066 4004
f 2236 2428 2237
f 4885 4937 4763
f 5095 5096 4795
f 683 572 684
f 2341 2399 2340
f 7905 8060 8143
f 9080 9047 9168
f 4168 4251 4135
f 781 620 655
f 8153 8249 8297
f 614 510 543
f 5697 5459 5575
f 10173 10240 10116
f 9785 9862 9646
f 4428 4427 4341
f 4125 4200 4056
f 7016 6713 6974
f 5195 5323 5142
f 35 34 20
f 10061 9996 10184
f 8952 9114 9024
f 4967 4916 4850
f 5313 5558 5614
f 2829 2722 2779
f 4745 4800 4675
f 3889 3888 3834
f 1105 1104 981
f 4751 4625 4626
f 1273 1408 1223
f 9567 9291 9555
f 4752 4628 4693
f 2860 2807 2964
f 9531 9441 9694
f 8050 7974 8011
f 2473 2543 2413
f 5344 5405 5404
f 10381 10378 10202
f 7377 7344 7059
f 2137 2338 2337
f 5746 5581 5700
f 3227 3270 3142
f 1447 1319 1206
f 2557 2489 2427
f 10334 10404 10502
f 1671 1801 1881
f 1222 1114 1116
f 2357 2475 2547
f 9140 9052 9331
f 8798 8656 8883
f 8361 8653 8466
f 8493 8683 8753
f 8462 8400 8352
f 3574 3548 3482
f 4071 4217 4211
f 6555 6514 6444
f 2121 1833 1899
f 9797 9201 9656
f 4571 4684 4519
f 3371 3207 3151
f 6149 5837 6042
f 7503 7394 7536
f 10665 10619 10669
f 2872 2871 2662
f 1575 1711 1574
f 6506 6469 6542
f 8287 8329 8432
f 1574 1773 1772
f 9492 9112 9302
f 4152 4114 4116
f 1462 1406 1271
f 5882 5932 5779
f 5997 6055 5946
f 5497 5437 5498
f 2106 2177 2251
f 9573 9862 9727
f 2044 1814 1892
f 104 74 105
f 8559 8416 8432
f 8635 8775 8847
f 3525 3583 3555
f 7299 7372 7410
f 3677 3703 3749
f 7171 7169 7036
f 6990 6989 6867
f 1028 858 753
f 6151 6043 6258
f 5948 5999 5997
f 909 809 910
f 5010 5082 4941
f 10463 10549 10462
f 8072 8108 8233
f 1871 1870 1732
f 8832 8748 8976
f 1 4 2
f 6349 6389 6301
f 1677 1750 1675
f 7455 7318 7387
f 9678 9760 9819
f 8903 8902 8678
f 9566 9565 9467
f 6778 6687 6688
f 3315 3268 3365
f 8538 8660 8594
f 10090 9813 9883
f 10098 10028 9892
f 2198 2457 2335
f 5170 5117 4982
f 7035 7036 7169
f 2603 2477 2605
f 2987 2981 3039
f 8123 8251 8250
f 4548 4655 4600
f 4166 4097 4162
f 373 374 476
f 3594 3675 3648
f 5238 5045 5173
f 10251 10423 10300
f 7309 7308 7272
f 5810 5910 5958
f 9474 9646 9568
f 9047 8969 9327
f 9177 9174 9368
f 6336 6436 6335
f 2523 2578 2652
f 7160 7224 7252
f 6217 6364 6363
f 3396 3365 3318
f 5344 5406 5584
f 9002 9172 9361
f 8591 8590 8410
f 2218 2352 2015
f 996 1060 825
f 273 274 333
f 5706 5647 5648
f 7755 7724 7643
f 3401 3448 3321
f 1230 1345 1285
f 2362 2293 2484
f 6072 6030 6125
f 1209 1260 1095
f 10515 10650 10518
f 1454 1511 1453
f 3754 3711 3712
f 2476 1948 2226
f 6528 6629 6673
f 6453 6522 6525
f 4383 4528 4529
f 347 295 294
f 6052 6107 5945
f 5665 5555 5492
f 3713 3757 3657
f 7110 7220 7152
f 993 1124 1179
f 3843 3844 3905
f 8754 8685 8562
f 4674 4799 4673
f 4931 4704 4708
f 3324 3323 3274
f 1743 1672 1298
f 327 352 386
f 2588 2704 2531
f 5043 4925 4814
f 1062 1183 1061
f 1306 1307 1434
f 5563 5446 5559
f 8606 8741 8671
f 2284 2150 2224
f 6381 6341 6340
f 3464 3463 3394
f 7117 7162 7197
f 4851 5106 5032
f 4777 5011 5012
f 6542 6469 6470
f 6742 6609 6781
f 4983 4982 5117
f 1020 1142 1140
f 5029 5093 4959
f 1580 1339 1519
f 6635 6384 6600
f 25 19 32
f 824 686 773
f 1408 1338 1223
f 4124 4088 4158
f 159 225 194
f 3864 3785 3839
f 6883 6882 6835
f 8267 8263 8211
f 9798 9657 9658
f 4686 4810 4865
f 3600 3597 3655
f 7070 7120 6864
f 7809 7731 7811
f 8019 8020 8054
f 4718 4776 4890
f 10011 10023 10074
f 6994 7037 7078
f 9592 9310 9311
f 524 553 626
f 7992 7913 7914
f 6591 6528 6564
f 8537 8538 8413
f 7639 7832 7674
f 9269 9083 9171
f 476 411 509
f 4521 4570 4328
f 2192 1990 2193
f 2117 1753 1680
f 8377 8424 8280
f 907 801 756
f 5084 4953 4903
f 2460 2397 2398
f 10119 10118 9913
f 8812 8813 9245
f 8108 8073 8235
f 9129 9131 8799
f 2600 2718 2599
f 3068 3200 3101
f 844 843 743
f 5878 6038 6037
f 5421 5479 5543
f 978 1162 1101
f 3183 3040 3091
f 3696 3667 3666
f 951 742 952
f 10218 9957 10331
f 3027 2971 2877
f 396 398 462
f 3591 3504 3563
f 608 646 607
f 6688 6607 6546
f 3827 3876 3795
f 7453 7454 7532
f 1575 1574 1403
f 6192 6028 6138
f 4476 4633 4711
f 8203 8297 8249
f 9504 9223 9419
f 2230 2090 2295
f 1456 1510 1217
f 10587 10661 10652
f 1316 1033 1159
f 7597 7499 7500
f 1269 1403 1461
f 9541 9356 9268
f 4082 4083 4015
f 1191 1245 1134
f 6491 6522 6378
f 2670 2727 2782
f 7753 7877 7876
f 9945 10011 10074
f 890 946 889
f 712 903 797
f 9937 10133 10189
f 6275 6179 6327
f 4985 4925 5042
f 7974 7940 7975
f 8331 8381 8380
f 1304 1195 1377
f 3816 3763 3790
f 8179 8274 8145
f 3167 3295 3204
f 9569 9785 9646
f 3737 3715 3759
f 5511 5329 5513
f 3010 2854 2917
f 5468 5467 5341
f 5661 5660 5603
f 7293 7332 7365
f 5475 5293 5294
f 2491 2558 2430
f 7160 7115 7224
f 1254 1441 1255
f 501 568 567
f 116 86 87
f 5784 5562 5785
f 2019 1949 2083
f 7535 7673 7711
f 9158 9074 8915
f 8831 9159 8988
f 10032 9824 10033
f 9249 9250 9435
f 4858 4802 4619
f 7311 7273 7105
f 2314 2250 2315
f 9346 9155 9257
f 2957 3103 3063
f 7818 7796 7859
f 8157 8244 8200
f 9697 9964 9626
f 6950 7079 7076
f 3718 3658 3758
f 3080 3084 2937
f 8223 8222 8181
f 4893 5194 5193
f 7349 7449 7421
f 5359 5242 5243
f 3790 3899 3898
f 9964 9697 9685
f 9263 8828 9077
f 8030 8105 8151
f 5017 5018 5007
f 8272 8219 8144
f 6001 6058 6056
f 4880 5184 5056
f 5437 5497 5328
f 5894 5892 5796
f 7981 7951 7952
f 7265 7207 7126
f 441 484 477
f 2356 2454 2195
f 2317 2178 2318
f 10208 10467 10304
f 5706 5813 5705
f 2144 2277 2466
f 8987 8988 9264
f 7537 7603 7673
f 3394 3356 3464
f 9215 8961 9315
f 10428 10499 10373
f 3477 3478 3517
f 5160 4963 4964
f 937 995 1059
f 10376 10481 10480
f 4585 4481 4641
f 2475 2666 2547
f 3345 3302 3388
f 9029 9596 9496
f 9369 9548 9634
f 5272 5209 5156
f 3597 3539 3619
f 5312 5435 5492
f 1558 1632 1631
f 321 240 322
f 2317 2318 2442
f 9308 9399 8792
f 9046 9326 9325
f 4716 4824 4825
f 3733 3751 3679
f 5475 5592 5537
f 6400 6371 6401
f 349 297 323
f 3232 3097 3150
f 1030 1088 1031
f 3473 3514 3323
f 8804 8540 8803
f 939 999 875
f 4870 4816 4929
f 2990 2838 2894
f 312 343 406
f 3516 3547 3571
f 1021 894 958
f 8304 8173 8353
f 3570 3654 3624
f 7893 7855 7965
f 8695 8694 8501
f 9026 8952 8724
f 9015 9292 9016
f 4323 4237 4269
f 9371 9554 9710
f 8549 8809 8669
f 7851 8035 7921
f 9667 9714 9464
f 2708 2928 2929
f 8958 9123 8879
f 8778 8578 8776
f 7196 7160 7252
f 2872 3077 2871
f 10623 10664 10361
f 2019 2083 2087
f 3654 3752 3706
f 8446 8447 8339
f 4865 4806 4623
f 6668 6767 6765
f 8383 8439 8337
f 6632 6728 6727
f 10105 9969 10106
f 2246 2164 1966
f 7001 6961 7002
f 4398 4611 4503
f 605 501 566
f 244 269 221
f 1271 1112 1113
f 4984 4865 4924
f 3130 3041 3090
f 6080 6131 6187
f 5103 5104 5218
f 1364 1131 1132
f 827 875 690
f 5304 5428 5305
f 5015 4831 5013
f 507 438 439
f 868 925 766
f 2350 2411 2592
f 7821 7796 7742
f 7474 7434 7407
f 8788 8952 9024
f 782 944 886
f 4166 4216 4134
f 5281 5107 5282
f 1760 1444 1314
f 3426 3298 3343
f 7976 7900 7868
f 8680 8378 8328
f 7424 7351 7319
f 4857 5036 5112
f 9792 10068 9869
f 4576 4470 4285
f 7136 7095 6887
f 8296 8340 8507
f 9744 9661 9662
f 6891 6934 6933
f 8533 8657 8656
f 4460 4367 4275
f 2724 2609 2611
f 10370 10145 10309
f 1833 1694 1762
f 2079 1938 2145
f 5877 5980 5876
f 1906 1689 2053
f 9369 9547 9275
f 10675 10654 10653
f 4743 4616 4673
f 6834 6835 6882
f 2711 2710 2767
f 9308 9494 9588
f 8154 8195 8110
f 9741 9740 9942
f 252 339 282
f 1671 1881 1742
f 6754 6660 6704
f 8999 9079 9357
f 2153 2088 1871
f 4927 5119 4871
f 3498 3206 3427
f 3470 3509 3400
f 6945 6944 6780
f 1895 1819 2257
f 446 420 488
f 317 292 237
f 7850 7789 7851
f 6205 6353 6257
f 3904 3840 3820
f 3714 3758 3658
f 1042 918 917
f 3302 3303 3390
f 2215 2216 2408
f 14 27 29
f 3319 3224 3320
f 3653 3681 3569
f 5514 5452 5389
f 4530 4579 4701
f 1654 1526 1525
f 3078 3206 2933
f 4979 4861 4921
f 6939 7114 7113
f 3491 3492 3458
f 40 22 13
f 5295 5122 5174
f 10057 9989 9928
f 6471 6472 6507
f 154 158 193
f 7908 7909 7840
f 7916 7888 7917
f 4035 4011 4144
f 2370 2163 1958
f 1822 1628 1823
f 4784 4783 4656
f 2044 1891 1814
f 6242 6332 6281
f 9065 8752 8982
f 9470 9722 9782
f 8941 9016 9292
f 2949 2950 3096
f 4692 4445 4555
f 4305 4345 4179
f 8234 8235 8332
f 10093 10010 9943
f 1262 1101 1263
f 9939 10138 10137
f 7604 7676 7675
f 5996 6211 6160
f 7720 7680 7780
f 5665 5666 5771
f 7937 7936 7972
f 10066 9936 9867
f 5853 5700 5854
f 2394 2578 2456
f 139 178 90
f 507 471 539
f 3144 3269 3141
f 4620 4566 4456
f 2456 2199 2394
f 5727 5520 5625
f 5365 5487 5428
f 4105 4174 4223
f 6000 6055 5999
f 7929 7894 7818
f 10354 10513 10550
f 4821 4823 4707
f 4448 4509 4400
f 1607 1483 1608
f 5899 5900 6001
f 1647 1576 1577
f 10680 10659 10642
f 3649 3674 3727
f 1869 1950 2020
f 630 530 631
f 10055 10054 9987
f 6178 6373 6405
f 10401 10331 10272
f 5840 5941 5888
f 2690 2916 2691
f 287 311 363
f 8933 8844 8769
f 4109 4147 4228
f 8148 8282 8227
f 4227 4349 4308
f 10276 10447 10406
f 9181 9375 9283
f 9935 9936 10130
f 4568 4750 4748
f 4232 4264 4188
f 3959 4049 3958
f 7993 7891 7920
f 522 494 424
f 6834 6833 6793
f 3788 3789 3839
f 1828 1691 1635
f 1618 1435 1550
f 572 474 573
f 7320 7318 7282
f 2861 3069 3013
f 3429 3300 3388
f 4370 4466 4369
f 776 693 651
f 1744 2027 1741
f 9531 9256 9441
f 3315 3189 3268
f 118 80 96
f 8283 8490 8376
f 5364 5246 5244
f 6114 5955 6115
f 30 73 72
f 3468 3467 3397
f 5951 5850 6006
f 2293 2420 2484
f 8861 9194 9102
f 6440 6369 6399
f 1438 1380 1152
f 1727 1791 1724
f 1973 2039 1905
f 9170 8928 9451
f 7054 7053 6801
f 8960 8653 8797
f 9030 9202 9214
f 10097 10027 9894
f 9591 9878 9748
f 5342 5469 5343
f 1204 1156 1092
f 2383 2508 2443
f 9908 10108 9834
f 3126 3125 3035
f 219 265 323
f 8274 8273 8145
f 3866 3865 3837
f 3072 3110 3073
f 7955 7984 7879
f 7392 7120 7327
f 7746 7871 7712
f 536 505 404
f 7039 6958 7000
f 1219 1333 1269
f 2964 2881 3107
f 8385 8499 8440
f 4010 3947 3926
f 4906 4729 4907
f 1279 1411 1412
f 3692 3637 3693
f 6306 6544 6473
f 6619 6582 6656
f 10443 10333 10334
f 8483 8810 8742
f 4567 4406 4463
f 8586 8405 8525
f 4288 4383 4220
f 276 394 358
f 6751 6718 6590
f 7567 7641 7679
f 2021 2156 2291
f 1581 1777 1651
f 7104 7103 7057
f 1887 1967 2034
f 3676 3747 3673
f 871 822 929
f 2615 2420 2781
f 5215 5101 5339
f 4280 4205 4160
f 1795 1540 1796
f 3313 3314 3432
f 4112 4103 4190
f 3569 3579 3510
f 10508 10502 10445
f 986 923 867
f 5980 6036 5979
f 5229 5406 5228
f 9001 8572 8928
f 9744 9804 9802
f 3763 3691 3742
f 165 204 141
f 8251 8346 8250
f 8096 7982 8062
f 10578 10647 10576
f 4140 4139 4032
f 1849 1779 1649
f 10512 10393 10493
f 636 672 713
f 3388 3389 3460
f 9385 9472 9471
f 9474 9386 9192
f 4363 4456 4322
f 5597 5598 5760
f 6297 6344 6088
f 10627 10628 10643
f 6155 6167 6132
f 7226 7283 7282
f 8305 8306 8356
f 7383 7316 7249
f 3212 3127 3129
f 858 1085 752
f 8588 8529 8528
f 70 100 69
f 4757 4706 4701
f 6135 6188 5972
f 5722 5880 5833
f 2933 2970 2820
f 1768 1643 1705
f 488 550 584
f 10650 10583 10584
f 2758 2526 2527
f 5369 5368 5249
f 655 579 514
f 8812 9238 8741
f 321 217 240
f 1642 1766 1703
f 5461 5460 5277
f 236 179 213
f 7935 8044 7968
f 7001 6660 6961
f 5365 5428 5246
f 10070 10143 10254
f 5587 5707 5472
f 6614 6556 6617
f 7407 7337 7408
f 4229 4080 4111
f 741 516 784
f 8123 8012 8169
f 9084 9167 8841
f 10083 9808 10084
f 5499 5726 5560
f 7079 7167 7076
f 5047 4988 4871
f 9156 8689 9157
f 5102 5219 5031
f 6977 6976 6719
f 7360 7328 7461
f 3040 3111 3182
f 2046 2186 2117
f 10320 10387 10386
f 7840 7909 7804
f 3406 3327 3408
f 4471 4697 4695
f 3132 2893 3047
f 10319 10257 10432
f 7981 7875 8024
f 5296 5420 5595
f 3619 3539 3598
f 3936 3882 3912
f 6150 5991 6151
f 1602 1872 1732
f 1068 1244 1067
f 6039 6116 6066
f 4263 4353 4314
f 7637 7772 7798
f 5399 5400 5578
f 5387 5332 5451
f 471 439 408
f 6793 6758 6587
f 1180 1286 1353
f 4488 4487 4385
f 2721 2720 2602
f 4893 5192 5010
f 1678 1553 1679
f 2519 2923 2809
f 3159 3102 2957
f 9196 9480 9729
f 5356 5355 5174
f 2003 2008 2005
f 8310 8135 8211
f 4410 4373 4245
f 6996 7207 7176
f 8475 8595 8593
f 4029 4026 3891
f 4910 4731 4958
f 8221 8180 8146
f 7264 7173 7125
f 10352 10183 10297
f 543 686 614
f 2852 2793 2629
f 8439 8569 8292
f 1765 1838 1701
f 236 212 179
f 1590 1476 1591
f 9041 8805 9042
f 4810 4686 4682
f 1051 1112 925
f 1323 1400 1452
f 4540 4593 4430
f 3909 3994 3995
f 6455 6417 6418
f 9842 9841 9777
f 4573 4357 4691
f 7138 7097 6887
f 8641 8460 8461
f 1641 1638 1763
f 520 624 519
f 750 1024 976
f 9742 9740 9585
f 8943 8639 8714
f 9723 9855 9722
f 7980 7831 7874
f 9295 9388 9104
f 8873 9026 9025
f 5640 5742 5809
f 715 757 807
f 759 678 760
f 2091 2294 2092
f 5427 5127 5303
f 8581 8513 8719
f 3917 3966 3916
f 10421 10188 10189
f 7742 7822 7821
f 1154 1084 969
f 1188 1067 1244
f 4778 5014 4895
f 1244 1190 1243
f 4474 4710 4700
f 3710 3656 3685
f 9124 8881 9033
f 6420 6530 6529
f 3242 3103 3102
f 2232 2295 2090
f 3928 3982 4013
f 9939 9872 10006
f 1479 1360 1533
f 9131 9036 8799
f 1129 1001 940
f 8266 8408 8308
f 703 667 788
f 9371 9553 9370
f 4110 4147 4184
f 8188 8232 8152
f 2857 2918 3067
f 8533 8656 8473
f 10139 10069 10194
f 6871 6744 6908
f 3451 3419 3332
f 4446 4504 4447
f 3684 3626 3571
f 6174 6096 6067
f 5027 5077 5200
f 5990 5783 5991
f 4426 4255 4385
f 8043 8004 7968
f 6069 6176 6014
f 5083 4952 4905
f 7763 7664 7699
f 1688 1500 1827
f 2728 2941 2612
f 927 870 1115
f 5606 5643 5465
f 5393 5523 5573
f 5519 5334 5520
f 9966 9965 10337
f 8084 8183 8201
f 10609 10533 10541
f 5168 5044 5290
f 4925 4813 4814
f 3071 3202 3070
f 8091 8260 8130
f 8337 8240 8383
f 6820 6747 6819
f 972 1092 1156
f 1232 1287 1059
f 4945 4774 4826
f 2354 2373 2432
f 7371 7240 7374
f 9617 9431 9686
f 3631 3662 3576
f 3183 3216 3165
f 3406 3408 3482
f 8618 8567 8570
f 5508 5684 5447
f 6527 6562 6561
f 3539 3597 3538
f 7161 7225 7114
f 1178 1348 1229
f 3264 3312 3259
f 1317 1393 1205
f 8208 8174 8305
f 4313 4442 4445
f 7336 7405 7369
f 3533 3469 3534
f 8771 8630 8772
f 9465 9286 9310
f 763 816 865
f 7084 7018 7180
f 4711 4933 4710
f 8259 8402 8354
f 5235 4984 5040
f 7758 7727 7645
f 8075 7993 7998
f 802 803 1032
f 9705 9632 9775
f 7730 7686 7762
f 7430 7398 7469
f 9251 9341 9250
f 6380 6418 6417
f 4900 5022 4834
f 9972 9666 9973
f 9840 9909 9747
f 3709 3702 3753
f 4040 4012 4078
f 8029 7914 8030
f 989 1058 1052
f 9614 9515 9516
f 4509 4317 4449
f 2905 2795 2739
f 5259 5076 5150
f 6273 6121 6232
f 4563 4452 4512
f 2545 2474 2414
f 10079 10148 9876
f 6221 6366 6220
f 10037 10227 10164
f 7103 7189 7143
f 6293 6192 6294
f 5493 5558 5315
f 9889 9673 9960
f 10603 10563 10522
f 5396 5635 5529
f 7348 7418 7221
f 9309 9117 9400
f 675 599 637
f 3728 3699 3748
f 1699 1764 1837
f 2524 2394 2335
f 10469 10585 10567
f 10674 10645 10681
f 793 792 707
f 8322 8425 8422
f 2378 2170 2240
f 8325 8427 8426
f 1620 1676 1809
f 2738 2626 2739
f 6506 6643 6606
f 5347 5231 5114
f 7764 7700 7737
f 6496 6456 6454
f 2517 2518 2643
f 582 581 515
f 3888 3933 3828
f 6887 7185 7211
f 7784 7690 7763
f 2770 2717 2873
f 2032 2170 2168
f 10105 10104 9968
f 4641 4481 4586
f 5287 5408 5229
f 1625 1820 1755
f 8338 8160 8246
f 6915 6806 6807
f 9091 9371 9370
f 7565 7564 7461
f 10671 10692 10670
f 5685 5673 5780
f 10340 10276 10227
f 8176 8055 8266
f 9913 10118 9981
f 6323 6322 6231
f 5998 5948 5997
f 7633 7590 7453
f 8316 8315 8178
f 8943 8714 8641
f 5948 5998 5947
f 6017 6234 6181
f 2554 2553 2363
f 5641 5463 5464
f 8757 8834 8832
f 2491 2559 2558
f 4607 4730 4790
f 329 493 387
f 3023 3076 3114
f 68 100 99
f 7390 7392 7462
f 2482 2485 2673
f 4635 4636 4759
f 5669 5775 5774
f 9960 10160 10221
f 4318 4238 4319
f 4350 4393 4497
f 10291 10176 10213
f 2959 2975 2922
f 8398 8302 8457
f 5952 6061 6112
f 4119 3934 4120
f 6631 6420 6531
f 8474 8659 8658
f 1446 1441 1394
f 9128 8885 8890
f 86 117 115
f 2114 1808 2172
f 6102 6046 6047
f 1592 1593 1723
f 2838 2990 2989
f 2879 3028 2974
f 3669 3585 3687
f 4293 4250 4135
f 4853 4852 4615
f 8249 8045 8162
f 4363 4405 4457
f 4525 4471 4472
f 8111 7972 8154
f 5702 5855 5812
f 3496 3587 3612
f 3653 3777 3681
f 5569 5687 5568
f 6904 6947 6815
f 3996 3877 3881
f 6493 6544 6508
f 10538 10574 10537
f 8689 9074 9157
f 7031 7069 7068
f 1806 1745 1616
f 9926 9855 9723
f 3142 3143 3227
f 3634 3635 3719
f 6259 6307 6258
f 9651 9584 9869
f 9610 9611 9823
f 10391 10324 10551
f 5703 5536 5586
f 3891 3872 3951
f 5377 5374 5561
f 8890 8600 8664
f 5287 5113 5164
f 4133 4372 4333
f 9346 9154 9155
f 4787 4837 4660
f 4240 4239 4120
f 4784 4899 4898
f 302 330 453
f 9185 8775 9186
f 5654 5656 5713
f 8301 8397 8259
f 3722 3698 3768
f 7983 7953 8095
f 7046 7089 7045
f 9517 9426 9427
f 3767 3736 3757
f 676 804 639
f 420 446 348
f 58 26 28
f 5197 4834 5071
f 7644 7540 7609
f 4842 4791 4731
f 8338 8246 8389
f 1072 1013 953
f 9583 9737 9580
f 7732 7788 7731
f 3114 3205 3342
f 2767 2931 3022
f 7856 7922 7923
f 10324 10491 10551
f 10681 10679 10641
f 4140 4176 4139
f 3681 3618 3569
f 1305 1384 1493
f 2865 2658 2866
f 1598 1420 1534
f 551 448 588
f 405 505 469
f 9149 9150 9527
f 5327 5202 5080
f 8930 9272 9271
f 5109 5163 5285
f 3585 3610 3454
f 414 320 378
f 1018 1016 783
f 5938 5935 5787
f 7278 7382 7381
f 4652 4778 4651
f 4863 5041 4954
f 10206 10207 10385
f 9339 9537 9160
f 8606 8671 8482
f 4370 4467 4466
f 2061 1915 1916
f 8054 8176 8210
f 6243 6134 6286
f 5817 5915 5755
f 7611 7605 7574
f 1976 2110 2113
f 2137 2337 2203
f 4354 4266 4189
f 2547 2666 2664
f 3139 2897 2839
f 3431 3502 3392
f 616 732 546
f 5572 5689 5571
f 6076 6139 6019
f 3807 3809 3805
f 6993 6869 6872
f 2554 2617 2553
f 433 500 604
f 7122 7072 7073
f 9859 9929 10122
f 7297 7403 7402
f 9633 9456 9771
f 9231 9421 9367
f 9552 9090 9370
f 9589 9590 10015
f 1178 1180 1349
f 4640 4535 4763
f 570 470 645
f 6630 6594 6420
f 7707 7743 7708
f 500 567 604
f 8528 8784 8588
f 9195 9194 8861
f 9890 10096 10026
f 3159 3245 3333
f 127 92 182
f 10072 10093 9943
f 5830 5775 5831
f 7388 7498 7501
f 2440 2441 2507
f 1459 1643 1570
f 8751 8807 8599
f 5878 5833 5880
f 428 358 394
f 10341 10345 10413
f 8232 8274 8179
f 8195 8085 8248
f 9761 9512 9610
f 5185 5311 5130
f 9962 10031 9823
f 4753 4699 4819
f 8992 9058 8979
f 5305 5134 5180
f 10507 10408 10504
f 71 60 101
f 10401 10272 10402
f 8894 8971 9048
f 2925 2867 3018
f 7487 7624 7414
f 2718 2878 2825
f 5629 5798 5690
f 5211 5392 5210
f 9110 9488 9487
f 5211 5210 5157
f 10654 10588 10622
f 9305 9306 9493
f 4294 4378 4293
f 3146 3145 2993
f 1679 1622 1751
f 7809 7762 7761
f 1394 1319 1447
f 3126 3087 3085
f 2371 2492 2559
f 8421 8481 8277
f 5384 5202 5327
f 3743 3693 3793
f 9569 9475 9290
f 4140 4102 4176
f 3324 3274 3275
f 2586 2585 2529
f 2207 2206 2011
f 8472 8312 8654
f 777 652 653
f 2073 2142 2010
f 4616 4402 4673
f 6784 6951 6819
f 9674 9673 9500
f 3436 3507 3398
f 3465 3566 3468
f 7004 7042 7041
f 6658 6753 6752
f 2601 2414 2595
f 7982 8060 7905
f 3287 3410 3446
f 3749 3796 3782
f 9376 9557 9097
f 6897 6772 6773
f 597 706 751
f 7633 7701 7632
f 2028 1947 1960
f 4814 4867 4926
f 3070 3202 3164
f 1436 1308 1309
f 9530 9254 9152
f 4652 4724 4778
f 5328 5497 5445
f 6349 6470 6389
f 5268 5205 5385
f 3339 3379 3455
f 224 195 160
f 9407 9035 9408
f 5188 5377 5376
f 5122 5183 5055
f 6026 5928 5976
f 10597 10628 10564
f 1148 1027 1256
f 708 707 630
f 790 852 747
f 9877 9876 9746
f 84 63 54
f 8042 8003 8080
f 3777 3882 3801
f 7415 7191 7488
f 3213 3392 3309
f 3962 4060 4091
f 5051 5303 4931
f 2336 2066 2135
f 589 663 624
f 8522 8356 8523
f 5986 5781 6040
f 7822 7897 7821
f 7950 8022 7948
f 6368 6203 6174
f 8867 8787 8950
f 8430 8492 8611
f 4235 4401 4267
f 931 869 727
f 8563 8688 8755
f 2880 2879 2773
f 6083 5971 5888
f 5065 5138 5320
f 1347 1229 1348
f 1315 1092 1317
f 10426 10671 10639
f 10295 10126 10183
f 1188 831 941
f 1016 1015 944
f 8725 8876 8588
f 1606 1482 1429
f 8713 8859 8858
f 1916 1841 2061
f 2978 2776 2979
f 6699 6613 6614
f 734 1133 733
f 4901 4836 4725
f 7607 7569 7510
f 9442 9344 9256
f 6909 6952 7081
f 3310 3316 3134
f 9763 9681 9613
f 6528 6672 6628
f 3778 3803 3854
f 4755 4873 4991
f 9421 9457 9367
f 2434 2305 2306
f 5839 5940 5838
f 200 138 164
f 5922 5888 5971
f 3854 3961 3912
f 10213 10085 10086
f 9290 9476 9569
f 8039 7965 8002
f 8245 8243 8199
f 9734 9729 10061
f 6516 6407 6408
f 5308 5610 5554
f 4636 4379 4533
f 10341 10405 10278
f 10574 10591 10608
f 10043 10235 10169
f 6996 7126 7207
f 8843 8767 8625
f 3217 3182 3164
f 2439 2313 2175
f 6168 6204 6040
f 1966 1885 1804
f 8144 8182 8097
f 7038 6953 6954
f 7485 7523 7522
f 2905 3001 2795
f 5623 5443 5441
f 327 385 300
f 1076 1195 1304
f 9872 10007 10006
f 4310 4185 4186
f 9817 9673 9889
f 482 379 415
f 180 147 181
f 4497 4603 4663
f 4932 4710 4933
f 10396 10569 10528
f 6397 6224 6437
f 8849 9007 8848
f 5718 5770 5825
f 4104 4221 4075
f 67 68 99
f 7400 7335 7366
f 177 255 197
f 4394 4602 4351
f 8028 8068 7960
f 3914 4002 3941
f 5318 5187 5373
f 9748 9807 9806
f 1320 1504 1395
f 8791 9027 8954
f 4398 4507 4611
f 1881 1801 1882
f 7425 7352 7353
f 283 201 284
f 1117 1276 1341
f 719 810 917
f 4802 5038 4918
f 9806 9947 10016
f 8993 9163 9162
f 4377 4283 4477
f 578 513 486
f 5529 5635 5695
f 6110 6001 6002
f 2390 2451 2576
f 8536 8735 8596
f 10040 10231 10166
f 2514 2449 2327
f 3271 3367 3227
f 994 1125 1180
f 10659 10626 10594
f 2394 2524 2578
f 2794 2795 2953
f 7875 7952 7874
f 7419 7476 7491
f 5244 5246 5124
f 3452 3554 3451
f 4069 4005 4028
f 2285 2196 2278
f 5017 5007 5069
f 7815 7702 7792
f 1218 1331 1267
f 1508 1322 1323
f 1059 1125 937
f 10279 10287 10166
f 2905 2906 3057
f 7927 7858 7967
f 5513 5329 5512
f 7614 7515 7541
f 10289 10290 10171
f 10331 10219 10272
f 9670 9753 9498
f 10688 10682 10687
f 3444 3328 3284
f 5616 5617 5721
f 5458 5639 5339
f 1608 1543 1738
f 8991 9078 9058
f 8900 8743 9057
f 276 357 275
f 10219 10331 9957
f 7231 7292 7291
f 3249 3295 3167
f 1693 1834 1832
f 8697 8838 8837
f 8079 8116 8199
f 9080 8839 8921
f 2121 1909 1834
f 7438 7517 7547
f 1712 1711 1516
f 3773 3678 3751
f 9573 9292 9102
f 4802 4918 4618
f 5257 5440 5379
f 1019 1193 1374
f 2289 2157 2022
f 488 382 517
f 2505 2328 2389
f 3169 3075 3113
f 3247 3162 3201
f 10089 10269 10397
f 3548 3374 3482
f 4814 4813 4689
f 8532 8362 8472
f 5703 5470 5536
f 2832 2674 2731
f 8198 8114 8160
f 7296 7432 7261
f 10527 10530 10498
f 869 931 1058
f 2155 2361 2156
f 7434 7516 7473
f 9579 9731 9390
f 1495 1379 1252
f 3428 3529 3427
f 7604 7675 7638
f 2896 2944 2673
f 8888 9046 8808
f 8043 8044 8069
f 9666 9547 9634
f 8734 8735 8593
f 2900 2841 3054
f 3694 3695 3744
f 150 187 218
f 3166 3111 3040
f 40 61 48
f 7448 7475 7436
f 9052 9140 9051
f 9074 9696 9626
f 153 173 245
f 4856 4677 4676
f 9500 9317 9316
f 1324 1213 1399
f 9031 8959 8880
f 9783 9644 9724
f 1673 1490 1546
f 4415 4581 4580
f 3360 3222 3317
f 5726 5505 5590
f 4504 4537 4645
f 1241 1242 1293
f 3811 3716 3785
f 863 912 1039
f 7741 7863 7896
f 10179 10242 10058
f 4409 4279 4369
f 4194 4068 4167
f 895 896 1074
f 6103 6154 6152
f 8438 8828 8690
f 558 635 629
f 3133 3186 3312
f 5286 5033 5109
f 4070 4028 4007
f 10023 9816 9959
f 391 392 454
f 9664 9805 10078
f 9964 9686 9626
f 6774 6773 6733
f 7966 7926 7857
f 5433 5611 5432
f 4125 4201 4200
f 2876 2601 2823
f 9737 9867 9735
f 1448 1561 1636
f 6584 6621 6496
f 2597 2560 2936
f 8848 8772 8630
f 422 392 389
f 3686 3717 3631
f 1961 1883 1878
f 3012 2962 3105
f 10468 10551 10250
f 10399 10218 10332
f 10131 10000 9793
f 10144 10145 10308
f 8565 8624 8564
f 10212 10214 10327
f 2821 2873 2717
f 842 741 950
f 5679 5503 5680
f 2242 2243 2375
f 8108 8032 8073
f 7928 7858 7894
f 917 1040 1098
f 10191 10006 10007
f 7269 7412 7444
f 4961 5100 4847
f 433 600 563
f 6798 6760 6799
f 4280 4160 4208
f 4542 4650 4774
f 10136 10135 10004
f 1961 1879 2160
f 4012 3927 3949
f 6278 6236 6182
f 5925 6191 6086
f 10379 10377 10316
f 654 619 779
f 1392 1826 1559
f 6230 6321 6320
f 6230 6229 6321
f 1648 1847 1775
f 6032 6249 6193
f 6796 6710 6711
f 1583 1409 1410
f 8527 8789 8526
f 4537 4424 4589
f 7046 7045 7006
f 9814 9957 9752
f 7881 7779 7842
f 522 422 387
f 6169 6222 6396
f 7709 7827 7710
f 5349 5231 5347
f 6188 6135 6244
f 6808 6893 6732
f 3507 3534 3435
f 8245 8200 8336
f 1196 1144 1083
f 5882 6039 5932
f 2385 2172 2437
f 1505 1693 1449
f 242 171 243
f 5262 5326 5200
f 4294 4251 4168
f 4950 4837 4787
f 1908 2051 2265
f 1561 1830 1829
f 3554 3609 3525
f 595 668 598
f 463 597 557
f 3945 3969 3889
f 6 23 13
f 5271 5209 5272
f 4010 4034 3947
f 1432 1492 1616
f 6608 6577 6646
f 5125 5049 4875
f 2269 2060 2132
f 9380 9563 9562
f 3690 3633 3632
f 5758 5597 5759
f 9082 9081 8844
f 834 882 737
f 6362 6359 6215
f 1904 1686 1905
f 1594 1725 1531
f 5863 5915 5818
f 5529 5740 5634
f 3099 3151 3098
f 9977 10203 9978
f 2942 2836 3045
f 2555 2620 2368
f 9362 9771 9456
f 2636 2506 2641
f 10017 10151 10149
f 5044 5351 5290
f 4620 4679 4566
f 204 166 141
f 67 99 96
f 7386 7224 7281
f 368 438 313
f 6640 6603 6539
f 7773 7800 7872
f 4164 4165 4065
f 9857 9858 9988
f 237 316 291
f 6099 6205 6257
f 6074 6235 6234
f 3410 3485 3446
f 8254 8120 8205
f 9695 9832 9532
f 6443 6513 6485
f 4645 4670 4504
f 7238 7263 7297
f 8623 8617 8506
f 1671 1489 1545
f 6114 6169 6008
f 382 349 323
f 1943 2082 1792
f 2469 2334 2522
f 6820 6818 6696
f 990 1054 1053
f 8307 8260 8212
f 1123 1229 1228
f 10188 10359 10131
f 2878 2935 2825
f 10098 10027 10097
f 7529 7385 7422
f 4126 4084 4017
f 10647 10578 10648
f 77 93 84
f 1806 1888 1745
f 6106 6211 5944
f 4396 4312 4499
f 1369 1296 1484
f 4984 5235 5171
f 1943 1661 1944
f 6240 6130 6283
f 4089 3997 3936
f 5380 5623 5441
f 1666 1363 1536
f 3038 3129 3127
f 2106 2039 1973
f 2010 2142 2071
f 5735 5630 5521
f 9742 9743 9799
f 7179 7267 7208
f 8364 8271 8215
f 5074 5148 5023
f 431 280 361
f 2815 2701 2700
f 7618 7435 7650
f 2695 2806 2751
f 824 935 823
f 5693 5803 5737
f 8365 8216 8217
f 2488 2349 2654
f 1401 1267 1331
f 6887 7242 7212
f 9374 9461 9280
f 8381 8561 8330
f 8675 8813 8608
f 4338 4265 4190
f 7518 7478 7269
f 8218 8096 8180
f 8582 8467 8359
f 279 226 280
f 3356 3357 3508
f 2660 2592 2411
f 2794 2633 2738
f 2594 2541 2714
f 1424 1602 1601
f 7328 7168 7427
f 6702 6787 6824
f 3104 3006 3008
f 10396 10267 10268
f 5318 5781 5321
f 7263 7404 7403
f 6274 6374 6402
f 6421 6457 6420
f 7561 7636 7705
f 906 1031 1087
f 6749 6826 6656
f 9794 10003 10133
f 6387 6429 6428
f 960 901 1077
f 8657 8733 8799
f 8742 9053 9052
f 9960 9755 10026
f 5338 5275 5142
f 5652 5477 5478
f 668 792 791
f 10186 10065 9868
f 8116 8039 8113
f 3366 3367 3471
f 1419 1593 1592
f 3675 3594 3611
f 7434 7473 7370
f 4728 4846 4555
f 6205 6256 6353
f 7262 7124 7257
f 636 561 464
f 1937 2019 2077
f 2782 2726 2670
f 10342 10450 10283
f 9597 9813 9596
f 7647 7687 7729
f 4400 4613 4558
f 8801 8885 8965
f 9757 9821 9756
f 6104 5888 5941
f 10519 10631 10556
f 3943 3859 3855
f 3732 3680 3651
f 3193 3146 2949
f 140 142 165
f 3392 3214 3355
f 5082 5081 4951
f 1870 1950 1731
f 6380 6417 6416
f 7721 7780 7682
f 1484 1296 1486
f 5289 5037 5232
f 7954 8062 7982
f 1147 968 1023
f 8419 8478 8418
f 2732 2832 2731
f 2377 2632 2566
f 9201 9023 9109
f 6031 6247 6246
f 9004 9083 9269
f 8788 8723 8724
f 5088 5331 5207
f 7684 7571 7725
f 5594 5652 5662
f 7602 7670 7639
f 6093 6037 6144
f 8187 8227 8228
f 2544 2355 2599
f 4647 4720 4539
f 1094 1095 1208
f 2911 3007 2956
f 4978 4803 4859
f 6801 6713 7011
f 2049 1981 2120
f 6756 6704 6705
f 5946 5893 5843
f 9713 9461 9570
f 5430 5608 5489
f 4498 4497 4393
f 1013 834 835
f 2217 2412 2351
f 4180 4259 4346
f 4718 4596 4776
f 737 697 835
f 4175 4302 4256
f 6869 6817 6693
f 7779 7778 7720
f 1070 1012 1135
f 7476 7451 7450
f 4168 4135 4027
f 4121 4053 4156
f 7873 7903 7947
f 795 899 854
f 8751 8905 8807
f 6156 6261 5995
f 1166 1155 1167
f 1443 1759 1985
f 10374 10375 10479
f 961 1027 748
f 2099 2563 2100
f 8155 8077 8196
f 5159 5275 5214
f 8639 8943 8942
f 10605 10527 10632
f 9726 9571 9572
f 7391 7326 7390
f 3945 3889 3834
f 9249 9064 9250
f 5171 5235 5292
f 3732 3705 3680
f 2113 1811 1977
f 1049 867 988
f 3443 3374 3548
f 9263 9537 9629
f 8592 8657 8533
f 2164 2238 2097
f 8318 8273 8416
f 6196 6462 6463
f 8885 8801 8732
f 10408 10412 10279
f 1386 1498 1385
f 8200 8244 8336
f 9391 9106 9196
f 7360 7289 7068
f 5432 5588 5348
f 10466 10359 10421
f 5989 5967 5916
f 4262 4307 4226
f 7852 7791 7853
f 763 645 723
f 1624 1310 1311
f 1207 1206 1035
f 2735 2366 2619
f 2836 2986 3045
f 7527 7528 7650
f 105 74 147
f 2656 2472 2535
f 8038 8156 8105
f 9837 9702 9544
f 1312 1382 1440
f 4518 4461 4407
f 7601 7564 7638
f 10622 10588 10301
f 3697 3609 3641
f 4914 4669 4794
f 8411 8474 8534
f 9760 9605 9820
f 7673 7535 7537
f 3399 3535 3508
f 8120 8254 8170
f 4616 4743 4615
f 9151 9343 9150
f 6773 6638 6733
f 5510 5447 5559
f 6964 6885 6719
f 1133 734 1187
f 6337 6336 6245
f 1682 1439 1440
f 1251 1151 1311
f 4989 4990 5121
f 7672 7601 7714
f 4696 4525 4472
f 5934 5936 6044
f 10654 10622 10655
f 524 456 553
f 9988 10056 10050
f 6812 6738 6902
f 591 526 459
f 5731 5798 5896
f 9991 10059 9992
f 10395 10216 10267
f 8221 8417 8364
f 6857 6900 6982
f 6945 7034 7168
f 9463 9284 9189
f 4623 4683 4518
f 949 784 658
f 841 840 739
f 9174 9177 9086
f 1881 2100 2239
f 9771 10044 9974
f 10322 10210 10211
f 1336 1647 1577
f 7939 7938 7866
f 3706 3682 3654
f 6659 6662 6658
f 10489 10490 10211
f 6228 6271 6270
f 6051 5790 6050
f 6073 6016 6126
f 4594 4647 4539
f 1409 1583 1468
f 2263 2392 2126
f 10540 10448 10451
f 4261 4390 4347
f 7550 7552 7578
f 1813 1891 1979
f 10281 10448 10408
f 5606 5365 5550
f 684 766 683
f 2550 2609 2670
f 4399 4233 4400
f 6739 6862 6738
f 8525 8723 8586
f 2472 2537 2410
f 2005 2138 2003
f 2648 2647 2581
f 9233 9512 9329
f 6787 6656 6826
f 8906 9066 8821
f 354 426 386
f 6551 6446 6484
f 3356 3508 3564
f 5941 5841 5942
f 7967 7928 8003
f 6063 6170 5851
f 7743 7771 7826
f 5616 5493 5494
f 1977 1675 1976
f 5974 5973 5823
f 8866 8581 8719
f 5378 5189 5141
f 5054 5128 4878
f 1677 1808 1812
f 7224 7454 7319
f 8995 9165 9266
f 7989 7988 7884
f 8409 8263 8360
f 5612 5611 5433
f 5640 5809 5639
f 4804 4683 4862
f 7783 7912 7915
f 4500 4397 4609
f 1242 1426 1480
f 2852 2629 2688
f 8634 8775 8455
f 9305 9113 9205
f 8796 9031 8880
f 10144 10075 10145
f 5576 5698 5575
f 10105 10106 10229
f 3156 3157 3286
f 4487 4488 4646
f 302 453 452
f 6421 6420 6381
f 4456 4680 4620
f 3755 3711 3754
f 3878 3798 3834
f 8224 8420 8371
f 9946 9978 10148
f 8348 8250 8393
f 4381 4380 4296
f 720 919 983
f 2417 2477 2286
f 10096 9890 10027
f 378 321 416
f 660 742 659
f 3239 3155 3156
f 86 79 87
f 9710 9844 9553
f 6390 6543 6470
f 7018 6955 7019
f 1346 1584 1653
f 4374 4285 4245
f 783 698 740
f 3771 3812 3825
f 6012 6120 6011
f 1086 1029 798
f 3844 3931 3952
f 7495 7593 7669
f 3401 3322 3323
f 7717 7679 7718
f 2320 2179 2321
f 10429 10315 10377
f 8994 8760 8698
f 3225 3222 3266
f 6062 6005 6100
f 2899 2992 2675
f 6461 6383 6292
f 5443 5072 5073
f 7588 7530 7587
f 3401 3510 3448
f 8897 8671 8898
f 3584 3453 3557
f 4604 4788 4603
f 5794 5566 5790
f 10349 10348 10239
f 2269 2196 2131
f 5076 4948 4953
f 2681 2680 2492
f 68 69 100
f 4111 4148 4186
f 1421 1535 1665
f 471 507 439
f 2827 2664 2772
f 4459 4568 4681
f 5565 5564 5512
f 517 585 550
f 5017 4896 4897
f 10618 10650 10651
f 9172 8932 9006
f 9152 8984 9255
f 10351 10463 10462
f 9962 9823 9762
f 1871 1732 1872
f 3829 3774 3879
f 5122 4879 4929
f 1532 1662 1595
f 5535 5701 5534
f 6078 6239 6185
f 7394 7359 7289
f 1592 1723 1660
f 248 223 273
f 1036 1035 910
f 5019 5018 4781
f 1445 1314 1391
f 1431 1547 1491
f 492 521 300
f 8869 8649 8870
f 9263 9077 9537
f 487 322 380
f 2132 1917 2062
f 1547 1745 1805
f 3524 3690 3523
f 5351 5293 5350
f 4799 4674 4744
f 7001 6960 6660
f 6905 6781 6867
f 4971 4800 4745
f 9086 9274 9085
f 6463 6535 6488
f 4158 4275 4124
f 8862 9103 9019
f 2490 2623 2678
f 9864 9732 9865
f 8613 8909 9153
f 6607 6687 6542
f 5095 4960 5158
f 5614 5776 5670
f 6097 5986 6204
f 9376 9181 9557
f 8155 8241 8239
f 1693 1637 1449
f 2598 2597 2219
f 2447 2182 2259
f 9315 8961 9217
f 2527 2459 2580
f 3967 4003 3972
f 651 617 694
f 1410 1409 1278
f 1572 1771 1645
f 9377 9187 9558
f 2945 2954 2850
f 1754 1895 2046
f 5532 5466 5283
f 7163 7067 7120
f 4324 4458 4405
f 8623 8926 8765
f 8799 9036 8657
f 5594 5662 5540
f 7684 7756 7683
f 2980 2882 2778
f 138 137 164
f 5968 5919 6022
f 9314 9403 9498
f 4901 5074 5023
f 2234 2233 1957
f 2825 2822 2599
f 4549 4391 4550
f 9788 9932 9995
f 9366 9175 9457
f 2879 2975 3010
f 5607 5603 5486
f 3417 3558 3450
f 8959 9213 8958
f 5348 5349 5432
f 8006 8085 8119
f 958 895 1073
f 4170 4169 4027
f 38 70 46
f 5527 5394 5528
f 5686 5564 5791
f 5131 5251 4997
f 10460 10125 10464
f 8255 8171 8092
f 4070 4007 4065
f 1485 1614 1486
f 4741 4560 4798
f 8295 8390 8080
f 3060 3197 3196
f 9639 9715 9564
f 1255 1558 1383
f 3528 3427 3529
f 5681 5682 5788
f 1916 1915 1766
f 2032 1965 1803
f 264 218 187
f 1059 938 1064
f 8414 8594 8365
f 10138 10253 10137
f 10523 10568 10601
f 2268 2084 2085
f 9006 8932 8709
f 9583 9780 9737
f 745 704 635
f 5438 5338 5323
f 8993 8926 9163
f 2474 2283 2414
f 2147 1939 2015
f 8861 8946 8715
f 7574 7572 7646
f 10664 10669 10677
f 2673 2897 2896
f 2693 2449 2755
f 4639 4584 4640
f 1634 1983 1757
f 5831 5776 5777
f 4971 5163 5109
f 7283 7320 7282
f 976 806 807
f 5383 5444 5509
f 9510 9417 9675
f 4118 4192 4117
f 403 499 401
f 9522 9521 9430
f 1225 1411 1280
f 9118 9012 8956
f 4450 4559 4449
f 9196 9104 9388
f 4780 4897 4896
f 7333 7430 7397
f 7995 7996 8070
f 680 569 761
f 8639 8580 8714
f 3694 3638 3522
f 8163 8162 8046
f 6099 5988 6147
f 9455 9631 9454
f 3840 3818 3819
f 2816 2763 2892
f 633 710 632
f 1301 1373 1138
f 9731 9736 9868
f 4805 4683 4806
f 6076 5968 6077
f 166 202 201
f 5737 5632 5693
f 7906 7803 7835
f 1856 1857 2013
f 8897 8740 8671
f 5741 5635 5847
f 2553 2616 2552
f 4236 4120 4154
f 9028 8956 8795
f 174 194 157
f 9465 9464 9190
f 7823 8007 7897
f 4583 4532 4634
f 3953 3846 3932
f 10681 10641 10626
f 9635 9276 9549
f 5856 5911 5747
f 9440 9255 9344
f 8263 8267 8132
f 3223 3093 2897
f 2418 2229 2021
f 543 689 686
f 9861 10058 9929
f 9367 9176 9357
f 8687 9070 8825
f 288 206 234
f 4688 4812 4749
f 5251 5371 5315
f 4131 4210 4209
f 4508 4614 4399
f 9532 9345 9346
f 9446 9430 9521
f 6097 5988 5985
f 1715 1716 1580
f 405 436 366
f 5550 5365 5429
f 2301 2224 2165
f 5396 5395 5337
f 173 246 245
f 1118 930 929
f 10700 10701 10702
f 8573 8707 8628
f 10476 10371 10310
f 8923 8623 8701
f 5087 5207 5206
f 5095 5211 5096
f 3754 3756 3808
f 8348 8394 8347
f 6334 6286 6365
f 5842 5626 5728
f 1626 1625 1755
f 2299 2430 2162
f 564 644 565
f 1684 1757 1901
f 8639 8350 8580
f 10682 10619 10662
f 4084 3988 4017
f 3415 3520 3408
f 7991 8068 8026
f 5701 5811 5582
f 8768 8846 8998
f 338 251 305
f 3496 3497 3344
f 336 277 278
f 8896 9234 9048
f 7191 7192 7490
f 6770 6729 6730
f 1330 1109 1267
f 10318 10366 10195
f 9262 8830 9263
f 10533 10444 10540
f 3724 3669 3746
f 7739 7667 7589
f 3449 3522 3521
f 5964 6183 6129
f 4601 4657 4835
f 2919 2858 2859
f 203 165 142
f 564 467 499
f 6304 6306 6473
f 4825 4913 4768
f 1424 1601 1292
f 10186 10248 10246
f 9699 9540 9700
f 9659 9490 9303
f 5226 5162 5341
f 8969 8666 8739
f 9219 9124 9033
f 2129 2128 2054
f 1590 1785 1659
f 5914 5815 5816
f 5115 4980 4979
f 4524 4575 4412
f 6765 6803 6848
f 4132 4210 4131
f 5253 5374 5063
f 3741 3740 3690
f 2287 2359 2606
f 3662 3551 3576
f 1962 2101 2030
f 3430 3354 3309
f 1900 1824 2050
f 1993 1839 1700
f 1897 1821 1980
f 4034 3978 3947
f 3144 3052 2992
f 4514 4320 4361
f 5668 5613 5773
f 8355 8520 8403
f 6058 6057 5898
f 10053 9987 10054
f 8637 8852 8711
f 824 614 686
f 7196 7252 7283
f 9601 9756 9502
f 6632 6676 6728
f 9889 10025 9888
f 7869 7744 7829
f 159 194 174
f 1520 1521 1718
f 3968 3959 3933
f 5108 4851 4917
f 9041 8888 8805
f 1081 1254 1080
f 2390 2450 2190
f 9051 8742 9052
f 9568 9861 9784
f 10589 10554 10302
f 6113 5954 5903
f 960 898 794
f 10111 10232 10042
f 1659 1589 1354
f 7829 7942 7869
f 1362 1240 1185
f 8207 8173 8304
f 216 128 217
f 9674 9501 9673
f 10289 10171 10115
f 9049 9139 8972
f 7789 7732 7812
f 1893 1815 1816
f 6697 6750 6749
f 5466 5579 5465
f 1254 1394 1441
f 1572 1515 1332
f 9411 9418 9505
f 3206 3344 3117
f 885 738 837
f 4312 4395 4499
f 912 863 718
f 5391 5273 5210
f 695 778 880
f 3856 3805 3915
f 4329 4278 4464
f 9835 9771 9453
f 10097 9893 10028
f 6634 6627 6671
f 5847 5836 5933
f 3910 3955 3907
f 4846 5153 5094
f 9000 9079 8842
f 8656 8655 8473
f 9499 9315 9434
f 4388 4539 4492
f 3161 3067 3158
f 2416 2478 2286
f 3738 3716 3660
f 8344 8628 8392
f 4580 4414 4415
f 7760 7878 7888
f 9353 9628 9696
f 588 490 662
f 7103 7190 7214
f 3342 3492 3491
f 6908 6866 6946
f 1458 1513 1329
f 7259 7332 7258
f 1909 2121 2129
f 776 878 775
f 2888 2614 2615
f 1298 1430 1371
f 4918 5038 5037
f 9307 9587 9398
f 2013 2212 1934
f 10305 10192 10193
f 8259 8127 8171
f 2444 2445 2383
f 4376 4375 4475
f 3050 3049 2991
f 750 852 1024
f 9600 9434 9435
f 10168 10045 10043
f 9240 9053 9332
f 3893 3977 3923
f 9183 8852 8858
f 5891 5842 5794
f 339 253 283
f 3691 3636 3692
f 2989 3047 2943
f 7513 7544 7610
f 6129 6123 5960
f 683 925 924
f 3215 3394 3355
f 3622 3620 3651
f 1021 1073 1141
f 3054 2841 2948
f 6666 6711 6710
f 6071 5963 5961
f 8434 8684 8493
f 8859 9097 8858
f 6787 6702 6656
f 3721 3694 3744
f 9552 9708 9707
f 9288 9466 9717
f 138 71 137
f 9689 9623 9528
f 4899 5073 5072
f 5004 4943 4892
f 5114 5037 5038
f 10373 10477 10312
f 5961 6277 6124
f 7251 7422 7385
f 6958 6959 7000
f 4257 4258 4389
f 5172 5045 5238
f 10342 10453 10450
f 6786 6953 6873
f 81 70 38
f 6668 6765 6766
f 2621 2788 2555
f 3242 3244 3290
f 8206 8351 8350
f 235 212 290
f 8123 8169 8251
f 4356 4355 4398
f 2612 2836 2783
f 1068 881 1010
f 8070 8188 8152
f 7721 7682 7681
f 4022 4128 4057
f 5226 5284 5225
f 403 341 363
f 314 342 406
f 981 912 918
f 9480 9575 9729
f 4255 4223 4301
f 9065 8981 8752
f 7406 7330 7331
f 3438 3267 3319
f 1622 1436 1437
f 928 767 768
f 4055 4049 3968
f 7540 7645 7609
f 6658 6621 6659
f 344 473 474
f 7643 7781 7755
f 1486 1609 1484
f 10450 10453 10541
f 10500 10332 10400
f 1098 1211 1105
f 7587 7666 7702
f 6644 6779 6689
f 4100 3951 3985
f 5438 5506 5338
f 9493 9662 9661
f 5362 5484 5178
f 1244 1243 1188
f 9095 9010 9187
f 537 435 503
f 6609 6648 6692
f 7484 7551 7576
f 2975 2862 2922
f 9795 9794 9652
f 7547 7517 7619
f 2636 2641 2747
f 2430 2429 2236
f 2037 2249 2175
f 8904 9062 8818
f 6440 6368 6369
f 9720 9719 9466
f 5232 5473 5410
f 10584 10300 10423
f 9742 9944 9943
f 4986 4987 5173
f 121 123 142
f 6894 7019 7017
f 654 513 619
f 2112 1812 2114
f 96 80 45
f 4918 4854 4618
f 3140 3051 3141
f 3739 3719 3762
f 8615 8438 8495
f 7830 7746 7671
f 1396 1506 1563
f 5450 5569 5568
f 6779 6740 6863
f 3310 3465 3397
f 5851 5696 5809
f 2667 2666 2475
f 600 676 639
f 4869 4738 4739
f 8973 8743 8901
f 2717 2716 2874
f 508 650 729
f 2403 2586 2529
f 214 167 180
f 6647 6742 6691
f 4716 4646 4489
f 5320 5504 5503
f 3852 3775 3829
f 2914 2742 2801
f 3618 3772 3729
f 2095 2237 2369
f 9792 9793 10000
f 10492 10469 10567
f 4268 4192 4118
f 1030 1031 906
f 1830 1562 1831
f 6538 6537 6386
f 4689 4813 4626
f 8424 8550 8375
f 2736 2900 2899
f 1929 1851 1718
f 1744 1490 1804
f 3339 3202 3340
f 6423 6409 6296
f 9503 9759 9758
f 5033 5162 4970
f 2906 2796 2907
f 5575 5743 5697
f 2106 1973 2107
f 6313 6169 6396
f 4411 4209 4282
f 5691 5631 5734
f 4629 4577 4753
f 3042 3092 3216
f 3440 3404 3475
f 8151 8291 8286
f 8635 8847 8710
f 8909 8563 8755
f 2306 2503 2502
f 666 628 702
f 5919 5866 6020
f 10147 10316 9801
f 3320 3139 3316
f 8923 8997 8926
f 3550 3519 3484
f 7960 8068 7991
f 4601 4439 4494
f 2001 1712 1846
f 3243 3244 3102
f 5507 5199 5072
f 7817 7795 7634
f 7571 7683 7570
f 4225 4144 4177
f 7865 8008 7868
f 9238 9424 9237
f 1453 1511 1569
f 10510 10546 10579
f 7673 7775 7711
f 6571 6505 6468
f 10340 10227 10407
f 9609 9895 9679
f 9287 9557 9283
f 4547 4653 4548
f 9242 9055 9142
f 8429 8284 8430
f 3376 3244 3243
f 12 25 24
f 660 659 550
f 311 289 366
f 4787 4951 5026
f 7954 8097 8062
f 3971 4006 4028
f 5227 5342 5343
f 4501 4728 4555
f 5365 5364 5429
f 9225 8967 8968
f 1422 1239 1128
f 10116 10239 10172
f 3868 3838 3895
f 9550 9551 9706
f 6502 6425 6426
f 9659 9658 9490
f 1790 1947 1863
f 9020 9198 8948
f 7068 7289 7256
f 4439 4550 4391
f 757 900 807
f 257 281 286
f 8475 8474 8411
f 5654 5544 5656
f 9139 9235 9234
f 10277 10273 10162
f 8231 8103 8104
f 3562 3529 3530
f 10109 10280 10279
f 10332 10532 10441
f 2285 2087 2083
f 3115 3116 3250
f 7345 7377 7059
f 5831 5982 5981
f 3381 3382 3457
f 1991 1765 2060
f 556 593 592
f 8347 8343 8167
f 1622 1437 1623
f 2260 2190 2516
f 4659 4658 4552
f 3738 3788 3785
f 605 568 501
f 9334 9145 8974
f 7768 7792 7702
f 10595 10625 10565
f 6561 6791 6828
f 10201 10255 10076
f 1708 1709 1843
f 3023 3113 3021
f 4551 4656 4550
f 7607 7681 7569
f 6944 6942 6865
f 6214 6162 6058
f 2079 2078 1938
f 607 724 645
f 909 1035 1034
f 10474 10590 10194
f 2453 2191 2264
f 9898 9685 9616
f 10342 10284 10453
f 4678 4566 4746
f 3516 3571 3545
f 757 715 602
f 2939 2829 2938
f 3530 3529 3431
f 3312 3358 3259
f 9063 8751 8981
f 1835 1697 1902
f 7793 7768 7666
f 5044 5045 5351
f 4310 4311 4351
f 5779 5932 5724
f 5386 5088 5269
f 10202 10013 9803
f 1909 2129 1831
f 9670 9598 9754
f 9613 9513 9424
f 7196 7026 7160
f 2758 2527 2813
f 531 530 429
f 7290 7466 7465
f 3328 3375 3283
f 2422 2092 2294
f 1976 2113 1977
f 2048 1823 2119
f 8633 8577 8710
f 3795 3618 3730
f 250 281 227
f 9658 9659 9741
f 896 895 711
f 3558 3583 3640
f 3563 3616 3591
f 2313 2314 2315
f 9303 9302 9203
f 5234 5115 5039
f 3604 3518 3605
f 140 165 102
f 6219 6132 6167
f 2683 2904 2847
f 9916 9716 9917
f 2188 2189 2327
f 1748 1618 1550
f 8084 7930 8098
f 8126 8017 8173
f 458 334 357
f 3884 3804 3831
f 6328 6487 6517
f 3773 3703 3678
f 2888 2781 2982
f 4380 4480 4421
f 10177 10130 10121
f 6249 6140 6250
f 3106 3013 3030
f 3361 3266 3222
f 9292 9015 9387
f 613 542 614
f 5487 5365 5605
f 8066 8067 8185
f 5254 5139 5321
f 1834 1693 1505
f 583 446 584
f 2454 2811 2810
f 2584 2649 2583
f 879 694 733
f 8095 7953 7906
f 8691 8987 8986
f 5993 6156 6048
f 10002 10131 9793
f 2346 2465 2584
f 5385 5205 5329
f 8489 8324 8426
f 274 273 223
f 1135 1297 1127
f 10570 10603 10529
f 5259 5325 5198
f 9697 9520 9685
f 6419 6341 6381
f 747 594 705
f 1031 1202 1087
f 2211 1934 2212
f 2438 2636 2571
f 3069 3107 3013
f 2629 2500 2688
f 255 251 197
f 2358 2475 2225
f 10069 10195 10194
f 8606 8481 8741
f 8355 8521 8520
f 9866 9934 10063
f 3894 3865 3866
f 4627 4468 4331
f 1597 1727 1663
f 7611 7759 7716
f 2857 3066 2958
f 2160 2244 1961
f 8607 8423 8483
f 2604 2602 2720
f 5328 5445 5263
f 9276 9088 9277
f 4653 4833 4655
f 7508 7567 7466
f 4860 4747 4748
f 10163 10101 10035
f 7660 7659 7581
f 4681 4748 4747
f 7487 7415 7555
f 10584 10189 10300
f 3201 3012 3208
f 10402 10501 10442
f 9324 9043 9340
f 8877 8727 8728
f 9484 9581 9389
f 7886 7959 7990
f 3917 3855 3856
f 9713 9570 9637
f 555 701 744
f 5669 5368 5557
f 5190 5505 5378
f 10284 10285 10452
f 2289 2230 2419
f 4958 4843 5092
f 927 1115 1054
f 1585 1655 1720
f 1651 1780 1719
f 5053 5246 5428
f 2356 2195 2268
f 10233 10111 10113
f 8526 8724 8651
f 8461 8460 8257
f 8956 8794 8795
f 1756 1824 1898
f 8709 8932 8626
f 9950 10261 9949
f 8728 8878 8957
f 7339 7475 7440
f 2631 2566 2743
f 6440 6399 6510
f 8704 8571 8705
f 6254 6145 6094
f 1508 1323 1452
f 6023 5969 6130
f 7326 7392 7390
f 2241 2240 2098
f 4668 4736 4735
f 3717 3718 3761
f 2746 2690 2636
f 9527 9766 9618
f 5694 5803 5693
f 9865 9732 9733
f 5933 6041 6100
f 3805 3920 3915
f 1379 1495 1555
f 6170 6223 6115
f 6726 6725 6531
f 2491 2430 2299
f 2683 2849 2904
f 2809 2577 2519
f 5926 6027 6087
f 10561 10562 10440
f 7948 7977 7833
f 2921 2963 2962
f 8477 8540 8661
f 4695 4633 4477
f 416 486 513
f 9671 9754 9598
f 631 596 634
f 3292 3109 3203
f 1983 1828 2128
f 9433 9246 9449
f 4029 3951 4100
f 6214 6312 6213
f 5574 5635 5396
f 8847 9094 9093
f 3206 2970 2933
f 10237 10509 10576
f 990 927 1054
f 9632 9705 9546
f 3058 3059 3156
f 2538 2539 2280
f 8708 8629 8710
f 192 153 245
f 4692 4873 4755
f 3816 3787 3763
f 3449 3416 3488
f 253 252 176
f 10594 10627 10642
f 9686 9447 9351
f 6097 6148 5988
f 3215 3214 3089
f 6451 6410 6519
f 3790 3900 3899
f 4489 4387 4427
f 10638 10676 10653
f 9670 9816 9753
f 95 56 114
f 8219 8223 8182
f 2385 2446 2255
f 3687 3585 3688
f 5739 5740 5846
f 10653 10655 10621
f 8376 8490 8555
f 5092 5156 4958
f 9507 9603 9413
f 4924 4861 4980
f 5809 5742 5905
f 881 1011 1010
f 5130 5184 5057
f 511 484 547
f 4294 4168 4295
f 6736 6898 6809
f 1209 1395 1260
f 10575 10542 10559
f 5141 5189 5066
f 8116 8157 8200
f 7899 7866 7824
f 6320 6321 6441
f 4323 4515 4359
f 9794 10133 9937
f 4386 4338 4339
f 8046 8045 7971
f 6899 6898 6982
f 4584 4639 4479
f 6535 6557 6488
f 10211 10320 10433
f 8168 8123 8250
f 1992 1994 1914
f 2505 2689 2436
f 540 647 646
f 1657 1856 1656
f 9522 9523 9521
f 6373 6178 6177
f 2152 2286 2227
f 9650 9483 9391
f 4614 4357 4399
f 9022 9299 9200
f 7153 7248 7220
f 9027 8792 9208
f 9429 9430 9446
f 2763 2816 2655
f 5023 5148 5022
f 10528 10527 10437
f 6747 6784 6819
f 7113 7112 7025
f 10412 10506 10411
f 9309 9591 9748
f 109 93 77
f 3585 3519 3630
f 3296 3249 3168
f 7750 7834 7776
f 893 956 953
f 4518 4520 4461
f 3596 3537 3566
f 5401 5340 5533
f 4308 4349 4440
f 2309 2493 2372
f 4658 4494 4495
f 2534 2816 2733
f 1880 1611 1612
f 9809 9667 9594
f 10224 10103 10225
f 2639 2510 2640
f 6242 6187 6131
f 1289 1359 1237
f 3148 3278 3147
f 781 836 697
f 2807 2862 2976
f 5338 5214 5275
f 3411 3523 3416
f 5500 5506 5438
f 2356 2268 2085
f 8966 8967 9134
f 841 888 840
f 1217 1169 1170
f 7548 7421 7527
f 1242 1537 1425
f 136 198 177
f 4354 4189 4265
f 10506 10504 10572
f 1050 925 1112
f 1704 1842 1570
f 4916 5103 4965
f 9624 9440 9442
f 8788 9024 9113
f 8258 8257 8207
f 4228 4227 4183
f 307 285 256
f 10128 10183 10126
f 3958 4049 4055
f 10136 10623 10361
f 4811 4750 4687
f 2171 2035 2247
f 4966 5031 5219
f 8961 8730 8731
f 2745 2635 2689
f 9030 9404 9213
f 10058 10122 9929
f 8401 8353 8463
f 2639 2640 2750
f 8155 8196 8241
f 2940 3039 2885
f 7543 7472 7515
f 7226 7225 7161
f 1740 1876 1739
f 4032 4139 4103
f 970 1089 1155
f 3403 3370 3441
f 3537 3536 3467
f 3325 3326 3405
f 10609 10610 10539
f 27 56 55
f 6775 6774 6734
f 10081 9950 10082
f 4876 4705 4757
f 6107 6214 6213
f 10487 10526 10525
f 4797 4740 4613
f 9661 9801 10012
f 4925 4866 4813
f 2252 2384 2444
f 1996 2198 2065
f 6548 6573 6479
f 5195 5011 5067
f 1167 1044 1166
f 6969 6968 6925
f 8951 9301 9111
f 4942 4943 5004
f 9689 9622 9690
f 9513 9613 9681
f 435 606 603
f 5730 5797 5570
f 2994 2901 2949
f 8793 8725 8588
f 581 657 580
f 9987 9924 9981
f 10496 10328 10497
f 10696 10656 10590
f 2228 2088 2288
f 9029 9496 9595
f 747 705 746
f 10364 10259 10304
f 10338 10336 10163
f 8119 8154 7972
f 2298 2299 2163
f 6202 6203 6350
f 7464 7640 7542
f 479 544 478
f 1643 1918 1917
f 8107 8071 8190
f 8543 8480 8665
f 7740 7636 7669
f 3385 3426 3495
f 4441 4352 4462
f 2936 2824 2597
f 10361 10664 10661
f 5284 5283 5108
f 6098 6257 6255
f 2866 2926 2966
f 8564 8688 8437
f 4020 4122 4154
f 6239 6282 6343
f 2109 1975 2253
f 5081 5149 5080
f 6929 6928 6801
f 9020 9108 9297
f 6903 7070 6943
f 10455 10505 10413
f 1243 1295 1367
f 4510 4671 4560
f 9230 9231 9420
f 9130 9322 9038
f 5661 5552 5718
f 8645 8581 8783
f 316 315 236
f 2462 2344 2463
f 2002 2202 2000
f 3400 3320 3470
f 6427 6465 6345
f 2261 1984 2262
f 3276 3404 3229
f 10201 10146 10310
f 7150 7219 7108
f 6643 6542 6738
f 7632 7701 7589
f 8897 8898 9049
f 10162 10100 10223
f 10131 10465 10358
f 10037 10164 10036
f 9534 9607 9608
f 6707 6626 6682
f 8842 8622 8703
f 2785 2618 2366
f 5295 5174 5355
f 3535 3592 3568
f 8109 8194 8153
f 2423 2424 2486
f 3377 3489 3453
f 7881 7910 7841
f 2082 2353 1946
f 3364 3422 3293
f 4524 4298 4423
f 3863 3892 3921
f 8106 8189 8188
f 5677 5782 5676
f 10192 10305 10364
f 4128 4021 4124
f 2942 2940 2836
f 10057 9859 10122
f 4342 4304 4428
f 3272 3368 3271
f 5086 4906 4907
f 1329 1328 1458
f 4222 4254 4299
f 1628 1822 1682
f 935 1124 993
f 3346 3347 3348
f 1117 1278 1343
f 3080 2977 3082
f 7720 7805 7779
f 3078 2933 2873
f 3493 3458 3492
f 3044 3220 3184
f 7935 7862 7864
f 643 718 717
f 9400 9591 9309
f 10261 10155 10260
f 5844 5894 5796
f 10153 9950 10081
f 1520 1519 1340
f 7109 7021 7152
f 4490 4538 4428
f 6984 6812 6902
f 7193 7218 7192
f 344 263 371
f 9933 9931 9731
f 4335 4415 4414
f 5411 5647 5471
f 9810 9811 9954
f 408 439 369
f 8604 8276 8605
f 3061 3197 3060
f 9191 9384 9099
f 937 936 773
f 8671 8670 8482
f 1796 1797 1953
f 2612 2783 2671
f 3529 3562 3589
f 313 290 368
f 8708 8847 8936
f 1053 1274 1116
f 7746 7830 7944
f 4873 4912 4991
f 3348 3347 3306
f 6177 6326 6373
f 9626 9686 9351
f 4062 4061 3963
f 4215 4134 4216
f 10505 10544 10534
f 6950 6995 7079
f 1511 1641 1763
f 2887 2724 2831
f 33 29 57
f 9182 9008 9093
f 7644 7609 7685
f 7171 7172 7239
f 2919 2911 2956
f 521 491 299
f 1501 1441 1446
f 6329 6235 6330
f 3320 3466 3536
f 1484 1877 1740
f 8764 8765 8993
f 2960 2955 2912
f 8557 8431 8749
f 3551 3445 3446
f 299 491 351
f 4412 4469 4411
f 7613 7515 7649
f 610 728 611
f 10207 10259 10364
f 3353 3354 3352
f 2483 2291 2421
f 8207 8126 8173
f 4580 4702 4579
f 1402 1645 1644
f 516 445 658
f 5031 4966 4849
f 7077 7237 7168
f 677 759 811
f 5489 5768 5770
f 6220 6366 6334
f 3868 3895 3979
f 7191 7345 7106
f 8706 9086 8846
f 7983 8145 8061
f 711 788 667
f 628 496 592
f 4806 4865 4923
f 10305 10519 10473
f 324 384 265
f 10562 10563 10440
f 140 102 91
f 6339 6087 6290
f 10188 10421 10359
f 7076 7075 6992
f 915 920 1041
f 8079 7965 8039
f 5940 6255 6154
f 4758 4695 4818
f 2853 2800 2913
f 10292 10296 10243
f 2655 2534 2536
f 2017 1789 1863
f 8621 8665 8840
f 365 404 405
f 9296 9390 9197
f 7217 7192 7218
f 2482 2673 2730
f 2289 2420 2293
f 1208 1095 1260
f 8485 8549 8669
f 5386 5331 5088
f 7545 7474 7546
f 9896 10230 9895
f 736 737 882
f 6054 6058 6162
f 8611 8492 8674
f 4093 4002 4092
f 1084 1022 850
f 1161 981 1214
f 6666 6710 6681
f 9448 9353 9158
f 2634 2635 2681
f 5047 4871 5119
f 3649 3568 3592
f 3487 3486 3414
f 4450 4449 4358
f 7384 7317 7251
f 5583 5469 5405
f 3285 3286 3287
f 7589 7701 7739
f 7646 7729 7759
f 6304 6391 6355
f 7303 7269 7340
f 1293 1242 1425
f 6557 6462 6683
f 7541 7433 7542
f 8692 8497 8759
f 3848 3796 3797
f 6583 6491 6558
f 9262 9263 9354
f 204 202 166
f 861 862 911
f 8694 8695 8760
f 5685 5780 5509
f 9188 9379 9187
f 9298 9581 9484
f 4663 4658 4497
f 4111 4044 4148
f 2318 2108 2319
f 3446 3576 3551
f 6059 6165 6003
f 516 658 784
f 340 258 306
f 10265 10491 10324
f 2363 2232 2158
f 2050 1983 2128
f 8390 8479 8543
f 5617 5722 5721
f 3326 3479 3405
f 5265 5510 5446
f 10673 10526 10631
f 1351 1345 1230
f 6098 5940 5987
f 1405 1272 1406
f 7607 7510 7539
f 8958 8729 8959
f 8029 7992 7914
f 4058 3999 3962
f 5476 5593 5353
f 9088 8772 9178
f 1851 1929 2007
f 578 737 736
f 9666 9774 9631
f 657 738 656
f 1050 924 925
f 2423 2364 2424
f 1450 1398 1565
f 2434 2500 2376
f 6955 6998 7017
f 6945 6870 7034
f 9701 9543 9702
f 302 222 330
f 9627 9448 9158
f 6218 6217 6165
f 8441 8566 8497
f 1031 1088 1202
f 7563 7393 7502
f 9182 9185 9186
f 4662 4606 4727
f 19 26 32
f 5167 5037 5289
f 5858 5859 5960
f 4235 4192 4268
f 7929 7930 7894
f 9967 9831 9768
f 6548 6479 6512
f 7633 7453 7591
f 10095 9754 10024
f 7587 7702 7665
f 7436 7371 7417
f 5618 5372 5495
f 10570 10397 10440
f 3129 3353 3257
f 4746 4977 4920
f 9113 9204 8788
f 1464 1774 1648
f 1433 1303 1250
f 2407 2705 2704
f 1014 835 942
f 7322 7253 7355
f 2071 1931 1855
f 2187 2259 2118
f 10251 10355 10423
f 8 12 7
f 2851 2740 2908
f 8381 8330 8380
f 6666 6712 6711
f 8363 8137 8269
f 2167 2031 2245
f 8305 8174 8209
f 7674 7774 7673
f 2700 2701 2702
f 9051 8607 8742
f 594 633 531
f 1720 1931 1854
f 6169 6313 6265
f 2180 2384 2253
f 3666 3640 3583
f 5133 5252 4999
f 7383 7492 7316
f 9102 9387 9101
f 7890 7962 7848
f 4863 4840 4727
f 6394 6264 6164
f 2678 2623 2558
f 7721 7807 7780
f 1257 1389 671
f 1805 1615 1547
f 10540 10504 10448
f 1022 1154 1145
f 6161 6263 6212
f 2402 2347 2209
f 5835 5755 5915
f 2361 2481 2421
f 2258 2186 2184
f 9744 9663 9804
f 6163 6109 6216
f 9803 9663 9664
f 4374 4373 4473
f 5599 5544 5422
f 2455 2521 2393
f 3791 3743 3792
f 2654 2734 2617
f 8725 8955 8876
f 3413 3412 3288
f 5732 5628 5689
f 6297 6088 6196
f 3740 3741 3813
f 6040 5954 6168
f 7038 7179 7178
f 9779 9288 9913
f 6023 6081 5868
f 6269 6119 6317
f 10303 10302 10134
f 5948 5798 5799
f 5515 5514 5270
f 9103 9195 9019
f 7730 7687 7612
f 5789 5886 5885
f 6917 6916 6660
f 6358 6353 6354
f 4935 4859 4712
f 8862 8947 9103
f 6168 5954 6113
f 3891 3767 3842
f 7760 7754 7878
f 461 396 462
f 2021 1733 1952
f 840 888 947
f 8176 8054 8055
f 2533 2467 2407
f 1255 1253 1080
f 9218 9219 8963
f 4059 4063 4160
f 6440 6510 6390
f 7200 7199 7066
f 10426 10639 10519
f 8137 8057 8139
f 6566 6420 6567
f 9451 9359 9170
f 1743 1801 1672
f 9416 9756 9821
f 9403 9314 9213
f 8840 8666 8921
f 4975 4976 5233
f 295 376 186
f 9590 9210 9309
f 3295 3341 3204
f 6185 6021 6078
f 1112 1271 1272
f 4443 4397 4353
f 3903 3904 4014
f 7493 7455 7632
f 3593 3648 3647
f 7446 7485 7484
f 8788 8586 8723
f 9107 8948 9198
f 943 837 886
f 7199 7287 7324
f 7746 7712 7599
f 1514 1330 1401
f 7753 7836 7954
f 9560 9780 9559
f 2100 2563 2561
f 2826 2664 2827
f 1258 1376 1392
f 238 182 92
f 6054 5946 6108
f 3683 3806 3685
f 5046 4929 4816
f 3389 3500 3460
f 9616 9241 9243
f 9611 9610 9235
f 5902 5803 5950
f 6154 5992 5940
f 57 29 55
f 1047 1046 1170
f 1671 1672 1801
f 4434 4433 4304
f 7499 7637 7559
f 3484 3483 3375
f 4053 3957 3958
f 5352 5294 5353
f 10414 10170 10290
f 4262 4308 4494
f 4342 4177 4304
f 4765 4764 4585
f 9015 8780 8942
f 8335 8442 8291
f 6092 5982 6093
f 10558 10542 10409
f 2011 2073 2010
f 6813 6739 6778
f 6423 6344 6501
f 9095 8777 8854
f 3577 3485 3518
f 7538 7427 7362
f 1105 1215 1104
f 7467 7365 7468
f 8242 8160 8338
f 8716 8718 8862
f 9503 9758 9408
f 6122 6275 6177
f 419 381 348
f 2791 2679 2624
f 4963 4987 4869
f 2307 2503 2306
f 939 875 827
f 5632 5335 5524
f 1553 1436 1622
f 2468 2469 2652
f 1298 1370 1488
f 2534 2409 2536
f 2348 2653 2654
f 6914 6998 6956
f 6243 6286 6334
f 3543 3570 3624
f 9263 9629 9354
f 10352 10353 10514
f 5927 5926 6087
f 6866 6815 6946
f 10072 9943 10073
f 8942 8641 8944
f 10620 10553 10303
f 6684 6615 6653
f 1975 1811 2180
f 7024 7156 7222
f 10015 9590 9806
f 3614 3531 3590
f 8656 8884 8883
f 7250 7112 7113
f 3858 3859 3918
f 9598 9403 9404
f 5208 5454 5453
f 4387 4341 4427
f 739 622 741
f 2761 2591 2864
f 5671 5777 5614
f 3252 3251 3116
f 3827 3906 3876
f 2753 2752 2573
f 3469 3533 3399
f 4416 4335 4376
f 9988 9858 9989
f 4352 4186 4230
f 8903 8678 8679
f 1299 1371 1487
f 6641 6640 6734
f 8082 8041 8042
f 7856 7923 8002
f 2249 2037 1970
f 8889 8806 8966
f 4428 4538 4427
f 3362 3436 3398
f 4310 4350 4229
f 1835 1988 1910
f 2930 2765 2868
f 10612 10615 10668
f 3815 3826 3846
f 10045 9908 10043
f 8779 8652 8857
f 3423 3362 3364
f 2406 2405 2213
f 49 61 40
f 8534 8474 8658
f 347 294 377
f 665 555 744
f 296 264 241
f 2701 2648 2649
f 3711 3731 3621
f 5956 5851 5809
f 825 688 731
f 3413 3321 3448
f 519 384 449
f 6077 6139 6076
f 788 958 703
f 6987 7028 6901
f 4068 4194 4055
f 638 674 562
f 7647 7612 7687
f 6796 6842 6886
f 7739 7791 7767
f 5158 5100 5213
f 1370 1189 1367
f 1167 1155 1089
f 2836 2940 2835
f 2721 2602 2775
f 5867 5920 5868
f 6646 6574 6608
f 1950 1871 2088
f 3489 3557 3453
f 2642 2860 2861
f 9864 9865 9993
f 10600 10485 10577
f 5613 5668 5556
f 3056 3236 3281
f 8375 8374 8424
f 3337 3305 3173
f 8317 8477 8415
f 2318 2319 2442
f 9981 10117 10055
f 10641 10522 10626
f 8 9 12
f 2845 2737 2635
f 2159 2024 1955
f 2404 2532 2211
f 540 646 539
f 1857 1856 1657
f 9983 9846 10051
f 8816 8746 8676
f 334 303 249
f 6863 6864 7067
f 8285 8068 8150
f 10168 10043 10169
f 5481 5423 5544
f 411 375 510
f 8811 8672 8900
f 10538 10537 10446
f 6842 6887 7049
f 6178 6274 6175
f 9046 8893 8808
f 4765 4585 4641
f 5354 5172 5238
f 6535 6462 6557
f 5873 6032 5978
f 1368 1483 1542
f 6305 6355 6379
f 9567 9555 9643
f 10684 10676 10638
f 5361 5426 5549
f 5264 5265 5446
f 10137 9938 9939
f 8670 8671 8740
f 2673 2839 2897
f 4709 4708 4531
f 9691 9692 9828
f 1017 889 947
f 2755 2809 2923
f 5639 5809 5696
f 9244 9243 9054
f 3155 3154 3057
f 3335 3420 3291
f 10232 10282 10110
f 10482 10495 10392
f 2573 2752 2695
f 9445 9444 9154
f 10040 9971 10109
f 3888 3828 3878
f 2187 2047 2048
f 10190 10003 10301
f 10320 10434 10387
f 8548 8424 8491
f 1297 1299 1487
f 2857 2572 2805
f 1379 1556 1554
f 9349 9431 9432
f 6603 6538 6539
f 10045 10236 10108
f 10567 10585 10616
f 9890 9755 9758
f 5128 5054 5181
f 10227 10276 10164
f 5824 5660 5661
f 5056 5309 5248
f 1910 1762 1835
f 853 962 748
f 5813 5914 5861
f 7820 7936 7864
f 851 898 968
f 3172 3301 3171
f 7267 7373 7302
f 8950 9300 9117
f 1387 1195 1145
f 2418 2607 2229
f 4509 4449 4559
f 7525 7488 7526
f 7108 7241 7194
f 3552 3487 3447
f 935 1123 1124
f 7583 7524 7628
f 5207 5332 5206
f 639 803 638
f 1029 753 798
f 4031 4030 3974
f 7309 7272 7342
f 7639 7712 7832
f 403 363 435
f 5994 5842 5891
f 8091 8138 8212
f 5198 5071 5148
f 4177 4343 4304
f 3272 3271 3226
f 2174 2036 2037
f 7946 7945 7801
f 2698 2652 2578
f 6605 6686 6737
f 8044 7935 7937
f 5756 5916 5863
f 370 474 472
f 5839 5838 5786
f 6072 6016 5914
f 8391 8572 8449
f 1182 1126 996
f 7985 8083 7931
f 3234 3233 3151
f 570 569 437
f 665 700 661
f 2384 2180 2382
f 7656 7661 7525
f 709 748 634
f 1357 1529 1477
f 4599 4436 4546
f 1583 1410 1469
f 4741 4798 4850
f 6937 6772 6981
f 5801 5898 5897
f 9278 9551 9550
f 6253 6200 6144
f 7382 7418 7491
f 4624 4568 4567
f 177 254 255
f 222 248 330
f 148 186 185
f 7788 7789 7811
f 8178 8094 8214
f 8140 8213 8093
f 1413 1346 1524
f 4042 4147 3982
f 7671 7773 7830
f 8736 8967 8966
f 9823 10031 10030
f 3482 3408 3549
f 5872 5978 6031
f 9682 9424 9514
f 2184 2116 1894
f 8192 8237 8333
f 395 429 498
f 9138 9232 8970
f 8216 8141 8142
f 1649 1470 1471
f 6811 6857 6736
f 7456 7559 7496
f 1316 1455 1205
f 7686 7648 7761
f 3614 3672 3671
f 1172 1267 1109
f 22 39 17
f 4619 4678 4746
f 5573 5522 5393
f 2930 2867 2765
f 8130 8404 8175
f 10405 10273 10277
f 4164 4215 4287
f 4322 4456 4362
f 8446 8390 8621
f 2672 2551 2729
f 9526 9339 9062
f 7902 8087 8127
f 9063 8905 8751
f 3297 3385 3425
f 6299 6200 6346
f 1494 1617 1677
f 2776 2977 2775
f 4312 4313 4187
f 2222 2017 2150
f 780 826 731
f 3241 3150 3101
f 6555 6444 6515
f 7969 8005 7896
f 8929 8770 8704
f 585 661 660
f 3979 4037 3924
f 10554 10470 10302
f 5730 5570 5628
f 1059 1240 1233
f 1473 1586 1655
f 5443 5324 5441
f 2545 2601 2718
f 7939 7899 7940
f 3388 3300 3345
f 710 795 749
f 1022 789 850
f 9523 9347 9521
f 660 661 700
f 9093 9008 8851
f 9412 9413 9603
f 7772 7824 7798
f 3696 3666 3697
f 8557 8749 8901
f 4636 4637 4760
f 9358 9357 9079
f 4387 4301 4341
f 1654 1853 1781
f 3858 3919 3887
f 365 405 310
f 9952 9951 9594
f 9267 9163 8997
f 3155 3284 3154
f 5769 5608 5720
f 524 664 495
f 2101 2165 2028
f 3653 3569 3543
f 345 410 475
f 1160 1210 1321
f 372 238 373
f 2081 1864 1946
f 7326 7325 7255
f 6394 6435 6474
f 8411 8473 8313
f 3775 3799 3751
f 2198 2336 2457
f 5331 5332 5207
f 1173 1268 1218
f 6834 6882 6920
f 8053 8175 8052
f 1125 936 937
f 274 303 355
f 7928 7930 8003
f 3120 3253 3172
f 9409 9757 9601
f 10087 10266 10215
f 696 618 735
f 2464 2581 2463
f 5457 5394 5527
f 4019 4085 4048
f 3987 4046 4047
f 2429 2430 2558
f 8888 8597 8805
f 3579 3618 3650
f 7106 7059 7060
f 5572 5516 5517
f 1478 1594 1531
f 8453 8510 8346
f 7165 7123 7235
f 941 880 1067
f 9239 9140 9426
f 4236 4154 4157
f 10697 10702 10630
f 3509 3439 3400
f 1895 1754 1755
f 4116 4117 4193
f 5489 5718 5552
f 7432 7512 7367
f 3794 3822 3842
f 4957 4910 5091
f 6452 6520 6490
f 8240 8238 8155
f 8513 8456 8636
f 9654 9872 9939
f 10487 10525 10257
f 3321 3289 3197
f 5094 5239 4991
f 9510 9508 9507
f 4106 4175 4036
f 8785 8867 8955
f 5101 4915 4966
f 8494 8236 8191
f 1757 1632 1634
f 3845 3812 3874
f 9006 9275 9273
f 613 612 542
f 9967 9768 9903
f 1753 2117 1818
f 8290 8242 8387
f 3607 3552 3579
f 4220 4382 4297
f 106 124 144
f 2833 2889 2726
f 268 189 299
f 5055 5183 5247
f 2668 2417 2287
f 1109 1048 1172
f 957 787 894
f 7737 7738 7808
f 4675 4677 4745
f 2513 2326 2388
f 7316 7492 7449
f 8421 8277 8278
f 7689 7615 7616
f 9796 9871 9795
f 1584 1779 1778
f 7099 7098 6887
f 7732 7731 7614
f 9097 9556 9376
f 1470 1346 1282
f 7056 7012 7010
f 4883 4995 4881
f 413 294 320
f 4244 4207 4281
f 1777 1582 1469
f 9942 9742 10010
f 145 146 179
f 751 851 856
f 3544 3441 3538
f 4425 4589 4424
f 10199 10146 10012
f 10505 10534 10508
f 5769 5768 5608
f 2151 1946 2223
f 37 10 11
f 3993 4020 4154
f 9841 9976 9706
f 10673 10670 10691
f 2226 1951 2227
f 5419 5357 5542
f 3764 3742 3692
f 6731 6852 6771
f 6560 6527 6561
f 1005 879 1006
f 4473 4631 4527
f 5982 6092 5981
f 5629 5518 5733
f 8763 8620 8764
f 628 666 591
f 3104 3245 3062
f 974 1032 803
f 4855 4854 4918
f 8589 8728 8727
f 7455 7387 7424
f 1557 1631 1684
f 1242 1241 1130
f 3903 4014 3983
f 3179 3279 3210
f 527 496 428
f 7312 7245 7274
f 1251 1252 1079
f 7733 7541 7728
f 1185 1363 1421
f 8275 8320 8183
f 6152 6153 6103
f 5076 5084 5150
f 9748 9806 9590
f 10629 10524 10599
f 10310 10371 10201
f 1826 1499 2051
f 9337 9060 9061
f 7555 7695 7694
f 4827 4720 4647
f 3873 3986 3930
f 10449 10541 10540
f 502 567 500
f 6698 6615 6636
f 10037 10036 9901
f 910 1035 909
f 8635 8710 8577
f 7963 8071 8031
f 3097 3279 3149
f 8919 8920 8995
f 863 1038 977
f 8305 8209 8306
f 117 155 115
f 2749 2637 2638
f 7758 7610 7784
f 7236 7297 7368
f 1315 1317 1265
f 8551 8488 8489
f 8490 8429 8678
f 681 814 762
f 2809 2645 2577
f 5477 5594 5542
f 6001 6056 5899
f 5837 5836 5782
f 7707 7771 7743
f 6689 6778 6688
f 8934 8772 9088
f 7014 6968 7015
f 1776 1926 1925
f 10156 10265 10324
f 8314 8313 8213
f 7900 7826 7868
f 6900 6858 6983
f 8148 8026 8149
f 8637 8711 8396
f 2984 3042 2983
f 3713 3696 3767
f 8984 8908 9070
f 10521 10625 10640
f 699 583 659
f 7289 7360 7461
f 9431 9243 9244
f 4117 4192 4193
f 1739 1543 1484
f 514 444 548
f 9401 9313 9123
f 7803 7836 7753
f 7137 6887 7097
f 1767 1916 1766
f 5300 5422 5544
f 1788 1660 1723
f 2479 2419 2610
f 7227 7352 7386
f 8013 8008 8047
f 3338 3336 3247
f 8244 8443 8336
f 6186 6080 6187
f 6865 6646 6780
f 3561 3498 3528
f 7555 7694 7487
f 10243 10180 10292
f 7559 7706 7635
f 9809 9594 9951
f 8118 7966 8117
f 2859 2858 2695
f 4582 4621 4457
f 2381 2041 2323
f 8758 9259 9078
f 4367 4519 4366
f 273 331 248
f 6195 6425 6384
f 4159 4329 4201
f 10597 10564 10523
f 4293 4292 4250
f 8679 8678 8429
f 8855 9010 8854
f 5819 6021 5866
f 5789 5883 5887
f 7426 7501 7500
f 9432 9056 9429
f 6041 6149 6304
f 10021 10087 9953
f 5711 5593 5756
f 9961 10160 10098
f 5330 5205 5206
f 1709 1708 1514
f 10057 9928 9859
f 749 854 709
f 10370 10308 10145
f 5399 5223 5281
f 3525 3419 3451
f 3969 4027 4135
f 3035 3036 3087
f 852 897 1024
f 3848 3797 3849
f 330 248 332
f 4490 4591 4717
f 625 624 662
f 2034 2309 2246
f 2207 2274 2206
f 2212 2013 2144
f 1706 2062 1768
f 4526 4574 4630
f 8823 8684 8685
f 2259 2187 2326
f 861 911 910
f 8750 8558 8680
f 8091 7946 8023
f 72 62 30
f 4107 4102 4031
f 8308 8407 8406
f 5003 5083 5152
f 6875 6703 6825
f 814 815 762
f 6564 6528 6498
f 9554 9372 9459
f 10320 10388 10434
f 3273 3274 3323
f 8210 8405 8360
f 595 669 668
f 110 64 78
f 10102 10103 10224
f 2248 2123 2328
f 8920 8698 8763
f 3990 4092 4002
f 3321 3140 3141
f 3736 3809 3807
f 2800 2743 2802
f 2330 2261 2331
f 5023 4900 4836
f 9358 9420 9367
f 2539 2712 2660
f 5778 5879 5722
f 7683 7756 7781
f 10340 10407 10446
f 4009 3988 4073
f 2304 2166 2245
f 2487 2486 2363
f 820 819 684
f 6645 6574 6646
f 7383 7384 7385
f 3238 3100 3154
f 7637 7597 7708
f 1943 1944 2016
f 9911 10116 10172
f 5253 5065 5320
f 3297 3425 3384
f 9758 9819 9891
f 4611 4666 4503
f 1298 1545 1430
f 1533 1598 1596
f 2482 2292 2154
f 4169 4170 4218
f 8770 8845 8707
f 8475 8314 8535
f 2332 2130 2267
f 8852 9009 8853
f 3461 3349 3350
f 1467 1472 1523
f 1455 1318 1326
f 8868 8653 8960
f 8194 8195 8248
f 10564 10594 10479
f 2433 2241 2239
f 4050 4154 4120
f 7755 7885 7843
f 6328 6448 6487
f 8681 8696 8836
f 2671 2783 2780
f 562 465 563
f 7038 7209 7179
f 9491 9405 9214
f 238 92 215
f 3228 3275 3191
f 5951 5805 5850
f 7758 7645 7610
f 3622 3542 3472
f 3031 3013 3107
f 1381 1198 1312
f 4289 4287 4215
f 2743 2632 2802
f 1306 1434 1378
f 9171 9083 8929
f 5088 5154 5269
f 7840 7778 7841
f 10606 10666 10596
f 3991 3848 3955
f 2243 1961 2244
f 6136 5925 5975
f 2479 2609 2550
f 3658 3605 3606
f 1675 1811 1621
f 555 526 590
f 5308 5431 5307
f 4692 4588 4445
f 3361 3399 3266
f 9912 10046 9911
f 8300 8254 8396
f 3332 3419 3417
f 3099 3098 2952
f 10059 9991 9786
f 7401 7432 7367
f 4597 4599 4652
f 2792 3147 2996
f 4050 3934 3993
f 3370 3275 3366
f 6402 6553 6554
f 3954 4018 3990
f 8262 8133 8210
f 4096 4025 4024
f 5317 5252 5133
f 8958 9402 9123
f 7783 7846 7912
f 893 786 849
f 5235 5040 5169
f 1795 1735 1481
f 1581 1651 1465
f 4416 4531 4415
f 1103 985 1047
f 7832 7712 7903
f 1653 1848 1774
f 8116 8113 8157
f 2860 3107 3069
f 9731 9579 9581
f 10149 10080 10016
f 2144 1936 2075
f 5711 5353 5593
f 14 26 19
f 2316 2251 2177
f 9671 9657 9798
f 4333 4284 4133
f 4236 4240 4120
f 5290 5234 5168
f 7734 7763 7690
f 30 23 6
f 8496 8616 8495
f 9418 9675 9417
f 9099 9383 9013
f 4320 4514 4513
f 8049 7939 8086
f 4225 4174 4144
f 8733 8657 8592
f 9049 9236 9139
f 9763 10099 10033
f 480 545 615
f 1396 1321 1210
f 2071 1855 2010
f 2637 2644 2440
f 8139 8093 8177
f 3590 3615 3672
f 328 245 272
f 3480 3479 3278
f 208 233 143
f 6432 6431 6254
f 339 283 284
f 4747 4682 4569
f 9671 9405 9657
f 2066 1770 2135
f 8800 8733 8801
f 5848 5695 5741
f 5300 5239 5334
f 6786 6954 6953
f 7288 7255 7325
f 2987 3181 2981
f 5791 5566 5686
f 1619 1550 1435
f 7740 7635 7741
f 3105 3106 3163
f 8428 8427 8325
f 5581 5401 5533
f 95 114 131
f 4978 4977 4803
f 6579 6554 6553
f 4881 4762 4639
f 10104 10105 10226
f 8529 8588 8792
f 4754 4929 4879
f 1007 1366 1187
f 5788 5939 5680
f 2497 2741 2685
f 1132 1481 1735
f 9594 9593 9121
f 9982 9848 9984
f 2800 2744 2631
f 9758 9759 9819
f 6909 7081 7080
f 3806 3683 3805
f 10281 10110 10282
f 6643 6777 6606
f 9509 9414 9040
f 4862 4805 4923
f 359 430 429
f 3976 4032 4016
f 10309 10145 10255
f 8037 8001 8114
f 914 913 810
f 3009 3100 3008
f 1577 1576 1335
f 8542 8599 8541
f 4708 4704 4581
f 8335 8336 8442
f 2591 2765 2864
f 9057 9145 9524
f 3470 3536 3537
f 620 697 578
f 10445 10404 10335
f 7419 7418 7348
f 5866 5759 5597
f 5955 5696 5851
f 5085 5084 4903
f 6811 6858 6900
f 7616 7546 7617
f 9084 9085 9167
f 2787 2901 2676
f 8375 8487 8323
f 4821 4705 4876
f 6925 6889 6926
f 3086 3177 3085
f 3547 3517 3602
f 6589 6719 6885
f 5531 5580 5532
f 7711 7833 7829
f 5034 4918 5037
f 1603 1952 1733
f 1814 1679 1751
f 2492 2493 2634
f 6210 6211 6361
f 4070 4138 4028
f 5038 4802 4858
f 7787 7810 7848
f 4837 4726 4602
f 9797 9739 9201
f 5101 4966 5216
f 3122 3176 3080
f 7103 7213 7189
f 5983 6094 6145
f 1308 1307 1150
f 3496 3343 3497
f 6640 6810 6809
f 7595 7710 7745
f 7973 7941 8048
f 5083 5137 4952
f 10534 10572 10443
f 649 648 573
f 3189 2944 3049
f 4276 4158 4198
f 3259 3258 3181
f 4751 4813 4866
f 2260 2516 2574
f 43 51 25
f 9204 9303 9203
f 8022 8092 8021
f 3389 3390 3461
f 3439 3421 3422
f 5474 5590 5413
f 548 580 656
f 4555 4912 4845
f 1778 1779 2008
f 237 291 213
f 8161 8293 8159
f 8344 8122 8345
f 3145 3192 3230
f 2850 2740 2687
f 4955 4909 5089
f 6466 6427 6385
f 1341 1276 1521
f 4771 4770 4943
f 6426 6345 6503
f 3004 3000 3003
f 5986 5674 5781
f 1574 1461 1403
f 7963 7997 7890
f 8541 8540 8477
f 2370 1958 2300
f 7623 7484 7576
f 8452 8512 8632
f 3685 3784 3783
f 8217 8414 8365
f 3056 3152 3153
f 8594 8412 8365
f 197 135 177
f 9186 8775 9184
f 4171 4218 4136
f 523 493 494
f 7253 7228 7162
f 7064 7153 7110
f 398 396 337
f 2367 2736 2675
f 352 389 425
f 2921 2642 2861
f 3756 3712 3783
f 4945 4826 5003
f 5611 5612 5754
f 571 609 726
f 4034 4033 3978
f 6949 6991 6948
f 2002 2203 2202
f 966 900 796
f 3098 3207 3254
f 8559 8752 8751
f 9072 9153 9256
f 6164 6004 6217
f 2217 2352 2412
f 4756 4698 4755
f 10337 10369 10220
f 769 610 685
f 9280 9461 9460
f 3012 3163 3208
f 8796 8880 8729
f 4836 4901 5023
f 10195 10366 10194
f 8254 8205 8349
f 6503 6637 6536
f 10460 10353 10350
f 8014 8087 7902
f 1849 2008 1779
f 4766 4889 5000
f 441 477 413
f 10540 10541 10533
f 5439 5563 5559
f 4273 4365 4406
f 4819 4756 4755
f 1414 1518 1649
f 2572 2694 2505
f 7716 7837 7835
f 5728 5566 5794
f 6774 6639 6734
f 5967 5989 5834
f 5210 5092 5157
f 2826 2811 2454
f 3205 3077 3297
f 5079 5080 4949
f 4926 5044 5043
f 2906 2905 2796
f 7847 7837 7716
f 5178 5484 5483
f 1148 1256 1305
f 5247 5307 5182
f 9110 9300 8950
f 6875 6956 6955
f 510 614 542
f 9963 10034 10100
f 8300 8453 8253
f 6741 6780 6646
f 9367 9175 9176
f 6333 6243 6334
f 4303 4177 4178
f 5744 5465 5579
f 8143 8096 8218
f 3146 2994 2949
f 6887 7188 7187
f 6783 6745 6695
f 4882 5058 4822
f 8029 8104 8103
f 9128 9127 8885
f 6722 6531 6723
f 10041 10280 10109
f 9706 9777 9841
f 9258 8985 8927
f 5724 5551 5779
f 1501 1447 1560
f 4418 4292 4293
f 3068 3101 2955
f 9663 9587 9307
f 3523 3553 3416
f 1832 1692 1503
f 4842 4731 4956
f 334 275 357
f 7843 7724 7755
f 1841 1916 1767
f 2853 2801 2744
f 337 336 278
f 3102 3244 3242
f 10657 10635 10575
f 7117 6985 7118
f 3392 3393 3431
f 3662 3631 3689
f 3841 3822 3769
f 7064 6981 6897
f 8837 8568 8697
f 4069 4172 4171
f 1526 1348 1525
f 7230 7256 7358
f 8283 8282 8148
f 8286 8291 8379
f 3707 3777 3653
f 1267 1172 1218
f 768 767 611
f 4200 4201 4277
f 2279 2409 2348
f 10602 10644 10628
f 2429 2428 2236
f 211 145 212
f 3781 3780 3752
f 3391 3307 3461
f 390 332 391
f 3171 2878 3026
f 10030 9822 9823
f 3781 3831 3780
f 8497 8334 8441
f 250 338 307
f 3768 3842 3821
f 6430 6348 6388
f 3496 3498 3587
f 755 799 860
f 3602 3603 3657
f 7507 7574 7605
f 3440 3475 3513
f 8946 9102 9101
f 32 26 52
f 10243 10123 10124
f 44 28 33
f 4092 3990 4115
f 123 209 205
f 1113 1407 1221
f 4467 4370 4330
f 6631 6531 6721
f 3966 3917 3964
f 5039 5042 5168
f 3009 2802 2794
f 3898 3899 3948
f 1180 1125 1286
f 6503 6536 6502
f 6299 6143 6198
f 3515 3600 3625
f 3897 3789 3868
f 4015 3984 3930
f 9158 9073 9352
f 6121 6229 6120
f 10473 10555 10486
f 6909 7080 6995
f 1928 1715 1717
f 4018 4114 3990
f 5899 5898 5801
f 9070 8908 8825
f 10606 10596 10481
f 3099 3279 3280
f 7998 7920 8033
f 6121 6272 6231
f 8160 8158 8246
f 2869 2767 3022
f 9894 9760 9820
f 2033 1884 2029
f 1395 1503 1260
f 10437 10267 10396
f 7514 7543 7613
f 1396 1322 1506
f 2455 2470 2521
f 682 724 647
f 516 741 622
f 10431 10493 10494
f 9330 9051 9516
f 2547 2546 2356
f 4229 4185 4310
f 10659 10680 10686
f 7769 7703 7795
f 7866 7797 7824
f 3894 4073 4043
f 1442 1201 857
f 917 1098 1042
f 6910 6952 6909
f 8484 8483 8150
f 765 817 724
f 4111 4185 4229
f 9473 9386 9568
f 3990 4002 3914
f 8165 8122 8166
f 1320 1449 1504
f 2961 2920 3012
f 5622 5681 5680
f 4245 4095 4209
f 4403 4270 4452
f 3399 3437 3363
f 2324 2511 2386
f 6330 6235 6236
f 6004 6164 5902
f 8726 8530 8589
f 5309 5349 5347
f 6206 6041 6304
f 5869 5922 5971
f 4221 4106 4075
f 9442 9531 9624
f 7888 7812 7760
f 6787 6826 6877
f 8445 8570 8567
f 1123 1228 1124
f 7532 7591 7453
f 7986 8064 7985
f 6939 6859 6856
f 4544 4389 4432
f 3895 3947 3978
f 9174 9082 9364
f 5609 5554 5757
f 3372 3235 3282
f 432 362 308
f 6837 6963 7006
f 1924 2138 1923
f 3576 3446 3485
f 10445 10405 10341
f 10604 10644 10602
f 8957 8878 9121
f 10530 10394 10438
f 1312 1198 1382
f 5526 5527 5529
f 1578 1653 1774
f 4286 4164 4287
f 3079 3098 3254
f 2106 2107 2177
f 4594 4539 4388
f 2129 2121 1899
f 6326 6403 6373
f 438 368 439
f 5438 5067 5375
f 8815 8744 8745
f 9081 9174 8706
f 9369 9634 9547
f 10241 10240 10051
f 9563 9380 9284
f 638 563 639
f 8547 8484 8373
f 6378 6522 6412
f 5296 5176 5298
f 9080 9000 8839
f 83 123 82
f 9580 9392 9200
f 7430 7333 7398
f 10234 10015 10204
f 10510 10511 10546
f 6037 6093 5982
f 4581 4415 4531
f 4950 5026 5080
f 6030 5827 5977
f 7331 7257 7290
f 9660 9405 9491
f 1130 1131 1242
f 4483 4382 4383
f 7925 7795 7858
f 9996 10294 10298
f 754 755 860
f 6403 6326 6275
f 4565 4676 4564
f 2509 2320 2510
f 8627 8509 8706
f 7430 7510 7468
f 4304 4490 4428
f 1561 1829 1636
f 2752 2961 2960
f 1060 830 825
f 227 161 196
f 17 5 6
f 3857 3890 3835
f 8128 8309 8265
f 1066 1006 1294
f 1293 1186 1241
f 1663 1532 1597
f 494 452 453
f 1012 1136 1137
f 8868 9109 9023
f 223 157 194
f 9882 9812 9668
f 9438 9688 9621
f 1895 2185 2046
f 2742 2630 2801
f 10531 10499 10441
f 4282 4298 4412
f 1945 2016 1944
f 9829 9689 9826
f 2748 2749 2854
f 10232 10110 10042
f 4623 4518 4570
f 9738 9652 9794
f 1373 1485 1138
f 7886 7990 7989
f 10007 10069 10139
f 3139 3320 3223
f 1194 1303 1302
f 5567 5843 5729
f 2674 2480 2552
f 5931 6095 6146
f 1371 1136 1298
f 1303 1249 1302
f 6634 6682 6626
f 5883 5987 5887
f 1061 1183 1182
f 5865 5919 5968
f 8908 8984 8824
f 10041 10281 10280
f 7926 8001 7924
f 3787 3789 3720
f 223 194 249
f 2823 2601 2595
f 4604 4498 4605
f 8468 8466 8307
f 873 937 773
f 3971 3970 3860
f 4544 4543 4389
f 10125 10293 10181
f 4991 5048 4755
f 6524 6495 6525
f 1739 1738 1543
f 1514 1401 1460
f 5885 5839 5683
f 6702 6619 6656
f 221 220 152
f 9102 9292 9387
f 1118 1226 1119
f 371 440 473
f 10495 10378 10494
f 2477 2603 2602
f 9055 8811 8900
f 9843 9910 9842
f 9897 9682 9764
f 6128 6124 6277
f 305 284 285
f 2440 2316 2441
f 5791 5790 5566
f 5521 5392 5522
f 624 664 662
f 9933 9868 10065
f 4061 4060 4000
f 1613 1612 1489
f 9956 9957 10022
f 3257 3128 3212
f 9 1 3
f 3239 3409 3284
f 7293 7233 7258
f 4822 4880 4760
f 3362 3398 3317
f 9395 9398 9587
f 6796 6711 6842
f 7126 6951 7082
f 5287 5409 5408
f 4063 4208 4160
f 4046 4016 4112
f 6814 6650 6744
f 9262 9352 9073
f 8722 8721 8585
f 7010 7012 6801
f 5468 5582 5467
f 7753 7876 7752
f 5702 5535 5583
f 2525 2579 2458
f 6052 5890 5893
f 875 938 995
f 875 995 874
f 686 689 874
f 773 686 873
f 873 686 874
f 874 689 690
f 874 690 875
