v -0.0221 -0.4383 -0.0094
v 0.0044 -0.6765 -0.0600
v -0.0296 -0.6572 -0.1107
v -0.0212 -0.4501 -0.0147
v -0.0205 -0.4637 -0.0216
v 0.0253 -0.6740 -0.0398
v -0.0240 -0.6640 -0.1120
v 0.0126 -0.7030 -0.0838
v 0.0235 -0.7004 -0.0573
v 0.2837 0.1891 -0.5393
v 0.3467 0.1703 -0.5178
v 0.3479 0.1734 -0.5331
v 0.3452 0.1854 -0.5290
v 0.3410 0.1947 -0.5252
v 0.3342 0.2011 -0.5349
v 0.3236 0.2082 -0.5316
v 0.3149 0.2109 -0.5317
v 0.3052 0.2099 -0.5299
v 0.2939 0.2041 -0.5321
v 0.2885 0.1987 -0.5319
v 0.2804 0.1922 -0.5240
v 0.2806 0.1774 -0.5378
v 0.2807 0.1692 -0.5342
v 0.2824 0.1598 -0.5345
v 0.2859 0.1470 -0.5285
v 0.2910 0.1369 -0.5299
v 0.2981 0.1262 -0.5311
v 0.3320 0.1285 -0.5258
v 0.3359 0.1363 -0.5200
v 0.3433 0.1462 -0.5272
v 0.3461 0.1564 -0.5259
v 0.3345 0.2040 -0.5208
v 0.3253 0.2099 -0.5240
v 0.3154 0.2142 -0.5187
v 0.2937 0.2084 -0.5210
v 0.2853 0.2020 -0.5203
v 0.3009 0.1251 -0.5237
v 0.3158 0.1208 -0.5238
v 0.3266 0.1304 -0.5118
v 0.3389 0.1481 -0.5088
v 0.3449 0.1856 -0.5160
v 0.3413 0.1963 -0.5117
v 0.3270 0.2122 -0.5122
v 0.3053 0.2153 -0.5146
v 0.2777 0.1940 -0.5119
v 0.2730 0.1844 -0.4994
v 0.2774 0.1707 -0.5152
v 0.2855 0.1463 -0.5152
v 0.2918 0.1355 -0.5121
v 0.3143 0.1237 -0.5158
v 0.3307 0.1365 -0.5069
v 0.3449 0.1837 -0.5035
v 0.3390 0.2030 -0.5011
v 0.3305 0.2139 -0.4997
v 0.3184 0.2188 -0.5039
v 0.2778 0.1619 -0.5010
v 0.3031 0.1278 -0.5082
v 0.3153 0.1259 -0.5082
v 0.3208 0.1310 -0.4997
v 0.3400 0.1646 -0.4844
v 0.3422 0.1962 -0.4986
v 0.3079 0.2211 -0.5012
v 0.2984 0.2212 -0.4972
v 0.2910 0.2173 -0.4986
v 0.2820 0.2106 -0.4993
v 0.2748 0.1980 -0.4996
v 0.2731 0.1729 -0.4926
v 0.2854 0.1447 -0.5008
v 0.2918 0.1365 -0.5007
v 0.3050 0.1293 -0.5006
v 0.3285 0.1429 -0.4857
v 0.3340 0.1534 -0.4804
v 0.3415 0.1756 -0.4786
v 0.3442 0.1839 -0.4930
v 0.3218 0.2239 -0.4886
v 0.3092 0.2261 -0.4916
v 0.2767 0.2112 -0.4895
v 0.2783 0.1554 -0.4865
v 0.2868 0.1420 -0.4931
v 0.2962 0.1339 -0.4929
v 0.3103 0.1317 -0.4856
v 0.3199 0.1351 -0.4853
v 0.3431 0.1847 -0.4805
v 0.3430 0.1945 -0.4834
v 0.3381 0.2100 -0.4837
v 0.2881 0.2261 -0.4800
v 0.2708 0.2019 -0.4862
v 0.2692 0.1949 -0.4861
v 0.2794 0.1517 -0.4798
v 0.2857 0.1433 -0.4820
v 0.2969 0.1360 -0.4802
v 0.3242 0.1412 -0.4773
v 0.3402 0.2071 -0.4780
v 0.3317 0.2228 -0.4741
v 0.3234 0.2279 -0.4768
v 0.3112 0.2336 -0.4752
v 0.2985 0.2346 -0.4709
v 0.2681 0.2192 -0.4653
v 0.2617 0.2092 -0.4611
v 0.2656 0.1950 -0.4750
v 0.2658 0.1839 -0.4731
v 0.2668 0.1746 -0.4675
v 0.2725 0.1636 -0.4736
v 0.3085 0.1339 -0.4771
v 0.3358 0.1702 -0.4537
v 0.3431 0.1949 -0.4702
v 0.3420 0.2079 -0.4663
v 0.3389 0.2154 -0.4676
v 0.3279 0.2289 -0.4690
v 0.2870 0.2360 -0.4619
v 0.2758 0.2299 -0.4622
v 0.2837 0.1448 -0.4703
v 0.2964 0.1373 -0.4701
v 0.3163 0.1420 -0.4558
v 0.3239 0.1490 -0.4552
v 0.3303 0.1577 -0.4559
v 0.3399 0.1798 -0.4625
v 0.3432 0.1953 -0.4622
v 0.3180 0.2390 -0.4602
v 0.3058 0.2401 -0.4632
v 0.2586 0.1952 -0.4549
v 0.2699 0.1616 -0.4584
v 0.2762 0.1525 -0.4628
v 0.2841 0.1448 -0.4626
v 0.2973 0.1383 -0.4626
v 0.3095 0.1377 -0.4625
v 0.3433 0.1955 -0.4527
v 0.3442 0.2073 -0.4521
v 0.3425 0.2183 -0.4499
v 0.3374 0.2262 -0.4553
v 0.3122 0.2439 -0.4539
v 0.3010 0.2443 -0.4535
v 0.2745 0.2377 -0.4506
v 0.2643 0.2235 -0.4555
v 0.2757 0.1511 -0.4514
v 0.2865 0.1433 -0.4550
v 0.3091 0.1418 -0.4393
v 0.3226 0.1520 -0.4397
v 0.3404 0.2292 -0.4415
v 0.3337 0.2375 -0.4418
v 0.3240 0.2445 -0.4425
v 0.2643 0.2336 -0.4450
v 0.2553 0.2319 -0.4316
v 0.2511 0.2221 -0.4287
v 0.2530 0.2058 -0.4400
v 0.2553 0.1697 -0.4239
v 0.2667 0.1607 -0.4447
v 0.2774 0.1490 -0.4475
v 0.2983 0.1415 -0.4408
v 0.3327 0.1741 -0.4227
v 0.3426 0.1934 -0.4418
v 0.3462 0.2084 -0.4381
v 0.3139 0.2574 -0.4270
v 0.3024 0.2573 -0.4297
v 0.2808 0.2548 -0.4255
v 0.2694 0.2513 -0.4237
v 0.2526 0.1948 -0.4369
v 0.2487 0.1860 -0.4186
v 0.2733 0.1516 -0.4399
v 0.2766 0.1481 -0.4327
v 0.2878 0.1438 -0.4375
v 0.3185 0.1540 -0.4090
v 0.3475 0.2038 -0.4237
v 0.3448 0.2312 -0.4243
v 0.3383 0.2395 -0.4301
v 0.3300 0.2470 -0.4307
v 0.3258 0.2575 -0.4156
v 0.2662 0.1549 -0.4273
v 0.3035 0.1419 -0.4320
v 0.3137 0.1459 -0.4295
v 0.3252 0.1629 -0.4109
v 0.3411 0.1905 -0.4244
v 0.3492 0.2107 -0.4203
v 0.3484 0.2211 -0.4213
v 0.2600 0.2431 -0.4252
v 0.2763 0.1481 -0.4172
v 0.2870 0.1449 -0.4120
v 0.3023 0.1433 -0.4187
v 0.3102 0.1458 -0.4172
v 0.3318 0.1768 -0.4084
v 0.3426 0.2422 -0.4132
v 0.3369 0.2514 -0.4099
v 0.3074 0.2666 -0.4109
v 0.2951 0.2674 -0.4061
v 0.2568 0.2464 -0.4132
v 0.2463 0.2245 -0.4108
v 0.2468 0.2077 -0.4183
v 0.2661 0.1526 -0.4081
v -0.0595 0.3506 -0.4106
v 0.3391 0.1895 -0.4090
v 0.3499 0.2100 -0.4055
v 0.3505 0.2221 -0.4066
v 0.3481 0.2325 -0.4075
v 0.3193 0.2668 -0.4026
v 0.2670 0.2622 -0.3978
v 0.2628 0.2546 -0.4081
v 0.2500 0.2376 -0.4102
v 0.2531 0.1651 -0.4011
v 0.2603 0.1573 -0.4075
v 0.2763 0.1481 -0.4046
v 0.2988 0.1446 -0.4083
v -0.0336 0.3767 -0.4041
v -0.0512 0.3617 -0.4110
v 0.3099 0.1503 -0.3871
v 0.3261 0.1683 -0.3918
v 0.3338 0.1858 -0.3942
v 0.3435 0.1982 -0.3963
v 0.3454 0.2437 -0.3969
v 0.3302 0.2617 -0.3988
v 0.2781 0.2664 -0.3989
v 0.2530 0.2507 -0.3961
v 0.2478 0.2403 -0.3966
v 0.2439 0.2284 -0.3919
v 0.2422 0.1965 -0.3898
v 0.2486 0.1748 -0.4020
v 0.2876 0.1463 -0.3988
v 0.3087 0.1483 -0.3990
v -0.0659 0.3369 -0.4087
v 0.3482 0.2079 -0.3920
v 0.3511 0.2183 -0.3910
v 0.3514 0.2225 -0.3940
v 0.3498 0.2333 -0.3941
v 0.3405 0.2549 -0.3892
v 0.3219 0.2715 -0.3853
v 0.3095 0.2767 -0.3837
v 0.2586 0.2593 -0.3906
v 0.2421 0.2143 -0.3915
v 0.2448 0.1846 -0.3945
v 0.2485 0.1725 -0.3867
v 0.2593 0.1569 -0.3942
v 0.2664 0.1531 -0.3888
v 0.2985 0.1454 -0.3939
v -0.0536 0.3542 -0.3866
v -0.0588 0.3450 -0.3859
v -0.0646 0.3332 -0.3896
v -0.0683 0.3253 -0.4009
v -0.0684 0.3149 -0.3963
v -0.0658 0.3025 -0.3964
v -0.0528 0.2840 -0.3968
v 0.3172 0.1583 -0.3826
v 0.3422 0.2032 -0.3773
v 0.3504 0.2315 -0.3842
v 0.3467 0.2435 -0.3844
v 0.3339 0.2648 -0.3797
v 0.3004 0.2838 -0.3663
v 0.2744 0.2794 -0.3609
v 0.2493 0.2534 -0.3745
v 0.2452 0.2445 -0.3701
v 0.2444 0.1848 -0.3856
v 0.2524 0.1652 -0.3856
v 0.2583 0.1588 -0.3804
v 0.2781 0.1503 -0.3802
v 0.2885 0.1481 -0.3806
v 0.2974 0.1476 -0.3801
v -0.0115 0.3813 -0.3889
v -0.0230 0.3812 -0.3926
v -0.0445 0.3640 -0.3835
v -0.0627 0.3028 -0.3836
v -0.0562 0.2946 -0.3823
v -0.0499 0.2814 -0.3898
v 0.3239 0.1733 -0.3697
v 0.3311 0.1880 -0.3765
v 0.3467 0.2121 -0.3754
v 0.3490 0.2179 -0.3769
v 0.3421 0.2540 -0.3737
v 0.3134 0.2790 -0.3740
v 0.2408 0.2101 -0.3679
v 0.2430 0.1905 -0.3723
v 0.2669 0.1549 -0.3755
v -0.0168 0.3797 -0.3780
v -0.0275 0.3766 -0.3782
v -0.0307 0.3702 -0.3496
v -0.0648 0.3219 -0.3815
v -0.0647 0.3146 -0.3812
v -0.0498 0.2839 -0.3819
v -0.0476 0.2722 -0.3761
v 0.3051 0.1563 -0.3635
v 0.3158 0.1609 -0.3710
v 0.3494 0.2314 -0.3698
v 0.3466 0.2437 -0.3668
v 0.3364 0.2639 -0.3679
v 0.3256 0.2749 -0.3662
v 0.2422 0.2303 -0.3691
v 0.2486 0.1761 -0.3681
v 0.2538 0.1665 -0.3714
v -0.0593 0.3326 -0.3682
v -0.0623 0.3211 -0.3737
v -0.0583 0.3054 -0.3691
v -0.0533 0.2939 -0.3737
v -0.0421 0.2566 -0.3750
v 0.3154 0.1652 -0.3632
v 0.3215 0.1800 -0.3478
v 0.3286 0.1909 -0.3632
v 0.3350 0.2016 -0.3635
v 0.3442 0.2145 -0.3635
v 0.3463 0.2291 -0.3570
v 0.3422 0.2535 -0.3608
v 0.3166 0.2806 -0.3642
v 0.2927 0.2871 -0.3521
v 0.2558 0.2680 -0.3624
v 0.2433 0.1936 -0.3623
v 0.2561 0.1678 -0.3583
v 0.2604 0.1626 -0.3636
v 0.2716 0.1567 -0.3635
v 0.2942 0.1576 -0.3512
v -0.0088 0.3780 -0.3694
v -0.0224 0.3769 -0.3609
v -0.0478 0.3550 -0.3613
v -0.0602 0.3201 -0.3661
v -0.0512 0.2982 -0.3533
v -0.0503 0.2847 -0.3654
v -0.0481 0.2695 -0.3671
v -0.0422 0.2563 -0.3674
v -0.0296 0.2518 -0.3667
v -0.0232 0.2531 -0.3670
v 0.3120 0.1667 -0.3517
v 0.3276 0.1921 -0.3557
v 0.3320 0.2032 -0.3557
v 0.3429 0.2279 -0.3487
v 0.3440 0.2430 -0.3518
v 0.3358 0.2636 -0.3493
v 0.3290 0.2733 -0.3510
v 0.3264 0.2754 -0.3564
v 0.3184 0.2821 -0.3528
v 0.3057 0.2875 -0.3519
v 0.2625 0.2803 -0.3440
v 0.2469 0.2568 -0.3550
v 0.2398 0.2305 -0.3457
v 0.2400 0.2152 -0.3484
v 0.2464 0.1865 -0.3542
v 0.2514 0.1765 -0.3523
v 0.2689 0.1605 -0.3522
v 0.2824 0.1569 -0.3532
v 0.3064 0.1621 -0.3520
v -0.0374 0.3642 -0.3491
v -0.0542 0.3406 -0.3560
v -0.0589 0.3266 -0.3587
v -0.0538 0.3163 -0.3452
v -0.0492 0.2709 -0.3522
v -0.0434 0.2572 -0.3596
v -0.0313 0.2510 -0.3596
v -0.0118 0.2539 -0.3585
v 0.3261 0.1947 -0.3449
v 0.3295 0.2051 -0.3481
v 0.3342 0.2131 -0.3476
v 0.3402 0.2534 -0.3469
v 0.2495 0.2735 -0.3321
v 0.2382 0.2508 -0.3181
v 0.2412 0.2044 -0.3472
v 0.2440 0.1942 -0.3422
v 0.2587 0.1697 -0.3434
v 0.0043 0.3688 -0.3333
v -0.0079 0.3741 -0.3452
v -0.0462 0.3524 -0.3428
v -0.0553 0.3257 -0.3463
v -0.0438 0.2576 -0.3518
v -0.0331 0.2499 -0.3520
v -0.0057 0.2565 -0.3556
v -0.0487 -0.9009 -0.3434
v -0.0426 -0.9108 -0.3425
v 0.4035 -0.6350 -0.3386
v 0.3016 0.1639 -0.3406
v 0.3128 0.1734 -0.3360
v 0.3271 0.2064 -0.3406
v 0.3356 0.2268 -0.3375
v 0.3408 0.2418 -0.3402
v 0.3344 0.2633 -0.3381
v 0.3289 0.2730 -0.3369
v 0.3201 0.2829 -0.3407
v 0.3092 0.2892 -0.3413
v 0.2946 0.2913 -0.3391
v 0.2724 0.2870 -0.3347
v 0.2421 0.2622 -0.3254
v 0.2526 0.1774 -0.3379
v 0.2715 0.1629 -0.3406
v 0.2826 0.1601 -0.3410
v 0.0237 0.3591 -0.3430
v 0.0163 0.3673 -0.3551
v -0.0525 0.3387 -0.3440
v -0.0504 0.3044 -0.3434
v -0.0493 0.2972 -0.3437
v -0.0495 0.2857 -0.3432
v -0.0498 0.2717 -0.3388
v -0.0447 0.2578 -0.3440
v -0.0366 0.2486 -0.3429
v -0.0124 0.2512 -0.3396
v -0.0029 0.2560 -0.3404
v 0.0082 0.2650 -0.3437
v 0.0188 0.2764 -0.3449
v -0.0533 -0.8794 -0.3350
v -0.0485 -0.8895 -0.3348
v -0.0460 -0.8991 -0.3348
v -0.0416 -0.9091 -0.3349
v -0.0350 -0.9156 -0.3397
v -0.0249 -0.9172 -0.3337
v 0.3951 -0.6714 -0.3317
v 0.4024 -0.6595 -0.3266
v 0.4043 -0.6545 -0.3260
v 0.4059 -0.6451 -0.3311
v 0.4065 -0.6320 -0.3231
v 0.4007 -0.6205 -0.3308
v 0.3856 -0.6032 -0.3280
v 0.3684 -0.5924 -0.3252
v 0.3605 -0.5929 -0.3303
v 0.3524 -0.5871 -0.3226
v 0.3357 -0.5931 -0.3294
v 0.3246 -0.6018 -0.3347
v 0.3121 -0.6069 -0.3304
v 0.3029 -0.6131 -0.3253
v 0.2975 -0.6223 -0.3242
v 0.2933 0.1634 -0.3316
v 0.2991 0.1686 -0.3204
v 0.3237 0.1959 -0.3266
v 0.3250 0.2104 -0.3261
v 0.3281 0.2181 -0.3321
v 0.3375 0.2397 -0.3332
v 0.3368 0.2529 -0.3333
v 0.3219 0.2821 -0.3293
v 0.3105 0.2904 -0.3337
v 0.2976 0.2950 -0.3269
v 0.2373 0.2170 -0.3191
v 0.2409 0.2042 -0.3330
v 0.2460 0.1897 -0.3271
v 0.2627 0.1695 -0.3292
v 0.2748 0.1640 -0.3307
v 0.2864 0.1629 -0.3311
v 0.0336 0.3057 -0.3263
v 0.0359 0.3201 -0.3499
v 0.0350 0.3311 -0.3361
v 0.0321 0.3421 -0.3368
v 0.0279 0.3501 -0.3292
v 0.0132 0.3630 -0.3234
v -0.0064 0.3715 -0.3241
v -0.0221 0.3736 -0.3318
v -0.0304 0.3682 -0.3246
v -0.0399 0.3598 -0.3374
v -0.0508 0.3391 -0.3289
v -0.0519 0.3249 -0.3286
v -0.0521 0.3153 -0.3362
v -0.0462 0.2961 -0.3341
v -0.0443 0.2581 -0.3365
v 0.0145 0.2711 -0.3349
v 0.0230 0.2812 -0.3290
v 0.0286 0.2907 -0.3318
v -0.0547 -0.8675 -0.3277
v -0.0478 -0.8758 -0.3273
v -0.0461 -0.8882 -0.3272
v -0.0450 -0.8982 -0.3273
v -0.0405 -0.9068 -0.3207
v -0.0339 -0.9110 -0.3154
v -0.0237 -0.9140 -0.3149
v 0.3690 -0.7132 -0.3180
v 0.3759 -0.6968 -0.3194
v 0.3779 -0.6880 -0.3132
v 0.3833 -0.6817 -0.3185
v 0.3983 -0.6660 -0.3183
v 0.4016 -0.6604 -0.3183
v 0.4046 -0.6545 -0.3184
v 0.4074 -0.6435 -0.3184
v 0.4051 -0.6223 -0.3143
v 0.3999 -0.6098 -0.3092
v 0.3954 -0.6060 -0.3155
v 0.3758 -0.5931 -0.3195
v 0.3432 -0.5829 -0.3155
v 0.3246 -0.5834 -0.3086
v 0.3157 -0.5926 -0.3144
v 0.3077 -0.6000 -0.3148
v 0.2933 -0.6313 -0.3198
v 0.2933 -0.6455 -0.3216
v 0.3093 -0.6983 -0.3094
v 0.3250 0.2184 -0.3248
v 0.3336 0.2397 -0.3256
v 0.3347 0.2507 -0.3256
v 0.3322 0.2619 -0.3238
v 0.3267 0.2733 -0.3161
v 0.3110 0.2911 -0.3260
v 0.2607 0.2849 -0.3264
v 0.2399 0.2786 -0.2944
v 0.2531 0.1787 -0.3257
v 0.0352 0.3195 -0.3284
v 0.0199 0.3580 -0.3237
v -0.0390 0.3608 -0.3188
v -0.0464 0.3510 -0.3250
v -0.0500 0.3158 -0.3287
v -0.0460 0.3050 -0.3287
v -0.0481 0.2836 -0.3265
v -0.0487 0.2722 -0.3286
v -0.0440 0.2604 -0.3286
v -0.0373 0.2486 -0.3291
v -0.0258 0.2497 -0.3285
v -0.0130 0.2500 -0.3287
v -0.0023 0.2562 -0.3282
v 0.0077 0.2634 -0.3282
v 0.0152 0.2705 -0.3283
v -0.0566 -0.8604 -0.3229
v -0.0475 -0.8650 -0.3195
v -0.0450 -0.8739 -0.3198
v -0.0456 -0.8884 -0.3197
v -0.0444 -0.8979 -0.3141
v -0.0119 -0.9155 -0.3204
v -0.0023 -0.9142 -0.3259
v 0.3623 -0.7213 -0.3105
v 0.3684 -0.7117 -0.3035
v 0.3958 -0.6648 -0.3068
v 0.4011 -0.6571 -0.3054
v 0.4065 -0.6444 -0.3069
v 0.4078 -0.6322 -0.3067
v 0.3889 -0.5974 -0.3108
v 0.3788 -0.5870 -0.3052
v 0.3701 -0.5820 -0.3064
v 0.3566 -0.5810 -0.3129
v 0.2994 -0.6088 -0.3119
v 0.2944 -0.6189 -0.3119
v 0.2917 -0.6307 -0.3118
v 0.2950 -0.6555 -0.3064
v 0.3136 -0.7083 -0.3093
v 0.3193 -0.7154 -0.3126
v 0.3317 -0.7222 -0.3149
v 0.3448 -0.7240 -0.2989
v 0.3516 -0.7249 -0.3100
v 0.2889 0.1659 -0.3178
v 0.3075 0.1760 -0.3106
v 0.3175 0.1867 -0.3112
v 0.3221 0.2179 -0.3122
v 0.3248 0.2290 -0.3179
v 0.3259 0.2407 -0.3108
v 0.3317 0.2507 -0.3180
v 0.3215 0.2829 -0.3181
v 0.3109 0.2929 -0.3198
v 0.2582 0.2898 -0.3100
v 0.2520 0.2824 -0.3188
v 0.2349 0.2330 -0.3116
v 0.2405 0.2024 -0.3159
v 0.2474 0.1865 -0.3063
v 0.2543 0.1791 -0.3056
v 0.2743 0.1670 -0.3160
v 0.0363 0.3193 -0.3206
v 0.0348 0.3299 -0.3207
v 0.0314 0.3377 -0.3069
v 0.0044 0.3682 -0.3202
v -0.0218 0.3731 -0.3166
v -0.0486 0.3163 -0.3153
v -0.0448 0.3052 -0.3179
v -0.0454 0.2952 -0.3001
v -0.0491 0.2725 -0.3209
v -0.0440 0.2607 -0.3111
v -0.0371 0.2516 -0.3186
v -0.0263 0.2479 -0.3209
v -0.0129 0.2514 -0.3206
v -0.0026 0.2569 -0.3205
v 0.0075 0.2620 -0.3204
v 0.0142 0.2714 -0.3205
v 0.0226 0.2811 -0.3128
v 0.0289 0.2918 -0.3155
v -0.0660 -0.8366 -0.3141
v -0.0612 -0.8465 -0.3136
v -0.0515 -0.8531 -0.3124
v -0.0433 -0.8630 -0.3117
v -0.0449 -0.8743 -0.3122
v -0.0468 -0.8855 -0.3055
v -0.0400 -0.9040 -0.3026
v 0.0153 -0.9063 -0.3064
v 0.3757 -0.6881 -0.3038
v 0.3789 -0.6763 -0.2988
v 0.4059 -0.6216 -0.3033
v 0.4011 -0.6091 -0.2987
v 0.3605 -0.5753 -0.3017
v 0.3483 -0.5757 -0.3044
v 0.3286 -0.5771 -0.3018
v 0.3085 -0.5887 -0.3004
v 0.3012 -0.5965 -0.2991
v 0.2969 -0.6069 -0.3026
v 0.2929 -0.6181 -0.3042
v 0.2906 -0.6299 -0.2999
v 0.2915 -0.6420 -0.3016
v 0.3005 -0.6706 -0.2985
v 0.3216 -0.7168 -0.2959
v 0.3312 -0.7213 -0.3000
v 0.3206 0.1979 -0.3058
v 0.3219 0.2313 -0.3085
v 0.3282 0.2506 -0.3105
v 0.3288 0.2624 -0.3105
v 0.3215 0.2837 -0.3028
v 0.3128 0.2938 -0.3078
v 0.3026 0.2989 -0.3090
v 0.2894 0.2985 -0.3087
v 0.2705 0.2992 -0.2931
v 0.2481 0.2883 -0.2946
v 0.2350 0.2687 -0.2940
v 0.2345 0.2148 -0.3024
v 0.2639 0.1725 -0.3030
v 0.2868 0.1669 -0.3100
v 0.0356 0.3062 -0.3132
v 0.0361 0.3191 -0.3130
v 0.0347 0.3296 -0.3071
v 0.0262 0.3501 -0.3133
v 0.0196 0.3584 -0.3135
v 0.0136 0.3631 -0.3130
v -0.0047 0.3727 -0.3101
v -0.0318 0.3698 -0.3089
v -0.0474 0.3515 -0.3110
v -0.0513 0.3259 -0.3136
v -0.0486 0.2839 -0.2932
v -0.0486 0.2728 -0.3102
v -0.0268 0.2492 -0.3121
v -0.0138 0.2499 -0.3129
v -0.0022 0.2552 -0.3128
v 0.0076 0.2618 -0.3128
v 0.0150 0.2690 -0.3128
v -0.0634 -0.8331 -0.3070
v -0.0553 -0.8429 -0.3045
v -0.0457 -0.8503 -0.3042
v -0.0407 -0.8586 -0.3045
v -0.0456 -0.8757 -0.3047
v -0.0445 -0.8973 -0.3045
v 0.3612 -0.7218 -0.2953
v 0.3676 -0.7100 -0.2952
v 0.3743 -0.6791 -0.2901
v 0.3906 -0.6587 -0.2859
v 0.4041 -0.6434 -0.2918
v 0.4072 -0.6321 -0.2956
v 0.4060 -0.6213 -0.2894
v 0.3900 -0.5873 -0.2849
v 0.3893 -0.5914 -0.2963
v 0.3829 -0.5805 -0.2887
v 0.3353 -0.5725 -0.2981
v 0.3140 -0.5793 -0.2930
v 0.2917 -0.6173 -0.2965
v 0.2951 -0.6545 -0.2954
v 0.3090 -0.6975 -0.2932
v 0.3137 -0.7076 -0.2946
v 0.3516 -0.7244 -0.2952
v 0.3064 0.1757 -0.3024
v 0.3221 0.2397 -0.3027
v 0.3266 0.2608 -0.3026
v 0.3251 0.2707 -0.2988
v 0.2302 0.2543 -0.2910
v 0.2410 0.1972 -0.3030
v 0.2753 0.1696 -0.2999
v 0.0374 0.3172 -0.3048
v 0.0252 0.3495 -0.3057
v 0.0189 0.3584 -0.2997
v 0.0036 0.3701 -0.2991
v -0.0159 0.3761 -0.3001
v -0.0232 0.3749 -0.3061
v -0.0420 0.3614 -0.3041
v -0.0516 0.3400 -0.3039
v -0.0518 0.3262 -0.2989
v -0.0489 0.3168 -0.2945
v -0.0436 0.3058 -0.3036
v -0.0369 0.2522 -0.3029
v -0.0155 0.2495 -0.3050
v -0.0026 0.2551 -0.3051
v 0.0069 0.2618 -0.3051
v 0.0167 0.2712 -0.3051
v 0.0225 0.2804 -0.3027
v 0.0289 0.2907 -0.3052
v 0.0342 0.3023 -0.3050
v -0.0583 -0.8306 -0.2967
v -0.0408 -0.8461 -0.2971
v -0.0416 -0.8583 -0.2971
v -0.0470 -0.8769 -0.2928
v -0.0474 -0.8882 -0.2968
v -0.0441 -0.8956 -0.2858
v -0.0327 -0.9088 -0.2966
v 0.0032 -0.9098 -0.2845
v 0.3607 -0.7222 -0.2876
v 0.3663 -0.7081 -0.2851
v 0.3812 -0.6669 -0.2864
v 0.3971 -0.6488 -0.2792
v 0.4053 -0.6317 -0.2820
v 0.4026 -0.6095 -0.2838
v 0.3745 -0.5710 -0.2844
v 0.3540 -0.5642 -0.2867
v 0.3406 -0.5660 -0.2891
v 0.3210 -0.5711 -0.2875
v 0.3035 -0.5859 -0.2880
v 0.2981 -0.5954 -0.2890
v 0.2940 -0.6057 -0.2890
v 0.2913 -0.6177 -0.2888
v 0.2911 -0.6312 -0.2861
v 0.2924 -0.6420 -0.2858
v 0.3213 -0.7146 -0.2871
v 0.3339 -0.7203 -0.2878
v 0.3494 -0.7234 -0.2874
v 0.3071 0.1789 -0.2914
v 0.3119 0.1906 -0.2754
v 0.3182 0.2014 -0.2921
v 0.3189 0.2110 -0.2875
v 0.3189 0.2316 -0.2944
v 0.3189 0.2408 -0.2918
v 0.3245 0.2615 -0.2952
v 0.3214 0.2829 -0.2926
v 0.3138 0.2947 -0.2956
v 0.3034 0.3032 -0.2894
v 0.2906 0.3054 -0.2873
v 0.2581 0.2942 -0.2950
v 0.2374 0.1994 -0.2817
v 0.2464 0.1880 -0.2953
v 0.2532 0.1794 -0.2920
v 0.2641 0.1732 -0.2888
v 0.2869 0.1702 -0.2814
v 0.0374 0.3179 -0.2974
v 0.0342 0.3297 -0.2977
v 0.0300 0.3411 -0.2936
v 0.0252 0.3496 -0.2980
v 0.0133 0.3640 -0.2982
v -0.0044 0.3743 -0.2984
v -0.0230 0.3756 -0.2979
v -0.0334 0.3721 -0.2986
v -0.0438 0.3638 -0.2900
v -0.0493 0.3524 -0.2959
v -0.0495 0.2729 -0.2979
v -0.0467 0.2616 -0.2912
v -0.0034 0.2518 -0.2934
v 0.0081 0.2599 -0.2972
v 0.0188 0.2704 -0.2941
v 0.0280 0.2905 -0.2974
v 0.0360 0.3017 -0.2975
v -0.0631 -0.8079 -0.2908
v -0.0596 -0.8201 -0.2899
v -0.0537 -0.8287 -0.2898
v -0.0432 -0.8361 -0.2894
v -0.0370 -0.8434 -0.2895
v -0.0424 -0.8604 -0.2894
v -0.0472 -0.8850 -0.2785
v -0.0316 -0.9058 -0.2700
v -0.0208 -0.9089 -0.2670
v 0.0151 -0.9054 -0.2842
v 0.3602 -0.7203 -0.2800
v 0.3716 -0.6740 -0.2785
v 0.4034 -0.6349 -0.2764
v 0.4055 -0.6212 -0.2754
v 0.3678 -0.5614 -0.2753
v 0.3276 -0.5618 -0.2778
v 0.3087 -0.5760 -0.2815
v 0.2966 -0.5944 -0.2814
v 0.2931 -0.6056 -0.2814
v 0.2916 -0.6174 -0.2810
v 0.2994 -0.6600 -0.2764
v 0.3094 -0.6950 -0.2775
v 0.3148 -0.7062 -0.2805
v 0.3348 -0.7159 -0.2717
v 0.3485 -0.7212 -0.2791
v 0.3231 0.2611 -0.2820
v 0.3239 0.2731 -0.2845
v 0.3172 0.2917 -0.2879
v 0.3106 0.2995 -0.2866
v 0.2271 0.2353 -0.2845
v 0.2295 0.2140 -0.2737
v 0.2454 0.1873 -0.2876
v 0.2756 0.1704 -0.2873
v 0.0382 0.3164 -0.2900
v 0.0383 0.3202 -0.2859
v 0.0347 0.3308 -0.2874
v 0.0196 0.3558 -0.2880
v 0.0127 0.3634 -0.2903
v -0.0044 0.3743 -0.2858
v -0.0338 0.3733 -0.2882
v -0.0542 0.3271 -0.2790
v -0.0440 0.3053 -0.2862
v -0.0495 0.2753 -0.2817
v -0.0379 0.2508 -0.2851
v -0.0278 0.2463 -0.2838
v -0.0160 0.2464 -0.2826
v 0.0107 0.2608 -0.2847
v 0.0300 0.2892 -0.2896
v 0.0365 0.3009 -0.2897
v -0.0656 -0.7959 -0.2840
v -0.0638 -0.8027 -0.2836
v -0.0613 -0.8083 -0.2811
v -0.0564 -0.8182 -0.2823
v -0.0488 -0.8260 -0.2820
v -0.0389 -0.8301 -0.2789
v -0.0346 -0.8419 -0.2819
v -0.0454 -0.8666 -0.2802
v -0.0100 -0.9102 -0.2688
v 0.3575 -0.7183 -0.2726
v 0.3619 -0.6966 -0.2615
v 0.3764 -0.6604 -0.2659
v 0.3854 -0.6538 -0.2658
v 0.3985 -0.6385 -0.2632
v 0.4036 -0.6109 -0.2709
v 0.3991 -0.5990 -0.2730
v 0.3924 -0.5848 -0.2734
v 0.3869 -0.5731 -0.2698
v 0.3779 -0.5659 -0.2719
v 0.3440 -0.5571 -0.2753
v 0.3145 -0.5665 -0.2741
v 0.3062 -0.5745 -0.2741
v 0.2997 -0.5837 -0.2740
v 0.2950 -0.5943 -0.2675
v 0.2934 -0.6054 -0.2736
v 0.2947 -0.6197 -0.2571
v 0.2963 -0.6413 -0.2671
v 0.3168 -0.7037 -0.2686
v 0.3259 -0.7110 -0.2682
v 0.3161 0.2037 -0.2735
v 0.3143 0.2330 -0.2604
v 0.3190 0.2934 -0.2681
v 0.2522 0.2991 -0.2725
v 0.2437 0.2906 -0.2808
v 0.2349 0.2824 -0.2741
v 0.2244 0.2460 -0.2739
v 0.2449 0.1871 -0.2762
v 0.2523 0.1793 -0.2763
v 0.2641 0.1729 -0.2732
v 0.2755 0.1701 -0.2678
v 0.0252 0.3463 -0.2684
v 0.0048 0.3689 -0.2728
v -0.0171 0.3784 -0.2784
v -0.0421 0.3692 -0.2770
v -0.0498 0.3588 -0.2795
v -0.0551 0.3415 -0.2776
v -0.0445 0.2982 -0.2828
v -0.0453 0.2594 -0.2816
v -0.0040 0.2504 -0.2821
v 0.0217 0.2737 -0.2813
v 0.0313 0.2891 -0.2822
v 0.0378 0.2979 -0.2822
v 0.0398 0.3095 -0.2823
v -0.0680 -0.7899 -0.2739
v -0.0649 -0.7974 -0.2748
v -0.0536 -0.8157 -0.2746
v -0.0349 -0.8300 -0.2743
v -0.0334 -0.8415 -0.2742
v -0.0451 -0.8674 -0.2741
v -0.0406 -0.8975 -0.2692
v 0.0232 -0.8991 -0.2762
v 0.3569 -0.7152 -0.2666
v 0.3689 -0.6674 -0.2615
v 0.3916 -0.6457 -0.2596
v 0.4029 -0.6263 -0.2611
v 0.4044 -0.6211 -0.2652
v 0.3941 -0.5806 -0.2641
v 0.3722 -0.5548 -0.2607
v 0.3584 -0.5476 -0.2596
v 0.3476 -0.5498 -0.2629
v 0.3296 -0.5528 -0.2660
v 0.3186 -0.5534 -0.2588
v 0.3103 -0.5643 -0.2663
v 0.2987 -0.5823 -0.2657
v 0.2954 -0.5977 -0.2579
v 0.3005 -0.6520 -0.2554
v 0.3079 -0.6807 -0.2522
v 0.3118 -0.6932 -0.2612
v 0.2969 0.1759 -0.2676
v 0.3048 0.1815 -0.2719
v 0.3146 0.2218 -0.2605
v 0.3149 0.2406 -0.2608
v 0.3131 0.3008 -0.2696
v 0.3080 0.3053 -0.2703
v 0.2963 0.3183 -0.2420
v 0.2823 0.3118 -0.2625
v 0.2417 0.2910 -0.2732
v 0.2292 0.2741 -0.2697
v 0.2265 0.2611 -0.2732
v 0.2222 0.2351 -0.2675
v 0.0392 0.3173 -0.2747
v 0.0390 0.3208 -0.2566
v 0.0343 0.3306 -0.2703
v -0.0251 0.3789 -0.2710
v -0.0516 0.3167 -0.2737
v -0.0451 0.3054 -0.2753
v -0.0445 0.2982 -0.2676
v -0.0478 0.2629 -0.2641
v -0.0391 0.2495 -0.2685
v -0.0161 0.2438 -0.2659
v -0.0012 0.2489 -0.2720
v 0.0082 0.2544 -0.2715
v 0.0202 0.2678 -0.2746
v 0.0325 0.2865 -0.2749
v 0.0376 0.2992 -0.2746
v -0.0654 -0.7961 -0.2650
v -0.0585 -0.8061 -0.2670
v -0.0500 -0.8136 -0.2669
v -0.0398 -0.8203 -0.2668
v -0.0326 -0.8280 -0.2647
v -0.0329 -0.8408 -0.2666
v -0.0431 -0.8614 -0.2665
v -0.0455 -0.8759 -0.2611
v 0.0021 -0.9068 -0.2615
v 0.0151 -0.9031 -0.2655
v 0.3563 -0.7084 -0.2577
v 0.4042 -0.6135 -0.2579
v 0.4007 -0.5937 -0.2583
v 0.3906 -0.5686 -0.2583
v 0.3842 -0.5567 -0.2530
v 0.3339 -0.5484 -0.2594
v 0.3072 -0.5623 -0.2566
v 0.3021 -0.5724 -0.2587
v 0.2979 -0.5830 -0.2586
v 0.2959 -0.6322 -0.2581
v 0.3196 -0.7005 -0.2551
v 0.3466 -0.7123 -0.2572
v 0.3019 0.1849 -0.2296
v 0.3106 0.1922 -0.2589
v 0.3139 0.2046 -0.2606
v 0.3231 0.2620 -0.2584
v 0.3254 0.2730 -0.2560
v 0.3238 0.2830 -0.2631
v 0.2521 0.3161 -0.2236
v 0.2394 0.2938 -0.2640
v 0.2321 0.2861 -0.2621
v 0.2206 0.2676 -0.2537
v 0.2213 0.2466 -0.2654
v 0.2256 0.2148 -0.2616
v 0.2312 0.2016 -0.2597
v 0.2439 0.1849 -0.2647
v 0.2535 0.1770 -0.2646
v 0.2867 0.1714 -0.2599
v 0.0403 0.3113 -0.2671
v 0.0126 0.3613 -0.2679
v -0.0046 0.3762 -0.2522
v -0.0152 0.3795 -0.2627
v -0.0351 0.3782 -0.2533
v -0.0431 0.3709 -0.2625
v -0.0512 0.3625 -0.2624
v -0.0573 0.3545 -0.2539
v -0.0597 0.3407 -0.2562
v -0.0467 0.3052 -0.2605
v -0.0460 0.2587 -0.2673
v -0.0039 0.2443 -0.2512
v 0.0145 0.2583 -0.2668
v 0.0218 0.2660 -0.2669
v 0.0273 0.2763 -0.2669
v 0.0349 0.2874 -0.2668
v -0.0669 -0.7916 -0.2528
v -0.0569 -0.8024 -0.2552
v -0.0435 -0.8106 -0.2531
v -0.0367 -0.8194 -0.2590
v -0.0311 -0.8278 -0.2535
v -0.0332 -0.8412 -0.2590
v -0.0430 -0.8608 -0.2588
v -0.0428 -0.8844 -0.2529
v -0.0408 -0.8929 -0.2587
v -0.0319 -0.9026 -0.2584
v -0.0201 -0.9068 -0.2584
v -0.0088 -0.9080 -0.2583
v 0.0149 -0.9006 -0.2542
v 0.3541 -0.7067 -0.2501
v 0.3625 -0.6768 -0.2475
v 0.3729 -0.6549 -0.2413
v 0.3855 -0.6455 -0.2430
v 0.3943 -0.6382 -0.2498
v 0.4007 -0.6249 -0.2467
v 0.4039 -0.6132 -0.2499
v 0.4031 -0.5924 -0.2485
v 0.3987 -0.5763 -0.2504
v 0.3972 -0.5666 -0.2454
v 0.3897 -0.5531 -0.2440
v 0.3753 -0.5483 -0.2505
v 0.3362 -0.5375 -0.2443
v 0.3206 -0.5475 -0.2515
v 0.3132 -0.5529 -0.2514
v 0.3001 -0.5717 -0.2441
v 0.2972 -0.5825 -0.2506
v 0.2956 -0.5942 -0.2509
v 0.2987 -0.6217 -0.2360
v 0.3139 -0.6916 -0.2500
v 0.3279 -0.7006 -0.2435
v 0.3433 -0.7023 -0.2366
v 0.3117 0.3083 -0.2498
v 0.3015 0.3132 -0.2535
v 0.2697 0.3143 -0.2457
v 0.2435 0.3044 -0.2446
v 0.2247 0.2784 -0.2551
v 0.2174 0.2574 -0.2481
v 0.2199 0.2340 -0.2525
v 0.2440 0.1830 -0.2544
v 0.2534 0.1769 -0.2503
v 0.2633 0.1722 -0.2465
v 0.0357 0.3292 -0.2518
v -0.0186 0.3809 -0.2572
v -0.0293 0.3792 -0.2604
v -0.0593 0.3285 -0.2547
v -0.0558 0.3171 -0.2529
v -0.0442 0.2981 -0.2539
v -0.0471 0.2869 -0.2529
v -0.0469 0.2585 -0.2399
v -0.0396 0.2498 -0.2595
v -0.0278 0.2423 -0.2555
v 0.0099 0.2514 -0.2530
v 0.0158 0.2569 -0.2591
v 0.0221 0.2658 -0.2592
v 0.0272 0.2759 -0.2591
v 0.0391 0.2862 -0.2595
v 0.0415 0.2986 -0.2593
v 0.0417 0.3101 -0.2565
v -0.0350 -0.8183 -0.2515
v -0.0339 -0.8415 -0.2513
v -0.0418 -0.8601 -0.2512
v -0.0426 -0.8732 -0.2453
v -0.0393 -0.8912 -0.2512
v -0.0345 -0.9019 -0.2499
v -0.0241 -0.9068 -0.2499
v -0.0200 -0.9096 -0.2493
v -0.0081 -0.9056 -0.2508
v 0.0018 -0.9038 -0.2506
v 0.3538 -0.6972 -0.2363
v 0.3587 -0.6795 -0.2347
v 0.3633 -0.6614 -0.2260
v 0.3929 -0.6371 -0.2422
v 0.4044 -0.6102 -0.2423
v 0.4052 -0.5989 -0.2421
v 0.4039 -0.5771 -0.2400
v 0.3630 -0.5342 -0.2371
v 0.3492 -0.5318 -0.2372
v 0.3197 -0.5429 -0.2440
v 0.3115 -0.5521 -0.2438
v 0.3043 -0.5609 -0.2435
v 0.3048 -0.6513 -0.2210
v 0.3036 -0.6542 -0.2322
v 0.3061 -0.6680 -0.2351
v 0.3171 -0.6904 -0.2381
v 0.3376 -0.7009 -0.2355
v 0.2932 0.1765 -0.2346
v 0.3137 0.2383 -0.2356
v 0.2851 0.3179 -0.2447
v 0.2348 0.1910 -0.2427
v 0.2766 0.1705 -0.2420
v 0.2902 0.1738 -0.2445
v -0.0160 0.3819 -0.2422
v -0.0312 0.3823 -0.2406
v -0.0454 0.3733 -0.2470
v -0.0528 0.3658 -0.2488
v -0.0565 0.3603 -0.2479
v -0.0486 0.3039 -0.2462
v -0.0420 0.2487 -0.2205
v -0.0318 0.2433 -0.2496
v -0.0183 0.2407 -0.2486
v 0.0184 0.2586 -0.2517
v 0.0257 0.2676 -0.2516
v 0.0311 0.2770 -0.2516
v 0.0387 0.2865 -0.2516
v 0.0425 0.2989 -0.2443
v -0.0659 -0.7909 -0.2431
v -0.0484 -0.8001 -0.2367
v -0.0411 -0.8085 -0.2439
v -0.0337 -0.8170 -0.2404
v -0.0309 -0.8274 -0.2437
v -0.0349 -0.8420 -0.2437
v -0.0404 -0.8589 -0.2436
v -0.0415 -0.8777 -0.2436
v -0.0392 -0.8903 -0.2426
v -0.0290 -0.8953 -0.2445
v -0.0178 -0.9027 -0.2439
v -0.0063 -0.9020 -0.2433
v 0.0024 -0.9001 -0.2430
v 0.0147 -0.8957 -0.2423
v 0.3797 -0.6485 -0.2314
v 0.3902 -0.6393 -0.2342
v 0.3975 -0.6289 -0.2334
v 0.4042 -0.6142 -0.2343
v 0.4073 -0.6015 -0.2335
v 0.4063 -0.5627 -0.2271
v 0.4013 -0.5523 -0.2283
v 0.3839 -0.5338 -0.2288
v 0.3380 -0.5326 -0.2366
v 0.3224 -0.5354 -0.2369
v 0.3148 -0.5408 -0.2313
v 0.3092 -0.5512 -0.2352
v 0.3036 -0.5605 -0.2357
v 0.3105 -0.6797 -0.2350
v 0.3255 -0.6956 -0.2342
v 0.3089 0.1967 -0.2343
v 0.3256 0.2622 -0.2380
v 0.3278 0.2852 -0.2361
v 0.3243 0.2955 -0.2370
v 0.3171 0.3078 -0.2357
v 0.3056 0.3175 -0.2351
v 0.2204 0.2983 -0.2049
v 0.2180 0.2819 -0.2278
v 0.2171 0.2700 -0.2427
v 0.2152 0.2329 -0.2299
v 0.2211 0.2110 -0.2347
v 0.2240 0.2012 -0.2269
v 0.2452 0.1797 -0.2357
v 0.2525 0.1752 -0.2355
v 0.0271 0.3416 -0.2299
v 0.0109 0.3613 -0.2351
v 0.0008 0.3719 -0.2451
v -0.0640 0.3449 -0.2397
v -0.0645 0.3347 -0.2404
v -0.0450 0.2977 -0.2446
v -0.0466 0.2872 -0.2374
v 0.0099 0.2498 -0.2439
v 0.0194 0.2566 -0.2440
v 0.0274 0.2665 -0.2439
v 0.0317 0.2766 -0.2439
v 0.0409 0.2860 -0.2388
v 0.0411 0.3109 -0.2397
v 0.0389 0.3204 -0.2442
v -0.0398 -0.8076 -0.2363
v -0.0312 -0.8273 -0.2361
v -0.0354 -0.8430 -0.2360
v -0.0388 -0.8580 -0.2360
v -0.0353 -0.8720 -0.2293
v -0.0335 -0.8853 -0.2368
v -0.0248 -0.8898 -0.2386
v -0.0149 -0.8967 -0.2362
v -0.0076 -0.8974 -0.2361
v 0.0118 -0.8898 -0.2323
v 0.0206 -0.8875 -0.2362
v 0.0244 -0.8815 -0.2355
v 0.3503 -0.6958 -0.2268
v 0.3582 -0.6736 -0.2238
v 0.3720 -0.6525 -0.2218
v 0.3912 -0.6391 -0.2174
v 0.4066 -0.6177 -0.2112
v 0.4114 -0.5870 -0.2242
v 0.4105 -0.5738 -0.2237
v 0.3729 -0.5307 -0.2281
v 0.3535 -0.5208 -0.2221
v 0.3521 -0.5244 -0.2283
v 0.3394 -0.5252 -0.2284
v 0.3220 -0.5323 -0.2286
v 0.3069 -0.6656 -0.2232
v 0.3130 -0.6788 -0.2272
v 0.3184 -0.6867 -0.2273
v 0.3271 -0.6929 -0.2272
v 0.3403 -0.6962 -0.2253
v 0.3115 0.2092 -0.2294
v 0.3165 0.2438 -0.2277
v 0.3308 0.2753 -0.2234
v 0.2299 0.3088 -0.2042
v 0.2139 0.2717 -0.2293
v 0.2146 0.2612 -0.2334
v 0.2375 0.1856 -0.2325
v 0.2631 0.1712 -0.2306
v 0.2765 0.1702 -0.2317
v -0.0469 0.3779 -0.2292
v -0.0558 0.3701 -0.2321
v -0.0652 0.3561 -0.2292
v -0.0651 0.3247 -0.2347
v -0.0622 0.3165 -0.2342
v -0.0544 0.3068 -0.2356
v -0.0457 0.2974 -0.2371
v -0.0496 0.2733 -0.2223
v -0.0489 0.2628 -0.2201
v -0.0331 0.2417 -0.2252
v -0.0239 0.2383 -0.2305
v -0.0183 0.2390 -0.2364
v -0.0058 0.2396 -0.2304
v 0.0017 0.2413 -0.2277
v 0.0106 0.2474 -0.2362
v 0.0196 0.2559 -0.2362
v 0.0277 0.2668 -0.2362
v 0.0320 0.2764 -0.2360
v 0.0433 0.2982 -0.2303
v 0.0369 0.3226 -0.2351
v -0.0666 -0.7868 -0.2280
v -0.0486 -0.7985 -0.2251
v -0.0384 -0.8088 -0.2225
v -0.0329 -0.8205 -0.2249
v -0.0341 -0.8398 -0.2270
v -0.0368 -0.8567 -0.2284
v -0.0300 -0.8815 -0.2291
v -0.0220 -0.8872 -0.2306
v -0.0119 -0.8911 -0.2292
v -0.0066 -0.8915 -0.2292
v 0.0045 -0.8884 -0.2289
v 0.0213 -0.8788 -0.2283
v 0.2940 0.1776 -0.2225
v 0.3285 0.2628 -0.2218
v 0.3282 0.2958 -0.2201
v 0.3232 0.3060 -0.2211
v 0.3169 0.3146 -0.2213
v 0.2888 0.3270 -0.2218
v 0.2635 0.3238 -0.2157
v 0.2150 0.2217 -0.2240
v 0.2187 0.2109 -0.2269
v 0.2421 0.1788 -0.2215
v 0.2544 0.1731 -0.2264
v 0.2846 0.1730 -0.2261
v -0.0033 0.3764 -0.2266
v -0.0137 0.3840 -0.2149
v -0.0251 0.3846 -0.2299
v -0.0610 0.3661 -0.2274
v -0.0705 0.3375 -0.2247
v -0.0473 0.2968 -0.2296
v -0.0480 0.2823 -0.2271
v -0.0446 0.2525 -0.2221
v -0.0192 0.2374 -0.2288
v 0.0109 0.2474 -0.2286
v 0.0204 0.2548 -0.2285
v 0.0291 0.2656 -0.2287
v 0.0428 0.2851 -0.2288
v 0.0413 0.3093 -0.2287
v 0.0337 0.3306 -0.2287
v -0.0338 -0.8415 -0.2203
v -0.0345 -0.8548 -0.2208
v -0.0316 -0.8659 -0.2216
v -0.0256 -0.8769 -0.2219
v -0.0178 -0.8823 -0.2222
v -0.0056 -0.8806 -0.2241
v 0.0021 -0.8814 -0.2225
v 0.0123 -0.8786 -0.2213
v 0.0168 -0.8753 -0.2212
v 0.0246 -0.8649 -0.2207
v 0.3023 -0.6223 -0.2201
v 0.3036 -0.6359 -0.2199
v 0.3135 -0.6764 -0.2197
v 0.3206 -0.6831 -0.2130
v 0.3307 -0.6892 -0.2143
v 0.3504 -0.6918 -0.2195
v 0.3524 -0.6889 -0.2194
v 0.3802 -0.6473 -0.2167
v 0.4142 -0.5996 -0.2068
v 0.4101 -0.5472 -0.2092
v 0.4000 -0.5410 -0.2203
v 0.3958 -0.5307 -0.2148
v 0.3864 -0.5284 -0.2207
v 0.3761 -0.5238 -0.2217
v 0.3640 -0.5219 -0.2204
v 0.3263 -0.5238 -0.2154
v 0.3174 -0.5315 -0.2175
v 0.3128 -0.5351 -0.2135
v 0.3107 0.2079 -0.2085
v 0.3129 0.2210 -0.2122
v 0.3139 0.2334 -0.2165
v 0.3181 0.2434 -0.2088
v 0.3235 0.2520 -0.2137
v 0.3325 0.2846 -0.2151
v 0.3097 0.3229 -0.2181
v 0.3015 0.3272 -0.2183
v 0.2096 0.2754 -0.2122
v 0.2089 0.2629 -0.2197
v 0.2101 0.2539 -0.2197
v 0.2102 0.2425 -0.2193
v 0.2177 0.2108 -0.2192
v 0.2263 0.1938 -0.2113
v 0.2346 0.1842 -0.2113
v 0.2515 0.1738 -0.2188
v 0.2627 0.1703 -0.2187
v 0.2750 0.1700 -0.2185
v 0.2852 0.1723 -0.2185
v 0.0028 0.3708 -0.2163
v -0.0269 0.3862 -0.2162
v -0.0379 0.3839 -0.2187
v -0.0577 0.3741 -0.2196
v -0.0720 0.3500 -0.2173
v -0.0726 0.3284 -0.2193
v -0.0687 0.3168 -0.2222
v -0.0630 0.3071 -0.2212
v -0.0515 0.2961 -0.2209
v -0.0241 0.2368 -0.2191
v -0.0193 0.2369 -0.2211
v -0.0082 0.2385 -0.2209
v 0.0112 0.2451 -0.2210
v 0.0194 0.2541 -0.2210
v 0.0231 0.2565 -0.2210
v 0.0297 0.2652 -0.2210
v 0.0344 0.2751 -0.2210
v 0.0429 0.2858 -0.2213
v 0.0456 0.2986 -0.2147
v -0.0668 -0.6808 -0.2145
v -0.0841 -0.7707 -0.2020
v -0.0729 -0.7810 -0.2088
v -0.0464 -0.8004 -0.2140
v -0.0333 -0.8215 -0.2133
v -0.0324 -0.8368 -0.2131
v -0.0310 -0.8517 -0.2132
v -0.0267 -0.8625 -0.2135
v -0.0205 -0.8707 -0.2143
v -0.0113 -0.8727 -0.2168
v -0.0022 -0.8719 -0.2173
v 0.0018 -0.8731 -0.2148
v 0.0118 -0.8688 -0.2138
v 0.0226 -0.8548 -0.2112
v 0.3174 -0.6066 -0.2135
v 0.3088 -0.6140 -0.2131
v 0.3048 -0.6237 -0.2125
v 0.3039 -0.6361 -0.2123
v 0.3042 -0.6425 -0.2122
v 0.3049 -0.6535 -0.2120
v 0.3076 -0.6662 -0.2120
v 0.3138 -0.6756 -0.2119
v 0.3409 -0.6904 -0.2119
v 0.3508 -0.6861 -0.2119
v 0.3488 -0.6819 -0.2035
v 0.3986 -0.6311 -0.2010
v 0.4142 -0.5597 -0.2091
v 0.4084 -0.5357 -0.2009
v 0.3892 -0.5241 -0.2129
v 0.3786 -0.5202 -0.2129
v 0.3673 -0.5167 -0.2138
v 0.3545 -0.5149 -0.2130
v 0.3414 -0.5168 -0.2132
v 0.2936 0.1777 -0.2110
v 0.3013 0.1872 -0.2034
v 0.3082 0.1996 -0.2051
v 0.3319 0.2623 -0.2079
v 0.3338 0.2732 -0.2112
v 0.2071 0.2650 -0.2105
v 0.2081 0.2533 -0.2115
v 0.2090 0.2401 -0.2118
v 0.2107 0.2203 -0.2121
v 0.2162 0.2097 -0.2118
v 0.2449 0.1748 -0.2112
v 0.2597 0.1694 -0.2109
v 0.2638 0.1680 -0.2110
v 0.2749 0.1683 -0.2105
v 0.2847 0.1724 -0.2108
v 0.0449 0.2868 -0.2132
v 0.0308 0.3374 -0.2074
v -0.0071 0.3805 -0.2145
v -0.0481 0.3826 -0.2112
v -0.0725 0.3168 -0.2145
v -0.0104 0.2342 -0.2139
v 0.0026 0.2421 -0.2127
v 0.0159 0.2493 -0.2134
v -0.0595 -0.6707 -0.2074
v -0.0700 -0.6748 -0.2077
v -0.0388 -0.8136 -0.1934
v -0.0336 -0.8219 -0.2056
v -0.0305 -0.8346 -0.2053
v -0.0271 -0.8481 -0.2057
v -0.0211 -0.8576 -0.2063
v -0.0185 -0.8603 -0.2069
v -0.0089 -0.8627 -0.2096
v 0.0005 -0.8634 -0.2073
v 0.0112 -0.8588 -0.2071
v -0.0824 -0.9347 -0.8275
v 0.3253 -0.6106 -0.2047
v 0.3137 -0.6168 -0.2053
v 0.3077 -0.6254 -0.2050
v 0.3053 -0.6358 -0.2048
v 0.3044 -0.6451 -0.2046
v 0.3144 -0.6609 -0.2027
v 0.3084 -0.6660 -0.2042
v 0.3145 -0.6746 -0.2043
v 0.3228 -0.6814 -0.2043
v 0.3326 -0.6852 -0.2032
v 0.3433 -0.6856 -0.2044
v 0.3609 -0.6563 -0.2030
v 0.3740 -0.6475 -0.1964
v 0.3795 -0.6436 -0.1860
v 0.3883 -0.6400 -0.1980
v 0.4014 -0.5263 -0.2007
v 0.3912 -0.5209 -0.2053
v 0.3805 -0.5166 -0.2056
v 0.3689 -0.5119 -0.2060
v 0.3546 -0.5110 -0.2050
v 0.3285 -0.5150 -0.2057
v 0.3229 -0.5208 -0.2055
v 0.3150 -0.5283 -0.2057
v 0.2802 0.1732 -0.2034
v 0.2858 0.1709 -0.2030
v 0.2940 0.1781 -0.2016
v 0.3139 0.2183 -0.1942
v 0.3170 0.2381 -0.2030
v 0.3304 0.2513 -0.1908
v 0.3456 0.2745 -0.1790
v 0.3491 0.2920 -0.1664
v 0.0029 0.3733 -0.1989
v -0.0065 0.3826 -0.1940
v -0.0193 0.3876 -0.2028
v -0.0481 0.3856 -0.1986
v -0.0600 0.3776 -0.2073
v -0.0693 0.3730 -0.1972
v -0.0750 0.3629 -0.1989
v -0.0784 0.3279 -0.2069
v -0.0765 0.3169 -0.2069
v -0.0181 0.2254 -0.2059
v -0.0502 -0.6638 -0.1993
v -0.0619 -0.6663 -0.1991
v -0.0704 -0.6739 -0.1994
v -0.0722 -0.7831 -0.1956
v -0.0546 -0.7982 -0.1846
v -0.0334 -0.8222 -0.1979
v -0.0284 -0.8329 -0.1977
v -0.0220 -0.8453 -0.1980
v -0.0170 -0.8503 -0.1990
v -0.0073 -0.8542 -0.2002
v 0.0026 -0.8519 -0.1972
v 0.3863 0.1707 -0.8204
v 0.3325 -0.6156 -0.1977
v 0.3203 -0.6207 -0.1973
v 0.3090 -0.6285 -0.1970
v 0.3039 -0.6355 -0.1897
v 0.3042 -0.6451 -0.1971
v 0.3115 -0.6628 -0.1975
v 0.3188 -0.6755 -0.1967
v 0.3415 -0.6829 -0.1968
v 0.3482 -0.6774 -0.1967
v 0.3612 -0.6545 -0.1963
v 0.4066 -0.6196 -0.1941
v 0.3939 -0.5178 -0.1976
v 0.3842 -0.5103 -0.1988
v 0.3727 -0.5079 -0.1985
v 0.3563 -0.5054 -0.1985
v 0.3440 -0.5098 -0.1983
v 0.3283 -0.5132 -0.1983
v 0.3196 -0.5190 -0.1984
v 0.3138 -0.5241 -0.1973
v 0.3069 0.1970 -0.1888
v 0.3112 0.2080 -0.1925
v 0.3231 0.2423 -0.1844
v 0.3421 0.2625 -0.1788
v 0.3369 0.3014 -0.1921
v 0.0464 0.3005 -0.1979
v 0.0388 0.3267 -0.1995
v 0.0304 0.3397 -0.1988
v -0.0591 0.3816 -0.1964
v -0.0802 0.3539 -0.1953
v -0.0910 0.3423 -0.1747
v -0.0907 0.3286 -0.1778
v -0.0819 0.3167 -0.1985
v -0.0538 -0.6585 -0.1919
v -0.0731 -0.6693 -0.1893
v -0.0808 -0.6781 -0.1918
v -0.0885 -0.6886 -0.1960
v -0.0441 -0.8079 -0.1832
v -0.0268 -0.8303 -0.1899
v -0.0246 -0.8333 -0.1901
v -0.0135 -0.8351 -0.1841
v -0.0074 -0.8372 -0.1848
v 0.3223 -0.6217 -0.1895
v 0.3108 -0.6285 -0.1894
v 0.3038 -0.6519 -0.1894
v 0.3091 -0.6646 -0.1892
v 0.3166 -0.6721 -0.1890
v 0.3276 -0.6737 -0.1753
v 0.3330 -0.6803 -0.1889
v 0.3421 -0.6788 -0.1891
v 0.3456 -0.6748 -0.1881
v 0.3546 -0.6598 -0.1890
v 0.4060 -0.5245 -0.1894
v 0.3976 -0.5123 -0.1844
v 0.3858 -0.5081 -0.1901
v 0.3747 -0.5038 -0.1914
v 0.3633 -0.5018 -0.1913
v 0.3524 -0.5014 -0.1913
v 0.3413 -0.4998 -0.1896
v 0.3353 -0.5034 -0.1901
v 0.3212 -0.5124 -0.1891
v 0.3128 -0.5223 -0.1902
v 0.0532 0.2977 -0.1902
v 0.0492 0.3115 -0.1901
v 0.0449 0.3209 -0.1896
v 0.0382 0.3348 -0.1908
v 0.0200 0.3567 -0.1903
v 0.0054 0.3725 -0.1908
v -0.0125 0.3871 -0.1883
v -0.0238 0.3894 -0.1917
v -0.0321 0.3913 -0.1821
v -0.0836 0.3066 -0.1829
v 0.0201 0.1862 -0.1908
v 0.0312 0.1826 -0.1899
v 0.0411 0.1773 -0.1900
v -0.0824 -0.6726 -0.1812
v -0.0931 -0.6846 -0.1789
v -0.0958 -0.6956 -0.1860
v -0.0327 -0.8196 -0.1823
v 0.3112 -0.6276 -0.1815
v 0.3055 -0.6367 -0.1818
v 0.3030 -0.6448 -0.1818
v 0.3083 -0.6613 -0.1816
v 0.3123 -0.6659 -0.1815
v 0.3198 -0.6683 -0.1692
v 0.3338 -0.6778 -0.1814
v 0.3430 -0.6748 -0.1815
v 0.3544 -0.6580 -0.1813
v 0.3621 -0.6486 -0.1681
v 0.3851 -0.6378 -0.1635
v 0.3876 -0.5048 -0.1824
v 0.3772 -0.4993 -0.1837
v 0.3663 -0.4973 -0.1837
v 0.3551 -0.4949 -0.1837
v 0.3314 -0.5013 -0.1822
v 0.3160 -0.5120 -0.1802
v 0.3150 0.2102 -0.1651
v 0.0520 0.3266 -0.1823
v 0.0455 0.3364 -0.1827
v 0.0366 0.3460 -0.1833
v 0.0164 0.3658 -0.1835
v 0.0032 0.3772 -0.1839
v -0.0055 0.3840 -0.1840
v -0.0222 0.3925 -0.1749
v -0.0504 0.3913 -0.1706
v -0.0812 0.3685 -0.1750
v -0.0869 0.3575 -0.1746
v 0.0096 0.1921 -0.1808
v 0.0292 0.1808 -0.1821
v 0.0391 0.1754 -0.1820
v 0.0468 0.1674 -0.1828
v 0.0510 0.1646 -0.1835
v 0.0580 0.1539 -0.1822
v 0.0591 0.1363 -0.1829
v 0.0555 0.1162 -0.1816
v -0.0981 -0.6934 -0.1730
v -0.1007 -0.7128 -0.1799
v 0.3037 -0.6327 -0.1745
v 0.3005 -0.6462 -0.1741
v 0.3038 -0.6541 -0.1740
v 0.3110 -0.6623 -0.1688
v 0.3382 -0.6742 -0.1737
v 0.3442 -0.6704 -0.1739
v 0.3539 -0.6560 -0.1721
v 0.3953 -0.6297 -0.1575
v 0.4016 -0.5082 -0.1672
v 0.3887 -0.5028 -0.1749
v 0.3787 -0.4974 -0.1750
v 0.3678 -0.4947 -0.1749
v 0.3571 -0.4907 -0.1750
v 0.3491 -0.4898 -0.1674
v 0.3220 0.2352 -0.1729
v 0.3305 0.2420 -0.1588
v 0.0519 0.3437 -0.1749
v 0.0406 0.3574 -0.1731
v 0.0232 0.3692 -0.1749
v 0.0139 0.3741 -0.1760
v 0.0012 0.3829 -0.1751
v -0.0123 0.3906 -0.1730
v -0.0657 0.3920 -0.1513
v 0.0422 0.1730 -0.1743
v 0.0506 0.1644 -0.1744
v 0.0522 0.1442 -0.1744
v 0.0496 0.1263 -0.1732
v 0.0295 0.0502 -0.1739
v 0.0173 0.0217 -0.1714
v -0.0871 -0.6701 -0.1682
v -0.0951 -0.6826 -0.1685
v 0.3022 -0.6329 -0.1665
v 0.3053 -0.6502 -0.1665
v 0.3047 -0.6533 -0.1663
v 0.3290 -0.6710 -0.1661
v 0.3343 -0.6721 -0.1661
v 0.3449 -0.6646 -0.1661
v 0.3909 -0.4989 -0.1670
v 0.3812 -0.4944 -0.1666
v 0.3700 -0.4916 -0.1664
v 0.3602 -0.4920 -0.1671
v 0.0300 0.3761 -0.1643
v 0.0196 0.3764 -0.1694
v 0.0045 0.3876 -0.1634
v -0.0301 0.3955 -0.1648
v -0.0943 0.3493 -0.1591
v -0.0950 0.3175 -0.1600
v 0.0007 0.1995 -0.1787
v 0.0253 0.1870 -0.1596
v 0.0338 0.1797 -0.1667
v 0.0422 0.1726 -0.1668
v 0.0476 0.1630 -0.1667
v 0.0486 0.1543 -0.1666
v 0.0483 0.1428 -0.1666
v 0.0377 0.1155 -0.1586
v 0.0248 0.0672 -0.1616
v 0.0215 0.0481 -0.1670
v 0.0157 0.0314 -0.1664
v 0.0075 0.0052 -0.1640
v -0.0997 -0.6934 -0.1590
v -0.1018 -0.7046 -0.1559
v -0.1024 -0.7185 -0.1554
v 0.3007 -0.6477 -0.1589
v 0.3027 -0.6513 -0.1588
v 0.3106 -0.6596 -0.1587
v 0.3228 -0.6658 -0.1586
v 0.3353 -0.6682 -0.1573
v 0.3520 -0.6514 -0.1518
v 0.4036 -0.5052 -0.1516
v 0.3935 -0.4940 -0.1493
v 0.3816 -0.4910 -0.1579
v 0.3232 0.2318 -0.1590
v 0.3407 0.2483 -0.1507
v 0.0118 0.3938 -0.1528
v -0.0113 0.3953 -0.1613
v -0.0219 0.3971 -0.1613
v -0.0465 0.3993 -0.1475
v -0.0767 0.3841 -0.1518
v -0.0936 0.3639 -0.1453
v -0.0983 0.3289 -0.1526
v -0.0133 0.2168 -0.1592
v 0.0056 0.2029 -0.1577
v 0.0341 0.1799 -0.1592
v 0.0406 0.1720 -0.1592
v 0.0432 0.1644 -0.1591
v 0.0414 0.1505 -0.1540
v 0.0332 0.0887 -0.1630
v 0.0253 0.0965 -0.1462
v 0.0072 0.0452 -0.1486
v 0.0036 0.0297 -0.1518
v 0.3018 -0.6480 -0.1508
v 0.3055 -0.6509 -0.1385
v 0.3120 -0.6566 -0.1451
v 0.3245 -0.6621 -0.1436
v 0.3406 -0.6638 -0.1509
v 0.4127 -0.5202 -0.1536
v 0.4077 -0.5102 -0.1479
v 0.3735 -0.4851 -0.1513
v -0.0104 0.4007 -0.1530
v -0.0210 0.4014 -0.1539
v -0.0305 0.4000 -0.1539
v -0.0839 0.3753 -0.1539
v -0.0000 0.2056 -0.1451
v 0.0282 0.1847 -0.1462
v 0.0333 0.1797 -0.1517
v 0.0366 0.1739 -0.1491
v 0.0396 0.1636 -0.1514
v 0.0352 0.1329 -0.1459
v -0.0075 0.0037 -0.1500
v 0.3360 -0.6643 -0.1434
v 0.3528 -0.6492 -0.1433
v 0.4186 -0.5330 -0.1428
v 0.4109 -0.5134 -0.1297
v 0.3816 -0.4833 -0.1389
v 0.3640 -0.4783 -0.1384
v 0.2728 0.0004 -0.1442
v 0.2418 0.0361 -0.1627
v 0.2635 0.0243 -0.1457
v 0.2666 0.0432 -0.1362
v 0.0333 0.3928 -0.1486
v -0.0194 0.4075 -0.1463
v -0.0303 0.4044 -0.1462
v -0.0907 0.3781 -0.1236
v -0.1018 0.3433 -0.1320
v -0.0174 0.2153 -0.1419
v 0.0170 0.1936 -0.1409
v 0.0354 0.1626 -0.1401
v 0.0344 0.1519 -0.1384
v 0.3364 -0.6619 -0.1357
v 0.4201 -0.5410 -0.1350
v 0.3749 -0.4795 -0.1368
v 0.3523 -0.4772 -0.1374
v 0.3099 -0.1729 -0.1294
v 0.2815 0.0231 -0.1293
v 0.0446 0.4050 -0.1356
v 0.0181 0.4131 -0.1325
v -0.0065 0.4138 -0.1386
v -0.0179 0.4140 -0.1386
v -0.0306 0.4085 -0.1386
v -0.0432 0.4030 -0.1372
v -0.1014 0.3539 -0.1229
v -0.1023 0.3310 -0.1331
v -0.0369 0.2256 -0.1391
v -0.0292 0.2184 -0.1335
v 0.0271 0.1835 -0.1364
v 0.0309 0.1732 -0.1317
v 0.0292 0.1312 -0.1330
v 0.0006 0.0652 -0.1262
v 0.3062 -0.6220 -0.1284
v 0.2959 -0.6337 -0.1283
v 0.3277 -0.6584 -0.1254
v 0.4174 -0.5734 -0.1280
v 0.4202 -0.5648 -0.1296
v 0.4196 -0.5486 -0.1237
v 0.4097 -0.5136 -0.0945
v 0.4013 -0.4969 -0.1229
v 0.3920 -0.4881 -0.1289
v 0.3798 -0.4785 -0.1272
v 0.3650 -0.4736 -0.1291
v 0.3541 -0.4709 -0.1296
v 0.3417 -0.4754 -0.1293
v 0.3286 -0.4904 -0.1292
v 0.0055 -0.6555 -0.1257
v 0.0127 -0.6565 -0.1302
v 0.0245 -0.6463 -0.1303
v 0.3055 -0.2122 -0.1219
v 0.2747 0.0618 -0.1192
v -0.0050 0.4213 -0.1292
v -0.0189 0.4189 -0.1320
v -0.0318 0.4107 -0.1318
v -0.0420 0.2249 -0.1294
v 0.0113 0.1926 -0.1232
v 0.0233 0.1855 -0.1298
v 0.0290 0.1619 -0.1188
v -0.0502 -0.0782 -0.1261
v -0.0477 -0.1032 -0.1311
v 0.3044 -0.6215 -0.1208
v 0.2930 -0.6334 -0.1208
v 0.4140 -0.5837 -0.1199
v 0.4159 -0.5734 -0.1196
v 0.3941 -0.4869 -0.1177
v 0.3886 -0.4797 -0.1127
v 0.3658 -0.4706 -0.1214
v 0.3548 -0.4685 -0.1218
v 0.3429 -0.4721 -0.1214
v 0.3264 -0.4729 -0.1218
v 0.3207 -0.4789 -0.1218
v 0.3145 -0.4887 -0.1217
v 0.3105 -0.4981 -0.1216
v 0.0153 -0.6525 -0.1226
v 0.0261 -0.6476 -0.1225
v 0.0344 -0.6370 -0.1226
v 0.3064 -0.6220 -0.1131
v 0.2922 -0.6331 -0.1131
v 0.4107 -0.5969 -0.1195
v 0.4162 -0.5596 -0.1109
v 0.4012 -0.4945 -0.1095
v 0.3803 -0.4735 -0.1130
v 0.3662 -0.4680 -0.1140
v 0.3550 -0.4669 -0.1144
v 0.3436 -0.4680 -0.1141
v 0.3312 -0.4714 -0.1142
v 0.3175 -0.4795 -0.1141
v 0.3130 -0.4889 -0.1141
v 0.3131 -0.4960 -0.1140
v -0.0038 -0.6518 -0.1180
v 0.0183 -0.6477 -0.1148
v 0.0218 -0.6399 -0.1170
v 0.0265 -0.6453 -0.1149
v 0.0357 -0.6394 -0.1149
v 0.2878 0.0477 -0.1111
v 0.2649 0.0753 -0.1273
v 0.0157 0.4230 -0.1209
v -0.0088 0.4253 -0.1234
v -0.0195 0.4230 -0.1234
v -0.0323 0.4133 -0.1225
v -0.0434 0.4055 -0.1221
v -0.0624 0.4001 -0.1153
v -0.0825 0.3895 -0.1145
v -0.0990 0.3664 -0.1135
v -0.1039 0.3220 -0.1128
v -0.0443 0.2250 -0.1208
v -0.0353 0.2173 -0.1215
v -0.0235 0.2108 -0.1218
v -0.0131 0.2049 -0.1177
v 0.0207 0.1854 -0.1212
v 0.0272 0.1766 -0.1211
v 0.0257 0.1737 -0.1129
v 0.0271 0.1496 -0.1178
v 0.0211 0.1453 -0.1067
v 0.0135 0.1046 -0.1185
v -0.0655 -0.0848 -0.1097
v -0.0646 -0.1397 -0.1131
v -0.0533 -0.1476 -0.1236
v -0.0463 -0.1620 -0.1275
v -0.0135 -0.2604 -0.1186
v -0.0003 0.4310 -0.1129
v -0.0092 0.4303 -0.1144
v -0.0196 0.4267 -0.1141
v -0.0479 0.2234 -0.1128
v -0.0419 0.2129 -0.1069
v -0.0302 0.2073 -0.1101
v 0.0080 0.1911 -0.1112
v 0.0172 0.1833 -0.1108
v -0.0014 0.0963 -0.1005
v -0.0291 0.0291 -0.1082
v -0.0613 -0.0602 -0.1092
v -0.0724 -0.1194 -0.1046
v -0.0618 -0.1744 -0.1114
v -0.0466 -0.2010 -0.1179
v -0.0320 -0.2633 -0.1055
v -0.0193 -0.2685 -0.1113
v 0.0040 -0.2952 -0.1101
v 0.0173 -0.3056 -0.1104
v 0.4039 -0.6079 -0.1057
v 0.4082 -0.5968 -0.0992
v 0.4115 -0.5835 -0.0971
v 0.4137 -0.5317 -0.0989
v 0.4086 -0.5094 -0.1056
v 0.3960 -0.4830 -0.1001
v 0.3699 -0.4644 -0.1063
v 0.3564 -0.4623 -0.1066
v 0.3447 -0.4635 -0.1065
v 0.3319 -0.4682 -0.1067
v 0.3235 -0.4684 -0.1065
v 0.3155 -0.4776 -0.1065
v 0.3105 -0.4876 -0.1065
v 0.0133 -0.6441 -0.1074
v 0.0228 -0.6434 -0.1073
v 0.0333 -0.6398 -0.1073
v 0.4048 -0.6068 -0.0970
v 0.4139 -0.5565 -0.0977
v 0.4048 -0.4989 -0.0981
v 0.3999 -0.4841 -0.0892
v 0.3629 -0.4581 -0.0985
v 0.3514 -0.4557 -0.0991
v 0.3461 -0.4555 -0.1002
v 0.3339 -0.4619 -0.0989
v 0.3209 -0.4677 -0.0989
v 0.3143 -0.4772 -0.0989
v 0.3080 -0.4868 -0.0988
v 0.0089 -0.6434 -0.0998
v 0.0114 -0.6395 -0.1001
v 0.0226 -0.6392 -0.1003
v 0.0338 -0.6364 -0.0995
v 0.3192 -0.2364 -0.1022
v 0.2893 0.0959 -0.0828
v 0.2779 0.0931 -0.0996
v -0.0257 0.4235 -0.1075
v -0.0438 0.4076 -0.1030
v -0.1058 0.3449 -0.0982
v -0.0532 0.2202 -0.1054
v -0.0183 0.2020 -0.1061
v 0.0230 0.1592 -0.1057
v 0.0086 0.1218 -0.0998
v -0.0778 -0.1457 -0.0976
v -0.0726 -0.1756 -0.0992
v -0.0692 -0.1988 -0.0974
v -0.0247 -0.2988 -0.0893
v 0.4074 -0.6102 -0.0874
v 0.4104 -0.5954 -0.0884
v 0.4118 -0.5847 -0.0897
v 0.4135 -0.5683 -0.0898
v 0.4148 -0.5491 -0.0899
v 0.4144 -0.5404 -0.0822
v 0.4128 -0.5255 -0.0843
v 0.4080 -0.5003 -0.0852
v 0.3654 -0.4529 -0.0901
v 0.3541 -0.4506 -0.0911
v -0.0057 -0.6355 -0.0915
v 0.0125 -0.6343 -0.0924
v 0.0270 -0.6332 -0.0926
v 0.0423 -0.6303 -0.0921
v 0.3143 -0.2706 -0.0916
v 0.3134 -0.2551 -0.0988
v 0.3683 -0.1900 -0.0727
v 0.3052 0.0297 -0.1028
v -0.0340 0.4170 -0.0899
v -0.0827 0.3984 -0.0721
v -0.0974 0.3768 -0.0941
v -0.1067 0.3548 -0.0807
v -0.0595 0.2154 -0.0994
v -0.0484 0.2103 -0.0984
v -0.0345 0.2042 -0.0993
v -0.0146 0.1918 -0.0914
v -0.0088 0.1939 -0.0985
v 0.0027 0.1879 -0.0987
v 0.0113 0.1802 -0.0982
v 0.0180 0.1711 -0.0983
v 0.0176 0.1581 -0.0976
v 0.0112 0.1451 -0.0930
v -0.0653 -0.0366 -0.0955
v -0.0836 -0.0884 -0.0855
v -0.0871 -0.1268 -0.0857
v -0.0474 -0.2437 -0.1024
v -0.0400 -0.2681 -0.0957
v 0.0164 -0.3243 -0.0958
v -0.0431 0.4121 -0.0849
v -0.0594 0.4084 -0.0745
v -0.0749 0.4018 -0.0784
v -0.0897 0.3931 -0.0716
v -0.0641 0.2125 -0.0918
v -0.0408 0.2029 -0.0909
v 0.0015 0.1749 -0.0840
v 0.0097 0.1662 -0.0891
v -0.0372 0.0911 -0.0543
v -0.0881 -0.1583 -0.0826
v -0.0831 -0.1916 -0.0836
v -0.0686 -0.2363 -0.0861
v -0.0664 -0.2613 -0.0771
v -0.0498 -0.2749 -0.0848
v -0.0066 -0.3234 -0.0841
v 0.0127 -0.3362 -0.0859
v 0.4130 -0.6196 -0.0702
v 0.4135 -0.5846 -0.0822
v 0.4147 -0.5591 -0.0819
v 0.4132 -0.5165 -0.0770
v 0.4047 -0.4858 -0.0787
v 0.3889 -0.4589 -0.0789
v 0.3757 -0.4572 -0.0897
v 0.3569 -0.4458 -0.0828
v -0.0183 -0.6347 -0.0847
v -0.0063 -0.6322 -0.0847
v 0.0192 -0.6261 -0.0770
v 0.0351 -0.6237 -0.0777
v 0.0410 -0.6264 -0.0847
v 0.3365 -0.2779 -0.0645
v -0.0967 0.3852 -0.0692
v -0.1036 0.3678 -0.0783
v -0.0683 0.2101 -0.0843
v -0.0576 0.2042 -0.0839
v -0.0455 0.2002 -0.0829
v -0.0324 0.1942 -0.0833
v -0.0114 0.1809 -0.0781
v -0.0026 0.1562 -0.0756
v -0.0126 0.1153 -0.0753
v -0.0818 -0.0555 -0.0769
v -0.0817 -0.2189 -0.0777
v -0.0465 -0.3116 -0.0651
v -0.0314 -0.3259 -0.0661
v 0.4190 -0.5959 -0.0630
v 0.4171 -0.5768 -0.0730
v 0.4164 -0.5556 -0.0750
v 0.4123 -0.4989 -0.0693
v 0.3926 -0.4718 -0.0880
v 0.3827 -0.4506 -0.0760
v -0.0191 -0.6339 -0.0772
v -0.0074 -0.6308 -0.0771
v 0.0054 -0.6277 -0.0770
v -0.0810 -0.5873 -0.0705
v -0.0871 -0.5971 -0.0704
v 0.0167 -0.7895 -0.0795
v 0.0263 -0.7897 -0.0608
v 0.0396 -0.7793 -0.0710
v 0.0470 -0.7730 -0.0722
v 0.0538 -0.7681 -0.0681
v 0.4194 -0.5566 -0.0671
v 0.4170 -0.5178 -0.0644
v 0.4097 -0.4759 -0.0596
v 0.3999 -0.4638 -0.0678
v 0.3946 -0.4533 -0.0659
v 0.3912 -0.4414 -0.0610
v 0.3599 -0.2282 -0.0650
v -0.0703 0.2096 -0.0760
v -0.0610 0.2027 -0.0759
v -0.0496 0.1971 -0.0756
v -0.0360 0.1947 -0.0736
v -0.0245 0.1858 -0.0756
v -0.0055 0.1714 -0.0754
v -0.0083 0.1399 -0.0715
v -0.0679 -0.0164 -0.0804
v -0.0811 -0.0409 -0.0691
v -0.0911 -0.0778 -0.0689
v -0.0996 -0.1289 -0.0657
v -0.0998 -0.1543 -0.0649
v -0.0953 -0.1842 -0.0682
v -0.0924 -0.1949 -0.0686
v -0.0821 -0.2436 -0.0675
v -0.0611 -0.2898 -0.0669
v 0.0185 -0.3742 -0.0549
v -0.0271 -0.6414 -0.0697
v -0.0166 -0.6362 -0.0694
v -0.0061 -0.6324 -0.0694
v 0.0179 -0.6253 -0.0693
v 0.0288 -0.6235 -0.0692
v 0.0383 -0.6227 -0.0691
v -0.0659 -0.5726 -0.0669
v -0.0782 -0.5752 -0.0626
v -0.0859 -0.5834 -0.0625
v -0.0917 -0.5950 -0.0622
v -0.0953 -0.6058 -0.0627
v 0.0044 -0.7936 -0.0745
v 0.0188 -0.7956 -0.0511
v 0.0560 -0.7693 -0.0604
v 0.0577 -0.7580 -0.0599
v 0.4126 -0.6336 -0.0617
v 0.4288 -0.5774 -0.0462
v 0.4162 -0.4968 -0.0588
v 0.4065 -0.4581 -0.0535
v 0.3137 -0.3162 -0.0665
v 0.3292 -0.3089 -0.0544
v 0.3799 -0.1728 -0.0650
v -0.1042 0.3718 -0.0625
v -0.1090 0.3545 -0.0731
v -0.0703 0.2033 -0.0622
v -0.0525 0.1932 -0.0672
v -0.0410 0.1891 -0.0680
v -0.0294 0.1832 -0.0677
v -0.0105 0.1690 -0.0678
v -0.0087 0.1532 -0.0674
v -0.0805 -0.0045 -0.0508
v -0.0999 -0.1012 -0.0595
v -0.0932 -0.2066 -0.0656
v -0.0938 -0.2238 -0.0591
v -0.0747 -0.2679 -0.0647
v -0.0054 -0.3700 -0.0449
v -0.0346 -0.6491 -0.0628
v -0.0227 -0.6444 -0.0601
v -0.0100 -0.6397 -0.0615
v 0.0106 -0.6327 -0.0617
v 0.0167 -0.6384 -0.0539
v 0.0365 -0.6268 -0.0615
v -0.0750 -0.5581 -0.0509
v -0.0868 -0.5706 -0.0540
v -0.0935 -0.5820 -0.0549
v -0.1062 -0.5993 -0.0489
v -0.1073 -0.6186 -0.0505
v -0.1047 -0.6293 -0.0547
v -0.0242 -0.7920 -0.0570
v 0.0092 -0.7992 -0.0418
v 0.0466 -0.7886 -0.0380
v 0.0506 -0.7814 -0.0487
v 0.0578 -0.7722 -0.0527
v 0.0620 -0.7614 -0.0527
v 0.4135 -0.6386 -0.0488
v 0.4167 -0.6228 -0.0513
v 0.4194 -0.6096 -0.0519
v 0.4315 -0.5601 -0.0413
v 0.3172 -0.3367 -0.0568
v 0.3591 -0.2576 -0.0503
v 0.3808 -0.2211 -0.0451
v -0.1149 0.3481 -0.0651
v -0.0357 0.1803 -0.0540
v -0.0207 0.1747 -0.0602
v -0.0179 0.1633 -0.0548
v -0.0931 -0.0570 -0.0552
v -0.1025 -0.1898 -0.0547
v -0.0825 -0.2720 -0.0522
v -0.0731 -0.2987 -0.0471
v -0.0579 -0.3142 -0.0527
v -0.0505 -0.3251 -0.0509
v -0.0283 -0.6555 -0.0541
v -0.0176 -0.6507 -0.0541
v 0.0001 -0.6531 -0.0464
v -0.0903 -0.5592 -0.0473
v -0.0960 -0.5679 -0.0474
v -0.1012 -0.5775 -0.0474
v -0.1079 -0.5865 -0.0441
v -0.0284 -0.7928 -0.0433
v 0.0296 -0.7934 -0.0441
v 0.0636 -0.7760 -0.0373
v 0.0654 -0.7624 -0.0441
v 0.4176 -0.6236 -0.0436
v 0.4214 -0.6116 -0.0438
v 0.4290 -0.6052 -0.0313
v 0.4287 -0.5941 -0.0399
v 0.4314 -0.5127 -0.0335
v 0.4290 -0.4748 -0.0256
v 0.3324 -0.3438 -0.0464
v 0.3319 -0.3329 -0.0434
v 0.3942 -0.1972 -0.0393
v 0.3920 -0.1776 -0.0487
v -0.1055 0.3742 -0.0502
v -0.0771 0.2059 -0.0492
v -0.0273 0.1715 -0.0466
v -0.0198 0.1481 -0.0510
v -0.0212 0.1365 -0.0525
v -0.0260 0.1225 -0.0516
v -0.1042 -0.0790 -0.0416
v -0.1088 -0.1060 -0.0408
v -0.1105 -0.1310 -0.0421
v -0.1098 -0.1768 -0.0422
v -0.0925 -0.2689 -0.0387
v -0.0390 -0.3390 -0.0489
v -0.0337 -0.3584 -0.0354
v -0.0234 -0.6603 -0.0464
v -0.0111 -0.6571 -0.0464
v 0.0250 -0.6429 -0.0462
v -0.1068 -0.5725 -0.0405
v -0.1133 -0.5966 -0.0397
v -0.1172 -0.6317 -0.0400
v -0.0470 -0.7845 -0.0483
v -0.0274 -0.7943 -0.0231
v -0.0128 -0.7986 -0.0286
v -0.0007 -0.8004 -0.0283
v 0.0229 -0.8022 -0.0130
v 0.0618 -0.7846 -0.0252
v 0.0667 -0.7629 -0.0358
v 0.4152 -0.6368 -0.0359
v 0.4187 -0.6247 -0.0360
v 0.4337 -0.5810 -0.0309
v 0.3448 -0.3412 -0.0309
v 0.3508 -0.3061 -0.0309
v 0.3661 -0.2997 -0.0146
v 0.3872 -0.2401 -0.0264
v 0.4064 -0.1787 -0.0277
v 0.3984 -0.1582 -0.0439
v 0.4091 -0.1524 -0.0269
v -0.0658 0.1885 -0.0253
v -0.0610 0.1897 -0.0425
v -0.0504 0.1800 -0.0322
v -0.0376 0.1783 -0.0451
v -0.0973 -0.0389 -0.0352
v -0.1144 -0.1558 -0.0338
v -0.1081 -0.2169 -0.0349
v -0.0843 -0.2929 -0.0356
v -0.0584 -0.3317 -0.0358
v -0.0512 -0.3331 -0.0407
v -0.0463 -0.3411 -0.0396
v -0.1148 -0.5585 -0.0278
v -0.1164 -0.5815 -0.0324
v -0.1210 -0.5884 -0.0274
v -0.1223 -0.6223 -0.0290
v -0.1219 -0.6447 -0.0348
v -0.0510 -0.7817 -0.0358
v -0.0423 -0.7857 -0.0160
v 0.0674 -0.7768 -0.0299
v 0.4154 -0.6371 -0.0282
v 0.4203 -0.6262 -0.0284
v 0.4264 -0.6163 -0.0268
v 0.4329 -0.5962 -0.0256
v 0.4355 -0.5592 -0.0279
v 0.4365 -0.4978 -0.0160
v 0.3433 -0.3286 -0.0310
v 0.3963 -0.2145 -0.0286
v 0.4035 -0.1301 -0.0362
v -0.0507 0.1735 -0.0144
v -0.0313 0.1689 -0.0374
v -0.0293 0.1576 -0.0334
v -0.0323 0.1425 -0.0304
v -0.0764 0.0338 -0.0321
v -0.1125 -0.0936 -0.0266
v -0.1150 -0.2054 -0.0233
v -0.1083 -0.2393 -0.0243
v -0.0754 -0.3171 -0.0297
v -0.0659 -0.3345 -0.0251
v -0.0419 -0.3528 -0.0328
v -0.0173 -0.3828 -0.0260
v -0.1256 -0.6383 -0.0238
v -0.1252 -0.6591 -0.0287
v -0.0775 -0.7538 -0.0268
v -0.0686 -0.7649 -0.0245
v -0.0617 -0.7739 -0.0350
v 0.0483 -0.7959 -0.0123
v 0.4223 -0.6280 -0.0208
v 0.4373 -0.5832 -0.0136
v 0.4369 -0.5284 -0.0164
v 0.3489 -0.3388 -0.0232
v 0.3552 -0.3251 -0.0158
v 0.4093 -0.1987 -0.0163
v -0.0761 0.1969 -0.0169
v -0.0343 0.1675 -0.0296
v -0.0919 0.0087 -0.0164
v -0.1080 -0.0661 -0.0248
v -0.1170 -0.1241 -0.0235
v -0.1205 -0.1491 -0.0167
v -0.1192 -0.1773 -0.0188
v -0.1023 -0.2685 -0.0201
v -0.0962 -0.2893 -0.0166
v -0.0825 -0.3167 -0.0177
v -0.0484 -0.3572 -0.0247
v -0.0472 -0.3778 -0.0116
v -0.0306 -0.3836 -0.0192
v -0.1107 -0.5211 -0.0178
v -0.1156 -0.5339 -0.0185
v -0.1238 -0.5631 -0.0138
v -0.1281 -0.5937 -0.0142
v -0.1297 -0.6126 -0.0125
v -0.1293 -0.6354 -0.0128
v -0.1290 -0.6590 -0.0148
v -0.0824 -0.7408 -0.0217
v -0.0682 -0.7590 -0.0112
v -0.0548 -0.7742 -0.0098
v 0.0001 -0.8040 0.0149
v 0.0121 -0.8034 -0.0123
v 0.4251 -0.6303 -0.0073
v 0.4301 -0.6207 -0.0075
v 0.4340 -0.6100 -0.0068
v 0.4361 -0.5987 -0.0082
v 0.3547 -0.3377 -0.0155
v 0.4084 -0.2284 -0.0026
v 0.4175 -0.1817 -0.0058
v 0.4141 -0.1295 -0.0139
v -0.0445 0.1645 -0.0086
v -0.0883 -0.4868 -0.0122
v -0.0999 -0.4943 -0.0121
v -0.1098 -0.4990 -0.0089
v -0.1204 -0.5131 -0.0052
v -0.1222 -0.5318 -0.0098
v -0.1247 -0.5493 -0.0097
v -0.0783 -0.7390 -0.0080
v -0.0716 -0.7497 -0.0080
v -0.0175 -0.7965 0.0076
v 0.0101 -0.8054 0.0046
v 0.4391 -0.5499 -0.0003
v 0.4425 -0.5182 0.0033
v 0.3589 -0.3364 -0.0080
v 0.3630 -0.3243 -0.0048
v 0.4191 -0.1563 -0.0045
v 0.4139 -0.1103 -0.0085
v 0.4066 -0.0845 -0.0148
v -0.0410 0.1541 -0.0099
v -0.0797 0.0497 -0.0106
v -0.1059 -0.0283 -0.0039
v -0.1181 -0.0826 -0.0022
v -0.1251 -0.1286 0.0019
v -0.1242 -0.2041 0.0040
v -0.1143 -0.2557 0.0015
v -0.0703 -0.3472 -0.0084
v -0.0645 -0.3534 -0.0109
v -0.0578 -0.3620 -0.0105
v -0.0990 -0.4766 -0.0018
v -0.1065 -0.4847 -0.0024
v -0.1130 -0.4938 -0.0024
v -0.1292 -0.5249 0.0027
v -0.1312 -0.5415 0.0032
v -0.1303 -0.5678 0.0037
v -0.1336 -0.6019 0.0045
v -0.1348 -0.6161 0.0046
v -0.1326 -0.6515 0.0037
v -0.1312 -0.6713 0.0107
v -0.0773 -0.7387 -0.0002
v -0.0688 -0.7467 -0.0001
v -0.0521 -0.7700 0.0026
v -0.0332 -0.7810 0.0184
v -0.0288 -0.7885 0.0089
v 0.4265 -0.6331 0.0084
v 0.4314 -0.6222 0.0060
v 0.4385 -0.5698 0.0027
v 0.4429 -0.4946 0.0093
v 0.3691 -0.3333 0.0103
v 0.3820 -0.3011 0.0106
v 0.4196 -0.2069 0.0078
v 0.4241 -0.1425 0.0117
v -0.0946 0.0215 0.0041
v -0.1153 -0.0509 0.0109
v -0.1294 -0.1780 0.0157
v -0.1218 -0.2347 0.0113
v -0.1101 -0.2735 0.0035
v -0.1075 -0.2895 0.0126
v -0.0866 -0.3304 0.0077
v -0.0590 -0.3682 -0.0026
v -0.0473 -0.3884 -0.0014
v 0.4355 -0.6098 0.0174
v 0.4380 -0.5913 0.0108
v 0.4444 -0.5453 0.0138
v 0.3657 -0.3454 -0.0036
v 0.4018 -0.2676 0.0149
v 0.4185 -0.2273 0.0167
v 0.4187 -0.0978 0.0136
v 0.4084 -0.0687 0.0028
v -0.1044 -0.0077 0.0099
v -0.0572 -0.3792 0.0096
v -0.0512 -0.3885 0.0062
v -0.1054 -0.4722 0.0060
v -0.1110 -0.4802 0.0052
v -0.1173 -0.4897 0.0052
v -0.1226 -0.5002 0.0051
v -0.1272 -0.5115 0.0050
v -0.1314 -0.5857 0.0057
v -0.0766 -0.7388 0.0073
v -0.0665 -0.7442 0.0074
v -0.0411 -0.7718 0.0182
v 0.4318 -0.6224 0.0176
v 0.4389 -0.5927 0.0171
v 0.4454 -0.5694 0.0227
v 0.4451 -0.5323 0.0180
v 0.4452 -0.5074 0.0220
v 0.3727 -0.3438 0.0144
v 0.3754 -0.3315 0.0219
v 0.4124 -0.2510 0.0213
v 0.4275 -0.1899 0.0239
v 0.4255 -0.1253 0.0231
v 0.4159 -0.0783 0.0208
v 0.3991 -0.0286 0.0139
v -0.0880 0.0503 0.0217
v -0.1272 -0.1066 0.0227
v -0.1185 -0.2658 0.0250
v -0.1019 -0.3117 0.0268
v -0.0535 -0.3908 0.0149
v -0.1178 -0.4789 0.0168
v -0.1260 -0.4932 0.0168
v -0.1303 -0.5101 0.0128
v -0.1332 -0.5213 0.0128
v -0.1352 -0.5349 0.0129
v -0.1371 -0.5499 0.0175
v -0.1333 -0.5826 0.0149
v -0.1372 -0.6219 0.0172
v -0.1374 -0.6395 0.0285
v -0.1260 -0.6884 0.0150
v -0.0754 -0.7389 0.0161
v -0.0654 -0.7429 0.0150
v -0.0520 -0.7530 0.0198
v -0.0385 -0.7681 0.0266
v -0.0085 -0.8000 0.0194
v 0.4322 -0.6228 0.0252
v 0.4394 -0.6031 0.0245
v 0.4457 -0.5893 0.0303
v 0.4468 -0.5557 0.0248
v 0.3757 -0.3432 0.0228
v 0.3920 -0.3130 0.0404
v 0.4263 -0.2200 0.0332
v -0.1217 -0.0711 0.0222
v -0.1316 -0.1486 0.0267
v -0.0895 -0.3355 0.0282
v -0.0704 -0.3671 0.0333
v -0.0509 -0.4013 0.0139
v -0.0521 -0.4130 0.0150
v -0.1344 -0.5146 0.0215
v -0.1380 -0.5329 0.0236
v -0.1389 -0.5610 0.0257
v -0.1345 -0.5954 0.0215
v -0.1222 -0.6950 0.0401
v -0.0649 -0.7424 0.0227
v -0.0564 -0.7468 0.0228
v -0.0178 -0.7935 0.0233
v 0.4323 -0.6268 0.0329
v 0.4397 -0.6127 0.0327
v 0.4436 -0.6023 0.0326
v 0.4484 -0.5711 0.0324
v 0.4481 -0.5565 0.0323
v 0.4472 -0.5471 0.0351
v 0.4454 -0.5317 0.0323
v 0.4453 -0.5212 0.0390
v 0.3782 -0.3427 0.0304
v 0.3798 -0.3298 0.0304
v 0.4123 -0.2711 0.0399
v 0.4199 -0.2482 0.0361
v 0.4309 -0.1720 0.0389
v 0.4297 -0.1461 0.0368
v 0.4255 -0.1040 0.0405
v 0.4146 -0.0631 0.0360
v -0.0983 0.0239 0.0285
v -0.1081 -0.0086 0.0292
v -0.1166 -0.0411 0.0292
v -0.1294 -0.2215 0.0362
v -0.1120 -0.2896 0.0299
v -0.0553 -0.4007 0.0277
v -0.0578 -0.4118 0.0302
v -0.1073 -0.4553 0.0369
v -0.1192 -0.4735 0.0309
v -0.1262 -0.4869 0.0299
v -0.1306 -0.4969 0.0327
v -0.1367 -0.5158 0.0342
v -0.1408 -0.5484 0.0328
v -0.1358 -0.5936 0.0322
v -0.1363 -0.6058 0.0391
v -0.1073 -0.7140 0.0633
v -0.0562 -0.7448 0.0308
v -0.0466 -0.7513 0.0305
v -0.0124 -0.4861 -0.0300
v 0.4431 -0.6171 0.0456
v 0.4465 -0.6044 0.0434
v 0.4492 -0.5936 0.0456
v 0.4500 -0.5680 0.0421
v 0.4450 -0.5316 0.0399
v 0.3804 -0.3419 0.0381
v 0.3836 -0.3292 0.0380
v -0.0689 0.1039 0.0328
v -0.1290 -0.0945 0.0460
v -0.1328 -0.1294 0.0425
v -0.1338 -0.1810 0.0419
v -0.0689 -0.3788 0.0533
v -0.0601 -0.3898 0.0390
v -0.0600 -0.3993 0.0443
v -0.1400 -0.5330 0.0394
v -0.1402 -0.5748 0.0427
v -0.1380 -0.6281 0.0400
v -0.1354 -0.6554 0.0525
v -0.1320 -0.6695 0.0453
v -0.0772 -0.7380 0.0515
v -0.0656 -0.7418 0.0447
v -0.0554 -0.7447 0.0381
v 0.3118 -0.6238 -0.1508
v -0.0059 -0.7991 0.0453
v 0.4537 -0.5857 0.0692
v 0.4457 -0.5423 0.0477
v 0.4451 -0.5315 0.0475
v 0.4468 -0.5209 0.0474
v 0.3830 -0.3418 0.0464
v 0.3853 -0.3400 0.0538
v 0.4192 -0.2696 0.0564
v 0.4258 -0.2526 0.0582
v 0.4310 -0.2274 0.0579
v 0.4345 -0.1665 0.0654
v 0.4300 -0.1225 0.0534
v 0.4255 -0.0919 0.0648
v 0.3994 -0.0128 0.0497
v -0.0790 0.0867 0.0560
v -0.0974 0.0344 0.0522
v -0.1110 -0.0094 0.0547
v -0.1229 -0.0571 0.0526
v -0.1281 -0.2410 0.0509
v -0.1195 -0.2761 0.0519
v -0.1033 -0.3174 0.0485
v -0.0812 -0.3663 0.0791
v -0.1256 -0.4810 0.0468
v -0.1309 -0.4946 0.0510
v -0.1364 -0.5131 0.0498
v -0.1413 -0.5488 0.0452
v -0.1369 -0.5972 0.0478
v -0.1374 -0.6408 0.0548
v 0.1208 -0.7416 0.0503
v 0.4520 -0.5715 0.0634
v 0.4474 -0.5521 0.0598
v 0.4454 -0.5422 0.0553
v 0.4462 -0.5311 0.0548
v 0.3960 -0.3178 0.0582
v 0.4344 -0.1986 0.0645
v 0.4155 -0.0566 0.0653
v -0.1357 -0.1590 0.0574
v -0.1353 -0.1897 0.0611
v -0.1111 -0.3013 0.0545
v -0.1123 -0.4576 0.0507
v -0.1193 -0.4675 0.0548
v -0.1391 -0.5343 0.0647
v -0.1404 -0.5644 0.0589
v -0.1276 -0.6803 0.0581
v 0.1302 -0.7602 0.0550
v 0.1305 -0.7325 0.0548
v 0.1401 -0.7179 0.0491
v 0.1348 -0.7384 0.0629
v 0.1435 -0.7365 0.0704
v 0.4517 -0.6049 0.0724
v 0.4466 -0.5424 0.0671
v 0.4480 -0.5317 0.0626
v 0.4532 -0.5163 0.0672
v 0.3958 0.0023 0.0740
v -0.0677 0.1230 0.0544
v -0.0718 0.1133 0.0668
v -0.1202 -0.0413 0.0760
v -0.1348 -0.1333 0.0615
v -0.1332 -0.2131 0.0661
v -0.1241 -0.2647 0.0731
v -0.1050 -0.3201 0.0731
v -0.0993 -0.4403 0.0607
v -0.1121 -0.4545 0.0664
v -0.1382 -0.5864 0.0617
v -0.1353 -0.6099 0.0634
v -0.1369 -0.6294 0.0600
v -0.1298 -0.6685 0.0777
v -0.0963 -0.7254 0.0581
v 0.4481 -0.5522 0.0729
v 0.3890 -0.3389 0.0683
v 0.3921 -0.3363 0.0802
v 0.4306 -0.2461 0.0764
v 0.4334 -0.1358 0.0796
v -0.1299 -0.0917 0.0708
v -0.1153 -0.2944 0.0770
v -0.1229 -0.4749 0.0745
v -0.1343 -0.5102 0.0706
v -0.1379 -0.5502 0.0783
v -0.1348 -0.6462 0.0750
v -0.1216 -0.6899 0.0773
v -0.1165 -0.7000 0.0777
v -0.0807 -0.7377 0.1019
v 0.1390 -0.7463 0.0705
v 0.4494 -0.5428 0.0806
v 0.4222 -0.2757 0.0838
v 0.4345 -0.2230 0.0816
v 0.4285 -0.1034 0.0808
v 0.3489 0.1478 0.0703
v 0.3590 0.1824 0.0767
v 0.3648 0.2217 0.0752
v 0.3778 0.2556 0.0752
v 0.3802 0.2584 0.0571
v 0.3831 0.2744 0.0617
v 0.0137 0.4911 0.0244
v 0.0091 0.4982 0.0531
v -0.0790 0.0913 0.0827
v -0.1016 0.0244 0.0768
v -0.1333 -0.1212 0.0837
v -0.1360 -0.1503 0.0752
v -0.1359 -0.1788 0.0803
v -0.1292 -0.2409 0.0843
v -0.1147 -0.4588 0.0930
v -0.1267 -0.4891 0.0898
v -0.1366 -0.5797 0.0801
v -0.1305 -0.6283 0.1119
v -0.0782 -0.7388 0.0751
v 0.4539 -0.5694 0.1075
v 0.4368 -0.2088 0.1030
v 0.4365 -0.1800 0.0887
v 0.4219 -0.0765 0.0833
v 0.4119 -0.0447 0.0852
v 0.3492 0.1355 0.0695
v 0.3591 0.2040 0.0624
v 0.3647 0.2162 0.0864
v 0.3692 0.2381 0.0929
v 0.3811 0.2853 0.0963
v 0.3840 0.3017 0.0770
v 0.0469 0.4999 0.0746
v 0.0229 0.5079 0.0916
v 0.0119 0.5060 0.0871
v -0.1335 -0.2085 0.0840
v -0.1327 -0.5149 0.0891
v -0.1301 -0.6187 0.1092
v -0.0946 -0.7259 0.0950
v -0.0682 -0.7451 0.0918
v -0.0628 -0.7450 0.0685
v 0.4576 -0.5861 0.1299
v 0.4508 -0.5530 0.0957
v 0.4522 -0.5426 0.0957
v 0.3921 -0.3533 0.0913
v 0.3926 -0.3458 0.0917
v 0.4053 -0.3273 0.1069
v 0.4210 -0.2997 0.1201
v 0.3528 0.1224 0.0719
v 0.3528 0.1377 0.1027
v 0.3523 0.1447 0.0964
v 0.3547 0.1554 0.0987
v 0.3617 0.1767 0.1046
v 0.3668 0.2067 0.1034
v 0.3790 0.2732 0.0989
v 0.3776 0.3205 0.0976
v -0.0713 0.1230 0.0849
v -0.0731 0.1131 0.0859
v -0.1185 -0.0457 0.1052
v -0.1269 -0.0813 0.0898
v -0.1352 -0.1523 0.0887
v -0.1277 -0.5671 0.1268
v -0.1317 -0.6001 0.0935
v -0.0547 -0.7514 0.1024
v 0.3944 -0.3517 0.0988
v 0.3981 -0.3482 0.1094
v 0.4330 -0.2504 0.1131
v 0.4351 -0.2371 0.1202
v 0.4358 -0.1625 0.1171
v 0.4332 -0.1342 0.1132
v 0.4290 -0.1113 0.1199
v 0.4172 -0.0661 0.1150
v 0.3863 0.0240 0.1086
v 0.3640 0.0903 0.1043
v 0.3546 0.1253 0.1051
v 0.3675 0.2321 0.0943
v 0.3696 0.2439 0.1060
v 0.3792 0.2969 0.1057
v -0.0705 0.1351 0.0874
v -0.1018 0.0180 0.1059
v -0.1259 -0.0966 0.1129
v -0.1311 -0.1285 0.1052
v -0.1328 -0.1792 0.1070
v -0.1288 -0.2287 0.1107
v -0.1215 -0.2694 0.1075
v -0.1141 -0.2964 0.1102
v -0.1068 -0.3190 0.0989
v -0.1320 -0.5786 0.1036
v -0.1275 -0.6022 0.1195
v -0.1285 -0.6443 0.1198
v -0.1007 -0.7176 0.1103
v 0.0444 -0.8132 0.0971
v 0.0580 -0.8120 0.1000
v 0.0803 -0.8080 0.1092
v 0.0779 -0.8063 0.0815
v 0.1004 -0.8000 0.0989
v 0.1190 -0.7890 0.0950
v 0.4268 -0.2832 0.1252
v 0.3681 0.2322 0.1020
v 0.3804 0.3441 0.0722
v 0.0111 0.5090 0.1072
v -0.0716 0.1363 0.1064
v -0.0721 0.1182 0.1091
v -0.0761 0.0981 0.1094
v -0.1311 -0.2025 0.1118
v -0.1036 -0.4422 0.1022
v -0.1152 -0.6868 0.1251
v -0.1106 -0.7018 0.1122
v -0.0809 -0.7364 0.1201
v 0.0403 -0.8131 0.1099
v 0.1185 -0.7932 0.1150
v 0.1291 -0.7860 0.1140
v 0.1479 -0.7720 0.1294
v 0.4040 -0.3374 0.1175
v 0.3536 0.1451 0.1225
v 0.0333 0.5109 0.1072
v 0.0223 0.5121 0.1146
v -0.1305 -0.1528 0.1156
v -0.0913 -0.4249 0.1047
v -0.0990 -0.4348 0.1162
v -0.1095 -0.4523 0.1101
v -0.0651 -0.7473 0.1138
v 0.0228 -0.8103 0.1024
v 0.0548 -0.8127 0.1225
v 0.0836 -0.8084 0.1361
v 0.4040 -0.3456 0.1305
v 0.4366 -0.2140 0.1232
v 0.4232 -0.0938 0.1306
v 0.3725 0.0587 0.1243
v 0.3601 0.0976 0.1315
v 0.3545 0.1241 0.1229
v 0.3650 0.1895 0.1290
v 0.3682 0.2131 0.1255
v 0.3735 0.2758 0.1300
v 0.3733 0.3533 0.1253
v 0.3727 0.3659 0.1254
v 0.0063 0.5088 0.1213
v -0.0332 0.4955 0.0981
v -0.0803 0.0772 0.1255
v -0.0916 0.0398 0.1282
v -0.1073 -0.0152 0.1257
v -0.1281 -0.1759 0.1278
v -0.1216 -0.2505 0.1322
v -0.0820 -0.4012 0.1171
v -0.0841 -0.4125 0.1089
v -0.0923 -0.4233 0.1189
v -0.1044 -0.4450 0.1314
v -0.1269 -0.6257 0.1463
v -0.0900 -0.7242 0.1371
v -0.0687 -0.7446 0.1248
v -0.0441 -0.7563 0.1249
v -0.0302 -0.7621 0.1400
v -0.0207 -0.7698 0.1252
v -0.0142 -0.7830 0.1053
v 0.0253 -0.8073 0.1440
v 0.0991 -0.8045 0.1388
v 0.4081 -0.3338 0.1327
v 0.4315 -0.2620 0.1409
v 0.4359 -0.2052 0.1361
v 0.3522 0.1357 0.1443
v 0.3705 0.2539 0.1266
v 0.3700 0.2848 0.1528
v -0.0374 0.4935 0.1162
v -0.0734 0.0984 0.1312
v -0.1152 -0.0516 0.1265
v -0.1246 -0.1298 0.1321
v -0.1164 -0.2785 0.1307
v -0.1028 -0.3270 0.1284
v -0.0886 -0.3630 0.1233
v -0.0838 -0.3782 0.1228
v -0.0888 -0.4129 0.1265
v -0.0935 -0.4228 0.1284
v -0.1118 -0.4622 0.1330
v -0.1171 -0.6635 0.1554
v -0.0458 -0.7558 0.1416
v -0.0144 -0.7791 0.1405
v -0.0072 -0.7919 0.1165
v 0.0036 -0.7990 0.1347
v 0.0142 -0.8056 0.1268
v 0.1117 -0.7998 0.1403
v 0.1196 -0.7954 0.1349
v 0.1285 -0.7901 0.1343
v 0.1490 -0.7763 0.1481
v 0.4553 -0.5426 0.1428
v 0.4093 -0.3338 0.1489
v 0.4325 -0.1807 0.1555
v 0.4313 -0.1411 0.1411
v 0.4278 -0.1250 0.1461
v 0.4156 -0.0729 0.1372
v 0.3748 0.0380 0.1463
v 0.3640 0.0758 0.1437
v 0.3524 0.1236 0.1509
v 0.3646 0.3069 0.1676
v 0.3649 0.3795 0.1460
v 0.0258 0.5159 0.1456
v -0.0705 0.1162 0.1319
v -0.1156 -0.0789 0.1410
v -0.1231 -0.2213 0.1391
v -0.1052 -0.3156 0.1398
v -0.0877 -0.3637 0.1371
v -0.0836 -0.3888 0.1307
v -0.0876 -0.4022 0.1382
v -0.0967 -0.4255 0.1409
v -0.1160 -0.4743 0.1323
v -0.1204 -0.4985 0.1381
v -0.1267 -0.5341 0.1277
v -0.1232 -0.6515 0.1418
v -0.0967 -0.7105 0.1507
v -0.0757 -0.7364 0.1443
v -0.0679 -0.7437 0.1393
v -0.0551 -0.7508 0.1475
v -0.0058 -0.7877 0.1519
v 0.0438 -0.8113 0.1408
v 0.0547 -0.8116 0.1492
v 0.4551 -0.5528 0.1553
v 0.4576 -0.5281 0.1402
v 0.4574 -0.5225 0.1525
v 0.4566 -0.5091 0.1628
v 0.4562 -0.4830 0.1159
v 0.4069 -0.3450 0.1499
v 0.4235 -0.2950 0.1415
v 0.4172 -0.0946 0.1583
v 0.3526 0.1458 0.1514
v 0.3670 0.2174 0.1458
v 0.3716 0.2739 0.1423
v 0.3699 0.3507 0.1476
v 0.3661 0.3917 0.1295
v 0.3601 0.4210 0.1460
v -0.0153 0.4996 0.1487
v -0.0361 0.4916 0.1421
v -0.0491 0.4870 0.1266
v -0.0529 0.4814 0.1480
v -0.0698 0.4707 0.1371
v -0.0889 0.0376 0.1411
v -0.0999 -0.0203 0.1535
v -0.1197 -0.1699 0.1528
v -0.1127 -0.2719 0.1520
v -0.1062 -0.3029 0.1505
v -0.0847 -0.3746 0.1415
v -0.0855 -0.3879 0.1451
v -0.1026 -0.4390 0.1514
v -0.1147 -0.4766 0.1566
v -0.1043 -0.6999 0.1460
v -0.0207 -0.7691 0.1477
v 0.0149 -0.8021 0.1518
v 0.0645 -0.8107 0.1521
v 0.0945 -0.8057 0.1655
v 0.1332 -0.7909 0.1684
v 0.1399 -0.7845 0.1512
v 0.4545 -0.5408 0.1642
v 0.4532 -0.4908 0.1710
v 0.3554 0.1000 0.1553
v 0.3594 0.1730 0.1501
v 0.3622 0.1923 0.1573
v 0.3692 0.2535 0.1506
v 0.3649 0.3564 0.1681
v 0.3561 0.4328 0.1525
v -0.0665 0.4689 0.1562
v -0.0798 0.4604 0.1409
v -0.0863 0.4510 0.1463
v -0.0927 0.4399 0.1513
v -0.0999 0.4312 0.1340
v -0.0729 0.0855 0.1491
v -0.1163 -0.2191 0.1602
v -0.1140 -0.2537 0.1575
v -0.0995 -0.3251 0.1506
v -0.0861 -0.3624 0.1518
v -0.0844 -0.3754 0.1538
v -0.0884 -0.3941 0.1569
v -0.1072 -0.4514 0.1652
v -0.1068 -0.6738 0.1834
v -0.0623 -0.7438 0.1605
v -0.0291 -0.7612 0.1759
v -0.0133 -0.7770 0.1611
v 0.0510 -0.8098 0.1632
v 0.1132 -0.8004 0.1677
v 0.4563 -0.5885 0.1796
v 0.4566 -0.5642 0.1801
v 0.4276 -0.1475 0.1621
v 0.4191 -0.1205 0.1738
v 0.3825 -0.0111 0.1728
v 0.3706 0.0378 0.1606
v 0.3588 0.0723 0.1658
v 0.3498 0.1367 0.1631
v 0.3669 0.2729 0.1667
v 0.3564 0.4071 0.1776
v 0.3530 0.4432 0.1464
v 0.3463 0.4565 0.1464
v 0.3330 0.4714 0.1629
v 0.2500 0.5175 0.1523
v 0.2239 0.5209 0.1540
v 0.1983 0.5226 0.1554
v 0.1151 0.5203 0.1435
v 0.0207 0.5143 0.1563
v 0.0058 0.5068 0.1733
v -0.1019 0.4156 0.1534
v -0.0674 0.1145 0.1518
v -0.0830 -0.3633 0.1672
v -0.1218 -0.5517 0.1719
v -0.1245 -0.5777 0.1500
v -0.0836 -0.7204 0.1711
v 0.0042 -0.7925 0.1675
v 0.0320 -0.8025 0.1820
v 0.1517 -0.7774 0.1650
v 0.4540 -0.6101 0.1743
v 0.4475 -0.4669 0.1818
v 0.4080 -0.3439 0.1665
v 0.4089 -0.3358 0.1618
v 0.4114 -0.3241 0.1678
v 0.4301 -0.1962 0.1693
v 0.4047 -0.0792 0.1785
v 0.3537 0.0915 0.1672
v 0.3471 0.1259 0.1771
v 0.3467 0.1427 0.1816
v 0.3587 0.1943 0.1738
v 0.3626 0.3388 0.1838
v 0.3509 0.4366 0.1741
v 0.3433 0.4551 0.1706
v 0.2517 0.5168 0.1779
v 0.1911 0.5290 0.1799
v 0.1582 0.5244 0.1593
v 0.1369 0.5253 0.1576
v 0.1146 0.5333 0.1729
v 0.0787 0.5301 0.1657
v 0.0659 0.5281 0.1563
v 0.0439 0.5253 0.1585
v 0.0354 0.5214 0.1577
v -0.0359 0.4877 0.1646
v -0.0792 0.4509 0.1717
v -0.0941 0.4268 0.1728
v -0.0644 0.1247 0.1660
v -0.1053 -0.2747 0.1722
v -0.0952 -0.3166 0.1724
v -0.0845 -0.3517 0.1715
v -0.0846 -0.3773 0.1691
v -0.0937 -0.4030 0.1831
v -0.1171 -0.4943 0.1811
v -0.1250 -0.5786 0.1732
v -0.1011 -0.6930 0.1728
v -0.0188 -0.7673 0.1838
v 0.0162 -0.7975 0.1755
v 0.0676 -0.8088 0.1729
v 0.1620 -0.7731 0.1744
v 0.4517 -0.5261 0.1888
v 0.4526 -0.5186 0.1815
v 0.4451 -0.4531 0.1598
v 0.4267 -0.3816 0.1716
v 0.4116 -0.3538 0.1756
v 0.4088 -0.3424 0.1889
v 0.4084 -0.3342 0.1797
v 0.4140 -0.3070 0.1816
v 0.4235 -0.1705 0.1856
v 0.4222 -0.1465 0.1795
v 0.3691 0.0179 0.1801
v 0.3488 0.1081 0.1748
v 0.3624 0.3181 0.1827
v 0.3569 0.3736 0.1844
v 0.3580 0.3870 0.1732
v 0.3533 0.4171 0.1865
v 0.2773 0.5104 0.1644
v 0.2313 0.5214 0.1717
v 0.2140 0.5243 0.1707
v 0.1302 0.5379 0.1859
v 0.0544 0.5303 0.1634
v 0.0447 0.5290 0.1675
v 0.0326 0.5222 0.1701
v -0.0505 0.4779 0.1694
v -0.0997 0.4005 0.1795
v -0.0626 0.1001 0.1750
v -0.1060 -0.1422 0.1792
v -0.1107 -0.1850 0.1732
v -0.0847 -0.3762 0.1846
v -0.1114 -0.4666 0.1879
v -0.1171 -0.5157 0.1957
v -0.0038 -0.7834 0.1787
v 0.0481 -0.8034 0.1948
v 0.0985 -0.8029 0.1876
v 0.1493 -0.7812 0.1888
v 0.1687 -0.7708 0.1699
v 0.1804 -0.7702 0.1710
v 0.4465 -0.6344 0.1907
v 0.4534 -0.5400 0.1970
v 0.4485 -0.4785 0.1909
v 0.4382 -0.4137 0.1809
v 0.4295 -0.3849 0.1965
v 0.4085 -0.3232 0.1890
v 0.3500 0.0656 0.1899
v 0.3462 0.0973 0.1851
v 0.3311 0.4651 0.1928
v 0.3220 0.4788 0.1840
v 0.3214 0.4856 0.1553
v 0.0655 0.5482 0.1916
v 0.0550 0.5379 0.1763
v 0.0386 0.5302 0.1799
v 0.0213 0.5157 0.1775
v -0.0282 0.4881 0.1815
v -0.0604 0.4641 0.1852
v -0.0852 0.4355 0.1862
v -0.0963 0.4150 0.1796
v -0.1027 -0.2196 0.1879
v -0.1013 -0.2465 0.1880
v -0.0925 -0.3064 0.1853
v -0.0822 -0.3508 0.1797
v -0.0812 -0.3621 0.1797
v -0.0806 -0.3623 0.1866
v -0.1247 -0.5816 0.1919
v 0.0666 -0.8045 0.2011
v 0.1133 -0.7983 0.1955
v 0.1300 -0.7915 0.2011
v 0.1585 -0.7765 0.1866
v 0.1695 -0.7743 0.1892
v 0.1877 -0.7742 0.1898
v 0.4374 -0.6547 0.1924
v 0.4514 -0.6029 0.2048
v 0.4540 -0.5687 0.2086
v 0.4459 -0.4972 0.2106
v 0.4390 -0.4201 0.2016
v 0.4136 -0.3513 0.2016
v 0.4087 -0.3078 0.2018
v 0.4055 -0.1032 0.1946
v 0.3750 -0.0245 0.1976
v 0.3417 0.1190 0.1923
v 0.3500 0.1787 0.1933
v 0.3548 0.2767 0.2114
v 0.3599 0.2945 0.1930
v 0.3472 0.4302 0.1969
v 0.3406 0.4458 0.1999
v 0.3093 0.4886 0.1909
v 0.2658 0.5113 0.1919
v 0.2344 0.5220 0.1876
v 0.2126 0.5276 0.1851
v 0.1783 0.5345 0.1935
v 0.1087 0.5436 0.1933
v 0.0884 0.5399 0.1862
v 0.0455 0.5380 0.1854
v 0.0235 0.5187 0.1854
v 0.0056 0.5059 0.1927
v -0.0369 0.4788 0.1932
v -0.0588 0.1291 0.1869
v -0.0611 0.0797 0.1850
v -0.1009 -0.1764 0.1908
v -0.0966 -0.2753 0.1900
v -0.0807 -0.3420 0.1903
v -0.0774 -0.3507 0.1943
v -0.0953 -0.4073 0.2006
v -0.1227 -0.5459 0.2024
v -0.0174 -0.7624 0.2083
v 0.0252 -0.7947 0.2024
v 0.4252 -0.6734 0.1948
v 0.4354 -0.6533 0.2113
v 0.4066 -0.3318 0.2028
v 0.4065 -0.3218 0.2028
v 0.4227 -0.2736 0.1813
v 0.4121 -0.1412 0.2018
v 0.3905 -0.0684 0.2000
v 0.3515 0.0280 0.2047
v 0.3430 0.0838 0.1961
v 0.3381 0.1381 0.2049
v 0.3483 0.2315 0.2159
v 0.3573 0.3178 0.2064
v 0.3554 0.3373 0.2110
v 0.3525 0.3629 0.2090
v 0.3498 0.3925 0.2130
v 0.2479 0.5174 0.1981
v 0.2099 0.5325 0.2014
v 0.1679 0.5401 0.2044
v 0.0525 0.5478 0.1961
v 0.0361 0.5328 0.1920
v -0.0210 0.4894 0.1950
v -0.0739 0.4474 0.1915
v -0.0883 0.4229 0.1957
v -0.0912 0.4076 0.2037
v -0.0953 0.3956 0.2004
v -0.0549 0.0943 0.1965
v -0.0700 0.0219 0.1885
v -0.0821 -0.0342 0.1899
v -0.0850 -0.3049 0.2006
v -0.1064 -0.4513 0.2120
v 0.0977 -0.7990 0.2106
v 0.1481 -0.7812 0.2075
v 0.1586 -0.7775 0.1997
v 0.1876 -0.7755 0.2060
v 0.4220 -0.6700 0.2271
v 0.4524 -0.5441 0.2210
v 0.4508 -0.5267 0.2194
v 0.4351 -0.4099 0.2232
v 0.4208 -0.3634 0.2229
v 0.4093 -0.3416 0.2062
v 0.4044 -0.3112 0.2151
v 0.4141 -0.1675 0.2064
v 0.3998 -0.1246 0.2172
v 0.3566 -0.0013 0.2128
v 0.3377 0.0509 0.2156
v 0.3363 0.1061 0.2049
v 0.2925 0.5001 0.1899
v 0.2710 0.5064 0.2082
v 0.2312 0.5250 0.2032
v 0.1271 0.5504 0.2104
v 0.0747 0.5503 0.2027
v 0.0419 0.5452 0.2052
v 0.0263 0.5243 0.1996
v 0.0107 0.5095 0.1997
v -0.0589 0.4554 0.2050
v -0.0766 0.1951 0.1905
v -0.0566 0.1603 0.2085
v -0.0575 0.0218 0.2051
v -0.0938 -0.1464 0.1979
v -0.0858 -0.1756 0.2115
v -0.0864 -0.2198 0.2124
v -0.0848 -0.2501 0.2134
v -0.0810 -0.2806 0.2146
v -0.0884 -0.2854 0.2011
v -0.0759 -0.3211 0.2113
v -0.0755 -0.3452 0.2025
v -0.0773 -0.3568 0.2025
v -0.0785 -0.3632 0.2105
v -0.0859 -0.3836 0.2164
v -0.1213 -0.5888 0.2047
v 0.1145 -0.7957 0.2096
v 0.1581 -0.7775 0.2179
v 0.1699 -0.7756 0.2078
v 0.2252 -0.7770 0.2112
v 0.4409 -0.6365 0.2184
v 0.4446 -0.6167 0.2268
v 0.4391 -0.4641 0.2309
v 0.4057 -0.3322 0.2185
v 0.4043 -0.3222 0.2133
v 0.3908 -0.0995 0.2192
v 0.3350 0.0704 0.2137
v 0.3323 0.0881 0.2145
v 0.3297 0.1275 0.2194
v 0.3423 0.1794 0.2124
v 0.3294 0.4554 0.2165
v 0.2765 0.4995 0.2244
v 0.2509 0.5155 0.2158
v 0.0620 0.5553 0.2044
v 0.0308 0.5338 0.2095
v 0.0187 0.5182 0.2131
v -0.0023 0.5000 0.2093
v -0.0145 0.4912 0.2086
v -0.0291 0.4779 0.2114
v -0.0372 0.4637 0.2256
v -0.0682 0.4378 0.2170
v -0.0764 0.4269 0.2165
v -0.0820 0.4186 0.2147
v -0.0566 0.1531 0.1981
v -0.0613 -0.0352 0.2142
v -0.0801 -0.1595 0.2167
v -0.0797 -0.2971 0.2093
v -0.0729 -0.3377 0.2111
v -0.0723 -0.3479 0.2155
v -0.1104 -0.4815 0.2181
v -0.1164 -0.5067 0.2246
v -0.1188 -0.5267 0.2238
v -0.1204 -0.5542 0.2187
v 0.0252 -0.7841 0.2328
v 0.0398 -0.7935 0.2236
v 0.0523 -0.7947 0.2297
v 0.0754 -0.7964 0.2279
v 0.1282 -0.7890 0.2182
v 0.1464 -0.7805 0.2207
v 0.1713 -0.7752 0.2200
v 0.4299 -0.6529 0.2346
v 0.4488 -0.5836 0.2305
v 0.4513 -0.5667 0.2262
v 0.4026 -0.3216 0.2247
v 0.4030 -0.1599 0.2243
v 0.3445 0.0177 0.2195
v 0.3281 0.1007 0.2204
v 0.3385 0.2171 0.2343
v 0.3473 0.3554 0.2304
v 0.3464 0.4126 0.2146
v 0.3408 0.4288 0.2186
v 0.2987 0.4891 0.2133
v 0.2396 0.5227 0.2300
v 0.2252 0.5295 0.2134
v 0.2095 0.5382 0.2184
v 0.0830 0.5580 0.2178
v 0.0712 0.5609 0.2186
v 0.0648 0.5590 0.2122
v 0.0505 0.5555 0.2118
v 0.0354 0.5441 0.2172
v 0.0101 0.5098 0.2164
v -0.0661 0.1856 0.2178
v -0.0505 0.1486 0.2142
v -0.0497 0.1398 0.2118
v -0.0445 0.0095 0.2212
v -0.0742 -0.2825 0.2232
v -0.0689 -0.3258 0.2226
v -0.0941 -0.4105 0.2266
v -0.1146 -0.5847 0.2275
v 0.0998 -0.7955 0.2232
v 0.1191 -0.7904 0.2245
v 0.2081 -0.7754 0.2248
v 0.2565 -0.7771 0.2277
v 0.4110 -0.6853 0.2233
v 0.4364 -0.6337 0.2384
v 0.4441 -0.4940 0.2565
v 0.4456 -0.4966 0.2428
v 0.4051 -0.3313 0.2288
v 0.4143 -0.2555 0.2125
v 0.3693 -0.0819 0.2389
v 0.3351 -0.0030 0.2403
v 0.3216 0.0607 0.2336
v 0.3239 0.0752 0.2282
v 0.3279 0.1773 0.2401
v 0.3490 0.3105 0.2334
v 0.3433 0.3993 0.2302
v 0.3343 0.4409 0.2239
v 0.2629 0.5084 0.2214
v 0.2144 0.5382 0.2257
v 0.0594 0.5633 0.2197
v 0.0456 0.5646 0.2318
v 0.0384 0.5541 0.2260
v 0.0270 0.5326 0.2210
v -0.0034 0.4994 0.2205
v -0.0182 0.4860 0.2189
v -0.0378 0.4541 0.2406
v -0.0456 0.1485 0.2274
v -0.0389 0.1322 0.2322
v -0.0495 -0.1164 0.2395
v -0.0709 -0.2247 0.2303
v -0.0666 -0.2470 0.2358
v -0.0663 -0.2743 0.2350
v -0.0651 -0.3341 0.2302
v -0.0693 -0.3477 0.2301
v -0.0845 -0.3873 0.2358
v -0.0996 -0.4390 0.2371
v 0.1417 -0.7798 0.2320
v 0.4073 -0.6790 0.2498
v 0.4160 -0.6670 0.2506
v 0.4379 -0.6011 0.2589
v 0.4448 -0.5573 0.2548
v 0.4469 -0.5396 0.2496
v 0.4108 -0.3434 0.2510
v 0.4001 -0.3206 0.2435
v 0.3979 -0.3113 0.2399
v 0.3981 -0.3012 0.2377
v 0.4090 -0.2461 0.2244
v 0.3803 -0.1240 0.2433
v 0.3277 0.0244 0.2372
v 0.3181 0.0986 0.2344
v 0.3165 0.1156 0.2387
v 0.3429 0.3751 0.2393
v 0.3336 0.4200 0.2444
v 0.2646 0.5051 0.2331
v 0.2539 0.5127 0.2316
v 0.2260 0.5322 0.2293
v 0.1654 0.5537 0.2331
v 0.1344 0.5659 0.2440
v 0.0985 0.5758 0.2518
v 0.0696 0.5673 0.2288
v 0.0162 0.5184 0.2311
v 0.0086 0.5111 0.2351
v -0.0086 0.4952 0.2319
v -0.0220 0.4798 0.2272
v -0.0308 0.4670 0.2326
v -0.0524 0.1760 0.2476
v -0.0250 0.0032 0.2389
v -0.0300 -0.0418 0.2425
v -0.0595 -0.3209 0.2398
v -0.0634 -0.3229 0.2327
v 0.0568 -0.7857 0.2500
v 0.1031 -0.7872 0.2437
v 0.1186 -0.7830 0.2453
v 0.1573 -0.7739 0.2426
v 0.1686 -0.7722 0.2425
v 0.2122 -0.7733 0.2390
v 0.4329 -0.6267 0.2550
v 0.4415 -0.5759 0.2599
v 0.4415 -0.4740 0.2525
v 0.3938 -0.2908 0.2490
v 0.3897 -0.2770 0.2572
v 0.3103 0.0713 0.2447
v 0.3196 0.1405 0.2409
v 0.3175 0.1617 0.2520
v 0.2072 0.5539 0.2693
v 0.0570 0.5712 0.2348
v 0.0306 0.5508 0.2388
v 0.0249 0.5409 0.2424
v -0.0149 0.4881 0.2348
v -0.0238 0.4754 0.2349
v -0.0281 0.1353 0.2543
v -0.0171 0.0233 0.2423
v -0.0563 -0.1725 0.2414
v -0.0583 -0.2088 0.2423
v -0.0617 -0.3344 0.2415
v -0.0732 -0.3687 0.2532
v -0.0880 -0.4051 0.2476
v -0.1051 -0.4595 0.2434
v 0.0848 -0.7846 0.2533
v 0.1407 -0.7750 0.2500
v 0.4236 -0.6477 0.2586
v 0.3941 -0.3097 0.2581
v 0.3932 -0.3022 0.2511
v 0.3878 -0.2303 0.2541
v 0.3180 0.0189 0.2494
v 0.3110 0.0426 0.2496
v 0.3067 0.1013 0.2491
v 0.3057 0.1299 0.2579
v 0.3434 0.3015 0.2479
v 0.3381 0.3607 0.2543
v 0.3362 0.3918 0.2501
v 0.2651 0.4999 0.2545
v 0.2574 0.5078 0.2491
v 0.2481 0.5163 0.2479
v 0.2276 0.5342 0.2454
v 0.1940 0.5552 0.2540
v 0.1672 0.5635 0.2553
v 0.0665 0.5786 0.2493
v 0.0548 0.5794 0.2499
v 0.0522 0.5746 0.2423
v 0.0403 0.5728 0.2504
v 0.0327 0.5647 0.2515
v 0.0127 0.5210 0.2547
v -0.0026 0.5054 0.2525
v -0.0152 0.4880 0.2438
v -0.0288 0.4644 0.2425
v -0.0366 0.4425 0.2570
v -0.0578 0.4219 0.2508
v -0.0284 0.1257 0.2488
v -0.0289 0.1105 0.2440
v -0.0410 -0.1291 0.2481
v -0.0398 -0.1606 0.2546
v -0.0517 -0.2947 0.2511
v -0.0513 -0.3042 0.2519
v -0.0528 -0.3161 0.2532
v -0.0556 -0.3262 0.2547
v -0.0967 -0.4327 0.2599
v 0.1041 -0.7790 0.2548
v 0.1592 -0.7696 0.2578
v 0.1764 -0.7689 0.2554
v 0.2577 -0.7729 0.2452
v 0.4004 -0.6765 0.2661
v 0.4108 -0.6569 0.2734
v 0.4388 -0.4601 0.2659
v 0.3907 -0.3015 0.2588
v 0.3892 -0.2918 0.2586
v 0.3220 -0.0371 0.2666
v 0.3183 -0.0096 0.2591
v 0.3069 0.0040 0.2640
v 0.2910 0.0384 0.2688
v 0.2938 0.0644 0.2623
v 0.2935 0.0896 0.2625
v 0.2236 0.5409 0.2656
v 0.0770 0.5807 0.2582
v 0.0466 0.5785 0.2526
v 0.0268 0.5539 0.2521
v 0.0192 0.5310 0.2507
v -0.0096 0.4983 0.2542
v -0.0214 0.4764 0.2497
v -0.0260 0.4627 0.2561
v -0.0325 0.4539 0.2502
v -0.0193 0.1013 0.2548
v -0.0357 -0.2151 0.2630
v -0.0384 -0.2823 0.2655
v 0.1189 -0.7750 0.2624
v 0.1385 -0.7698 0.2648
v 0.2388 -0.7670 0.2638
v 0.4221 -0.6332 0.2741
v 0.4275 -0.6156 0.2749
v 0.4374 -0.5366 0.2798
v 0.4414 -0.5058 0.2698
v 0.3888 -0.3023 0.2664
v 0.3857 -0.2916 0.2661
v 0.3816 -0.2756 0.2689
v 0.3773 -0.2448 0.2684
v 0.3752 -0.2208 0.2664
v 0.3062 0.1529 0.2657
v 0.3311 0.2764 0.2735
v 0.3340 0.3163 0.2657
v 0.3261 0.3486 0.2791
v 0.3251 0.3771 0.2760
v 0.2540 0.5095 0.2653
v 0.2418 0.5236 0.2712
v 0.1381 0.5880 0.2901
v 0.1128 0.5885 0.2789
v 0.0585 0.5844 0.2575
v 0.0198 0.5440 0.2639
v -0.0156 0.4896 0.2624
v -0.0195 0.4797 0.2584
v -0.0298 0.4525 0.2579
v -0.0203 0.1232 0.2600
v -0.0325 -0.2661 0.2695
v -0.0425 -0.2960 0.2632
v -0.0456 -0.3062 0.2633
v -0.0475 -0.3173 0.2710
v -0.0619 -0.3470 0.2682
v -0.0796 -0.3873 0.2684
v 0.1681 -0.7634 0.2735
v 0.3685 -0.7028 0.2755
v 0.3962 -0.6698 0.2799
v 0.4329 -0.5562 0.2871
v 0.3873 -0.3037 0.2746
v 0.3821 -0.2912 0.2738
v 0.2806 0.1002 0.2782
v 0.2918 0.1341 0.2772
v 0.2650 0.4957 0.2697
v 0.2310 0.5353 0.2735
v 0.1952 0.5640 0.2816
v 0.1538 0.5753 0.2736
v 0.0538 0.5930 0.2725
v 0.0252 0.5739 0.2761
v 0.0216 0.5595 0.2712
v 0.0128 0.5372 0.2823
v -0.0111 0.4999 0.2693
v -0.0218 0.4721 0.2667
v -0.0245 0.4619 0.2655
v -0.0274 0.4512 0.2655
v -0.0320 0.4363 0.2697
v -0.0098 0.1237 0.2761
v -0.0098 0.1146 0.2705
v -0.0315 -0.2872 0.2756
v -0.0385 -0.3020 0.2746
v -0.0892 -0.4150 0.2710
v -0.0950 -0.4375 0.2732
v 0.0908 -0.7650 0.2849
v 0.1173 -0.7645 0.2806
v 0.1414 -0.7634 0.2779
v 0.1631 -0.7569 0.2898
v 0.4030 -0.6462 0.2943
v 0.4123 -0.6227 0.2981
v 0.4223 -0.6085 0.2890
v 0.4273 -0.5825 0.2908
v 0.4356 -0.4945 0.2867
v 0.3799 -0.2940 0.2818
v 0.3753 -0.2826 0.2812
v 0.3708 -0.2655 0.2806
v 0.3534 -0.2434 0.2918
v 0.3487 -0.2093 0.2881
v 0.3254 0.2989 0.2803
v 0.3231 0.3168 0.2829
v 0.2553 0.5068 0.2748
v 0.1781 0.5747 0.2910
v 0.0966 0.5923 0.2803
v 0.0745 0.5908 0.2745
v 0.0428 0.5898 0.2727
v 0.0072 0.5279 0.2846
v -0.0060 0.5113 0.2794
v -0.0182 0.4870 0.2802
v -0.0239 0.4607 0.2770
v -0.0252 0.4513 0.2732
v -0.0278 0.4407 0.2731
v -0.0470 0.4062 0.2792
v 0.0071 0.1014 0.2845
v 0.0063 0.0837 0.2763
v 0.0013 -0.2338 0.2928
v -0.0229 -0.2724 0.2795
v -0.0535 -0.3472 0.2963
v -0.0618 -0.3539 0.2843
v -0.0752 -0.3851 0.2843
v -0.0826 -0.4071 0.2846
v 0.2269 -0.7581 0.2836
v 0.3559 -0.7038 0.2890
v 0.3939 -0.6491 0.3021
v 0.4296 -0.4916 0.3009
v 0.4348 -0.4568 0.2833
v 0.3665 -0.2813 0.2935
v 0.3625 -0.2705 0.2925
v 0.3191 0.2398 0.2860
v 0.3219 0.2607 0.2874
v 0.2570 0.5021 0.2868
v 0.2469 0.5167 0.2932
v 0.2355 0.5323 0.2916
v 0.2258 0.5462 0.3115
v 0.2176 0.5511 0.2912
v 0.2064 0.5608 0.2940
v 0.0587 0.6041 0.2894
v 0.0506 0.5987 0.2811
v 0.0399 0.5948 0.2794
v 0.0313 0.5880 0.2814
v 0.0151 0.5681 0.2936
v 0.0142 0.5524 0.2859
v -0.0219 0.4719 0.2852
v -0.0237 0.4509 0.2809
v -0.0246 0.4400 0.2809
v -0.0283 0.4270 0.2831
v 0.0044 0.1132 0.2880
v -0.0088 -0.2243 0.2837
v -0.0103 -0.2526 0.2866
v -0.0197 -0.2783 0.2859
v -0.0267 -0.2921 0.2870
v -0.0859 -0.4247 0.2872
v 0.1132 -0.7567 0.2934
v 0.1356 -0.7545 0.2931
v 0.1496 -0.7565 0.2909
v 0.1577 -0.7515 0.3006
v 0.2149 -0.7509 0.2967
v 0.2319 -0.7489 0.2972
v 0.4170 -0.5825 0.3085
v 0.4268 -0.5471 0.3010
v 0.4262 -0.4602 0.3061
v 0.3502 -0.2581 0.3000
v 0.3427 -0.2224 0.2952
v 0.3135 0.2686 0.3002
v 0.3155 0.2979 0.2931
v 0.3102 0.3103 0.3003
v 0.2611 0.4929 0.2935
v 0.0294 0.2970 -0.3589
v 0.0070 0.2639 -0.3499
v 0.0264 0.5893 0.2892
v 0.0179 0.5773 0.2934
v -0.0144 0.5036 0.2950
v -0.0221 0.4660 0.2937
v -0.0212 0.4510 0.2924
v -0.0218 0.4389 0.2885
v -0.0236 0.4298 0.2884
v 0.0235 0.0755 0.2879
v 0.0356 0.0612 0.2910
v 0.0108 -0.2461 0.3025
v -0.0062 -0.2675 0.2955
v -0.0144 -0.2833 0.2959
v -0.0404 -0.3285 0.3004
v -0.0664 -0.3766 0.2971
v -0.0771 -0.4063 0.2951
v -0.0767 -0.4177 0.3001
v 0.0689 -0.7571 0.2949
v 0.0959 -0.7500 0.3034
v 0.0079 -0.2639 0.3076
v -0.0301 -0.3210 0.3079
v -0.0639 -0.3873 0.3070
v 0.1405 -0.7459 0.3043
v 0.1838 -0.7463 0.3061
v 0.1945 -0.7443 0.3076
v 0.2172 -0.7437 0.3060
v 0.3481 -0.6847 0.3117
v 0.4008 -0.6273 0.3101
v 0.4218 -0.4909 0.3153
v 0.3555 -0.2770 0.3041
v 0.3355 -0.2418 0.3066
v 0.2991 0.1701 0.2854
v 0.3088 0.2190 0.2959
v 0.3088 0.2452 0.3056
v 0.3069 0.3419 0.3083
v 0.2655 0.4816 0.2989
v 0.2525 0.5050 0.3090
v 0.2315 0.5400 0.3244
v 0.0284 0.3546 -0.3484
v 0.0205 0.5878 0.2961
v -0.0056 0.5234 0.3037
v -0.0178 0.4960 0.2990
v -0.0207 0.4850 0.3034
v -0.0174 0.4407 0.3021
v -0.0189 0.4289 0.2965
v 0.0195 0.1093 0.3032
v 0.0273 0.0949 0.3010
v 0.2924 0.2115 0.3186
v 0.2955 0.2842 0.3171
v 0.2915 0.2945 0.3215
v 0.2874 0.3273 0.3330
v 0.2611 0.4863 0.3070
v 0.1959 0.5709 0.3044
v 0.0342 0.3106 -0.3649
v 0.0149 0.2760 -0.3747
v 0.0078 0.2671 -0.3673
v 0.0085 0.5609 0.3070
v 0.0046 0.5457 0.3163
v -0.0001 0.5349 0.3123
v -0.0115 0.5165 0.3065
v -0.0182 0.4543 0.3083
v 0.0518 0.0748 0.3105
v -0.0138 -0.3033 0.3119
v -0.0448 -0.3604 0.3174
v -0.0436 -0.6460 0.3081
v 0.0593 -0.7421 0.3069
v 0.0865 -0.7376 0.3153
v 0.1052 -0.7335 0.3198
v 0.1145 -0.7392 0.3138
v 0.1393 -0.7392 0.3150
v 0.1725 -0.7420 0.3140
v 0.1836 -0.7423 0.3146
v 0.2055 -0.7367 0.3143
v 0.3297 -0.7077 0.3090
v 0.3858 -0.6296 0.3227
v 0.4003 -0.6014 0.3229
v 0.4162 -0.5405 0.3194
v 0.3517 -0.2840 0.3131
v 0.3345 -0.2628 0.3168
v 0.2917 0.2524 0.3254
v 0.2413 0.5240 0.3274
v 0.2153 0.5583 0.3153
v 0.2062 0.5661 0.3121
v 0.0221 0.2856 -0.3761
v 0.0048 0.2657 -0.3773
v -0.0047 0.2596 -0.3729
v -0.0137 0.2563 -0.3817
v -0.0197 0.2545 -0.3772
v -0.0306 0.2545 -0.3775
v -0.0371 0.2526 -0.3740
v 0.0258 0.3622 -0.3594
v -0.0182 0.5082 0.3217
v -0.0195 0.4970 0.3127
v -0.0208 0.4730 0.3113
v -0.0141 0.4437 0.3148
v 0.0510 0.0961 0.3223
v 0.0231 -0.2597 0.3170
v 0.0028 -0.3042 0.3276
v -0.0187 -0.3323 0.3274
v -0.0522 -0.3995 0.3256
v -0.0427 -0.6186 0.3210
v -0.0186 -0.6365 0.3338
v -0.0230 -0.6689 0.3142
v 0.0667 -0.7163 0.3283
v 0.1618 -0.7343 0.3207
v 0.1746 -0.7344 0.3207
v 0.1876 -0.7413 0.3203
v 0.1943 -0.7325 0.3212
v 0.2097 -0.7280 0.3210
v 0.3150 -0.7066 0.3187
v 0.3374 -0.6649 0.3343
v 0.3735 -0.6462 0.3216
v 0.3942 -0.6160 0.3226
v 0.4074 -0.5809 0.3215
v 0.4090 -0.5529 0.3267
v 0.4143 -0.4548 0.3248
v 0.2825 0.1860 0.3181
v 0.2916 0.2232 0.3233
v 0.2914 0.2361 0.3255
v 0.2544 0.4935 0.3262
v 0.2498 0.5066 0.3245
v 0.0304 0.3572 -0.3630
v 0.0366 0.3519 -0.3910
v 0.0379 0.3369 -0.3732
v 0.0379 0.3253 -0.3877
v 0.0097 0.2707 -0.3977
v -0.0043 0.2599 -0.3807
v -0.0369 0.2543 -0.3815
v -0.0439 0.2592 -0.3807
v 0.0019 0.3744 -0.3637
v -0.0094 0.5311 0.3255
v -0.0145 0.5194 0.3223
v -0.0212 0.4856 0.3188
v -0.0204 0.4823 0.3274
v -0.0156 0.4606 0.3274
v -0.0452 -0.3745 0.3244
v 0.0864 -0.7223 0.3272
v 0.1098 -0.7205 0.3307
v 0.1323 -0.7308 0.3225
v 0.1583 -0.7206 0.3312
v 0.1877 -0.7260 0.3286
v 0.1991 -0.7248 0.3286
v 0.2104 -0.7202 0.3285
v 0.3127 -0.6787 0.3394
v 0.3616 -0.6392 0.3347
v 0.3959 -0.5770 0.3354
v 0.4135 -0.5004 0.3272
v 0.4096 -0.4791 0.3326
v 0.2668 0.1982 0.3423
v 0.0206 0.2837 -0.3924
v -0.0042 0.2614 -0.3882
v -0.0235 0.2567 -0.3979
v -0.0374 0.2569 -0.4039
v -0.0446 0.2598 -0.3889
v -0.0473 0.2726 -0.3870
v 0.0032 0.3748 -0.3728
v 0.0130 0.3716 -0.3722
v 0.0264 0.3661 -0.3805
v 0.0313 0.3606 -0.3801
v -0.0210 0.4983 0.3298
v 0.0614 0.0934 0.3310
v 0.0173 -0.2907 0.3302
v -0.0276 -0.3595 0.3347
v -0.0395 -0.3817 0.3329
v 0.2001 -0.7153 0.3357
v 0.2156 -0.7089 0.3358
v 0.2959 -0.7017 0.3296
v 0.3262 -0.6629 0.3423
v 0.3748 -0.6156 0.3382
v 0.3817 -0.5923 0.3422
v 0.4060 -0.5151 0.3357
v 0.4014 -0.4486 0.3404
v 0.2750 0.2102 0.3382
v 0.2785 0.2241 0.3376
v 0.2643 0.2285 0.3511
v 0.2609 0.2530 0.3522
v 0.2373 0.5268 0.3649
v 0.0385 0.3416 -0.3954
v 0.0051 0.2669 -0.3961
v -0.0044 0.2627 -0.4040
v -0.0133 0.2591 -0.4031
v -0.0308 0.2575 -0.4011
v -0.0489 0.2729 -0.3947
v 0.0031 0.3776 -0.3862
v 0.0164 0.3727 -0.3866
v -0.0131 0.5311 0.3338
v -0.0179 0.5209 0.3366
v -0.0205 0.5105 0.3367
v -0.0186 0.4792 0.3403
v -0.0080 -0.3427 0.3411
v 0.1624 -0.7050 0.3434
v 0.1767 -0.6971 0.3496
v 0.3786 -0.5597 0.3533
v 0.3920 -0.5336 0.3480
v 0.2612 0.2095 0.3507
v 0.2480 0.5004 0.3499
v 0.0353 0.3171 -0.4052
v 0.0308 0.3055 -0.4128
v -0.0452 0.2615 -0.4036
v -0.0499 0.2738 -0.4101
v -0.0554 0.2858 -0.4010
v -0.0617 0.2945 -0.4001
v -0.0657 0.3033 -0.3986
v 0.0310 0.3623 -0.3934
v 0.0378 0.3300 -0.4086
v -0.0163 0.5313 0.3435
v -0.0216 0.4967 0.3416
v 0.3918 -0.4887 0.3511
v 0.3920 -0.4598 0.3509
v 0.0168 0.2811 -0.4156
v 0.0104 0.2733 -0.4165
v 0.0062 0.2708 -0.4220
v -0.0130 0.2618 -0.4173
v -0.0240 0.2604 -0.4167
v -0.0300 0.2606 -0.4112
v -0.0367 0.2586 -0.4117
v -0.0443 0.2634 -0.4111
v -0.0569 0.2864 -0.4085
v -0.0627 0.2951 -0.4075
v -0.0675 0.3033 -0.4061
v -0.0710 0.3154 -0.4074
v 0.0022 0.3794 -0.4080
v 0.0260 0.3676 -0.3977
v 0.0229 0.2905 -0.4146
v -0.0206 0.5237 0.3498
v -0.0225 0.5110 0.3528
v -0.0208 0.4932 0.3536
v 0.3759 -0.4718 0.3653
v -0.0300 0.2614 -0.4187
v -0.0368 0.2618 -0.4221
v -0.0443 0.2649 -0.4197
v -0.0566 0.2869 -0.4187
v -0.0640 0.2954 -0.4175
v -0.0694 0.3060 -0.4157
v -0.0697 0.3267 -0.4130
v -0.0206 0.3829 -0.4239
v -0.0095 0.3825 -0.4148
v 0.0154 0.3749 -0.4094
v 0.0353 0.3532 -0.4062
v 0.0378 0.3426 -0.4121
v 0.0364 0.3497 -0.4147
v 0.2421 0.5055 0.3728
v 0.0357 0.3263 -0.4256
v 0.0294 0.3060 -0.4264
v 0.0175 0.2845 -0.4232
v 0.0100 0.2757 -0.4320
v -0.0038 0.2661 -0.4257
v -0.0129 0.2613 -0.4264
v -0.0305 0.2629 -0.4323
v -0.0317 0.3790 -0.4261
v 0.0264 0.3671 -0.4163
v 0.0345 0.3544 -0.4210
v 0.2400 0.4928 0.3837
v 0.2382 0.5153 0.3737
v 0.0162 0.2840 -0.4313
v 0.0061 0.2730 -0.4366
v -0.0036 0.2671 -0.4365
v -0.0134 0.2632 -0.4338
v -0.0199 0.2618 -0.4340
v -0.0368 0.2632 -0.4340
v -0.0434 0.2671 -0.4360
v -0.0499 0.2775 -0.4323
v -0.0569 0.2873 -0.4312
v -0.0650 0.2973 -0.4324
v -0.0704 0.3082 -0.4338
v -0.0714 0.3183 -0.4269
v -0.0652 0.3415 -0.4297
v -0.0518 0.3629 -0.4452
v 0.0023 0.3809 -0.4242
v 0.0159 0.3765 -0.4244
v 0.0369 0.3425 -0.4237
v 0.0218 0.3133 -0.4599
v -0.0138 0.2657 -0.4465
v 0.2374 0.5149 0.3817
v -0.0287 0.2627 -0.4424
v -0.0387 0.2639 -0.4415
v -0.0526 0.2817 -0.4437
v -0.0590 0.3532 -0.4432
v -0.0405 0.3732 -0.4302
v -0.0089 0.3846 -0.4313
v 0.0265 0.3644 -0.4284
v 0.0292 0.3538 -0.4390
v 0.0287 0.3417 -0.4516
v 0.0279 0.3305 -0.4517
v 0.0151 0.3010 -0.4662
v 0.0141 0.2878 -0.4491
v 0.0049 0.2781 -0.4547
v -0.0038 0.2745 -0.4608
v -0.0295 0.2635 -0.4517
v -0.0390 0.2662 -0.4489
v -0.0438 0.2698 -0.4486
v -0.0700 0.3102 -0.4543
v -0.0708 0.3211 -0.4480
v -0.0689 0.3308 -0.4398
v 0.2378 0.5043 0.3892
v 0.0039 0.3817 -0.4366
v 0.0153 0.3762 -0.4345
v 0.0241 0.3671 -0.4360
v -0.0308 0.2677 -0.4679
v -0.0390 0.2688 -0.4591
v -0.0518 0.2822 -0.4617
v -0.0662 0.2993 -0.4553
v -0.0669 0.3339 -0.4593
v -0.0632 0.3450 -0.4498
v -0.0213 0.3837 -0.4477
v 0.0147 0.3748 -0.4453
v 0.0225 0.3657 -0.4439
v 0.0234 0.3266 -0.4669
v 0.0074 0.2970 -0.4833
v 0.0046 0.2820 -0.4622
v 0.2366 0.4923 0.3954
v 0.2342 0.5035 0.3970
v -0.0679 0.3249 -0.4734
v -0.0087 0.3843 -0.4486
v 0.0035 0.3811 -0.4493
v 0.0191 0.3634 -0.4613
v 0.0027 0.2857 -0.4762
v -0.0063 0.2780 -0.4755
v -0.0158 0.2738 -0.4741
v -0.0384 0.2721 -0.4746
v -0.0651 0.3022 -0.4712
v -0.0492 0.3659 -0.4720
v 0.2297 0.4902 0.4073
v -0.0298 0.3819 -0.4626
v -0.0208 0.3849 -0.4560
v -0.0083 0.3843 -0.4562
v 0.0020 0.3798 -0.4648
v 0.0204 0.3544 -0.4704
v 0.0251 0.3410 -0.4622
v 0.0234 0.3361 -0.4706
v -0.0291 0.2710 -0.4788
v -0.0574 0.2931 -0.4757
v -0.0589 0.3455 -0.4952
v -0.0600 0.3475 -0.4797
v -0.0395 0.3756 -0.4724
v -0.0175 0.3855 -0.4639
v -0.0082 0.3853 -0.4640
v 0.0113 0.3728 -0.4718
v 0.0188 0.3231 -0.4798
v 0.0117 0.3093 -0.4934
v -0.0001 0.2897 -0.4910
v -0.0099 0.2845 -0.4981
v -0.0177 0.2762 -0.4861
v -0.0282 0.2725 -0.4867
v -0.0385 0.2749 -0.4899
v -0.0565 0.2937 -0.4844
v -0.0671 0.3143 -0.4805
v -0.0546 0.3573 -0.4820
v -0.0290 0.3823 -0.4770
v -0.0157 0.3851 -0.4716
v -0.0083 0.3834 -0.4719
v 0.0212 0.3419 -0.4787
v 0.0185 0.3281 -0.4896
v -0.0183 0.2789 -0.4943
v -0.0288 0.2759 -0.4936
v -0.0630 0.3057 -0.4893
v -0.0626 0.3190 -0.5011
v -0.0631 0.3289 -0.5000
v -0.0149 0.3845 -0.4792
v 0.0002 0.3795 -0.4800
v 0.0098 0.3714 -0.4819
v 0.0129 0.3637 -0.4892
v 0.0165 0.3532 -0.4913
v 0.0145 0.3176 -0.4963
v 0.0054 0.2995 -0.4983
v -0.0032 0.2929 -0.5047
v -0.0294 0.2789 -0.5040
v -0.0417 0.2805 -0.5023
v -0.0556 0.2988 -0.4979
v -0.0605 0.3091 -0.5022
v -0.0371 0.3788 -0.5163
v -0.0206 0.3841 -0.4897
v -0.0082 0.3836 -0.4870
v -0.0005 0.3785 -0.4956
v 0.0132 0.3369 -0.5146
v 0.0093 0.3116 -0.5043
v 0.0038 0.3015 -0.5056
v -0.0192 0.2836 -0.5122
v -0.0422 0.2833 -0.5130
v -0.0485 0.2911 -0.5114
v -0.0572 0.3434 -0.5194
v -0.0507 0.3607 -0.5360
v -0.0081 0.3829 -0.4948
v 0.0089 0.3702 -0.5015
v 0.0122 0.3648 -0.4977
v 0.0130 0.3533 -0.5077
v 0.0111 0.3205 -0.5118
v 0.0030 0.3032 -0.5153
v -0.0049 0.2956 -0.5213
v -0.0104 0.2892 -0.5150
v -0.0303 0.2819 -0.5160
v -0.0539 0.3035 -0.5126
v -0.0260 0.3841 -0.5182
v -0.0201 0.3844 -0.5022
v -0.0077 0.3823 -0.5118
v -0.0005 0.3788 -0.5030
v -0.0206 0.2867 -0.5231
v -0.0306 0.2856 -0.5229
v -0.0401 0.2852 -0.5228
v -0.0468 0.2974 -0.5274
v -0.0531 0.3080 -0.5248
v -0.0578 0.3274 -0.5306
v -0.0201 0.3840 -0.5141
v -0.0014 0.3784 -0.5107
v 0.0070 0.3683 -0.5268
v 0.0096 0.3278 -0.5291
v 0.0062 0.3169 -0.5338
v 0.0016 0.3086 -0.5324
v -0.0081 0.2985 -0.5338
v -0.0214 0.2900 -0.5340
v -0.0311 0.2875 -0.5303
v -0.0394 0.2881 -0.5302
v -0.0549 0.3165 -0.5325
v -0.0573 0.3344 -0.5358
v -0.0440 0.3715 -0.5316
v -0.0027 0.3787 -0.5249
v -0.0311 0.2904 -0.5377
v -0.0396 0.2897 -0.5382
v -0.0460 0.2994 -0.5392
v -0.0198 0.3848 -0.5269
v -0.0071 0.3817 -0.5317
v 0.0099 0.3537 -0.5311
v 0.0096 0.3447 -0.5455
v 0.0066 0.3233 -0.5514
v -0.0126 0.2970 -0.5448
v -0.0219 0.2936 -0.5462
v -0.0324 0.2935 -0.5450
v -0.0400 0.2911 -0.5456
v -0.0530 0.3207 -0.5511
v -0.0540 0.3477 -0.5566
v -0.0357 0.3803 -0.5385
v 0.0043 0.3699 -0.5554
v 0.0089 0.3446 -0.5654
v -0.0072 0.3035 -0.5565
v -0.0179 0.2974 -0.5582
v -0.0327 0.2957 -0.5571
v -0.0400 0.2951 -0.5588
v -0.0454 0.3014 -0.5518
v -0.0537 0.3379 -0.5682
v -0.0248 0.3855 -0.5442
v -0.0197 0.3860 -0.5478
v -0.0029 0.3783 -0.5429
v 0.0074 0.3581 -0.5546
v -0.0225 0.2969 -0.5601
v -0.0448 0.3047 -0.5599
v -0.0484 0.3662 -0.5721
v -0.0347 0.3826 -0.5592
v -0.0076 0.3823 -0.5483
v -0.0005 0.3143 -0.5735
v -0.0087 0.3058 -0.5700
v -0.0133 0.3013 -0.5673
v -0.0233 0.3000 -0.5672
v -0.0394 0.2979 -0.5674
v -0.0242 0.3876 -0.5553
v -0.0188 0.3883 -0.5555
v -0.0041 0.3807 -0.5573
v 0.0082 0.3395 -0.5783
v 0.0051 0.3275 -0.5845
v -0.0133 0.3039 -0.5762
v -0.0247 0.3009 -0.5783
v -0.0329 0.2997 -0.5751
v -0.0388 0.2986 -0.5752
v -0.0439 0.3077 -0.5739
v -0.0486 0.3260 -0.5863
v -0.0427 0.3787 -0.5876
v -0.0228 0.3886 -0.5637
v -0.0061 0.3818 -0.5643
v 0.0037 0.3708 -0.5655
v 0.0074 0.3579 -0.5748
v -0.0305 0.3006 -0.5828
v -0.0395 0.3006 -0.5827
v -0.0423 0.3143 -0.6048
v -0.0067 0.3827 -0.5713
v 0.0068 0.3607 -0.5852
v 0.0080 0.3505 -0.5938
v -0.0012 0.3164 -0.5920
v -0.0087 0.3088 -0.5895
v -0.0132 0.3081 -0.6021
v -0.0237 0.3060 -0.6038
v -0.0304 0.3028 -0.5901
v -0.0386 0.3043 -0.5971
v -0.0355 0.3867 -0.5867
v -0.0233 0.3907 -0.5814
v -0.0073 0.3843 -0.5786
v 0.0032 0.3725 -0.5801
v 0.0054 0.3325 -0.5934
v -0.0080 0.3095 -0.5971
v -0.0507 0.3407 -0.5961
v -0.0516 0.3535 -0.5909
v -0.0489 0.3682 -0.6015
v -0.0071 0.3863 -0.5871
v 0.0076 0.3434 -0.5999
v 0.0039 0.3298 -0.6064
v -0.0016 0.3190 -0.6046
v -0.0085 0.3112 -0.6046
v -0.0380 0.3052 -0.6054
v -0.0511 0.3542 -0.6022
v -0.0227 0.3916 -0.5938
v 0.0105 0.3574 -0.6181
v 0.0088 0.3460 -0.6151
v -0.0084 0.3118 -0.6122
v -0.0130 0.3088 -0.6127
v -0.0238 0.3063 -0.6131
v -0.0301 0.3066 -0.6130
v -0.0378 0.3081 -0.6126
v -0.0467 0.3308 -0.6133
v -0.0498 0.3436 -0.6125
v -0.0456 0.3847 -0.6204
v -0.0360 0.3904 -0.6048
v -0.0238 0.3957 -0.6100
v -0.0082 0.3909 -0.6070
v -0.0028 0.3899 -0.6160
v 0.0065 0.3366 -0.6217
v -0.0016 0.3209 -0.6186
v -0.0092 0.3137 -0.6197
v -0.0135 0.3111 -0.6200
v -0.0242 0.3090 -0.6249
v -0.0308 0.3105 -0.6263
v -0.0373 0.3086 -0.6205
v -0.0413 0.3177 -0.6192
v -0.0513 0.3567 -0.6139
v -0.0509 0.3673 -0.6169
v 0.0049 0.3792 -0.6097
v 0.0095 0.3676 -0.6153
v 0.0051 0.3315 -0.6321
v -0.0005 0.3229 -0.6318
v -0.0079 0.3166 -0.6426
v -0.0392 0.3063 -0.6285
v -0.0413 0.3186 -0.6271
v -0.0472 0.3337 -0.6269
v -0.0519 0.3494 -0.6287
v -0.0524 0.3586 -0.6236
v -0.0498 0.3752 -0.6218
v -0.0380 0.3954 -0.6245
v -0.0266 0.4004 -0.6254
v 0.0050 0.3814 -0.6179
v 0.0133 0.3499 -0.6376
v -0.0133 0.3135 -0.6377
v -0.0242 0.3118 -0.6355
v -0.0301 0.3115 -0.6356
v -0.0373 0.3116 -0.6358
v -0.0424 0.3198 -0.6423
v -0.0084 0.3968 -0.6255
v 0.0100 0.3387 -0.6391
v 0.0089 0.3321 -0.6558
v 0.0012 0.3234 -0.6421
v -0.0242 0.3132 -0.6430
v -0.0306 0.3147 -0.6429
v -0.0395 0.3078 -0.6438
v -0.0537 0.3499 -0.6385
v -0.0556 0.3602 -0.6373
v -0.0486 0.3912 -0.6388
v -0.0199 0.4023 -0.6322
v -0.0014 0.3956 -0.6332
v 0.0078 0.3856 -0.6339
v 0.0141 0.3725 -0.6386
v 0.0153 0.3619 -0.6386
v 0.0158 0.3422 -0.6587
v -0.0129 0.3149 -0.6506
v -0.0240 0.3135 -0.6507
v -0.0306 0.3161 -0.6515
v -0.0396 0.3088 -0.6513
v -0.0421 0.3208 -0.6503
v -0.0485 0.3324 -0.6505
v -0.0543 0.3509 -0.6477
v -0.0577 0.3623 -0.6464
v -0.0574 0.3715 -0.6437
v -0.0558 0.3819 -0.6471
v -0.0298 0.4090 -0.6494
v -0.0085 0.4071 -0.6523
v 0.0081 0.3907 -0.6417
v 0.0177 0.3760 -0.6488
v 0.0199 0.3626 -0.6511
v 0.0192 0.3524 -0.6552
v 0.0027 0.3246 -0.6568
v -0.0065 0.3184 -0.6614
v -0.0126 0.3166 -0.6629
v -0.0238 0.3163 -0.6641
v -0.0397 0.3097 -0.6589
v -0.0474 0.3180 -0.6577
v -0.0483 0.3317 -0.6572
v -0.0503 0.3370 -0.6570
v -0.0545 0.3469 -0.6559
v -0.0574 0.3530 -0.6548
v -0.0611 0.3726 -0.6533
v -0.0201 0.4102 -0.6517
v 0.0224 0.3677 -0.6604
v 0.0034 0.3266 -0.6703
v -0.0309 0.3188 -0.6651
v -0.0400 0.3106 -0.6665
v -0.0437 0.3222 -0.6651
v -0.0550 0.3279 -0.6641
v -0.0553 0.3422 -0.6639
v -0.0601 0.3453 -0.6698
v -0.0633 0.3549 -0.6687
v -0.0653 0.3647 -0.6672
v -0.0602 0.3853 -0.6565
v -0.0540 0.3939 -0.6549
v -0.0413 0.4073 -0.6568
v 0.0010 0.4029 -0.6525
v 0.0101 0.3957 -0.6570
v 0.0201 0.3796 -0.6586
v 0.0210 0.3534 -0.6684
v 0.0168 0.3433 -0.6694
v 0.0113 0.3341 -0.6707
v -0.0035 0.3219 -0.6723
v -0.0129 0.3186 -0.6726
v -0.0243 0.3166 -0.6728
v -0.0306 0.3166 -0.6727
v -0.0406 0.3126 -0.6739
v -0.0437 0.3236 -0.6723
v -0.0508 0.3319 -0.6716
v -0.0572 0.3418 -0.6708
v -0.0658 0.3769 -0.6655
v -0.0647 0.3895 -0.6759
v -0.0581 0.3989 -0.6732
v -0.0509 0.4067 -0.6735
v -0.0309 0.4122 -0.6594
v -0.0200 0.4121 -0.6594
v 0.0012 0.4046 -0.6604
v 0.0205 0.3537 -0.6763
v 0.0165 0.3445 -0.6770
v 0.0104 0.3357 -0.6781
v 0.0026 0.3278 -0.6791
v -0.0041 0.3245 -0.6793
v -0.0135 0.3202 -0.6799
v -0.0249 0.3180 -0.6802
v -0.0305 0.3180 -0.6800
v -0.0387 0.3203 -0.6792
v -0.0445 0.3244 -0.6794
v -0.0526 0.3340 -0.6845
v -0.0585 0.3422 -0.6843
v -0.0607 0.3469 -0.6772
v -0.0673 0.3663 -0.6762
v -0.0681 0.3755 -0.6775
v -0.0321 0.4163 -0.6740
v -0.0197 0.4154 -0.6666
v -0.0077 0.4113 -0.6672
v 0.0023 0.4071 -0.6680
v 0.0109 0.3983 -0.6691
v 0.0210 0.3814 -0.6719
v 0.0228 0.3674 -0.6738
v 0.0219 0.3748 -0.6813
v 0.0216 0.3672 -0.6821
v 0.0195 0.3558 -0.6835
v 0.0152 0.3463 -0.6846
v 0.0092 0.3376 -0.6857
v 0.0009 0.3299 -0.6865
v -0.0051 0.3260 -0.6870
v -0.0172 0.3228 -0.6875
v -0.0306 0.3212 -0.6867
v -0.0389 0.3230 -0.6854
v -0.0450 0.3257 -0.6863
v -0.0649 0.3563 -0.6834
v -0.0434 0.4130 -0.6765
v -0.0193 0.4189 -0.6788
v -0.0072 0.4137 -0.6747
v 0.0025 0.4086 -0.6755
v 0.0114 0.4004 -0.6768
v 0.0166 0.3932 -0.6779
v 0.0207 0.3820 -0.6800
v 0.0190 0.3766 -0.6888
v 0.0198 0.3684 -0.6905
v 0.0167 0.3595 -0.6914
v 0.0119 0.3492 -0.6923
v 0.0050 0.3405 -0.6932
v -0.0053 0.3318 -0.6941
v -0.0175 0.3279 -0.6947
v -0.0306 0.3259 -0.6945
v -0.0435 0.3291 -0.6934
v -0.0532 0.3346 -0.6930
v -0.0585 0.3436 -0.6911
v -0.0653 0.3578 -0.6897
v -0.0678 0.3693 -0.6884
v -0.0688 0.3779 -0.6875
v -0.0656 0.3909 -0.6905
v -0.0590 0.4020 -0.6870
v -0.0321 0.4177 -0.6818
v -0.0074 0.4157 -0.6821
v 0.0019 0.4095 -0.6838
v 0.0153 0.3933 -0.6859
v 0.0165 0.3801 -0.6964
v 0.0154 0.3846 -0.6948
v 0.0144 0.3689 -0.6974
v 0.0117 0.3628 -0.6978
v 0.0069 0.3529 -0.6992
v -0.0017 0.3455 -0.7001
v -0.0119 0.3407 -0.7014
v -0.0307 0.3343 -0.7016
v -0.0416 0.3348 -0.7006
v -0.0507 0.3405 -0.6995
v -0.0580 0.3478 -0.6982
v -0.0636 0.3604 -0.6983
v -0.0666 0.3790 -0.7010
v -0.0530 0.4133 -0.7010
v -0.0327 0.4198 -0.6891
v -0.0194 0.4203 -0.6891
v -0.0076 0.4170 -0.6941
v 0.0104 0.4008 -0.6924
v 0.0134 0.3933 -0.6936
v 0.0127 0.3850 -0.7023
v 0.0100 0.3684 -0.7046
v 0.0020 0.3568 -0.7064
v -0.0074 0.3518 -0.7073
v -0.0179 0.3474 -0.7076
v -0.0322 0.3467 -0.7113
v -0.0409 0.3421 -0.7071
v -0.0485 0.3461 -0.7073
v -0.0559 0.3547 -0.7075
v -0.0652 0.3910 -0.7012
v -0.0607 0.4018 -0.7013
v -0.0448 0.4192 -0.7008
v -0.0338 0.4250 -0.7077
v -0.0194 0.4211 -0.6965
v 0.0022 0.4121 -0.7029
v 0.0084 0.4043 -0.6992
v 0.0132 0.3940 -0.7011
v 0.0113 0.3953 -0.7084
v 0.0099 0.3816 -0.7104
v 0.0048 0.3695 -0.7119
v -0.0031 0.3610 -0.7132
v -0.0450 0.3525 -0.7139
v -0.0597 0.3712 -0.7143
v -0.0623 0.3770 -0.7126
v -0.0640 0.3817 -0.7101
v -0.0643 0.3921 -0.7089
v -0.0197 0.4237 -0.7058
v -0.0078 0.4204 -0.7110
v 0.0076 0.4050 -0.7066
v 0.0099 0.3918 -0.7165
v 0.0081 0.3825 -0.7178
v 0.0014 0.3714 -0.7194
v -0.0089 0.3634 -0.7205
v -0.0217 0.3592 -0.7211
v -0.0314 0.3578 -0.7211
v -0.0419 0.3593 -0.7206
v -0.0516 0.3648 -0.7201
v -0.0640 0.3929 -0.7197
v -0.0615 0.4055 -0.7179
v -0.0549 0.4157 -0.7132
v -0.0466 0.4245 -0.7174
v 0.0079 0.4058 -0.7142
v 0.0095 0.3932 -0.7241
v 0.0065 0.3840 -0.7253
v -0.0009 0.3736 -0.7267
v -0.0112 0.3673 -0.7276
v -0.0240 0.3641 -0.7279
v -0.0315 0.3638 -0.7276
v -0.0417 0.3676 -0.7314
v -0.0495 0.3715 -0.7319
v -0.0578 0.3809 -0.7326
v -0.0604 0.3806 -0.7257
v -0.0637 0.3934 -0.7266
v -0.0565 0.4188 -0.7230
v -0.0369 0.4320 -0.7245
v -0.0197 0.4313 -0.7244
v -0.0082 0.4243 -0.7185
v 0.0031 0.4163 -0.7201
v 0.0082 0.4072 -0.7215
v 0.0054 0.3854 -0.7328
v -0.0026 0.3757 -0.7342
v -0.0145 0.3704 -0.7348
v -0.0313 0.3680 -0.7340
v -0.0632 0.4100 -0.7293
v -0.0309 0.4334 -0.7256
v -0.0048 0.4290 -0.7306
v 0.0037 0.4198 -0.7296
v 0.0097 0.4090 -0.7290
v 0.0093 0.3959 -0.7435
v 0.0050 0.3870 -0.7443
v -0.0038 0.3776 -0.7416
v -0.0153 0.3736 -0.7421
v -0.0301 0.3731 -0.7433
v -0.0406 0.3741 -0.7464
v -0.0563 0.3829 -0.7404
v -0.0645 0.3967 -0.7392
v -0.0650 0.4129 -0.7372
v -0.0589 0.4254 -0.7354
v -0.0510 0.4328 -0.7358
v -0.0398 0.4361 -0.7332
v -0.0312 0.4384 -0.7342
v -0.0207 0.4366 -0.7326
v 0.0101 0.4104 -0.7366
v 0.0119 0.4114 -0.7443
v -0.0051 0.3800 -0.7527
v -0.0160 0.3778 -0.7541
v -0.0316 0.3744 -0.7497
v -0.0473 0.3783 -0.7493
v -0.0553 0.3838 -0.7490
v -0.0632 0.3932 -0.7483
v -0.0668 0.4035 -0.7475
v -0.0675 0.4158 -0.7456
v -0.0645 0.4248 -0.7434
v -0.0576 0.4330 -0.7420
v -0.0422 0.4412 -0.7404
v -0.0210 0.4445 -0.7428
v -0.0095 0.4435 -0.7473
v -0.0014 0.4353 -0.7429
v 0.0088 0.4258 -0.7460
v 0.0136 0.4076 -0.7528
v 0.0108 0.3999 -0.7541
v 0.0035 0.3886 -0.7557
v -0.0317 0.3768 -0.7572
v -0.0411 0.3772 -0.7576
v -0.0475 0.3796 -0.7573
v -0.0558 0.3849 -0.7569
v -0.0649 0.3939 -0.7565
v -0.0696 0.4033 -0.7553
v -0.0719 0.4097 -0.7540
v -0.0686 0.4285 -0.7507
v -0.0615 0.4368 -0.7494
v -0.0552 0.4433 -0.7502
v -0.0452 0.4471 -0.7474
v -0.0342 0.4502 -0.7467
v 0.0155 0.4086 -0.7639
v 0.0118 0.3991 -0.7662
v 0.0041 0.3898 -0.7635
v -0.0049 0.3821 -0.7643
v -0.0166 0.3795 -0.7649
v -0.0318 0.3775 -0.7657
v -0.0411 0.3790 -0.7663
v -0.0478 0.3799 -0.7656
v -0.0561 0.3864 -0.7657
v -0.0661 0.3935 -0.7658
v -0.0732 0.4026 -0.7636
v -0.0752 0.4109 -0.7621
v -0.0759 0.4209 -0.7600
v -0.0731 0.4322 -0.7577
v -0.0682 0.4436 -0.7576
v -0.0488 0.4536 -0.7544
v -0.0404 0.4647 -0.7598
v -0.0322 0.4665 -0.7598
v -0.0219 0.4635 -0.7600
v -0.0077 0.4528 -0.7572
v 0.0027 0.4450 -0.7574
v 0.0168 0.4207 -0.7624
v 0.0145 0.3992 -0.7778
v 0.0055 0.3901 -0.7715
v -0.0036 0.3833 -0.7724
v -0.0157 0.3793 -0.7732
v -0.0215 0.3783 -0.7737
v -0.0267 0.3772 -0.7740
v -0.0318 0.3718 -0.7734
v -0.0420 0.3718 -0.7734
v -0.0509 0.3744 -0.7730
v -0.0607 0.3791 -0.7724
v -0.0661 0.3897 -0.7741
v -0.0721 0.3935 -0.7731
v -0.0781 0.4012 -0.7708
v -0.0810 0.4115 -0.7690
v -0.0817 0.4220 -0.7673
v -0.0789 0.4348 -0.7647
v -0.0637 0.4556 -0.7616
v -0.0524 0.4609 -0.7607
v 0.0182 0.4339 -0.7721
v 0.0201 0.4218 -0.7741
v 0.0183 0.4140 -0.7756
v 0.0084 0.3895 -0.7791
v -0.0038 0.3819 -0.7802
v -0.0139 0.3769 -0.7811
v -0.0241 0.3719 -0.7811
v -0.0314 0.3699 -0.7814
v -0.0420 0.3685 -0.7887
v -0.0523 0.3727 -0.7810
v -0.0641 0.3758 -0.7878
v -0.0719 0.3822 -0.7797
v -0.0814 0.3998 -0.7787
v -0.0853 0.4103 -0.7763
v -0.0856 0.4228 -0.7743
v -0.0842 0.4334 -0.7727
v -0.0824 0.4395 -0.7716
v -0.0771 0.4485 -0.7703
v -0.0702 0.4569 -0.7690
v -0.0643 0.4614 -0.7683
v -0.0549 0.4659 -0.7677
v -0.0439 0.4687 -0.7672
v -0.0325 0.4707 -0.7669
v -0.0215 0.4682 -0.7672
v -0.0125 0.4645 -0.7678
v -0.0030 0.4592 -0.7685
v 0.0057 0.4530 -0.7693
v 0.0132 0.4436 -0.7707
v 0.0221 0.4219 -0.7811
v 0.0219 0.4148 -0.7826
v 0.0177 0.3990 -0.7850
v 0.0110 0.3889 -0.7865
v -0.0015 0.3823 -0.7866
v -0.0115 0.3735 -0.7885
v -0.0224 0.3705 -0.7890
v -0.0313 0.3682 -0.7893
v -0.0532 0.3718 -0.7889
v -0.0705 0.3845 -0.7878
v -0.0793 0.3907 -0.7865
v -0.0838 0.4000 -0.7851
v -0.0878 0.4122 -0.7829
v -0.0878 0.4232 -0.7824
v -0.0864 0.4348 -0.7799
v -0.0841 0.4412 -0.7790
v -0.0787 0.4505 -0.7776
v -0.0716 0.4588 -0.7764
v -0.0652 0.4637 -0.7757
v -0.0545 0.4683 -0.7756
v -0.0325 0.4722 -0.7744
v -0.0215 0.4703 -0.7746
v -0.0120 0.4665 -0.7751
v -0.0014 0.4616 -0.7763
v 0.0068 0.4558 -0.7767
v 0.0143 0.4467 -0.7779
v 0.0199 0.4360 -0.7795
v 0.0228 0.4252 -0.7888
v 0.0227 0.4157 -0.7901
v 0.0182 0.3990 -0.7928
v 0.0116 0.3896 -0.7938
v 0.0027 0.3825 -0.7949
v -0.0014 0.3789 -0.7954
v -0.0108 0.3746 -0.7964
v -0.0317 0.3720 -0.8030
v -0.0420 0.3697 -0.7968
v -0.0525 0.3739 -0.7961
v -0.0638 0.3767 -0.7958
v -0.0721 0.3835 -0.7947
v -0.0800 0.3913 -0.7937
v -0.0848 0.4007 -0.7924
v -0.0867 0.4123 -0.7960
v -0.0845 0.4401 -0.7870
v -0.0785 0.4514 -0.7852
v -0.0716 0.4598 -0.7840
v -0.0651 0.4645 -0.7833
v -0.0545 0.4690 -0.7826
v -0.0324 0.4729 -0.7821
v -0.0217 0.4709 -0.7823
v -0.0104 0.4656 -0.7830
v 0.0056 0.4565 -0.7910
v 0.0148 0.4468 -0.7857
v 0.0201 0.4373 -0.7870
v 0.0175 0.4089 -0.7983
v 0.0101 0.3911 -0.8013
v 0.0003 0.3830 -0.8022
v -0.0423 0.3728 -0.8038
v -0.0529 0.3759 -0.8035
v -0.0627 0.3797 -0.8031
v -0.0718 0.3855 -0.8060
v -0.0792 0.3927 -0.8013
v -0.0840 0.4024 -0.8000
v -0.0878 0.4266 -0.7981
v -0.0862 0.4365 -0.7954
v -0.0839 0.4435 -0.7940
v -0.0791 0.4530 -0.7927
v -0.0733 0.4617 -0.7914
v 0.2963 -0.5948 -0.2428
v 0.2999 -0.5771 -0.2357
v 0.2968 -0.6074 -0.2425
v 0.2984 -0.5957 -0.2349
v 0.2978 -0.6080 -0.2348
v 0.3074 -0.5497 -0.2276
v 0.3041 -0.5615 -0.2277
v 0.3036 -0.5736 -0.2271
v 0.3024 -0.5859 -0.2265
v 0.3024 -0.5979 -0.2271
v 0.3010 -0.6097 -0.2271
v 0.3003 -0.6220 -0.2270
v 0.0379 0.3216 -0.2246
v -0.0808 -0.6997 -0.2202
v -0.0889 -0.7217 -0.2260
v 0.0280 -0.8497 -0.2194
v 0.0292 -0.8454 -0.2237
v 0.0322 -0.8152 -0.2173
v 0.3102 -0.6024 -0.2190
v 0.3049 -0.6121 -0.2180
v 0.3065 -0.5509 -0.2199
v 0.0423 0.3102 -0.2191
v -0.0484 0.2829 -0.2188
v -0.0478 0.2584 -0.2183
v -0.0817 -0.6928 -0.2110
v -0.0872 -0.7074 -0.2183
v -0.0918 -0.7079 -0.2089
v -0.0951 -0.7205 -0.2081
v -0.0958 -0.7297 -0.2085
v -0.0947 -0.7405 -0.2131
v -0.0906 -0.7540 -0.2212
v -0.0894 -0.7622 -0.2076
v 0.0276 -0.8370 -0.2082
v 0.0365 -0.7884 -0.2054
v 0.0369 -0.7702 -0.2120
v 0.3090 -0.5439 -0.2123
v 0.3074 -0.5563 -0.2116
v 0.4166 -0.5880 -0.2058
v 0.4195 -0.5726 -0.1987
v 0.2757 0.3282 -0.2141
v 0.2414 0.3123 -0.2179
v 0.3137 0.3271 -0.2060
v 0.3043 0.3322 -0.2065
v 0.2918 0.3359 -0.2052
v 0.2397 0.3177 -0.2028
v 0.2150 0.2885 -0.2085
v 0.0458 0.3072 -0.2055
v 0.0418 0.3174 -0.2114
v -0.0698 0.3055 -0.2127
v -0.0543 0.2920 -0.2118
v -0.0509 0.2727 -0.2058
v -0.0439 0.2483 -0.2009
v -0.0344 0.2402 -0.2038
v -0.0254 0.2360 -0.2113
v -0.0144 0.2303 -0.2106
v -0.0778 -0.6834 -0.2051
v -0.0896 -0.6981 -0.2045
v -0.0953 -0.7514 -0.1934
v 0.0128 -0.8549 -0.2032
v 0.0192 -0.8503 -0.2032
v 0.0355 -0.7924 -0.1934
v 0.0385 -0.7733 -0.1993
v 0.3103 -0.5337 -0.2046
v 0.3072 -0.5442 -0.2046
v 0.0456 0.2892 -0.2036
v 0.0469 0.3005 -0.2037
v 0.0423 0.3184 -0.2037
v -0.0741 0.3055 -0.2049
v -0.0650 0.2952 -0.2047
v -0.0516 0.2853 -0.2040
v -0.0528 0.2673 -0.1908
v -0.0273 0.2324 -0.2040
v -0.0201 0.2248 -0.2035
v -0.0803 -0.6808 -0.1981
v -0.0967 -0.7069 -0.1936
v -0.0910 -0.7626 -0.1840
v 0.0134 -0.8413 -0.1908
v 0.0223 -0.8380 -0.1958
v 0.0286 -0.8234 -0.1967
v 0.0319 -0.8086 -0.1921
v 0.4123 -0.6081 -0.1955
v 0.4194 -0.5870 -0.1903
v 0.4195 -0.5555 -0.1915
v 0.4165 -0.5446 -0.1921
v 0.3085 -0.5327 -0.1906
v 0.2707 0.1513 -0.2018
v 0.2825 0.1665 -0.2014
v 0.3288 0.3130 -0.1997
v 0.3242 0.3215 -0.1987
v 0.2773 0.3344 -0.2025
v 0.2636 0.3299 -0.2025
v 0.2464 0.3256 -0.1951
v 0.2047 0.2696 -0.2025
v 0.0468 0.3117 -0.1962
v -0.0692 0.2941 -0.1966
v -0.0535 0.2844 -0.1964
v -0.0517 0.2554 -0.1774
v -0.0353 0.2368 -0.1886
v -0.0289 0.2313 -0.1960
v -0.0197 0.2181 -0.1959
v -0.0084 0.2072 -0.1959
v -0.0568 -0.6569 -0.1880
v -0.1006 -0.7291 -0.1818
v -0.0992 -0.7404 -0.1836
v -0.0818 -0.7749 -0.1879
v 0.0025 -0.8370 -0.1843
v 0.0162 -0.8304 -0.1827
v 0.0230 -0.8283 -0.1887
v 0.0275 -0.8207 -0.1890
v 0.0385 -0.7650 -0.1894
v 0.0388 -0.7601 -0.1888
v 0.4175 -0.5953 -0.1826
v 0.4215 -0.5759 -0.1864
v 0.4111 -0.5228 -0.1742
v 0.2471 0.1139 -0.1952
v 0.2635 0.1311 -0.1945
v 0.2680 0.1398 -0.1938
v 0.2780 0.1540 -0.1933
v 0.2867 0.1669 -0.1938
v 0.2924 0.1761 -0.1939
v 0.3200 0.3345 -0.1888
v 0.3076 0.3379 -0.1947
v 0.2906 0.3411 -0.1930
v 0.2744 0.3400 -0.1952
v 0.2668 0.3392 -0.1870
v 0.2379 0.3185 -0.1939
v 0.2293 0.3140 -0.1949
v 0.2207 0.3046 -0.1953
v 0.2134 0.2952 -0.1952
v 0.2070 0.2851 -0.1948
v 0.4014 -0.6231 -0.1544
v 0.4130 -0.6066 -0.1803
v 0.4195 -0.5859 -0.1809
v 0.4232 -0.5663 -0.1771
v 0.4186 -0.5390 -0.1757
v 0.3107 -0.5227 -0.1818
v 0.3097 -0.5325 -0.1819
v -0.0748 0.2957 -0.1857
v -0.0621 0.2878 -0.1889
v -0.0546 0.2811 -0.1888
v -0.0445 0.2433 -0.1753
v -0.0271 0.2280 -0.1862
v -0.0178 0.2158 -0.1883
v -0.0082 0.2056 -0.1881
v 0.0000 0.1984 -0.1880
v 0.0115 0.1911 -0.1877
v -0.0436 -0.6531 -0.1850
v -0.0669 -0.6593 -0.1829
v -0.0759 -0.7811 -0.1768
v -0.0237 -0.8282 -0.1812
v -0.0140 -0.8332 -0.1807
v -0.0091 -0.8341 -0.1804
v 0.0258 -0.8175 -0.1812
v 0.0308 -0.8068 -0.1816
v 0.0341 -0.7940 -0.1782
v 0.0374 -0.7761 -0.1819
v 0.0356 -0.7649 -0.1818
v 0.2317 0.0889 -0.1864
v 0.2482 0.1063 -0.1868
v 0.2594 0.1195 -0.1868
v 0.2643 0.1294 -0.1862
v 0.2759 0.1461 -0.1866
v 0.2893 0.1698 -0.1837
v 0.3037 0.1916 -0.1830
v 0.3401 0.3166 -0.1732
v 0.3137 0.3429 -0.1838
v 0.3018 0.3429 -0.1865
v 0.2791 0.3446 -0.1884
v 0.2541 0.3338 -0.1871
v 0.2428 0.3275 -0.1866
v 0.2349 0.3231 -0.1869
v 0.2267 0.3159 -0.1862
v 0.2193 0.3109 -0.1872
v 0.2262 0.0769 -0.1785
v 0.2324 0.0866 -0.1786
v 0.2398 0.0948 -0.1777
v 0.2506 0.1085 -0.1784
v 0.2592 0.1198 -0.1785
v 0.3483 0.3028 -0.1633
v 0.3346 0.3285 -0.1732
v 0.3016 0.3496 -0.1778
v 0.2922 0.3477 -0.1786
v 0.2810 0.3480 -0.1794
v 0.2766 0.3463 -0.1785
v 0.2659 0.3445 -0.1790
v 0.2545 0.3408 -0.1797
v 0.2398 0.3376 -0.1759
v 0.2313 0.3294 -0.1799
v -0.0598 0.2827 -0.1779
v -0.0569 0.2797 -0.1799
v -0.0106 0.2091 -0.1821
v -0.0451 -0.6400 -0.1662
v -0.0700 -0.6524 -0.1683
v -0.0966 -0.7512 -0.1730
v -0.0861 -0.7702 -0.1716
v -0.0431 -0.8078 -0.1740
v -0.0322 -0.8173 -0.1742
v -0.0225 -0.8239 -0.1737
v -0.0117 -0.8273 -0.1733
v 0.0028 -0.8253 -0.1710
v 0.0128 -0.8211 -0.1710
v 0.0217 -0.8160 -0.1733
v 0.0290 -0.8052 -0.1739
v 0.0365 -0.7758 -0.1720
v 0.0355 -0.7657 -0.1746
v 0.4122 -0.6072 -0.1667
v 0.4184 -0.5856 -0.1733
v 0.4226 -0.5762 -0.1720
v 0.4227 -0.5512 -0.1677
v 0.3349 -0.4952 -0.1741
v 0.3267 -0.4986 -0.1741
v 0.3121 -0.5143 -0.1743
v 0.3090 -0.5216 -0.1679
v 0.2281 0.0669 -0.1710
v 0.2311 0.0769 -0.1707
v 0.2358 0.0851 -0.1707
v 0.2513 0.1053 -0.1614
v 0.3280 0.3422 -0.1699
v 0.3156 0.3524 -0.1697
v 0.2826 0.3544 -0.1708
v 0.2718 0.3549 -0.1713
v 0.2620 0.3502 -0.1733
v -0.0907 0.3070 -0.1616
v -0.0327 0.2325 -0.1737
v -0.0213 0.2237 -0.1730
v -0.0137 0.2160 -0.1729
v 0.0439 0.0934 -0.1763
v 0.0367 0.0685 -0.1759
v -0.0618 -0.6457 -0.1679
v -0.1000 -0.7401 -0.1626
v -0.0908 -0.7631 -0.1654
v -0.0750 -0.7810 -0.1642
v -0.0609 -0.7922 -0.1637
v -0.0399 -0.8081 -0.1642
v -0.0314 -0.8148 -0.1666
v -0.0212 -0.8197 -0.1660
v -0.0097 -0.8178 -0.1598
v 0.0214 -0.8101 -0.1661
v 0.0272 -0.8032 -0.1663
v 0.0324 -0.7933 -0.1665
v 0.0346 -0.7830 -0.1609
v 0.0333 -0.7699 -0.1664
v 0.2768 -0.5591 -0.0474
v 0.4166 -0.5952 -0.1616
v 0.4180 -0.5866 -0.1621
v 0.4235 -0.5657 -0.1598
v 0.4190 -0.5353 -0.1634
v 0.3349 -0.4905 -0.1652
v 0.3235 -0.4965 -0.1665
v 0.3100 -0.5131 -0.1666
v 0.0505 0.3615 -0.1665
v -0.0676 0.2850 -0.1648
v -0.0589 0.2771 -0.1672
v -0.0575 0.2648 -0.1592
v -0.0526 0.2513 -0.1585
v -0.0491 0.2446 -0.1546
v -0.0417 0.2374 -0.1619
v -0.0217 0.2234 -0.1654
v -0.0130 0.2167 -0.1654
v -0.0022 0.2075 -0.1649
v -0.0528 -0.6386 -0.1601
v -0.0635 -0.6384 -0.1551
v -0.0720 -0.6499 -0.1604
v -0.0793 -0.6513 -0.1480
v -0.0902 -0.6701 -0.1601
v -0.0965 -0.6810 -0.1548
v -0.1016 -0.7303 -0.1551
v -0.0952 -0.7532 -0.1575
v -0.0837 -0.7695 -0.1515
v -0.0305 -0.8118 -0.1589
v -0.0199 -0.8154 -0.1585
v 0.0007 -0.8117 -0.1545
v 0.0113 -0.8058 -0.1522
v 0.0165 -0.7994 -0.1467
v 0.0266 -0.7970 -0.1568
v 0.0311 -0.7921 -0.1588
v 0.0365 -0.7756 -0.1591
v 0.0349 -0.7698 -0.1592
v 0.0379 -0.7694 -0.1590
v 0.4075 -0.6120 -0.1460
v 0.4146 -0.5976 -0.1505
v 0.4222 -0.5743 -0.1581
v 0.4227 -0.5548 -0.1513
v 0.3674 -0.4865 -0.1555
v 0.3611 -0.4863 -0.1590
v 0.3306 -0.4905 -0.1576
v 0.3219 -0.4956 -0.1588
v 0.3149 -0.5040 -0.1589
v 0.3099 -0.5126 -0.1590
v -0.0322 -0.6829 -0.1600
v -0.0180 -0.6816 -0.1600
v -0.0032 -0.6812 -0.1597
v 0.0078 -0.6766 -0.1597
v 0.0144 -0.6677 -0.1599
v 0.2371 0.0583 -0.1630
v 0.2363 0.0667 -0.1628
v 0.2366 0.0771 -0.1633
v 0.2406 0.0879 -0.1631
v 0.2439 0.0944 -0.1631
v 0.2695 0.1336 -0.1537
v 0.3115 0.2021 -0.1552
v 0.3483 0.2601 -0.1516
v 0.3514 0.2700 -0.1520
v 0.3473 0.3141 -0.1582
v 0.3276 0.3514 -0.1598
v 0.3070 0.3663 -0.1524
v 0.2942 0.3646 -0.1578
v 0.2839 0.3612 -0.1631
v 0.2736 0.3648 -0.1630
v 0.0531 0.3752 -0.1574
v 0.0406 0.3780 -0.1582
v -0.0867 0.2951 -0.1440
v -0.0773 0.2889 -0.1523
v -0.0635 0.2753 -0.1563
v -0.0310 0.2282 -0.1578
v -0.0530 -0.6319 -0.1525
v -0.0991 -0.7399 -0.1485
v -0.0891 -0.7620 -0.1493
v -0.0745 -0.7779 -0.1498
v -0.0490 -0.7956 -0.1448
v -0.0396 -0.8009 -0.1437
v -0.0299 -0.8040 -0.1417
v -0.0189 -0.8112 -0.1511
v -0.0091 -0.8115 -0.1509
v 0.0293 -0.7904 -0.1513
v 0.0346 -0.7800 -0.1506
v 0.0349 -0.7750 -0.1436
v 0.0340 -0.7685 -0.1519
v 0.0351 -0.7655 -0.1522
v 0.2974 -0.6324 -0.1508
v 0.4197 -0.5741 -0.1505
v 0.4226 -0.5630 -0.1493
v 0.3508 -0.4813 -0.1490
v 0.3394 -0.4843 -0.1509
v 0.3274 -0.4868 -0.1508
v 0.3188 -0.4938 -0.1513
v 0.3127 -0.5023 -0.1515
v 0.3082 -0.5129 -0.1514
v -0.0228 -0.6768 -0.1524
v -0.0089 -0.6753 -0.1523
v 0.0040 -0.6728 -0.1522
v 0.0130 -0.6667 -0.1522
v 0.0132 -0.6530 -0.1528
v 0.2503 0.0451 -0.1531
v 0.2429 0.0713 -0.1554
v 0.2418 0.0775 -0.1553
v 0.2411 0.0888 -0.1541
v 0.2494 0.1001 -0.1564
v 0.3537 0.2830 -0.1499
v 0.3450 0.3410 -0.1417
v 0.3209 0.3668 -0.1453
v 0.2787 0.3716 -0.1563
v 0.2686 0.3757 -0.1571
v -0.0577 -0.6282 -0.1450
v -0.0661 -0.6341 -0.1442
v -0.0749 -0.6418 -0.1421
v -0.0878 -0.6596 -0.1403
v -0.0930 -0.6684 -0.1412
v -0.0978 -0.6801 -0.1322
v -0.1004 -0.6934 -0.1386
v -0.1016 -0.7052 -0.1369
v -0.0936 -0.7525 -0.1443
v -0.0179 -0.8046 -0.1383
v -0.0093 -0.8051 -0.1396
v 0.0018 -0.8044 -0.1435
v 0.0275 -0.7887 -0.1437
v 0.0349 -0.7666 -0.1438
v 0.0309 -0.7658 -0.1439
v 0.3038 -0.6216 -0.1432
v 0.2946 -0.6335 -0.1432
v 0.2982 -0.6438 -0.1431
v 0.3808 -0.6331 -0.1260
v 0.4126 -0.5986 -0.1423
v 0.4165 -0.5848 -0.1428
v 0.4197 -0.5737 -0.1429
v 0.3403 -0.4807 -0.1438
v 0.3346 -0.4772 -0.1440
v 0.3253 -0.4853 -0.1434
v 0.3197 -0.4912 -0.1436
v 0.3131 -0.4999 -0.1440
v 0.3106 -0.5000 -0.1379
v 0.3100 -0.5138 -0.1438
v 0.0088 -0.8868 -0.8260
v 0.0011 -0.6681 -0.1446
v 0.0113 -0.6647 -0.1446
v 0.0190 -0.6568 -0.1446
v 0.2937 -0.1240 -0.1480
v 0.2750 -0.1097 -0.1604
v 0.2851 -0.0878 -0.1534
v 0.2937 -0.0628 -0.1436
v 0.2502 0.0740 -0.1467
v 0.2475 0.0883 -0.1473
v 0.2516 0.0991 -0.1479
v 0.2598 0.1150 -0.1454
v 0.3243 0.2299 -0.1480
v 0.3554 0.2949 -0.1428
v 0.3543 0.3044 -0.1437
v 0.3521 0.3151 -0.1451
v 0.3494 0.3255 -0.1445
v 0.3412 0.3578 -0.1320
v 0.2972 0.3698 -0.1490
v 0.2867 0.3739 -0.1496
v 0.2771 0.3807 -0.1492
v 0.2672 0.3874 -0.1489
v 0.2535 0.3902 -0.1489
v 0.2426 0.3882 -0.1472
v 0.1360 0.3821 -0.1477
v 0.1126 0.3659 -0.1582
v 0.0511 0.3874 -0.1487
v -0.0716 0.2828 -0.1509
v -0.0634 0.2619 -0.1447
v -0.0589 0.2541 -0.1439
v -0.0416 0.2336 -0.1492
v -0.0169 -0.0209 -0.1482
v -0.0819 -0.6493 -0.1374
v -0.1009 -0.7193 -0.1331
v -0.0992 -0.7300 -0.1317
v -0.0964 -0.7409 -0.1345
v -0.0730 -0.7640 -0.1081
v 0.0013 -0.7990 -0.1309
v 0.0110 -0.7976 -0.1367
v 0.0260 -0.7877 -0.1360
v 0.0331 -0.7793 -0.1362
v 0.0369 -0.7720 -0.1362
v 0.0390 -0.7608 -0.1367
v 0.3011 -0.6209 -0.1356
v 0.2946 -0.6335 -0.1356
v 0.2982 -0.6433 -0.1279
v 0.3160 -0.6562 -0.1353
v 0.3390 -0.6609 -0.1351
v 0.3544 -0.6471 -0.1240
v 0.3640 -0.6411 -0.1294
v 0.3916 -0.6249 -0.1162
v 0.4124 -0.5982 -0.1348
v 0.4160 -0.5867 -0.1347
v 0.4176 -0.5735 -0.1353
v 0.3409 -0.4782 -0.1363
v 0.3325 -0.4762 -0.1364
v 0.3225 -0.4831 -0.1361
v 0.3166 -0.4896 -0.1363
v -0.0907 -0.8951 -0.8313
v 0.3722 -0.6465 -0.8140
v 0.0084 -0.6618 -0.1370
v 0.0181 -0.6563 -0.1370
v 0.0241 -0.6466 -0.1370
v 0.2904 -0.1566 -0.1471
v 0.3172 -0.1448 -0.1289
v 0.3067 -0.1132 -0.1388
v 0.3054 -0.0959 -0.1391
v 0.2845 -0.0307 -0.1437
v 0.2587 0.0883 -0.1331
v 0.2537 0.0968 -0.1403
v 0.2582 0.1102 -0.1403
v 0.2821 0.1545 -0.1320
v 0.3216 0.2219 -0.1393
v 0.3281 0.2298 -0.1342
v 0.3369 0.2383 -0.1342
v 0.3434 0.2483 -0.1406
v 0.3529 0.2688 -0.1373
v 0.3562 0.2825 -0.1338
v 0.3170 0.3807 -0.1245
v 0.2980 0.3777 -0.1354
v 0.2885 0.3793 -0.1372
v 0.2786 0.3849 -0.1416
v 0.2632 0.3986 -0.1414
v 0.2500 0.4020 -0.1407
v 0.2360 0.3973 -0.1417
v 0.2324 0.4132 -0.1295
v 0.1962 0.3924 -0.1421
v 0.1622 0.4075 -0.1289
v 0.1599 0.3792 -0.1501
v 0.1502 0.3965 -0.1380
v 0.0994 0.3873 -0.1438
v 0.0613 0.3998 -0.1363
v -0.0991 0.3176 -0.1416
v -0.0953 0.3056 -0.1370
v -0.0815 0.2892 -0.1432
v -0.0749 0.2811 -0.1433
v -0.0507 0.2408 -0.1427
v -0.0257 0.0002 -0.1302
v -0.0244 -0.0396 -0.1458
v 0.3388 -0.1101 -0.1117
v 0.3227 -0.0805 -0.1232
v 0.3055 -0.0428 -0.1298
v 0.3036 -0.0224 -0.1256
v 0.2935 0.0037 -0.1257
v 0.2579 0.0991 -0.1327
v 0.2596 0.1101 -0.1327
v 0.2658 0.1243 -0.1317
v 0.3126 0.2026 -0.1048
v 0.3444 0.2467 -0.1271
v 0.3491 0.2569 -0.1265
v 0.3570 0.2955 -0.1332
v 0.3567 0.3118 -0.1295
v 0.3535 0.3358 -0.1232
v 0.3364 0.3656 -0.1298
v 0.3284 0.3738 -0.1279
v 0.2818 0.3904 -0.1217
v 0.2736 0.3953 -0.1343
v 0.2616 0.4066 -0.1339
v 0.2518 0.4108 -0.1334
v 0.2130 0.4094 -0.1305
v 0.1979 0.4029 -0.1334
v 0.1961 0.4191 -0.1202
v 0.1096 0.4065 -0.1282
v 0.0915 0.3940 -0.1374
v 0.0819 0.3876 -0.1416
v -0.0901 0.2958 -0.1356
v -0.0848 0.2883 -0.1356
v -0.0793 0.2783 -0.1357
v -0.0751 0.2684 -0.1357
v -0.0682 0.2572 -0.1355
v -0.0607 0.2477 -0.1353
v -0.0529 0.2387 -0.1351
v -0.0505 0.2320 -0.1280
v -0.0386 -0.0275 -0.1268
v -0.0421 -0.0460 -0.1284
v -0.0392 -0.0857 -0.1384
v -0.0640 -0.6203 -0.1296
v -0.0735 -0.6258 -0.1258
v -0.0786 -0.6363 -0.1298
v -0.0897 -0.6562 -0.1254
v -0.0939 -0.6679 -0.1299
v -0.0984 -0.6891 -0.1128
v -0.0878 -0.7557 -0.1286
v -0.0626 -0.7751 -0.1138
v -0.0523 -0.7860 -0.1243
v -0.0258 -0.7956 -0.1174
v -0.0101 -0.7970 -0.1183
v 0.0143 -0.7922 -0.1268
v 0.0234 -0.7865 -0.1259
v 0.0326 -0.7788 -0.1285
v 0.0377 -0.7714 -0.1278
v 0.0424 -0.7570 -0.1286
v 0.2958 -0.6380 -0.1279
v 0.3066 -0.6501 -0.1241
v 0.3391 -0.6587 -0.1219
v 0.3495 -0.6518 -0.1206
v 0.4003 -0.6173 -0.1219
v 0.4160 -0.5848 -0.1277
v 0.3234 -0.4799 -0.1281
v 0.3133 -0.4905 -0.1284
v -0.0233 -0.6608 -0.1295
v 0.2623 0.0992 -0.1251
v 0.2619 0.1101 -0.1251
v 0.2653 0.1211 -0.1250
v 0.2771 0.1438 -0.1124
v 0.2951 0.1759 -0.1147
v 0.3214 0.2186 -0.1237
v 0.3314 0.2292 -0.1253
v 0.3395 0.2383 -0.1253
v 0.3539 0.2691 -0.1181
v 0.3589 0.3043 -0.1118
v 0.3485 0.3493 -0.1244
v 0.2913 0.3911 -0.1124
v 0.2714 0.4012 -0.1266
v 0.2627 0.4109 -0.1266
v 0.2532 0.4174 -0.1264
v 0.2429 0.4191 -0.1259
v 0.1741 0.4182 -0.1195
v 0.0911 0.4064 -0.1268
v 0.0802 0.4059 -0.1270
v 0.0740 0.4169 -0.1171
v 0.0421 0.4139 -0.1271
v -0.1017 0.3161 -0.1212
v -0.0973 0.3068 -0.1281
v -0.0932 0.2956 -0.1281
v -0.0905 0.2870 -0.1281
v -0.0877 0.2763 -0.1280
v -0.0829 0.2642 -0.1278
v -0.0826 0.2532 -0.1215
v -0.0590 0.2395 -0.1280
v -0.0574 -0.6121 -0.1219
v -0.0666 -0.6175 -0.1220
v -0.0812 -0.6343 -0.1223
v -0.0854 -0.6464 -0.1223
v -0.0991 -0.7110 -0.1148
v -0.0896 -0.7416 -0.1116
v -0.0365 -0.7923 -0.1155
v 0.0039 -0.7956 -0.1211
v 0.0300 -0.7793 -0.1177
v 0.0378 -0.7713 -0.1182
v 0.0427 -0.7582 -0.1210
v 0.2983 -0.6434 -0.1202
v 0.3635 -0.6411 -0.1199
v 0.3807 -0.6319 -0.1142
v 0.3452 -0.1298 -0.1059
v 0.3471 -0.0502 -0.0939
v 0.3133 -0.0202 -0.1155
v 0.3144 -0.0069 -0.1078
v 0.3140 0.0123 -0.1026
v 0.2696 0.1088 -0.1080
v 0.2648 0.1103 -0.1175
v 0.2664 0.1213 -0.1174
v 0.2708 0.1319 -0.1163
v 0.3238 0.2198 -0.1176
v 0.3353 0.2282 -0.1158
v 0.3422 0.2388 -0.1178
v 0.3470 0.2474 -0.1177
v 0.3508 0.2575 -0.1178
v 0.3570 0.2828 -0.1112
v 0.3582 0.3253 -0.1083
v 0.3467 0.3609 -0.1149
v 0.3403 0.3706 -0.1162
v 0.2719 0.4027 -0.1190
v 0.2636 0.4140 -0.1191
v 0.2543 0.4218 -0.1190
v 0.2444 0.4262 -0.1188
v 0.2339 0.4264 -0.1187
v 0.1013 0.4155 -0.1191
v 0.0896 0.4116 -0.1177
v 0.0485 0.4224 -0.1158
v -0.0993 0.3065 -0.1204
v -0.0981 0.2957 -0.1204
v -0.0967 0.2854 -0.1203
v -0.0940 0.2747 -0.1204
v -0.0891 0.2624 -0.1203
v -0.0746 0.2437 -0.1206
v -0.0564 0.2292 -0.1184
v -0.0459 -0.0091 -0.1096
v -0.0503 -0.0331 -0.1146
v -0.0633 -0.6065 -0.1120
v -0.0705 -0.6135 -0.1143
v -0.0797 -0.6193 -0.1093
v -0.0841 -0.6315 -0.1147
v -0.0909 -0.6554 -0.1126
v -0.0949 -0.6702 -0.1099
v -0.0931 -0.7287 -0.1070
v -0.0769 -0.7507 -0.0919
v -0.0500 -0.7819 -0.1024
v -0.0385 -0.7883 -0.1031
v 0.0032 -0.7940 -0.1101
v 0.0162 -0.7885 -0.1110
v 0.0430 -0.7590 -0.1135
v 0.0449 -0.7549 -0.1135
v 0.2979 -0.6438 -0.1121
v 0.3069 -0.6501 -0.1095
v 0.3242 -0.6556 -0.1060
v 0.3392 -0.6584 -0.1123
v 0.3504 -0.6527 -0.1096
v 0.3639 -0.6419 -0.1121
v 0.3734 -0.6364 -0.1122
v 0.3968 -0.6189 -0.1055
v -0.0321 -0.6521 -0.1144
v -0.0188 -0.6499 -0.1143
v 0.3450 -0.1718 -0.1000
v 0.3290 -0.0194 -0.1013
v 0.2687 0.1219 -0.1098
v 0.2831 0.1537 -0.0978
v 0.3254 0.2149 -0.1070
v 0.3506 0.2463 -0.1102
v 0.3538 0.2564 -0.1097
v 0.3558 0.2674 -0.1094
v 0.3536 0.3530 -0.1019
v 0.3353 0.3813 -0.1062
v 0.3245 0.3875 -0.1061
v 0.2813 0.3948 -0.1111
v 0.2724 0.4034 -0.1114
v 0.2640 0.4175 -0.1072
v 0.2551 0.4247 -0.1115
v 0.2454 0.4307 -0.1114
v 0.2352 0.4335 -0.1113
v 0.2259 0.4383 -0.1050
v 0.1768 0.4309 -0.1056
v 0.1369 0.4246 -0.1099
v 0.1110 0.4220 -0.1118
v 0.0988 0.4187 -0.1100
v 0.0872 0.4234 -0.1048
v -0.1055 0.3333 -0.1060
v -0.1030 0.3066 -0.1129
v -0.1051 0.2937 -0.1089
v -0.1032 0.2837 -0.1097
v -0.1001 0.2729 -0.1100
v -0.0956 0.2596 -0.1081
v -0.0871 0.2490 -0.1110
v -0.0803 0.2355 -0.1040
v -0.0710 0.2336 -0.1124
v -0.0466 -0.2191 -0.1126
v -0.0504 -0.2314 -0.1042
v -0.0343 -0.2490 -0.1096
v -0.0497 -0.5984 -0.1074
v -0.0551 -0.5988 -0.1043
v -0.0736 -0.6102 -0.1070
v -0.0879 -0.6278 -0.1008
v -0.0905 -0.6474 -0.1048
v -0.0961 -0.6913 -0.0946
v -0.0821 -0.7417 -0.0913
v -0.0255 -0.7909 -0.1001
v -0.0079 -0.7932 -0.1014
v 0.0311 -0.7779 -0.1057
v 0.0420 -0.7658 -0.1057
v 0.0433 -0.7548 -0.1057
v 0.2938 -0.6387 -0.1049
v 0.3393 -0.6584 -0.1046
v 0.3495 -0.6547 -0.1045
v 0.3605 -0.6473 -0.1042
v 0.3744 -0.6384 -0.1043
v 0.3831 -0.6318 -0.1043
v 0.3915 -0.6246 -0.1045
v 0.3898 -0.4757 -0.1007
v -0.0367 -0.6475 -0.1069
v -0.0188 -0.6446 -0.1048
v 0.0060 -0.6440 -0.1065
v 0.3569 -0.1481 -0.0936
v 0.3569 -0.0964 -0.0931
v 0.2711 0.1212 -0.1021
v 0.2726 0.1319 -0.1021
v 0.2768 0.1421 -0.1021
v 0.2912 0.1686 -0.0888
v 0.3411 0.2154 -0.0900
v 0.3491 0.2244 -0.0923
v 0.3522 0.2349 -0.0992
v 0.3575 0.2443 -0.0972
v 0.3598 0.2777 -0.1026
v 0.3596 0.2930 -0.1019
v 0.3591 0.3153 -0.1027
v 0.3566 0.3400 -0.1007
v 0.3497 0.3630 -0.1030
v 0.3456 0.3731 -0.0989
v 0.3125 0.3928 -0.1027
v 0.2928 0.3969 -0.1003
v 0.2818 0.3981 -0.1035
v 0.2727 0.4050 -0.1037
v 0.2557 0.4274 -0.1038
v 0.2463 0.4340 -0.1039
v 0.2365 0.4380 -0.1038
v 0.1097 0.4274 -0.1047
v 0.0973 0.4251 -0.1032
v 0.0745 0.4264 -0.1047
v 0.0470 0.4322 -0.1024
v 0.0054 0.4397 -0.0975
v -0.0070 0.4349 -0.1052
v -0.0168 0.4309 -0.1054
v -0.1057 0.3182 -0.1061
v -0.1130 0.3072 -0.0929
v -0.0656 0.2242 -0.1047
v -0.0525 0.0263 -0.0771
v -0.0664 -0.2161 -0.0952
v -0.0693 -0.5990 -0.1002
v -0.0772 -0.6068 -0.0993
v -0.0840 -0.6160 -0.0995
v -0.0931 -0.6599 -0.0930
v -0.0955 -0.6787 -0.0921
v -0.0933 -0.7107 -0.0910
v -0.0880 -0.7284 -0.0916
v -0.0709 -0.7598 -0.0941
v -0.0593 -0.7732 -0.0953
v 0.0055 -0.7921 -0.0980
v 0.0167 -0.7875 -0.0951
v 0.0322 -0.7776 -0.0946
v 0.0399 -0.7708 -0.0980
v 0.0430 -0.7659 -0.0980
v 0.0462 -0.7517 -0.0980
v 0.2924 -0.6393 -0.0969
v 0.2962 -0.6454 -0.0972
v 0.3059 -0.6510 -0.0972
v 0.3190 -0.6557 -0.0930
v 0.3369 -0.6592 -0.0969
v 0.3496 -0.6569 -0.0967
v 0.3622 -0.6505 -0.0969
v 0.3773 -0.6430 -0.0944
v 0.3849 -0.6355 -0.0960
v 0.3929 -0.6277 -0.0957
v 0.3984 -0.6201 -0.0955
v 0.3819 -0.4672 -0.0977
v 0.3717 -0.4610 -0.0978
v -0.0418 -0.6426 -0.0956
v 0.0019 -0.6404 -0.0984
v 0.3606 -0.1664 -0.0867
v 0.3709 -0.1249 -0.0809
v 0.3383 0.0034 -0.0834
v 0.2809 0.1240 -0.0816
v 0.2743 0.1204 -0.0946
v 0.2742 0.1317 -0.0946
v 0.2777 0.1419 -0.0945
v 0.2968 0.1762 -0.0822
v 0.3140 0.1994 -0.0935
v 0.3646 0.2543 -0.0893
v 0.3669 0.2692 -0.0896
v 0.3691 0.2898 -0.0841
v 0.3612 0.3074 -0.0949
v 0.3599 0.3173 -0.0939
v 0.3522 0.3611 -0.0919
v 0.3394 0.3836 -0.0917
v 0.3281 0.3911 -0.0946
v 0.2827 0.4011 -0.0959
v 0.2731 0.4065 -0.0961
v 0.2650 0.4178 -0.0962
v 0.2562 0.4288 -0.0963
v 0.2474 0.4363 -0.0963
v 0.2373 0.4419 -0.0963
v 0.2269 0.4444 -0.0962
v 0.2168 0.4472 -0.0915
v 0.1586 0.4444 -0.0828
v 0.1039 0.4323 -0.0962
v 0.0847 0.4317 -0.0971
v 0.0727 0.4319 -0.0971
v -0.0076 0.4382 -0.0977
v -0.0172 0.4326 -0.0978
v -0.0261 0.4241 -0.0979
v -0.1068 0.3353 -0.0977
v -0.1085 0.3245 -0.0976
v -0.1150 0.3219 -0.0853
v -0.1103 0.2828 -0.0934
v -0.1056 0.2682 -0.0937
v -0.0995 0.2552 -0.0937
v -0.0901 0.2417 -0.0956
v -0.0633 -0.5901 -0.0917
v -0.0723 -0.5963 -0.0918
v -0.0803 -0.6039 -0.0920
v -0.0858 -0.6140 -0.0919
v -0.0907 -0.6273 -0.0916
v -0.0496 -0.7802 -0.0860
v -0.0378 -0.7864 -0.0870
v -0.0256 -0.7891 -0.0855
v -0.0023 -0.7924 -0.0914
v 0.0059 -0.7924 -0.0844
v 0.0407 -0.7718 -0.0895
v 0.0468 -0.7647 -0.0878
v 0.0475 -0.7527 -0.0905
v 0.2898 -0.6409 -0.0893
v 0.2946 -0.6469 -0.0895
v 0.3032 -0.6546 -0.0818
v 0.3367 -0.6608 -0.0887
v 0.3499 -0.6595 -0.0891
v 0.3676 -0.6530 -0.0886
v 0.3842 -0.4645 -0.0902
v -0.0519 -0.5729 -0.0777
v -0.0668 -0.5865 -0.0838
v -0.0749 -0.5936 -0.0841
v -0.0822 -0.6016 -0.0843
v -0.0893 -0.6104 -0.0789
v -0.0907 -0.6218 -0.0842
v -0.0960 -0.6436 -0.0739
v -0.0948 -0.6711 -0.0836
v -0.0949 -0.6899 -0.0838
v -0.0927 -0.7071 -0.0838
v -0.0880 -0.7248 -0.0838
v -0.0810 -0.7421 -0.0822
v -0.0727 -0.7569 -0.0834
v -0.0594 -0.7731 -0.0826
v 0.0330 -0.7791 -0.0832
v 0.0483 -0.7561 -0.0828
v 0.2852 -0.6446 -0.0826
v 0.2913 -0.6503 -0.0824
v 0.3148 -0.6581 -0.0817
v 0.3383 -0.6635 -0.0811
v 0.3502 -0.6635 -0.0798
v 0.3617 -0.6603 -0.0807
v 0.3876 -0.6595 -0.0689
v 0.3941 -0.6532 -0.0703
v 0.4006 -0.6417 -0.0752
v 0.4073 -0.6297 -0.0759
v 0.3697 -0.4480 -0.0827
v -0.0427 -0.6414 -0.0840
v -0.0308 -0.6377 -0.0839
v 0.0506 -0.6234 -0.0836
v -0.0271 -0.3945 -0.0150
v 0.3755 -0.0989 -0.0731
v 0.3653 -0.0757 -0.0806
v 0.3285 0.0277 -0.0810
v 0.3096 0.0655 -0.0773
v 0.2772 0.1309 -0.0870
v 0.2789 0.1416 -0.0869
v 0.2826 0.1517 -0.0866
v 0.3030 0.1830 -0.0808
v 0.3330 0.2009 -0.0762
v 0.3600 0.2328 -0.0820
v 0.3636 0.2429 -0.0832
v 0.3597 0.3289 -0.0876
v 0.3570 0.3422 -0.0876
v 0.3473 0.3748 -0.0851
v 0.3175 0.3993 -0.0838
v 0.3052 0.4003 -0.0883
v 0.2837 0.4046 -0.0860
v 0.2735 0.4092 -0.0845
v 0.2662 0.4182 -0.0836
v 0.2563 0.4301 -0.0871
v 0.2479 0.4383 -0.0887
v 0.2381 0.4449 -0.0888
v 0.2278 0.4486 -0.0887
v 0.0786 0.4448 -0.0705
v 0.0400 0.4429 -0.0856
v 0.0017 0.4454 -0.0872
v -0.0084 0.4426 -0.0871
v -0.0175 0.4342 -0.0902
v -0.1092 0.3369 -0.0891
v -0.1141 0.2935 -0.0882
v -0.0812 0.2225 -0.0809
v -0.0735 0.2197 -0.0894
v 0.3057 -0.2951 -0.0849
v 0.3735 -0.1497 -0.0765
v 0.3633 -0.0468 -0.0748
v 0.3539 -0.0148 -0.0737
v 0.2807 0.1412 -0.0792
v 0.2893 0.1614 -0.0739
v 0.3488 0.2126 -0.0737
v 0.3561 0.2231 -0.0770
v 0.3695 0.2527 -0.0762
v 0.3715 0.2635 -0.0766
v 0.3730 0.2781 -0.0763
v 0.3727 0.3215 -0.0640
v 0.3620 0.3321 -0.0799
v 0.3566 0.3491 -0.0798
v 0.3518 0.3644 -0.0801
v 0.3422 0.3839 -0.0803
v 0.3323 0.3930 -0.0803
v 0.3226 0.4011 -0.0727
v 0.3092 0.4062 -0.0704
v 0.2849 0.4099 -0.0707
v 0.2480 0.4404 -0.0794
v 0.2387 0.4474 -0.0812
v 0.2287 0.4534 -0.0771
v 0.2149 0.4545 -0.0794
v 0.1041 0.4459 -0.0697
v -0.0182 0.4367 -0.0825
v -0.0331 0.4204 -0.0825
v -0.1194 0.3129 -0.0738
v -0.1142 0.2813 -0.0779
v -0.1080 0.2659 -0.0814
v -0.1006 0.2481 -0.0750
v -0.0939 0.2393 -0.0813
v -0.0606 -0.5776 -0.0763
v -0.0681 -0.5855 -0.0745
v -0.0785 -0.5901 -0.0764
v -0.0853 -0.5994 -0.0766
v -0.0950 -0.6241 -0.0694
v -0.0964 -0.6619 -0.0757
v -0.0961 -0.6907 -0.0760
v -0.0933 -0.7085 -0.0765
v -0.0879 -0.7281 -0.0757
v -0.0720 -0.7630 -0.0642
v -0.0380 -0.7865 -0.0722
v -0.0239 -0.7898 -0.0720
v 0.0510 -0.7670 -0.0750
v 0.0546 -0.7549 -0.0744
v 0.2921 -0.6519 -0.0739
v 0.3000 -0.6565 -0.0741
v 0.3260 -0.6662 -0.0725
v 0.3778 -0.6674 -0.0636
v 0.3746 -0.4431 -0.0751
v 0.3641 -0.4378 -0.0767
v 0.0501 -0.6225 -0.0758
v -0.0416 -0.6425 -0.0763
v -0.0298 -0.6388 -0.0762
v 0.3852 -0.1523 -0.0622
v 0.3906 -0.1299 -0.0563
v 0.3758 -0.0662 -0.0648
v 0.3525 0.0064 -0.0645
v 0.3336 0.0393 -0.0681
v 0.2832 0.1408 -0.0718
v 0.2849 0.1513 -0.0717
v 0.2960 0.1710 -0.0717
v 0.3046 0.1780 -0.0701
v 0.3379 0.1998 -0.0676
v 0.3644 0.2280 -0.0606
v 0.3690 0.2417 -0.0666
v 0.3755 0.3006 -0.0669
v 0.3711 0.3337 -0.0595
v 0.3580 0.3502 -0.0738
v 0.3521 0.3647 -0.0725
v 0.3480 0.3749 -0.0726
v 0.3431 0.3855 -0.0583
v 0.3349 0.3935 -0.0695
v 0.2742 0.4125 -0.0731
v 0.2654 0.4215 -0.0729
v 0.2595 0.4318 -0.0595
v 0.2396 0.4497 -0.0703
v 0.2186 0.4570 -0.0736
v 0.1874 0.4579 -0.0654
v 0.0279 0.4558 -0.0619
v 0.0104 0.4560 -0.0655
v -0.0009 0.4549 -0.0672
v -0.0101 0.4481 -0.0748
v -0.0254 0.4358 -0.0748
v -0.0367 0.4236 -0.0747
v -0.0449 0.4148 -0.0749
v -0.1168 0.3377 -0.0710
v -0.1191 0.3282 -0.0709
v -0.1182 0.2944 -0.0729
v -0.0831 0.2166 -0.0609
v -0.0740 -0.5800 -0.0688
v -0.0916 -0.6089 -0.0691
v -0.1031 -0.6738 -0.0605
v -0.1013 -0.6845 -0.0621
v -0.0998 -0.6974 -0.0601
v -0.0956 -0.7149 -0.0616
v -0.0900 -0.7309 -0.0635
v -0.0848 -0.7436 -0.0624
v -0.0610 -0.7748 -0.0535
v 0.0567 -0.7575 -0.0673
v 0.2880 -0.6554 -0.0665
v 0.2974 -0.6590 -0.0664
v 0.3097 -0.6675 -0.0615
v 0.4056 -0.6463 -0.0631
v 0.3791 -0.4385 -0.0670
v 0.3723 -0.4297 -0.0677
v 0.3694 -0.4259 -0.0665
v 0.3629 -0.4149 -0.0694
v 0.3517 -0.4021 -0.0677
v 0.3352 -0.3837 -0.0695
v 0.0459 -0.6234 -0.0685
v -0.0988 -0.6180 -0.0612
v -0.1019 -0.6446 -0.0613
v -0.1029 -0.6622 -0.0610
v -0.0786 -0.7557 -0.0566
v 0.2912 -0.6592 -0.0613
v 0.3383 -0.6807 -0.0486
v 0.3902 -0.6652 -0.0567
v 0.3988 -0.6593 -0.0545
v 0.3917 -0.4300 -0.0530
v 0.3785 -0.4239 -0.0594
v 0.3702 -0.4134 -0.0590
v 0.3599 -0.3989 -0.0616
v 0.3506 -0.3851 -0.0607
v 0.3283 -0.3624 -0.0606
v 0.3900 -0.0991 -0.0532
v 0.3657 -0.0243 -0.0623
v 0.3145 0.1014 -0.0486
v 0.2887 0.1362 -0.0650
v 0.2873 0.1508 -0.0642
v 0.2930 0.1615 -0.0621
v 0.2988 0.1705 -0.0640
v 0.3541 0.2125 -0.0608
v 0.3748 0.2564 -0.0619
v 0.3802 0.2736 -0.0518
v 0.3664 0.3465 -0.0586
v 0.3590 0.3562 -0.0645
v 0.3525 0.3686 -0.0619
v 0.3262 0.4026 -0.0598
v 0.2751 0.4151 -0.0654
v 0.2281 0.4579 -0.0622
v 0.2177 0.4627 -0.0585
v 0.2077 0.4633 -0.0599
v 0.1427 0.4525 -0.0636
v -0.0113 0.4521 -0.0672
v -0.0212 0.4461 -0.0672
v -0.0403 0.4300 -0.0670
v -0.0471 0.4200 -0.0670
v -0.0554 0.4117 -0.0673
v -0.1234 0.3118 -0.0549
v -0.1204 0.2935 -0.0586
v -0.1167 0.2807 -0.0586
v -0.1100 0.2643 -0.0654
v -0.0981 0.2346 -0.0396
v -0.0179 -0.4972 -0.0356
v -0.1155 -0.6613 -0.0464
v -0.1063 -0.6853 -0.0530
v -0.1021 -0.6964 -0.0532
v -0.0953 -0.7184 -0.0532
v -0.0905 -0.7338 -0.0498
v -0.0860 -0.7440 -0.0492
v -0.0717 -0.7646 -0.0435
v 0.2836 -0.6590 -0.0582
v 0.2950 -0.6678 -0.0500
v 0.3197 -0.6826 -0.0371
v 0.3600 -0.6815 -0.0470
v 0.3719 -0.6835 -0.0380
v 0.4070 -0.6522 -0.0492
v 0.4099 -0.4299 -0.0313
v 0.3757 -0.4055 -0.0517
v 0.3652 -0.3888 -0.0509
v 0.3499 -0.3693 -0.0501
v 0.3362 -0.3524 -0.0480
v 0.3250 -0.3466 -0.0542
v 0.3903 -0.0784 -0.0462
v 0.3846 -0.0545 -0.0459
v 0.3759 -0.0250 -0.0460
v 0.3631 0.0066 -0.0481
v 0.3412 0.0550 -0.0470
v 0.2918 0.1497 -0.0566
v 0.3281 0.1831 -0.0524
v 0.3744 0.2455 -0.0470
v 0.3809 0.2876 -0.0511
v 0.3350 0.3972 -0.0454
v 0.3188 0.4088 -0.0523
v 0.3096 0.4132 -0.0514
v 0.2893 0.4171 -0.0522
v 0.2771 0.4202 -0.0527
v 0.2673 0.4240 -0.0580
v 0.2494 0.4441 -0.0514
v 0.2342 0.4559 -0.0516
v 0.1977 0.4671 -0.0482
v -0.0121 0.4567 -0.0574
v -0.0279 0.4520 -0.0542
v -0.0366 0.4442 -0.0568
v -0.0442 0.4377 -0.0559
v -0.0502 0.4262 -0.0593
v -0.0609 0.4136 -0.0557
v -0.0654 0.4097 -0.0572
v -0.0825 0.4018 -0.0464
v -0.0922 0.3976 -0.0250
v -0.1209 0.3390 -0.0558
v -0.1227 0.3286 -0.0559
v -0.0632 0.0392 -0.0515
v -0.1136 -0.6334 -0.0458
v -0.1152 -0.6743 -0.0456
v -0.1128 -0.6851 -0.0454
v -0.1075 -0.6964 -0.0453
v -0.1000 -0.7081 -0.0455
v -0.0949 -0.7194 -0.0382
v -0.0788 -0.7559 -0.0421
v 0.2748 -0.6692 -0.0350
v 0.3819 -0.6785 -0.0398
v 0.3929 -0.6724 -0.0373
v 0.4013 -0.6642 -0.0369
v 0.3950 -0.4095 -0.0332
v 0.2989 0.1476 -0.0478
v 0.3000 0.1586 -0.0474
v 0.3394 0.1829 -0.0318
v 0.3809 0.3141 -0.0442
v 0.3761 0.3402 -0.0393
v 0.3701 0.3574 -0.0360
v 0.3502 0.3793 -0.0463
v 0.3267 0.4063 -0.0409
v 0.2687 0.4265 -0.0501
v 0.2603 0.4336 -0.0504
v 0.1020 0.4593 -0.0346
v 0.0740 0.4616 -0.0288
v -0.0545 0.4336 -0.0466
v -0.0652 0.4163 -0.0461
v -0.0983 0.3866 -0.0484
v -0.1147 0.3606 -0.0460
v -0.0869 0.2167 -0.0414
v -0.0633 0.0635 -0.0332
v -0.1209 -0.6633 -0.0381
v -0.1198 -0.6741 -0.0380
v -0.1166 -0.6874 -0.0381
v -0.1130 -0.6999 -0.0335
v -0.1040 -0.7087 -0.0378
v -0.0860 -0.7421 -0.0359
v 0.3079 -0.6825 -0.0304
v 0.3497 -0.6965 -0.0229
v 0.3621 -0.6965 -0.0198
v 0.4096 -0.6541 -0.0309
v 0.4199 -0.4504 -0.0296
v 0.3683 -0.3704 -0.0316
v 0.4028 -0.1063 -0.0328
v 0.3967 -0.0734 -0.0318
v 0.3881 -0.0348 -0.0274
v 0.3758 0.0017 -0.0266
v 0.3619 0.0261 -0.0346
v 0.3474 0.0636 -0.0300
v 0.3287 0.0952 -0.0332
v 0.3168 0.1217 -0.0332
v 0.3082 0.1322 -0.0406
v 0.3152 0.1657 -0.0381
v 0.3574 0.2036 -0.0280
v 0.3688 0.2249 -0.0289
v 0.3818 0.2652 -0.0314
v 0.3850 0.2895 -0.0298
v 0.3164 0.4139 -0.0419
v 0.3029 0.4195 -0.0422
v 0.2920 0.4225 -0.0422
v 0.2824 0.4273 -0.0402
v 0.2713 0.4307 -0.0423
v 0.2619 0.4364 -0.0425
v 0.2533 0.4432 -0.0428
v 0.2446 0.4499 -0.0430
v 0.2170 0.4668 -0.0433
v 0.2068 0.4717 -0.0363
v 0.1747 0.4677 -0.0359
v 0.0343 0.4679 -0.0291
v -0.0063 0.4741 -0.0193
v -0.0363 0.4648 -0.0240
v -0.0425 0.4546 -0.0357
v -0.0510 0.4487 -0.0329
v -0.0740 0.4077 -0.0446
v -0.1209 0.3499 -0.0402
v -0.1235 0.3399 -0.0407
v -0.1250 0.3293 -0.0420
v -0.1140 0.2660 -0.0219
v -0.0417 0.1179 -0.0271
v -0.1238 -0.6753 -0.0282
v -0.1188 -0.6904 -0.0304
v -0.1092 -0.7097 -0.0265
v -0.0946 -0.7226 -0.0302
v -0.0883 -0.7324 -0.0302
v 0.0695 -0.7727 -0.0282
v 0.0724 -0.7617 -0.0301
v 0.3352 -0.6931 -0.0269
v 0.3838 -0.6845 -0.0251
v 0.3954 -0.6757 -0.0221
v 0.4024 -0.6658 -0.0279
v 0.3093 0.1450 -0.0334
v 0.3110 0.1555 -0.0312
v 0.3775 0.2455 -0.0180
v 0.3850 0.3067 -0.0285
v 0.3802 0.3348 -0.0295
v 0.3646 0.3721 -0.0268
v 0.3415 0.3955 -0.0246
v 0.3143 0.4180 -0.0346
v 0.3049 0.4233 -0.0345
v 0.2968 0.4286 -0.0321
v 0.2578 0.4452 -0.0344
v 0.2458 0.4519 -0.0352
v 0.2363 0.4573 -0.0355
v 0.2175 0.4683 -0.0337
v 0.1992 0.4764 -0.0242
v 0.0045 0.4818 -0.0023
v -0.0600 0.4430 -0.0262
v -0.0755 0.4093 -0.0365
v -0.1116 0.3733 -0.0272
v -0.1169 0.3627 -0.0321
v -0.1250 0.3040 -0.0283
v -0.1204 0.2843 -0.0223
v -0.1120 -0.5432 -0.0240
v -0.1264 -0.6764 -0.0180
v -0.1223 -0.6911 -0.0174
v -0.1177 -0.7010 -0.0173
v -0.1006 -0.7221 -0.0172
v -0.0957 -0.7240 -0.0226
v -0.0872 -0.7317 -0.0226
v 0.0710 -0.7927 0.0106
v 0.0715 -0.7779 -0.0212
v 0.0739 -0.7744 -0.0211
v 0.0758 -0.7636 -0.0226
v 0.2530 -0.6681 -0.0250
v 0.2837 -0.6875 -0.0099
v 0.3136 -0.7098 0.0061
v 0.3740 -0.6955 -0.0145
v 0.3896 -0.6847 -0.0141
v 0.4027 -0.6677 -0.0165
v 0.4088 -0.6564 -0.0166
v 0.4116 -0.6488 -0.0202
v 0.4158 -0.6379 -0.0203
v 0.4263 -0.4544 -0.0199
v 0.4228 -0.4322 -0.0121
v 0.4081 -0.4080 -0.0149
v 0.3749 -0.3675 -0.0193
v 0.3582 -0.3479 -0.0199
v 0.3531 0.0677 -0.0148
v 0.3300 0.1152 -0.0143
v 0.3163 0.1437 -0.0217
v 0.3232 0.1644 -0.0205
v 0.3727 0.2307 -0.0111
v 0.3852 0.3278 -0.0121
v 0.3783 0.3538 -0.0132
v 0.3730 0.3643 -0.0151
v 0.3598 0.3812 -0.0176
v 0.3318 0.4086 -0.0224
v 0.3250 0.4163 -0.0233
v 0.3182 0.4226 -0.0237
v 0.3067 0.4305 -0.0238
v 0.2896 0.4585 -0.0045
v 0.2500 0.4547 -0.0273
v 0.2410 0.4578 -0.0276
v 0.2306 0.4623 -0.0279
v 0.1267 0.4681 -0.0221
v 0.0142 0.4829 0.0006
v -0.0261 0.4693 -0.0212
v -0.0716 0.4305 -0.0196
v -0.0815 0.4092 -0.0242
v -0.1046 0.3856 -0.0172
v -0.1254 0.3411 -0.0199
v -0.1268 0.3297 -0.0201
v -0.1267 0.3181 -0.0264
v -0.0899 0.2177 -0.0238
v -0.1206 -0.5496 -0.0161
v -0.1125 -0.7105 -0.0123
v -0.0875 -0.7320 -0.0149
v 0.0768 -0.7764 -0.0135
v 0.0810 -0.7644 -0.0157
v 0.3357 -0.7167 0.0083
v 0.3534 -0.7118 0.0014
v 0.3651 -0.7025 -0.0084
v 0.3840 -0.6910 -0.0114
v 0.3965 -0.6776 -0.0125
v 0.4118 -0.6488 -0.0126
v 0.4170 -0.6390 -0.0126
v 0.4177 -0.4164 -0.0075
v 0.3787 -0.3644 -0.0089
v 0.3899 -0.0173 -0.0056
v 0.3201 0.1533 -0.0134
v 0.3839 0.2692 -0.0097
v 0.3860 0.2833 -0.0115
v 0.3875 0.3018 -0.0090
v 0.3685 0.3738 -0.0087
v 0.3397 0.4017 -0.0145
v 0.2415 0.4632 -0.0188
v 0.2318 0.4674 -0.0161
v 0.2216 0.4699 -0.0202
v 0.1696 0.4760 -0.0145
v 0.0995 0.4659 -0.0188
v 0.0645 0.4686 -0.0112
v -0.0485 0.4661 -0.0055
v -0.1167 0.3676 -0.0130
v -0.1229 0.3523 -0.0115
v -0.1258 0.3045 0.0042
v -0.1041 0.2428 -0.0160
v -0.0500 0.1238 -0.0049
v -0.1243 -0.6916 -0.0018
v -0.1196 -0.7017 -0.0032
v -0.1072 -0.7182 -0.0035
v -0.0988 -0.7260 -0.0025
v -0.0886 -0.7321 -0.0073
v 0.0746 -0.7859 -0.0011
v 0.0805 -0.7806 -0.0016
v 0.0835 -0.7710 -0.0069
v 0.0871 -0.7682 -0.0063
v 0.2372 -0.6768 -0.0066
v 0.2490 -0.6797 -0.0069
v 0.3758 -0.7028 0.0017
v 0.3902 -0.6875 -0.0049
v 0.3966 -0.6791 -0.0026
v 0.4031 -0.6673 -0.0049
v 0.4094 -0.6533 0.0003
v 0.4184 -0.6403 -0.0050
v 0.4357 -0.4636 -0.0033
v 0.4322 -0.4487 -0.0039
v 0.4129 -0.4026 -0.0007
v 0.3915 -0.3803 -0.0070
v 0.3732 0.0395 0.0098
v 0.3593 0.0678 0.0016
v 0.3272 0.1295 -0.0079
v 0.3234 0.1407 -0.0084
v 0.3272 0.1630 -0.0044
v 0.3339 0.1723 -0.0103
v 0.3429 0.1812 -0.0103
v 0.3553 0.1952 0.0008
v 0.3644 0.2096 0.0075
v 0.3348 0.4127 -0.0096
v 0.3293 0.4224 -0.0089
v 0.3237 0.4320 -0.0064
v 0.3154 0.4392 -0.0078
v 0.2130 0.4780 -0.0095
v 0.1910 0.4810 -0.0109
v 0.0956 0.4734 0.0051
v -0.0294 0.4756 -0.0028
v -0.0566 0.4572 -0.0091
v -0.0674 0.4476 -0.0045
v -0.0956 0.4054 0.0031
v -0.0965 0.3968 -0.0104
v -0.0941 0.2201 0.0165
v -0.0622 0.1818 -0.0101
v -0.0451 0.1421 -0.0042
v -0.0603 0.1027 0.0012
v -0.0367 -0.3960 -0.0080
v -0.0321 -0.4075 -0.0074
v -0.0733 -0.4570 0.0005
v -0.0827 -0.4622 -0.0008
v -0.0908 -0.4698 -0.0022
v -0.1146 -0.7102 0.0069
v -0.0896 -0.7326 0.0037
v 0.0250 -0.8066 0.0088
v 0.0878 -0.7736 0.0013
v 0.0918 -0.7678 0.0021
v 0.2329 -0.6803 0.0012
v 0.3672 -0.7091 0.0044
v 0.3846 -0.6960 0.0028
v 0.4194 -0.6427 0.0079
v 0.4248 -0.4106 0.0145
v 0.3885 -0.3686 0.0059
v 0.3411 0.1228 0.0179
v 0.3351 0.1722 0.0026
v 0.3417 0.1785 0.0082
v 0.3843 0.2697 0.0198
v 0.3807 0.3530 0.0029
v 0.3764 0.3641 0.0064
v 0.3538 0.3918 0.0021
v 0.3057 0.4578 0.0054
v 0.2801 0.4669 0.0011
v 0.2041 0.4860 0.0058
v 0.1918 0.4917 0.0185
v 0.0281 0.4832 0.0078
v -0.0397 0.4724 -0.0022
v -0.1039 0.3878 -0.0059
v -0.1271 0.3300 0.0064
v -0.1272 0.3185 0.0023
v -0.1211 0.2843 0.0103
v -0.0436 -0.3992 -0.0004
v -0.0420 -0.4101 -0.0014
v 0.1989 -0.6821 0.0145
v 0.2134 -0.6697 -0.0046
v 0.2284 -0.6942 0.0222
v 0.3493 -0.7257 0.0243
v 0.3763 -0.7064 0.0097
v 0.3856 -0.6977 0.0104
v 0.3911 -0.6897 0.0104
v 0.3964 -0.6786 0.0120
v 0.4022 -0.6659 0.0103
v 0.4087 -0.6557 0.0169
v 0.4436 -0.4547 0.0244
v 0.4332 -0.4252 0.0177
v 0.3277 0.1515 0.0059
v 0.3293 0.1625 0.0049
v 0.3706 0.2227 0.0175
v 0.3774 0.2431 0.0238
v 0.3874 0.2893 0.0193
v 0.3881 0.3070 0.0134
v 0.3876 0.3213 0.0157
v 0.3841 0.3424 0.0162
v 0.3484 0.4007 0.0083
v 0.3356 0.4243 0.0059
v 0.3286 0.4377 0.0078
v 0.3215 0.4462 0.0077
v 0.2725 0.4759 0.0104
v 0.2568 0.4768 0.0064
v 0.2371 0.4785 0.0049
v 0.2204 0.4823 0.0053
v 0.1484 0.4885 0.0273
v 0.0679 0.4795 0.0204
v 0.0504 0.4774 0.0049
v -0.0280 0.4824 0.0170
v -0.0835 0.4337 0.0121
v -0.1023 0.3922 0.0012
v -0.1122 0.3742 0.0021
v -0.1210 0.3566 0.0080
v -0.1256 0.3409 0.0085
v -0.0795 0.1969 0.0171
v -0.0738 0.1907 0.0055
v -0.0575 0.1726 0.0062
v -0.0491 0.1634 0.0026
v -0.0497 0.1521 0.0088
v -0.0574 0.1216 0.0128
v -0.0480 -0.4006 0.0063
v -0.0482 -0.4117 0.0063
v -0.0523 -0.4235 0.0059
v -0.0623 -0.4389 0.0017
v -0.0707 -0.4436 0.0068
v -0.0795 -0.4502 0.0059
v -0.0886 -0.4565 0.0061
v -0.1080 -0.7181 0.0093
v -0.0999 -0.7254 0.0141
v 0.0889 -0.7851 0.0205
v 0.0918 -0.7763 0.0095
v 0.0989 -0.7677 0.0100
v 0.1850 -0.6841 0.0185
v 0.2536 -0.7062 0.0302
v 0.3388 -0.7303 0.0315
v 0.3600 -0.7232 0.0243
v 0.3682 -0.7153 0.0168
v 0.3779 -0.7086 0.0182
v 0.3859 -0.6993 0.0180
v 0.3912 -0.6899 0.0180
v 0.4018 -0.6644 0.0226
v 0.4195 -0.6447 0.0207
v 0.4413 -0.4326 0.0329
v 0.4197 -0.3957 0.0266
v 0.3966 -0.3713 0.0207
v 0.3805 -0.3527 0.0189
v 0.3363 0.1384 0.0202
v 0.3318 0.1618 0.0125
v 0.3367 0.1716 0.0126
v 0.3689 0.3795 0.0281
v 0.3157 0.4550 0.0122
v 0.2899 0.4707 0.0122
v 0.2307 0.4858 0.0175
v 0.1837 0.4950 0.0302
v -0.0615 0.4657 0.0191
v -0.0701 0.4584 0.0222
v -0.1032 0.3978 0.0163
v -0.1077 0.3828 0.0088
v -0.1258 0.3081 0.0233
v -0.1147 0.2636 0.0335
v -0.0531 0.1624 0.0130
v -0.0549 0.1401 0.0204
v -0.0583 -0.4234 0.0152
v -0.0684 -0.4348 0.0141
v -0.0894 -0.4520 0.0131
v -0.1058 -0.4605 0.0219
v 0.0115 -0.8069 0.0200
v 0.0227 -0.8083 0.0214
v 0.0607 -0.8065 0.0488
v 0.0757 -0.8012 0.0472
v 0.0898 -0.7907 0.0358
v 0.1010 -0.7798 0.0309
v 0.1005 -0.7697 0.0174
v 0.2057 -0.7010 0.0374
v 0.2881 -0.7217 0.0399
v 0.3149 -0.7287 0.0353
v 0.3280 -0.7326 0.0371
v 0.3693 -0.7270 0.0433
v 0.3784 -0.7113 0.0258
v 0.3861 -0.7002 0.0257
v 0.3910 -0.6898 0.0257
v 0.3955 -0.6763 0.0309
v 0.4271 -0.6335 0.0256
v 0.4468 -0.5012 0.0296
v 0.4360 -0.4171 0.0351
v 0.3922 0.0003 0.0306
v 0.3657 0.0703 0.0279
v 0.3363 0.1499 0.0268
v 0.3345 0.1613 0.0201
v 0.3382 0.1711 0.0202
v 0.3447 0.1809 0.0202
v 0.3517 0.1896 0.0274
v 0.3621 0.2052 0.0273
v 0.3576 0.3936 0.0245
v 0.3522 0.4026 0.0227
v 0.3445 0.4197 0.0212
v 0.3352 0.4398 0.0238
v 0.3271 0.4516 0.0249
v 0.3102 0.4648 0.0212
v 0.2993 0.4723 0.0227
v 0.2673 0.4865 0.0275
v 0.0958 0.4821 0.0307
v 0.0008 0.4899 0.0247
v -0.0417 0.4791 0.0212
v -0.0546 0.4745 0.0287
v -0.0816 0.4509 0.0358
v -0.1095 0.3815 0.0192
v -0.1132 0.3702 0.0178
v -0.1244 0.3399 0.0247
v -0.1257 0.3305 0.0281
v -0.1264 0.3185 0.0266
v -0.1019 0.2327 0.0393
v -0.0683 0.1804 0.0256
v -0.0606 0.1716 0.0204
v -0.0732 -0.4312 0.0282
v -0.0921 -0.4488 0.0213
v -0.0869 -0.7328 0.0485
v 0.1033 -0.7721 0.0254
v 0.1868 -0.7010 0.0395
v 0.3780 -0.7164 0.0387
v 0.3865 -0.7011 0.0362
v 0.4018 -0.6653 0.0332
v 0.4179 -0.6477 0.0331
v 0.4487 -0.4586 0.0435
v 0.4310 -0.4065 0.0378
v 0.4218 -0.3937 0.0386
v 0.3838 -0.3514 0.0359
v 0.3504 0.1093 0.0328
v 0.3380 0.1604 0.0287
v 0.3411 0.1705 0.0295
v 0.3452 0.1807 0.0278
v 0.3801 0.3569 0.0287
v 0.3217 0.4620 0.0336
v 0.2839 0.4864 0.0370
v 0.2200 0.4952 0.0374
v 0.0777 0.4830 0.0302
v -0.0934 0.4335 0.0403
v -0.1181 0.3551 0.0337
v -0.1204 0.2849 0.0478
v -0.0578 0.1616 0.0278
v -0.0572 0.1508 0.0296
v -0.0611 0.1326 0.0361
v -0.0632 -0.4212 0.0291
v -0.0961 -0.4442 0.0385
v -0.0261 -0.7823 0.0315
v 0.0029 -0.8046 0.0423
v 0.0118 -0.8076 0.0440
v 0.0336 -0.8099 0.0406
v 0.1129 -0.7648 0.0321
v 0.1688 -0.6951 0.0326
v 0.2317 -0.7113 0.0460
v 0.3513 -0.7349 0.0425
v 0.3612 -0.7310 0.0411
v 0.3949 -0.6764 0.0420
v 0.4024 -0.6661 0.0410
v 0.4101 -0.6584 0.0414
v 0.4276 -0.6378 0.0406
v 0.4356 -0.6340 0.0507
v 0.4504 -0.4875 0.0439
v 0.4476 -0.4402 0.0518
v 0.3939 -0.3625 0.0435
v 0.3569 0.1008 0.0482
v 0.3451 0.1336 0.0473
v 0.3415 0.1443 0.0417
v 0.3468 0.1803 0.0354
v 0.3519 0.1903 0.0354
v 0.3570 0.1989 0.0412
v 0.3705 0.2253 0.0449
v 0.3871 0.3080 0.0426
v 0.3852 0.3305 0.0478
v 0.3701 0.3799 0.0432
v 0.3593 0.3950 0.0344
v 0.3507 0.4251 0.0435
v 0.3389 0.4471 0.0441
v 0.3323 0.4574 0.0475
v 0.3126 0.4734 0.0419
v 0.2973 0.4871 0.0518
v 0.2548 0.4948 0.0414
v -0.0323 0.4907 0.0565
v -0.0737 0.4642 0.0462
v -0.1023 0.4152 0.0448
v -0.1118 0.3932 0.0585
v -0.1130 0.3754 0.0346
v -0.0634 0.1709 0.0342
v -0.0679 -0.4194 0.0427
v -0.0795 -0.4283 0.0451
v -0.0449 -0.7487 0.0388
v -0.0364 -0.7553 0.0444
v -0.0255 -0.7785 0.0406
v -0.0179 -0.7891 0.0392
v 0.0216 -0.8102 0.0617
v 0.1189 -0.7730 0.0468
v 0.1185 -0.7678 0.0397
v 0.1193 -0.7636 0.0403
v 0.3800 -0.7185 0.0523
v 0.3863 -0.7026 0.0487
v 0.3901 -0.6878 0.0552
v 0.4035 -0.6677 0.0485
v 0.4275 -0.6483 0.0575
v 0.4496 -0.5123 0.0497
v 0.4430 -0.4258 0.0494
v 0.4397 -0.4161 0.0520
v 0.4270 -0.3964 0.0538
v 0.3732 0.0605 0.0521
v 0.3439 0.1569 0.0463
v 0.3488 0.1795 0.0428
v 0.3524 0.1904 0.0431
v 0.3577 0.2014 0.0508
v 0.3857 0.2926 0.0546
v 0.3795 0.3565 0.0635
v 0.3762 0.3681 0.0524
v 0.3673 0.3913 0.0567
v 0.3505 0.4384 0.0617
v 0.2703 0.4960 0.0514
v 0.1515 0.4929 0.0445
v 0.0917 0.4843 0.0412
v 0.0771 0.4875 0.0429
v -0.0643 0.4707 0.0391
v -0.1170 0.3592 0.0421
v -0.1208 0.3421 0.0418
v -0.1233 0.3151 0.0530
v -0.1220 0.2998 0.0567
v -0.1071 0.2459 0.0584
v -0.0721 0.1816 0.0560
v -0.0620 0.1612 0.0431
v -0.0650 0.1422 0.0547
v -0.0698 -0.4075 0.0680
v -0.0440 -0.7478 0.0491
v -0.0153 -0.7886 0.0520
v 0.1024 -0.7927 0.0653
v 0.1082 -0.7867 0.0575
v 0.1240 -0.7598 0.0471
v 0.1229 -0.7493 0.0497
v 0.1509 -0.7116 0.0478
v 0.1624 -0.7072 0.0457
v 0.1742 -0.7067 0.0477
v 0.3306 -0.7448 0.0586
v 0.3414 -0.7407 0.0508
v 0.3626 -0.7363 0.0546
v 0.1239 -0.7712 0.0552
v 0.1275 -0.7656 0.0554
v 0.1657 -0.7144 0.0582
v 0.1803 -0.7154 0.0612
v 0.2652 -0.7418 0.0833
v 0.3030 -0.7428 0.0660
v 0.3149 -0.7572 0.0857
v 0.3529 -0.7417 0.0577
v 0.3718 -0.7309 0.0587
v 0.3859 -0.7038 0.0562
v 0.3960 -0.6777 0.0562
v 0.4188 -0.6619 0.0676
v 0.4416 -0.6302 0.0628
v 0.4523 -0.5015 0.0555
v 0.4550 -0.4973 0.0711
v 0.4526 -0.4720 0.0612
v 0.4349 -0.4061 0.0576
v 0.3930 -0.3605 0.0587
v 0.3866 -0.3512 0.0542
v 0.3452 0.1462 0.0566
v 0.3535 0.1900 0.0507
v 0.3229 0.4750 0.0663
v 0.2264 0.5061 0.0692
v 0.1976 0.5031 0.0533
v 0.1855 0.5086 0.0743
v 0.1004 0.4875 0.0500
v 0.0894 0.4906 0.0623
v 0.0664 0.4923 0.0600
v -0.0480 0.4856 0.0591
v -0.0579 0.4810 0.0637
v -0.0666 0.4748 0.0630
v -0.0850 0.4547 0.0585
v -0.0922 0.4423 0.0561
v -0.1172 0.3735 0.0624
v -0.1188 0.3460 0.0531
v -0.0655 0.1707 0.0484
v -0.0663 0.1587 0.0597
v -0.0350 -0.7534 0.0542
v -0.0283 -0.7642 0.0547
v -0.0222 -0.7771 0.0544
v 0.0336 -0.8119 0.0736
v 0.1215 -0.7822 0.0755
v 0.1306 -0.7685 0.0683
v 0.1347 -0.7579 0.0631
v 0.1573 -0.7206 0.0636
v 0.2809 -0.7394 0.0724
v 0.3431 -0.7508 0.0725
v 0.3626 -0.7427 0.0709
v 0.3816 -0.7184 0.0632
v 0.3902 -0.6887 0.0638
v 0.3973 -0.6800 0.0659
v 0.4516 -0.4522 0.0705
v 0.4466 -0.4299 0.0657
v 0.4411 -0.4158 0.0672
v 0.4282 -0.3968 0.0708
v 0.3872 -0.3510 0.0617
v 0.3640 0.0901 0.0756
v 0.3553 0.1896 0.0583
v 0.3641 0.2163 0.0609
v 0.3580 0.4277 0.0706
v 0.1358 0.5020 0.0831
v -0.0979 0.4325 0.0610
v -0.1192 0.3634 0.0709
v -0.1200 0.3287 0.0622
v -0.1130 0.2645 0.0713
v -0.0674 0.1703 0.0589
v -0.0668 0.1331 0.0598
v -0.0714 -0.3853 0.0709
v -0.0704 -0.3967 0.0759
v -0.0770 -0.4171 0.0707
v -0.0452 -0.7484 0.0623
v -0.0347 -0.7526 0.0641
v -0.0269 -0.7610 0.0713
v -0.0160 -0.7851 0.0655
v -0.0077 -0.7953 0.0686
v 0.0038 -0.8037 0.0671
v 0.0142 -0.8081 0.0673
v 0.1362 -0.7595 0.0704
v 0.1549 -0.7302 0.0735
v 0.1606 -0.7277 0.0737
v 0.1734 -0.7254 0.0742
v 0.1933 -0.7256 0.0749
v 0.2166 -0.7281 0.0753
v 0.3334 -0.7520 0.0727
v 0.3545 -0.7491 0.0762
v 0.3760 -0.7309 0.0713
v 0.3871 -0.7034 0.0772
v 0.3915 -0.6901 0.0752
v 0.4303 -0.6517 0.0727
v 0.4367 -0.6427 0.0720
v 0.4488 -0.6184 0.0760
v 0.4557 -0.4842 0.0844
v 0.4355 -0.4062 0.0704
v 0.3932 -0.3606 0.0718
v 0.3882 -0.3508 0.0732
v 0.3756 0.3740 0.0694
v 0.3409 0.4565 0.0694
v 0.3140 0.4844 0.0736
v 0.2993 0.4929 0.0701
v 0.2842 0.4988 0.0682
v 0.2708 0.5055 0.0769
v 0.2485 0.5057 0.0697
v 0.0770 0.4930 0.0625
v -0.0750 0.4678 0.0674
v -0.1189 0.3384 0.0650
v -0.0743 0.1824 0.0758
v 0.1386 -0.7617 0.0778
v 0.1429 -0.7508 0.0777
v 0.1477 -0.7404 0.0782
v 0.3714 -0.7423 0.0889
v 0.3835 -0.7217 0.0894
v 0.3996 -0.6841 0.0812
v 0.4448 -0.6328 0.0855
v 0.4552 -0.5259 0.0893
v 0.4562 -0.5129 0.0855
v 0.4491 -0.4390 0.0905
v 0.4451 -0.4256 0.0794
v 0.3782 0.3603 0.0845
v 0.3760 0.3738 0.0806
v 0.0761 0.5000 0.0841
v -0.0331 0.4944 0.0815
v -0.0873 0.4556 0.0794
v -0.0954 0.4436 0.0835
v -0.1055 0.4210 0.0854
v -0.1176 0.3759 0.0780
v -0.1180 0.2993 0.0804
v -0.1133 0.2794 0.0958
v -0.0993 0.2326 0.0947
v -0.0712 0.1724 0.0829
v -0.0705 0.1572 0.0875
v -0.1044 -0.4430 0.0849
v -0.0351 -0.7534 0.0768
v -0.0148 -0.7841 0.0806
v 0.0127 -0.8075 0.0836
v 0.0473 -0.8122 0.0806
v 0.0660 -0.8095 0.0815
v 0.1346 -0.7723 0.0876
v 0.1478 -0.7497 0.0863
v 0.1574 -0.7425 0.0900
v 0.1675 -0.7381 0.0913
v 0.2224 -0.7402 0.0941
v 0.3350 -0.7598 0.0902
v 0.3457 -0.7575 0.0900
v 0.3555 -0.7535 0.0898
v 0.3603 -0.7539 0.0998
v 0.3933 -0.6941 0.0916
v 0.4226 -0.6691 0.0942
v 0.4321 -0.6579 0.0957
v 0.4389 -0.6450 0.0874
v 0.4523 -0.6158 0.1009
v 0.4580 -0.5081 0.1130
v 0.4384 -0.4126 0.0855
v 0.4250 -0.3963 0.0977
v 0.4175 -0.3861 0.0899
v 0.4012 -0.3691 0.0897
v 0.3933 -0.3603 0.0845
v 0.3892 -0.3504 0.0843
v 0.3480 0.4524 0.0875
v 0.3388 0.4640 0.0849
v 0.3276 0.4773 0.0914
v 0.3021 0.4955 0.0863
v 0.2830 0.5053 0.0902
v 0.0893 0.5018 0.0982
v 0.0675 0.5023 0.0902
v -0.0487 0.4880 0.0825
v -0.1000 0.4336 0.0796
v -0.1201 0.3517 0.0820
v -0.1176 0.3301 0.0893
v -0.1177 0.3197 0.0794
v -0.1079 0.2563 0.0937
v -0.0877 0.2079 0.0952
v -0.0873 -0.3620 0.1019
v -0.0937 -0.4300 0.0887
v -0.1203 -0.4734 0.0990
v -0.0364 -0.7553 0.0917
v -0.0294 -0.7576 0.0845
v -0.0204 -0.7715 0.0845
v 0.0041 -0.8026 0.0974
v 0.3798 -0.7344 0.0984
v 0.3876 -0.7067 0.0941
v 0.4116 -0.6836 0.1089
v 0.4422 -0.6441 0.1073
v 0.4555 -0.6044 0.1173
v 0.4557 -0.5940 0.1022
v 0.4416 -0.4238 0.1028
v 0.3943 -0.3599 0.0920
v 0.3668 0.4102 0.0959
v 0.3626 0.4233 0.0921
v 0.3564 0.4394 0.0980
v 0.3140 0.4905 0.1024
v 0.2655 0.5097 0.0902
v 0.2532 0.5110 0.0902
v 0.2188 0.5106 0.0882
v -0.0584 0.4830 0.0885
v -0.0677 0.4764 0.0877
v -0.0785 0.4667 0.0899
v -0.1195 0.3620 0.0913
v -0.0763 0.1835 0.1019
v -0.0794 -0.3784 0.0958
v -0.0740 -0.3926 0.0882
v -0.0768 -0.4053 0.0934
v -0.0823 -0.4154 0.0941
v -0.0295 -0.7585 0.0955
v -0.0203 -0.7707 0.0963
v 0.1436 -0.7643 0.0967
v 0.1507 -0.7537 0.0962
v 0.1793 -0.7377 0.0934
v 0.2005 -0.7427 0.1020
v 0.2703 -0.7614 0.1168
v 0.3203 -0.7667 0.1079
v 0.1611 -0.7505 0.1075
v 0.1713 -0.7461 0.1069
v 0.1843 -0.7450 0.1071
v 0.2306 -0.7498 0.1096
v 0.2789 -0.7727 0.1395
v 0.3364 -0.7646 0.1057
v 0.3470 -0.7616 0.1045
v 0.3889 -0.7091 0.1136
v 0.3948 -0.6965 0.1037
v 0.4487 -0.6290 0.1066
v 0.4175 -0.3853 0.1054
v 0.4034 -0.3691 0.1046
v 0.3973 -0.3594 0.1048
v 0.3742 0.3762 0.1027
v 0.3379 0.4689 0.1074
v 0.1819 0.5128 0.1059
v 0.1623 0.5119 0.1065
v -0.0493 0.4884 0.1012
v -0.0892 0.4540 0.1032
v -0.1015 0.4324 0.1071
v -0.1079 0.4147 0.1078
v -0.1153 0.3178 0.0948
v -0.0774 -0.4013 0.0999
v 0.1548 -0.7614 0.1199
v 0.3742 -0.7485 0.1241
v 0.4549 -0.5420 0.1230
v 0.4318 -0.4093 0.1167
v 0.4257 -0.3972 0.1119
v 0.3702 0.3933 0.1030
v 0.3617 0.4262 0.1200
v 0.2982 0.5013 0.1116
v 0.2664 0.5126 0.1101
v 0.1964 0.5149 0.1197
v 0.1359 0.5146 0.1263
v -0.0634 0.4791 0.1156
v -0.0780 0.4665 0.1158
v -0.1150 0.3786 0.1209
v -0.1127 0.3047 0.1082
v -0.0983 0.2440 0.1629
v -0.0986 0.2369 0.1400
v -0.0726 0.1685 0.1067
v -0.0792 -0.3897 0.1070
v -0.0200 -0.7713 0.1123
v 0.1651 -0.7583 0.1294
v 0.1793 -0.7587 0.1370
v 0.2089 -0.7569 0.1294
v 0.2258 -0.7544 0.1191
v 0.2501 -0.7596 0.1188
v 0.3232 -0.7704 0.1215
v 0.3371 -0.7681 0.1210
v 0.3483 -0.7649 0.1249
v 0.3972 -0.7006 0.1275
v 0.4132 -0.6854 0.1244
v 0.4258 -0.6721 0.1247
v 0.4366 -0.6582 0.1336
v 0.4453 -0.6410 0.1267
v 0.4502 -0.6290 0.1284
v 0.4537 -0.5534 0.1224
v 0.4577 -0.5264 0.1219
v 0.4435 -0.4442 0.1434
v 0.4214 -0.3881 0.1196
v 0.4112 -0.3679 0.1373
v 0.3471 0.4568 0.1161
v 0.3302 0.4782 0.1214
v 0.2819 0.5085 0.1111
v 0.2526 0.5151 0.1145
v 0.0656 0.5108 0.1156
v -0.0954 0.4444 0.1074
v -0.1183 0.3560 0.1165
v -0.1174 0.3368 0.1173
v -0.1144 0.3189 0.1081
v -0.1226 -0.4947 0.1199
v -0.0299 -0.7604 0.1151
v 0.3657 -0.7551 0.1270
v 0.3858 -0.7276 0.1330
v 0.4551 -0.6111 0.1384
v 0.4505 -0.4659 0.1393
v 0.4392 -0.4288 0.1299
v 0.4277 -0.3982 0.1293
v 0.4056 -0.3575 0.1371
v 0.3537 0.4449 0.1286
v 0.3143 0.4925 0.1342
v 0.2845 0.5090 0.1361
v 0.0325 0.5139 0.1191
v -0.0946 0.4439 0.1249
v -0.1074 0.4114 0.1259
v -0.1102 0.3044 0.1253
v -0.1033 0.2728 0.1639
v -0.0762 0.1816 0.1313
v -0.0716 0.1601 0.1290
v -0.0712 0.1345 0.1231
v 0.3820 -0.7401 0.1418
v 0.3912 -0.7121 0.1466
v 0.4133 -0.6873 0.1381
v 0.4202 -0.6809 0.1478
v 0.4584 -0.5144 0.1331
v 0.4335 -0.4126 0.1345
v 0.3374 0.4699 0.1379
v 0.2676 0.5139 0.1345
v 0.0439 0.5148 0.1230
v 0.0217 0.5132 0.1232
v -0.0884 0.4527 0.1286
v -0.0911 0.2158 0.1413
v -0.0725 0.1694 0.1289
v 0.1574 -0.7648 0.1331
v 0.2447 -0.7645 0.1340
v 0.3314 -0.7716 0.1362
v 0.3750 -0.7501 0.1473
v 0.3987 -0.7028 0.1508
v 0.4438 -0.6459 0.1567
v 0.4505 -0.6289 0.1535
v 0.4144 -0.3654 0.1565
v 0.4348 -0.2302 0.1386
v 0.2990 0.5022 0.1370
v 0.2528 0.5168 0.1348
v 0.2166 0.5187 0.1377
v 0.1441 0.5179 0.1397
v 0.0877 0.5153 0.1331
v 0.0653 0.5224 0.1412
v 0.0464 0.5186 0.1341
v 0.0330 0.5165 0.1332
v -0.1137 0.3549 0.1518
v -0.1140 0.3402 0.1503
v -0.1267 -0.6101 0.1528
v 0.1678 -0.7621 0.1419
v 0.2878 -0.7778 0.1552
v 0.2977 -0.7787 0.1620
v 0.3655 -0.7574 0.1501
v 0.4381 -0.4246 0.1477
v 0.4323 -0.3949 0.1717
v 0.4322 -0.2266 0.1600
v 0.0851 0.5224 0.1474
v -0.1081 0.3962 0.1405
v -0.1125 0.3734 0.1434
v -0.0710 0.1730 0.1597
v -0.0678 0.1461 0.1542
v -0.0688 0.1002 0.1521
v -0.1174 -0.1295 0.1523
v 0.1599 -0.7697 0.1548
v 0.1966 -0.7673 0.1587
v 0.2308 -0.7685 0.1518
v 0.3346 -0.7717 0.1632
v 0.1718 -0.7663 0.1568
v 0.2649 -0.7780 0.1645
v 0.3078 -0.7781 0.1727
v 0.3500 -0.7652 0.1659
v 0.4219 -0.6797 0.1687
v 0.4243 -0.2865 0.1579
v 0.4293 -0.2637 0.1574
v 0.4299 -0.2487 0.1658
v 0.0514 0.5224 0.1466
v 0.0375 0.5195 0.1459
v -0.1119 0.3254 0.1564
v -0.1044 0.2935 0.1722
v -0.0877 0.2115 0.1641
v -0.0692 0.1605 0.1503
v 0.2313 -0.7733 0.1676
v 0.2785 -0.7800 0.1714
v 0.3744 -0.7491 0.1739
v 0.3813 -0.7398 0.1649
v 0.3910 -0.7123 0.1741
v 0.4084 -0.6947 0.1679
v 0.4333 -0.6633 0.1764
v 0.4097 -0.3556 0.1609
v 0.3079 0.4955 0.1636
v 0.2936 0.5041 0.1625
v 0.0486 0.5247 0.1535
v -0.1040 0.3856 0.1683
v -0.1100 0.3621 0.1673
v -0.0692 0.0848 0.1626
v -0.0823 0.0394 0.1587
v -0.1052 -0.0930 0.1696
v -0.0678 -0.7352 0.1753
v 0.2029 -0.7718 0.1729
v 0.3237 -0.7738 0.1833
v 0.3648 -0.7561 0.1787
v -0.1099 0.3421 0.1760
v -0.0670 0.1601 0.1642
v -0.0471 -0.7519 0.1695
v 0.3808 -0.7373 0.1825
v 0.4136 -0.6886 0.1898
v 0.4261 -0.2215 0.1853
v -0.1061 0.3186 0.1869
v -0.0610 0.1503 0.1835
v -0.0670 0.0745 0.1748
v -0.0764 0.0296 0.1757
v -0.0898 -0.0239 0.1748
v -0.1157 -0.6434 0.1865
v -0.0861 -0.7085 0.1905
v -0.0530 -0.7448 0.1825
v 0.2284 -0.7765 0.1880
v 0.2671 -0.7808 0.1880
v 0.2851 -0.7807 0.1853
v 0.3367 -0.7686 0.1902
v 0.3476 -0.7622 0.2004
v 0.4237 -0.2510 0.1885
v -0.0986 0.3696 0.2003
v -0.0887 0.2329 0.1918
v -0.0860 0.2188 0.1860
v -0.0686 0.1741 0.1790
v -0.0628 0.1614 0.1834
v -0.1204 -0.6154 0.1918
v -0.0718 -0.7231 0.1963
v 0.0033 -0.7840 0.1951
v 0.3634 -0.7508 0.2091
v 0.3724 -0.7454 0.2000
v 0.3782 -0.7351 0.2015
v 0.3862 -0.7168 0.1977
v 0.3931 -0.7072 0.2003
v 0.4356 -0.4039 0.1981
v -0.0961 0.2629 0.1890
v -0.0567 0.0693 0.1965
v -0.0931 -0.1030 0.1917
v -0.0942 -0.6912 0.1969
v -0.0272 -0.7584 0.1969
v 0.2974 -0.7776 0.2020
v 0.3363 -0.7661 0.2073
v 0.4062 -0.6939 0.2066
v 0.4179 -0.2095 0.2059
v -0.1021 0.3438 0.2044
v -0.1023 0.3309 0.2058
v -0.1069 -0.6574 0.2025
v -0.0535 -0.7374 0.2024
v 0.2659 -0.7801 0.2058
v 0.2792 -0.7791 0.2113
v 0.3767 -0.7298 0.2178
v 0.3839 -0.7135 0.2210
v 0.4305 -0.3883 0.2180
v -0.0901 0.2496 0.1997
v -0.0509 0.0530 0.2080
v -0.0801 -0.0946 0.2061
v -0.1158 -0.6034 0.2161
v -0.1110 -0.6279 0.2150
v -0.0998 -0.6724 0.2058
v -0.0943 -0.6720 0.2193
v -0.0824 -0.6979 0.2145
v -0.0736 -0.7111 0.2133
v 0.3228 -0.7691 0.2131
v 0.3487 -0.7571 0.2178
v 0.3692 -0.7394 0.2243
v 0.3913 -0.7054 0.2183
v 0.4104 -0.2005 0.2197
v 0.3103 0.4774 0.2193
v -0.0969 0.3162 0.2188
v -0.0777 0.2260 0.2223
v -0.0757 0.2094 0.2162
v -0.0455 0.0807 0.2148
v -0.1038 -0.6476 0.2191
v -0.0576 -0.7263 0.2175
v 0.0108 -0.7744 0.2352
v 0.2995 -0.7734 0.2204
v 0.3310 -0.7642 0.2213
v 0.3475 -0.7515 0.2343
v 0.3600 -0.7458 0.2289
v 0.3707 -0.7301 0.2361
v 0.3215 0.4634 0.2213
v -0.0883 0.3871 0.2246
v -0.0899 0.2751 0.2173
v -0.0819 0.2443 0.2179
v -0.0447 0.1199 0.2195
v -0.0437 0.0603 0.2169
v -0.0396 0.0321 0.2229
v -0.0727 -0.1162 0.2180
v 0.2835 -0.7722 0.2362
v 0.3313 -0.7569 0.2394
v 0.3884 -0.7031 0.2364
v 0.4024 -0.6895 0.2379
v 0.4004 -0.1951 0.2339
v 0.3448 0.2866 0.2438
v 0.3098 0.4608 0.2492
v -0.0804 0.4047 0.2296
v -0.0963 0.3324 0.2232
v -0.0653 0.2016 0.2406
v -0.0360 0.0725 0.2280
v -0.0333 0.0567 0.2295
v -0.0318 0.0414 0.2304
v -0.1144 -0.5230 0.2402
v -0.1002 -0.6086 0.2495
v -0.0723 -0.6919 0.2388
v -0.0612 -0.7131 0.2317
v -0.0467 -0.7231 0.2387
v 0.3006 -0.7655 0.2434
v 0.3582 -0.7371 0.2477
v 0.3750 -0.7198 0.2393
v 0.3787 -0.7072 0.2517
v 0.4303 -0.4013 0.2425
v 0.3862 -0.1505 0.2436
v 0.2830 0.4880 0.2446
v -0.0838 0.3705 0.2411
v -0.0879 0.3373 0.2429
v -0.0810 0.2950 0.2509
v -0.0656 0.2426 0.2532
v -0.1149 -0.5042 0.2344
v -0.1106 -0.5703 0.2418
v -0.0923 -0.6393 0.2472
v 0.0387 -0.7863 0.2407
v 0.3357 -0.7474 0.2554
v 0.3478 -0.7364 0.2625
v 0.3654 -0.7272 0.2504
v 0.4354 -0.4437 0.2469
v 0.4222 -0.3780 0.2663
v 0.3889 -0.1902 0.2482
v 0.3402 0.2694 0.2515
v 0.3239 0.4311 0.2571
v 0.3208 0.4488 0.2446
v -0.0677 0.4118 0.2457
v -0.0847 0.3166 0.2499
v -0.0736 0.2718 0.2550
v -0.0638 0.2105 0.2515
v -0.0252 0.0627 0.2398
v -0.0190 0.0483 0.2433
v -0.1079 -0.4734 0.2479
v -0.1101 -0.4919 0.2497
v -0.1105 -0.5328 0.2494
v -0.0784 -0.6628 0.2544
v -0.0580 -0.6967 0.2554
v -0.0417 -0.7110 0.2616
v 0.0031 -0.7562 0.2557
v 0.0239 -0.7691 0.2594
v 0.2725 -0.7691 0.2500
v 0.3211 -0.7497 0.2629
v 0.4278 -0.3985 0.2577
v 0.4202 -0.3664 0.2540
v 0.3769 -0.1618 0.2565
v 0.3550 -0.0880 0.2565
v -0.0741 0.3858 0.2527
v -0.0634 0.2217 0.2562
v -0.0159 0.0716 0.2517
v -0.0085 0.0295 0.2491
v -0.0146 -0.7323 0.2682
v 0.3592 -0.7229 0.2657
v 0.3746 -0.7051 0.2637
v 0.4141 -0.3565 0.2712
v 0.3637 -0.1256 0.2607
v 0.3256 0.4067 0.2665
v 0.3139 0.4471 0.2594
v 0.2875 0.4760 0.2617
v 0.2786 0.4852 0.2605
v -0.0582 0.3926 0.2742
v -0.0688 0.3466 0.2703
v -0.0803 0.3338 0.2566
v 0.0037 0.0687 0.2687
v 0.0068 0.0442 0.2635
v 0.0012 0.0218 0.2561
v -0.1016 -0.4547 0.2618
v -0.1041 -0.4937 0.2642
v -0.1014 -0.5546 0.2627
v -0.0981 -0.5844 0.2613
v -0.0795 -0.6224 0.2764
v -0.0699 -0.6531 0.2737
v -0.0609 -0.6824 0.2645
v 0.0385 -0.7742 0.2624
v 0.0502 -0.7762 0.2648
v 0.0873 -0.7785 0.2643
v 0.2619 -0.7635 0.2663
v 0.2831 -0.7607 0.2633
v 0.3325 -0.7390 0.2729
v 0.4317 -0.4210 0.2731
v 0.4257 -0.3985 0.2815
v 0.3976 -0.3254 0.2803
v 0.3623 -0.1722 0.2713
v 0.3521 -0.1512 0.2764
v 0.3374 -0.1042 0.2769
v 0.3137 0.1868 0.2704
v 0.2886 0.4633 0.2779
v -0.0767 0.3188 0.2639
v -0.0695 0.2955 0.2749
v -0.0537 0.1977 0.2657
v -0.0418 0.1787 0.2742
v 0.0159 0.0339 0.2674
v 0.0220 0.0264 0.2703
v -0.0999 -0.4660 0.2702
v -0.1015 -0.5199 0.2676
v -0.0454 -0.6979 0.2703
v 0.0015 -0.7410 0.2746
v 0.0212 -0.7550 0.2760
v 0.0649 -0.7749 0.2698
v 0.3165 -0.7439 0.2759
v 0.3380 -0.7301 0.2804
v 0.3526 -0.7189 0.2788
v 0.3286 0.2524 0.2718
v 0.3138 0.4182 0.2798
v 0.3063 0.4369 0.2794
v -0.0574 0.3793 0.2826
v -0.0572 0.2752 0.2888
v -0.0487 0.2437 0.2849
v -0.0540 0.2328 0.2738
v -0.0496 0.2203 0.2831
v 0.0429 0.0310 0.2859
v -0.0929 -0.4778 0.2838
v -0.0931 -0.5319 0.2790
v -0.0890 -0.5671 0.2794
v -0.0825 -0.6011 0.2802
v -0.0490 -0.6744 0.2855
v 0.0401 -0.7636 0.2782
v 0.0552 -0.7674 0.2794
v 0.2509 -0.7562 0.2825
v 0.2749 -0.7548 0.2767
v 0.4303 -0.4228 0.2837
v 0.4156 -0.3721 0.2885
v 0.4064 -0.3485 0.2867
v 0.3483 -0.1789 0.2836
v 0.2796 0.4576 0.2964
v 0.2754 0.4795 0.2773
v 0.2686 0.4864 0.2813
v -0.0574 0.3635 0.2885
v -0.0664 0.3110 0.2810
v -0.0495 0.2111 0.2819
v -0.0445 0.1956 0.2826
v -0.0917 -0.4494 0.2838
v -0.0383 -0.6860 0.2885
v -0.0123 -0.7157 0.2886
v 0.0073 -0.7338 0.2880
v 0.2969 -0.7326 0.3002
v 0.3252 -0.7322 0.2876
v 0.3357 -0.7185 0.2950
v 0.4302 -0.4395 0.2919
v 0.4240 -0.4036 0.2912
v 0.3945 -0.3300 0.2938
v 0.3828 -0.3113 0.2964
v 0.3089 0.3884 0.2985
v 0.2744 0.4739 0.2873
v -0.0501 0.3441 0.3039
v -0.0560 0.3211 0.2917
v -0.0598 0.2922 0.2898
v -0.0445 0.2349 0.2897
v -0.0300 0.1724 0.2890
v -0.0811 -0.5085 0.2982
v -0.0761 -0.5711 0.2962
v -0.0580 -0.6213 0.3046
v -0.0518 -0.6568 0.2937
v 0.0259 -0.7412 0.2939
v 0.0474 -0.7548 0.2918
v 0.2654 -0.7366 0.3042
v -0.0751 -0.4445 0.3073
v -0.0571 -0.6008 0.3126
v -0.0389 -0.6647 0.3024
v -0.0225 -0.6847 0.3048
v -0.0028 -0.7078 0.3037
v 0.0122 -0.7261 0.2995
v 0.0374 -0.7328 0.3076
v 0.3207 -0.7212 0.3026
v 0.4245 -0.4374 0.3042
v 0.4189 -0.4093 0.3060
v 0.4166 -0.3922 0.3022
v 0.4102 -0.3747 0.3034
v 0.4023 -0.3507 0.2990
v 0.2902 0.1860 0.3070
v 0.3099 0.3679 0.3015
v 0.3015 0.4030 0.3031
v 0.2975 0.4199 0.3004
v 0.2841 0.4381 0.3056
v -0.0280 0.4173 0.2915
v -0.0404 0.3846 0.3029
v -0.0471 0.3630 0.3045
v -0.0580 0.3040 0.2918
v -0.0485 0.2655 0.2978
v -0.0423 0.2125 0.2933
v -0.0387 0.2030 0.2956
v -0.0344 0.1920 0.2964
v 0.2708 0.4678 0.3014
v -0.0158 0.4174 0.3061
v -0.0235 0.4084 0.3031
v -0.0464 0.3775 0.2995
v -0.0506 0.3199 0.2997
v -0.0497 0.3092 0.3001
v -0.0507 0.2982 0.3002
v -0.0517 0.2883 0.3001
v -0.0500 0.2762 0.3001
v -0.0358 0.2473 0.3055
v -0.0374 0.2371 0.3004
v -0.0377 0.2255 0.3006
v -0.0110 0.1654 0.3104
v 0.0104 0.1264 0.3067
v -0.0683 -0.4612 0.3166
v 0.0208 -0.7203 0.3096
v 0.3992 -0.3559 0.3091
v 0.3847 -0.3304 0.3108
v 0.2746 0.1660 0.3147
v 0.2968 0.3713 0.3188
v 0.2638 0.4728 0.3135
v -0.0115 0.4286 0.3129
v -0.0398 0.3305 0.3219
v -0.0456 0.3106 0.3065
v -0.0433 0.2981 0.3079
v -0.0438 0.2873 0.3081
v -0.0436 0.2764 0.3079
v -0.0408 0.2653 0.3080
v -0.0218 0.2375 0.3208
v -0.0303 0.2165 0.3095
v -0.0268 0.2056 0.3116
v -0.0166 0.1865 0.3157
v -0.0609 -0.4901 0.3242
v -0.0594 -0.5375 0.3207
v -0.0071 -0.6782 0.3208
v 0.0087 -0.7022 0.3154
v 0.0524 -0.7217 0.3210
v 0.2286 -0.7245 0.3213
v 0.2570 -0.7205 0.3220
v 0.2796 -0.7199 0.3188
v 0.3030 -0.7151 0.3163
v 0.4161 -0.4310 0.3182
v 0.4120 -0.4070 0.3176
v 0.4060 -0.3874 0.3182
v -0.0570 -0.4209 0.3248
v -0.0542 -0.5713 0.3217
v 0.0207 -0.6873 0.3313
v 0.0418 -0.7069 0.3277
v 0.3944 -0.3759 0.3279
v 0.3824 -0.3564 0.3316
v 0.3741 -0.3281 0.3223
v 0.2942 0.3971 0.3150
v 0.2725 0.4346 0.3213
v 0.2693 0.4458 0.3199
v 0.2660 0.4556 0.3201
v -0.0100 0.4183 0.3147
v -0.0246 0.3750 0.3238
v -0.0340 0.3559 0.3239
v -0.0367 0.3149 0.3246
v -0.0389 0.2995 0.3145
v -0.0362 0.2871 0.3158
v -0.0356 0.2762 0.3158
v -0.0289 0.2601 0.3195
v 0.0145 0.1394 0.3209
v 0.0415 0.1069 0.3217
v -0.0494 -0.4314 0.3344
v -0.0552 -0.4542 0.3301
v -0.0404 -0.5207 0.3430
v -0.0430 -0.5674 0.3328
v -0.0318 -0.5855 0.3398
v -0.0306 -0.6122 0.3339
v 0.2505 -0.7051 0.3362
v 0.4050 -0.4272 0.3331
v 0.4008 -0.4041 0.3319
v 0.3587 -0.3202 0.3330
v 0.3496 -0.3027 0.3294
v 0.3315 -0.2873 0.3338
v 0.2619 0.4583 0.3280
v -0.0076 0.4297 0.3238
v -0.0032 0.4183 0.3282
v -0.0068 0.4081 0.3224
v -0.0052 0.3943 0.3301
v -0.0387 0.3420 0.3226
v -0.0333 0.2981 0.3240
v -0.0296 0.2862 0.3240
v -0.0273 0.2761 0.3235
v -0.0171 0.2156 0.3246
v -0.0079 0.1932 0.3279
v 0.0011 0.1708 0.3263
v 0.2728 0.2705 0.3402
v 0.2792 0.2865 0.3347
v 0.2766 0.3128 0.3450
v 0.2549 0.3442 0.3736
v 0.2747 0.3750 0.3434
v 0.2663 0.4256 0.3324
v 0.2622 0.4406 0.3337
v 0.2535 0.4803 0.3431
v -0.0016 0.4076 0.3301
v -0.0167 0.3545 0.3401
v -0.0249 0.3312 0.3407
v -0.0317 0.3250 0.3333
v -0.0219 0.2763 0.3309
v -0.0155 0.2615 0.3329
v -0.0054 0.2342 0.3386
v -0.0020 0.2165 0.3401
v 0.0135 0.1819 0.3427
v 0.0188 0.1559 0.3344
v 0.0303 0.1406 0.3348
v 0.0500 0.1266 0.3407
v -0.0424 -0.3994 0.3354
v -0.0498 -0.4648 0.3367
v -0.0381 -0.5581 0.3395
v 0.1189 -0.7103 0.3373
v 0.2342 -0.6949 0.3457
v 0.2804 -0.6916 0.3403
v 0.3796 -0.3947 0.3515
v 0.3499 -0.3232 0.3434
v 0.3291 -0.2962 0.3418
v -0.0250 -0.3904 0.3475
v -0.0260 -0.4162 0.3521
v -0.0390 -0.4327 0.3442
v -0.0345 -0.4553 0.3493
v -0.0371 -0.4785 0.3476
v 0.3951 -0.4293 0.3445
v 0.3696 -0.3712 0.3516
v 0.3556 -0.3415 0.3497
v 0.2606 0.3319 0.3676
v 0.2596 0.4296 0.3404
v 0.2566 0.4520 0.3421
v -0.0068 0.4441 0.3400
v -0.0009 0.4294 0.3411
v 0.0026 0.4178 0.3405
v 0.0056 0.4073 0.3426
v 0.0022 0.3968 0.3379
v 0.0010 0.3669 0.3493
v -0.0268 0.3090 0.3383
v -0.0250 0.2983 0.3383
v -0.0157 0.2827 0.3456
v -0.0067 0.2452 0.3389
v 0.0060 0.2006 0.3431
v 0.2602 0.2668 0.3532
v 0.2674 0.2865 0.3501
v 0.2526 0.3790 0.3671
v 0.2542 0.4403 0.3480
v -0.0139 0.4704 0.3515
v 0.0077 0.3967 0.3455
v 0.0073 0.3850 0.3475
v -0.0205 0.3093 0.3462
v -0.0195 0.2983 0.3461
v -0.0061 0.2590 0.3461
v -0.0004 0.2465 0.3473
v 0.0031 0.2350 0.3467
v 0.0062 0.2192 0.3470
v 0.0255 0.1726 0.3483
v 0.0488 0.1516 0.3546
v 0.0518 0.1396 0.3488
v 0.0592 0.1221 0.3475
v 0.3821 -0.4367 0.3581
v 0.2490 0.4181 0.3577
v 0.2422 0.4267 0.3662
v 0.2491 0.4511 0.3575
v 0.2487 0.4752 0.3601
v -0.0037 0.4515 0.3587
v 0.0050 0.4420 0.3703
v 0.0127 0.4067 0.3568
v 0.0125 0.3965 0.3531
v 0.0125 0.3860 0.3534
v 0.0107 0.3485 0.3644
v -0.0130 0.3094 0.3540
v -0.0124 0.2984 0.3540
v -0.0107 0.2875 0.3539
v 0.0123 0.2537 0.3687
v 0.0154 0.2247 0.3569
v 0.0311 0.1980 0.3629
v 0.0336 0.1774 0.3560
v 0.2287 0.2388 0.3843
v 0.2433 0.2849 0.3839
v 0.2382 0.4357 0.3733
v 0.0095 0.4230 0.3613
v 0.0158 0.3966 0.3605
v 0.0163 0.3858 0.3607
v 0.0154 0.3751 0.3610
v 0.0147 0.3577 0.3656
v 0.0195 0.3307 0.3765
v -0.0029 0.3112 0.3627
v 0.0011 0.2967 0.3665
v 0.0050 0.2774 0.3675
v 0.0493 0.1662 0.3641
v 0.2434 0.3936 0.3754
v 0.2425 0.4719 0.3763
v -0.0232 0.5115 0.3699
v -0.0202 0.5005 0.3747
v -0.0127 0.4827 0.3773
v 0.0122 0.4298 0.3779
v 0.0178 0.3985 0.3689
v 0.0187 0.3858 0.3682
v 0.0190 0.3749 0.3683
v 0.0184 0.3641 0.3686
v 0.0358 0.2046 0.3711
v -0.0663 0.4677 -0.7905
v -0.0565 0.4728 -0.7901
v -0.0324 0.4776 -0.7891
v -0.0216 0.4742 -0.7895
v -0.0106 0.4686 -0.7903
v -0.0024 0.4634 -0.7910
v 0.0135 0.4472 -0.7934
v 0.0180 0.4371 -0.7948
v 0.0204 0.4257 -0.7964
v 0.0194 0.4169 -0.8027
v 0.0135 0.4037 -0.8081
v 0.0068 0.3939 -0.8087
v 0.2460 0.3064 0.3861
v 0.2381 0.4224 0.3761
v 0.2326 0.4557 0.3893
v 0.0164 0.4169 0.3868
v 0.0204 0.3840 0.3776
v 0.0210 0.3726 0.3756
v 0.0216 0.3532 0.3762
v 0.0212 0.3425 0.3765
v 0.0245 0.3121 0.3835
v 0.0257 0.2968 0.3850
v 0.0264 0.2629 0.3835
v 0.0257 0.2490 0.3799
v 0.0361 0.2239 0.3809
v 0.2358 0.3242 0.3990
v 0.2398 0.3595 0.3888
v 0.2371 0.3718 0.3907
v 0.2385 0.3908 0.3858
v 0.2350 0.4122 0.3894
v 0.2315 0.4423 0.3895
v -0.0020 0.3866 -0.8097
v 0.0055 0.4530 0.3904
v 0.0234 0.3564 0.3830
v 0.0247 0.3422 0.3838
v 0.0256 0.3313 0.3840
v 0.0260 0.3204 0.3844
v 0.0610 0.1888 0.3881
v -0.0141 0.3811 -0.8106
v -0.0323 0.3762 -0.8117
v -0.0421 0.3760 -0.8113
v -0.0533 0.3780 -0.8111
v -0.0640 0.3823 -0.8106
v -0.0798 0.3942 -0.8089
v -0.0845 0.4032 -0.8076
v -0.0887 0.4140 -0.8055
v -0.0867 0.4459 -0.8014
v -0.0829 0.4562 -0.7999
v -0.0779 0.4657 -0.7985
v -0.0700 0.4737 -0.7974
v -0.0602 0.4787 -0.7967
v -0.0437 0.4835 -0.7962
v -0.0329 0.4902 -0.8018
v 0.2222 0.2609 0.4029
v 0.2327 0.2939 0.4006
v 0.2317 0.4017 0.4011
v 0.2303 0.4784 0.4032
v -0.0212 0.4864 -0.8020
v -0.0096 0.4742 -0.7972
v -0.0001 0.4694 -0.8014
v -0.0167 0.5005 0.3958
v 0.0105 0.4410 0.3959
v 0.0228 0.3726 0.3929
v 0.0260 0.3485 0.3920
v 0.0283 0.3313 0.3914
v 0.0314 0.3139 0.3923
v 0.0330 0.3014 0.3922
v 0.0347 0.2906 0.3926
v 0.0381 0.2721 0.3941
v 0.0610 0.2185 0.3995
v 0.0067 0.4590 -0.7993
v 0.0141 0.4482 -0.8011
v 0.0178 0.4374 -0.8042
v 0.0189 0.4286 -0.8049
v 0.0178 0.4195 -0.8183
v 0.0059 0.3960 -0.8221
v -0.0020 0.3876 -0.8174
v -0.0137 0.3814 -0.8183
v -0.0293 0.3768 -0.8196
v -0.0422 0.3769 -0.8190
v -0.0531 0.3781 -0.8188
v -0.0627 0.3814 -0.8184
v -0.0728 0.3860 -0.8177
v -0.0808 0.3939 -0.8166
v -0.0874 0.4039 -0.8225
v -0.0917 0.4140 -0.8207
v -0.0941 0.4269 -0.8183
v -0.0924 0.4403 -0.8135
v -0.0899 0.4514 -0.8113
v -0.0873 0.4598 -0.8109
v 0.2227 0.2805 0.4103
v 0.2305 0.3531 0.4030
v 0.2240 0.3622 0.4151
v 0.2290 0.3889 0.4079
v 0.2283 0.4514 0.3995
v 0.2283 0.4624 0.3992
v -0.0818 0.4698 -0.8096
v -0.0749 0.4790 -0.8088
v -0.0635 0.4847 -0.8056
v -0.0454 0.4888 -0.8026
v -0.0040 0.4768 0.3989
v 0.0205 0.3892 0.4115
v 0.0250 0.3642 0.4064
v 0.0311 0.3378 0.4107
v 0.0345 0.3223 0.4076
v 0.0381 0.3077 0.4053
v 0.0382 0.2971 0.3992
v 0.0437 0.2765 0.4003
v 0.0526 0.2477 0.4018
v 0.0746 0.2022 0.4051
v -0.0067 0.4806 -0.8092
v 0.0090 0.4626 -0.8071
v 0.0192 0.4319 -0.8187
v 0.0131 0.4071 -0.8228
v -0.0034 0.3892 -0.8248
v -0.0144 0.3826 -0.8258
v -0.0294 0.3784 -0.8264
v -0.0545 0.3797 -0.8263
v -0.0627 0.3827 -0.8259
v -0.0724 0.3878 -0.8252
v -0.0811 0.3946 -0.8242
v 0.2262 0.4513 0.4071
v 0.2237 0.4624 0.4063
v 0.0014 0.4692 0.4099
v 0.0456 0.2870 0.4078
v 0.0499 0.2752 0.4083
v 0.0621 0.2596 0.4179
v 0.0629 0.2435 0.4109
v 0.0794 0.2161 0.4153
v 0.0824 0.1866 0.4042
v -0.0549 0.4946 -0.8167
v -0.0445 0.4969 -0.8166
v -0.0330 0.4979 -0.8163
v -0.0217 0.4957 -0.8144
v -0.0153 0.4924 -0.8164
v 0.0042 0.4722 -0.8125
v 0.0117 0.4620 -0.8143
v 0.0165 0.4521 -0.8158
v 0.0188 0.4414 -0.8173
v 0.0186 0.4349 -0.8259
v 0.0165 0.4209 -0.8280
v 0.0126 0.4103 -0.8295
v 0.0036 0.3979 -0.8313
v -0.0184 0.3860 -0.8330
v -0.0377 0.3842 -0.8334
v -0.0509 0.3826 -0.8336
v -0.0612 0.3866 -0.8331
v -0.0709 0.3916 -0.8323
v -0.0797 0.3981 -0.8314
v -0.0870 0.4078 -0.8301
v -0.0932 0.4208 -0.8283
v -0.0947 0.4386 -0.8257
v -0.0925 0.4520 -0.8237
v -0.0889 0.4628 -0.8222
v -0.0840 0.4724 -0.8208
v -0.0775 0.4809 -0.8195
v -0.0666 0.4901 -0.8185
v 0.2055 0.3091 0.4382
v 0.2205 0.3258 0.4189
v 0.2197 0.3440 0.4204
v 0.2254 0.4334 0.4179
v 0.2244 0.4516 0.4146
v 0.2230 0.4658 0.4153
v 0.2235 0.4734 0.4145
v 0.2240 0.4842 0.4166
v -0.0054 0.4850 -0.8188
v 0.0070 0.4728 -0.8201
v 0.0127 0.4636 -0.8218
v 0.0165 0.4532 -0.8233
v 0.0186 0.4425 -0.8248
v -0.0901 0.4424 -0.8328
v 0.0089 0.4351 0.4440
v 0.0466 0.3168 0.4382
v 0.0438 0.3041 0.4176
v 0.0894 0.2018 0.4153
v -0.0912 0.4534 -0.8312
v -0.0884 0.4640 -0.8298
v -0.0831 0.4751 -0.8281
v -0.0719 0.4882 -0.8262
v -0.0582 0.4962 -0.8250
v -0.0433 0.5004 -0.8244
v -0.0339 0.5022 -0.8241
v -0.0227 0.5000 -0.8244
v -0.0112 0.4929 -0.8254
v -0.0000 0.4824 -0.8269
v 0.0072 0.4736 -0.8281
v 0.0121 0.4644 -0.8294
v 0.0156 0.4538 -0.8310
v 0.0169 0.4419 -0.8326
v -0.0494 0.4975 -0.8325
v -0.0359 0.4995 -0.8322
v -0.0237 0.4990 -0.8323
v -0.0149 0.4927 -0.8331
v 0.2987 0.2062 -0.5337
v 0.2819 0.1841 -0.5392
v 0.2864 0.1929 -0.5406
v 0.2961 0.1978 -0.5536
v 0.3108 0.2068 -0.5432
v 0.3174 0.2071 -0.5425
v 0.3293 0.2033 -0.5407
v 0.3224 0.1216 -0.5271
v 0.3064 0.1203 -0.5312
v 0.3021 0.1226 -0.5308
v 0.2945 0.1300 -0.5333
v 0.2835 0.1735 -0.5566
v 0.3422 0.1293 -0.5523
v 0.3358 0.1261 -0.5398
v 0.3256 0.1185 -0.5358
v 0.2899 0.1403 -0.5571
v 0.2904 0.1869 -0.5674
v 0.3208 0.2014 -0.5653
v 0.3373 0.1919 -0.5658
v 0.3474 0.1776 -0.5642
v 0.3506 0.1673 -0.5593
v 0.3512 0.1612 -0.5575
v 0.3208 0.1117 -0.5480
v 0.3050 0.1147 -0.5560
v 0.2977 0.1223 -0.5598
v 0.2856 0.1571 -0.5700
v 0.0167 0.4060 0.4396
v 0.0247 0.3726 0.4252
v 0.0355 0.3522 0.4480
v 0.0526 0.2913 0.4253
v 0.0788 0.2346 0.4248
v 0.0849 0.2232 0.4232
v 0.0932 0.2161 0.4235
v 0.1089 0.2013 0.4196
v 0.1999 0.2672 0.4332
v 0.2166 0.3811 0.4355
v 0.2861 0.1783 -0.5656
v 0.3048 0.1975 -0.5705
v 0.3325 0.1953 -0.5688
v 0.3448 0.1829 -0.5645
v 0.3460 0.1416 -0.5460
v 0.3371 0.1191 -0.5550
v 0.3280 0.1147 -0.5483
v 0.3109 0.1116 -0.5552
v 0.3152 0.1992 -0.5750
v 0.3511 0.1494 -0.5591
v 0.2865 0.1679 -0.5823
v 0.3501 0.1376 -0.5652
v 0.3478 0.1206 -0.5772
v 0.3324 0.1081 -0.5661
v 0.3214 0.1043 -0.5666
v 0.0289 0.3624 0.4350
v 0.0690 0.2778 0.4438
v 0.0752 0.2501 0.4312
v 0.0811 0.2382 0.4307
v 0.0890 0.2312 0.4313
v 0.0989 0.2263 0.4308
v 0.1073 0.2189 0.4308
v 0.1150 0.2093 0.4276
v 0.2096 0.3283 0.4349
v 0.2156 0.4295 0.4474
v 0.2193 0.4380 0.4368
v 0.3065 0.1084 -0.5742
v 0.2885 0.1434 -0.5839
v 0.2932 0.1813 -0.5976
v 0.3018 0.1885 -0.5986
v 0.3387 0.1853 -0.6110
v 0.3413 0.1849 -0.5968
v 0.3480 0.1778 -0.5855
v 0.3547 0.1621 -0.5876
v 0.3436 0.1105 -0.5803
v 0.3149 0.1005 -0.5793
v 0.3008 0.1115 -0.5933
v 0.2943 0.1271 -0.5865
v 0.2887 0.1722 -0.5975
v 0.3222 0.1896 -0.6213
v 0.3266 0.1920 -0.6037
v 0.3534 0.1695 -0.6016
v 0.3551 0.1558 -0.5823
v 0.3547 0.1455 -0.5777
v 0.3353 0.1019 -0.5793
v 0.3250 0.0986 -0.5770
v 0.2875 0.1622 -0.6086
v 0.3102 0.1900 -0.6098
v 0.3553 0.1327 -0.5852
v 0.3282 0.0934 -0.5898
v 0.3081 0.0959 -0.6070
v 0.2931 0.1252 -0.6058
v 0.2873 0.1505 -0.6116
v 0.2888 0.1710 -0.6064
v 0.2949 0.1786 -0.6152
v 0.3519 0.1735 -0.6082
v 0.3596 0.1440 -0.5980
v 0.3536 0.1226 -0.5884
v 0.3509 0.1073 -0.5978
v 0.0208 0.3943 0.4494
v 0.0796 0.2597 0.4449
v 0.0855 0.2457 0.4395
v 0.0933 0.2385 0.4385
v 0.1023 0.2322 0.4380
v 0.1189 0.2268 0.4447
v 0.1290 0.2311 0.4530
v 0.1932 0.2427 0.4280
v 0.1985 0.2927 0.4440
v 0.2099 0.3481 0.4392
v 0.2162 0.4034 0.4418
v 0.3181 0.0916 -0.6000
v 0.2882 0.1413 -0.6104
v 0.2897 0.1698 -0.6136
v 0.3046 0.1838 -0.6276
v 0.3597 0.1575 -0.6098
v 0.3592 0.1308 -0.5975
v 0.3406 0.0943 -0.6006
v 0.3303 0.0910 -0.5984
v 0.3018 0.1021 -0.6141
v 0.3140 0.1846 -0.6469
v 0.3317 0.1863 -0.6312
v 0.3449 0.1808 -0.6156
v 0.3514 0.0988 -0.6094
v 0.3327 0.0831 -0.6158
v 0.3203 0.0856 -0.6129
v 0.2892 0.1249 -0.6287
v 0.2868 0.1359 -0.6288
v 0.2860 0.1455 -0.6310
v 0.2957 0.1714 -0.6626
v 0.3487 0.1783 -0.6332
v 0.3575 0.1703 -0.6353
v 0.3636 0.1154 -0.6135
v 0.3613 0.1095 -0.6133
v 0.3588 0.1027 -0.6162
v 0.3438 0.0900 -0.6135
v 0.3107 0.0879 -0.6209
v 0.2858 0.1521 -0.6559
v 0.2893 0.1656 -0.6422
v 0.3065 0.1750 -0.6901
v 0.3241 0.1861 -0.6476
v 0.3620 0.1633 -0.6356
v 0.3661 0.1444 -0.6226
v 0.3680 0.1239 -0.6217
v 0.3648 0.1012 -0.6298
v 0.3525 0.0936 -0.6191
v 0.0280 0.3774 0.4566
v 0.1114 0.2420 0.4542
v 0.1806 0.2690 0.4559
v 0.1890 0.2806 0.4513
v 0.1937 0.3229 0.4601
v 0.2044 0.3841 0.4644
v 0.3017 0.0916 -0.6346
v 0.2928 0.1020 -0.6505
v 0.2874 0.1336 -0.6379
v 0.2853 0.1397 -0.6610
v 0.1585 0.2378 0.4540
v 0.1667 0.2550 0.4613
v 0.1868 0.2968 0.4614
v 0.1965 0.3477 0.4655
v 0.3653 0.1542 -0.6320
v 0.3720 0.1323 -0.6388
v 0.3568 0.0916 -0.6314
v 0.3484 0.0823 -0.6403
v 0.3230 0.0800 -0.6286
v 0.3130 0.0821 -0.6354
v 0.2896 0.1629 -0.6625
v 0.3685 0.1077 -0.6322
v 0.3267 0.0770 -0.6406
v 0.2878 0.1148 -0.6542
v 0.2857 0.1266 -0.6654
v 0.3537 0.1733 -0.6604
v 0.3693 0.1504 -0.6499
v 0.3716 0.1409 -0.6467
v 0.3725 0.1173 -0.6408
v 0.3662 0.0984 -0.6416
v 0.3570 0.0882 -0.6409
v 0.3391 0.0775 -0.6413
v 0.3152 0.0793 -0.6518
v 0.3029 0.0865 -0.6489
v 0.2958 0.0961 -0.6521
v 0.3458 0.1764 -0.6781
v 0.3611 0.1670 -0.6584
v 0.3663 0.1589 -0.6602
v 0.3734 0.1296 -0.6518
v 0.3699 0.1056 -0.6427
v 0.3577 0.0876 -0.6485
v 0.3495 0.0817 -0.6485
v 0.3397 0.0768 -0.6490
v 0.3261 0.0768 -0.6511
v 0.3044 0.0855 -0.6563
v 0.2970 0.0947 -0.6595
v 0.2899 0.1087 -0.6668
v 0.2859 0.1346 -0.6736
v 0.2868 0.1484 -0.6728
v 0.2903 0.1578 -0.6808
v 0.2972 0.1687 -0.6811
v 0.0446 0.3409 0.4600
v 0.0774 0.2867 0.4678
v 0.0859 0.2684 0.4615
v 0.0932 0.2550 0.4540
v 0.1213 0.2346 0.4539
v 0.1488 0.2309 0.4517
v 0.1533 0.2570 0.4708
v 0.1991 0.4190 0.4912
v 0.3174 0.1803 -0.6882
v 0.3283 0.1827 -0.6844
v 0.3382 0.1802 -0.6756
v 0.3704 0.1467 -0.6693
v 0.3722 0.1393 -0.6576
v 0.3729 0.1156 -0.6522
v 0.3699 0.1048 -0.6503
v 0.3647 0.0953 -0.6490
v 0.3589 0.0898 -0.6565
v 0.3492 0.0825 -0.6567
v 0.3394 0.0774 -0.6572
v 0.3261 0.0784 -0.6594
v 0.3171 0.0813 -0.6631
v 0.3067 0.0859 -0.6638
v 0.2991 0.0942 -0.6669
v 0.2929 0.1044 -0.6702
v 0.2876 0.1217 -0.6748
v 0.2889 0.1451 -0.6866
v 0.3613 0.1651 -0.6728
v 0.3672 0.1561 -0.6699
v 0.3720 0.1372 -0.6668
v 0.3726 0.1269 -0.6627
v 0.3718 0.1165 -0.6605
v 0.3683 0.1050 -0.6586
v 0.3633 0.0951 -0.6571
v 0.3493 0.0853 -0.6649
v 0.3383 0.0804 -0.6654
v 0.3284 0.0806 -0.6674
v 0.3100 0.0883 -0.6717
v 0.3020 0.0955 -0.6745
v 0.2941 0.1069 -0.6784
v 0.2896 0.1205 -0.6822
v 0.2892 0.1313 -0.6869
v 0.2932 0.1542 -0.6958
v 0.2985 0.1666 -0.6919
v 0.3403 0.1790 -0.6901
v 0.3566 0.1683 -0.6822
v 0.3634 0.1601 -0.6798
v 0.3669 0.1521 -0.6829
v 0.3707 0.1255 -0.6705
v 0.3689 0.1149 -0.6684
v 0.3651 0.1050 -0.6669
v 0.3585 0.0934 -0.6652
v 0.3441 0.0905 -0.6769
v 0.3362 0.0852 -0.6753
v 0.3295 0.0850 -0.6761
v 0.3169 0.0899 -0.6788
v 0.3055 0.0985 -0.6825
v 0.2984 0.1074 -0.6855
v 0.2933 0.1196 -0.6892
v 0.2926 0.1429 -0.6989
v 0.3062 0.1732 -0.7062
v 0.3188 0.1807 -0.7060
v 0.3313 0.1834 -0.7035
v 0.3500 0.1729 -0.6942
v 0.3588 0.1648 -0.6960
v 0.3688 0.1440 -0.6853
v 0.3689 0.1345 -0.6852
v 0.3672 0.1245 -0.6816
v 0.3653 0.1161 -0.6771
v 0.3603 0.1065 -0.6759
v 0.3533 0.1050 -0.6841
v 0.3306 0.0948 -0.6892
v 0.3103 0.1029 -0.6916
v 0.3017 0.1094 -0.6932
v 0.2981 0.1219 -0.7013
v 0.2958 0.1309 -0.7038
v 0.2945 0.1526 -0.7043
v 0.2982 0.1633 -0.7060
v 0.3428 0.1797 -0.7087
v 0.3628 0.1587 -0.6949
v 0.3674 0.1479 -0.6974
v 0.0333 0.3711 0.4672
v 0.1045 0.2540 0.4615
v 0.1220 0.2440 0.4614
v 0.1288 0.2622 0.4778
v 0.1718 0.2824 0.4747
v 0.1781 0.3034 0.4792
v 0.1848 0.3261 0.4785
v 0.3621 0.1170 -0.6858
v 0.3630 0.1234 -0.6951
v 0.3564 0.1162 -0.6987
v 0.3478 0.1068 -0.6936
v 0.3392 0.1009 -0.6933
v 0.3206 0.1034 -0.6968
v 0.3054 0.1125 -0.7009
v 0.2955 0.1417 -0.7096
v 0.2956 0.1510 -0.7116
v 0.2973 0.1616 -0.7137
v 0.3048 0.1723 -0.7149
v 0.3160 0.1796 -0.7151
v 0.3221 0.1824 -0.7145
v 0.3326 0.1840 -0.7132
v 0.3528 0.1720 -0.7074
v 0.3610 0.1630 -0.7091
v 0.3650 0.1561 -0.7093
v 0.3676 0.1415 -0.6998
v 0.3652 0.1309 -0.7033
v 0.3633 0.1271 -0.7056
v 0.3459 0.1099 -0.7025
v 0.3351 0.1065 -0.7033
v 0.3202 0.1101 -0.7063
v 0.3094 0.1158 -0.7091
v 0.3031 0.1248 -0.7146
v 0.2995 0.1296 -0.7141
v 0.2968 0.1401 -0.7169
v 0.2959 0.1494 -0.7192
v 0.2970 0.1614 -0.7222
v 0.3028 0.1719 -0.7231
v 0.3136 0.1799 -0.7233
v 0.3271 0.1857 -0.7225
v 0.3339 0.1867 -0.7217
v 0.3457 0.1824 -0.7187
v 0.3553 0.1727 -0.7150
v 0.3674 0.1501 -0.7082
v 0.3621 0.1258 -0.7117
v 0.3538 0.1189 -0.7169
v 0.3450 0.1118 -0.7110
v 0.3338 0.1118 -0.7163
v 0.3229 0.1135 -0.7147
v 0.3125 0.1183 -0.7173
v 0.3023 0.1290 -0.7214
v 0.2981 0.1388 -0.7244
v 0.2959 0.1471 -0.7313
v 0.2954 0.1579 -0.7299
v 0.2964 0.1628 -0.7301
v 0.3001 0.1726 -0.7319
v 0.3101 0.1816 -0.7327
v 0.3251 0.1898 -0.7319
v 0.3353 0.1935 -0.7321
v 0.3449 0.1892 -0.7286
v 0.3536 0.1857 -0.7312
v 0.3607 0.1774 -0.7284
v 0.3639 0.1650 -0.7199
v 0.3675 0.1551 -0.7172
v 0.3687 0.1487 -0.7156
v 0.3677 0.1383 -0.7134
v 0.3671 0.1347 -0.7208
v 0.3590 0.1244 -0.7306
v 0.3439 0.1142 -0.7195
v 0.3252 0.1176 -0.7297
v 0.3170 0.1206 -0.7290
v 0.3072 0.1265 -0.7280
v 0.2990 0.1369 -0.7318
v 0.2926 0.1648 -0.7455
v 0.2976 0.1733 -0.7403
v 0.3042 0.1829 -0.7416
v 0.3267 0.2031 -0.7498
v 0.3691 0.1671 -0.7311
v 0.3698 0.1544 -0.7247
v 0.3715 0.1458 -0.7293
v 0.3540 0.1205 -0.7325
v 0.3433 0.1156 -0.7280
v 0.3357 0.1158 -0.7291
v 0.3111 0.1262 -0.7419
v 0.3017 0.1341 -0.7385
v 0.2950 0.1446 -0.7421
v 0.2922 0.1546 -0.7447
v 0.2937 0.1744 -0.7492
v 0.2983 0.1838 -0.7507
v 0.3062 0.1912 -0.7511
v 0.0714 0.3109 0.4808
v 0.1154 0.2581 0.4715
v 0.1589 0.2783 0.4851
v 0.3369 0.2064 -0.7497
v 0.3472 0.2012 -0.7457
v 0.3636 0.1946 -0.7501
v 0.3700 0.1845 -0.7459
v 0.3725 0.1561 -0.7326
v 0.3681 0.1336 -0.7361
v 0.3432 0.1163 -0.7361
v 0.3412 0.1173 -0.7468
v 0.3225 0.1206 -0.7437
v 0.3028 0.1326 -0.7460
v 0.2944 0.1426 -0.7512
v 0.2912 0.1520 -0.7523
v 0.2888 0.1636 -0.7555
v 0.2890 0.1741 -0.7578
v 0.2878 0.1878 -0.7676
v 0.2981 0.1949 -0.7613
v 0.3064 0.2005 -0.7607
v 0.3160 0.2056 -0.7606
v 0.3253 0.2117 -0.7600
v 0.3379 0.2140 -0.7586
v 0.3483 0.2096 -0.7561
v 0.3568 0.2038 -0.7543
v 0.3747 0.1767 -0.7446
v 0.3771 0.1661 -0.7432
v 0.3762 0.1547 -0.7395
v 0.3736 0.1443 -0.7376
v 0.3697 0.1337 -0.7438
v 0.3612 0.1244 -0.7497
v 0.3535 0.1199 -0.7432
v 0.3124 0.1254 -0.7507
v 0.3036 0.1292 -0.7586
v 0.2848 0.1580 -0.7687
v 0.2846 0.1756 -0.7666
v 0.2913 0.1977 -0.7704
v 0.2986 0.2052 -0.7708
v 0.3128 0.2110 -0.7699
v 0.3280 0.2185 -0.7691
v 0.3389 0.2199 -0.7674
v 0.3496 0.2140 -0.7648
v 0.3679 0.1989 -0.7583
v 0.3743 0.1893 -0.7553
v 0.3787 0.1771 -0.7519
v 0.3791 0.1533 -0.7467
v 0.3755 0.1427 -0.7448
v 0.3847 0.1499 -0.7590
v 0.3759 0.1384 -0.7517
v 0.3680 0.1277 -0.7570
v 0.3540 0.1188 -0.7557
v 0.3250 0.1200 -0.7549
v 0.3137 0.1241 -0.7582
v 0.2889 0.1463 -0.7672
v 0.2781 0.1698 -0.7811
v 0.2805 0.1782 -0.7753
v 0.2825 0.1893 -0.7774
v 0.2860 0.1991 -0.7790
v 0.2938 0.2075 -0.7797
v 0.3001 0.2117 -0.7796
v 0.3105 0.2163 -0.7793
v 0.3206 0.2194 -0.7783
v 0.3295 0.2223 -0.7773
v 0.3397 0.2221 -0.7756
v 0.3508 0.2174 -0.7729
v 0.3612 0.2106 -0.7698
v 0.3713 0.2017 -0.7663
v 0.3794 0.1888 -0.7619
v 0.3865 0.1757 -0.7646
v 0.3870 0.1617 -0.7612
v 0.3824 0.1432 -0.7597
v 0.3793 0.1348 -0.7654
v 0.3434 0.1151 -0.7655
v 0.3173 0.1206 -0.7676
v 0.3047 0.1258 -0.7681
v 0.2949 0.1326 -0.7717
v 0.2864 0.1401 -0.7811
v 0.2818 0.1530 -0.7785
v 0.2776 0.1793 -0.7839
v 0.2801 0.1895 -0.7857
v 0.2851 0.1989 -0.7870
v 0.2923 0.2073 -0.7877
v 0.2996 0.2125 -0.7877
v 0.0757 0.3195 0.4970
v 0.0852 0.2883 0.4800
v 0.0890 0.2823 0.4771
v 0.1077 0.2838 0.4917
v 0.1666 0.2890 0.4858
v 0.3203 0.2202 -0.7862
v 0.3303 0.2226 -0.7852
v 0.3408 0.2217 -0.7833
v 0.3526 0.2169 -0.7806
v 0.3651 0.2088 -0.7767
v 0.3735 0.2018 -0.7739
v 0.3822 0.1903 -0.7706
v 0.3837 0.1386 -0.7704
v 0.3719 0.1229 -0.7775
v 0.3553 0.1174 -0.7668
v 0.3056 0.1210 -0.7803
v 0.2939 0.1290 -0.7802
v 0.2784 0.1564 -0.7867
v 0.2767 0.1672 -0.7893
v 0.2781 0.1779 -0.7913
v 0.2816 0.1876 -0.7930
v 0.2864 0.1974 -0.7943
v 0.2930 0.2060 -0.7952
v 0.2998 0.2128 -0.7956
v 0.3111 0.2174 -0.7949
v 0.3306 0.2249 -0.7935
v 0.3421 0.2260 -0.7920
v 0.3503 0.2213 -0.7897
v 0.3587 0.2147 -0.7869
v 0.3668 0.2076 -0.7841
v 0.3747 0.2000 -0.7812
v 0.3888 0.1756 -0.7739
v 0.3906 0.1598 -0.7700
v 0.3883 0.1488 -0.7695
v 0.3825 0.1323 -0.7811
v 0.3451 0.1121 -0.7822
v 0.3169 0.1163 -0.7842
v 0.2856 0.1372 -0.7893
v 0.2805 0.1465 -0.7920
v 0.2778 0.1563 -0.7946
v 0.2785 0.1656 -0.7965
v 0.2804 0.1764 -0.7986
v 0.2824 0.1871 -0.8006
v 0.2843 0.1976 -0.8026
v 0.2821 0.2079 -0.8131
v 0.2937 0.2169 -0.8054
v 0.3035 0.2238 -0.8053
v 0.3139 0.2308 -0.8055
v 0.3326 0.2378 -0.8039
v 0.3432 0.2366 -0.8020
v 0.3542 0.2275 -0.7983
v 0.3627 0.2180 -0.7949
v 0.3697 0.2093 -0.7919
v 0.3743 0.2023 -0.7897
v 0.3795 0.1931 -0.7869
v 0.3897 0.1726 -0.7802
v 0.3914 0.1584 -0.7774
v 0.3575 0.1146 -0.7809
v 0.3066 0.1183 -0.7897
v 0.2974 0.1225 -0.7921
v 0.2892 0.1301 -0.7950
v 0.2859 0.1352 -0.7966
v 0.2823 0.1453 -0.7994
v 0.2812 0.1570 -0.8021
v 0.2806 0.1641 -0.8037
v 0.2794 0.1746 -0.8062
v 0.2788 0.1852 -0.8087
v 0.2795 0.1959 -0.8109
v 0.2863 0.2193 -0.8150
v 0.2930 0.2283 -0.8159
v 0.3038 0.2364 -0.8159
v 0.3196 0.2429 -0.8150
v 0.3308 0.2459 -0.8139
v 0.3442 0.2422 -0.8110
v 0.3569 0.2320 -0.8070
v 0.3672 0.2204 -0.8026
v 0.3732 0.2118 -0.7998
v 0.3778 0.2022 -0.7970
v 0.3833 0.1920 -0.7973
v 0.3855 0.1821 -0.7914
v 0.3890 0.1679 -0.7880
v 0.0420 0.3644 0.4815
v 0.0602 0.3471 0.4950
v 0.1448 0.2793 0.4914
v 0.1603 0.2892 0.4934
v 0.1639 0.2941 0.4931
v 0.1739 0.3254 0.4998
v 0.1801 0.3491 0.5030
v 0.3912 0.1562 -0.7849
v 0.3901 0.1460 -0.7828
v 0.3763 0.1260 -0.7885
v 0.3674 0.1193 -0.7883
v 0.3574 0.1147 -0.7889
v 0.3466 0.1119 -0.7899
v 0.3341 0.1126 -0.7921
v 0.3183 0.1144 -0.7950
v 0.3080 0.1171 -0.7971
v 0.2991 0.1216 -0.7995
v 0.2906 0.1328 -0.8037
v 0.2853 0.1448 -0.8067
v 0.2828 0.1523 -0.8132
v 0.2790 0.1656 -0.8123
v 0.2765 0.1809 -0.8158
v 0.2775 0.1973 -0.8193
v 0.2807 0.2092 -0.8215
v 0.2852 0.2192 -0.8230
v 0.2920 0.2277 -0.8238
v 0.3023 0.2346 -0.8237
v 0.3136 0.2406 -0.8233
v 0.3277 0.2460 -0.8223
v 0.3450 0.2432 -0.8189
v 0.3559 0.2358 -0.8156
v 0.3674 0.2249 -0.8116
v 0.3756 0.2134 -0.8077
v 0.3815 0.2022 -0.8043
v 0.3874 0.1792 -0.7977
v 0.3888 0.1651 -0.7951
v 0.3883 0.1544 -0.7928
v 0.3863 0.1409 -0.7896
v 0.3809 0.1312 -0.7889
v 0.3575 0.2293 -0.8219
v 0.3683 0.2226 -0.8188
v 0.3793 0.2101 -0.8143
v 0.3838 0.2026 -0.8120
v 0.3882 0.1876 -0.8080
v 0.3900 0.1730 -0.8046
v 0.3902 0.1658 -0.8102
v 0.3877 0.1532 -0.8013
v 0.3832 0.1417 -0.7987
v 0.3771 0.1318 -0.7975
v 0.3680 0.1237 -0.7971
v 0.3565 0.1164 -0.7973
v 0.3460 0.1127 -0.7981
v 0.3352 0.1133 -0.8000
v 0.3244 0.1148 -0.8020
v 0.3133 0.1190 -0.8046
v 0.3024 0.1261 -0.8084
v 0.2935 0.1354 -0.8113
v 0.2886 0.1424 -0.8214
v 0.2782 0.1690 -0.8210
v 0.2784 0.1819 -0.8238
v 0.2807 0.1924 -0.8258
v 0.3844 0.1995 -0.8191
v 0.3886 0.1847 -0.8152
v 0.3828 0.1402 -0.8064
v 0.3767 0.1327 -0.8049
v 0.3651 0.1245 -0.8057
v 0.3541 0.1203 -0.8065
v 0.3443 0.1177 -0.8074
v 0.3362 0.1199 -0.8092
v 0.3255 0.1214 -0.8112
v 0.3153 0.1227 -0.8131
v 0.2963 0.1326 -0.8181
v 0.2840 0.1519 -0.8243
v 0.3886 0.1601 -0.8177
v 0.3867 0.1491 -0.8156
v 0.3804 0.1384 -0.8143
v 0.3688 0.1269 -0.8136
v 0.3586 0.1219 -0.8140
v 0.3483 0.1191 -0.8150
v 0.3373 0.1210 -0.8171
v 0.3286 0.1214 -0.8186
v 0.3175 0.1230 -0.8207
v 0.3072 0.1266 -0.8231
v 0.2988 0.1333 -0.8258
v 0.3432 0.1216 -0.8243
v 0.3321 0.1239 -0.8265
v 0.3223 0.1281 -0.8289
v 0.0111 -0.6889 -0.1759
v 0.0027 -0.6955 -0.1739
v -0.0094 -0.6977 -0.1732
v -0.0338 -0.6612 -0.1917
v -0.0231 -0.6677 -0.1939
v -0.0102 -0.6703 -0.1869
v -0.0019 -0.6770 -0.1875
v 0.0064 -0.6844 -0.1852
v 0.0111 -0.6936 -0.1825
v 0.0063 -0.7019 -0.1800
v -0.0013 -0.7027 -0.1797
v -0.0362 -0.6653 -0.1991
v -0.0048 -0.6825 -0.1948
v 0.0032 -0.6886 -0.1928
v 0.0109 -0.6967 -0.1895
v 0.0111 -0.7074 -0.1863
v 0.0314 -0.7598 -0.1788
v -0.0501 -0.6709 -0.2089
v 0.0827 0.3074 0.4955
v 0.1213 0.2780 0.4926
v 0.1297 0.2844 0.4983
v 0.1558 0.2852 0.4929
v 0.1616 0.3000 0.5006
v 0.1674 0.3102 0.5005
v -0.0389 -0.6706 -0.2055
v -0.0265 -0.6769 -0.2084
v 0.0093 -0.6999 -0.1965
v 0.0103 -0.7091 -0.1937
v 0.0130 -0.7310 -0.1861
v -0.0374 -0.6799 -0.2166
v -0.0125 -0.6867 -0.2089
v 0.0010 -0.7028 -0.2114
v 0.0079 -0.7031 -0.2036
v 0.0144 -0.7156 -0.1999
v 0.0166 -0.7228 -0.1980
v -0.0684 -0.6837 -0.2174
v -0.0601 -0.6810 -0.2180
v -0.0493 -0.6797 -0.2187
v -0.0218 -0.6927 -0.2228
v 0.0130 -0.7150 -0.2080
v 0.0191 -0.7234 -0.2055
v 0.0226 -0.7298 -0.2036
v 0.0308 -0.7403 -0.2004
v 0.0365 -0.7536 -0.1965
v 0.0391 -0.7623 -0.1961
v -0.0652 -0.6910 -0.2273
v -0.0596 -0.6859 -0.2245
v -0.0497 -0.6900 -0.2304
v 0.0124 -0.7189 -0.2146
v 0.0184 -0.7261 -0.2127
v 0.0238 -0.7328 -0.2120
v 0.0311 -0.7432 -0.2075
v 0.0359 -0.7527 -0.2058
v -0.0892 -0.7339 -0.2307
v -0.0736 -0.7002 -0.2292
v -0.0368 -0.6933 -0.2306
v -0.0115 -0.7299 -0.2514
v -0.0020 -0.7282 -0.2411
v 0.0080 -0.7246 -0.2271
v 0.0294 -0.7474 -0.2186
v -0.0801 -0.7144 -0.2343
v -0.0600 -0.6994 -0.2390
v -0.0477 -0.6975 -0.2369
v -0.0361 -0.7023 -0.2399
v 0.0210 -0.7401 -0.2258
v 0.0335 -0.7589 -0.2188
v 0.0368 -0.7818 -0.2148
v -0.0786 -0.7762 -0.2221
v -0.0824 -0.7691 -0.2355
v -0.0828 -0.7287 -0.2410
v -0.0671 -0.7122 -0.2455
v -0.0480 -0.7066 -0.2465
v -0.0236 -0.7159 -0.2468
v 0.0125 -0.7370 -0.2333
v 0.0182 -0.7467 -0.2355
v 0.0261 -0.7540 -0.2302
v 0.0318 -0.7633 -0.2282
v 0.0356 -0.7727 -0.2227
v 0.0351 -0.7959 -0.2229
v 0.0930 0.3108 0.5092
v 0.1171 0.2951 0.5074
v 0.1535 0.2922 0.5002
v 0.1546 0.3018 0.5077
v 0.1646 0.3149 0.5081
v -0.0846 -0.7497 -0.2436
v -0.0833 -0.7409 -0.2454
v -0.0735 -0.7220 -0.2468
v -0.0562 -0.7094 -0.2493
v -0.0350 -0.7115 -0.2490
v 0.0110 -0.7409 -0.2401
v 0.0338 -0.7761 -0.2297
v 0.0355 -0.7856 -0.2269
v -0.0764 -0.7793 -0.2364
v -0.0826 -0.7610 -0.2460
v -0.0759 -0.7346 -0.2525
v -0.0629 -0.7202 -0.2541
v -0.0520 -0.7169 -0.2552
v -0.0479 -0.7210 -0.2581
v -0.0339 -0.7175 -0.2560
v 0.0078 -0.7454 -0.2470
v 0.0196 -0.7645 -0.2501
v 0.0267 -0.7725 -0.2454
v 0.0315 -0.7817 -0.2412
v 0.0335 -0.7886 -0.2367
v 0.0336 -0.8014 -0.2406
v -0.0728 -0.7834 -0.2498
v -0.0781 -0.7729 -0.2505
v -0.0801 -0.7512 -0.2528
v -0.0771 -0.7479 -0.2570
v -0.0685 -0.7321 -0.2586
v -0.0607 -0.7241 -0.2620
v -0.0329 -0.7251 -0.2619
v -0.0013 -0.7465 -0.2591
v 0.0087 -0.7529 -0.2539
v 0.0298 -0.8583 -0.2337
v -0.0766 -0.7645 -0.2610
v -0.0685 -0.7411 -0.2637
v -0.0631 -0.7317 -0.2686
v -0.0428 -0.7307 -0.2676
v -0.0323 -0.7327 -0.2672
v -0.0201 -0.7435 -0.2705
v -0.0104 -0.7442 -0.2653
v 0.0298 -0.7880 -0.2581
v 0.0329 -0.7971 -0.2500
v 0.0310 -0.8327 -0.2458
v -0.0711 -0.7856 -0.2606
v -0.0747 -0.7755 -0.2614
v -0.0709 -0.7537 -0.2680
v -0.0692 -0.7419 -0.2754
v -0.0532 -0.7380 -0.2731
v -0.0433 -0.7502 -0.2841
v -0.0312 -0.7469 -0.2790
v 0.0065 -0.7601 -0.2665
v 0.0182 -0.7720 -0.2659
v 0.0234 -0.7817 -0.2716
v 0.0336 -0.8136 -0.2544
v 0.0863 0.3147 0.5070
v 0.1036 0.3087 0.5142
v 0.1279 0.3143 0.5248
v 0.1572 0.3163 0.5180
v 0.0274 -0.8727 -0.2330
v -0.0717 -0.7779 -0.2703
v -0.0711 -0.7669 -0.2720
v -0.0668 -0.7573 -0.2747
v -0.0616 -0.7477 -0.2794
v -0.0189 -0.7589 -0.2877
v -0.0049 -0.7579 -0.2762
v 0.0326 -0.8054 -0.2738
v 0.0290 -0.8763 -0.2411
v 0.0239 -0.8893 -0.2439
v -0.0673 -0.7712 -0.2807
v -0.0628 -0.7612 -0.2814
v -0.0545 -0.7531 -0.2846
v -0.0073 -0.7617 -0.2840
v 0.0140 -0.7770 -0.2843
v 0.0284 -0.7973 -0.2882
v 0.0350 -0.8199 -0.2753
v 0.0348 -0.8351 -0.2776
v 0.0316 -0.8530 -0.2618
v 0.0324 -0.8712 -0.2643
v 0.0242 -0.8935 -0.2555
v -0.0659 -0.7841 -0.2864
v -0.0593 -0.7651 -0.2881
v -0.0477 -0.7582 -0.2910
v -0.0365 -0.7686 -0.3028
v -0.0279 -0.7681 -0.3016
v 0.0227 -0.7888 -0.2899
v 0.0302 -0.8839 -0.2611
v -0.0588 -0.7790 -0.2965
v -0.0508 -0.7716 -0.3019
v -0.0515 -0.7655 -0.2963
v -0.0179 -0.7700 -0.3017
v 0.0044 -0.7751 -0.2936
v 0.0333 -0.8117 -0.2970
v 0.0303 -0.8846 -0.2741
v 0.0261 -0.8935 -0.2664
v -0.0639 -0.8009 -0.2938
v -0.0625 -0.7898 -0.2969
v -0.0063 -0.7747 -0.3017
v 0.0039 -0.7785 -0.3006
v 0.0120 -0.7862 -0.3044
v 0.1483 0.3119 0.5192
v 0.0329 -0.8622 -0.2826
v -0.0633 -0.8146 -0.2958
v -0.0632 -0.8031 -0.3011
v -0.0593 -0.7939 -0.3051
v -0.0550 -0.7843 -0.3062
v -0.0471 -0.7759 -0.3092
v -0.0302 -0.7742 -0.3104
v -0.0175 -0.7787 -0.3119
v -0.0057 -0.7850 -0.3160
v 0.0029 -0.7854 -0.3111
v 0.0216 -0.7966 -0.3095
v 0.0356 -0.8250 -0.2990
v 0.0365 -0.8405 -0.3037
v 0.0293 -0.8902 -0.2848
v -0.0609 -0.8308 -0.3009
v -0.0643 -0.8160 -0.3053
v -0.0623 -0.8056 -0.3083
v -0.0537 -0.7868 -0.3137
v -0.0445 -0.7805 -0.3158
v -0.0298 -0.7806 -0.3171
v 0.0271 -0.8060 -0.3123
v 0.0325 -0.8146 -0.3059
v 0.0346 -0.8604 -0.3019
v 0.0321 -0.8784 -0.2900
v -0.0658 -0.8234 -0.3110
v -0.0655 -0.8179 -0.3138
v -0.0624 -0.8105 -0.3220
v -0.0580 -0.7985 -0.3181
v -0.0522 -0.7898 -0.3209
v -0.0408 -0.7890 -0.3277
v 0.0010 -0.7954 -0.3293
v 0.0204 -0.8016 -0.3202
v 0.0324 -0.8167 -0.3132
v 0.0360 -0.8275 -0.3100
v 0.0363 -0.8451 -0.3175
v 0.0305 -0.8831 -0.3159
v 0.0255 -0.8960 -0.3159
v -0.0672 -0.8262 -0.3181
v -0.0560 -0.8032 -0.3317
v -0.0504 -0.7943 -0.3289
v -0.0260 -0.7994 -0.3428
v 0.0104 -0.8015 -0.3330
v 0.0261 -0.8114 -0.3266
v 0.0315 -0.8199 -0.3202
v 0.0349 -0.8312 -0.3192
v 0.0202 -0.9031 -0.3073
v -0.0664 -0.8442 -0.3207
v -0.0689 -0.8320 -0.3244
v -0.0665 -0.8216 -0.3275
v -0.0622 -0.8124 -0.3302
v -0.0387 -0.7971 -0.3393
v 0.0196 -0.8085 -0.3345
v 0.0303 -0.8266 -0.3390
v 0.1161 0.3134 0.5237
v 0.0350 -0.8583 -0.3168
v -0.0664 -0.8509 -0.3266
v -0.0701 -0.8424 -0.3293
v -0.0701 -0.8338 -0.3318
v -0.0671 -0.8245 -0.3372
v -0.0563 -0.8106 -0.3457
v -0.0484 -0.8011 -0.3418
v 0.0089 -0.8082 -0.3445
v 0.0254 -0.8157 -0.3374
v 0.0344 -0.8376 -0.3327
v 0.0339 -0.8511 -0.3345
v 0.0321 -0.8709 -0.3280
v 0.0177 -0.9045 -0.3216
v 0.0085 -0.9094 -0.3173
v -0.0623 -0.8639 -0.3314
v -0.0688 -0.8537 -0.3338
v -0.0714 -0.8442 -0.3367
v -0.0695 -0.8329 -0.3400
v -0.0348 -0.8030 -0.3490
v -0.0052 -0.8102 -0.3557
v 0.0185 -0.8139 -0.3459
v 0.0235 -0.8207 -0.3489
v 0.0249 -0.8918 -0.3482
v 0.0226 -0.8993 -0.3332
v 0.0069 -0.9113 -0.3332
v -0.0649 -0.8750 -0.3453
v -0.0717 -0.8570 -0.3444
v -0.0726 -0.8473 -0.3487
v -0.0708 -0.8379 -0.3465
v -0.0662 -0.8303 -0.3521
v -0.0550 -0.8187 -0.3585
v -0.0449 -0.8105 -0.3570
v -0.0286 -0.8079 -0.3551
v 0.0116 -0.8162 -0.3560
v 0.0284 -0.8318 -0.3520
v 0.0323 -0.8561 -0.3472
v 0.0175 -0.9047 -0.3416
v -0.0131 -0.9198 -0.3508
v -0.0508 -0.8901 -0.3390
v -0.0693 -0.8706 -0.3518
v -0.0690 -0.8408 -0.3591
v -0.0043 -0.8194 -0.3683
v 0.0210 -0.8259 -0.3603
v 0.0304 -0.8473 -0.3587
v -0.0219 -0.9193 -0.3454
v -0.0602 -0.8862 -0.3482
v -0.0731 -0.8625 -0.3606
v -0.0729 -0.8513 -0.3620
v -0.0598 -0.8305 -0.3704
v -0.0527 -0.8219 -0.3672
v -0.0427 -0.8173 -0.3687
v -0.0274 -0.8176 -0.3695
v 0.0090 -0.8224 -0.3676
v 0.0261 -0.8370 -0.3629
v 0.0296 -0.8618 -0.3600
v 0.0169 -0.9056 -0.3657
v -0.0060 -0.9183 -0.3508
v -0.0439 -0.9128 -0.3483
v -0.0520 -0.9032 -0.3512
v -0.0626 -0.8903 -0.3573
v -0.0680 -0.8818 -0.3607
v -0.0715 -0.8746 -0.3641
v -0.0689 -0.8462 -0.3731
v -0.0509 -0.8282 -0.3810
v -0.0416 -0.8209 -0.3755
v 0.0064 -0.8250 -0.3744
v 0.0187 -0.8320 -0.3739
v 0.0253 -0.8404 -0.3740
v 0.0287 -0.8527 -0.3738
v 0.0291 -0.8656 -0.3706
v 0.0033 -0.9164 -0.3643
v -0.0344 -0.9196 -0.3541
v -0.0442 -0.9177 -0.3621
v -0.0571 -0.9045 -0.3643
v -0.0733 -0.8657 -0.3724
v -0.0715 -0.8559 -0.3781
v -0.0621 -0.8390 -0.3788
v -0.0386 -0.8257 -0.3831
v -0.0251 -0.8334 -0.3973
v -0.0083 -0.8362 -0.3984
v 0.0052 -0.8326 -0.3868
v 0.0215 -0.8971 -0.3681
v 0.0122 -0.9105 -0.3649
v -0.0118 -0.9259 -0.3837
v -0.0236 -0.9257 -0.3783
v -0.0343 -0.9226 -0.3690
v -0.0530 -0.9118 -0.3686
v -0.0641 -0.8977 -0.3737
v -0.0689 -0.8877 -0.3755
v -0.0717 -0.8796 -0.3792
v -0.0594 -0.8396 -0.3868
v -0.0498 -0.8325 -0.3905
v 0.0140 -0.8426 -0.3948
v 0.0217 -0.8483 -0.3894
v 0.0103 -0.9183 -0.4099
v -0.0727 -0.8699 -0.3848
v -0.0704 -0.8631 -0.3903
v -0.0628 -0.8618 -0.4124
v -0.0353 -0.8422 -0.4156
v 0.0165 -0.9080 -0.4036
v -0.0537 -0.9165 -0.3822
v -0.0586 -0.9120 -0.3891
v -0.0641 -0.9036 -0.3963
v -0.0681 -0.8942 -0.3964
v -0.0708 -0.8833 -0.3926
v -0.0707 -0.8718 -0.3943
v -0.0472 -0.8403 -0.4064
v 0.0240 -0.8751 -0.4037
v 0.0166 -0.9061 -0.4141
v 0.0222 -0.8865 -0.4026
v -0.0342 -0.9281 -0.3915
v -0.0444 -0.9290 -0.4048
v -0.0567 -0.8505 -0.4087
v -0.0236 -0.8440 -0.4194
v 0.0008 -0.8504 -0.4209
v 0.0186 -0.8554 -0.4052
v 0.0231 -0.8666 -0.4053
v 0.0010 -0.9238 -0.3968
v -0.0669 -0.8893 -0.4161
v -0.0653 -0.8760 -0.4193
v -0.0459 -0.8464 -0.4205
v -0.0087 -0.8473 -0.4207
v 0.0137 -0.8645 -0.4243
v -0.0088 -0.9318 -0.4124
v -0.0532 -0.9226 -0.4074
v -0.0546 -0.8545 -0.4212
v -0.0335 -0.8475 -0.4297
v 0.0051 -0.8598 -0.4315
v 0.0197 -0.8741 -0.4171
v 0.0154 -0.8972 -0.4391
v -0.0221 -0.9330 -0.4074
v -0.0336 -0.9330 -0.4090
v -0.0566 -0.9188 -0.4203
v -0.0631 -0.9052 -0.4237
v -0.0591 -0.8684 -0.4296
v -0.0525 -0.8602 -0.4355
v -0.0445 -0.8547 -0.4409
v 0.0134 -0.9125 -0.4294
v 0.0101 -0.9201 -0.4178
v 0.0015 -0.9280 -0.4167
v -0.0220 -0.9388 -0.4275
v -0.0630 -0.8944 -0.4344
v -0.0613 -0.8842 -0.4380
v -0.0287 -0.8525 -0.4411
v -0.0000 -0.8609 -0.4411
v 0.0065 -0.9242 -0.4245
v -0.0346 -0.9391 -0.4356
v -0.0425 -0.9362 -0.4401
v -0.0111 -0.8586 -0.4482
v 0.0025 -0.8661 -0.4472
v 0.0107 -0.8729 -0.4408
v 0.0149 -0.8848 -0.4435
v 0.0055 -0.9269 -0.4372
v -0.0511 -0.9274 -0.4349
v -0.0341 -0.8598 -0.4611
v -0.0226 -0.8570 -0.4526
v 0.0123 -0.9131 -0.4406
v -0.0014 -0.9361 -0.4458
v -0.0125 -0.9447 -0.4555
v -0.0511 -0.9269 -0.4525
v -0.0574 -0.9128 -0.4524
v -0.0571 -0.8906 -0.4638
v -0.0551 -0.8782 -0.4575
v -0.0434 -0.8632 -0.4638
v -0.0218 -0.8611 -0.4613
v -0.0017 -0.8710 -0.4625
v 0.0084 -0.8788 -0.4540
v 0.0122 -0.8903 -0.4541
v 0.0063 -0.9275 -0.4502
v -0.0239 -0.9447 -0.4498
v -0.0579 -0.9033 -0.4660
v -0.0493 -0.8730 -0.4744
v -0.0115 -0.8660 -0.4657
v 0.0063 -0.8838 -0.4671
v 0.0113 -0.9033 -0.4580
v 0.0102 -0.9158 -0.4519
v -0.0330 -0.9446 -0.4571
v -0.0552 -0.9164 -0.4651
v -0.0336 -0.8648 -0.4784
v -0.0229 -0.8664 -0.4793
v -0.0112 -0.8689 -0.4748
v 0.0108 -0.8963 -0.4695
v 0.0090 -0.9110 -0.4776
v 0.0074 -0.9220 -0.4758
v 0.0055 -0.9314 -0.4623
v -0.0019 -0.9409 -0.4665
v -0.0222 -0.9537 -0.4828
v -0.0410 -0.9409 -0.4686
v -0.0542 -0.8848 -0.4800
v -0.0429 -0.8708 -0.4877
v -0.0016 -0.8793 -0.4835
v 0.0045 -0.8903 -0.4862
v 0.0033 -0.9387 -0.4928
v -0.0483 -0.9307 -0.4740
v -0.0533 -0.9199 -0.4828
v -0.0572 -0.9068 -0.4799
v -0.0337 -0.8690 -0.4904
v -0.0227 -0.8703 -0.4884
v -0.0110 -0.8748 -0.4905
v 0.0087 -0.9013 -0.4817
v -0.0113 -0.9540 -0.4938
v -0.0573 -0.9027 -0.5050
v -0.0492 -0.8787 -0.4938
v -0.0404 -0.8732 -0.4982
v -0.0218 -0.8740 -0.5024
v -0.0022 -0.8835 -0.4972
v -0.0037 -0.9479 -0.4900
v -0.0317 -0.9514 -0.4855
v -0.0400 -0.9440 -0.4897
v -0.0506 -0.9262 -0.4996
v -0.0564 -0.9119 -0.4973
v -0.0544 -0.8904 -0.5013
v -0.0499 -0.8820 -0.5064
v -0.0340 -0.8732 -0.5034
v -0.0117 -0.8800 -0.5062
v 0.0040 -0.8952 -0.4969
v 0.0085 -0.9048 -0.4947
v -0.0384 -0.8769 -0.5102
v -0.0338 -0.8760 -0.5105
v -0.0224 -0.8779 -0.5128
v -0.0027 -0.8878 -0.5091
v 0.0044 -0.8979 -0.5067
v 0.0060 -0.9251 -0.5075
v -0.0221 -0.9568 -0.4945
v -0.0345 -0.9506 -0.4962
v -0.0556 -0.8977 -0.5261
v -0.0500 -0.8848 -0.5159
v -0.0406 -0.8790 -0.5176
v -0.0340 -0.8789 -0.5250
v -0.0116 -0.8850 -0.5238
v 0.0076 -0.9099 -0.5085
v -0.0220 -0.9592 -0.5018
v -0.0316 -0.9554 -0.5029
v -0.0390 -0.9477 -0.5080
v -0.0557 -0.9179 -0.5174
v -0.0424 -0.8802 -0.5251
v -0.0230 -0.8838 -0.5395
v -0.0028 -0.8940 -0.5280
v 0.0043 -0.9013 -0.5190
v 0.0068 -0.9128 -0.5154
v 0.0048 -0.9582 -0.5610
v -0.0115 -0.9596 -0.5117
v -0.0226 -0.9607 -0.5092
v -0.0312 -0.9585 -0.5148
v -0.0574 -0.9099 -0.5291
v -0.0504 -0.8889 -0.5305
v -0.0418 -0.8833 -0.5345
v -0.0337 -0.8825 -0.5423
v 0.0034 -0.9044 -0.5281
v -0.0223 -0.9646 -0.5227
v -0.0388 -0.9508 -0.5273
v -0.0455 -0.9413 -0.5433
v -0.0504 -0.9305 -0.5262
v -0.0560 -0.9232 -0.5357
v -0.0564 -0.9035 -0.5432
v -0.0520 -0.8903 -0.5380
v -0.0112 -0.8902 -0.5462
v -0.0026 -0.8979 -0.5430
v 0.0070 -0.9203 -0.5428
v -0.0312 -0.9597 -0.5254
v -0.0585 -0.9127 -0.5394
v -0.0523 -0.8944 -0.5514
v -0.0448 -0.8858 -0.5474
v -0.0216 -0.8863 -0.5563
v 0.0034 -0.9086 -0.5407
v 0.0059 -0.9390 -0.5421
v -0.0030 -0.9626 -0.5398
v -0.0114 -0.9659 -0.5323
v -0.0239 -0.9670 -0.5313
v -0.0370 -0.9572 -0.5414
v -0.0557 -0.9291 -0.5554
v -0.0591 -0.9170 -0.5528
v -0.0458 -0.8874 -0.5572
v -0.0338 -0.8847 -0.5557
v -0.0107 -0.8925 -0.5604
v -0.0018 -0.8994 -0.5514
v 0.0041 -0.9108 -0.5539
v -0.0137 -0.9690 -0.5387
v -0.0236 -0.9692 -0.5387
v -0.0553 -0.8995 -0.5693
v -0.0360 -0.8854 -0.5672
v -0.0020 -0.9007 -0.5606
v 0.0101 -0.9256 -0.5706
v 0.0083 -0.9320 -0.5560
v -0.0031 -0.9678 -0.5575
v -0.0114 -0.9700 -0.5464
v -0.0240 -0.9718 -0.5458
v -0.0354 -0.9623 -0.5486
v -0.0464 -0.9444 -0.5615
v -0.0615 -0.9229 -0.5708
v -0.0590 -0.9080 -0.5658
v -0.0476 -0.8899 -0.5747
v -0.0244 -0.8872 -0.5748
v -0.0129 -0.8917 -0.5703
v -0.0138 -0.9737 -0.5534
v -0.0236 -0.9740 -0.5532
v -0.0366 -0.9637 -0.5578
v -0.0569 -0.9337 -0.5693
v -0.0387 -0.8866 -0.5905
v -0.0092 -0.8943 -0.5816
v 0.0016 -0.9048 -0.5783
v -0.0134 -0.9780 -0.5678
v -0.0242 -0.9806 -0.5745
v -0.0346 -0.9690 -0.5641
v -0.0460 -0.9540 -0.5810
v -0.0629 -0.9141 -0.5851
v -0.0515 -0.8936 -0.5878
v 0.0086 -0.9164 -0.5808
v 0.0102 -0.9381 -0.5718
v 0.0123 -0.9415 -0.5791
v 0.0093 -0.9551 -0.5796
v 0.0046 -0.9646 -0.5751
v -0.0027 -0.9745 -0.5796
v -0.0396 -0.9676 -0.5790
v -0.0254 -0.8876 -0.6014
v -0.0146 -0.8911 -0.6053
v -0.0074 -0.8954 -0.5979
v 0.0010 -0.9021 -0.5926
v 0.0152 -0.9310 -0.5874
v 0.0153 -0.9416 -0.5867
v -0.0122 -0.9791 -0.5761
v -0.0342 -0.9747 -0.5769
v -0.0602 -0.9419 -0.5881
v -0.0664 -0.9299 -0.5923
v -0.0663 -0.9171 -0.5982
v -0.0611 -0.9067 -0.6031
v -0.0550 -0.8965 -0.6144
v -0.0443 -0.8892 -0.6146
v 0.0115 -0.9188 -0.5937
v 0.0140 -0.9613 -0.6016
v 0.0062 -0.9704 -0.5926
v -0.0240 -0.9871 -0.5928
v -0.0346 -0.9798 -0.5877
v -0.0403 -0.9743 -0.5914
v -0.0479 -0.9635 -0.5975
v -0.0655 -0.9432 -0.5991
v -0.0359 -0.8881 -0.6315
v -0.0053 -0.8952 -0.6161
v 0.0183 -0.9229 -0.6179
v 0.0186 -0.9335 -0.6017
v 0.0172 -0.9444 -0.5984
v -0.0134 -0.9863 -0.5947
v -0.0641 -0.9513 -0.6049
v -0.0705 -0.9362 -0.6096
v -0.0721 -0.9294 -0.6229
v -0.0634 -0.9084 -0.6166
v 0.0043 -0.9017 -0.6227
v 0.0120 -0.9111 -0.6219
v -0.0347 -0.9872 -0.6031
v -0.0411 -0.9809 -0.6029
v -0.0686 -0.9482 -0.6128
v -0.0697 -0.9205 -0.6204
v -0.0482 -0.8928 -0.6451
v -0.0265 -0.8884 -0.6263
v -0.0041 -0.8971 -0.6414
v 0.0206 -0.9374 -0.6129
v 0.0209 -0.9482 -0.6134
v 0.0180 -0.9597 -0.6118
v 0.0153 -0.9666 -0.6138
v 0.0074 -0.9754 -0.6085
v -0.0016 -0.9835 -0.6085
v -0.0135 -0.9916 -0.6115
v -0.0525 -0.9733 -0.6150
v -0.0658 -0.9555 -0.6144
v -0.0725 -0.9404 -0.6250
v -0.0690 -0.9174 -0.6336
v -0.0619 -0.9063 -0.6433
v -0.0270 -0.8896 -0.6398
v -0.0153 -0.8919 -0.6399
v 0.0087 -0.9803 -0.6282
v -0.0244 -0.9950 -0.6179
v -0.0345 -0.9908 -0.6120
v -0.0422 -0.9864 -0.6133
v -0.0606 -0.9665 -0.6191
v -0.0657 -0.9624 -0.6288
v -0.0694 -0.9512 -0.6235
v -0.0558 -0.8988 -0.6391
v -0.0366 -0.8898 -0.6466
v 0.0056 -0.9051 -0.6475
v 0.0138 -0.9136 -0.6387
v 0.0214 -0.9345 -0.6445
v 0.0221 -0.9543 -0.6360
v 0.0201 -0.9613 -0.6248
v 0.0150 -0.9718 -0.6255
v -0.0017 -0.9885 -0.6279
v -0.0114 -0.9922 -0.6194
v -0.0350 -0.9947 -0.6233
v -0.0431 -0.9900 -0.6202
v -0.0514 -0.9818 -0.6227
v -0.0608 -0.9707 -0.6254
v -0.0687 -0.9563 -0.6345
v -0.0718 -0.9444 -0.6383
v -0.0729 -0.9338 -0.6394
v -0.0705 -0.9236 -0.6448
v -0.0675 -0.9161 -0.6436
v -0.0571 -0.8995 -0.6468
v -0.0274 -0.8897 -0.6498
v 0.0193 -0.9265 -0.6474
v 0.0223 -0.9447 -0.6397
v 0.0152 -0.9741 -0.6380
v -0.0137 -0.9952 -0.6265
v -0.0437 -0.9947 -0.6332
v -0.0519 -0.9856 -0.6294
v -0.0597 -0.9756 -0.6323
v -0.0638 -0.9094 -0.6580
v -0.0577 -0.9011 -0.6561
v -0.0399 -0.8914 -0.6649
v -0.0275 -0.8912 -0.6574
v -0.0140 -0.8946 -0.6608
v 0.0140 -0.9176 -0.6558
v 0.0193 -0.9656 -0.6408
v -0.0125 -0.9971 -0.6463
v -0.0241 -0.9997 -0.6393
v -0.0350 -0.9987 -0.6390
v -0.0518 -0.9879 -0.6365
v -0.0601 -0.9771 -0.6440
v -0.0645 -0.9663 -0.6455
v -0.0683 -0.9513 -0.6531
v -0.0710 -0.9375 -0.6545
v -0.0705 -0.9263 -0.6549
v -0.0687 -0.9206 -0.6612
v -0.0520 -0.8955 -0.6721
v -0.0122 -0.8973 -0.6796
v -0.0018 -0.9013 -0.6621
v 0.0086 -0.9100 -0.6598
v 0.0190 -0.9288 -0.6543
v 0.0211 -0.9369 -0.6519
v 0.0218 -0.9475 -0.6487
v 0.0202 -0.9599 -0.6495
v 0.0128 -0.9769 -0.6500
v 0.0052 -0.9854 -0.6452
v -0.0047 -0.9927 -0.6492
v -0.0429 -0.9969 -0.6481
v -0.0516 -0.9893 -0.6480
v -0.0700 -0.9284 -0.6623
v -0.0646 -0.9118 -0.6677
v -0.0590 -0.9026 -0.6698
v -0.0431 -0.8917 -0.6788
v -0.0291 -0.8924 -0.6790
v 0.0009 -0.9046 -0.6696
v 0.0080 -0.9126 -0.6670
v 0.0136 -0.9230 -0.6659
v 0.0121 -0.9300 -0.6773
v 0.0184 -0.9497 -0.6617
v 0.0173 -0.9680 -0.6506
v 0.0132 -0.9706 -0.6607
v 0.0030 -0.9866 -0.6525
v -0.0251 -0.9999 -0.6539
v -0.0354 -0.9993 -0.6485
v -0.0578 -0.9756 -0.6588
v -0.0650 -0.9454 -0.6733
v -0.0681 -0.9408 -0.6665
v -0.0691 -0.9316 -0.6714
v -0.0670 -0.9224 -0.6770
v -0.0600 -0.9056 -0.6793
v 0.0080 -0.9148 -0.6743
v 0.0160 -0.9587 -0.6637
v 0.0064 -0.9795 -0.6628
v 0.0015 -0.9858 -0.6610
v -0.0065 -0.9924 -0.6587
v -0.0157 -0.9974 -0.6570
v -0.0358 -0.9983 -0.6569
v -0.0417 -0.9964 -0.6576
v -0.0489 -0.9880 -0.6634
v -0.0651 -0.9159 -0.6818
v -0.0547 -0.8969 -0.6874
v -0.0453 -0.8917 -0.6890
v -0.0308 -0.8921 -0.6890
v -0.0178 -0.8953 -0.6947
v -0.0104 -0.8985 -0.6915
v -0.0012 -0.9052 -0.6892
v 0.0019 -0.9079 -0.6843
v 0.0072 -0.9175 -0.6815
v 0.0140 -0.9482 -0.6724
v 0.0031 -0.9777 -0.6717
v -0.0015 -0.9840 -0.6696
v -0.0094 -0.9909 -0.6671
v -0.0191 -0.9954 -0.6657
v -0.0262 -0.9979 -0.6649
v -0.0402 -0.9948 -0.6661
v -0.0537 -0.9734 -0.6725
v -0.0571 -0.9568 -0.6824
v -0.0654 -0.9336 -0.6879
v -0.0658 -0.9248 -0.6929
v -0.0638 -0.9122 -0.6904
v -0.0569 -0.8986 -0.6948
v -0.0481 -0.8910 -0.6972
v -0.0319 -0.8910 -0.6972
v 0.0024 -0.9105 -0.6945
v 0.0077 -0.9194 -0.6889
v 0.0095 -0.9263 -0.6869
v 0.0081 -0.9290 -0.6953
v 0.0114 -0.9472 -0.6809
v 0.0098 -0.9605 -0.6770
v 0.0066 -0.9705 -0.6738
v -0.0061 -0.9802 -0.6791
v -0.0170 -0.9876 -0.6775
v -0.0276 -0.9921 -0.6754
v -0.0386 -0.9898 -0.6760
v -0.0458 -0.9811 -0.6786
v -0.0519 -0.9664 -0.6830
v -0.0602 -0.9439 -0.6941
v -0.0649 -0.9162 -0.7003
v -0.0639 -0.9103 -0.7047
v -0.0593 -0.8995 -0.7041
v -0.0502 -0.8904 -0.7054
v -0.0386 -0.8881 -0.7060
v -0.0078 -0.8980 -0.7076
v -0.0031 -0.9029 -0.7017
v 0.0072 -0.9217 -0.6962
v 0.0087 -0.9391 -0.6911
v 0.0075 -0.9506 -0.6878
v 0.0049 -0.9609 -0.6849
v -0.0000 -0.9710 -0.6820
v 0.0060 -0.9417 -0.6983
v 0.0036 -0.9508 -0.6958
v -0.0002 -0.9559 -0.6952
v -0.0114 -0.9614 -0.7001
v -0.0149 -0.9734 -0.6897
v -0.0229 -0.9780 -0.6887
v -0.0294 -0.9805 -0.6884
v -0.0433 -0.9737 -0.6887
v -0.0497 -0.9634 -0.6916
v -0.0543 -0.9542 -0.6943
v -0.0632 -0.9346 -0.7017
v -0.0654 -0.9276 -0.7022
v -0.0663 -0.9039 -0.7248
v -0.0527 -0.8891 -0.7137
v -0.0417 -0.8857 -0.7147
v -0.0314 -0.8850 -0.7205
v -0.0192 -0.8895 -0.7137
v -0.0009 -0.9034 -0.7096
v 0.0050 -0.9126 -0.7067
v 0.0067 -0.9205 -0.7045
v -0.0214 -0.9674 -0.6987
v -0.0323 -0.9682 -0.6988
v -0.0449 -0.9623 -0.7002
v -0.0554 -0.9494 -0.7047
v -0.0657 -0.9285 -0.7143
v -0.0670 -0.9201 -0.7125
v -0.0625 -0.8950 -0.7277
v -0.0553 -0.8880 -0.7219
v -0.0453 -0.8830 -0.7235
v -0.0212 -0.8846 -0.7274
v -0.0142 -0.8876 -0.7280
v -0.0059 -0.8942 -0.7257
v 0.0010 -0.9042 -0.7173
v 0.0055 -0.9144 -0.7142
v 0.0066 -0.9226 -0.7119
v 0.0062 -0.9333 -0.7087
v 0.0032 -0.9426 -0.7068
v 0.0057 -0.9326 -0.7169
v -0.0061 -0.9514 -0.7111
v -0.0216 -0.9593 -0.7085
v -0.0334 -0.9608 -0.7084
v -0.0456 -0.9578 -0.7091
v -0.0613 -0.9400 -0.7145
v -0.0679 -0.9223 -0.7197
v -0.0683 -0.9118 -0.7228
v -0.0588 -0.8877 -0.7319
v -0.0510 -0.8805 -0.7341
v -0.0425 -0.8754 -0.7407
v -0.0344 -0.8710 -0.7503
v 0.0028 -0.9051 -0.7250
v 0.0062 -0.9157 -0.7218
v 0.0068 -0.9246 -0.7192
v 0.0043 -0.9346 -0.7257
v -0.0011 -0.9447 -0.7211
v -0.0099 -0.9516 -0.7190
v -0.0234 -0.9574 -0.7182
v -0.0459 -0.9562 -0.7177
v -0.0532 -0.9510 -0.7192
v -0.0616 -0.9420 -0.7218
v -0.0697 -0.9276 -0.7317
v -0.0704 -0.9142 -0.7301
v -0.0710 -0.9053 -0.7357
v -0.0225 -0.8709 -0.7545
v -0.0114 -0.8836 -0.7393
v 0.0001 -0.8950 -0.7358
v 0.0051 -0.9056 -0.7328
v 0.0079 -0.9161 -0.7297
v 0.0074 -0.9279 -0.7302
v -0.0027 -0.9462 -0.7287
v -0.0140 -0.9511 -0.7433
v -0.0350 -0.9575 -0.7327
v -0.0449 -0.9559 -0.7285
v -0.0528 -0.9518 -0.7269
v -0.0613 -0.9438 -0.7293
v -0.0739 -0.9172 -0.7401
v -0.0709 -0.8953 -0.7437
v -0.0660 -0.8861 -0.7464
v -0.0576 -0.8753 -0.7496
v -0.0478 -0.8708 -0.7510
v -0.0082 -0.8783 -0.7548
v -0.0025 -0.8870 -0.7463
v 0.0035 -0.8953 -0.7438
v 0.0070 -0.9063 -0.7406
v 0.0081 -0.9183 -0.7370
v 0.0043 -0.9368 -0.7395
v -0.0057 -0.9474 -0.7363
v -0.0254 -0.9551 -0.7406
v -0.0524 -0.9522 -0.7348
v -0.0613 -0.9459 -0.7366
v -0.0688 -0.9362 -0.7395
v -0.0722 -0.9292 -0.7416
v -0.0761 -0.9087 -0.7477
v -0.0751 -0.8979 -0.7508
v -0.0692 -0.8832 -0.7545
v -0.0667 -0.8690 -0.7675
v -0.0538 -0.8665 -0.7601
v -0.0474 -0.8640 -0.7609
v 0.0020 -0.8859 -0.7562
v 0.0061 -0.8955 -0.7517
v 0.0096 -0.9079 -0.7504
v 0.0102 -0.9202 -0.7444
v 0.0076 -0.9308 -0.7413
v 0.0042 -0.9384 -0.7470
v -0.0057 -0.9475 -0.7451
v -0.0353 -0.9572 -0.7413
v -0.0422 -0.9569 -0.7414
v -0.0519 -0.9543 -0.7442
v -0.0611 -0.9469 -0.7443
v -0.0688 -0.9381 -0.7469
v -0.0748 -0.9302 -0.7525
v -0.0788 -0.9231 -0.7563
v -0.0793 -0.9112 -0.7549
v -0.0811 -0.8963 -0.7616
v -0.0776 -0.8863 -0.7623
v -0.0734 -0.8776 -0.7649
v -0.0584 -0.8620 -0.7692
v -0.0476 -0.8588 -0.7703
v -0.0373 -0.8590 -0.7702
v -0.0258 -0.8609 -0.7698
v -0.0131 -0.8659 -0.7685
v 0.0097 -0.8949 -0.7599
v 0.0141 -0.9140 -0.7612
v 0.0114 -0.9221 -0.7518
v 0.0086 -0.9343 -0.7536
v 0.0132 -0.9268 -0.7624
v 0.0020 -0.9434 -0.7534
v -0.0254 -0.9567 -0.7560
v -0.0386 -0.9594 -0.7596
v -0.0602 -0.9501 -0.7544
v -0.0694 -0.9413 -0.7540
v -0.0839 -0.9146 -0.7650
v -0.0840 -0.9037 -0.7651
v -0.0824 -0.8862 -0.7702
v -0.0783 -0.8767 -0.7731
v -0.0703 -0.8668 -0.7760
v -0.0618 -0.8600 -0.7778
v -0.0512 -0.8558 -0.7790
v -0.0383 -0.8562 -0.7791
v -0.0253 -0.8580 -0.7784
v -0.0106 -0.8619 -0.7778
v -0.0014 -0.8677 -0.7759
v 0.0069 -0.8754 -0.7737
v 0.0108 -0.8827 -0.7715
v 0.0140 -0.8936 -0.7686
v 0.0153 -0.9044 -0.7668
v 0.0020 -0.9463 -0.7641
v -0.0059 -0.9517 -0.7651
v -0.0154 -0.9565 -0.7689
v -0.0514 -0.9570 -0.7592
v -0.0698 -0.9443 -0.7630
v -0.0769 -0.9352 -0.7637
v -0.0818 -0.9256 -0.7665
v -0.0880 -0.9063 -0.7722
v -0.0883 -0.8976 -0.7748
v -0.0866 -0.8869 -0.7780
v -0.0814 -0.8776 -0.7808
v -0.0737 -0.8692 -0.7832
v -0.0629 -0.8610 -0.7856
v -0.0506 -0.8552 -0.7873
v -0.0269 -0.8578 -0.7868
v -0.0159 -0.8606 -0.7859
v -0.0007 -0.8684 -0.7837
v 0.0071 -0.8745 -0.7819
v 0.0137 -0.8828 -0.7795
v 0.0212 -0.9207 -0.7838
v 0.0109 -0.9393 -0.7710
v -0.0264 -0.9598 -0.7694
v -0.0607 -0.9526 -0.7665
v -0.0785 -0.9386 -0.7706
v -0.0859 -0.9327 -0.7798
v -0.0885 -0.9193 -0.7763
v -0.0907 -0.9090 -0.7794
v -0.0902 -0.8984 -0.7826
v -0.0879 -0.8887 -0.7855
v -0.0820 -0.8796 -0.7882
v -0.0732 -0.8687 -0.7916
v -0.0651 -0.8608 -0.7936
v -0.0567 -0.8542 -0.7956
v -0.0507 -0.8501 -0.7967
v -0.0392 -0.8539 -0.7959
v -0.0284 -0.8549 -0.7958
v -0.0192 -0.8584 -0.7946
v -0.0093 -0.8636 -0.7931
v -0.0005 -0.8701 -0.7912
v 0.0078 -0.8783 -0.7966
v 0.0141 -0.8847 -0.7869
v 0.0186 -0.8943 -0.7840
v 0.0205 -0.9062 -0.7805
v 0.0177 -0.9335 -0.7805
v 0.0121 -0.9425 -0.7775
v 0.0041 -0.9512 -0.7802
v -0.0058 -0.9559 -0.7782
v -0.0392 -0.9620 -0.7715
v -0.0512 -0.9602 -0.7722
v -0.0709 -0.9516 -0.7795
v -0.0807 -0.9436 -0.7815
v -0.0899 -0.9230 -0.7832
v -0.0914 -0.9113 -0.7867
v -0.0898 -0.9004 -0.7899
v -0.0868 -0.8913 -0.7926
v -0.0832 -0.8815 -0.7956
v -0.0791 -0.8717 -0.7984
v -0.0760 -0.8665 -0.8000
v -0.0694 -0.8579 -0.8026
v -0.0621 -0.8498 -0.8050
v -0.0525 -0.8429 -0.8071
v -0.0413 -0.8433 -0.8070
v -0.0301 -0.8462 -0.8061
v -0.0179 -0.8519 -0.8045
v -0.0071 -0.8598 -0.8021
v 0.0016 -0.8695 -0.7993
v 0.0134 -0.8874 -0.7940
v 0.0182 -0.8972 -0.7911
v 0.0213 -0.9082 -0.7879
v 0.0144 -0.9423 -0.7857
v -0.0365 -0.9659 -0.7841
v -0.0506 -0.9650 -0.7859
v -0.0867 -0.9360 -0.7873
v -0.0897 -0.9252 -0.7905
v -0.0893 -0.9131 -0.7941
v -0.0888 -0.9024 -0.7973
v -0.0879 -0.8919 -0.8004
v -0.0883 -0.8829 -0.8081
v -0.0859 -0.8720 -0.8120
v -0.0788 -0.8629 -0.8091
v -0.0661 -0.8480 -0.8134
v -0.0536 -0.8392 -0.8161
v -0.0426 -0.8387 -0.8163
v -0.0253 -0.8438 -0.8146
v -0.0141 -0.8497 -0.8131
v -0.0055 -0.8565 -0.8110
v 0.0051 -0.8691 -0.8074
v 0.0101 -0.8787 -0.8046
v 0.0136 -0.8894 -0.8014
v 0.0167 -0.9006 -0.7980
v 0.0199 -0.9106 -0.7951
v 0.0214 -0.9238 -0.7909
v 0.0183 -0.9360 -0.7876
v 0.0137 -0.9444 -0.7930
v 0.0041 -0.9547 -0.7899
v -0.0060 -0.9598 -0.7884
v -0.0170 -0.9629 -0.7875
v -0.0259 -0.9646 -0.7869
v -0.0612 -0.9602 -0.7882
v -0.0711 -0.9558 -0.7895
v -0.0810 -0.9471 -0.7920
v -0.0849 -0.9370 -0.7950
v -0.0864 -0.9247 -0.7986
v -0.0884 -0.9151 -0.8015
v -0.0900 -0.9047 -0.8046
v -0.0916 -0.8865 -0.8177
v -0.0824 -0.8635 -0.8168
v -0.0769 -0.8546 -0.8195
v -0.0683 -0.8468 -0.8218
v -0.0601 -0.8414 -0.8234
v -0.0539 -0.8389 -0.8242
v -0.0426 -0.8403 -0.8238
v -0.0209 -0.8462 -0.8222
v -0.0079 -0.8532 -0.8201
v 0.0062 -0.8678 -0.8158
v 0.0128 -0.8801 -0.8118
v 0.0163 -0.8949 -0.8058
v 0.0180 -0.9131 -0.8023
v 0.0180 -0.9236 -0.7992
v 0.0176 -0.9342 -0.7961
v -0.0052 -0.8610 -0.8258
v 0.0037 -0.8682 -0.8236
v 0.0114 -0.8773 -0.8209
v 0.0176 -0.8926 -0.8164
v 0.0182 -0.9033 -0.8132
v 0.0179 -0.9153 -0.8097
v 0.0149 -0.9278 -0.8059
v 0.0120 -0.9370 -0.8033
v 0.0075 -0.9474 -0.8001
v 0.0019 -0.9543 -0.7980
v -0.0069 -0.9606 -0.7961
v -0.0176 -0.9644 -0.7950
v -0.0260 -0.9666 -0.7943
v -0.0367 -0.9677 -0.7940
v -0.0494 -0.9665 -0.7948
v -0.0611 -0.9621 -0.7955
v -0.0707 -0.9570 -0.7970
v -0.0771 -0.9463 -0.8002
v -0.0818 -0.9364 -0.8031
v -0.0848 -0.9274 -0.8058
v -0.0883 -0.9172 -0.8088
v -0.0919 -0.9087 -0.8182
v -0.0921 -0.8963 -0.8150
v -0.0892 -0.8753 -0.8213
v -0.0846 -0.8649 -0.8244
v -0.0779 -0.8566 -0.8269
v -0.0647 -0.8464 -0.8299
v -0.0534 -0.8447 -0.8304
v -0.0419 -0.8474 -0.8297
v 0.0161 -0.8985 -0.8226
v 0.0170 -0.9198 -0.8163
v 0.0096 -0.9390 -0.8105
v 0.0013 -0.9476 -0.8080
v -0.0117 -0.9571 -0.8051
v -0.0256 -0.9624 -0.8033
v -0.0376 -0.9651 -0.8027
v -0.0601 -0.9602 -0.8041
v -0.0684 -0.9531 -0.8062
v -0.0742 -0.9474 -0.8087
v -0.0808 -0.9385 -0.8141
v -0.0865 -0.9268 -0.8139
v -0.0930 -0.8988 -0.8223
v -0.0923 -0.8883 -0.8253
v -0.0884 -0.8770 -0.8288
v 0.0115 -0.9100 -0.8271
v 0.0141 -0.9201 -0.8241
v 0.0124 -0.9341 -0.8202
v 0.0025 -0.9466 -0.8162
v -0.0042 -0.9515 -0.8147
v -0.0139 -0.9567 -0.8132
v -0.0246 -0.9602 -0.8122
v -0.0379 -0.9633 -0.8112
v -0.0492 -0.9619 -0.8116
v -0.0580 -0.9585 -0.8125
v -0.0669 -0.9544 -0.8210
v -0.0854 -0.9303 -0.8209
v -0.0893 -0.9203 -0.8238
v -0.0918 -0.9090 -0.8272
v 0.0019 -0.9438 -0.8250
v -0.0074 -0.9521 -0.8225
v -0.0177 -0.9578 -0.8208
v -0.0259 -0.9611 -0.8198
v -0.0374 -0.9641 -0.8189
v -0.0495 -0.9628 -0.8193
v -0.0575 -0.9596 -0.8202
v -0.0753 -0.9461 -0.8242
v -0.0288 -0.9589 -0.8285
v -0.0393 -0.9634 -0.8271
v -0.0499 -0.9621 -0.8275
v -0.0611 -0.9578 -0.8287
v 0.3266 -0.6108 -0.3497
v 0.3378 -0.6035 -0.3438
v 0.3703 -0.6025 -0.3396
v 0.3933 -0.6110 -0.3305
v 0.3025 -0.6320 -0.3435
v 0.3069 -0.6263 -0.3469
v 0.3163 -0.6208 -0.3533
v 0.3485 -0.6078 -0.3533
v 0.3608 -0.6022 -0.3447
v 0.3826 -0.6138 -0.3480
v 0.3928 -0.6169 -0.3403
v 0.2978 -0.6402 -0.3366
v 0.3713 -0.6190 -0.3689
v 0.3987 -0.6287 -0.3459
v 0.3810 -0.6870 -0.3246
v 0.3136 -0.7077 -0.3230
v 0.3064 -0.6642 -0.3578
v 0.3055 -0.6477 -0.3581
v 0.3410 -0.6189 -0.3686
v 0.3601 -0.6119 -0.3629
v 0.3897 -0.6292 -0.3623
v 0.3996 -0.6542 -0.3527
v 0.4004 -0.6616 -0.3398
v 0.3888 -0.6789 -0.3359
v 0.3716 -0.7089 -0.3265
v 0.3663 -0.7179 -0.3189
v 0.3578 -0.7244 -0.3159
v 0.3459 -0.7248 -0.3229
v 0.3204 -0.7167 -0.3204
v 0.3101 -0.6941 -0.3360
v 0.3054 -0.6698 -0.3497
v 0.3043 -0.6403 -0.3531
v 0.3275 -0.6203 -0.3630
v 0.3960 -0.6355 -0.3577
v 0.3571 -0.7246 -0.3240
v 0.3363 -0.7230 -0.3310
v 0.3249 -0.7183 -0.3341
v 0.3185 -0.7112 -0.3437
v 0.3111 -0.6356 -0.3633
v 0.3204 -0.6348 -0.3788
v 0.3974 -0.6471 -0.3608
v 0.3916 -0.6730 -0.3595
v 0.3892 -0.6785 -0.3508
v 0.3846 -0.6859 -0.3426
v 0.3653 -0.7221 -0.3373
v 0.3565 -0.7259 -0.3318
v 0.3450 -0.7257 -0.3460
v 0.3171 -0.7044 -0.3705
v 0.3139 -0.6442 -0.3778
v 0.3799 -0.6279 -0.3760
v 0.3883 -0.6364 -0.3732
v 0.3919 -0.6407 -0.3697
v 0.3942 -0.6617 -0.3644
v 0.3774 -0.7051 -0.3526
v 0.3563 -0.7267 -0.3431
v 0.3283 -0.7196 -0.3447
v 0.3103 -0.6564 -0.3744
v 0.3311 -0.6359 -0.3937
v 0.3602 -0.6295 -0.3968
v 0.3936 -0.6526 -0.3708
v 0.3885 -0.6813 -0.3662
v 0.3648 -0.7257 -0.3549
v 0.3407 -0.7266 -0.3653
v 0.3208 -0.6389 -0.3867
v 0.3427 -0.6391 -0.4085
v 0.3532 -0.6327 -0.4013
v 0.3798 -0.6343 -0.3873
v 0.3877 -0.6440 -0.3824
v 0.3907 -0.6583 -0.3829
v 0.3915 -0.6671 -0.3730
v 0.3724 -0.7176 -0.3697
v 0.3548 -0.7289 -0.3570
v 0.3140 -0.6659 -0.3904
v 0.3160 -0.6550 -0.3945
v 0.3229 -0.6463 -0.4004
v 0.3702 -0.6355 -0.4029
v 0.3800 -0.6393 -0.3952
v 0.3867 -0.6486 -0.3892
v 0.3904 -0.6749 -0.3868
v 0.3829 -0.7016 -0.3808
v 0.3623 -0.7289 -0.3639
v 0.3312 -0.7229 -0.3754
v 0.3251 -0.7174 -0.3771
v 0.3145 -0.6886 -0.3848
v 0.3136 -0.6766 -0.3874
v 0.3605 -0.6355 -0.4115
v 0.3849 -0.6519 -0.4012
v 0.3891 -0.6624 -0.3930
v 0.3863 -0.6961 -0.3984
v 0.3640 -0.7298 -0.3718
v 0.3534 -0.7312 -0.3715
v 0.3144 -0.6793 -0.3947
v 0.3604 -0.6388 -0.4176
v 0.3629 -0.7321 -0.3792
v 0.3525 -0.7336 -0.3895
v 0.3325 -0.7259 -0.3980
v 0.3198 -0.7045 -0.4001
v 0.3202 -0.7001 -0.4143
v 0.3189 -0.6656 -0.4164
v 0.3241 -0.6572 -0.4226
v 0.3329 -0.6468 -0.4163
v 0.3606 -0.6437 -0.4302
v 0.3708 -0.6411 -0.4178
v 0.3802 -0.6492 -0.4183
v 0.3854 -0.6615 -0.4215
v 0.3889 -0.6701 -0.4105
v 0.3885 -0.6883 -0.4130
v 0.3725 -0.7234 -0.3948
v 0.3635 -0.7328 -0.3872
v 0.3344 -0.7297 -0.4318
v 0.3183 -0.6876 -0.4162
v 0.3328 -0.6495 -0.4235
v 0.3436 -0.6464 -0.4252
v 0.3711 -0.6453 -0.4279
v 0.3633 -0.7350 -0.3946
v 0.3419 -0.7321 -0.3981
v 0.3244 -0.7145 -0.4066
v 0.3338 -0.6530 -0.4303
v 0.3801 -0.6596 -0.4415
v 0.3892 -0.6772 -0.4241
v 0.3633 -0.7384 -0.4113
v 0.3506 -0.7378 -0.4135
v 0.3393 -0.7321 -0.4078
v 0.3192 -0.6830 -0.4283
v 0.3207 -0.6723 -0.4309
v 0.3245 -0.6627 -0.4346
v 0.3342 -0.6582 -0.4429
v 0.3443 -0.6532 -0.4416
v 0.3544 -0.6501 -0.4393
v 0.3612 -0.6477 -0.4402
v 0.3709 -0.6506 -0.4387
v 0.3722 -0.7273 -0.4060
v 0.3220 -0.6927 -0.4436
v 0.3262 -0.6677 -0.4458
v 0.3543 -0.6524 -0.4466
v 0.3614 -0.6493 -0.4478
v 0.3712 -0.6533 -0.4458
v 0.3857 -0.6691 -0.4388
v 0.3880 -0.6832 -0.4387
v 0.3856 -0.6977 -0.4341
v 0.3749 -0.7285 -0.4402
v 0.3703 -0.7355 -0.4306
v 0.3428 -0.7365 -0.4242
v 0.3299 -0.7221 -0.4444
v 0.3242 -0.7084 -0.4365
v 0.3228 -0.6790 -0.4454
v 0.3614 -0.6554 -0.4584
v 0.3719 -0.6651 -0.4736
v 0.3865 -0.6745 -0.4448
v 0.3351 -0.6685 -0.4652
v 0.3807 -0.6692 -0.4636
v 0.3871 -0.6800 -0.4580
v 0.3866 -0.6922 -0.4557
v 0.3788 -0.7201 -0.4505
v 0.3646 -0.7444 -0.4399
v 0.3271 -0.7128 -0.4532
v 0.3238 -0.6853 -0.4603
v 0.3620 -0.6617 -0.4742
v 0.3489 -0.7433 -0.4424
v 0.3381 -0.7376 -0.4584
v 0.3275 -0.6796 -0.4736
v 0.3458 -0.6665 -0.4740
v 0.3824 -0.6727 -0.4710
v 0.3874 -0.6856 -0.4716
v 0.3704 -0.7402 -0.4421
v 0.3646 -0.7463 -0.4498
v 0.3605 -0.7480 -0.4511
v 0.3448 -0.7431 -0.4497
v 0.3318 -0.7254 -0.4606
v 0.3287 -0.7179 -0.4725
v 0.3261 -0.7067 -0.4757
v 0.3257 -0.6929 -0.4780
v 0.3350 -0.6744 -0.4815
v 0.3454 -0.6698 -0.4837
v 0.3545 -0.6670 -0.4844
v 0.3648 -0.6651 -0.4825
v 0.3810 -0.6753 -0.4821
v 0.3841 -0.6802 -0.4823
v 0.3849 -0.7021 -0.4749
v 0.3702 -0.7448 -0.4550
v 0.3478 -0.7457 -0.4569
v 0.3285 -0.6842 -0.4835
v 0.3656 -0.6743 -0.5085
v 0.3870 -0.6909 -0.4829
v 0.3754 -0.7367 -0.4708
v 0.3675 -0.7483 -0.4636
v 0.3466 -0.7473 -0.4679
v 0.3401 -0.7419 -0.4722
v 0.3362 -0.7319 -0.4713
v 0.3259 -0.6977 -0.4887
v 0.3292 -0.6930 -0.5042
v 0.3355 -0.6838 -0.5044
v 0.3449 -0.6758 -0.4978
v 0.3551 -0.6763 -0.5082
v 0.3723 -0.6760 -0.5043
v 0.3804 -0.7236 -0.4826
v 0.3680 -0.7504 -0.4710
v 0.3602 -0.7530 -0.4701
v 0.3354 -0.7340 -0.4787
v 0.3312 -0.7243 -0.4902
v 0.3823 -0.6848 -0.5098
v 0.3855 -0.6886 -0.5029
v 0.3873 -0.7003 -0.5049
v 0.3841 -0.7108 -0.4905
v 0.3694 -0.7535 -0.4780
v 0.3586 -0.7546 -0.4786
v 0.3467 -0.7507 -0.4875
v 0.3405 -0.7443 -0.4825
v 0.3358 -0.7361 -0.4861
v 0.3285 -0.7162 -0.5022
v 0.3277 -0.7052 -0.5060
v 0.3450 -0.6803 -0.5111
v 0.3744 -0.7469 -0.4910
v 0.3686 -0.7560 -0.4893
v 0.3391 -0.7413 -0.4932
v 0.3328 -0.7330 -0.5097
v 0.3579 -0.6815 -0.5304
v 0.3737 -0.6803 -0.5200
v 0.3476 -0.7549 -0.5061
v 0.3275 -0.7098 -0.5158
v 0.3283 -0.6990 -0.5187
v 0.3438 -0.6863 -0.5271
v 0.3887 -0.7014 -0.5364
v 0.3686 -0.7585 -0.5006
v 0.3583 -0.7593 -0.5011
v 0.3385 -0.7458 -0.5105
v 0.3305 -0.7283 -0.5200
v 0.3277 -0.7159 -0.5309
v 0.3287 -0.7030 -0.5286
v 0.3346 -0.6930 -0.5294
v 0.3647 -0.6817 -0.5379
v 0.3747 -0.6889 -0.5471
v 0.3846 -0.6953 -0.5448
v 0.3740 -0.7535 -0.5028
v 0.3689 -0.7619 -0.5077
v 0.3334 -0.6963 -0.5393
v 0.3414 -0.6942 -0.5524
v 0.3858 -0.7353 -0.5365
v 0.3788 -0.7458 -0.5146
v 0.3746 -0.7556 -0.5102
v 0.3690 -0.7634 -0.5156
v 0.3397 -0.7517 -0.5302
v 0.3310 -0.7342 -0.5358
v 0.3284 -0.7267 -0.5505
v 0.3521 -0.6905 -0.5556
v 0.3647 -0.6856 -0.5486
v 0.3909 -0.7184 -0.5485
v 0.3741 -0.7576 -0.5176
v 0.3486 -0.7655 -0.5458
v 0.3277 -0.7134 -0.5471
v 0.3320 -0.7031 -0.5557
v 0.3641 -0.6886 -0.5609
v 0.3749 -0.6897 -0.5550
v 0.3889 -0.7023 -0.5607
v 0.3911 -0.7072 -0.5531
v 0.3734 -0.7621 -0.5241
v 0.3693 -0.7678 -0.5333
v 0.3330 -0.7430 -0.5445
v 0.3269 -0.7173 -0.5630
v 0.3404 -0.6966 -0.5610
v 0.3749 -0.6913 -0.5627
v 0.3849 -0.6979 -0.5595
v 0.3773 -0.7584 -0.5338
v 0.3551 -0.7746 -0.5668
v 0.3310 -0.7053 -0.5657
v 0.3382 -0.7004 -0.5751
v 0.3505 -0.6947 -0.5746
v 0.3654 -0.6907 -0.5774
v 0.3764 -0.6932 -0.5774
v 0.3828 -0.6960 -0.5687
v 0.3897 -0.7373 -0.5571
v 0.3775 -0.7615 -0.5408
v 0.3698 -0.7718 -0.5487
v 0.3399 -0.7603 -0.5536
v 0.3293 -0.7478 -0.5781
v 0.3264 -0.7249 -0.5689
v 0.3290 -0.7095 -0.5723
v 0.3852 -0.6985 -0.5799
v 0.3995 -0.7204 -0.5893
v 0.3780 -0.7682 -0.5563
v 0.3340 -0.7539 -0.5637
v 0.3246 -0.7262 -0.5870
v 0.3267 -0.7141 -0.5847
v 0.3286 -0.7096 -0.5809
v 0.3361 -0.7018 -0.5834
v 0.3462 -0.6984 -0.5882
v 0.3621 -0.6933 -0.5903
v 0.3754 -0.6930 -0.5872
v 0.3959 -0.7094 -0.5964
v 0.3970 -0.7276 -0.5762
v 0.3953 -0.7429 -0.5811
v 0.3705 -0.7760 -0.5653
v 0.3497 -0.7709 -0.5646
v 0.3410 -0.7687 -0.5771
v 0.3341 -0.7054 -0.5966
v 0.3734 -0.6934 -0.5948
v 0.3888 -0.7009 -0.5998
v 0.3897 -0.7531 -0.5766
v 0.3681 -0.7781 -0.5706
v 0.3343 -0.7588 -0.5761
v 0.3243 -0.7422 -0.5986
v 0.3253 -0.7148 -0.6031
v 0.3450 -0.7012 -0.6082
v 0.3615 -0.6956 -0.6024
v 0.3684 -0.6945 -0.6027
v 0.3796 -0.6964 -0.6047
v 0.3798 -0.7703 -0.5702
v 0.3868 -0.7653 -0.5836
v 0.3782 -0.7781 -0.5843
v 0.3779 -0.7756 -0.5763
v 0.3338 -0.7675 -0.5931
v 0.3222 -0.7281 -0.6017
v 0.3309 -0.7075 -0.6096
v 0.3608 -0.6961 -0.6151
v 0.3695 -0.6939 -0.6141
v 0.4093 -0.7431 -0.6182
v 0.3416 -0.7748 -0.5920
v 0.3279 -0.7581 -0.6008
v 0.3177 -0.7297 -0.6251
v 0.3399 -0.7032 -0.6162
v 0.3800 -0.6971 -0.6182
v 0.3936 -0.7034 -0.6215
v 0.4028 -0.7131 -0.6247
v 0.4020 -0.7154 -0.6097
v 0.4105 -0.7315 -0.6269
v 0.3990 -0.7671 -0.6124
v 0.3802 -0.7790 -0.5914
v 0.3683 -0.7836 -0.5903
v 0.3540 -0.7839 -0.5994
v 0.3260 -0.7107 -0.6298
v 0.3361 -0.7045 -0.6307
v 0.3559 -0.6974 -0.6316
v 0.3693 -0.6939 -0.6300
v 0.3804 -0.6965 -0.6267
v 0.4080 -0.7219 -0.6296
v 0.3864 -0.7782 -0.6048
v 0.3782 -0.7835 -0.5978
v 0.3339 -0.7733 -0.6061
v 0.3282 -0.7655 -0.6082
v 0.3166 -0.7405 -0.6251
v 0.3176 -0.7221 -0.6381
v 0.3714 -0.6935 -0.6383
v 0.3861 -0.6990 -0.6462
v 0.3972 -0.7051 -0.6309
v 0.4047 -0.7560 -0.6141
v 0.3779 -0.7864 -0.6075
v 0.3415 -0.7821 -0.6127
v 0.3326 -0.7050 -0.6399
v 0.3666 -0.6929 -0.6494
v 0.3991 -0.7074 -0.6409
v 0.4049 -0.7158 -0.6353
v 0.3882 -0.7807 -0.6154
v 0.3662 -0.7915 -0.6228
v 0.3338 -0.7798 -0.6209
v 0.3264 -0.7730 -0.6252
v 0.3185 -0.7568 -0.6285
v 0.3137 -0.7444 -0.6323
v 0.3122 -0.7368 -0.6424
v 0.3215 -0.7142 -0.6452
v 0.3297 -0.7068 -0.6479
v 0.3391 -0.7011 -0.6504
v 0.3731 -0.6931 -0.6529
v 0.3924 -0.7029 -0.6487
v 0.4090 -0.7274 -0.6452
v 0.4105 -0.7491 -0.6339
v 0.4052 -0.7638 -0.6278
v 0.3965 -0.7764 -0.6279
v 0.3879 -0.7842 -0.6255
v 0.3774 -0.7902 -0.6236
v 0.3540 -0.7902 -0.6240
v 0.3425 -0.7872 -0.6270
v 0.3201 -0.7675 -0.6371
v 0.3165 -0.7575 -0.6352
v 0.3122 -0.7483 -0.6392
v 0.3187 -0.7184 -0.6596
v 0.3266 -0.7072 -0.6559
v 0.3742 -0.6922 -0.6668
v 0.3835 -0.6978 -0.6592
v 0.3930 -0.7041 -0.6564
v 0.4005 -0.7109 -0.6532
v 0.4059 -0.7204 -0.6519
v 0.4111 -0.7383 -0.6425
v 0.4034 -0.7678 -0.6428
v 0.3336 -0.7855 -0.6373
v 0.3266 -0.7786 -0.6383
v 0.3164 -0.7620 -0.6445
v 0.3133 -0.7510 -0.6463
v 0.3123 -0.7416 -0.6525
v 0.3134 -0.7295 -0.6554
v 0.3244 -0.7091 -0.6657
v 0.3328 -0.7009 -0.6662
v 0.3417 -0.6968 -0.6767
v 0.3621 -0.6904 -0.6792
v 0.3841 -0.6984 -0.6672
v 0.3933 -0.7065 -0.6668
v 0.4007 -0.7149 -0.6619
v 0.4086 -0.7331 -0.6566
v 0.4099 -0.7471 -0.6506
v 0.4077 -0.7585 -0.6458
v 0.3930 -0.7811 -0.6440
v 0.3861 -0.7877 -0.6407
v 0.3759 -0.7928 -0.6376
v 0.3651 -0.7937 -0.6389
v 0.3519 -0.7929 -0.6402
v 0.3429 -0.7908 -0.6410
v 0.3211 -0.7731 -0.6493
v 0.3147 -0.7559 -0.6579
v 0.3143 -0.7326 -0.6624
v 0.3183 -0.7209 -0.6666
v 0.3306 -0.7026 -0.6743
v 0.3751 -0.6914 -0.6804
v 0.3842 -0.6994 -0.6752
v 0.4053 -0.7249 -0.6636
v 0.3333 -0.7868 -0.6472
v 0.3280 -0.7820 -0.6494
v 0.3171 -0.7638 -0.6628
v 0.3156 -0.7481 -0.6718
v 0.3159 -0.7370 -0.6743
v 0.3179 -0.7273 -0.6783
v 0.3227 -0.7137 -0.6790
v 0.3285 -0.7040 -0.6821
v 0.3373 -0.6976 -0.6847
v 0.3501 -0.6922 -0.6869
v 0.3657 -0.6876 -0.6888
v 0.3873 -0.7019 -0.6898
v 0.3939 -0.7099 -0.6786
v 0.4007 -0.7199 -0.6755
v 0.4030 -0.7315 -0.6771
v 0.4074 -0.7413 -0.6645
v 0.4059 -0.7530 -0.6625
v 0.4029 -0.7630 -0.6603
v 0.3849 -0.7861 -0.6609
v 0.3820 -0.7898 -0.6530
v 0.3744 -0.7929 -0.6516
v 0.3574 -0.7938 -0.6524
v 0.3444 -0.7914 -0.6531
v 0.3341 -0.7869 -0.6554
v 0.3295 -0.7834 -0.6569
v 0.3228 -0.7753 -0.6605
v 0.3208 -0.7191 -0.6846
v 0.3254 -0.7079 -0.6892
v 0.3339 -0.6976 -0.6928
v 0.3463 -0.6885 -0.7033
v 0.3671 -0.6852 -0.6955
v 0.3770 -0.6900 -0.6960
v 0.3955 -0.7137 -0.6853
v 0.4023 -0.7459 -0.6778
v 0.3964 -0.7735 -0.6595
v 0.3761 -0.7913 -0.6605
v 0.3579 -0.7925 -0.6602
v 0.3451 -0.7902 -0.6617
v 0.3329 -0.7844 -0.6645
v 0.3253 -0.7761 -0.6680
v 0.3206 -0.7652 -0.6730
v 0.3184 -0.7523 -0.6786
v 0.3182 -0.7404 -0.6838
v 0.3193 -0.7320 -0.6874
v 0.3206 -0.7220 -0.6917
v 0.3233 -0.7124 -0.6958
v 0.3276 -0.7030 -0.6996
v 0.3303 -0.6985 -0.7012
v 0.3387 -0.6914 -0.7037
v 0.3563 -0.6836 -0.7069
v 0.3666 -0.6806 -0.7083
v 0.3786 -0.6878 -0.7049
v 0.3853 -0.6969 -0.7009
v 0.3911 -0.7062 -0.6969
v 0.3960 -0.7159 -0.6927
v 0.3984 -0.7255 -0.6883
v 0.4006 -0.7361 -0.6840
v 0.3998 -0.7566 -0.6747
v 0.3969 -0.7664 -0.6706
v 0.3926 -0.7749 -0.6672
v 0.3793 -0.7854 -0.6711
v 0.3711 -0.7884 -0.6697
v 0.3597 -0.7886 -0.6700
v 0.3465 -0.7870 -0.6708
v 0.3367 -0.7818 -0.6734
v 0.3295 -0.7742 -0.6771
v 0.3242 -0.7644 -0.6815
v 0.3217 -0.7523 -0.6868
v 0.3208 -0.7426 -0.6911
v 0.3208 -0.7320 -0.6957
v 0.3226 -0.7182 -0.7033
v 0.3255 -0.7055 -0.7069
v 0.3292 -0.6961 -0.7103
v 0.3341 -0.6898 -0.7123
v 0.3428 -0.6840 -0.7147
v 0.3535 -0.6788 -0.7168
v 0.3628 -0.6734 -0.7188
v 0.3711 -0.6740 -0.7189
v 0.3802 -0.6830 -0.7150
v 0.3895 -0.6961 -0.7104
v 0.3935 -0.7070 -0.7048
v 0.3966 -0.7186 -0.6998
v 0.3972 -0.7289 -0.6952
v 0.3966 -0.7491 -0.6864
v 0.3922 -0.7596 -0.6846
v 0.3860 -0.7768 -0.6746
v 0.3699 -0.7806 -0.6816
v 0.3564 -0.7816 -0.6815
v 0.3487 -0.7791 -0.6827
v 0.3385 -0.7738 -0.6849
v 0.3290 -0.7611 -0.6911
v 0.3257 -0.7508 -0.6953
v 0.3231 -0.7375 -0.7018
v 0.3232 -0.7234 -0.7076
v 0.3232 -0.7180 -0.7100
v 0.3239 -0.7082 -0.7142
v 0.3253 -0.6984 -0.7184
v 0.3299 -0.6886 -0.7217
v 0.3356 -0.6811 -0.7244
v 0.3484 -0.6729 -0.7273
v 0.3582 -0.6656 -0.7287
v 0.3721 -0.6664 -0.7299
v 0.3820 -0.6757 -0.7260
v 0.3882 -0.6844 -0.7223
v 0.3966 -0.7094 -0.7122
v 0.3966 -0.7240 -0.7140
v 0.3954 -0.7315 -0.7025
v 0.3938 -0.7415 -0.6982
v 0.3819 -0.7705 -0.6857
v 0.3750 -0.7733 -0.6888
v 0.3623 -0.7707 -0.6945
v 0.3472 -0.7668 -0.6968
v 0.3416 -0.7641 -0.6974
v 0.3360 -0.7579 -0.6999
v 0.3302 -0.7482 -0.7045
v 0.3268 -0.7366 -0.7100
v 0.3249 -0.7257 -0.7148
v 0.3234 -0.7157 -0.7192
v 0.3226 -0.7109 -0.7214
v 0.3212 -0.7040 -0.7301
v 0.3236 -0.6907 -0.7299
v 0.3278 -0.6809 -0.7332
v 0.3332 -0.6687 -0.7373
v 0.3411 -0.6621 -0.7403
v 0.3501 -0.6536 -0.7448
v 0.3629 -0.6495 -0.7479
v 0.3754 -0.6538 -0.7452
v 0.3850 -0.6625 -0.7407
v 0.3896 -0.6705 -0.7366
v 0.3954 -0.6807 -0.7326
v 0.3981 -0.6918 -0.7277
v 0.3990 -0.7027 -0.7230
v 0.3987 -0.7131 -0.7187
v 0.3936 -0.7342 -0.7098
v 0.3896 -0.7438 -0.7055
v 0.3860 -0.7530 -0.7016
v 0.3803 -0.7609 -0.6987
v 0.3681 -0.7603 -0.7073
v 0.3545 -0.7582 -0.7080
v 0.3443 -0.7538 -0.7098
v 0.3349 -0.7449 -0.7141
v 0.3302 -0.7368 -0.7179
v 0.3264 -0.7251 -0.7232
v 0.3237 -0.7184 -0.7263
v 0.3213 -0.7092 -0.7305
v 0.3175 -0.6969 -0.7406
v 0.3195 -0.6830 -0.7415
v 0.3209 -0.6763 -0.7440
v 0.3244 -0.6658 -0.7483
v 0.3281 -0.6554 -0.7528
v 0.3368 -0.6490 -0.7558
v 0.3489 -0.6460 -0.7570
v 0.3622 -0.6450 -0.7651
v 0.3751 -0.6485 -0.7566
v 0.3871 -0.6549 -0.7525
v 0.3975 -0.6652 -0.7476
v 0.4019 -0.6758 -0.7427
v 0.4035 -0.6917 -0.7360
v 0.4024 -0.7066 -0.7297
v 0.3995 -0.7177 -0.7249
v 0.3956 -0.7272 -0.7210
v 0.3865 -0.7417 -0.7155
v 0.3812 -0.7512 -0.7108
v 0.3782 -0.7559 -0.7088
v 0.3781 -0.7468 -0.7213
v 0.3747 -0.7492 -0.7202
v 0.3633 -0.7498 -0.7208
v 0.3477 -0.7461 -0.7220
v 0.3360 -0.7380 -0.7259
v 0.3279 -0.7263 -0.7311
v 0.3246 -0.7209 -0.7335
v 0.3200 -0.7123 -0.7375
v 0.3140 -0.6849 -0.7490
v 0.3141 -0.6745 -0.7533
v 0.3169 -0.6629 -0.7586
v 0.3227 -0.6541 -0.7619
v 0.3341 -0.6480 -0.7636
v 0.3474 -0.6445 -0.7658
v 0.3745 -0.6472 -0.7639
v 0.3867 -0.6535 -0.7614
v 0.3930 -0.6581 -0.7591
v 0.4004 -0.6651 -0.7560
v 0.4064 -0.6740 -0.7519
v 0.4090 -0.6841 -0.7471
v 0.4122 -0.6947 -0.7487
v 0.4064 -0.7059 -0.7381
v 0.4055 -0.7125 -0.7376
v 0.4003 -0.7208 -0.7319
v 0.3947 -0.7297 -0.7282
v 0.3901 -0.7346 -0.7261
v 0.3950 -0.7313 -0.7360
v 0.3870 -0.7383 -0.7398
v 0.3819 -0.7405 -0.7322
v 0.3717 -0.7446 -0.7308
v 0.3601 -0.7442 -0.7313
v 0.3477 -0.7414 -0.7327
v 0.3378 -0.7360 -0.7351
v 0.3296 -0.7277 -0.7388
v 0.3223 -0.7202 -0.7423
v 0.3151 -0.7091 -0.7485
v 0.3115 -0.6970 -0.7526
v 0.3100 -0.6871 -0.7571
v 0.3099 -0.6771 -0.7613
v 0.3125 -0.6675 -0.7652
v 0.3142 -0.6636 -0.7667
v 0.3213 -0.6562 -0.7696
v 0.3302 -0.6495 -0.7719
v 0.3395 -0.6440 -0.7740
v 0.3451 -0.6412 -0.7748
v 0.3555 -0.6379 -0.7764
v 0.3715 -0.6371 -0.7771
v 0.3820 -0.6420 -0.7748
v 0.3899 -0.6489 -0.7713
v 0.3963 -0.6575 -0.7672
v 0.4032 -0.6676 -0.7628
v 0.4079 -0.6755 -0.7594
v 0.4127 -0.6857 -0.7549
v 0.4111 -0.7051 -0.7466
v 0.4022 -0.7248 -0.7412
v 0.3964 -0.7324 -0.7437
v 0.3813 -0.7415 -0.7402
v 0.3700 -0.7430 -0.7398
v 0.3493 -0.7399 -0.7414
v 0.3388 -0.7355 -0.7436
v 0.3301 -0.7302 -0.7461
v 0.3222 -0.7236 -0.7491
v 0.3155 -0.7186 -0.7567
v 0.3082 -0.7037 -0.7633
v 0.3075 -0.6910 -0.7636
v 0.3084 -0.6798 -0.7683
v 0.3117 -0.6703 -0.7721
v 0.3143 -0.6665 -0.7736
v 0.3199 -0.6576 -0.7774
v 0.3251 -0.6486 -0.7809
v 0.3308 -0.6397 -0.7845
v 0.3404 -0.6318 -0.7875
v 0.3510 -0.6286 -0.7885
v 0.3607 -0.6242 -0.7922
v 0.3744 -0.6273 -0.7897
v 0.3813 -0.6306 -0.7877
v 0.3896 -0.6373 -0.7844
v 0.3957 -0.6455 -0.7809
v 0.4011 -0.6550 -0.7767
v 0.4051 -0.6675 -0.7700
v 0.4091 -0.6793 -0.7660
v 0.4133 -0.6885 -0.7620
v 0.4157 -0.6983 -0.7578
v 0.4139 -0.7085 -0.7534
v 0.4101 -0.7192 -0.7519
v 0.3967 -0.7366 -0.7544
v 0.3910 -0.7384 -0.7515
v 0.3808 -0.7428 -0.7479
v 0.3688 -0.7432 -0.7473
v 0.3499 -0.7394 -0.7500
v 0.3394 -0.7361 -0.7516
v 0.3307 -0.7326 -0.7533
v 0.3220 -0.7271 -0.7559
v 0.3105 -0.7136 -0.7620
v 0.3062 -0.6943 -0.7702
v 0.3085 -0.6828 -0.7750
v 0.3120 -0.6729 -0.7792
v 0.3134 -0.6690 -0.7809
v 0.3160 -0.6575 -0.7858
v 0.3193 -0.6467 -0.7903
v 0.3265 -0.6355 -0.7944
v 0.3403 -0.6251 -0.7986
v 0.3559 -0.6174 -0.8019
v 0.3672 -0.6160 -0.8022
v 0.3754 -0.6187 -0.8008
v 0.3854 -0.6250 -0.7981
v 0.3948 -0.6342 -0.7939
v 0.4008 -0.6432 -0.7901
v 0.4071 -0.6523 -0.7900
v 0.4085 -0.6655 -0.7801
v 0.4108 -0.6725 -0.7801
v 0.4108 -0.6818 -0.7732
v 0.4124 -0.6919 -0.7689
v 0.4154 -0.7014 -0.7648
v 0.4155 -0.7119 -0.7603
v 0.4063 -0.7311 -0.7606
v 0.3806 -0.7452 -0.7575
v 0.3696 -0.7490 -0.7629
v 0.3522 -0.7419 -0.7576
v 0.3443 -0.7429 -0.7644
v 0.3294 -0.7380 -0.7651
v 0.3208 -0.7345 -0.7687
v 0.3137 -0.7240 -0.7657
v 0.3096 -0.7169 -0.7689
v 0.3067 -0.7089 -0.7733
v 0.3077 -0.6965 -0.7774
v 0.3098 -0.6857 -0.7821
v 0.3101 -0.6756 -0.7865
v 0.3092 -0.6654 -0.7958
v 0.3124 -0.6558 -0.7949
v 0.3148 -0.6459 -0.7988
v 0.3200 -0.6369 -0.8026
v 0.3271 -0.6297 -0.8056
v 0.3364 -0.6237 -0.8079
v 0.3451 -0.6195 -0.8095
v 0.3555 -0.6164 -0.8106
v 0.3667 -0.6157 -0.8106
v 0.3763 -0.6181 -0.8094
v 0.3861 -0.6226 -0.8073
v 0.3911 -0.6259 -0.8057
v 0.3986 -0.6333 -0.8024
v 0.4043 -0.6423 -0.7988
v 0.4147 -0.6602 -0.7975
v 0.4132 -0.6836 -0.7806
v 0.4127 -0.6950 -0.7758
v 0.4130 -0.7054 -0.7714
v 0.4145 -0.7144 -0.7675
v 0.4122 -0.7242 -0.7634
v 0.4055 -0.7343 -0.7676
v 0.3958 -0.7404 -0.7652
v 0.3938 -0.7439 -0.7717
v 0.3133 -0.7273 -0.7726
v 0.3097 -0.7197 -0.7759
v 0.3102 -0.6986 -0.7849
v 0.3082 -0.6911 -0.7901
v 0.3059 -0.6784 -0.7965
v 0.3087 -0.6581 -0.8022
v 0.3119 -0.6484 -0.8062
v 0.3167 -0.6390 -0.8101
v 0.3260 -0.6318 -0.8130
v 0.3362 -0.6270 -0.8148
v 0.3519 -0.6233 -0.8160
v 0.3689 -0.6242 -0.8153
v 0.3850 -0.6265 -0.8140
v 0.3965 -0.6319 -0.8114
v 0.4057 -0.6396 -0.8079
v 0.4163 -0.6754 -0.7923
v 0.4167 -0.6849 -0.7908
v 0.4144 -0.6971 -0.7832
v 0.4123 -0.7069 -0.7791
v 0.4112 -0.7170 -0.7748
v 0.4104 -0.7255 -0.7712
v 0.3833 -0.6466 -0.8137
v 0.3943 -0.6469 -0.8133
v 0.4056 -0.6465 -0.8133
v 0.4137 -0.6571 -0.8086
v 0.4171 -0.6655 -0.8049
v 0.4192 -0.6775 -0.7996
v 0.4180 -0.7008 -0.7987
v 0.4130 -0.7099 -0.7861
v 0.4092 -0.7196 -0.7820
v 0.4070 -0.7256 -0.7795
v 0.4026 -0.7354 -0.7754
v 0.3803 -0.7491 -0.7701
v 0.3613 -0.7490 -0.7706
v 0.3434 -0.7462 -0.7714
v 0.3293 -0.7427 -0.7740
v 0.3208 -0.7376 -0.7763
v 0.3150 -0.7285 -0.7803
v 0.3128 -0.7136 -0.7872
v 0.3044 -0.6705 -0.8053
v 0.3065 -0.6607 -0.8094
v 0.3116 -0.6500 -0.8138
v 0.3194 -0.6432 -0.8166
v 0.4094 -0.6619 -0.8149
v 0.4167 -0.6692 -0.8116
v 0.4203 -0.6809 -0.8066
v 0.4134 -0.7149 -0.7930
v 0.4056 -0.7274 -0.7871
v 0.3994 -0.7358 -0.7837
v 0.3913 -0.7431 -0.7808
v 0.3799 -0.7499 -0.7781
v 0.3688 -0.7518 -0.7781
v 0.3508 -0.7502 -0.7786
v 0.3401 -0.7479 -0.7798
v 0.3299 -0.7438 -0.7818
v 0.3226 -0.7387 -0.7842
v 0.3178 -0.7255 -0.7898
v 0.3124 -0.7147 -0.7946
v 0.3074 -0.7047 -0.8071
v 0.3058 -0.6956 -0.8029
v 0.3039 -0.6855 -0.8072
v 0.3042 -0.6755 -0.8115
v 0.3075 -0.6643 -0.8162
v 0.4104 -0.6795 -0.8157
v 0.4185 -0.6861 -0.8127
v 0.4187 -0.7021 -0.8063
v 0.4131 -0.7167 -0.7998
v 0.4066 -0.7278 -0.8028
v 0.3976 -0.7357 -0.7926
v 0.3873 -0.7426 -0.7894
v 0.3774 -0.7473 -0.7876
v 0.3525 -0.7502 -0.7871
v 0.3420 -0.7446 -0.7975
v 0.3353 -0.7428 -0.7904
v 0.3281 -0.7357 -0.7936
v 0.3206 -0.7283 -0.7969
v 0.3122 -0.7178 -0.8016
v 0.3034 -0.6868 -0.8150
v 0.3092 -0.6773 -0.8189
v 0.4135 -0.6978 -0.8161
v 0.4147 -0.7064 -0.8124
v 0.4103 -0.7212 -0.8062
v 0.3847 -0.7428 -0.8007
v 0.3757 -0.7457 -0.7966
v 0.3649 -0.7482 -0.7977
v 0.3526 -0.7479 -0.7961
v 0.3315 -0.7387 -0.8004
v 0.3213 -0.7309 -0.8041
v 0.3137 -0.7224 -0.8079
v 0.3088 -0.7112 -0.8128
v 0.3069 -0.7013 -0.8170
v 0.3989 -0.7350 -0.8089
v 0.3950 -0.7382 -0.8077
v 0.3779 -0.7442 -0.8137
v 0.3535 -0.7468 -0.8049
v 0.3430 -0.7440 -0.8064
v 0.3330 -0.7391 -0.8087
v 0.3232 -0.7323 -0.8118
v 0.3879 -0.7404 -0.8152
v 0.3654 -0.7453 -0.8136
v 0.3548 -0.7443 -0.8142
v 0.3440 -0.7427 -0.8152
v 0.3338 -0.7384 -0.8172
v 0.1392 0.6212 0.3571
v 0.1143 0.6191 0.3331
v 0.0984 0.6204 0.3281
v 0.0859 0.6142 0.3110
v 0.0675 0.6077 0.2983
v 0.1074 0.6355 0.3614
v 0.1025 0.6277 0.3432
v 0.0784 0.6193 0.3191
v 0.0488 0.6114 0.2996
v 0.0491 0.6062 0.2913
v 0.0385 0.5984 0.2859
v 0.0060 0.5567 0.3149
v 0.0880 0.6294 0.3391
v 0.0502 0.6232 0.3200
v 0.0397 0.6066 0.2957
v 0.0332 0.6018 0.2942
v 0.0055 0.5730 0.3176
v 0.0011 0.5596 0.3354
v -0.0021 0.5489 0.3349
v -0.0105 0.5392 0.3388
v 0.0800 0.6456 0.3654
v 0.0697 0.6396 0.3513
v 0.0433 0.6151 0.3065
v 0.0360 0.6116 0.3062
v 0.0280 0.6079 0.3080
v 0.0137 0.6027 0.3219
v 0.0097 0.5901 0.3188
v 0.0014 0.5701 0.3309
v -0.0040 0.5541 0.3438
v -0.0121 0.5449 0.3479
v -0.0181 0.5390 0.3554
v -0.0250 0.5296 0.3757
v -0.0253 0.5228 0.3858
v -0.0209 0.5192 0.4196
v 0.0228 0.6058 0.3108
v 0.0038 0.5849 0.3277
v -0.0008 0.5681 0.3431
v -0.0038 0.5618 0.3515
v -0.0150 0.5522 0.3639
v -0.0245 0.5518 0.3919
v 0.1103 0.6522 0.4014
v 0.0603 0.6765 0.4139
v 0.0534 0.6347 0.3415
v 0.0324 0.6211 0.3220
v 0.0201 0.6160 0.3277
v 0.0073 0.5952 0.3260
v -0.0032 0.5813 0.3458
v -0.0030 0.5746 0.3480
v -0.0042 0.5683 0.3580
v -0.0261 0.5285 0.4004
v 0.0413 0.6315 0.3334
v 0.0040 0.6030 0.3394
v -0.0086 0.6109 0.3714
v -0.0060 0.5803 0.3612
v -0.0091 0.5731 0.3752
v -0.0195 0.5594 0.3848
v -0.0270 0.5403 0.3998
v -0.0272 0.5347 0.4128
v -0.0250 0.5314 0.4266
v 0.0437 0.6404 0.3493
v 0.0372 0.6355 0.3398
v 0.0264 0.6283 0.3358
v -0.0112 0.5974 0.3761
v -0.0226 0.5323 0.4465
v 0.0303 0.6406 0.3505
v 0.0219 0.6330 0.3460
v 0.0139 0.6275 0.3481
v -0.0094 0.5878 0.3742
v -0.0106 0.5845 0.3858
v -0.0142 0.5748 0.3905
v -0.0281 0.5541 0.4121
v -0.0291 0.5488 0.4227
v -0.0298 0.5523 0.4412
v 0.0367 0.6582 0.3790
v 0.0349 0.6481 0.3622
v -0.0040 0.6202 0.3687
v -0.0153 0.5807 0.3978
v -0.0207 0.5730 0.4036
v 0.0925 0.6681 0.4248
v 0.0682 0.6772 0.4220
v 0.0494 0.6618 0.3858
v 0.0240 0.6455 0.3607
v 0.0153 0.6418 0.3635
v 0.0026 0.6351 0.3722
v -0.0135 0.5940 0.3964
v -0.0148 0.5886 0.4046
v -0.0260 0.5736 0.4207
v -0.0296 0.5672 0.4298
v -0.0305 0.5597 0.4654
v 0.1199 0.6683 0.4577
v 0.0939 0.6792 0.4608
v 0.0220 0.6596 0.3818
v 0.0221 0.6503 0.3691
v -0.0198 0.6193 0.4050
v -0.0178 0.6053 0.4084
v -0.0173 0.5924 0.4136
v -0.0211 0.5367 0.4908
v 0.1006 0.5366 0.7036
v 0.1057 0.5493 0.7052
v 0.1083 0.6842 0.4935
v 0.0387 0.6826 0.4146
v 0.0153 0.6519 0.3754
v 0.0090 0.6483 0.3774
v -0.0032 0.6453 0.3883
v -0.0187 0.5984 0.4214
v -0.0228 0.5947 0.4312
v -0.0325 0.5833 0.4526
v -0.0320 0.5732 0.4464
v -0.0325 0.5687 0.4570
v 0.0758 0.5240 0.6997
v 0.0785 0.5314 0.7059
v 0.0870 0.5374 0.7085
v 0.0887 0.5510 0.7140
v 0.1089 0.5616 0.7056
v 0.1149 0.5716 0.7000
v 0.1171 0.5861 0.6960
v 0.0210 0.6765 0.4045
v 0.0147 0.6585 0.3829
v -0.0116 0.6380 0.3946
v -0.0166 0.6281 0.3979
v -0.0211 0.6127 0.4169
v -0.0208 0.6068 0.4314
v -0.0292 0.5942 0.4483
v -0.0355 0.5782 0.4863
v -0.0332 0.5691 0.5174
v 0.0571 0.5184 0.6902
v 0.0727 0.5378 0.7086
v 0.0804 0.5438 0.7131
v 0.1247 0.6022 0.6815
v 0.0688 0.6853 0.4409
v 0.0545 0.6899 0.4354
v 0.0083 0.6688 0.3963
v 0.0110 0.6632 0.3888
v 0.0013 0.6580 0.3923
v -0.0261 0.6060 0.4491
v -0.0350 0.5694 0.5295
v 0.0343 0.5209 0.6794
v 0.0367 0.5463 0.7050
v 0.1052 0.5817 0.7105
v 0.1248 0.6320 0.6725
v 0.1126 0.6874 0.5141
v 0.0778 0.6868 0.4609
v -0.0092 0.6536 0.4002
v -0.0215 0.6399 0.4108
v -0.0300 0.6426 0.4277
v -0.0273 0.6278 0.4314
v -0.0236 0.6160 0.4413
v -0.0316 0.6173 0.4690
v -0.0378 0.5940 0.4799
v -0.0422 0.5950 0.5120
v 0.0470 0.5473 0.7102
v 0.0805 0.5787 0.7268
v 0.0851 0.5900 0.7272
v 0.0995 0.6105 0.7149
v 0.1078 0.6385 0.6973
v 0.1248 0.6480 0.6654
v 0.1063 0.6963 0.5325
v 0.0720 0.6975 0.4877
v 0.0425 0.6897 0.4269
v 0.0239 0.6847 0.4149
v -0.0056 0.6662 0.4026
v -0.0170 0.6502 0.4079
v -0.0259 0.6214 0.4482
v -0.0265 0.6159 0.4553
v -0.0359 0.5995 0.4724
v 0.0030 0.5416 0.6718
v 0.0235 0.5235 0.6722
v 0.0605 0.5656 0.7244
v 0.0748 0.5673 0.7250
v 0.0944 0.6975 0.5160
v 0.0631 0.6955 0.4582
v 0.0493 0.7026 0.4525
v 0.0386 0.7017 0.4428
v 0.0232 0.6967 0.4277
v 0.0101 0.6824 0.4123
v -0.0019 0.6799 0.4112
v -0.0162 0.6615 0.4099
v -0.0268 0.6516 0.4214
v -0.0287 0.6277 0.4519
v -0.0284 0.6242 0.4591
v -0.0375 0.6104 0.4805
v -0.0418 0.5987 0.5001
v -0.0354 0.5527 0.5475
v 0.0090 0.5583 0.6980
v 0.0245 0.5526 0.7034
v 0.1378 0.6451 0.6376
v 0.1206 0.6778 0.6516
v 0.1099 0.7007 0.5526
v 0.0630 0.7008 0.4783
v 0.0134 0.6945 0.4224
v -0.0125 0.6742 0.4113
v -0.0233 0.6684 0.4183
v -0.0367 0.6443 0.4463
v -0.0305 0.6310 0.4621
v -0.0313 0.6259 0.4718
v -0.0414 0.6089 0.4929
v -0.0470 0.5758 0.5586
v -0.0200 0.5571 0.6623
v 0.0394 0.5594 0.7162
v 0.0667 0.5769 0.7307
v 0.0879 0.6026 0.7261
v 0.1142 0.6535 0.6818
v 0.1276 0.6773 0.6314
v 0.1367 0.6719 0.6040
v 0.1236 0.6936 0.6067
v 0.0670 0.7086 0.5114
v 0.0465 0.7128 0.4702
v 0.0010 0.6921 0.4201
v -0.0110 0.6886 0.4188
v -0.0183 0.6810 0.4169
v -0.0337 0.6618 0.4297
v -0.0365 0.6533 0.4371
v -0.0363 0.6414 0.4678
v -0.0331 0.6332 0.4757
v -0.0360 0.6289 0.4843
v -0.0400 0.6222 0.4909
v -0.0542 0.6199 0.5420
v -0.0478 0.5990 0.5450
v -0.0408 0.5569 0.5644
v -0.0323 0.5574 0.6387
v 0.0157 0.5674 0.7120
v 0.0333 0.5813 0.7306
v 0.0711 0.5886 0.7342
v 0.1174 0.6666 0.6690
v 0.1195 0.6951 0.6267
v 0.1175 0.6972 0.5650
v 0.0917 0.7201 0.5665
v 0.0893 0.7085 0.5366
v 0.0583 0.7105 0.5021
v 0.0323 0.7176 0.4621
v 0.0098 0.7132 0.4421
v 0.0035 0.7048 0.4289
v -0.0055 0.6992 0.4238
v -0.0333 0.6796 0.4265
v -0.0433 0.6539 0.4540
v -0.0443 0.6525 0.4698
v -0.0357 0.6397 0.4798
v -0.0496 0.6246 0.5158
v -0.0514 0.6186 0.5270
v -0.0493 0.6102 0.5295
v -0.0570 0.5866 0.5755
v -0.0195 0.5660 0.6782
v 0.0296 0.5721 0.7239
v 0.0504 0.5960 0.7398
v 0.0740 0.6416 0.7348
v 0.1078 0.7045 0.6503
v 0.1026 0.7199 0.6035
v 0.0924 0.7293 0.5974
v -0.0175 0.6964 0.4229
v -0.0260 0.6896 0.4219
v -0.0417 0.6721 0.4364
v -0.0434 0.6630 0.4437
v -0.0391 0.6461 0.4826
v -0.0392 0.6412 0.4916
v -0.0458 0.6385 0.5052
v -0.0439 0.5591 0.5807
v -0.0567 0.5803 0.6244
v -0.0369 0.5556 0.6217
v -0.0238 0.5930 0.7100
v 0.0315 0.6053 0.7434
v 0.0520 0.6106 0.7463
v 0.0604 0.6180 0.7446
v 0.0679 0.6257 0.7407
v 0.0906 0.6499 0.7156
v 0.1015 0.6705 0.6936
v 0.1050 0.6786 0.6836
v 0.0574 0.7221 0.5299
v 0.0598 0.7140 0.5157
v 0.0390 0.7276 0.4910
v -0.0110 0.7098 0.4289
v -0.0232 0.7034 0.4253
v -0.0308 0.6956 0.4232
v -0.0422 0.6893 0.4293
v -0.0500 0.6705 0.4476
v -0.0511 0.6633 0.4597
v -0.0433 0.6518 0.4855
v -0.0423 0.6475 0.4952
v -0.0600 0.6224 0.5574
v -0.0601 0.5839 0.6026
v -0.0627 0.5876 0.6162
v -0.0597 0.5871 0.6397
v 0.0203 0.5813 0.7254
v 0.0992 0.7242 0.6275
v 0.0682 0.7299 0.5542
v 0.0490 0.7248 0.5231
v 0.0482 0.7219 0.5105
v 0.0325 0.7273 0.4772
v 0.0205 0.7309 0.4720
v -0.0076 0.7178 0.4369
v -0.0205 0.7186 0.4313
v -0.0360 0.7014 0.4240
v -0.0535 0.6839 0.4403
v -0.0547 0.6632 0.4762
v -0.0480 0.6571 0.4882
v -0.0471 0.6553 0.4999
v -0.0480 0.6478 0.5089
v -0.0686 0.6134 0.5778
v -0.0653 0.5947 0.5935
v -0.0247 0.5826 0.6961
v 0.0925 0.6666 0.7078
v 0.1039 0.6953 0.6722
v 0.1002 0.7200 0.6410
v 0.0022 0.7259 0.4544
v -0.0216 0.7326 0.4434
v -0.0327 0.7139 0.4266
v -0.0411 0.7072 0.4256
v -0.0487 0.6991 0.4284
v -0.0545 0.6922 0.4350
v -0.0589 0.6788 0.4499
v -0.0600 0.6710 0.4629
v -0.0530 0.6623 0.4910
v -0.0504 0.6538 0.5117
v -0.0577 0.6431 0.5311
v -0.0592 0.6365 0.5392
v -0.0600 0.6305 0.5497
v -0.0710 0.6089 0.5884
v -0.0674 0.6019 0.6627
v -0.0841 0.6312 0.6943
v -0.0113 0.6044 0.7306
v 0.0122 0.6071 0.7409
v 0.0902 0.6860 0.7020
v 0.0922 0.6987 0.6913
v 0.0472 0.7321 0.5369
v 0.0348 0.7449 0.5407
v 0.0234 0.7376 0.4837
v -0.0108 0.7438 0.4671
v -0.0286 0.7282 0.4345
v -0.0382 0.7198 0.4271
v -0.0468 0.7142 0.4261
v -0.0545 0.7053 0.4278
v -0.0689 0.6947 0.4421
v -0.0697 0.6839 0.4540
v -0.0713 0.6789 0.4656
v -0.0649 0.6724 0.4724
v -0.0620 0.6694 0.4829
v -0.0630 0.6716 0.5074
v -0.0549 0.6643 0.5043
v -0.0540 0.6600 0.5141
v -0.0807 0.6142 0.6194
v -0.0818 0.6391 0.7126
v -0.0333 0.6206 0.7327
v -0.0022 0.6066 0.7362
v 0.0459 0.6342 0.7533
v 0.0767 0.6776 0.7222
v 0.0572 0.7630 0.6061
v 0.0070 0.7471 0.4830
v -0.0436 0.7262 0.4286
v -0.0602 0.7115 0.4273
v -0.0664 0.7027 0.4338
v -0.0742 0.6776 0.4812
v -0.0625 0.6695 0.5212
v -0.0631 0.6631 0.5329
v -0.0635 0.6516 0.5405
v -0.0701 0.6538 0.5576
v -0.0699 0.6435 0.5650
v -0.0846 0.6181 0.6311
v 0.0149 0.6245 0.7510
v 0.0732 0.7039 0.7140
v 0.0878 0.7211 0.6765
v 0.0659 0.7613 0.6330
v 0.0453 0.7407 0.5495
v 0.0234 0.7462 0.4981
v 0.0045 0.7587 0.4947
v -0.0341 0.7381 0.4400
v -0.0418 0.7351 0.4333
v -0.0574 0.7255 0.4264
v -0.0672 0.7195 0.4267
v -0.0733 0.7085 0.4320
v -0.0833 0.7034 0.4401
v -0.0857 0.6921 0.4552
v -0.0857 0.6861 0.4677
v -0.0734 0.6773 0.5153
v -0.0739 0.6357 0.5743
v -0.0776 0.6270 0.5856
v -0.0827 0.6204 0.6082
v -0.0821 0.6145 0.6414
v 0.0306 0.6362 0.7571
v 0.0402 0.6586 0.7567
v 0.0788 0.7435 0.6588
v 0.0690 0.7570 0.6495
v 0.0433 0.7657 0.5905
v 0.0241 0.7507 0.5110
v 0.0118 0.7605 0.5046
v -0.0467 0.7484 0.4401
v -0.0459 0.7416 0.4346
v -0.0582 0.7426 0.4295
v -0.0672 0.7367 0.4253
v -0.0824 0.7167 0.4295
v -0.0855 0.6835 0.4789
v -0.0820 0.6810 0.4897
v -0.0685 0.6733 0.5265
v -0.0678 0.6689 0.5363
v -0.0694 0.6620 0.5469
v -0.0919 0.6390 0.6044
v 0.0506 0.6642 0.7495
v 0.0562 0.6703 0.7436
v 0.0500 0.7055 0.7377
v 0.0763 0.7197 0.6986
v 0.0632 0.7617 0.6183
v 0.0324 0.7549 0.5596
v -0.0812 0.7366 0.4235
v -0.0833 0.7300 0.4243
v -0.0960 0.7133 0.4350
v -0.0962 0.7043 0.4435
v -0.0987 0.6950 0.4564
v -0.0976 0.6892 0.4680
v -0.0945 0.6857 0.4799
v -0.0899 0.6833 0.4915
v -0.0852 0.6817 0.5038
v -0.0757 0.6765 0.5291
v -0.0735 0.6730 0.5393
v -0.0731 0.6682 0.5494
v -0.0833 0.6659 0.5751
v -0.0995 0.6577 0.6013
v -0.0491 0.6105 0.7087
v 0.0235 0.6609 0.7649
v 0.0248 0.7604 0.5531
v 0.0089 0.7762 0.5320
v -0.0296 0.7632 0.4715
v -0.0647 0.7525 0.4313
v -0.0942 0.7261 0.4264
v -0.1059 0.7081 0.4414
v -0.1092 0.7005 0.4493
v -0.1103 0.6958 0.4563
v -0.1104 0.6903 0.4675
v -0.1059 0.6864 0.4804
v -0.1009 0.6838 0.4937
v -0.0885 0.6817 0.5194
v -0.0831 0.6792 0.5322
v -0.0799 0.6767 0.5422
v -0.0781 0.6731 0.5523
v -0.0781 0.6677 0.5626
v -0.0164 0.6458 0.7557
v 0.0036 0.6493 0.7607
v 0.0204 0.6485 0.7615
v 0.0376 0.6775 0.7562
v 0.0385 0.6923 0.7519
v 0.0663 0.7527 0.6741
v 0.0336 0.7601 0.5707
v -0.0124 0.8030 0.5323
v -0.0540 0.7701 0.4534
v -0.0594 0.7598 0.4398
v -0.0822 0.7541 0.4241
v -0.0993 0.7427 0.4229
v -0.1080 0.7373 0.4244
v -0.1139 0.7205 0.4327
v -0.1296 0.7061 0.4439
v -0.1232 0.6967 0.4543
v -0.1024 0.6807 0.5347
v -0.0920 0.6810 0.5339
v -0.0906 0.6801 0.5576
v -0.0839 0.6774 0.5552
v -0.0825 0.6733 0.5654
v -0.0926 0.6607 0.5891
v -0.0977 0.6407 0.6877
v -0.0916 0.6670 0.7399
v -0.0324 0.6441 0.7514
v 0.0280 0.6715 0.7630
v 0.0522 0.7269 0.7241
v 0.0575 0.7334 0.7134
v 0.0596 0.7404 0.7042
v 0.0631 0.7472 0.6910
v 0.0214 0.7734 0.5797
v 0.0234 0.7654 0.5645
v 0.0164 0.7744 0.5692
v -0.0707 0.7706 0.4384
v -0.0798 0.7640 0.4289
v -0.0978 0.7542 0.4218
v -0.1411 0.6978 0.4518
v -0.1427 0.6920 0.4616
v -0.1426 0.6858 0.4769
v -0.1375 0.6817 0.4943
v -0.1390 0.6796 0.5146
v -0.0986 0.6823 0.5588
v -0.0880 0.6780 0.5682
v -0.0885 0.6721 0.5786
v -0.0980 0.6364 0.6707
v -0.0701 0.6518 0.7404
v -0.0418 0.6417 0.7463
v 0.0110 0.6603 0.7651
v 0.0561 0.7671 0.6670
v 0.0301 0.7880 0.6187
v -0.0121 0.7855 0.5064
v -0.0221 0.7805 0.4916
v -0.0446 0.7806 0.4710
v -0.1033 0.7782 0.4235
v -0.1107 0.7539 0.4216
v -0.1236 0.7329 0.4277
v -0.1333 0.7216 0.4344
v -0.1328 0.6801 0.5468
v -0.1044 0.6824 0.5538
v -0.0946 0.6815 0.5711
v -0.0930 0.6776 0.5813
v -0.0966 0.6692 0.5915
v -0.1141 0.6629 0.6301
v 0.0070 0.6799 0.7694
v 0.0504 0.7661 0.6855
v 0.0408 0.7826 0.6295
v -0.0085 0.7900 0.5172
v -0.1091 0.7687 0.4208
v -0.1318 0.7408 0.4258
v -0.1433 0.7275 0.4320
v -0.1542 0.7096 0.4418
v -0.1590 0.7008 0.4502
v -0.1594 0.6951 0.4596
v -0.1576 0.6900 0.4718
v -0.1537 0.6842 0.4892
v -0.1496 0.6812 0.5049
v -0.1376 0.6794 0.5355
v -0.1021 0.6841 0.5740
v -0.0985 0.6822 0.5841
v -0.1005 0.6749 0.5947
v -0.1076 0.6714 0.6077
v -0.1117 0.6664 0.6191
v -0.1188 0.6651 0.6436
v -0.1223 0.6672 0.6581
v -0.0506 0.6491 0.7487
v -0.0048 0.6806 0.7693
v 0.0120 0.6906 0.7688
v 0.0150 0.7016 0.7654
v 0.0474 0.7586 0.7023
v 0.0488 0.7758 0.6592
v 0.0312 0.7922 0.6527
v 0.0205 0.7807 0.5925
v 0.0097 0.7870 0.5865
v 0.0097 0.7841 0.5738
v -0.0081 0.8017 0.5443
v -0.0213 0.7989 0.5087
v -0.0297 0.7963 0.4958
v -0.0654 0.7864 0.4526
v -0.0830 0.7884 0.4384
v -0.0948 0.7833 0.4288
v -0.1292 0.7731 0.4209
v -0.1400 0.7572 0.4229
v -0.1666 0.7199 0.4383
v -0.1656 0.7090 0.4440
v -0.1717 0.7048 0.4501
v -0.1743 0.6995 0.4598
v -0.1724 0.6936 0.4736
v -0.1675 0.6874 0.4960
v -0.1544 0.6815 0.5295
v -0.1163 0.6850 0.5689
v -0.1097 0.6863 0.5780
v -0.1050 0.6854 0.5877
v -0.1042 0.6812 0.5974
v -0.1193 0.6626 0.6737
v -0.1023 0.6511 0.7048
v -0.0397 0.6541 0.7539
v -0.0371 0.6719 0.7605
v 0.0028 0.7293 0.7652
v 0.0097 0.7425 0.7542
v 0.0418 0.7544 0.7151
v 0.0118 0.7892 0.5980
v -0.0111 0.8102 0.5609
v -0.0174 0.8044 0.5221
v -0.0530 0.7927 0.4694
v -0.0809 0.7964 0.4434
v -0.1221 0.7830 0.4212
v -0.1529 0.7436 0.4276
v -0.1804 0.7168 0.4433
v -0.1678 0.6858 0.5131
v -0.1511 0.6835 0.5539
v -0.1374 0.6853 0.5718
v -0.1212 0.6886 0.5849
v -0.1122 0.6878 0.5917
v -0.1093 0.6852 0.6018
v -0.1139 0.6799 0.6150
v -0.0611 0.6603 0.7511
v -0.0237 0.6914 0.7703
v 0.0291 0.7840 0.6945
v 0.0323 0.7881 0.6749
v 0.0163 0.8047 0.6457
v 0.0126 0.7946 0.6096
v 0.0016 0.7977 0.5913
v -0.0235 0.8070 0.5108
v -0.0345 0.8065 0.4930
v -0.0537 0.7995 0.4711
v -0.0715 0.8017 0.4541
v -0.1043 0.8007 0.4294
v -0.1743 0.7304 0.4362
v -0.1857 0.7099 0.4510
v -0.1864 0.7044 0.4606
v -0.1860 0.7010 0.4687
v -0.1871 0.6986 0.4798
v -0.1799 0.6926 0.4962
v -0.1189 0.6905 0.5966
v -0.1198 0.6729 0.6342
v 0.0262 0.7752 0.7127
v 0.0168 0.8014 0.6316
v -0.0153 0.8116 0.5368
v -0.0199 0.8142 0.5230
v -0.0286 0.8172 0.5019
v -0.0347 0.8173 0.4923
v -0.0469 0.8141 0.4783
v -0.0550 0.8112 0.4714
v -0.0692 0.8097 0.4585
v -0.0895 0.8123 0.4419
v -0.0967 0.8061 0.4352
v -0.1154 0.7962 0.4237
v -0.2025 0.7181 0.4531
v -0.1888 0.6950 0.5181
v -0.1740 0.6890 0.5422
v -0.1609 0.6959 0.5961
v -0.1301 0.6924 0.5962
v -0.1200 0.6900 0.6202
v -0.1226 0.6883 0.6286
v -0.1255 0.6756 0.7076
v -0.1033 0.6632 0.7248
v -0.0770 0.6643 0.7467
v -0.0383 0.6896 0.7676
v -0.0167 0.7081 0.7742
v 0.0140 0.7622 0.7388
v 0.0059 0.7796 0.7330
v -0.0008 0.8077 0.6191
v 0.0006 0.8021 0.6049
v -0.0057 0.8093 0.6046
v -0.0126 0.8168 0.5792
v -0.0158 0.8190 0.5581
v -0.0184 0.8206 0.5346
v -0.0210 0.8242 0.5229
v -0.0241 0.8275 0.5116
v -0.0281 0.8299 0.5000
v -0.0326 0.8314 0.4896
v -0.0396 0.8293 0.4812
v -0.0524 0.8207 0.4723
v -0.0700 0.8270 0.4577
v -0.0849 0.8239 0.4473
v -0.1015 0.8281 0.4373
v -0.1218 0.8318 0.4286
v -0.1238 0.8090 0.4237
v -0.1436 0.8144 0.4224
v -0.1562 0.8044 0.4224
v -0.1758 0.7738 0.4270
v -0.2010 0.7289 0.4452
v -0.2019 0.7116 0.4626
v -0.2083 0.7103 0.4751
v -0.2058 0.7052 0.4985
v -0.1949 0.6981 0.5382
v -0.1728 0.6912 0.5623
v -0.1394 0.7001 0.6178
v -0.1291 0.6860 0.6502
v -0.1281 0.6768 0.6972
v -0.0720 0.6822 0.7562
v -0.0515 0.6874 0.7623
v -0.0126 0.7194 0.7753
v -0.0074 0.7263 0.7726
v 0.0146 0.8054 0.6601
v -0.0228 0.8332 0.5259
v -0.0262 0.8376 0.5114
v -0.0294 0.8407 0.4999
v -0.0331 0.8437 0.4881
v -0.0405 0.8435 0.4757
v -0.0487 0.8399 0.4691
v -0.0572 0.8351 0.4640
v -0.0603 0.8461 0.4599
v -0.0792 0.8344 0.4510
v -0.1715 0.7918 0.4240
v -0.2183 0.7205 0.4662
v -0.1910 0.6983 0.5614
v -0.1687 0.6945 0.5833
v -0.1204 0.6799 0.7273
v -0.0472 0.7020 0.7684
v -0.0405 0.7151 0.7729
v -0.0080 0.8195 0.6424
v -0.0218 0.8318 0.5600
v -0.0303 0.8472 0.5142
v -0.0325 0.8487 0.5009
v -0.0370 0.8516 0.4872
v -0.0430 0.8530 0.4749
v -0.0501 0.8512 0.4663
v -0.0583 0.8581 0.4611
v -0.0702 0.8517 0.4542
v -0.0880 0.8416 0.4460
v -0.1352 0.8281 0.4251
v -0.2161 0.7582 0.4415
v -0.2354 0.7536 0.4503
v -0.2146 0.7089 0.5167
v -0.1890 0.7027 0.5871
v -0.1324 0.6968 0.6435
v -0.1327 0.6870 0.6628
v -0.1373 0.6892 0.6903
v -0.1240 0.6776 0.7172
v -0.1092 0.6750 0.7334
v -0.1043 0.6835 0.7438
v -0.0616 0.7091 0.7669
v -0.0179 0.7369 0.7743
v -0.0303 0.7784 0.7656
v -0.0186 0.7792 0.7561
v -0.0017 0.8072 0.7016
v -0.0037 0.8168 0.6778
v -0.0141 0.8210 0.6215
v -0.0257 0.8385 0.5903
v -0.0382 0.8573 0.4974
v -0.0437 0.8604 0.4810
v -0.0467 0.8612 0.4745
v -0.0534 0.8600 0.4658
v -0.0661 0.8638 0.4585
v -0.0741 0.8593 0.4526
v -0.1002 0.8494 0.4412
v -0.2202 0.7300 0.4552
v -0.1381 0.6978 0.6542
v -0.1358 0.6887 0.6748
v -0.0821 0.6941 0.7579
v -0.0747 0.7074 0.7646
v -0.0386 0.7322 0.7774
v -0.0261 0.7297 0.7767
v -0.0219 0.7545 0.7711
v -0.0124 0.7855 0.7464
v -0.0022 0.8012 0.7148
v -0.0385 0.8588 0.5253
v -0.0486 0.8670 0.4838
v -0.0515 0.8679 0.4770
v -0.0570 0.8671 0.4671
v -0.0761 0.8694 0.4556
v -0.0859 0.8632 0.4488
v -0.1963 0.7928 0.4275
v -0.2067 0.7791 0.4332
v -0.2415 0.7380 0.4675
v -0.2357 0.7230 0.5021
v -0.2224 0.7142 0.5486
v -0.1457 0.7021 0.6573
v -0.1430 0.6968 0.6688
v -0.1406 0.6939 0.6793
v -0.1401 0.6930 0.6991
v -0.1189 0.6902 0.7386
v -0.0552 0.7317 0.7765
v -0.0321 0.7418 0.7778
v -0.0365 0.8220 0.7354
v -0.0098 0.8180 0.6928
v -0.0129 0.8257 0.6704
v -0.0115 0.8244 0.6601
v -0.0174 0.8252 0.6361
v -0.0511 0.8718 0.4993
v -0.0633 0.8756 0.4713
v -0.0689 0.8725 0.4625
v -0.0866 0.8827 0.4578
v -0.1153 0.8617 0.4389
v -0.1293 0.8562 0.4339
v -0.1664 0.8187 0.4245
v -0.1994 0.8085 0.4271
v -0.2500 0.7373 0.4845
v -0.2378 0.7229 0.5235
v -0.1532 0.7019 0.6741
v -0.1444 0.6958 0.6886
v -0.1365 0.6908 0.7110
v -0.1353 0.6945 0.7229
v -0.1170 0.7153 0.7547
v -0.1184 0.7321 0.7635
v -0.0626 0.7221 0.7725
v -0.0411 0.7584 0.7790
v -0.0271 0.8354 0.6386
v -0.0472 0.8722 0.5600
v -0.0672 0.8889 0.4952
v -0.0964 0.8750 0.4492
v -0.1452 0.8428 0.4285
v -0.1797 0.8421 0.4280
v -0.2177 0.7980 0.4306
v -0.2296 0.7865 0.4369
v -0.2214 0.7177 0.5742
v -0.1609 0.7033 0.6910
v -0.1495 0.6982 0.6963
v -0.1461 0.6975 0.7031
v -0.1410 0.6965 0.7136
v -0.1361 0.7017 0.7319
v -0.0964 0.7194 0.7651
v -0.0861 0.7302 0.7699
v -0.0727 0.7353 0.7762
v -0.0442 0.7449 0.7792
v -0.0302 0.8238 0.7235
v -0.0150 0.8261 0.6829
v -0.0206 0.8326 0.6596
v -0.0567 0.8835 0.5364
v -0.0647 0.8898 0.5114
v -0.0742 0.8881 0.4747
v -0.0984 0.8860 0.4542
v -0.1128 0.8801 0.4464
v -0.1572 0.8569 0.4323
v -0.2069 0.8016 0.4282
v -0.2432 0.7681 0.4478
v -0.2494 0.7532 0.4595
v -0.2600 0.7408 0.5004
v -0.1667 0.7141 0.6715
v -0.1623 0.7071 0.6794
v -0.1624 0.7035 0.7025
v -0.1508 0.7006 0.7082
v -0.1437 0.7009 0.7212
v -0.1337 0.7087 0.7402
v -0.0366 0.7694 0.7740
v -0.0223 0.8250 0.7058
v -0.0201 0.8333 0.6733
v -0.0796 0.8957 0.4810
v -0.0845 0.8936 0.4691
v -0.0982 0.8984 0.4637
v -0.1980 0.8256 0.4274
v -0.2191 0.8126 0.4278
v -0.2427 0.7272 0.5443
v -0.1691 0.7117 0.6845
v -0.1590 0.7031 0.7124
v -0.1528 0.7036 0.7213
v -0.1490 0.7049 0.7256
v -0.1416 0.7070 0.7336
v -0.1262 0.7129 0.7476
v -0.0690 0.7466 0.7790
v -0.0557 0.7578 0.7805
v -0.0313 0.8074 0.7451
v -0.0233 0.8338 0.6874
v -0.0257 0.8410 0.6771
v -0.0347 0.8529 0.6690
v -0.0410 0.8556 0.6488
v -0.1078 0.9005 0.4604
v -0.1221 0.8994 0.4554
v -0.1558 0.8808 0.4424
v -0.1855 0.8550 0.4298
v -0.2277 0.8319 0.4267
v -0.2492 0.7892 0.4407
v -0.2589 0.7700 0.4535
v -0.2634 0.7631 0.4616
v -0.2680 0.7513 0.4847
v -0.2586 0.7377 0.5187
v -0.1739 0.7115 0.6966
v -0.1703 0.7070 0.7076
v -0.1665 0.7050 0.7177
v -0.1522 0.7077 0.7345
v -0.1390 0.7147 0.7440
v -0.1297 0.7193 0.7506
v -0.1224 0.7225 0.7564
v -0.1056 0.7383 0.7688
v -0.0992 0.7359 0.7689
v -0.0901 0.7410 0.7740
v -0.0814 0.7465 0.7779
v -0.0558 0.7738 0.7794
v -0.0463 0.7788 0.7743
v -0.0291 0.8357 0.7028
v -0.0277 0.8411 0.6902
v -0.0799 0.9027 0.5055
v -0.1737 0.8805 0.4398
v -0.1772 0.8601 0.4317
v -0.2174 0.8435 0.4279
v -0.2313 0.8236 0.4267
v -0.2570 0.8074 0.4345
v -0.2619 0.7830 0.4479
v -0.2704 0.7608 0.4724
v -0.2600 0.7431 0.5612
v -0.1781 0.7153 0.6985
v -0.1787 0.7107 0.7115
v -0.1760 0.7069 0.7233
v -0.1708 0.7064 0.7345
v -0.1606 0.7090 0.7401
v -0.1585 0.7148 0.7513
v -0.1504 0.7183 0.7543
v -0.1344 0.7240 0.7543
v -0.0876 0.7542 0.7786
v -0.0688 0.7706 0.7807
v -0.0542 0.7864 0.7758
v -0.0521 0.7980 0.7695
v -0.0324 0.8331 0.7150
v -0.0333 0.8546 0.6856
v -0.0436 0.8599 0.6575
v -0.1025 0.9047 0.4679
v -0.1993 0.8519 0.4285
v -0.2396 0.8169 0.4283
v -0.2742 0.8005 0.4426
v -0.2693 0.7767 0.4556
v -0.2720 0.7699 0.4639
v -0.2772 0.7605 0.4846
v -0.2789 0.7592 0.4936
v -0.2740 0.7524 0.5040
v -0.2374 0.7331 0.5852
v -0.1870 0.7138 0.7157
v -0.1921 0.7098 0.7351
v -0.1687 0.7117 0.7454
v -0.1421 0.7252 0.7602
v -0.1308 0.7335 0.7630
v -0.1221 0.7390 0.7668
v -0.1118 0.7463 0.7707
v -0.0999 0.7543 0.7742
v -0.0665 0.7848 0.7807
v -0.0618 0.8228 0.7614
v -0.0496 0.8294 0.7442
v -0.0379 0.8348 0.7233
v -0.0347 0.8479 0.7066
v -0.0353 0.8568 0.6998
v -0.0411 0.8615 0.6755
v -0.0788 0.9069 0.5471
v -0.1024 0.9179 0.4991
v -0.1090 0.9176 0.4852
v -0.1173 0.9184 0.4771
v -0.1202 0.9124 0.4668
v -0.1299 0.9069 0.4600
v -0.1601 0.8953 0.4511
v -0.1875 0.8734 0.4333
v -0.1971 0.8693 0.4303
v -0.2117 0.8699 0.4286
v -0.2425 0.8345 0.4245
v -0.2595 0.8345 0.4253
v -0.2712 0.8253 0.4300
v -0.2723 0.7884 0.4491
v -0.2779 0.7824 0.4573
v -0.2775 0.7749 0.4660
v -0.2839 0.7790 0.4700
v -0.2744 0.7523 0.5262
v -0.2654 0.7451 0.5404
v -0.2657 0.7460 0.5551
v -0.1950 0.7112 0.7328
v -0.1838 0.7105 0.7436
v -0.1766 0.7143 0.7503
v -0.1672 0.7164 0.7575
v -0.1484 0.7265 0.7683
v -0.1360 0.7366 0.7691
v -0.1304 0.7413 0.7693
v -0.1268 0.7442 0.7698
v -0.1080 0.7660 0.7748
v -0.0974 0.7688 0.7777
v -0.0886 0.7892 0.7803
v -0.0736 0.8063 0.7767
v -0.0433 0.8376 0.7297
v -0.0401 0.8475 0.7195
v -0.0385 0.8626 0.6905
v -0.0968 0.9186 0.5219
v -0.1349 0.9151 0.4674
v -0.2293 0.8950 0.4280
v -0.2832 0.7953 0.4495
v -0.2853 0.7691 0.4887
v -0.2818 0.7592 0.5218
v -0.2715 0.7493 0.5446
v -0.2047 0.7194 0.7258
v -0.1906 0.7121 0.7507
v -0.1762 0.7180 0.7634
v -0.1660 0.7205 0.7711
v -0.1605 0.7242 0.7750
v -0.1526 0.7310 0.7789
v -0.1415 0.7389 0.7762
v -0.1314 0.7491 0.7737
v -0.1266 0.7534 0.7732
v -0.1183 0.7616 0.7738
v -0.1092 0.7841 0.7775
v -0.0789 0.7965 0.7809
v -0.0686 0.8146 0.7711
v -0.0509 0.8366 0.7400
v -0.0459 0.8457 0.7307
v -0.0393 0.8598 0.7148
v -0.0392 0.8651 0.7049
v -0.0427 0.8682 0.6935
v -0.0905 0.9168 0.5472
v -0.1562 0.9088 0.4622
v -0.1818 0.8984 0.4482
v -0.1900 0.8938 0.4415
v -0.1956 0.8841 0.4347
v -0.2537 0.8464 0.4233
v -0.2919 0.7919 0.4591
v -0.2896 0.7845 0.4691
v -0.2889 0.7791 0.4806
v -0.2900 0.7704 0.5053
v -0.2806 0.7566 0.5366
v -0.2772 0.7541 0.5469
v -0.2728 0.7539 0.5597
v -0.2727 0.7577 0.5705
v -0.2058 0.7149 0.7374
v -0.2023 0.7124 0.7478
v -0.1986 0.7124 0.7547
v -0.1922 0.7134 0.7631
v -0.1840 0.7168 0.7703
v -0.1817 0.7190 0.7720
v -0.1803 0.7219 0.7860
v -0.1474 0.7408 0.7836
v -0.1399 0.7487 0.7810
v -0.1308 0.7592 0.7761
v -0.0646 0.8331 0.7556
v -0.0542 0.8427 0.7415
v -0.0480 0.8525 0.7349
v -0.0443 0.8635 0.7300
v -0.0415 0.8664 0.7192
v -0.0425 0.8711 0.7087
v -0.0476 0.8735 0.6959
v -0.0556 0.8770 0.6823
v -0.1325 0.9218 0.4756
v -0.1450 0.9235 0.4768
v -0.1999 0.8910 0.4352
v -0.2128 0.8918 0.4312
v -0.3073 0.8210 0.4408
v -0.2975 0.8027 0.4501
v -0.2957 0.7893 0.4706
v -0.2937 0.7844 0.4834
v -0.2994 0.7862 0.4974
v -0.2893 0.7653 0.5266
v -0.2855 0.7619 0.5393
v -0.2813 0.7599 0.5498
v -0.2129 0.7169 0.7425
v -0.2102 0.7142 0.7522
v -0.2059 0.7135 0.7621
v -0.2017 0.7136 0.7704
v -0.1933 0.7185 0.7762
v -0.1890 0.7203 0.7795
v -0.1779 0.7286 0.7976
v -0.1624 0.7343 0.7920
v -0.1524 0.7434 0.7910
v -0.1438 0.7534 0.7862
v -0.1371 0.7621 0.7808
v -0.1303 0.7707 0.7757
v -0.1275 0.7736 0.7748
v -0.1189 0.7807 0.7753
v -0.0996 0.8041 0.7784
v -0.0885 0.8052 0.7789
v -0.0819 0.8125 0.7759
v -0.0766 0.8198 0.7707
v -0.0741 0.8300 0.7640
v -0.0651 0.8393 0.7524
v -0.0578 0.8483 0.7463
v -0.0509 0.8658 0.7442
v -0.0437 0.8732 0.7236
v -0.0459 0.8772 0.7123
v -0.0549 0.8806 0.6968
v -0.1116 0.9304 0.5362
v -0.1268 0.9356 0.5122
v -0.1354 0.9337 0.4947
v -0.1468 0.9332 0.4892
v -0.1596 0.9233 0.4755
v -0.1713 0.9167 0.4666
v -0.2069 0.9024 0.4392
v -0.2627 0.8605 0.4212
v -0.2651 0.8533 0.4207
v -0.2792 0.8523 0.4189
v -0.2904 0.8484 0.4213
v -0.3076 0.8016 0.4599
v -0.3024 0.7942 0.4712
v -0.2988 0.7898 0.4852
v -0.3012 0.7839 0.5085
v -0.2965 0.7756 0.5160
v -0.2932 0.7707 0.5301
v -0.2887 0.7681 0.5421
v -0.2835 0.7665 0.5532
v -0.2789 0.7652 0.5642
v -0.2190 0.7210 0.7454
v -0.2176 0.7166 0.7558
v -0.2139 0.7150 0.7659
v -0.2016 0.7177 0.7829
v -0.1964 0.7221 0.7866
v -0.1894 0.7303 0.7902
v -0.1659 0.7376 0.7986
v -0.1567 0.7477 0.7965
v -0.1480 0.7582 0.7907
v -0.1417 0.7673 0.7840
v -0.1351 0.7767 0.7771
v -0.1291 0.7869 0.7762
v -0.1216 0.7941 0.7772
v -0.0942 0.8136 0.7764
v -0.0861 0.8276 0.7689
v -0.0738 0.8399 0.7577
v -0.0674 0.8476 0.7537
v -0.0601 0.8560 0.7519
v -0.0468 0.8744 0.7370
v -0.0461 0.8798 0.7278
v -0.0496 0.8830 0.7160
v -0.1782 0.9237 0.4707
v -0.1941 0.9110 0.4534
v -0.2169 0.8994 0.4326
v -0.2726 0.8578 0.4180
v -0.3089 0.8369 0.4314
v -0.3126 0.8205 0.4429
v -0.3150 0.8131 0.4505
v -0.3119 0.8010 0.4719
v -0.3035 0.7952 0.4881
v -0.3004 0.7814 0.5189
v -0.2978 0.7799 0.5289
v -0.2912 0.7780 0.5447
v -0.2856 0.7741 0.5566
v -0.2845 0.7725 0.5628
v -0.2111 0.7276 0.7571
v -0.2141 0.7220 0.7649
v -0.2161 0.7199 0.7720
v -0.2171 0.7168 0.7789
v -0.2104 0.7196 0.7882
v -0.2036 0.7248 0.7930
v -0.1947 0.7265 0.7993
v -0.1847 0.7302 0.8043
v -0.1779 0.7354 0.8056
v -0.1736 0.7459 0.8097
v -0.1605 0.7536 0.8022
v -0.1540 0.7667 0.7956
v -0.1462 0.7727 0.7870
v -0.1410 0.7843 0.7789
v -0.1084 0.8112 0.7774
v -0.1002 0.8185 0.7754
v -0.1020 0.8293 0.7699
v -0.0832 0.8406 0.7618
v -0.0797 0.8449 0.7592
v -0.0709 0.8531 0.7580
v -0.0557 0.8688 0.7532
v -0.0507 0.8763 0.7477
v -0.0483 0.8815 0.7416
v -0.0486 0.8863 0.7318
v -0.0527 0.8890 0.7200
v -0.0613 0.8894 0.7054
v -0.1269 0.9377 0.5262
v -0.2092 0.7303 0.7686
v -0.2151 0.7248 0.7752
v -0.2175 0.7222 0.7793
v -0.2221 0.7185 0.7862
v -0.2204 0.7177 0.7917
v -0.2098 0.7261 0.8004
v -0.2019 0.7287 0.8057
v -0.1993 0.7338 0.8053
v -0.1936 0.7364 0.8070
v -0.1824 0.7390 0.8120
v -0.1704 0.7509 0.8092
v -0.1477 0.7800 0.7844
v -0.1380 0.7962 0.7765
v -0.1297 0.8032 0.7769
v -0.1212 0.8105 0.7771
v -0.1135 0.8176 0.7759
v -0.0962 0.8379 0.7658
v -0.0898 0.8457 0.7617
v -0.0810 0.8532 0.7619
v -0.0720 0.8607 0.7633
v -0.0648 0.8674 0.7621
v -0.0580 0.8771 0.7584
v -0.0556 0.8874 0.7556
v -0.0520 0.8876 0.7446
v -0.0515 0.8926 0.7358
v -0.0583 0.8970 0.7243
v -0.0681 0.8953 0.7071
v -0.1446 0.9419 0.5101
v -0.1632 0.9337 0.4867
v -0.1927 0.9309 0.4701
v -0.2151 0.9104 0.4411
v -0.2212 0.9056 0.4342
v -0.3194 0.8096 0.4618
v -0.3084 0.8005 0.4905
v -0.3064 0.7963 0.5015
v -0.3055 0.7917 0.5113
v -0.2922 0.7835 0.5491
v -0.2923 0.7828 0.5572
v -0.1566 0.9400 0.4984
v -0.1744 0.9336 0.4827
v -0.2317 0.9289 0.4485
v -0.2297 0.9162 0.4379
v -0.2341 0.9076 0.4302
v -0.2449 0.9004 0.4260
v -0.2538 0.9106 0.4256
v -0.2803 0.8849 0.4167
v -0.2860 0.8715 0.4136
v -0.2966 0.8646 0.4128
v -0.3268 0.8279 0.4432
v -0.3236 0.8186 0.4518
v -0.3210 0.8086 0.4773
v -0.3126 0.8061 0.4939
v -0.3097 0.8026 0.5049
v -0.3066 0.7976 0.5165
v -0.3011 0.7954 0.5323
v -0.2982 0.7930 0.5418
v -0.0043 -0.6733 -0.1853
v -0.1348 0.8097 0.7767
v -0.1270 0.8168 0.7761
v -0.1211 0.8242 0.7735
v -0.1082 0.8374 0.7680
v -0.1000 0.8454 0.7651
v -0.0935 0.8519 0.7656
v -0.0810 0.8595 0.7674
v -0.0662 0.8746 0.7690
v -0.0621 0.8845 0.7690
v -0.0570 0.8991 0.7523
v -0.0573 0.8977 0.7382
v -0.2192 0.7241 0.7954
v -0.2200 0.7212 0.8057
v -0.2082 0.7293 0.8125
v -0.1994 0.7366 0.8142
v -0.1964 0.7367 0.8159
v -0.1883 0.7440 0.8146
v -0.1820 0.7478 0.8165
v -0.1747 0.7558 0.8134
v -0.1679 0.7647 0.8077
v -0.1620 0.7737 0.8004
v -0.1579 0.7825 0.7912
v -0.1532 0.7919 0.7802
v -0.1675 0.9427 0.5002
v -0.1711 0.9405 0.4940
v -0.2384 0.9139 0.4317
v -0.2635 0.9066 0.4234
v -0.2932 0.8784 0.4093
v -0.3105 0.8612 0.4143
v -0.3213 0.8486 0.4256
v -0.3251 0.8368 0.4354
v -0.3305 0.8232 0.4525
v -0.3299 0.8178 0.4639
v -0.3258 0.8134 0.4795
v -0.3144 0.8107 0.4985
v -0.3106 0.8077 0.5142
v -0.3071 0.8051 0.5250
v -0.3049 0.8020 0.5344
v -0.3038 0.7979 0.5442
v -0.0234 -0.4165 -0.0107
v -0.1493 0.8094 0.7741
v -0.1347 0.8224 0.7734
v -0.1191 0.8388 0.7688
v -0.1088 0.8452 0.7668
v -0.1031 0.8525 0.7681
v -0.0931 0.8584 0.7708
v -0.0714 0.8829 0.7813
v -0.0589 0.8946 0.7644
v -0.0657 0.9053 0.7314
v -0.2131 0.7357 0.7970
v -0.2171 0.7305 0.8162
v -0.2039 0.7392 0.8200
v -0.2015 0.7409 0.8198
v -0.1958 0.7465 0.8178
v -0.1876 0.7539 0.8165
v -0.1795 0.7628 0.8131
v -0.1723 0.7732 0.8050
v -0.1656 0.7875 0.7881
v -0.1887 0.9447 0.4919
v -0.2302 0.9467 0.4653
v -0.2498 0.9446 0.4515
v -0.2466 0.9233 0.4352
v -0.2513 0.9156 0.4281
v -0.2937 0.8988 0.4109
v -0.3102 0.8879 0.3989
v -0.3117 0.8767 0.4032
v -0.3179 0.8687 0.4082
v -0.3236 0.8594 0.4168
v -0.3328 0.8419 0.4339
v -0.3362 0.8339 0.4436
v -0.3370 0.8280 0.4535
v -0.3353 0.8229 0.4660
v -0.3296 0.8185 0.4818
v -0.3213 0.8186 0.4968
v -0.3173 0.8168 0.5069
v -0.3143 0.8137 0.5176
v -0.3123 0.8103 0.5271
v -0.3150 0.8104 0.5360
v -0.1665 0.8045 0.7746
v -0.1639 0.8093 0.7719
v -0.1561 0.8166 0.7723
v -0.1478 0.8222 0.7730
v -0.1387 0.8305 0.7721
v -0.1251 0.8457 0.7680
v -0.1152 0.8512 0.7689
v -0.1053 0.8584 0.7741
v -0.1001 0.8687 0.7865
v -0.0851 0.8737 0.7855
v -0.0781 0.8829 0.7882
v -0.0686 0.8895 0.7819
v -0.0623 0.8968 0.7743
v -0.0598 0.9033 0.7683
v -0.0591 0.9064 0.7588
v -0.0619 0.9103 0.7502
v -0.0720 0.9083 0.7276
v -0.2183 0.7367 0.8176
v -0.2129 0.7412 0.8210
v -0.2029 0.7473 0.8200
v -0.1952 0.7536 0.8177
v -0.1889 0.7734 0.8091
v -0.1801 0.7771 0.8047
v -0.1773 0.7843 0.7965
v -0.1699 0.7919 0.7826
v -0.2567 0.9231 0.4303
v -0.2592 0.9200 0.4274
v -0.2723 0.9209 0.4217
v -0.2911 0.9313 0.4139
v -0.3048 0.8980 0.4036
v -0.3216 0.8828 0.3956
v -0.3330 0.8787 0.3972
v -0.3320 0.8651 0.4117
v -0.3372 0.8541 0.4241
v -0.3462 0.8500 0.4315
v -0.3429 0.8385 0.4445
v -0.3426 0.8330 0.4555
v -0.3400 0.8284 0.4685
v -0.3373 0.8267 0.4759
v -0.3308 0.8254 0.4885
v -0.3253 0.8247 0.4995
v -0.3219 0.8221 0.5097
v -0.3203 0.8180 0.5199
v -0.1659 0.8193 0.7679
v -0.1526 0.8300 0.7720
v -0.1459 0.8363 0.7702
v -0.1362 0.8465 0.7684
v -0.1261 0.8519 0.7694
v -0.1189 0.8574 0.7741
v -0.1092 0.8633 0.7813
v -0.0935 0.8720 0.7880
v -0.0703 0.9027 0.7900
v -0.0664 0.9060 0.7830
v -0.0631 0.9129 0.7660
v -0.0799 0.9193 0.7352
v -0.2170 0.7402 0.8146
v -0.2192 0.7384 0.8186
v -0.2152 0.7457 0.8239
v -0.2100 0.7499 0.8233
v -0.1994 0.7600 0.8162
v -0.0717 -0.4980 -0.0200
v -0.2068 0.7542 0.8109
v -0.2155 0.7471 0.8212
v -0.2136 0.7535 0.8260
v -0.1699 0.8320 0.7612
v -0.1578 0.8375 0.7686
v -0.1510 0.8444 0.7668
v -0.1424 0.8507 0.7685
v -0.1335 0.8555 0.7719
v -0.1229 0.8634 0.7802
v -0.1287 0.8689 0.7846
v -0.1105 0.8737 0.7918
v -0.0957 0.8817 0.7977
v -0.0869 0.8898 0.8004
v -0.0782 0.8954 0.7959
v -0.0652 0.9120 0.7765
v -0.0337 -0.2127 -0.1243
v -0.0718 0.9246 0.7621
v -0.0744 0.9249 0.7537
v -0.0776 0.9209 0.7410
v -0.2127 0.9482 0.4808
v -0.2682 0.9244 0.4247
v -0.2813 0.9271 0.4186
v -0.3166 0.8990 0.3938
v -0.3241 0.8965 0.3868
v -0.3322 0.8892 0.3868
v -0.3605 0.8728 0.4035
v -0.3496 0.8599 0.4197
v -0.3492 0.8488 0.4351
v -0.3494 0.8432 0.4456
v -0.3479 0.8382 0.4575
v -0.3431 0.8342 0.4716
v -0.3339 0.8325 0.4911
v -0.3304 0.8298 0.5020
v -0.3286 0.8260 0.5120
v -0.3290 0.8242 0.5215
v -0.2625 0.9408 0.4411
v -0.2763 0.9361 0.4258
v -0.3084 0.9515 0.4044
v -0.3140 0.9119 0.3978
v -0.3301 0.9044 0.3837
v -0.3530 0.9025 0.3685
v -0.3474 0.8873 0.3864
v -0.3536 0.8806 0.3936
v -0.3575 0.8564 0.4277
v -0.3569 0.8530 0.4353
v -0.3552 0.8482 0.4473
v -0.3516 0.8442 0.4607
v -0.3475 0.8423 0.4706
v -0.3417 0.8399 0.4852
v -0.3387 0.8376 0.4941
v -0.3369 0.8338 0.5041
v -0.1452 0.8530 0.7702
v -0.1372 0.8628 0.7770
v -0.0704 0.9141 0.7907
v -0.0697 0.9188 0.7827
v -0.0718 0.9249 0.7728
v -0.0819 0.9321 0.7555
v -0.0726 -0.4863 -0.0155
v -0.1299 0.8746 0.7912
v -0.1203 0.8776 0.7967
v -0.1146 0.8807 0.8008
v -0.1086 0.8843 0.8046
v -0.0975 0.8916 0.8092
v -0.0897 0.8983 0.8093
v -0.0812 0.9078 0.8051
v -0.0764 0.9167 0.8007
v -0.0722 0.9217 0.7923
v -0.0741 0.9293 0.7890
v -0.0771 0.9309 0.7660
v -0.0849 0.9314 0.7512
v -0.2259 0.9525 0.4832
v -0.2475 0.9523 0.4637
v -0.2699 0.9396 0.4346
v -0.3257 0.9288 0.3890
v -0.3404 0.9091 0.3757
v -0.3683 0.9007 0.3665
v -0.3723 0.8871 0.3848
v -0.3670 0.8675 0.4111
v -0.3668 0.8622 0.4223
v -0.3662 0.8605 0.4267
v -0.3635 0.8569 0.4380
v -0.3599 0.8537 0.4499
v -0.3552 0.8512 0.4620
v -0.3504 0.8482 0.4757
v -0.3470 0.8446 0.4878
v -0.3454 0.8415 0.4961
v -0.3517 0.8445 0.5005
v -0.1420 0.8739 0.7855
v -0.1377 0.8745 0.7898
v -0.1327 0.8768 0.7949
v -0.1274 0.8783 0.7987
v -0.1249 0.8799 0.7976
v -0.1092 0.8868 0.7994
v -0.1060 0.8908 0.8130
v -0.0946 0.9031 0.8192
v -0.0886 0.9060 0.8142
v -0.0835 0.9148 0.8116
v -0.0768 0.9334 0.7792
v -0.0808 0.9376 0.7712
v -0.2431 0.9539 0.4720
v -0.2589 0.9509 0.4542
v -0.2667 0.9479 0.4446
v -0.2870 0.9441 0.4181
v -0.3497 0.9158 0.3695
v -0.3611 0.9088 0.3645
v -0.3761 0.8780 0.3973
v -0.3775 0.8708 0.4087
v -0.3763 0.8661 0.4204
v -0.3738 0.8642 0.4278
v -0.3688 0.8621 0.4401
v -0.3628 0.8594 0.4562
v -0.3581 0.8559 0.4684
v -0.3549 0.8488 0.4890
v -0.1353 0.8777 0.7930
v -0.1324 0.8801 0.7998
v -0.1073 0.8955 0.8147
v -0.1046 0.8989 0.8223
v -0.0891 0.9135 0.8196
v -0.0882 0.9232 0.8211
v -0.0809 0.9254 0.8079
v -0.0789 0.9328 0.7998
v -0.0803 0.9360 0.7902
v -0.0837 0.9383 0.7801
v -0.0845 0.9353 0.7726
v -0.2497 0.9566 0.4771
v -0.2567 0.9559 0.4666
v -0.2644 0.9544 0.4568
v -0.2709 0.9533 0.4481
v -0.2763 0.9536 0.4386
v -0.2835 0.9536 0.4271
v -0.2895 0.9530 0.4194
v -0.2978 0.9492 0.4110
v -0.3389 0.9344 0.3781
v -0.3594 0.9218 0.3625
v -0.3699 0.9149 0.3591
v -0.3774 0.9073 0.3613
v -0.3827 0.8985 0.3674
v -0.3854 0.8909 0.3790
v -0.3868 0.8833 0.3918
v -0.3869 0.8753 0.4059
v -0.3923 0.8739 0.4179
v -0.3783 0.8675 0.4283
v -0.3711 0.8662 0.4490
v -0.3677 0.8636 0.4594
v -0.3660 0.8608 0.4673
v -0.3692 0.8582 0.4845
v -0.1062 0.9039 0.8228
v -0.1019 0.9087 0.8291
v -0.0951 0.9152 0.8274
v -0.0854 0.9300 0.8150
v -0.0828 0.9340 0.8082
v -0.0835 0.9367 0.8007
v -0.0875 0.9341 0.7964
v -0.2634 0.9585 0.4706
v -0.2701 0.9580 0.4612
v -0.2765 0.9579 0.4519
v -0.2970 0.9685 0.4298
v -0.2924 0.9635 0.4269
v -0.2982 0.9633 0.4189
v -0.3096 0.9617 0.4075
v -0.3240 0.9580 0.3924
v -0.3370 0.9530 0.3810
v -0.3558 0.9466 0.3688
v -0.3771 0.9209 0.3567
v -0.3852 0.9134 0.3574
v -0.3912 0.9057 0.3624
v -0.3953 0.8970 0.3718
v -0.3960 0.8885 0.3870
v -0.4010 0.8854 0.3992
v -0.3946 0.8785 0.4074
v -0.3889 0.8726 0.4285
v -0.3782 0.8707 0.4500
v -0.3750 0.8671 0.4613
v -0.1083 0.9084 0.8244
v -0.1084 0.9123 0.8331
v -0.1017 0.9177 0.8336
v -0.0972 0.9243 0.8301
v -0.0907 0.9310 0.8219
v -0.0884 0.9350 0.8107
v 0.0259 -0.7404 -0.1454
v -0.2663 0.9596 0.4764
v -0.2769 0.9605 0.4654
v -0.2824 0.9611 0.4555
v -0.3728 0.9370 0.3590
v -0.3861 0.9288 0.3553
v -0.3972 0.9241 0.3554
v -0.3983 0.9115 0.3602
v -0.4040 0.9004 0.3710
v -0.4037 0.8926 0.3871
v -0.4040 0.8815 0.4071
v -0.4018 0.8774 0.4194
v -0.3972 0.8757 0.4302
v -0.3889 0.8754 0.4547
v -0.3818 0.8675 0.4774
v -0.3758 0.8625 0.4893
v -0.3713 0.8600 0.5022
v -0.3448 0.9598 0.3762
v -0.3827 0.9435 0.3573
v -0.4047 0.9173 0.3596
v -0.4093 0.9094 0.3669
v -0.4107 0.9056 0.3719
v -0.4110 0.8985 0.3843
v -0.4122 0.8917 0.3949
v -0.4141 0.8851 0.4042
v -0.4099 0.8807 0.4195
v -0.4018 0.8788 0.4361
v -0.3863 0.8715 0.4901
v -0.3770 0.8657 0.5026
v -0.2842 0.9622 0.4730
v -0.2891 0.9643 0.4590
v -0.3130 0.9781 0.4329
v -0.2960 0.9692 0.4384
v -0.3212 0.9666 0.4014
v -0.3303 0.9656 0.3894
v -0.3375 0.9632 0.3818
v -0.1081 0.9121 0.8263
v -0.1023 0.9169 0.8228
v -0.1023 0.9244 0.8335
v -0.1011 0.9266 0.8324
v -0.0959 0.9276 0.8202
v -0.2941 0.9643 0.4752
v -0.3139 0.9766 0.4530
v -0.3164 0.9770 0.4201
v -0.3259 0.9725 0.4050
v -0.3319 0.9719 0.3958
v -0.3346 0.9718 0.3916
v -0.3411 0.9710 0.3823
v -0.3487 0.9681 0.3750
v -0.3563 0.9643 0.3701
v -0.3717 0.9546 0.3631
v -0.3929 0.9401 0.3556
v -0.4037 0.9306 0.3566
v -0.4102 0.9228 0.3606
v -0.4133 0.9176 0.3654
v -0.4156 0.9107 0.3746
v -0.4186 0.9021 0.3849
v -0.4229 0.8951 0.3919
v -0.4230 0.8896 0.4024
v -0.4197 0.8868 0.4138
v -0.4101 0.8837 0.4346
v -0.4014 0.8830 0.4523
v -0.3968 0.8807 0.4698
v -0.3369 0.9767 0.3989
v -0.3421 0.9762 0.3915
v -0.3493 0.9755 0.3812
v -0.3530 0.9746 0.3767
v -0.3608 0.9713 0.3701
v -0.3691 0.9662 0.3663
v -0.3787 0.9599 0.3624
v -0.3874 0.9540 0.3596
v -0.3958 0.9478 0.3574
v -0.4010 0.9435 0.3571
v -0.4088 0.9360 0.3585
v -0.4148 0.9282 0.3633
v -0.4175 0.9231 0.3686
v -0.4213 0.9155 0.3765
v -0.4267 0.9080 0.3816
v -0.4285 0.9056 0.3831
v -0.4317 0.8989 0.3909
v -0.4299 0.8943 0.4031
v -0.4300 0.8938 0.4255
v -0.4172 0.8878 0.4431
v -0.4072 0.8868 0.4648
v -0.3370 0.9824 0.4048
v -0.3511 0.9803 0.3897
v -0.3580 0.9790 0.3808
v -0.3656 0.9763 0.3735
v -0.3736 0.9723 0.3680
v -0.3837 0.9662 0.3641
v -0.3920 0.9597 0.3616
v -0.4005 0.9529 0.3607
v -0.4051 0.9487 0.3609
v -0.4127 0.9412 0.3628
v -0.4187 0.9332 0.3682
v -0.4219 0.9284 0.3718
v -0.4280 0.9206 0.3763
v -0.4342 0.9128 0.3808
v -0.4360 0.9101 0.3834
v -0.4376 0.9040 0.3924
v -0.4356 0.8991 0.4049
v -0.4242 0.8920 0.4369
v -0.3535 0.9893 0.3954
v -0.3629 0.9838 0.3840
v -0.3713 0.9808 0.3776
v -0.3785 0.9767 0.3722
v -0.3966 0.9645 0.3657
v -0.4045 0.9573 0.3662
v -0.4125 0.9497 0.3675
v -0.4200 0.9415 0.3708
v -0.4276 0.9336 0.3732
v -0.4370 0.9224 0.3781
v -0.4412 0.9153 0.3857
v -0.4443 0.9116 0.3963
v -0.4410 0.9041 0.4072
v -0.4367 0.9009 0.4200
v -0.4303 0.8996 0.4302
v -0.3598 0.9924 0.3936
v -0.3670 0.9903 0.3858
v -0.3831 0.9820 0.3752
v -0.3918 0.9765 0.3714
v -0.4012 0.9691 0.3700
v -0.4096 0.9618 0.3702
v -0.4172 0.9551 0.3703
v -0.4274 0.9451 0.3724
v -0.4358 0.9365 0.3750
v -0.4425 0.9277 0.3808
v -0.4467 0.9226 0.3899
v -0.4458 0.9112 0.4061
v -0.4423 0.9093 0.4144
v -0.3786 0.9927 0.3830
v -0.3876 0.9880 0.3770
v -0.3964 0.9821 0.3738
v -0.4056 0.9752 0.3718
v -0.4139 0.9683 0.3712
v -0.4242 0.9588 0.3722
v -0.4339 0.9497 0.3736
v -0.4407 0.9419 0.3774
v -0.4463 0.9334 0.3846
v -0.4497 0.9207 0.4028
v -0.4419 0.9198 0.4156
v -0.3720 0.9952 0.3889
v -0.3844 0.9971 0.3875
v -0.3924 0.9928 0.3809
v -0.4014 0.9872 0.3771
v -0.4105 0.9803 0.3751
v -0.4190 0.9730 0.3749
v -0.4303 0.9629 0.3756
v -0.4384 0.9551 0.3769
v -0.4465 0.9502 0.3846
v -0.4521 0.9469 0.3937
v -0.4529 0.9350 0.3991
v -0.4514 0.9288 0.4080
v -0.4003 0.9970 0.3886
v -0.4065 0.9909 0.3824
v -0.4160 0.9841 0.3808
v -0.4238 0.9778 0.3800
v -0.4323 0.9698 0.3807
v -0.4417 0.9603 0.3826
v -0.4130 0.9931 0.3897
v -0.4280 0.9848 0.3926
v -0.4396 0.9766 0.3965
v -0.4438 0.9657 0.3889
v -0.4523 0.9554 0.3957
v 0.2266 0.5492 0.3669
v 0.2159 0.5691 0.3768
v 0.2061 0.5833 0.3843
v 0.1985 0.5897 0.3680
v 0.1887 0.5981 0.3671
v 0.1771 0.6061 0.3671
v 0.1686 0.6074 0.3582
v 0.1630 0.6104 0.3578
v 0.1639 0.6123 0.3642
v 0.2363 0.5187 0.3863
v 0.2332 0.5323 0.3774
v 0.2262 0.5511 0.3764
v 0.2294 0.5412 0.3836
v 0.1989 0.5904 0.3759
v 0.1877 0.6047 0.3871
v 0.1623 0.6167 0.3722
v 0.1384 0.6278 0.3720
v 0.2326 0.5167 0.3975
v 0.2307 0.5319 0.3930
v 0.2260 0.5446 0.3952
v 0.2220 0.5558 0.3891
v 0.1982 0.5960 0.3962
v 0.1693 0.6170 0.3842
v 0.1615 0.6258 0.3955
v 0.2310 0.5023 0.4058
v 0.2295 0.5287 0.4012
v 0.2164 0.5680 0.3982
v 0.2086 0.5813 0.4037
v 0.1781 0.6138 0.3915
v -0.0096 0.5001 0.4362
v -0.0011 0.4761 0.4327
v 0.2249 0.5050 0.4201
v 0.2268 0.5200 0.4163
v 0.2262 0.5401 0.4080
v 0.2225 0.5522 0.4096
v 0.1878 0.6092 0.4044
v 0.2176 0.4800 0.4313
v 0.2198 0.4821 0.4249
v 0.2080 0.5805 0.4356
v 0.1796 0.6166 0.4050
v 0.2191 0.4966 0.4301
v 0.2219 0.5452 0.4236
v 0.2087 0.5741 0.4474
v 0.2001 0.5962 0.4312
v 0.1956 0.6024 0.4199
v 0.1689 0.6289 0.4180
v 0.1519 0.6371 0.4121
v 0.1382 0.6453 0.4145
v -0.0042 0.4797 0.4717
v 0.2144 0.4705 0.4495
v 0.2150 0.4951 0.4382
v 0.2130 0.5080 0.4472
v 0.2133 0.5454 0.4520
v 0.1885 0.6125 0.4268
v 0.1780 0.6234 0.4248
v 0.2117 0.4979 0.4502
v 0.2146 0.5316 0.4492
v 0.2099 0.5616 0.4552
v 0.1571 0.6387 0.4237
v -0.0132 0.5110 0.4577
v 0.0076 0.4398 0.4694
v 0.0137 0.4244 0.4778
v 0.2062 0.4749 0.4801
v 0.1873 0.6139 0.4399
v 0.1705 0.6332 0.4411
v -0.4485 0.9648 0.3947
v 0.0253 0.4031 0.4902
v 0.0335 0.3932 0.4992
v 0.1909 0.3815 0.4963
v 0.1959 0.5261 0.5091
v 0.2073 0.5144 0.4625
v 0.1808 0.6227 0.4405
v 0.1346 0.6616 0.4581
v -0.3637 0.9955 0.3956
v -0.3728 0.9983 0.3953
v -0.3839 1.0000 0.3951
v -0.3980 0.9992 0.3953
v -0.4051 0.9988 0.3957
v -0.4157 0.9949 0.3963
v -0.4509 0.9688 0.4049
v -0.4552 0.9582 0.4051
v -0.4559 0.9495 0.4051
v -0.4548 0.9372 0.4071
v -0.0004 0.4687 0.4994
v 0.0092 0.4420 0.4945
v 0.1883 0.4593 0.5338
v 0.1985 0.5929 0.4590
v 0.1899 0.6095 0.4561
v 0.1795 0.6237 0.4544
v 0.1528 0.6498 0.4567
v -0.0102 0.5030 0.4926
v 0.0152 0.4339 0.5086
v 0.0714 0.3481 0.5189
v 0.0810 0.3232 0.5096
v 0.2039 0.5445 0.4743
v -0.3485 0.9907 0.4030
v -0.3617 0.9972 0.4030
v -0.3726 0.9997 0.4028
v -0.3852 0.9974 0.4037
v -0.3935 0.9944 0.4046
v -0.4043 0.9964 0.4043
v -0.4108 0.9968 0.4038
v -0.4150 0.9966 0.4040
v -0.4263 0.9919 0.4052
v -0.4381 0.9828 0.4068
v -0.4581 0.9524 0.4168
v -0.4556 0.9403 0.4143
v -0.4486 0.9313 0.4157
v -0.4379 0.9108 0.4195
v -0.3252 0.9789 0.4133
v -0.3394 0.9882 0.4117
v -0.3514 0.9948 0.4109
v -0.3619 0.9984 0.4105
v -0.3734 0.9957 0.4113
v -0.3817 0.9901 0.4129
v -0.3910 0.9858 0.4136
v -0.4033 0.9888 0.4134
v -0.4162 0.9959 0.4119
v -0.4208 0.9970 0.4118
v -0.4315 0.9904 0.4133
v -0.4519 0.9714 0.4169
v -0.4563 0.9620 0.4184
v -0.4566 0.9422 0.4218
v -0.4361 0.9262 0.4243
v -0.4338 0.9230 0.4249
v -0.4315 0.9126 0.4266
v -0.4316 0.9070 0.4277
v 0.0451 0.3825 0.5091
v 0.0619 0.3629 0.5144
v 0.1656 0.3244 0.5142
v 0.2011 0.5323 0.4810
v 0.2011 0.5656 0.4788
v 0.1982 0.5824 0.4758
v 0.1665 0.6369 0.4909
v 0.1587 0.6467 0.4847
v -0.3584 0.9970 0.4185
v -0.3640 0.9960 0.4188
v -0.3780 0.9847 0.4210
v -0.3901 0.9818 0.4217
v -0.4012 0.9841 0.4216
v -0.4147 0.9939 0.4210
v -0.4210 0.9966 0.4196
v -0.4304 0.9919 0.4237
v -0.4513 0.9723 0.4241
v -0.4558 0.9629 0.4260
v -0.4582 0.9541 0.4275
v -0.4574 0.9431 0.4293
v -0.4489 0.9352 0.4305
v -0.4342 0.9281 0.4315
v -0.4290 0.9210 0.4326
v -0.4269 0.9102 0.4345
v -0.4271 0.8973 0.4365
v -0.0053 0.4842 0.5194
v 0.0356 0.4097 0.5261
v 0.0780 0.3397 0.5212
v 0.0862 0.3304 0.5224
v 0.0928 0.3271 0.5251
v 0.1597 0.3458 0.5401
v 0.1978 0.5528 0.4876
v 0.1513 0.6540 0.4764
v -0.3367 0.9884 0.4195
v -0.3517 0.9958 0.4185
v -0.3552 0.9958 0.4263
v -0.3652 0.9913 0.4278
v -0.3782 0.9825 0.4289
v -0.3892 0.9810 0.4294
v -0.4007 0.9836 0.4292
v -0.4196 0.9972 0.4326
v -0.4482 0.9728 0.4362
v -0.4541 0.9628 0.4337
v -0.4565 0.9549 0.4351
v -0.4568 0.9441 0.4369
v -0.4500 0.9333 0.4387
v -0.4332 0.9264 0.4396
v -0.4288 0.9216 0.4403
v -0.4256 0.9115 0.4414
v -0.4246 0.8939 0.4448
v 0.0065 0.4558 0.5175
v 0.0567 0.3967 0.5447
v 0.0820 0.3462 0.5335
v 0.1249 0.3360 0.5454
v 0.1449 0.3467 0.5514
v 0.1646 0.3617 0.5453
v 0.1715 0.3718 0.5389
v 0.1872 0.4136 0.5220
v 0.1955 0.5695 0.4896
v 0.1825 0.5856 0.5150
v 0.1848 0.6034 0.4939
v 0.1766 0.6207 0.4923
v 0.1273 0.6745 0.4930
v -0.3417 0.9917 0.4265
v -0.3324 0.9869 0.4349
v -0.3418 0.9919 0.4404
v -0.3522 0.9958 0.4340
v -0.3663 0.9890 0.4357
v -0.3789 0.9824 0.4368
v -0.3889 0.9816 0.4371
v -0.4007 0.9846 0.4368
v -0.4114 0.9936 0.4355
v -0.4275 0.9903 0.4397
v -0.4527 0.9577 0.4428
v -0.4541 0.9439 0.4447
v -0.4506 0.9328 0.4464
v -0.4446 0.9265 0.4477
v -0.4270 0.9158 0.4492
v -0.4258 0.9128 0.4494
v -0.4248 0.9007 0.4514
v -0.4213 0.8919 0.4528
v -0.4176 0.8889 0.4533
v -0.0043 0.4841 0.5378
v 0.0118 0.4506 0.5314
v 0.0214 0.4360 0.5334
v 0.0738 0.3604 0.5370
v 0.1913 0.5629 0.5023
v 0.1885 0.5915 0.4954
v -0.3153 0.9782 0.4442
v -0.3302 0.9844 0.4442
v -0.3526 0.9959 0.4417
v -0.3661 0.9910 0.4428
v -0.3789 0.9846 0.4447
v -0.3892 0.9840 0.4445
v -0.4070 0.9943 0.4430
v -0.4163 0.9964 0.4428
v -0.4407 0.9709 0.4517
v -0.4494 0.9432 0.4524
v -0.4488 0.9333 0.4541
v -0.4428 0.9229 0.4557
v -0.4373 0.9182 0.4566
v -0.4266 0.9079 0.4580
v -0.4241 0.8968 0.4598
v -0.4212 0.8928 0.4604
v -0.0200 0.5229 0.5254
v 0.0851 0.3561 0.5462
v 0.0971 0.3597 0.5599
v 0.1118 0.3448 0.5544
v 0.1547 0.3460 0.5453
v 0.1448 0.6601 0.4895
v -0.3246 0.9797 0.4519
v -0.3339 0.9844 0.4514
v -0.3447 0.9919 0.4500
v -0.3552 0.9956 0.4495
v -0.3679 0.9936 0.4502
v -0.3901 0.9888 0.4515
v -0.4001 0.9947 0.4506
v -0.4056 0.9966 0.4503
v -0.4160 0.9931 0.4511
v -0.4430 0.9445 0.4599
v -0.4441 0.9337 0.4617
v -0.4414 0.9230 0.4633
v -0.4316 0.9106 0.4655
v -0.4246 0.8985 0.4672
v -0.4136 0.8899 0.4685
v -0.0145 0.5065 0.5312
v 0.0340 0.4277 0.5471
v 0.0692 0.3788 0.5505
v 0.0790 0.3769 0.5628
v 0.1338 0.3435 0.5502
v 0.1555 0.3585 0.5546
v 0.1739 0.4031 0.5538
v 0.1777 0.4279 0.5552
v 0.1890 0.5619 0.5144
v 0.1714 0.6180 0.5159
v -0.3241 0.9761 0.4629
v -0.3347 0.9812 0.4598
v -0.3453 0.9899 0.4584
v -0.3578 0.9958 0.4572
v -0.3692 0.9957 0.4576
v -0.3796 0.9919 0.4584
v -0.3921 0.9939 0.4583
v -0.3996 0.9958 0.4581
v -0.4079 0.9909 0.4610
v -0.4210 0.9795 0.4624
v -0.4333 0.9653 0.4648
v -0.4359 0.9551 0.4660
v -0.4373 0.9343 0.4694
v -0.4373 0.9232 0.4711
v -0.4327 0.9121 0.4728
v -0.4256 0.9013 0.4745
v -0.4124 0.8912 0.4761
v -0.4073 0.8888 0.4764
v -0.3969 0.8809 0.4775
v 0.0042 0.4732 0.5528
v 0.0475 0.4196 0.5581
v 0.1222 0.3489 0.5592
v 0.1308 0.3710 0.5753
v 0.1656 0.3922 0.5655
v 0.1881 0.5215 0.5384
v 0.1863 0.5549 0.5381
v 0.1765 0.5997 0.5217
v 0.1598 0.6350 0.5300
v 0.1350 0.6699 0.5050
v -0.3328 0.9764 0.4684
v -0.3547 0.9915 0.4661
v -0.3685 0.9954 0.4654
v -0.3793 0.9931 0.4659
v -0.3900 0.9916 0.4664
v -0.3941 0.9916 0.4666
v -0.4112 0.9703 0.4789
v -0.4143 0.9390 0.4919
v -0.4310 0.9250 0.4783
v -0.4287 0.9128 0.4804
v -0.4216 0.9011 0.4822
v -0.4019 0.8874 0.4845
v -0.0226 0.5232 0.5428
v -0.0151 0.5067 0.5433
v 0.0130 0.4662 0.5645
v 0.0564 0.4078 0.5596
v 0.0632 0.3945 0.5587
v 0.0710 0.3863 0.5647
v 0.1099 0.3701 0.5776
v 0.1425 0.3685 0.5711
v 0.1856 0.5676 0.5291
v 0.1520 0.6489 0.5260
v 0.1419 0.6622 0.5262
v 0.1261 0.6784 0.5243
v -0.3075 0.9669 0.4838
v -0.3323 0.9730 0.4765
v -0.3480 0.9810 0.4760
v -0.3558 0.9856 0.4755
v -0.3689 0.9887 0.4755
v -0.3783 0.9897 0.4744
v -0.3863 0.9861 0.4767
v -0.3994 0.9820 0.4762
v -0.4159 0.9566 0.4845
v -0.4207 0.9121 0.4884
v -0.4156 0.9019 0.4899
v -0.4046 0.8932 0.4911
v -0.3963 0.8845 0.4924
v 0.0644 0.3988 0.5697
v 0.1509 0.3742 0.5720
v 0.1583 0.3838 0.5712
v 0.1656 0.4320 0.5875
v 0.1792 0.5857 0.5420
v 0.1698 0.6152 0.5276
v -0.2498 0.9567 0.4852
v -0.2593 0.9579 0.4861
v -0.2902 0.9619 0.4902
v -0.3090 0.9632 0.5003
v -0.3350 0.9699 0.4872
v -0.3466 0.9735 0.4850
v -0.3608 0.9724 0.4924
v -0.3882 0.9702 0.4916
v -0.4005 0.9615 0.4929
v -0.4090 0.9140 0.4998
v -0.4070 0.9018 0.4975
v -0.4014 0.8950 0.4985
v -0.3893 0.8798 0.5007
v -0.3627 0.8528 0.5048
v -0.3514 0.8431 0.5135
v -0.0288 0.5333 0.5589
v -0.0175 0.5118 0.5599
v -0.0093 0.4982 0.5622
v -0.0074 0.4996 0.5751
v 0.0431 0.4464 0.5872
v 0.0514 0.4249 0.5739
v 0.0598 0.4122 0.5775
v 0.0733 0.3928 0.5761
v 0.0948 0.3983 0.5970
v 0.1719 0.4697 0.5835
v 0.1713 0.6091 0.5393
v 0.1352 0.6697 0.5288
v -0.2081 0.9508 0.4944
v -0.2195 0.9529 0.4954
v -0.2424 0.9554 0.4926
v -0.3752 0.9721 0.4930
v -0.4000 0.9481 0.5014
v -0.3979 0.9020 0.5080
v -0.3921 0.8907 0.5081
v -0.3800 0.8760 0.5113
v -0.3723 0.8647 0.5107
v -0.3625 0.8541 0.5123
v 0.0105 0.4823 0.5869
v 0.0252 0.4565 0.5731
v 0.0687 0.4067 0.5864
v 0.1455 0.3903 0.5873
v 0.1594 0.4164 0.5912
v 0.1687 0.4474 0.5867
v 0.1696 0.5388 0.5932
v 0.1518 0.6483 0.5386
v 0.1393 0.6659 0.5390
v -0.1905 0.9492 0.5044
v -0.2630 0.9564 0.5020
v -0.2881 0.9592 0.5078
v -0.3547 0.9650 0.5026
v -0.3683 0.9641 0.5033
v -0.3810 0.9626 0.5027
v -0.3894 0.9557 0.5037
v -0.3971 0.9332 0.5108
v -0.3897 0.9051 0.5189
v -0.3661 0.8634 0.5202
v -0.3546 0.8495 0.5241
v -0.3274 0.8220 0.5320
v -0.0300 0.5351 0.5678
v -0.0173 0.5132 0.5707
v 0.0597 0.4208 0.5899
v 0.1399 0.4027 0.5999
v 0.1527 0.4014 0.5901
v 0.1680 0.6167 0.5517
v 0.1231 0.6845 0.5393
v -0.2018 0.9528 0.5116
v -0.2501 0.9557 0.5143
v -0.3455 0.9579 0.5170
v -0.3718 0.9544 0.5144
v -0.3793 0.9472 0.5173
v -0.3896 0.9413 0.5140
v -0.3761 0.8905 0.5287
v -0.3384 0.8329 0.5309
v -0.0272 0.5311 0.5804
v 0.0699 0.4157 0.5973
v 0.1694 0.6003 0.5750
v 0.1564 0.6397 0.5746
v 0.1417 0.6657 0.5544
v 0.1317 0.6789 0.5544
v -0.1747 0.9525 0.5274
v -0.1848 0.9549 0.5380
v -0.2251 0.9555 0.5290
v -0.2742 0.9572 0.5168
v -0.2898 0.9566 0.5194
v -0.3584 0.9553 0.5189
v -0.3750 0.9323 0.5294
v -0.3721 0.9156 0.5393
v -0.3475 0.8474 0.5357
v -0.3372 0.8337 0.5385
v -0.3287 0.8235 0.5401
v -0.3220 0.8160 0.5413
v -0.3108 0.8044 0.5431
v -0.0143 0.5219 0.6056
v 0.0303 0.4666 0.5953
v 0.0547 0.4360 0.6009
v 0.1051 0.4098 0.6138
v 0.1155 0.4169 0.6207
v 0.1441 0.4283 0.6166
v 0.1529 0.4346 0.6108
v 0.1703 0.5769 0.5846
v 0.1612 0.6261 0.5780
v 0.1499 0.6537 0.5678
v -0.1470 0.9447 0.5263
v -0.1637 0.9523 0.5370
v -0.2465 0.9562 0.5238
v -0.2640 0.9562 0.5242
v -0.3260 0.9502 0.5339
v -0.3402 0.9505 0.5316
v -0.3588 0.9485 0.5275
v -0.3673 0.9410 0.5293
v -0.3724 0.9024 0.5393
v -0.3659 0.8885 0.5425
v -0.3583 0.8853 0.5527
v -0.3531 0.8656 0.5429
v -0.3418 0.8454 0.5445
v -0.3350 0.8344 0.5461
v -0.3280 0.8246 0.5476
v -0.3210 0.8148 0.5492
v -0.3132 0.8052 0.5507
v -0.3064 0.7962 0.5553
v -0.0324 0.5433 0.6002
v 0.0395 0.4629 0.6080
v 0.0646 0.4363 0.6164
v 0.0723 0.4267 0.6114
v 0.1561 0.4521 0.6147
v 0.1599 0.4691 0.6135
v 0.1649 0.4895 0.6051
v 0.1421 0.6663 0.5691
v 0.1301 0.6845 0.5777
v -0.1525 0.9502 0.5457
v -0.2392 0.9555 0.5316
v -0.2579 0.9551 0.5317
v -0.2985 0.9492 0.5402
v -0.3283 0.9316 0.5628
v -0.3405 0.8544 0.5553
v -0.3294 0.8296 0.5536
v -0.3209 0.8160 0.5567
v -0.3124 0.8033 0.5606
v -0.0466 0.5631 0.5986
v -0.0030 0.5130 0.6133
v 0.0265 0.4833 0.6157
v 0.0333 0.4741 0.6128
v 0.0539 0.4472 0.6158
v 0.0800 0.4301 0.6208
v 0.1361 0.4202 0.6161
v -0.1347 0.9411 0.5423
v -0.1734 0.9541 0.5384
v -0.2149 0.9546 0.5430
v -0.2383 0.9542 0.5396
v -0.2551 0.9527 0.5404
v -0.2792 0.9477 0.5490
v -0.3277 0.9428 0.5480
v -0.3598 0.8998 0.5545
v -0.3503 0.8714 0.5557
v -0.3250 0.8273 0.5627
v -0.3182 0.8139 0.5664
v -0.2975 0.7843 0.5720
v -0.2877 0.7737 0.5706
v -0.2644 0.7507 0.5750
v 0.0729 0.4347 0.6214
v 0.0830 0.4531 0.6449
v 0.1201 0.4339 0.6326
v 0.1560 0.5673 0.6261
v 0.1503 0.6398 0.6046
v 0.1482 0.6533 0.5885
v 0.1397 0.6701 0.5880
v -0.1139 0.9324 0.5552
v -0.1293 0.9390 0.5602
v -0.1625 0.9532 0.5461
v -0.1752 0.9540 0.5464
v -0.2322 0.9495 0.5561
v -0.2521 0.9500 0.5479
v -0.3100 0.9422 0.5544
v -0.3499 0.9086 0.5627
v -0.3527 0.8860 0.5611
v -0.3472 0.8726 0.5632
v -0.3402 0.8627 0.5693
v -0.3332 0.8488 0.5669
v -0.3241 0.8338 0.5736
v -0.3081 0.7992 0.5791
v -0.3017 0.7903 0.5875
v -0.2915 0.7751 0.5786
v -0.2855 0.7660 0.5801
v -0.2785 0.7576 0.5814
v -0.2545 0.7439 0.5832
v -0.2131 0.7172 0.5919
v 0.0399 0.4745 0.6273
v 0.0734 0.4413 0.6280
v 0.1257 0.4525 0.6448
v 0.1361 0.4536 0.6394
v 0.1545 0.4902 0.6302
v 0.1553 0.6078 0.6144
v -0.1019 0.9257 0.5586
v -0.1421 0.9469 0.5603
v -0.1518 0.9506 0.5541
v -0.1635 0.9524 0.5540
v -0.2056 0.9499 0.5617
v -0.2579 0.9479 0.5565
v -0.2729 0.9449 0.5623
v -0.3179 0.9369 0.5613
v -0.3259 0.9062 0.5851
v -0.3493 0.8976 0.5668
v -0.3472 0.8853 0.5688
v -0.3433 0.8726 0.5708
v -0.3318 0.8498 0.5744
v -0.3138 0.8119 0.5851
v -0.2875 0.7675 0.5870
v -0.2812 0.7573 0.5892
v -0.2738 0.7495 0.5906
v -0.2604 0.7440 0.5914
v -0.2452 0.7390 0.5917
v -0.2341 0.7333 0.5923
v -0.1788 0.7041 0.6031
v 0.0646 0.4598 0.6419
v 0.1430 0.4699 0.6420
v 0.1513 0.5259 0.6417
v 0.1531 0.6230 0.6116
v 0.1431 0.6588 0.6030
v -0.1533 0.9497 0.5621
v -0.1600 0.9496 0.5622
v -0.1711 0.9490 0.5626
v -0.1831 0.9491 0.5627
v -0.2428 0.9483 0.5620
v -0.2575 0.9469 0.5704
v -0.3255 0.9188 0.5764
v -0.3417 0.8960 0.5746
v -0.3414 0.8842 0.5766
v -0.3391 0.8719 0.5786
v -0.3354 0.8620 0.5802
v -0.3243 0.8414 0.5909
v -0.3083 0.7999 0.5938
v -0.2946 0.7814 0.5977
v -0.2895 0.7668 0.5953
v -0.2855 0.7571 0.5971
v -0.2785 0.7483 0.5986
v -0.2687 0.7415 0.5994
v -0.2483 0.7386 0.6000
v -0.2360 0.7346 0.6001
v -0.2256 0.7297 0.6005
v -0.1921 0.7112 0.6075
v -0.1293 0.6947 0.6046
v -0.1179 0.6913 0.6049
v -0.1108 0.6837 0.6059
v -0.0059 0.5295 0.6380
v 0.0159 0.5174 0.6542
v 0.0456 0.4790 0.6431
v 0.1052 0.4438 0.6452
v 0.1488 0.4826 0.6391
v -0.0652 0.8932 0.5858
v -0.0927 0.9191 0.5730
v -0.1470 0.9463 0.5699
v -0.1594 0.9466 0.5705
v -0.1735 0.9472 0.5706
v -0.2034 0.9493 0.5710
v -0.2280 0.9491 0.5779
v -0.2445 0.9481 0.5761
v -0.2825 0.9374 0.5785
v -0.2929 0.9347 0.5789
v -0.3035 0.9299 0.5808
v -0.3144 0.9237 0.5809
v -0.3346 0.8945 0.5825
v -0.3355 0.8832 0.5844
v -0.3313 0.8695 0.5903
v -0.3296 0.8549 0.5893
v -0.3138 0.8176 0.6028
v -0.3043 0.7919 0.5991
v -0.2934 0.7780 0.6013
v -0.2916 0.7670 0.6031
v -0.2879 0.7573 0.6048
v -0.2810 0.7483 0.6062
v -0.2711 0.7409 0.6074
v -0.2553 0.7361 0.6091
v -0.2385 0.7332 0.6085
v -0.2302 0.7321 0.6081
v -0.2173 0.7274 0.6085
v -0.2079 0.7215 0.6093
v -0.1288 0.6965 0.6121
v -0.1186 0.6911 0.6127
v 0.1130 0.4526 0.6503
v 0.1517 0.5952 0.6294
v 0.1388 0.6570 0.6230
v -0.0794 0.9080 0.5813
v -0.1020 0.9251 0.5896
v -0.1131 0.9315 0.5734
v -0.1241 0.9361 0.5721
v -0.1412 0.9451 0.5705
v -0.1405 0.9425 0.5786
v -0.1544 0.9445 0.5787
v -0.1703 0.9475 0.5782
v -0.1859 0.9492 0.5778
v -0.2051 0.9499 0.5783
v -0.2670 0.9417 0.5800
v -0.2892 0.9032 0.6175
v -0.3242 0.8927 0.5931
v -0.3290 0.8820 0.5923
v -0.3254 0.8527 0.5971
v -0.3212 0.8382 0.5993
v -0.3067 0.7969 0.6138
v -0.3052 0.7930 0.6068
v -0.2953 0.7785 0.6100
v -0.2888 0.7587 0.6126
v -0.2819 0.7492 0.6138
v -0.2722 0.7414 0.6149
v -0.2593 0.7342 0.6162
v -0.2446 0.7297 0.6171
v -0.2289 0.7300 0.6163
v -0.2169 0.7289 0.6159
v -0.2007 0.7205 0.6171
v -0.1824 0.7118 0.6182
v -0.1644 0.7062 0.6191
v -0.1293 0.6974 0.6264
v 0.0665 0.4718 0.6546
v 0.0957 0.4680 0.6618
v 0.0999 0.4579 0.6556
v 0.1199 0.4688 0.6585
v 0.1288 0.4738 0.6573
v 0.1339 0.4860 0.6593
v 0.1441 0.4907 0.6490
v 0.1448 0.5094 0.6529
v 0.1453 0.5490 0.6531
v -0.0584 0.8836 0.6043
v -0.1302 0.9377 0.5813
v -0.1434 0.9410 0.5872
v -0.1591 0.9463 0.5859
v -0.1705 0.9498 0.5856
v -0.1861 0.9516 0.5862
v -0.2206 0.9507 0.5887
v -0.2321 0.9492 0.5867
v -0.2433 0.9477 0.5872
v -0.2537 0.9447 0.5882
v -0.2735 0.9352 0.5912
v -0.2780 0.9287 0.6009
v -0.2931 0.9239 0.5961
v -0.3015 0.9166 0.5968
v -0.3186 0.8796 0.6037
v -0.3224 0.8690 0.6020
v -0.3179 0.8533 0.6092
v -0.3191 0.8413 0.6065
v -0.3139 0.8224 0.6097
v -0.3002 0.7821 0.6195
v -0.2917 0.7695 0.6182
v -0.2877 0.7593 0.6199
v -0.2819 0.7501 0.6213
v -0.2740 0.7419 0.6226
v -0.2645 0.7342 0.6238
v -0.2529 0.7292 0.6247
v -0.2418 0.7283 0.6241
v -0.2181 0.7291 0.6243
v -0.2072 0.7259 0.6240
v -0.1934 0.7181 0.6248
v -0.1766 0.7116 0.6256
v -0.1549 0.7070 0.6281
v -0.1401 0.7020 0.6268
v 0.0782 0.4875 0.6713
v 0.1095 0.4663 0.6610
v 0.1404 0.4968 0.6555
v 0.1439 0.5758 0.6528
v 0.1408 0.6215 0.6450
v -0.1111 0.9289 0.5983
v -0.1233 0.9326 0.6038
v -0.1474 0.9430 0.5939
v -0.1591 0.9492 0.5932
v -0.1702 0.9509 0.5931
v -0.1907 0.9528 0.5929
v -0.2110 0.9526 0.5941
v -0.2323 0.9496 0.5954
v -0.2423 0.9470 0.5951
v -0.2526 0.9424 0.5974
v -0.3121 0.8657 0.6141
v -0.3141 0.8375 0.6149
v -0.3111 0.8216 0.6177
v -0.3080 0.8058 0.6202
v -0.3055 0.7953 0.6219
v -0.3019 0.7849 0.6236
v -0.2919 0.7675 0.6297
v -0.2832 0.7509 0.6336
v -0.2773 0.7433 0.6443
v -0.2677 0.7351 0.6380
v -0.2552 0.7297 0.6335
v -0.2445 0.7279 0.6322
v -0.2077 0.7258 0.6377
v -0.1929 0.7169 0.6325
v -0.1850 0.7129 0.6403
v -0.1758 0.7105 0.6403
v -0.1505 0.7077 0.6414
v -0.1509 0.7072 0.6339
v -0.1398 0.7030 0.6343
v -0.1308 0.6974 0.6350
v 0.0572 0.4929 0.6678
v 0.0650 0.4864 0.6670
v 0.0911 0.4807 0.6703
v 0.1038 0.4823 0.6735
v 0.1206 0.5022 0.6783
v 0.1357 0.5054 0.6656
v 0.1349 0.5470 0.6730
v -0.0746 0.9006 0.6065
v -0.0866 0.9111 0.6092
v -0.1334 0.9360 0.6026
v -0.1487 0.9473 0.6011
v -0.1590 0.9527 0.6072
v -0.1703 0.9535 0.6005
v -0.1817 0.9553 0.6005
v -0.1922 0.9550 0.6006
v -0.2032 0.9534 0.6010
v -0.2137 0.9544 0.6070
v -0.2209 0.9534 0.6013
v -0.2410 0.9459 0.6030
v -0.2592 0.9339 0.6113
v -0.2800 0.9231 0.6076
v -0.2783 0.9172 0.6152
v -0.2894 0.8820 0.6298
v -0.3081 0.8399 0.6234
v -0.3058 0.8204 0.6277
v -0.3056 0.8073 0.6276
v -0.3041 0.7978 0.6315
v -0.3021 0.7863 0.6320
v -0.2983 0.7758 0.6373
v -0.2341 0.7269 0.6402
v -0.2189 0.7272 0.6397
v -0.1404 0.7041 0.6419
v 0.0679 0.4942 0.6737
v 0.1109 0.4932 0.6777
v 0.1371 0.5214 0.6672
v 0.1358 0.6085 0.6603
v -0.1001 0.9210 0.6085
v -0.1731 0.9586 0.6074
v -0.1819 0.9596 0.6074
v -0.1921 0.9583 0.6077
v -0.2030 0.9550 0.6085
v -0.2204 0.9549 0.6148
v -0.2301 0.9501 0.6098
v -0.2393 0.9431 0.6158
v -0.2677 0.9266 0.6145
v -0.3002 0.8051 0.6392
v -0.2920 0.7610 0.6430
v -0.2859 0.7522 0.6444
v -0.2661 0.7375 0.6463
v -0.2520 0.7318 0.6471
v -0.2349 0.7276 0.6475
v -0.2043 0.7254 0.6498
v -0.1928 0.7188 0.6482
v -0.1785 0.7136 0.6510
v -0.1564 0.7094 0.6497
v -0.1511 0.7083 0.6492
v -0.1422 0.7030 0.6498
v 0.0846 0.4998 0.6830
v 0.1265 0.5196 0.6800
v 0.1296 0.5344 0.6800
v 0.1316 0.5788 0.6747
v -0.0484 0.8651 0.6313
v -0.0575 0.8767 0.6317
v -0.0695 0.8866 0.6474
v -0.1339 0.9364 0.6105
v -0.1480 0.9494 0.6084
v -0.1725 0.9614 0.6151
v -0.1818 0.9619 0.6146
v -0.1922 0.9599 0.6152
v -0.2028 0.9568 0.6160
v -0.2138 0.9562 0.6163
v -0.2464 0.9331 0.6276
v -0.2350 0.9279 0.6453
v -0.2825 0.8560 0.6445
v -0.2947 0.8241 0.6405
v -0.2945 0.8048 0.6477
v -0.2964 0.7722 0.6489
v -0.2922 0.7620 0.6505
v -0.2858 0.7536 0.6518
v -0.2757 0.7461 0.6528
v -0.2640 0.7398 0.6536
v -0.2496 0.7342 0.6544
v -0.2328 0.7294 0.6548
v -0.2118 0.7271 0.6549
v -0.1657 0.7130 0.6564
v -0.1527 0.7077 0.6570
v 0.0909 0.5192 0.6978
v -0.1145 0.9248 0.6271
v -0.1219 0.9293 0.6191
v -0.1356 0.9402 0.6168
v -0.1447 0.9483 0.6162
v -0.1596 0.9547 0.6154
v -0.1814 0.9617 0.6224
v -0.1921 0.9594 0.6230
v -0.2030 0.9602 0.6298
v -0.2130 0.9569 0.6238
v -0.2188 0.9539 0.6245
v -0.2304 0.9433 0.6302
v -0.2741 0.8693 0.6477
v -0.2750 0.8292 0.6567
v -0.2861 0.8128 0.6534
v -0.2954 0.7876 0.6543
v -0.2944 0.7741 0.6563
v -0.2902 0.7640 0.6579
v -0.2799 0.7579 0.6644
v -0.2718 0.7486 0.6601
v -0.2601 0.7433 0.6609
v -0.2420 0.7371 0.6617
v -0.2303 0.7315 0.6622
v -0.2126 0.7286 0.6644
v -0.2073 0.7281 0.6623
v -0.1939 0.7258 0.6625
v -0.1756 0.7187 0.6633
v -0.1654 0.7143 0.6639
v -0.1567 0.7076 0.6649
v 0.1025 0.5171 0.6936
v 0.1160 0.5369 0.6948
v 0.1198 0.5496 0.6931
v -0.1013 0.9153 0.6358
v -0.1219 0.9283 0.6270
v -0.1224 0.9285 0.6346
v -0.1360 0.9428 0.6247
v -0.1449 0.9485 0.6239
v -0.1587 0.9560 0.6240
v -0.1703 0.9604 0.6299
v -0.1918 0.9604 0.6306
v -0.2118 0.9555 0.6337
v -0.2137 0.9457 0.6485
v -0.2435 0.8946 0.6605
v -0.2898 0.7929 0.6609
v -0.2910 0.7793 0.6637
v -0.2867 0.7672 0.6651
v -0.2667 0.7525 0.6671
v -0.2480 0.7473 0.6682
v -0.2374 0.7409 0.6689
v -0.2271 0.7337 0.6696
v -0.1987 0.7314 0.6737
v -0.1896 0.7283 0.6708
v -0.1756 0.7213 0.6708
v 0.1085 0.5296 0.6972
v -0.0524 0.8682 0.6487
v -0.0837 0.8998 0.6460
v -0.0957 0.9092 0.6456
v -0.1117 0.9215 0.6358
v -0.1355 0.9441 0.6323
v -0.1462 0.9538 0.6363
v -0.1694 0.9623 0.6375
v -0.1809 0.9626 0.6377
v -0.1918 0.9622 0.6380
v -0.2022 0.9598 0.6386
v -0.2531 0.8744 0.6630
v -0.2543 0.8455 0.6719
v -0.2715 0.8159 0.6648
v -0.2778 0.7944 0.6727
v -0.2851 0.7837 0.6700
v -0.2808 0.7706 0.6724
v -0.2719 0.7632 0.6733
v -0.2541 0.7579 0.6745
v -0.2403 0.7522 0.6756
v -0.2330 0.7443 0.6771
v -0.2213 0.7376 0.6812
v -0.1849 0.7288 0.6773
v -0.1746 0.7209 0.6782
v 0.0858 0.5320 0.7053
v -0.1107 0.9199 0.6437
v -0.1224 0.9312 0.6419
v -0.1343 0.9467 0.6395
v -0.1588 0.9602 0.6377
v -0.1673 0.9627 0.6452
v -0.1807 0.9634 0.6453
v -0.1914 0.9616 0.6458
v -0.2005 0.9560 0.6487
v -0.2630 0.8221 0.6707
v -0.2769 0.7859 0.6773
v -0.2732 0.7751 0.6792
v -0.2564 0.7694 0.6804
v -0.2352 0.7584 0.6839
v -0.2125 0.7366 0.6843
v -0.1970 0.7348 0.6843
v -0.1904 0.7335 0.6843
v -0.1850 0.7302 0.6847
v -0.1782 0.7219 0.6861
v -0.0612 0.8765 0.6577
v -0.0809 0.8963 0.6559
v -0.1087 0.9189 0.6514
v -0.1197 0.9296 0.6501
v -0.1314 0.9443 0.6476
v -0.1455 0.9555 0.6461
v -0.1587 0.9611 0.6453
v -0.1686 0.9625 0.6531
v -0.1800 0.9615 0.6534
v -0.1919 0.9571 0.6548
v -0.2107 0.9421 0.6572
v -0.2085 0.9352 0.6651
v -0.2505 0.8363 0.6794
v -0.2566 0.8026 0.6885
v -0.2625 0.8004 0.6826
v -0.2625 0.7900 0.6854
v -0.2580 0.7823 0.6861
v -0.2474 0.7748 0.6868
v -0.2379 0.7672 0.6877
v -0.2172 0.7555 0.7045
v -0.2204 0.7446 0.6911
v -0.2096 0.7399 0.6915
v -0.1960 0.7359 0.6916
v -0.1867 0.7300 0.6925
v -0.0543 0.8725 0.6704
v -0.0895 0.9060 0.6610
v -0.1017 0.9151 0.6598
v -0.1118 0.9233 0.6586
v -0.1218 0.9323 0.6572
v -0.1315 0.9421 0.6559
v -0.1459 0.9531 0.6542
v -0.1581 0.9600 0.6532
v -0.1762 0.9567 0.6619
v -0.1894 0.9523 0.6629
v -0.1997 0.9447 0.6644
v -0.2153 0.9161 0.6712
v -0.2312 0.8784 0.6801
v -0.2301 0.8659 0.6878
v -0.2451 0.8071 0.7018
v -0.2545 0.7919 0.6916
v -0.2513 0.7863 0.6926
v -0.2444 0.7776 0.6938
v -0.2350 0.7698 0.6948
v -0.2269 0.7615 0.6962
v -0.2120 0.7442 0.6987
v -0.2083 0.7421 0.6988
v -0.1981 0.7365 0.6994
v -0.1909 0.7282 0.7005
v -0.1843 0.7198 0.7020
v -0.0738 0.8952 0.6708
v -0.0885 0.9085 0.6685
v -0.1011 0.9171 0.6672
v -0.1117 0.9235 0.6663
v -0.1219 0.9300 0.6653
v -0.1321 0.9378 0.6644
v -0.1447 0.9471 0.6630
v -0.1569 0.9543 0.6619
v -0.1684 0.9577 0.6616
v -0.1788 0.9462 0.6714
v -0.1877 0.9424 0.6722
v -0.1954 0.9349 0.6737
v -0.2005 0.9205 0.6799
v -0.2462 0.7947 0.7021
v -0.2472 0.7893 0.6994
v -0.2422 0.7799 0.7010
v -0.2326 0.7717 0.7021
v -0.2231 0.7641 0.7033
v -0.2107 0.7459 0.7061
v -0.2050 0.7367 0.7071
v -0.2061 0.7263 0.7172
v -0.0798 0.9031 0.6768
v -0.0917 0.9125 0.6755
v -0.1011 0.9178 0.6748
v -0.1111 0.9224 0.6742
v -0.1222 0.9274 0.6736
v -0.1326 0.9316 0.6733
v -0.1428 0.9360 0.6727
v -0.1554 0.9443 0.6715
v -0.1664 0.9479 0.6710
v -0.1026 0.9181 0.6830
v -0.1212 0.9244 0.6807
v -0.1288 0.9251 0.6838
v -0.1416 0.9288 0.6815
v -0.1528 0.9312 0.6814
v -0.1641 0.9323 0.6814
v -0.1749 0.9303 0.6819
v -0.1887 0.9255 0.6824
v -0.1956 0.9068 0.6931
v -0.2036 0.8913 0.6966
v -0.2249 0.8463 0.7024
v -0.2295 0.8340 0.7051
v -0.2353 0.7860 0.7143
v -0.2306 0.7742 0.7094
v -0.2169 0.7687 0.7165
v -0.2128 0.7580 0.7118
v -0.2100 0.7481 0.7133
v -0.2106 0.7356 0.7153
v -0.0666 0.8888 0.6867
v -0.0802 0.9033 0.6841
v -0.0919 0.9129 0.6832
v -0.1404 0.9234 0.6901
v -0.1505 0.9206 0.6953
v -0.1624 0.9239 0.6904
v -0.1732 0.9216 0.6910
v -0.1851 0.9155 0.6922
v -0.2084 0.8643 0.7088
v -0.2358 0.8074 0.7120
v -0.2374 0.7972 0.7133
v -0.2270 0.7770 0.7167
v -0.2063 0.7625 0.7240
v -0.2077 0.7504 0.7207
v -0.2139 0.7354 0.7230
v -0.2136 0.7255 0.7249
v -0.0670 0.8895 0.6944
v -0.0751 0.8965 0.6935
v -0.0815 0.9006 0.6986
v -0.0916 0.9109 0.6913
v -0.1026 0.9169 0.6912
v -0.1149 0.9165 0.7046
v -0.1275 0.9173 0.7046
v -0.1407 0.9174 0.7026
v -0.1612 0.9168 0.6993
v -0.1723 0.9103 0.7038
v -0.1811 0.9087 0.7011
v -0.1903 0.8953 0.7048
v -0.1887 0.8458 0.7383
v -0.2113 0.8207 0.7284
v -0.2216 0.7941 0.7279
v -0.2278 0.7894 0.7224
v -0.2205 0.7795 0.7240
v -0.2123 0.7723 0.7252
v -0.2026 0.7538 0.7284
v -0.2146 0.7346 0.7313
v -0.2173 0.7256 0.7326
v -0.0755 0.8973 0.7009
v -0.0939 0.9093 0.6996
v -0.1446 0.9116 0.7128
v -0.1585 0.9117 0.7079
v -0.1659 0.8892 0.7281
v -0.2150 0.7995 0.7331
v -0.2158 0.7839 0.7307
v -0.2036 0.7718 0.7337
v -0.1985 0.7593 0.7349
v -0.2069 0.7386 0.7463
v -0.2194 0.7247 0.7408
v -0.0830 0.9039 0.7090
v -0.0931 0.9080 0.7073
v -0.1024 0.9119 0.7068
v -0.0991 0.9106 0.7148
v -0.1046 0.9111 0.7148
v -0.1160 0.9128 0.7146
v -0.1268 0.9127 0.7149
v -0.1580 0.9002 0.7227
v -0.1859 0.8681 0.7273
v -0.1973 0.8090 0.7468
v -0.2095 0.7871 0.7374
v -0.1994 0.7738 0.7398
v -0.1955 0.7603 0.7433
v -0.0788 0.9065 0.7182
v -0.0913 0.9096 0.7155
v -0.0964 0.9118 0.7222
v -0.1040 0.9101 0.7214
v -0.1150 0.9088 0.7230
v -0.1274 0.9072 0.7242
v -0.1377 0.8994 0.7319
v -0.2019 0.7979 0.7452
v -0.1990 0.7860 0.7454
v -0.1939 0.7758 0.7472
v -0.1913 0.7654 0.7498
v -0.1939 0.7545 0.7555
v -0.2014 0.7398 0.7620
v -0.0825 0.9157 0.7294
v -0.0917 0.9145 0.7295
v -0.1028 0.9081 0.7298
v -0.1140 0.9036 0.7316
v -0.1247 0.9020 0.7321
v -0.1528 0.8893 0.7348
v -0.1653 0.8706 0.7430
v -0.1812 0.8266 0.7526
v -0.1910 0.7861 0.7529
v -0.1880 0.7759 0.7546
v -0.0138 -0.5075 -0.0417
v -0.0190 -0.5201 -0.0458
v -0.0863 0.9201 0.7369
v -0.0958 0.9106 0.7379
v -0.1046 0.9003 0.7398
v -0.1130 0.8943 0.7409
v -0.1325 0.8858 0.7439
v -0.1476 0.8708 0.7520
v -0.1590 0.8396 0.7670
v -0.1832 0.8148 0.7558
v -0.1756 0.8016 0.7656
v -0.1846 0.7904 0.7597
v -0.1839 0.7797 0.7614
v -0.1870 0.7654 0.7634
v -0.1920 0.7506 0.7673
v -0.0154 -0.5325 -0.0518
v -0.0849 0.9264 0.7442
v -0.0907 0.9197 0.7441
v -0.0981 0.9038 0.7468
v -0.1058 0.8914 0.7499
v -0.1169 0.8831 0.7525
v -0.1295 0.8798 0.7506
v -0.1553 0.8609 0.7561
v -0.1722 0.8205 0.7631
v -0.1800 0.7896 0.7692
v -0.1835 0.7781 0.7688
v -0.1856 0.7654 0.7726
v -0.1874 0.7569 0.7715
v -0.1908 0.7505 0.7741
v -0.0036 -0.6947 -0.1295
v 0.0321 -0.7363 -0.1042
v -0.0232 -0.6617 -0.0830
v 0.0553 -0.7422 -0.0247
v -0.0887 0.9291 0.7490
v -0.0917 0.9146 0.7536
v -0.0966 0.8959 0.7587
v -0.1088 0.8828 0.7615
v -0.1167 0.8785 0.7610
v -0.1254 0.8755 0.7617
v -0.1370 0.8706 0.7604
v -0.1459 0.8644 0.7622
v -0.1510 0.8527 0.7644
v -0.1672 0.8034 0.7728
v -0.1755 0.7932 0.7750
v -0.1813 0.7836 0.7769
v -0.1860 0.7715 0.7794
v -0.1909 0.7569 0.7799
v -0.2007 0.7421 0.7775
v -0.1790 0.7873 0.7836
v -0.1855 0.7787 0.7864
v -0.1936 0.7653 0.7924
v -0.2007 0.7504 0.7917
v -0.0708 -0.5105 -0.0306
v -0.0853 0.9345 0.7566
v -0.0882 0.9313 0.7573
v -0.0888 0.9216 0.7604
v -0.0857 0.9073 0.7595
v 0.0377 -0.7053 -0.0312
v 0.0423 -0.7372 -0.0678
v -0.1092 0.8817 0.7723
v -0.1208 0.8769 0.7681
v -0.1348 0.8728 0.7716
v -0.1417 0.8677 0.7695
v -0.1481 0.8562 0.7688
v -0.1795 0.7868 0.7916
v -0.1879 0.7818 0.7984
v -0.1944 0.7732 0.8028
v -0.0699 -0.5223 -0.0361
v -0.0371 -0.1704 -0.1331
v -0.2189 0.7272 0.8039
v -0.0146 -0.5441 -0.0555
v -0.0138 -0.5562 -0.0628
v -0.0845 0.9335 0.7633
v -0.0872 0.9199 0.7705
v -0.0903 0.8986 0.7682
v -0.0987 0.8889 0.7703
v -0.1281 0.8771 0.7814
v -0.1409 0.8708 0.7775
v -0.1419 0.8665 0.7758
v -0.0129 -0.5683 -0.0705
v -0.0917 0.8980 0.7786
v -0.1038 0.8868 0.7837
v -0.1158 0.8811 0.7859
v -0.1391 0.8705 0.7836
v -0.1986 0.7665 0.8088
v -0.0691 -0.5341 -0.0413
v -0.0346 -0.1931 -0.1288
v -0.2183 0.7321 0.8103
v -0.2208 0.7246 0.8106
v -0.0119 -0.5808 -0.0810
v -0.0925 0.9171 0.7939
v -0.0917 0.9005 0.7859
v -0.0979 0.8936 0.7894
v -0.0682 -0.5462 -0.0482
v -0.1843 0.7780 0.8063
v -0.1855 0.7831 0.8013
v -0.1898 0.7814 0.8040
v -0.1938 0.7730 0.8085
v -0.1049 0.9029 0.8112
v -0.0128 -0.0991 -0.1610
v -0.0325 -0.2290 -0.1190
v -0.0108 -0.5939 -0.0954
v -0.0437 -0.1223 -0.1348
v -0.0417 -0.1469 -0.1339
v -0.0317 -0.2441 -0.1143
v -0.0097 -0.6070 -0.1094
v -0.0074 -0.6338 -0.1428
v 0.3342 -0.1543 0.2901
v 0.3766 -0.5239 0.3610
v 0.3691 -0.4564 0.3698
v 0.3713 -0.4119 0.3625
v 0.3323 -0.1940 0.2972
v 0.3362 -0.1819 0.2932
v 0.3252 -0.1155 0.2879
v 0.3694 -0.5382 0.3638
v 0.3737 -0.5028 0.3653
v 0.3599 -0.4230 0.3731
v 0.3550 -0.3957 0.3714
v 0.3558 -0.3811 0.3665
v 0.3587 -0.3631 0.3579
v 0.3361 -0.2095 0.2980
v 0.3110 -0.0814 0.2883
v 0.3664 -0.5912 0.3523
v 0.3605 -0.5353 0.3694
v 0.3594 -0.5057 0.3746
v 0.3486 -0.4454 0.3820
v 0.3451 -0.3632 0.3674
v 0.3393 -0.3362 0.3592
v 0.3167 -0.2132 0.3117
v 0.3100 -0.1874 0.3105
v 0.3142 -0.1530 0.3022
v 0.3069 -0.1277 0.3015
v 0.3065 -0.0347 0.2776
v 0.2872 0.0026 0.2793
v 0.3533 -0.6206 0.3489
v 0.3554 -0.5516 0.3694
v 0.3569 -0.4772 0.3776
v 0.3350 -0.4161 0.3857
v 0.3353 -0.3741 0.3767
v 0.3378 -0.3139 0.3469
v 0.2760 0.1249 0.2909
v 0.3439 -0.5885 0.3655
v 0.3472 -0.4889 0.3825
v 0.3265 -0.3540 0.3742
v 0.3160 -0.3013 0.3528
v 0.3194 -0.2581 0.3257
v 0.3173 -0.2311 0.3159
v 0.2941 -0.0888 0.2993
v 0.2779 -0.0243 0.2914
v 0.2705 0.0540 0.2817
v 0.2760 0.0727 0.2775
v 0.3497 -0.6403 0.3411
v 0.3409 -0.5709 0.3719
v 0.3349 -0.5151 0.3857
v 0.3321 -0.4753 0.3895
v 0.3368 -0.4446 0.3874
v 0.3328 -0.3938 0.3832
v 0.3146 -0.3235 0.3654
v 0.3098 -0.2716 0.3388
v 0.3013 -0.2472 0.3318
v 0.2982 -0.2219 0.3246
v 0.2935 -0.1697 0.3157
v 0.2962 -0.1336 0.3078
v 0.2772 -0.0077 0.2876
v 0.2755 0.0176 0.2841
v 0.2650 0.1011 0.2938
v 0.2654 0.1243 0.3019
v 0.2635 0.1697 0.3297
v 0.3392 -0.5475 0.3778
v 0.3178 -0.3681 0.3835
v 0.2984 -0.2027 0.3194
v 0.2834 -0.0907 0.3042
v 0.2649 -0.0389 0.3005
v 0.2619 0.0263 0.2905
v 0.2632 0.0756 0.2880
v 0.2417 0.1173 0.3209
v 0.2577 0.1848 0.3448
v 0.3321 -0.6397 0.3516
v 0.3313 -0.6063 0.3653
v 0.3259 -0.5823 0.3751
v 0.3235 -0.4931 0.3919
v 0.3219 -0.4670 0.3933
v 0.3179 -0.4321 0.3936
v 0.3119 -0.3979 0.3920
v 0.3068 -0.3532 0.3813
v 0.2925 -0.2677 0.3450
v 0.2708 -0.1260 0.3154
v 0.2627 -0.0200 0.2974
v 0.2565 0.0453 0.2926
v 0.2536 0.0793 0.2967
v 0.2366 0.0918 0.3144
v 0.2500 0.1443 0.3271
v 0.2496 0.2071 0.3593
v 0.2474 0.2486 0.3644
v -0.0146 -0.2100 0.2786
v 0.3248 -0.5526 0.3828
v 0.3141 -0.4531 0.3954
v 0.2914 -0.3262 0.3744
v 0.2924 -0.3144 0.3681
v 0.2754 -0.2294 0.3375
v 0.2806 -0.1994 0.3270
v 0.2704 -0.1582 0.3219
v 0.2747 -0.1512 0.3198
v 0.2576 -0.0487 0.3051
v 0.2516 0.0085 0.2976
v 0.2540 0.0610 0.2938
v 0.2314 0.1410 0.3420
v 0.2478 0.1852 0.3539
v 0.2448 0.1962 0.3605
v 0.2412 0.2200 0.3677
v -0.0181 -0.1979 0.2740
v -0.0182 -0.1859 0.2735
v -0.0176 -0.1597 0.2701
v 0.3155 -0.6130 0.3693
v 0.3062 -0.5828 0.3818
v 0.3174 -0.5328 0.3888
v 0.3050 -0.5171 0.3948
v 0.3000 -0.4178 0.3975
v 0.2857 -0.2790 0.3534
v 0.2595 -0.0909 0.3114
v 0.2600 -0.0786 0.3097
v 0.2414 0.0252 0.3002
v 0.2447 0.0442 0.2990
v 0.2410 0.0589 0.3020
v 0.2426 0.0728 0.3038
v 0.2429 0.1279 0.3262
v 0.2379 0.1679 0.3522
v 0.2330 0.2199 0.3741
v -0.0318 -0.0985 0.2499
v 0.3126 -0.6478 0.3560
v 0.2967 -0.4954 0.3990
v 0.2969 -0.4631 0.4001
v 0.2914 -0.4029 0.3973
v 0.2836 -0.3577 0.3886
v 0.2796 -0.3268 0.3776
v 0.2807 -0.3055 0.3678
v 0.2726 -0.2508 0.3463
v 0.2614 -0.2150 0.3382
v 0.2615 -0.1923 0.3326
v 0.2586 -0.1487 0.3231
v 0.2461 -0.1184 0.3197
v 0.2422 -0.0547 0.3097
v 0.2449 -0.0385 0.3059
v 0.2441 -0.0246 0.3047
v 0.2473 -0.0161 0.3017
v 0.2356 0.0037 0.3032
v 0.2358 0.1274 0.3311
v 0.2298 0.1805 0.3657
v 0.2264 0.1955 0.3744
v 0.2980 -0.6219 0.3720
v 0.3022 -0.5708 0.3851
v 0.2989 -0.5432 0.3927
v 0.2864 -0.3862 0.3956
v 0.2635 -0.3175 0.3767
v 0.2673 -0.2772 0.3580
v 0.2479 -0.1587 0.3277
v 0.2468 -0.1010 0.3162
v 0.2315 0.0407 0.3048
v 0.2289 0.0566 0.3086
v 0.2241 0.0986 0.3265
v 0.2247 0.2103 0.3800
v 0.2161 0.2174 0.3902
v 0.2196 0.2377 0.3952
v 0.2918 -0.6726 0.3496
v 0.2964 -0.5957 0.3807
v 0.2973 -0.5653 0.3881
v 0.2916 -0.5243 0.3967
v 0.2681 -0.4728 0.4053
v 0.2734 -0.4362 0.4038
v 0.2755 -0.3969 0.3994
v 0.2646 -0.3711 0.3952
v 0.2572 -0.2341 0.3450
v 0.2464 -0.1975 0.3372
v 0.2326 -0.1374 0.3247
v 0.2282 -0.0751 0.3144
v 0.2275 -0.0427 0.3110
v 0.2245 -0.0157 0.3082
v 0.2221 0.0125 0.3071
v 0.2112 0.1742 0.3757
v 0.2136 0.1947 0.3835
v 0.2942 -0.6440 0.3634
v 0.2886 -0.6227 0.3737
v 0.2847 -0.5716 0.3899
v 0.2805 -0.5543 0.3936
v 0.2582 -0.3434 0.3869
v 0.2388 -0.1736 0.3320
v 0.2254 -0.1040 0.3193
v 0.2149 0.0292 0.3096
v 0.2170 0.0523 0.3140
v 0.2057 0.0611 0.3228
v 0.2082 0.1076 0.3426
v 0.2737 -0.6432 0.3686
v 0.2862 -0.6116 0.3787
v 0.2802 -0.6019 0.3825
v 0.2804 -0.5341 0.3980
v 0.2759 -0.5122 0.4013
v 0.2472 -0.2965 0.3699
v 0.2340 -0.2342 0.3494
v 0.2370 -0.2175 0.3436
v 0.2201 -0.0405 0.3121
v 0.2188 -0.0297 0.3102
v 0.2110 -0.0060 0.3096
v 0.2082 0.0130 0.3101
v 0.1980 0.1949 0.3964
v 0.1995 0.2224 0.4095
v 0.2622 -0.6735 0.3547
v 0.2724 -0.6320 0.3738
v 0.2689 -0.5546 0.3961
v 0.2557 -0.3841 0.3991
v 0.2471 -0.3585 0.3927
v 0.2352 -0.3194 0.3805
v 0.2278 -0.1700 0.3325
v 0.2250 -0.1567 0.3293
v 0.2033 -0.1168 0.3219
v 0.2052 -0.0705 0.3161
v 0.2107 -0.0454 0.3129
v 0.2016 0.0342 0.3154
v 0.1943 0.1348 0.3672
v 0.1880 0.1879 0.4011
v 0.2699 -0.6196 0.3792
v 0.2705 -0.6020 0.3849
v 0.2670 -0.5924 0.3876
v 0.2680 -0.5687 0.3936
v 0.2457 -0.5300 0.4031
v 0.2621 -0.5053 0.4037
v 0.2613 -0.4913 0.4054
v 0.2527 -0.4431 0.4065
v 0.2492 -0.4148 0.4047
v 0.2489 -0.3953 0.4017
v 0.2377 -0.2986 0.3713
v 0.2211 -0.2610 0.3591
v 0.2168 -0.2097 0.3427
v 0.2133 -0.1474 0.3275
v 0.1995 -0.1578 0.3298
v 0.1979 -0.0251 0.3124
v 0.1944 -0.0025 0.3125
v 0.1941 0.0112 0.3136
v 0.1926 0.0941 0.3451
v 0.1900 0.1669 0.3875
v 0.2572 -0.5747 0.3933
v 0.2551 -0.5590 0.3976
v 0.2516 -0.5037 0.4056
v 0.2502 -0.4827 0.4066
v 0.2382 -0.3619 0.3947
v 0.2303 -0.2982 0.3724
v 0.2155 -0.1877 0.3374
v 0.2128 -0.1718 0.3331
v 0.2115 -0.1611 0.3311
v 0.1840 0.0134 0.3161
v 0.1855 0.0345 0.3205
v 0.1752 0.0821 0.3472
v 0.1785 0.2127 0.4236
v 0.1676 0.2365 0.4486
v 0.2580 -0.6501 0.3685
v 0.2369 -0.6402 0.3764
v 0.2541 -0.6255 0.3797
v 0.2520 -0.6117 0.3847
v 0.2374 -0.4697 0.4081
v 0.2330 -0.4497 0.4083
v 0.2286 -0.4196 0.4060
v 0.2261 -0.3850 0.4004
v 0.2251 -0.3657 0.3958
v 0.2272 -0.3315 0.3840
v 0.2168 -0.3086 0.3767
v 0.2039 -0.1978 0.3394
v 0.2013 -0.1680 0.3318
v 0.1551 -0.1083 0.3181
v 0.1900 -0.0682 0.3157
v 0.1853 -0.0408 0.3130
v 0.1820 -0.0059 0.3135
v 0.1852 -0.0002 0.3133
v 0.1770 0.0200 0.3181
v 0.1794 0.0548 0.3310
v 0.1772 0.0994 0.3573
v 0.1791 0.1153 0.3651
v 0.1781 0.1363 0.3786
v 0.1775 0.1578 0.3907
v 0.1773 0.1757 0.4020
v 0.1716 0.1853 0.4112
v 0.2158 -0.4934 0.4082
v 0.2160 -0.3299 0.3841
v 0.1989 -0.1841 0.3362
v 0.1858 -0.1665 0.3304
v 0.1874 -0.1382 0.3249
v 0.1761 -0.0123 0.3124
v 0.1673 0.0138 0.3164
v 0.1751 0.0322 0.3220
v 0.1726 0.0888 0.3528
v 0.1635 0.1146 0.3711
v 0.1695 0.1365 0.3823
v 0.1634 0.1683 0.4028
v 0.2328 -0.6714 0.3612
v 0.2350 -0.6223 0.3830
v 0.2322 -0.5992 0.3901
v 0.2384 -0.5818 0.3946
v 0.2352 -0.5572 0.3996
v 0.2316 -0.5255 0.4048
v 0.2137 -0.4609 0.4088
v 0.2041 -0.4323 0.4071
v 0.1999 -0.4114 0.4042
v 0.2074 -0.3731 0.3964
v 0.2104 -0.3230 0.3808
v 0.1878 -0.3135 0.3769
v 0.1858 -0.2362 0.3492
v 0.1914 -0.2144 0.3432
v 0.1898 -0.1913 0.3370
v 0.1829 -0.1522 0.3280
v 0.1529 -0.0339 0.3118
v 0.1641 -0.0153 0.3127
v 0.1571 -0.0006 0.3138
v 0.1674 0.0313 0.3216
v 0.1652 0.0422 0.3275
v 0.1633 0.0769 0.3471
v 0.1640 0.0929 0.3566
v 0.1607 0.1815 0.4136
v 0.1616 0.2112 0.4336
v 0.2240 -0.5780 0.3965
v 0.2209 -0.5355 0.4034
v 0.2010 -0.3355 0.3852
v 0.1841 -0.2586 0.3574
v 0.1865 -0.2071 0.3416
v 0.1662 -0.2234 0.3443
v 0.1543 0.0175 0.3179
v 0.1598 0.0305 0.3221
v 0.1529 0.0658 0.3420
v 0.1470 0.1358 0.3842
v 0.1528 0.1668 0.4033
v 0.1514 0.2116 0.4358
v 0.2264 -0.6291 0.3802
v 0.2153 -0.5569 0.4007
v 0.1902 -0.4373 0.4067
v 0.1932 -0.3562 0.3917
v 0.1765 -0.2422 0.3512
v 0.1699 -0.1648 0.3296
v 0.1556 -0.0146 0.3118
v 0.1400 0.0289 0.3217
v 0.1466 0.0421 0.3278
v 0.1462 0.0872 0.3541
v 0.1461 0.0983 0.3615
v 0.1468 0.1103 0.3679
v 0.1435 0.1792 0.4128
v 0.0199 -0.6586 0.3451
v 0.0200 -0.6460 0.3515
v 0.0301 -0.6367 0.3596
v 0.0146 -0.6142 0.3609
v 0.0179 -0.5867 0.3697
v 0.0154 -0.5555 0.3750
v 0.0224 -0.5406 0.3799
v 0.0291 -0.5090 0.3856
v 0.2188 -0.6973 0.3446
v 0.2100 -0.6643 0.3661
v 0.2159 -0.6264 0.3819
v 0.2161 -0.6050 0.3894
v 0.1969 -0.4735 0.4086
v 0.2018 -0.4682 0.4081
v 0.1548 -0.1561 0.3273
v 0.1254 -0.1017 0.3153
v 0.1481 -0.0154 0.3125
v 0.1422 0.0015 0.3141
v 0.1284 0.1183 0.3749
v 0.1392 0.1652 0.4020
v 0.1307 0.1915 0.4199
v 0.0039 -0.4682 0.3737
v 0.0156 -0.4391 0.3787
v 0.0153 -0.4144 0.3760
v -0.0025 -0.4130 0.3662
v -0.0136 -0.3925 0.3564
v -0.0021 -0.3807 0.3601
v -0.0089 -0.3674 0.3515
v 0.2103 -0.6872 0.3523
v 0.2007 -0.6774 0.3592
v 0.2003 -0.6289 0.3817
v 0.2031 -0.5908 0.3929
v 0.1925 -0.5141 0.4058
v 0.1806 -0.3934 0.4002
v 0.1639 -0.3415 0.3853
v 0.1652 -0.3054 0.3724
v 0.1616 -0.2530 0.3531
v 0.1592 -0.2406 0.3496
v 0.1463 -0.1873 0.3335
v 0.1356 -0.1446 0.3232
v 0.1423 -0.0381 0.3106
v 0.1366 -0.0167 0.3113
v 0.1202 0.0924 0.3579
v 0.1291 0.1075 0.3672
v 0.1306 0.1306 0.3815
v 0.1258 0.1540 0.3961
v 0.1285 0.1722 0.4068
v 0.1305 0.2103 0.4344
v 0.2039 -0.7067 0.3403
v 0.1929 -0.6435 0.3758
v 0.2043 -0.6428 0.3765
v 0.1731 -0.4988 0.4072
v 0.1739 -0.4203 0.4046
v 0.1696 -0.3602 0.3912
v 0.1631 -0.3172 0.3757
v 0.1438 -0.2868 0.3650
v 0.1304 -0.0714 0.3126
v 0.1344 -0.0503 0.3112
v 0.1236 0.0201 0.3181
v 0.1213 0.0534 0.3348
v 0.1250 0.1409 0.3886
v 0.1186 0.1833 0.4124
v -0.0419 -0.1176 0.2446
v 0.1832 -0.6793 0.3619
v 0.1910 -0.6641 0.3665
v 0.1807 -0.5982 0.3912
v 0.1787 -0.4791 0.4076
v 0.1787 -0.4649 0.4077
v 0.1806 -0.4565 0.4069
v 0.1737 -0.4433 0.4066
v 0.1539 -0.2650 0.3575
v 0.1540 -0.2539 0.3543
v 0.1395 -0.1614 0.3280
v 0.1082 -0.0218 0.3101
v 0.1183 -0.0048 0.3121
v 0.1210 0.0374 0.3252
v 0.1161 0.1473 0.3920
v 0.1165 0.1628 0.4017
v 0.1907 -0.6783 0.3608
v 0.1527 -0.6033 0.3896
v 0.1748 -0.5609 0.3991
v 0.1749 -0.5379 0.4024
v 0.1516 -0.3170 0.3758
v 0.1509 -0.2956 0.3680
v 0.1464 -0.2547 0.3537
v 0.1321 -0.2158 0.3403
v 0.1163 -0.0669 0.3118
v 0.1071 -0.0530 0.3102
v 0.1030 0.0233 0.3170
v 0.1005 0.0361 0.3220
v 0.1115 0.0510 0.3323
v 0.1078 0.0649 0.3407
v 0.0991 0.0832 0.3498
v 0.1103 0.1163 0.3731
v 0.0964 0.1316 0.3812
v 0.1051 0.1617 0.4006
v 0.1082 0.1732 0.4065
v 0.1824 -0.6680 0.3646
v 0.1752 -0.6522 0.3724
v 0.1808 -0.6440 0.3765
v 0.1615 -0.4501 0.4069
v 0.1516 -0.4149 0.4022
v 0.1532 -0.3776 0.3948
v 0.1365 -0.3317 0.3800
v 0.1463 -0.3085 0.3733
v 0.1396 -0.3027 0.3700
v 0.1363 -0.2837 0.3629
v 0.1194 -0.2780 0.3604
v 0.1203 -0.2487 0.3500
v 0.1191 -0.1564 0.3253
v 0.1063 -0.0998 0.3142
v 0.1011 0.0055 0.3116
v 0.0945 0.1480 0.3901
v 0.0935 0.1608 0.3980
v 0.0996 0.1834 0.4084
v 0.0993 0.1951 0.4135
v 0.0089 -0.6269 0.3532
v -0.0094 -0.5849 0.3557
v 0.0074 -0.5327 0.3741
v 0.0015 -0.5022 0.3726
v 0.1756 -0.6799 0.3618
v 0.1685 -0.6700 0.3658
v 0.1676 -0.5908 0.3930
v 0.1579 -0.5297 0.4032
v 0.1570 -0.5038 0.4062
v 0.1401 -0.3200 0.3758
v 0.1160 -0.2116 0.3377
v 0.1210 -0.1761 0.3302
v 0.1097 -0.1260 0.3184
v 0.0963 0.0540 0.3309
v -0.0104 -0.4493 0.3646
v -0.0071 -0.4353 0.3664
v 0.1701 -0.6882 0.3544
v 0.1574 -0.6431 0.3761
v 0.1486 -0.5616 0.3986
v 0.1595 -0.5583 0.4000
v 0.1492 -0.5442 0.4014
v 0.1487 -0.5159 0.4035
v 0.1399 -0.5044 0.4044
v 0.1402 -0.4465 0.4047
v 0.1301 -0.4115 0.4007
v 0.1384 -0.3633 0.3898
v 0.1247 -0.2947 0.3664
v 0.0966 -0.1910 0.3287
v 0.1045 -0.1673 0.3260
v 0.0924 -0.1001 0.3110
v 0.0979 -0.0621 0.3087
v 0.0959 -0.0361 0.3079
v 0.0866 -0.0089 0.3059
v 0.0901 0.0111 0.3101
v 0.0902 0.0238 0.3137
v 0.0888 0.0470 0.3245
v 0.0873 0.0898 0.3504
v 0.0845 0.1481 0.3874
v 0.0854 0.1597 0.3937
v 0.1593 -0.6899 0.3531
v 0.1586 -0.6698 0.3642
v 0.1208 -0.3966 0.3974
v 0.1216 -0.3645 0.3900
v 0.1150 -0.3386 0.3808
v 0.0923 -0.1311 0.3154
v 0.0813 -0.0397 0.3027
v 0.0811 -0.0259 0.3035
v 0.0829 0.0125 0.3077
v 0.0815 0.0323 0.3132
v 0.0807 0.0439 0.3181
v 0.0780 0.1153 0.3621
v 0.0768 0.1574 0.3875
v 0.1435 -0.6508 0.3727
v 0.1375 -0.5727 0.3962
v 0.1261 -0.4591 0.4048
v 0.1001 -0.2913 0.3611
v 0.0999 -0.2176 0.3360
v 0.0764 -0.1368 0.3119
v 0.0824 -0.0923 0.3066
v 0.0761 -0.0020 0.3023
v 0.0742 0.0184 0.3042
v 0.0733 0.0310 0.3073
v 0.0718 0.0442 0.3121
v 0.0719 0.0644 0.3242
v 0.0708 0.0877 0.3374
v 0.0702 0.1094 0.3519
v 0.0699 0.1221 0.3615
v 0.0693 0.1334 0.3672
v 0.0676 0.1502 0.3760
v 0.0631 0.1734 0.3836
v 0.0011 -0.6502 0.3405
v 0.0033 -0.6405 0.3451
v 0.0023 -0.6078 0.3558
v 0.0050 -0.5998 0.3601
v -0.0148 -0.5450 0.3598
v -0.0112 -0.5135 0.3644
v -0.0143 -0.4987 0.3638
v -0.0090 -0.4637 0.3667
v 0.1319 -0.6876 0.3526
v 0.1379 -0.6732 0.3612
v 0.1257 -0.6170 0.3836
v 0.1350 -0.5583 0.3989
v 0.1205 -0.5433 0.3996
v 0.1250 -0.5137 0.4035
v 0.1247 -0.4789 0.4048
v 0.1180 -0.4308 0.4022
v 0.0988 -0.3262 0.3735
v 0.0986 -0.2441 0.3437
v 0.0441 -0.0775 0.2907
v 0.0625 -0.0372 0.2949
v 0.0649 -0.0051 0.2970
v 0.0594 0.0104 0.2941
v 0.0626 0.0314 0.2994
v 0.0624 0.0746 0.3195
v 0.0603 0.1315 0.3539
v 0.0598 0.1545 0.3703
v 0.1284 -0.6430 0.3747
v 0.1095 -0.4099 0.3984
v 0.1003 -0.4008 0.3952
v 0.0772 -0.2754 0.3479
v 0.0845 -0.2520 0.3418
v 0.0774 -0.2394 0.3352
v 0.0725 -0.2037 0.3238
v 0.0508 -0.1154 0.2993
v 0.0571 -0.0196 0.2928
v 0.0549 0.0575 0.3040
v 0.1078 -0.6635 0.3650
v 0.1183 -0.5867 0.3923
v 0.1042 -0.4784 0.4022
v 0.1079 -0.4646 0.4018
v 0.0948 -0.3715 0.3879
v 0.0783 -0.2198 0.3292
v 0.0687 -0.1878 0.3187
v 0.0291 -0.0385 0.2800
v 0.0384 -0.0027 0.2823
v 0.0495 0.0161 0.2873
v -0.0014 -0.6168 0.3522
v 0.1061 -0.6779 0.3578
v 0.1083 -0.6425 0.3735
v 0.0983 -0.5457 0.3975
v 0.1063 -0.5148 0.4012
v 0.1049 -0.4947 0.4023
v 0.0982 -0.4379 0.3995
v 0.0742 -0.3011 0.3584
v 0.0767 -0.2631 0.3437
v 0.0704 -0.2578 0.3387
v 0.0666 -0.2246 0.3270
v 0.0634 -0.1679 0.3135
v 0.0444 -0.1673 0.3059
v 0.0589 -0.1337 0.3059
v 0.0414 0.0150 0.2826
v -0.0259 -0.4431 0.3551
v 0.0998 -0.5855 0.3905
v 0.0991 -0.5286 0.3990
v 0.1018 -0.5206 0.4010
v 0.0927 -0.4577 0.4001
v 0.0851 -0.4283 0.3976
v 0.0689 -0.3544 0.3781
v 0.0625 -0.2433 0.3310
v 0.0519 -0.2017 0.3158
v 0.0437 -0.1375 0.2997
v 0.0127 0.0111 0.2645
v 0.0874 -0.6183 0.3798
v 0.0912 -0.5100 0.4000
v 0.0664 -0.4913 0.3966
v 0.0671 -0.4460 0.3958
v 0.0657 -0.4001 0.3897
v 0.0612 -0.3120 0.3587
v 0.0593 -0.2545 0.3346
v 0.0515 -0.2340 0.3229
v 0.0462 -0.2143 0.3157
v 0.0498 -0.1887 0.3119
v 0.0400 -0.1278 0.2976
v 0.0332 -0.1026 0.2903
v 0.0255 -0.0903 0.2844
v 0.0239 -0.0039 0.2735
v -0.0112 -0.6032 0.3502
v 0.0851 -0.6919 0.3473
v 0.0976 -0.6778 0.3564
v 0.0889 -0.6614 0.3636
v 0.0855 -0.6333 0.3739
v 0.0793 -0.5476 0.3944
v 0.0712 -0.5219 0.3956
v 0.0669 -0.4231 0.3934
v 0.0546 -0.3389 0.3685
v 0.0520 -0.3077 0.3545
v 0.0462 -0.2717 0.3357
v 0.0509 -0.2541 0.3304
v 0.0331 -0.1980 0.3058
v 0.0310 -0.1455 0.2965
v 0.0228 -0.1249 0.2887
v 0.0150 -0.0335 0.2714
v -0.0266 -0.5239 0.3538
v -0.0205 -0.5037 0.3580
v -0.0238 -0.4724 0.3571
v -0.0251 -0.4604 0.3568
v 0.0838 -0.6769 0.3558
v 0.0822 -0.6464 0.3691
v 0.0771 -0.5784 0.3890
v 0.0472 -0.3868 0.3816
v 0.0339 -0.2363 0.3143
v 0.0072 -0.1758 0.2886
v 0.0056 -0.0646 0.2699
v 0.0129 -0.0220 0.2700
v 0.0087 -0.0132 0.2654
v 0.0716 -0.6034 0.3820
v 0.0364 -0.4295 0.3863
v 0.0437 -0.4111 0.3857
v 0.0503 -0.3620 0.3750
v 0.0455 -0.3242 0.3587
v 0.0424 -0.3043 0.3489
v 0.0231 -0.2215 0.3045
v 0.0133 -0.1186 0.2820
v -0.0022 -0.0952 0.2703
v 0.0045 -0.0342 0.2652
v -0.0056 -0.0108 0.2556
v 0.0004 0.0087 0.2556
v -0.0158 -0.6592 0.3252
v 0.0752 -0.6927 0.3449
v 0.0639 -0.6569 0.3604
v 0.0577 -0.6262 0.3718
v 0.0629 -0.5836 0.3848
v 0.0678 -0.5802 0.3873
v 0.0474 -0.5571 0.3861
v 0.0541 -0.5217 0.3924
v 0.0581 -0.5003 0.3937
v 0.0449 -0.4627 0.3910
v 0.0398 -0.3755 0.3767
v 0.0338 -0.3472 0.3648
v 0.0338 -0.3236 0.3549
v 0.0283 -0.3005 0.3408
v 0.0160 -0.2060 0.2979
v -0.0076 0.0075 0.2511
v -0.0091 0.0182 0.2482
v -0.0298 -0.4938 0.3530
v 0.0406 -0.3965 0.3826
v 0.0223 -0.3233 0.3503
v 0.0022 -0.1969 0.2882
v 0.0008 -0.1366 0.2781
v -0.0011 -0.1271 0.2763
v -0.0210 -0.0954 0.2580
v -0.0192 -0.0098 0.2457
v -0.0160 0.0062 0.2445
v 0.0547 -0.6634 0.3563
v 0.0464 -0.6008 0.3770
v 0.0418 -0.4832 0.3902
v 0.0208 -0.3957 0.3750
v 0.0261 -0.3777 0.3724
v 0.0198 -0.3464 0.3593
v 0.0185 -0.3353 0.3528
v 0.0151 -0.3218 0.3452
v -0.0001 -0.2110 0.2875
v -0.0106 -0.1222 0.2688
v -0.0152 -0.1010 0.2623
v 0.0434 -0.6906 0.3389
v 0.0428 -0.6744 0.3473
v 0.0463 -0.6399 0.3639
v 0.0411 -0.5734 0.3817
v 0.0334 -0.5411 0.3841
v 0.0252 -0.4612 0.3841
v -0.0201 -0.1399 0.2659
v -0.0170 -0.1136 0.2637
v 0.0087 -0.3954 0.3690
v 0.0122 -0.3766 0.3665
v 0.0099 -0.3521 0.3566
v 0.0076 -0.3364 0.3487
v -0.0252 -0.1200 0.2585
v 0.0307 -0.6054 0.3704
v 0.0043 -0.3690 0.3587
v -0.1009 -0.5172 -0.0226
v 0.3610 -0.4248 -0.0702
v 0.3526 -0.4144 -0.0710
v 0.3533 -0.4256 -0.0722
v 0.3469 -0.4382 -0.0784
v -0.0311 -0.4162 -0.0063
v -0.0297 -0.4389 -0.0106
v 0.3451 -0.4152 -0.0735
v 0.3457 -0.4261 -0.0719
v -0.0289 -0.4502 -0.0126
v -0.0281 -0.4618 -0.0167
v -0.0272 -0.4741 -0.0252
v -0.0264 -0.4856 -0.0288
v -0.0255 -0.4976 -0.0358
v -0.0247 -0.5093 -0.0406
v -0.0231 -0.5327 -0.0502
v -0.0223 -0.5443 -0.0543
v -0.0205 -0.5687 -0.0703
v -0.0194 -0.5815 -0.0829
v -0.0182 -0.5952 -0.1010
v -0.0171 -0.6085 -0.1171
v -0.0159 -0.6219 -0.1335
v -0.0165 -0.6441 -0.1600
v -0.0999 -0.5343 -0.0303
v -0.0922 -0.5366 -0.0364
v -0.1067 -0.5490 -0.0328
v 0.3368 -0.4047 -0.0736
v 0.3374 -0.4156 -0.0728
v 0.3380 -0.4263 -0.0707
v 0.3387 -0.4372 -0.0702
v 0.3204 -0.3841 -0.0774
v 0.3286 -0.3945 -0.0763
v 0.3292 -0.4055 -0.0763
v 0.3298 -0.4162 -0.0735
v 0.3304 -0.4266 -0.0695
v 0.3309 -0.4370 -0.0651
v -0.0381 -0.4276 -0.0054
v -0.0373 -0.4390 -0.0078
v -0.0366 -0.4506 -0.0121
v -0.0358 -0.4619 -0.0143
v -0.0349 -0.4741 -0.0220
v -0.0341 -0.4855 -0.0248
v -0.0333 -0.4976 -0.0323
v -0.0324 -0.5093 -0.0376
v -0.0315 -0.5214 -0.0450
v -0.0308 -0.5329 -0.0484
v -0.0299 -0.5449 -0.0550
v -0.0291 -0.5567 -0.0608
v -0.0281 -0.5690 -0.0692
v -0.0354 -0.5703 -0.0724
v -0.0258 -0.5961 -0.1047
v -0.0247 -0.6088 -0.1170
v -0.0234 -0.6227 -0.1368
v -0.0211 -0.6497 -0.1704
v -0.0201 -0.6629 -0.1851
v -0.0810 -0.4747 -0.0081
v 0.3088 -0.2445 -0.1069
v 0.3108 -0.3490 -0.0636
v 0.3186 -0.3606 -0.0666
v 0.3210 -0.3952 -0.0777
v 0.3216 -0.4061 -0.0771
v 0.3143 -0.4070 -0.0761
v 0.3161 -0.4279 -0.0654
v 0.3232 -0.4371 -0.0632
v -0.0804 -0.4861 -0.0117
v -0.0793 -0.4985 -0.0205
v -0.0785 -0.5104 -0.0270
v -0.0776 -0.5222 -0.0323
v -0.0768 -0.5343 -0.0395
v -0.0758 -0.5467 -0.0485
v 0.2687 0.3620 -0.1658
v 0.3035 -0.2582 -0.1064
v 0.3023 -0.2882 -0.0922
v 0.3111 -0.3614 -0.0693
v 0.3119 -0.3733 -0.0755
v 0.3127 -0.3849 -0.0793
v 0.3134 -0.3959 -0.0792
v 0.3145 -0.4168 -0.0717
v 0.3155 -0.4371 -0.0604
v -0.0459 -0.4273 -0.0004
v -0.0450 -0.4390 -0.0054
v -0.0443 -0.4504 -0.0076
v 0.2592 0.3852 -0.1523
v 0.2601 0.3738 -0.1569
v 0.2610 0.3617 -0.1644
v -0.0434 -0.4623 -0.0141
v -0.0426 -0.4740 -0.0189
v -0.0416 -0.4864 -0.0282
v -0.0409 -0.4977 -0.0304
v -0.0400 -0.5100 -0.0392
v -0.0392 -0.5215 -0.0428
v -0.0384 -0.5333 -0.0479
v -0.0375 -0.5455 -0.0558
v -0.0366 -0.5575 -0.0630
v 0.2951 -0.1872 -0.1369
v 0.2963 -0.2389 -0.1191
v 0.2965 -0.3225 -0.0772
v 0.3001 -0.3397 -0.0676
v 0.2859 -0.3531 -0.0767
v 0.2992 -0.3728 -0.0799
v 0.3052 -0.3856 -0.0813
v 0.3060 -0.3967 -0.0792
v 0.3068 -0.4168 -0.0693
v 0.3049 -0.4263 -0.0610
v 0.3035 -0.4374 -0.0554
v -0.0333 -0.5970 -0.1065
v -0.0321 -0.6106 -0.1252
v -0.0352 -0.6181 -0.1357
v -0.0297 -0.6376 -0.1597
v -0.0286 -0.6505 -0.1751
v 0.2517 0.3848 -0.1531
v 0.2525 0.3732 -0.1578
v 0.2534 0.3610 -0.1655
v 0.2481 0.3487 -0.1707
v 0.2672 0.1467 -0.2007
v 0.2676 -0.0345 -0.1568
v 0.2661 -0.0656 -0.1631
v 0.2732 -0.0998 -0.1619
v 0.2770 -0.1242 -0.1588
v 0.2789 -0.1876 -0.1478
v 0.2826 -0.2063 -0.1399
v 0.2838 -0.2360 -0.1287
v 0.2846 -0.3012 -0.0965
v 0.2976 -0.3862 -0.0823
v 0.2982 -0.3968 -0.0795
v 0.2987 -0.4071 -0.0747
v 0.3006 -0.4472 -0.0478
v 0.2436 0.3851 -0.1483
v 0.2449 0.3727 -0.1576
v 0.2457 0.3607 -0.1646
v 0.2596 0.1457 -0.2039
v 0.2613 0.1346 -0.1996
v 0.2711 -0.1565 -0.1581
v 0.2651 -0.1833 -0.1561
v 0.2722 -0.2520 -0.1291
v 0.2782 -0.2907 -0.1074
v 0.2840 -0.3418 -0.0756
v 0.2893 -0.3757 -0.0830
v 0.2900 -0.3867 -0.0830
v 0.2905 -0.3971 -0.0783
v 0.2882 -0.4053 -0.0730
v 0.2914 -0.4270 -0.0582
v 0.2925 -0.4374 -0.0528
v 0.2905 -0.4463 -0.0473
v 0.2956 -0.4911 -0.0440
v 0.2963 -0.5022 -0.0445
v 0.2970 -0.5132 -0.0448
v 0.2372 0.3725 -0.1563
v 0.2380 0.3608 -0.1611
v 0.2389 0.3485 -0.1692
v 0.2515 0.1562 -0.2054
v 0.2521 0.1454 -0.2042
v 0.2527 0.1349 -0.2003
v 0.2537 0.1241 -0.1978
v 0.2623 -0.0835 -0.1675
v 0.2525 -0.1263 -0.1722
v 0.2610 -0.1435 -0.1653
v 0.2562 -0.2030 -0.1558
v 0.2727 -0.2199 -0.1420
v 0.2732 -0.2324 -0.1364
v 0.2795 -0.3272 -0.0858
v 0.2810 -0.3652 -0.0834
v 0.2817 -0.3764 -0.0846
v 0.2753 -0.3871 -0.0830
v 0.2813 -0.4277 -0.0551
v 0.2859 -0.4586 -0.0446
v 0.2874 -0.4812 -0.0483
v 0.2879 -0.4914 -0.0431
v 0.2886 -0.5024 -0.0427
v 0.2893 -0.5137 -0.0446
v 0.2900 -0.5246 -0.0442
v -0.0527 -0.4393 -0.0043
v -0.0520 -0.4507 -0.0069
v -0.0511 -0.4626 -0.0125
v -0.0503 -0.4742 -0.0168
v -0.0494 -0.4863 -0.0244
v -0.0485 -0.4983 -0.0316
v -0.0476 -0.5103 -0.0380
v -0.0469 -0.5218 -0.0413
v 0.2287 0.3839 -0.1502
v 0.2296 0.3719 -0.1572
v 0.2304 0.3601 -0.1629
v 0.2313 0.3477 -0.1692
v 0.2321 0.3365 -0.1741
v 0.2432 0.1667 -0.2061
v 0.2381 0.1500 -0.2032
v 0.2375 0.1343 -0.2023
v 0.2451 0.1342 -0.2024
v 0.2457 0.1234 -0.2004
v 0.2485 -0.0180 -0.1687
v 0.2487 -0.0373 -0.1707
v 0.2490 -0.0510 -0.1728
v 0.2616 -0.1685 -0.1622
v 0.2600 -0.2519 -0.1358
v 0.2641 -0.3121 -0.1022
v 0.2639 -0.3244 -0.0963
v 0.2714 -0.3330 -0.0861
v 0.2720 -0.3435 -0.0821
v 0.2697 -0.3553 -0.0839
v 0.2676 -0.3668 -0.0871
v 0.2742 -0.3772 -0.0870
v 0.2729 -0.4082 -0.0680
v 0.2782 -0.4471 -0.0459
v 0.2782 -0.4586 -0.0415
v 0.2790 -0.4701 -0.0447
v 0.2797 -0.4810 -0.0442
v 0.2797 -0.4918 -0.0418
v 0.2810 -0.5028 -0.0422
v 0.2817 -0.5140 -0.0439
v 0.2734 -0.5273 -0.0430
v -0.0460 -0.5339 -0.0488
v -0.0450 -0.5461 -0.0563
v -0.0442 -0.5580 -0.0632
v -0.0432 -0.5711 -0.0759
v -0.0422 -0.5820 -0.0898
v -0.0409 -0.5978 -0.1085
v -0.0373 -0.6384 -0.1625
v -0.0362 -0.6515 -0.1762
v 0.2147 0.3967 -0.1404
v 0.2223 0.3836 -0.1493
v 0.2216 0.3547 -0.1660
v 0.2245 0.3359 -0.1742
v 0.2254 0.3238 -0.1819
v 0.2355 0.1662 -0.2058
v 0.2240 0.1545 -0.2032
v 0.2381 0.1229 -0.2011
v 0.2389 0.1121 -0.1991
v 0.2389 0.1025 -0.1920
v 0.2503 -0.0773 -0.1732
v 0.2461 -0.0881 -0.1768
v 0.2475 -0.1132 -0.1747
v 0.2488 -0.1923 -0.1621
v 0.2587 -0.2320 -0.1447
v 0.2487 -0.2845 -0.1239
v 0.2628 -0.3345 -0.0903
v 0.2644 -0.3443 -0.0848
v 0.2666 -0.3778 -0.0882
v 0.2671 -0.3880 -0.0826
v 0.2658 -0.3971 -0.0756
v 0.2685 -0.4179 -0.0609
v 0.2689 -0.4278 -0.0535
v 0.2685 -0.4372 -0.0485
v 0.2697 -0.4589 -0.0406
v 0.2699 -0.4718 -0.0392
v 0.2722 -0.4822 -0.0406
v 0.2726 -0.4919 -0.0405
v 0.2740 -0.5141 -0.0418
v 0.2804 -0.6148 -0.0528
v 0.2851 -0.6414 -0.0831
v 0.2850 -0.6483 -0.0700
v 0.2074 0.3890 -0.1441
v 0.2143 0.3711 -0.1561
v 0.2125 0.3571 -0.1638
v 0.2175 0.3241 -0.1781
v 0.2272 0.1770 -0.2049
v 0.2235 0.1290 -0.2014
v 0.2311 0.1116 -0.2004
v 0.2317 0.1011 -0.1967
v 0.2314 0.0919 -0.1882
v 0.2280 0.0182 -0.1764
v 0.2336 -0.0184 -0.1779
v 0.2399 -0.0390 -0.1760
v 0.2389 -0.0605 -0.1783
v 0.2410 -0.1360 -0.1759
v 0.2460 -0.1658 -0.1690
v 0.2465 -0.2445 -0.1444
v 0.2465 -0.2715 -0.1317
v 0.2546 -0.3011 -0.1128
v 0.2569 -0.3453 -0.0882
v 0.2583 -0.3676 -0.0908
v 0.2523 -0.3789 -0.0895
v 0.2595 -0.3885 -0.0826
v 0.2567 -0.4033 -0.0686
v 0.2558 -0.4140 -0.0595
v 0.2601 -0.4588 -0.0383
v 0.2641 -0.5045 -0.0399
v 0.2664 -0.5146 -0.0421
v 0.2671 -0.5258 -0.0429
v 0.2706 -0.5816 -0.0484
v 0.2714 -0.5931 -0.0494
v 0.2734 -0.6261 -0.0516
v 0.2746 -0.6397 -0.0695
v 0.2753 -0.6498 -0.0641
v 0.2729 -0.6571 -0.0516
v 0.2000 0.3710 -0.1563
v 0.2085 0.3329 -0.1748
v 0.2110 0.3112 -0.1852
v 0.2059 0.2904 -0.1899
v 0.2189 0.1877 -0.2037
v 0.2173 0.1783 -0.2026
v 0.2202 0.1657 -0.2031
v 0.2243 0.1002 -0.1997
v 0.2202 0.0833 -0.1927
v 0.2249 0.0805 -0.1850
v 0.2257 0.0709 -0.1742
v 0.2261 0.0602 -0.1722
v 0.2195 0.0595 -0.1770
v 0.2296 0.0045 -0.1767
v 0.2273 -0.0243 -0.1816
v 0.2320 -0.0404 -0.1814
v 0.2295 -0.0868 -0.1836
v 0.2327 -0.1058 -0.1821
v 0.2273 -0.1144 -0.1828
v 0.2426 -0.2129 -0.1586
v 0.2388 -0.3162 -0.1096
v 0.2402 -0.3359 -0.0983
v 0.2418 -0.3463 -0.0931
v 0.2500 -0.3571 -0.0909
v 0.2508 -0.3682 -0.0920
v 0.2441 -0.3793 -0.0894
v 0.2528 -0.4390 -0.0446
v 0.2546 -0.4488 -0.0404
v 0.2517 -0.5003 -0.0385
v 0.2587 -0.5149 -0.0409
v 0.2594 -0.5260 -0.0416
v 0.2602 -0.5373 -0.0439
v 0.2608 -0.5485 -0.0448
v 0.2544 -0.5604 -0.0463
v 0.2622 -0.5708 -0.0466
v 0.2630 -0.5821 -0.0486
v 0.2561 -0.5960 -0.0492
v 0.2651 -0.6155 -0.0516
v 0.2658 -0.6268 -0.0535
v 0.2667 -0.6389 -0.0610
v 0.2674 -0.6493 -0.0576
v 0.1985 0.3581 -0.1639
v 0.2012 0.3143 -0.1824
v 0.1974 0.2906 -0.1898
v 0.2097 0.1996 -0.2015
v 0.1993 0.1793 -0.2006
v 0.2126 0.1653 -0.2029
v 0.2080 0.1514 -0.2010
v 0.2139 0.1434 -0.2022
v 0.2146 0.1326 -0.2008
v 0.2159 0.1106 -0.2010
v 0.2166 0.0996 -0.2010
v 0.2181 0.0692 -0.1824
v 0.2175 0.0115 -0.1838
v 0.2208 -0.0404 -0.1866
v 0.2243 -0.1435 -0.1803
v 0.2303 -0.1697 -0.1743
v 0.2303 -0.1898 -0.1694
v 0.2331 -0.2111 -0.1622
v 0.2333 -0.2319 -0.1540
v 0.2190 -0.3141 -0.1178
v 0.2263 -0.3174 -0.1142
v 0.2434 -0.3689 -0.0936
v 0.2441 -0.3889 -0.0794
v 0.2447 -0.4275 -0.0500
v 0.2470 -0.4491 -0.0394
v 0.2435 -0.4607 -0.0354
v 0.2477 -0.4712 -0.0353
v 0.2454 -0.4984 -0.0369
v 0.2495 -0.5342 -0.0429
v 0.2498 -0.5484 -0.0438
v 0.2547 -0.5713 -0.0474
v 0.2516 -0.6193 -0.0506
v 0.2582 -0.6272 -0.0533
v 0.2590 -0.6387 -0.0568
v 0.2595 -0.6488 -0.0509
v 0.2578 -0.6584 -0.0395
v 0.1914 0.3699 -0.1556
v 0.1909 0.3385 -0.1723
v 0.1945 0.2991 -0.1867
v 0.1979 0.2762 -0.1941
v 0.1996 0.2529 -0.2030
v 0.2002 0.2421 -0.2020
v 0.2009 0.2310 -0.2026
v 0.2015 0.2203 -0.2000
v 0.2022 0.2093 -0.2003
v 0.2049 0.1652 -0.2010
v 0.2069 0.1322 -0.2008
v 0.2070 0.1180 -0.2001
v 0.2090 0.0992 -0.2006
v 0.2096 0.0885 -0.1983
v 0.2041 0.0705 -0.1933
v 0.2106 0.0680 -0.1881
v 0.2066 0.0570 -0.1859
v 0.2123 0.0458 -0.1830
v 0.2129 0.0231 -0.1845
v 0.2151 0.0013 -0.1850
v 0.2160 -0.0199 -0.1873
v 0.2118 -0.0486 -0.1902
v 0.2121 -0.0824 -0.1895
v 0.2091 -0.1092 -0.1894
v 0.2094 -0.2040 -0.1701
v 0.2209 -0.2125 -0.1649
v 0.2275 -0.2145 -0.1636
v 0.2218 -0.2277 -0.1592
v 0.2211 -0.2605 -0.1449
v 0.2306 -0.2763 -0.1347
v 0.2313 -0.3579 -0.0951
v 0.2355 -0.3694 -0.0936
v 0.2361 -0.3796 -0.0882
v 0.2194 -0.3884 -0.0774
v 0.2278 -0.4002 -0.0681
v 0.2254 -0.4157 -0.0561
v 0.2388 -0.4389 -0.0421
v 0.2381 -0.4494 -0.0371
v 0.2402 -0.4704 -0.0336
v 0.2441 -0.5266 -0.0398
v 0.2461 -0.5616 -0.0467
v 0.2418 -0.5848 -0.0470
v 0.2421 -0.6063 -0.0480
v 0.2505 -0.6274 -0.0516
v 0.2512 -0.6384 -0.0517
v 0.2517 -0.6484 -0.0446
v 0.1822 0.3818 -0.1488
v 0.1838 0.3693 -0.1566
v 0.1855 0.3558 -0.1636
v 0.1883 0.3144 -0.1809
v 0.1861 0.2772 -0.1906
v 0.1910 0.2648 -0.1940
v 0.1919 0.2458 -0.1966
v 0.1937 0.2203 -0.1986
v 0.1945 0.2037 -0.1999
v 0.1890 0.1948 -0.1989
v 0.1973 0.1647 -0.2010
v 0.1877 0.1452 -0.1997
v 0.1986 0.1427 -0.2009
v 0.1945 0.1303 -0.2000
v 0.2000 0.1208 -0.2003
v 0.2007 0.1097 -0.2010
v 0.1937 0.0983 -0.2003
v 0.2019 0.0880 -0.1990
v 0.1986 0.0421 -0.1902
v 0.1959 0.0132 -0.1927
v 0.2057 -0.0164 -0.1904
v 0.2059 -0.0978 -0.1907
v 0.2031 -0.1619 -0.1831
v 0.2180 -0.1648 -0.1783
v 0.2113 -0.1910 -0.1741
v 0.2215 -0.2462 -0.1517
v 0.2181 -0.2826 -0.1351
v 0.2165 -0.3381 -0.1031
v 0.2279 -0.3699 -0.0943
v 0.2284 -0.3799 -0.0874
v 0.2247 -0.4292 -0.0458
v 0.2316 -0.4495 -0.0357
v 0.2204 -0.4609 -0.0324
v 0.2210 -0.4842 -0.0318
v 0.2353 -0.5427 -0.0412
v 0.2353 -0.5630 -0.0447
v 0.2422 -0.6166 -0.0495
v 0.2428 -0.6276 -0.0496
v 0.2431 -0.6383 -0.0477
v 0.2405 -0.6473 -0.0397
v 0.2421 -0.6569 -0.0314
v 0.2448 -0.6676 -0.0226
v 0.1762 0.3572 -0.1632
v 0.1787 0.3334 -0.1737
v 0.1796 0.3216 -0.1786
v 0.1687 0.3085 -0.1822
v 0.1758 0.2878 -0.1876
v 0.1640 0.2537 -0.1921
v 0.1795 0.2211 -0.1961
v 0.1889 0.1754 -0.2002
v 0.1806 0.1187 -0.2001
v 0.1930 0.1094 -0.1998
v 0.1881 0.0867 -0.2009
v 0.1950 0.0766 -0.1985
v 0.1932 0.0655 -0.1960
v 0.1961 0.0555 -0.1920
v 0.1839 0.0396 -0.1955
v 0.2006 -0.0325 -0.1923
v 0.1989 -0.0432 -0.1925
v 0.2009 -0.0637 -0.1934
v 0.2049 -0.0876 -0.1922
v 0.1988 -0.1234 -0.1898
v 0.2029 -0.1748 -0.1802
v 0.2099 -0.1737 -0.1792
v 0.2095 -0.2169 -0.1669
v 0.2067 -0.2514 -0.1533
v 0.2144 -0.2571 -0.1476
v 0.2135 -0.3051 -0.1239
v 0.2191 -0.3489 -0.0978
v 0.2197 -0.3599 -0.0976
v 0.2203 -0.3705 -0.0953
v 0.2234 -0.4394 -0.0391
v 0.2240 -0.4498 -0.0352
v 0.2303 -0.5499 -0.0426
v 0.2267 -0.5866 -0.0459
v 0.2338 -0.6057 -0.0473
v 0.2345 -0.6166 -0.0469
v 0.2352 -0.6277 -0.0472
v 0.2370 -0.6674 -0.0181
v 0.1583 0.3490 -0.1673
v 0.1645 0.3328 -0.1737
v 0.1799 0.1972 -0.1983
v 0.1790 0.1768 -0.1988
v 0.1821 0.1633 -0.1991
v 0.1874 0.0760 -0.2000
v 0.1855 0.0543 -0.1958
v 0.1803 0.0060 -0.1980
v 0.1968 -0.0852 -0.1937
v 0.1980 -0.0990 -0.1918
v 0.1932 -0.1039 -0.1930
v 0.1896 -0.1666 -0.1848
v 0.2004 -0.2350 -0.1616
v 0.2090 -0.2759 -0.1414
v 0.2006 -0.2895 -0.1363
v 0.2090 -0.2990 -0.1297
v 0.2028 -0.3229 -0.1176
v 0.2115 -0.3494 -0.0985
v 0.2121 -0.3606 -0.0979
v 0.2127 -0.3707 -0.0934
v 0.2131 -0.3802 -0.0835
v 0.2139 -0.3998 -0.0664
v 0.2120 -0.4136 -0.0552
v 0.2087 -0.4294 -0.0439
v 0.2158 -0.4397 -0.0386
v 0.2114 -0.4503 -0.0331
v 0.2132 -0.4722 -0.0306
v 0.2083 -0.5147 -0.0351
v 0.2173 -0.5356 -0.0388
v 0.2183 -0.5506 -0.0415
v 0.2154 -0.5659 -0.0435
v 0.2207 -0.6050 -0.0448
v 0.2192 -0.6170 -0.0438
v 0.2274 -0.6276 -0.0437
v 0.2280 -0.6379 -0.0392
v 0.2284 -0.6479 -0.0323
v 0.2162 -0.6565 -0.0198
v 0.2287 -0.6669 -0.0143
v 0.1598 0.2251 -0.1943
v 0.1707 0.2009 -0.1970
v 0.1729 0.1859 -0.1972
v 0.1743 0.1638 -0.1980
v 0.1754 0.1514 -0.1993
v 0.1704 0.1076 -0.2012
v 0.1736 0.0865 -0.2012
v 0.1811 0.0675 -0.1989
v 0.1667 0.0412 -0.2002
v 0.1859 -0.0424 -0.1969
v 0.1815 -0.0616 -0.1979
v 0.1898 -0.0889 -0.1955
v 0.1867 -0.1499 -0.1887
v 0.1948 -0.1749 -0.1812
v 0.1928 -0.1877 -0.1790
v 0.1940 -0.2152 -0.1705
v 0.2014 -0.2997 -0.1317
v 0.1981 -0.3130 -0.1240
v 0.2013 -0.3405 -0.1055
v 0.2039 -0.3501 -0.1002
v 0.2032 -0.3713 -0.0928
v 0.2039 -0.3817 -0.0824
v 0.2001 -0.4006 -0.0648
v 0.2072 -0.4199 -0.0506
v 0.1945 -0.4391 -0.0365
v 0.2093 -0.4610 -0.0301
v 0.2046 -0.4991 -0.0334
v 0.2178 -0.5953 -0.0454
v 0.2120 -0.6268 -0.0386
v 0.2049 -0.6366 -0.0305
v 0.1475 0.3318 -0.1743
v 0.1487 0.3039 -0.1826
v 0.1381 0.2714 -0.1882
v 0.1565 0.1913 -0.1964
v 0.1660 0.1744 -0.1978
v 0.1667 0.1632 -0.1990
v 0.1579 0.1515 -0.1992
v 0.1648 0.1408 -0.1991
v 0.1695 0.1191 -0.1998
v 0.1716 0.0667 -0.2004
v 0.1735 0.0533 -0.1980
v 0.1742 0.0423 -0.1985
v 0.1706 -0.0418 -0.2001
v 0.1825 -0.0860 -0.1966
v 0.1762 -0.1010 -0.1977
v 0.1770 -0.1320 -0.1930
v 0.1822 -0.2003 -0.1771
v 0.1825 -0.2423 -0.1618
v 0.1866 -0.3004 -0.1331
v 0.1872 -0.3304 -0.1146
v 0.1963 -0.3506 -0.1002
v 0.1901 -0.3611 -0.0978
v 0.1951 -0.3853 -0.0780
v 0.1991 -0.4104 -0.0575
v 0.1995 -0.4200 -0.0482
v 0.2000 -0.4302 -0.0422
v 0.2010 -0.4507 -0.0322
v 0.2017 -0.4614 -0.0302
v 0.1958 -0.4779 -0.0301
v 0.2043 -0.5299 -0.0375
v 0.2067 -0.5399 -0.0398
v 0.1975 -0.5586 -0.0414
v 0.2051 -0.5642 -0.0433
v 0.2095 -0.5846 -0.0443
v 0.2086 -0.5988 -0.0441
v 0.2114 -0.6172 -0.0415
v 0.1406 0.3656 -0.1582
v 0.1474 0.3433 -0.1685
v 0.1471 0.2844 -0.1872
v 0.1445 0.2345 -0.1930
v 0.1563 0.2073 -0.1959
v 0.1577 0.1744 -0.1979
v 0.1576 0.1204 -0.2004
v 0.1636 0.0976 -0.2011
v 0.1639 0.0853 -0.2022
v 0.1658 0.0528 -0.1987
v 0.1638 0.0154 -0.2014
v 0.1674 -0.0132 -0.2005
v 0.1739 -0.0744 -0.1994
v 0.1746 -0.0902 -0.1977
v 0.1722 -0.1550 -0.1896
v 0.1802 -0.1868 -0.1813
v 0.1827 -0.2870 -0.1409
v 0.1691 -0.3136 -0.1273
v 0.1838 -0.3405 -0.1075
v 0.1887 -0.3512 -0.1017
v 0.1897 -0.3716 -0.0904
v 0.1906 -0.3911 -0.0732
v 0.1910 -0.4007 -0.0637
v 0.1912 -0.4100 -0.0572
v 0.1907 -0.4205 -0.0481
v 0.1890 -0.4305 -0.0406
v 0.1915 -0.4511 -0.0303
v 0.1895 -0.4623 -0.0283
v 0.1962 -0.4981 -0.0321
v 0.1933 -0.5170 -0.0339
v 0.1900 -0.5347 -0.0374
v 0.2014 -0.5843 -0.0446
v 0.1956 -0.6170 -0.0391
v 0.2038 -0.6175 -0.0410
v 0.2053 -0.6479 -0.0227
v 0.1390 0.3545 -0.1640
v 0.1381 0.3437 -0.1689
v 0.1339 0.3200 -0.1782
v 0.1388 0.3047 -0.1823
v 0.1430 0.2965 -0.1849
v 0.1375 0.2410 -0.1919
v 0.1428 0.2024 -0.1947
v 0.1493 0.1960 -0.1948
v 0.1439 0.1610 -0.1975
v 0.1542 0.1353 -0.1988
v 0.1563 0.0849 -0.2017
v 0.1507 0.0732 -0.2026
v 0.1548 0.0507 -0.2005
v 0.1554 0.0299 -0.2013
v 0.1516 0.0141 -0.2019
v 0.1422 -0.0076 -0.2044
v 0.1585 -0.0443 -0.2013
v 0.1649 -0.0783 -0.1990
v 0.1657 -0.1019 -0.1987
v 0.1682 -0.1185 -0.1952
v 0.1684 -0.1795 -0.1835
v 0.1715 -0.2351 -0.1650
v 0.1695 -0.2502 -0.1593
v 0.1698 -0.2848 -0.1431
v 0.1732 -0.3312 -0.1142
v 0.1720 -0.3519 -0.1015
v 0.1733 -0.3627 -0.0973
v 0.1825 -0.3816 -0.0805
v 0.1829 -0.3913 -0.0713
v 0.1784 -0.4419 -0.0325
v 0.1870 -0.4730 -0.0279
v 0.1877 -0.4842 -0.0294
v 0.1885 -0.4956 -0.0316
v 0.1854 -0.5070 -0.0318
v 0.1891 -0.5835 -0.0433
v 0.1786 -0.5977 -0.0423
v 0.1966 -0.6278 -0.0326
v 0.1971 -0.6381 -0.0279
v 0.1981 -0.6497 -0.0185
v 0.1900 -0.6625 -0.0056
v 0.1255 0.3652 -0.1578
v 0.1361 0.2847 -0.1871
v 0.1403 0.2178 -0.1933
v 0.1406 0.1835 -0.1956
v 0.1279 0.1688 -0.1969
v 0.1420 0.1467 -0.1994
v 0.1421 0.1035 -0.2016
v 0.1509 0.0408 -0.2020
v 0.1520 -0.0725 -0.2017
v 0.1378 -0.0825 -0.2023
v 0.1573 -0.1125 -0.1978
v 0.1633 -0.1418 -0.1928
v 0.1642 -0.1647 -0.1880
v 0.1548 -0.2136 -0.1753
v 0.1660 -0.3737 -0.0875
v 0.1752 -0.3918 -0.0718
v 0.1688 -0.3975 -0.0666
v 0.1731 -0.4245 -0.0445
v 0.1774 -0.4523 -0.0284
v 0.1793 -0.4733 -0.0267
v 0.1801 -0.4847 -0.0296
v 0.1776 -0.5005 -0.0305
v 0.1823 -0.5184 -0.0341
v 0.1771 -0.5307 -0.0349
v 0.1788 -0.5744 -0.0425
v 0.1859 -0.5748 -0.0436
v 0.1796 -0.6112 -0.0395
v 0.1874 -0.6281 -0.0325
v 0.1809 -0.6402 -0.0236
v 0.1260 0.3428 -0.1696
v 0.1222 0.3320 -0.1742
v 0.1245 0.3059 -0.1825
v 0.1278 0.2957 -0.1840
v 0.1285 0.2841 -0.1879
v 0.1207 0.2735 -0.1882
v 0.1188 0.2599 -0.1906
v 0.1320 0.2285 -0.1924
v 0.1307 0.2142 -0.1944
v 0.1297 0.1358 -0.1998
v 0.1371 0.0841 -0.2039
v 0.1400 0.0172 -0.2037
v 0.1478 -0.0262 -0.2030
v 0.1485 -0.0373 -0.2035
v 0.1495 -0.0512 -0.2022
v 0.1510 -0.1246 -0.1967
v 0.1412 -0.1543 -0.1936
v 0.1496 -0.1585 -0.1907
v 0.1420 -0.1792 -0.1878
v 0.1469 -0.2794 -0.1491
v 0.1594 -0.3012 -0.1365
v 0.1587 -0.3229 -0.1229
v 0.1595 -0.3490 -0.1060
v 0.1651 -0.4295 -0.0396
v 0.1705 -0.4520 -0.0288
v 0.1706 -0.4677 -0.0273
v 0.1713 -0.4867 -0.0288
v 0.1714 -0.5199 -0.0334
v 0.1658 -0.5665 -0.0414
v 0.1789 -0.5862 -0.0432
v 0.1791 -0.6677 0.0000
v 0.1085 0.3531 -0.1644
v 0.1160 0.3187 -0.1784
v 0.1209 0.2837 -0.1866
v 0.1238 0.2390 -0.1926
v 0.1191 0.2273 -0.1920
v 0.1204 0.1942 -0.1937
v 0.1134 0.1834 -0.1944
v 0.1294 0.1500 -0.1989
v 0.1253 0.0972 -0.2019
v 0.1328 0.0946 -0.2016
v 0.1342 0.0724 -0.2032
v 0.1294 0.0508 -0.2023
v 0.1392 -0.0309 -0.2041
v 0.1303 -0.0707 -0.2046
v 0.1468 -0.2529 -0.1614
v 0.1563 -0.3130 -0.1292
v 0.1549 -0.3341 -0.1148
v 0.1588 -0.3636 -0.0985
v 0.1595 -0.3906 -0.0734
v 0.1541 -0.4079 -0.0600
v 0.1591 -0.4197 -0.0480
v 0.1592 -0.4423 -0.0316
v 0.1628 -0.4523 -0.0281
v 0.1611 -0.4635 -0.0269
v 0.1579 -0.4953 -0.0289
v 0.1662 -0.5078 -0.0309
v 0.1706 -0.5755 -0.0426
v 0.1713 -0.5867 -0.0436
v 0.1659 -0.6188 -0.0363
v 0.1676 -0.6472 -0.0169
v 0.1682 -0.6680 0.0012
v 0.1766 -0.6788 0.0120
v 0.1094 0.3407 -0.1709
v 0.1158 0.2437 -0.1914
v 0.1112 0.2043 -0.1933
v 0.1167 0.1400 -0.1986
v 0.1184 0.1252 -0.2008
v 0.1259 0.0829 -0.2035
v 0.1266 0.0718 -0.2043
v 0.1293 0.0276 -0.2054
v 0.1310 0.0147 -0.2050
v 0.1243 -0.0169 -0.2070
v 0.1272 -0.0407 -0.2064
v 0.1373 -0.1039 -0.2012
v 0.1306 -0.1092 -0.2024
v 0.1386 -0.1256 -0.1990
v 0.1435 -0.2005 -0.1811
v 0.1442 -0.2313 -0.1706
v 0.1450 -0.2418 -0.1660
v 0.1485 -0.3087 -0.1338
v 0.1492 -0.3238 -0.1246
v 0.1497 -0.3337 -0.1169
v 0.1435 -0.3550 -0.1058
v 0.1469 -0.3646 -0.0987
v 0.1515 -0.3737 -0.0893
v 0.1520 -0.3835 -0.0813
v 0.1463 -0.4237 -0.0453
v 0.1552 -0.4528 -0.0284
v 0.1518 -0.4766 -0.0273
v 0.1586 -0.5083 -0.0315
v 0.1554 -0.5301 -0.0346
v 0.1556 -0.5753 -0.0426
v 0.1626 -0.5974 -0.0427
v 0.1649 -0.6086 -0.0399
v 0.1660 -0.6292 -0.0303
v 0.1682 -0.6780 0.0119
v 0.1000 0.3642 -0.1579
v 0.1009 0.3521 -0.1656
v 0.1023 0.3298 -0.1750
v 0.1033 0.3148 -0.1796
v 0.1055 0.2858 -0.1861
v 0.1063 0.2717 -0.1887
v 0.1078 0.2539 -0.1904
v 0.1092 0.2272 -0.1918
v 0.1099 0.2162 -0.1920
v 0.1127 0.1704 -0.1965
v 0.1133 0.1605 -0.1966
v 0.1140 0.1493 -0.1982
v 0.1169 0.0888 -0.2024
v 0.1199 0.0699 -0.2045
v 0.1203 0.0493 -0.2042
v 0.1215 0.0303 -0.2053
v 0.1224 0.0158 -0.2064
v 0.1238 -0.0060 -0.2063
v 0.1251 -0.0280 -0.2062
v 0.1291 -0.0938 -0.2043
v 0.1315 -0.1328 -0.2005
v 0.1319 -0.1496 -0.1987
v 0.1348 -0.1931 -0.1871
v 0.1364 -0.2255 -0.1754
v 0.1375 -0.2428 -0.1698
v 0.1380 -0.2530 -0.1644
v 0.1389 -0.2658 -0.1602
v 0.1394 -0.2906 -0.1475
v 0.1394 -0.3095 -0.1382
v 0.1416 -0.3246 -0.1271
v 0.1422 -0.3348 -0.1217
v 0.1426 -0.3446 -0.1132
v 0.1446 -0.3805 -0.0851
v 0.1448 -0.3937 -0.0724
v 0.1453 -0.4119 -0.0568
v 0.1470 -0.4430 -0.0331
v 0.1476 -0.4536 -0.0303
v 0.1482 -0.4642 -0.0279
v 0.1495 -0.4899 -0.0287
v 0.1467 -0.5460 -0.0397
v 0.1451 -0.5680 -0.0436
v 0.1501 -0.6096 -0.0413
v 0.1575 -0.6197 -0.0369
v 0.1582 -0.6393 -0.0229
v 0.1544 -0.6651 -0.0024
v 0.1567 -0.6930 0.0269
v 0.0915 0.3761 -0.1492
v 0.0923 0.3642 -0.1554
v 0.0932 0.3520 -0.1628
v 0.0953 0.3296 -0.1726
v 0.0965 0.3102 -0.1790
v 0.0972 0.2941 -0.1825
v 0.0903 0.2814 -0.1842
v 0.0992 0.2676 -0.1873
v 0.1000 0.2468 -0.1890
v 0.1015 0.2271 -0.1897
v 0.1021 0.2161 -0.1894
v 0.1031 0.2052 -0.1916
v 0.1042 0.1827 -0.1922
v 0.1063 0.1491 -0.1961
v 0.1032 0.1333 -0.1975
v 0.1068 0.1254 -0.1987
v 0.1058 0.1020 -0.2000
v 0.1081 0.0418 -0.2043
v 0.1123 -0.0162 -0.2065
v 0.1114 -0.0274 -0.2059
v 0.1182 -0.0513 -0.2056
v 0.1210 -0.0834 -0.2054
v 0.1165 -0.0948 -0.2044
v 0.1235 -0.1211 -0.2023
v 0.1247 -0.1426 -0.2001
v 0.1241 -0.1894 -0.1887
v 0.1243 -0.2023 -0.1846
v 0.1282 -0.2120 -0.1820
v 0.1288 -0.2224 -0.1778
v 0.1295 -0.2377 -0.1731
v 0.1305 -0.2538 -0.1670
v 0.1310 -0.2641 -0.1620
v 0.1320 -0.2805 -0.1549
v 0.1327 -0.2951 -0.1486
v 0.1331 -0.3052 -0.1418
v 0.1335 -0.3152 -0.1370
v 0.1345 -0.3342 -0.1229
v 0.1349 -0.3506 -0.1102
v 0.1339 -0.3638 -0.0996
v 0.1363 -0.3745 -0.0887
v 0.1333 -0.3835 -0.0818
v 0.1371 -0.3938 -0.0704
v 0.1376 -0.4036 -0.0620
v 0.1361 -0.4132 -0.0522
v 0.1391 -0.4343 -0.0378
v 0.1387 -0.4448 -0.0338
v 0.1394 -0.4644 -0.0285
v 0.1385 -0.4855 -0.0296
v 0.1373 -0.5071 -0.0345
v 0.1442 -0.5209 -0.0359
v 0.1416 -0.5293 -0.0374
v 0.1460 -0.5997 -0.0446
v 0.1459 -0.6210 -0.0381
v 0.1489 -0.6341 -0.0286
v 0.0842 0.3707 -0.1523
v 0.0856 0.3516 -0.1628
v 0.0848 0.3398 -0.1690
v 0.0873 0.3282 -0.1726
v 0.0857 0.3167 -0.1774
v 0.0888 0.3051 -0.1798
v 0.0844 0.2928 -0.1836
v 0.0917 0.2599 -0.1876
v 0.0924 0.2489 -0.1881
v 0.0931 0.2377 -0.1894
v 0.0915 0.2238 -0.1895
v 0.0915 0.2136 -0.1901
v 0.0952 0.2046 -0.1898
v 0.0959 0.1933 -0.1915
v 0.0892 0.1823 -0.1918
v 0.0967 0.1655 -0.1939
v 0.0938 0.1493 -0.1945
v 0.0766 0.0494 -0.2020
v 0.1001 -0.0046 -0.2057
v 0.1025 -0.0168 -0.2053
v 0.1105 -0.0398 -0.2065
v 0.1006 -0.0649 -0.2047
v 0.1143 -0.1381 -0.1996
v 0.1023 -0.1544 -0.1953
v 0.1189 -0.2159 -0.1802
v 0.1234 -0.2509 -0.1677
v 0.1227 -0.2660 -0.1614
v 0.1211 -0.2871 -0.1510
v 0.1229 -0.3271 -0.1275
v 0.1123 -0.3442 -0.1141
v 0.1287 -0.3749 -0.0887
v 0.1295 -0.3942 -0.0702
v 0.1243 -0.4041 -0.0612
v 0.1287 -0.4241 -0.0442
v 0.1276 -0.4455 -0.0329
v 0.1324 -0.4544 -0.0299
v 0.1253 -0.4710 -0.0296
v 0.1403 -0.5778 -0.0459
v 0.1374 -0.5841 -0.0463
v 0.1312 -0.6107 -0.0458
v 0.1312 -0.6374 -0.0313
v 0.1376 -0.6576 -0.0134
v 0.1331 -0.6927 0.0174
v 0.1358 -0.7051 0.0318
v 0.0736 0.3610 -0.1607
v 0.0784 0.3259 -0.1753
v 0.0773 0.2776 -0.1879
v 0.0861 0.2556 -0.1881
v 0.0856 0.2370 -0.1910
v 0.0876 0.2040 -0.1905
v 0.0858 0.1920 -0.1920
v 0.0860 0.1726 -0.1934
v 0.0930 0.1261 -0.1977
v 0.0932 0.1149 -0.1977
v 0.0858 0.0961 -0.1997
v 0.0940 0.0153 -0.2050
v 0.1001 -0.0327 -0.2048
v 0.0993 -0.0513 -0.2045
v 0.1044 -0.1088 -0.2017
v 0.0998 -0.1321 -0.1999
v 0.1111 -0.1817 -0.1894
v 0.1069 -0.2310 -0.1736
v 0.1151 -0.2470 -0.1678
v 0.1158 -0.3062 -0.1396
v 0.1224 -0.3849 -0.0791
v 0.1002 -0.3832 -0.0779
v 0.1186 -0.4140 -0.0520
v 0.1248 -0.4549 -0.0304
v 0.1231 -0.5009 -0.0324
v 0.1281 -0.5142 -0.0355
v 0.1284 -0.5359 -0.0406
v 0.1300 -0.5581 -0.0450
v 0.1341 -0.6005 -0.0479
v 0.0714 0.3382 -0.1733
v 0.0720 0.3145 -0.1808
v 0.0599 0.2903 -0.1892
v 0.0758 0.2699 -0.1886
v 0.0766 0.2586 -0.1906
v 0.0709 0.2558 -0.1916
v 0.0769 0.2362 -0.1912
v 0.0785 0.2148 -0.1916
v 0.0800 0.2033 -0.1924
v 0.0851 0.1491 -0.1941
v 0.0855 0.1146 -0.1973
v 0.0801 0.0728 -0.1997
v 0.0819 0.0269 -0.2024
v 0.0865 0.0023 -0.2036
v 0.0910 -0.0432 -0.2041
v 0.1003 -0.1702 -0.1912
v 0.1035 -0.1814 -0.1895
v 0.1036 -0.1994 -0.1838
v 0.1024 -0.2446 -0.1685
v 0.1043 -0.2578 -0.1627
v 0.1051 -0.3021 -0.1416
v 0.0994 -0.3343 -0.1199
v 0.1091 -0.3727 -0.0895
v 0.1163 -0.4445 -0.0327
v 0.1153 -0.4657 -0.0291
v 0.1173 -0.4788 -0.0296
v 0.1214 -0.5223 -0.0369
v 0.1229 -0.5451 -0.0420
v 0.1150 -0.5701 -0.0485
v 0.1192 -0.5917 -0.0515
v 0.1207 -0.6021 -0.0508
v 0.1287 -0.6220 -0.0418
v 0.1284 -0.6720 -0.0044
v 0.1319 -0.7195 0.0449
v 0.1322 -0.7291 0.0547
v 0.0621 0.3610 -0.1643
v 0.0651 0.3197 -0.1803
v 0.0661 0.3030 -0.1847
v 0.0599 0.2813 -0.1909
v 0.0644 0.2688 -0.1906
v 0.0611 0.2328 -0.1936
v 0.0711 0.1971 -0.1925
v 0.0742 0.1705 -0.1934
v 0.0751 0.1587 -0.1933
v 0.0759 0.1402 -0.1936
v 0.0771 0.1149 -0.1959
v 0.0786 0.1032 -0.1964
v 0.0842 0.0141 -0.2035
v 0.0847 -0.0094 -0.2046
v 0.0843 -0.0991 -0.2018
v 0.0905 -0.1075 -0.2010
v 0.0862 -0.1272 -0.1989
v 0.0906 -0.1351 -0.1976
v 0.0899 -0.1513 -0.1955
v 0.0869 -0.1778 -0.1883
v 0.0924 -0.1976 -0.1843
v 0.0894 -0.2216 -0.1757
v 0.0942 -0.2357 -0.1705
v 0.0932 -0.2663 -0.1571
v 0.0984 -0.2866 -0.1488
v 0.1010 -0.3173 -0.1318
v 0.1054 -0.4144 -0.0506
v 0.1007 -0.4236 -0.0427
v 0.1043 -0.4356 -0.0357
v 0.1070 -0.4553 -0.0295
v 0.1023 -0.4694 -0.0291
v 0.1125 -0.4992 -0.0333
v 0.1068 -0.5207 -0.0384
v 0.1146 -0.5344 -0.0412
v 0.1102 -0.5459 -0.0441
v 0.1195 -0.6125 -0.0482
v 0.1200 -0.6227 -0.0428
v 0.1090 -0.6430 -0.0321
v 0.1060 -0.6606 -0.0179
v 0.1182 -0.6910 0.0108
v 0.1243 -0.7206 0.0407
v 0.1261 -0.7318 0.0474
v 0.0577 0.3135 -0.1847
v 0.0580 0.3018 -0.1865
v 0.0617 0.2561 -0.1935
v 0.0618 0.2122 -0.1926
v 0.0678 0.1844 -0.1938
v 0.0668 0.1693 -0.1933
v 0.0674 0.1586 -0.1910
v 0.0679 0.1478 -0.1896
v 0.0709 0.1030 -0.1949
v 0.0716 0.0918 -0.1965
v 0.0729 0.0795 -0.1975
v 0.0751 0.0359 -0.2022
v 0.0758 0.0133 -0.2030
v 0.0749 -0.0130 -0.2023
v 0.0738 -0.0494 -0.2020
v 0.0806 -0.0521 -0.2023
v 0.0747 -0.0696 -0.2018
v 0.0933 -0.2760 -0.1532
v 0.0873 -0.2960 -0.1411
v 0.0959 -0.3570 -0.1007
v 0.0965 -0.4454 -0.0308
v 0.0988 -0.5009 -0.0338
v 0.1070 -0.5351 -0.0426
v 0.1081 -0.5794 -0.0513
v 0.1073 -0.6029 -0.0535
v 0.1089 -0.6131 -0.0498
v 0.1125 -0.6233 -0.0443
v 0.0983 -0.6888 0.0033
v 0.1124 -0.7212 0.0350
v 0.1179 -0.7320 0.0443
v 0.1178 -0.7416 0.0503
v 0.1230 -0.7518 0.0416
v 0.0521 0.2904 -0.1932
v 0.0524 0.2788 -0.1936
v 0.0531 0.2677 -0.1949
v 0.0538 0.2566 -0.1949
v 0.0545 0.2456 -0.1954
v 0.0417 0.2405 -0.1968
v 0.0571 0.2018 -0.1935
v 0.0587 0.1801 -0.1937
v 0.0591 0.1690 -0.1917
v 0.0597 0.1586 -0.1879
v 0.0600 0.1481 -0.1847
v 0.0617 0.1259 -0.1857
v 0.0607 0.1081 -0.1884
v 0.0596 0.0828 -0.1912
v 0.0629 0.0612 -0.1960
v 0.0606 0.0183 -0.1987
v 0.0693 -0.0368 -0.2010
v 0.0612 -0.0575 -0.1993
v 0.0773 -0.1263 -0.1975
v 0.0715 -0.1541 -0.1924
v 0.0739 -0.1942 -0.1815
v 0.0829 -0.2243 -0.1725
v 0.0841 -0.2508 -0.1630
v 0.0750 -0.2605 -0.1552
v 0.0856 -0.2762 -0.1514
v 0.0800 -0.2803 -0.1464
v 0.0860 -0.3076 -0.1339
v 0.0766 -0.3309 -0.1153
v 0.0898 -0.3748 -0.0820
v 0.0906 -0.3916 -0.0663
v 0.0917 -0.4054 -0.0564
v 0.0919 -0.4244 -0.0403
v 0.0889 -0.4559 -0.0300
v 0.0894 -0.4670 -0.0301
v 0.0882 -0.4796 -0.0322
v 0.0990 -0.5322 -0.0415
v 0.1002 -0.5469 -0.0454
v 0.1009 -0.5584 -0.0487
v 0.1011 -0.5925 -0.0557
v 0.1048 -0.6237 -0.0441
v 0.1053 -0.6340 -0.0387
v 0.1036 -0.7126 0.0256
v 0.1098 -0.7324 0.0414
v 0.1103 -0.7427 0.0459
v 0.0456 0.2670 -0.1963
v 0.0462 0.2561 -0.1953
v 0.0469 0.2452 -0.1952
v 0.0354 0.2241 -0.1954
v 0.0482 0.2110 -0.1936
v 0.0496 0.2013 -0.1939
v 0.0502 0.1905 -0.1928
v 0.0509 0.1795 -0.1926
v 0.0516 0.1695 -0.1871
v 0.0605 -0.0202 -0.1996
v 0.0658 -0.0921 -0.1993
v 0.0685 -0.1088 -0.1982
v 0.0712 -0.1755 -0.1871
v 0.0747 -0.2142 -0.1754
v 0.0741 -0.2287 -0.1688
v 0.0763 -0.2453 -0.1626
v 0.0772 -0.2963 -0.1373
v 0.0814 -0.3468 -0.1037
v 0.0818 -0.3567 -0.0966
v 0.0823 -0.3664 -0.0876
v 0.0810 -0.3787 -0.0767
v 0.0835 -0.3932 -0.0639
v 0.0853 -0.4155 -0.0451
v 0.0801 -0.4264 -0.0365
v 0.0860 -0.4461 -0.0300
v 0.0890 -0.4958 -0.0340
v 0.0862 -0.5242 -0.0407
v 0.0885 -0.5504 -0.0480
v 0.0823 -0.5638 -0.0526
v 0.0962 -0.6041 -0.0571
v 0.0968 -0.6145 -0.0530
v 0.0972 -0.6244 -0.0455
v 0.0978 -0.6347 -0.0404
v 0.0982 -0.6444 -0.0315
v 0.0986 -0.6545 -0.0252
v 0.1017 -0.7231 0.0325
v 0.1022 -0.7332 0.0386
v 0.1029 -0.7439 0.0411
v 0.0400 0.2335 -0.1962
v 0.0419 0.2011 -0.1926
v 0.0425 0.1902 -0.1919
v 0.0431 0.1788 -0.1937
v 0.0501 0.0387 -0.1915
v 0.0527 0.0248 -0.1938
v 0.0457 0.0009 -0.1925
v 0.0523 -0.0392 -0.1962
v 0.0609 -0.1075 -0.1953
v 0.0557 -0.1215 -0.1930
v 0.0628 -0.1400 -0.1919
v 0.0634 -0.1506 -0.1896
v 0.0640 -0.1614 -0.1882
v 0.0582 -0.1703 -0.1852
v 0.0664 -0.2038 -0.1767
v 0.0681 -0.2352 -0.1661
v 0.0595 -0.2378 -0.1619
v 0.0626 -0.3034 -0.1297
v 0.0741 -0.3473 -0.1016
v 0.0745 -0.3663 -0.0840
v 0.0678 -0.3962 -0.0573
v 0.0748 -0.4352 -0.0318
v 0.0783 -0.4465 -0.0300
v 0.0790 -0.4574 -0.0291
v 0.0746 -0.4756 -0.0315
v 0.0804 -0.4798 -0.0316
v 0.0773 -0.4938 -0.0339
v 0.0806 -0.5838 -0.0598
v 0.0880 -0.5939 -0.0594
v 0.0887 -0.6052 -0.0616
v 0.0892 -0.6151 -0.0538
v 0.0896 -0.6252 -0.0479
v 0.0901 -0.6351 -0.0404
v 0.0906 -0.6451 -0.0331
v 0.0911 -0.6551 -0.0268
v 0.0853 -0.6781 -0.0098
v 0.0911 -0.7100 0.0180
v 0.0942 -0.7240 0.0293
v 0.0947 -0.7344 0.0337
v 0.0953 -0.7450 0.0363
v 0.0317 0.2438 -0.1986
v 0.0324 0.2328 -0.1984
v 0.0336 0.2113 -0.1947
v 0.0343 0.2002 -0.1955
v 0.0349 0.1896 -0.1931
v 0.0355 0.0406 -0.1825
v 0.0412 0.0181 -0.1894
v 0.0478 -0.0199 -0.1952
v 0.0469 -0.0323 -0.1937
v 0.0505 -0.0638 -0.1947
v 0.0457 -0.0765 -0.1940
v 0.0532 -0.1078 -0.1941
v 0.0551 -0.1400 -0.1893
v 0.0558 -0.1509 -0.1889
v 0.0555 -0.1937 -0.1779
v 0.0589 -0.2221 -0.1683
v 0.0591 -0.2605 -0.1515
v 0.0620 -0.2864 -0.1394
v 0.0584 -0.3144 -0.1214
v 0.0631 -0.3333 -0.1085
v 0.0591 -0.3469 -0.0978
v 0.0560 -0.3519 -0.0918
v 0.0616 -0.3688 -0.0785
v 0.0677 -0.4155 -0.0410
v 0.0640 -0.4259 -0.0345
v 0.0648 -0.4464 -0.0283
v 0.0714 -0.4578 -0.0292
v 0.0753 -0.5091 -0.0388
v 0.0740 -0.5243 -0.0421
v 0.0805 -0.5949 -0.0635
v 0.0808 -0.6063 -0.0660
v 0.0817 -0.6164 -0.0596
v 0.0821 -0.6260 -0.0501
v 0.0815 -0.6350 -0.0436
v 0.0806 -0.6471 -0.0332
v 0.0834 -0.6633 -0.0214
v 0.0815 -0.7019 0.0083
v 0.0809 -0.7253 0.0255
v 0.0872 -0.7352 0.0311
v 0.0878 -0.7462 0.0314
v 0.0248 0.2322 -0.1991
v 0.0254 0.2215 -0.1975
v 0.0261 0.2105 -0.1970
v 0.0273 0.1891 -0.1943
v 0.0394 -0.0124 -0.1912
v 0.0384 -0.0331 -0.1909
v 0.0422 -0.0530 -0.1932
v 0.0427 -0.0641 -0.1928
v 0.0401 -0.0947 -0.1902
v 0.0455 -0.1079 -0.1918
v 0.0461 -0.1186 -0.1900
v 0.0468 -0.1294 -0.1893
v 0.0474 -0.1509 -0.1863
v 0.0460 -0.1810 -0.1781
v 0.0487 -0.2380 -0.1591
v 0.0475 -0.2597 -0.1487
v 0.0545 -0.3373 -0.1031
v 0.0546 -0.3850 -0.0626
v 0.0618 -0.4587 -0.0286
v 0.0629 -0.4810 -0.0331
v 0.0642 -0.4922 -0.0348
v 0.0447 -0.5015 -0.0382
v 0.0706 -0.5797 -0.0608
v 0.0729 -0.5959 -0.0671
v 0.0742 -0.6176 -0.0655
v 0.0745 -0.6266 -0.0512
v 0.0763 -0.6662 -0.0213
v 0.0754 -0.6817 -0.0091
v 0.0776 -0.6957 0.0035
v 0.0755 -0.7152 0.0164
v 0.0796 -0.7361 0.0284
v 0.0804 -0.7473 0.0266
v 0.0172 0.2315 -0.2011
v 0.0118 0.2209 -0.2009
v 0.0185 0.2101 -0.1967
v 0.0191 0.1994 -0.1947
v 0.0293 -0.0045 -0.1844
v 0.0294 -0.0476 -0.1874
v 0.0292 -0.0625 -0.1865
v 0.0361 -0.0864 -0.1897
v 0.0378 -0.1078 -0.1880
v 0.0387 -0.1213 -0.1861
v 0.0397 -0.1401 -0.1844
v 0.0336 -0.1501 -0.1806
v 0.0443 -0.2105 -0.1681
v 0.0363 -0.2347 -0.1559
v 0.0472 -0.2767 -0.1398
v 0.0482 -0.2972 -0.1288
v 0.0487 -0.3071 -0.1213
v 0.0492 -0.3173 -0.1162
v 0.0431 -0.3191 -0.1136
v 0.0427 -0.3656 -0.0734
v 0.0527 -0.3960 -0.0517
v 0.0532 -0.4060 -0.0451
v 0.0537 -0.4159 -0.0376
v 0.0542 -0.4262 -0.0328
v 0.0547 -0.4367 -0.0288
v 0.0554 -0.4475 -0.0277
v 0.0617 -0.5445 -0.0493
v 0.0583 -0.5805 -0.0643
v 0.0655 -0.5970 -0.0718
v 0.0663 -0.6087 -0.0762
v 0.0667 -0.6187 -0.0704
v 0.0669 -0.6271 -0.0518
v 0.0614 -0.6399 -0.0445
v 0.0664 -0.6482 -0.0364
v 0.0673 -0.6699 -0.0197
v 0.0692 -0.6765 -0.0133
v 0.0705 -0.7063 0.0094
v 0.0715 -0.7266 0.0210
v 0.0649 -0.7379 0.0227
v -0.0242 -0.4060 -0.0140
v -0.0869 -0.4988 -0.0193
v -0.0872 -0.5099 -0.0250
v -0.0853 -0.5225 -0.0309
v -0.0831 -0.5456 -0.0442
v -0.0833 -0.5573 -0.0483
v -0.0063 -0.6469 -0.1568
v 0.0109 0.2095 -0.1979
v 0.0113 0.1993 -0.1935
v 0.0160 0.0025 -0.1740
v 0.0248 -0.0198 -0.1834
v 0.0211 -0.0936 -0.1814
v 0.0257 -0.1092 -0.1834
v 0.0307 -0.1278 -0.1826
v 0.0320 -0.1400 -0.1801
v 0.0270 -0.1635 -0.1754
v 0.0299 -0.1899 -0.1694
v 0.0272 -0.2002 -0.1642
v 0.0362 -0.2146 -0.1637
v 0.0350 -0.2765 -0.1346
v 0.0385 -0.2867 -0.1312
v 0.0406 -0.2994 -0.1235
v 0.0390 -0.3247 -0.1063
v 0.0441 -0.3515 -0.0873
v 0.0408 -0.3796 -0.0597
v 0.0398 -0.3978 -0.0451
v 0.0469 -0.4164 -0.0352
v 0.0471 -0.4369 -0.0270
v 0.0477 -0.4478 -0.0263
v 0.0489 -0.4635 -0.0288
v 0.0500 -0.4818 -0.0333
v 0.0507 -0.4931 -0.0353
v 0.0400 -0.5303 -0.0464
v 0.0560 -0.5707 -0.0599
v 0.0579 -0.5978 -0.0740
v 0.0530 -0.6107 -0.0852
v 0.0590 -0.6204 -0.0804
v 0.0593 -0.6277 -0.0517
v 0.0603 -0.6477 -0.0389
v 0.0589 -0.6611 -0.0275
v 0.0588 -0.6922 -0.0039
v 0.0632 -0.7039 0.0051
v 0.0634 -0.7170 0.0140
v 0.0640 -0.7272 0.0199
v -0.1076 -0.5340 -0.0254
v 0.0027 0.2197 -0.2007
v 0.0033 0.2090 -0.1983
v 0.0043 0.1993 -0.1929
v 0.0161 -0.0077 -0.1749
v 0.0169 -0.0191 -0.1776
v 0.0133 -0.0371 -0.1761
v 0.0153 -0.0609 -0.1789
v 0.0204 -0.0748 -0.1822
v 0.0236 -0.1293 -0.1789
v 0.0243 -0.1394 -0.1783
v 0.0249 -0.1509 -0.1766
v 0.0281 -0.2221 -0.1569
v 0.0280 -0.2391 -0.1497
v 0.0307 -0.2562 -0.1438
v 0.0331 -0.3069 -0.1162
v 0.0337 -0.3346 -0.0965
v 0.0265 -0.3377 -0.0900
v 0.0377 -0.4151 -0.0319
v 0.0386 -0.4274 -0.0280
v 0.0394 -0.4371 -0.0260
v 0.0366 -0.4501 -0.0257
v 0.0416 -0.4708 -0.0305
v 0.0424 -0.4824 -0.0346
v 0.0426 -0.5504 -0.0539
v 0.0478 -0.5628 -0.0573
v 0.0495 -0.5866 -0.0700
v 0.0504 -0.5989 -0.0786
v 0.0517 -0.6291 -0.0524
v 0.0521 -0.6376 -0.0424
v 0.0526 -0.6481 -0.0389
v 0.0532 -0.6581 -0.0309
v 0.0540 -0.6779 -0.0167
v 0.0554 -0.7076 0.0060
v 0.0558 -0.7175 0.0138
v 0.0564 -0.7280 0.0174
v 0.0570 -0.7385 0.0206
v -0.0596 -0.4509 -0.0053
v -0.0050 0.2174 -0.2055
v -0.0044 0.2088 -0.1967
v 0.0086 -0.0090 -0.1682
v 0.0111 -0.0521 -0.1746
v 0.0117 -0.0789 -0.1761
v 0.0082 -0.0981 -0.1741
v 0.0143 -0.1180 -0.1751
v 0.0122 -0.1730 -0.1641
v 0.0213 -0.2250 -0.1532
v 0.0218 -0.2455 -0.1438
v 0.0235 -0.2662 -0.1337
v 0.0240 -0.2766 -0.1295
v 0.0234 -0.2839 -0.1249
v 0.0255 -0.3105 -0.1100
v 0.0246 -0.3587 -0.0718
v 0.0286 -0.3760 -0.0569
v 0.0216 -0.3904 -0.0429
v 0.0253 -0.4149 -0.0290
v 0.0317 -0.4373 -0.0238
v 0.0238 -0.4707 -0.0297
v 0.0283 -0.4843 -0.0351
v 0.0361 -0.5034 -0.0391
v 0.0320 -0.5398 -0.0501
v 0.0331 -0.5656 -0.0608
v 0.0349 -0.5874 -0.0735
v 0.0429 -0.5997 -0.0814
v 0.0438 -0.6121 -0.0910
v 0.0447 -0.6242 -0.0983
v 0.0445 -0.6382 -0.0434
v 0.0448 -0.6477 -0.0332
v 0.0455 -0.6585 -0.0316
v 0.0459 -0.6684 -0.0236
v 0.0464 -0.6784 -0.0169
v 0.0449 -0.6939 -0.0062
v 0.0478 -0.7082 0.0051
v 0.0483 -0.7184 0.0107
v 0.0488 -0.7287 0.0156
v -0.0588 -0.4626 -0.0101
v -0.0580 -0.4745 -0.0161
v -0.0571 -0.4863 -0.0211
v -0.0563 -0.4983 -0.0279
v -0.0553 -0.5105 -0.0366
v -0.0545 -0.5223 -0.0418
v -0.0537 -0.5340 -0.0468
v -0.0541 -0.5442 -0.0470
v -0.0519 -0.5584 -0.0632
v -0.0469 -0.6243 -0.1447
v 0.0015 -0.0460 -0.1690
v 0.0027 -0.0656 -0.1714
v 0.0053 -0.1227 -0.1703
v 0.0002 -0.1485 -0.1637
v 0.0100 -0.1615 -0.1672
v 0.0048 -0.2032 -0.1525
v 0.0070 -0.2161 -0.1487
v 0.0152 -0.2560 -0.1360
v 0.0158 -0.2664 -0.1320
v 0.0169 -0.2869 -0.1217
v 0.0234 -0.4268 -0.0242
v 0.0212 -0.4381 -0.0228
v 0.0248 -0.4488 -0.0243
v 0.0255 -0.4601 -0.0266
v 0.0273 -0.5757 -0.0677
v 0.0332 -0.6000 -0.0847
v 0.0364 -0.6135 -0.0974
v 0.0371 -0.6264 -0.1089
v 0.0368 -0.6385 -0.0422
v 0.0373 -0.6487 -0.0370
v 0.0378 -0.6589 -0.0313
v 0.0383 -0.6689 -0.0245
v 0.0388 -0.6792 -0.0196
v 0.0392 -0.6890 -0.0108
v 0.0402 -0.7087 0.0045
v 0.0407 -0.7191 0.0086
v -0.0076 -0.0627 -0.1628
v -0.0014 -0.1648 -0.1593
v 0.0035 -0.1824 -0.1578
v 0.0044 -0.2442 -0.1370
v 0.0074 -0.2718 -0.1252
v 0.0146 -0.4059 -0.0291
v 0.0069 -0.4121 -0.0245
v 0.0091 -0.4272 -0.0220
v 0.0171 -0.4490 -0.0228
v 0.0142 -0.4674 -0.0283
v 0.0195 -0.4838 -0.0351
v 0.0158 -0.5100 -0.0428
v 0.0183 -0.5306 -0.0485
v 0.0278 -0.6015 -0.0869
v 0.0289 -0.6147 -0.1024
v 0.0308 -0.6393 -0.1204
v 0.0321 -0.6994 -0.0042
v -0.0129 -0.0397 -0.1554
v -0.0121 -0.0512 -0.1591
v -0.0173 -0.0741 -0.1569
v -0.0183 -0.1350 -0.1538
v -0.0037 -0.2001 -0.1478
v -0.0149 -0.2234 -0.1333
v 0.0038 -0.3883 -0.0358
v 0.0037 -0.4036 -0.0267
v 0.0043 -0.4380 -0.0199
v 0.0030 -0.4506 -0.0217
v 0.0103 -0.4608 -0.0251
v 0.0115 -0.4896 -0.0364
v 0.0142 -0.5189 -0.0464
v 0.0152 -0.5426 -0.0539
v 0.0115 -0.5663 -0.0653
v 0.0174 -0.5883 -0.0789
v 0.0204 -0.6028 -0.0934
v 0.0215 -0.6161 -0.1089
v 0.0225 -0.6287 -0.1199
v 0.0234 -0.6411 -0.1299
v -0.0666 -0.4623 -0.0049
v -0.0658 -0.4740 -0.0093
v -0.0649 -0.4858 -0.0152
v -0.0639 -0.4985 -0.0264
v -0.0615 -0.5339 -0.0444
v -0.0591 -0.5590 -0.0586
v -0.0585 -0.5713 -0.0728
v -0.0200 -0.0504 -0.1503
v -0.0209 -0.0616 -0.1518
v -0.0185 -0.1954 -0.1401
v -0.0002 -0.4167 -0.0213
v 0.0004 -0.4272 -0.0179
v 0.0034 -0.4729 -0.0294
v 0.0043 -0.4847 -0.0347
v 0.0023 -0.5081 -0.0430
v -0.0016 -0.5285 -0.0496
v 0.0128 -0.6035 -0.0953
v 0.0140 -0.6172 -0.1131
v 0.0150 -0.6301 -0.1266
v 0.0160 -0.6427 -0.1377
v -0.0930 -0.5225 -0.0278
v -0.0336 -0.0567 -0.1399
v -0.0264 -0.1329 -0.1473
v -0.0205 -0.1666 -0.1468
v -0.0160 -0.2449 -0.1243
v -0.0111 -0.3946 -0.0240
v -0.0085 -0.4062 -0.0216
v -0.0079 -0.4165 -0.0173
v -0.0051 -0.4612 -0.0216
v -0.0041 -0.4737 -0.0268
v -0.0083 -0.4932 -0.0362
v -0.0067 -0.5430 -0.0552
v 0.0014 -0.5549 -0.0607
v 0.0023 -0.5669 -0.0674
v 0.0042 -0.5916 -0.0858
v 0.0051 -0.6038 -0.0941
v 0.0065 -0.6181 -0.1163
v 0.0075 -0.6310 -0.1295
v 0.0086 -0.6442 -0.1447
v -0.0307 -0.1276 -0.1454
v -0.0255 -0.2188 -0.1275
v -0.0241 -0.2445 -0.1178
v -0.0162 -0.4059 -0.0168
v -0.0157 -0.4164 -0.0136
v -0.0143 -0.4386 -0.0146
v -0.0136 -0.4496 -0.0142
v -0.0062 -0.5554 -0.0607
v -0.0054 -0.5671 -0.0658
v 0.0010 -0.6450 -0.1473
v 0.0023 -0.6588 -0.1661
v -0.0733 -0.4746 -0.0105
f 6898 6899 6900
f 6924 6898 6900
f 6942 6897 6898
f 6942 6898 6924
f 6924 6943 6946
f 6946 6943 6944
f 6945 6946 6944
f 6946 6940 6924
f 6940 6942 6924
f 6900 6904 6924
f 6904 6900 6901
f 6901 6902 6903
f 6924 6929 6930
f 6942 6894 6897
f 6931 6943 6924
f 6899 6898 6871
f 6896 6897 6894
f 6942 6940 6941
f 6900 6899 6871
f 6898 6897 6870
f 6897 6896 6869
f 6904 6901 6903
f 6924 6930 6931
f 6901 6900 6873
f 6946 6945 6937
f 8617 8602 4691
f 4691 8602 4633
f 6896 6894 6895
f 6946 6938 6940
f 8602 8600 8601
f 6944 6943 6934
f 6945 6944 6935
f 6942 6941 6923
f 6902 6901 6874
f 6929 6924 6906
f 6931 6932 6943
f 6893 6894 6942
f 6870 6871 6898
f 1324 8631 4691
f 6904 6905 6924
f 6937 6938 6946
f 8602 8599 8600
f 8616 8617 4691
f 6871 6872 6900
f 6869 6870 6897
f 8617 8599 8602
f 8643 1324 8640
f 8642 8643 8640
f 6940 6938 6939
f 6903 6902 6838
f 6872 6873 6900
f 8602 8601 8565
f 8601 8600 8563
f 6941 6940 6922
f 1324 4691 8618
f 6932 6933 6943
f 6923 6893 6942
f 6930 6929 6907
f 6896 6895 6867
f 8642 8640 8641
f 8618 8640 1324
f 6868 6869 6896
f 4633 8618 4691
f 6905 6906 6924
f 6933 6934 6943
f 6936 6937 6945
f 6873 6874 6901
f 8574 4633 8602
f 7532 7557 7558
f 6935 6936 6945
f 4691 8631 8615
f 6934 6935 6944
f 8632 8640 8618
f 8643 8639 1324
f 8598 8599 8617
f 6904 6903 6839
f 6829 6868 6896
f 6895 6894 6867
f 6922 6923 6941
f 7544 7558 7555
f 8615 8616 4691
f 6931 6930 6908
f 6874 6838 6902
f 8630 8631 1324
f 7531 7532 7558
f 8564 8565 8601
f 6940 6939 6920
f 8563 8564 8601
f 7554 7555 7558
f 8574 8602 8566
f 6867 6829 6896
f 6906 6907 6929
f 7531 7558 7544
f 8565 8566 8602
f 8643 8642 8638
f 8619 8632 8618
f 8632 8633 8640
f 4633 8603 8618
f 8600 8599 8561
f 8575 4633 8574
f 8617 8616 8597
f 1377 7557 7532
f 8562 8563 8600
f 6939 6938 6920
f 8628 8639 8643
f 6921 6922 6940
f 6838 6839 6903
f 8597 8598 8617
f 8641 8640 8636
f 6932 6931 6909
f 7558 7557 7552
f 8642 8641 8637
f 7497 7498 7532
f 7553 7554 7558
f 6907 6908 6930
f 6894 6893 6866
f 7497 7532 7496
f 6905 6904 6840
f 8629 8630 1324
f 8633 8634 8640
f 6920 6921 6940
f 6871 6870 6833
f 7529 7544 7555
f 6938 6937 6919
f 7511 7532 7498
f 7533 1377 7532
f 6870 6869 6832
f 8638 8628 8643
f 8575 8576 4633
f 6872 6871 6835
f 8561 8562 8600
f 7512 7533 7532
f 6828 6867 6894
f 7495 7496 7532
f 8631 8630 8595
f 8619 8620 8632
f 7532 7511 7512
f 1324 8639 8613
f 6839 6840 6904
f 7544 7530 7531
f 8634 8635 8640
f 6933 6932 6910
f 7511 7498 7499
f 6869 6868 6831
f 6873 6872 6836
f 8595 8615 8631
f 6908 6909 6931
f 7532 7531 7494
f 7552 7553 7558
f 8599 8598 8560
f 6893 6923 6892
f 7557 7556 7551
f 8567 8574 8566
f 8619 8618 8604
f 8635 8636 8640
f 6906 6905 6841
f 7555 7554 7543
f 6866 6828 6894
f 8637 8638 8642
f 7494 7495 7532
f 6934 6933 6884
f 8613 8629 1324
f 6937 6936 6887
f 7556 7557 7546
f 6874 6873 6837
f 8603 8604 8618
f 6868 6829 6830
f 6919 6920 6938
f 6935 6934 6886
f 6936 6935 6886
f 7543 7529 7555
f 8636 8637 8641
f 8575 8574 8568
f 8603 4633 8577
f 8559 8597 8616
f 7500 7501 7499
f 6832 6833 6870
f 6909 6910 6932
f 7511 7499 7501
f 6833 6834 6871
f 8565 8564 8535
f 6923 6922 6891
f 8633 8632 8621
f 6838 6874 6837
f 8564 8563 8535
f 6834 6835 6871
f 8576 8577 4633
f 7498 7497 7460
f 8560 8561 8599
f 8566 8565 8536
f 6831 6832 6869
f 6840 6841 6905
f 7499 7498 7461
f 8616 8615 8596
f 7557 1377 7546
f 6888 6919 6937
f 7551 7552 7557
f 7491 7530 7544
f 6907 6906 6842
f 6835 6836 6872
f 6892 6866 6893
f 7497 7496 7459
f 8567 8568 8574
f 8639 8628 8612
f 8620 8619 8604
f 8620 8621 8632
f 8630 8629 8614
f 6910 6884 6933
f 7500 7499 7462
f 6830 6831 6868
f 8576 8575 8568
f 6887 6888 6937
f 7531 7530 7493
f 8598 8597 8532
f 6836 6837 6873
f 7496 7495 7459
f 6922 6921 6890
f 7493 7494 7531
f 8614 8595 8630
f 6884 6885 6934
f 8563 8562 8534
f 6885 6886 6934
f 8596 8559 8616
f 6886 6887 6936
f 8612 8613 8639
f 6891 6892 6923
f 6841 6842 6906
f 7554 7553 7542
f 6921 6920 6890
f 7527 7543 7554
f 6867 6828 6764
f 8634 8633 8623
f 7501 7502 7511
f 7550 7551 7556
f 6908 6907 6850
f 8535 8536 8565
f 7460 7461 7498
f 8532 8560 8598
f 7529 7491 7544
f 8567 8566 8538
f 7501 7500 7463
f 7533 7534 1377
f 8536 8537 8566
f 7459 7460 7497
f 7556 7546 7547
f 7495 7494 7435
f 7461 7462 7499
f 7545 7546 1377
f 6764 6829 6867
f 6909 6908 6850
f 8621 8622 8633
f 6890 6891 6922
f 7549 7550 7556
f 8534 8535 8563
f 6842 6843 6907
f 8562 8561 8534
f 8635 8634 8624
f 8629 8613 8614
f 7512 7511 7503
f 8577 8578 8603
f 7512 7513 7533
f 7547 7548 7556
f 8604 8603 8578
f 8638 8637 8627
f 7548 7549 7556
f 9414 9450 9434
f 7542 7527 7554
f 7462 7463 7500
f 9449 9450 9462
f 7529 7543 7528
f 8636 8635 8624
f 7553 7552 7541
f 8622 8623 8633
f 7530 7491 7492
f 6920 6919 6864
f 8597 8559 8531
f 6843 6850 6907
f 6828 6866 6827
f 7435 7459 7495
f 4692 9462 9450
f 9474 9462 4692
f 8637 8636 8626
f 8537 8538 8566
f 6910 6909 6851
f 4692 9450 9414
f 7502 7503 7511
f 6833 6832 6793
f 8595 8596 8615
f 8568 8569 8576
f 6834 6833 6794
f 7545 1377 7517
f 8577 8576 8569
f 8604 8581 8620
f 6835 6834 6795
f 7492 7493 7530
f 9470 9474 4692
f 6889 6890 6920
f 6832 6831 6792
f 9473 9474 9470
f 9461 9462 9474
f 9451 9470 9435
f 8627 8628 8638
f 6836 6835 6796
f 9433 9434 9450
f 9413 9414 9434
f 6884 6910 6852
f 7534 7517 1377
f 8621 8620 8605
f 8531 8532 8597
f 6831 6830 6792
f 8623 8624 8634
f 6866 6892 6826
f 8568 8567 8539
f 4692 9435 9470
f 9450 9449 9433
f 8561 8560 8533
f 4692 9414 9381
f 7513 7514 7533
f 9382 9383 4692
f 7552 7551 7540
f 7541 7542 7553
f 6850 6851 6909
f 4692 9381 9382
f 9470 9472 9473
f 9415 9435 4692
f 9435 9436 9451
f 6837 6836 4243
f 9380 9381 9414
f 8538 8539 8567
f 8595 8614 8594
f 7494 7493 7457
f 6864 6889 6920
f 7463 7464 7501
f 9470 9451 9452
f 9383 9384 4692
f 7458 7435 7494
f 8626 8627 8637
f 6830 6829 6785
f 7502 7501 7465
f 9471 9472 9470
f 9415 4692 9393
f 9471 9470 9465
f 7534 7533 7515
f 9415 9416 9435
f 9393 4692 9384
f 8624 8625 8636
f 9430 9449 9462
f 9415 9393 9394
f 9383 9382 9357
f 9461 9474 9469
f 8581 8605 8620
f 6793 6794 6833
f 8625 8626 8636
f 9394 9395 9415
f 7546 7545 7518
f 6892 6891 6825
f 6794 6795 6834
f 9474 9473 9468
f 6851 6852 6910
f 6888 6864 6919
f 6838 6837 6797
f 7513 7512 7504
f 9414 9413 9379
f 6792 6793 6832
f 8533 8534 8561
f 9382 9381 9355
f 6795 6796 6835
f 8560 8532 8533
f 6829 6764 6765
f 9379 9380 9414
f 9462 9461 9430
f 6826 6827 6866
f 7551 7550 7539
f 8536 8535 8514
f 9412 9413 9434
f 8578 8579 8604
f 7514 7515 7533
f 8622 8621 8606
f 7540 7541 7552
f 9384 9383 9358
f 9384 9385 9393
f 8537 8536 8515
f 7464 7465 7501
f 6796 4243 6836
f 9394 9393 9385
f 7457 7458 7494
f 8578 8577 8570
f 7491 7529 7490
f 9468 9469 9474
f 6785 6792 6830
f 7461 7460 7437
f 7503 7504 7512
f 7527 7528 7543
f 9356 9357 9382
f 6891 6890 6865
f 8535 8534 8514
f 6839 6838 6798
f 9395 9396 9415
f 8569 8570 8577
f 9463 9470 9452
f 7460 7459 7436
f 7547 7546 7535
f 9436 9437 9451
f 9355 9356 9382
f 7517 7518 7545
f 7462 7461 7438
f 9473 9472 9467
f 9452 9451 9437
f 8569 8568 8540
f 4243 6797 6837
f 7550 7549 7538
f 6825 6826 6892
f 9357 9358 9383
f 9416 9415 9396
f 9436 9435 9417
f 9465 9470 9454
f 8605 8606 8621
f 6765 6785 6829
f 9395 9394 9386
f 8581 8604 8580
f 6890 6889 6865
f 9416 9417 9435
f 7459 7435 7436
f 7539 7540 7551
f 9432 9433 9449
f 7493 7492 7456
f 7548 7547 7536
f 7503 7502 7465
f 9381 9380 9353
f 6764 6828 6763
f 7549 7548 7537
f 8623 8622 8607
f 8539 8540 8568
f 9434 9433 9411
f 7463 7462 7439
f 8628 8627 8611
f 9385 9386 9394
f 9472 9471 9456
f 9460 9461 9469
f 8538 8537 8517
f 9354 9355 9381
f 9449 9430 9432
f 7529 7528 7490
f 8579 8580 8604
f 6797 6798 6838
f 6840 6839 6799
f 9463 9464 9470
f 8596 8595 8558
f 6865 6825 6891
f 9358 9359 9384
f 9411 9412 9434
f 9385 9384 9360
f 7517 7534 7516
f 7514 7513 7505
f 8514 8515 8536
f 9378 9379 9413
f 9467 9468 9473
f 7518 7535 7546
f 8614 8613 8593
f 7456 7457 7493
f 9396 9395 9386
f 9413 9412 9378
f 8624 8623 8608
f 9464 9454 9470
f 7538 7539 7550
f 7542 7541 7526
f 7464 7463 7439
f 8539 8538 8517
f 8515 8516 8537
f 8579 8578 8570
f 9353 9354 9381
f 8627 8626 8610
f 8611 8612 8628
f 8593 8594 8614
f 7515 7516 7534
f 6798 6799 6839
f 9463 9452 9453
f 8558 8559 8596
f 8606 8607 8622
f 9359 9360 9384
f 7436 7437 7460
f 7535 7536 7547
f 7437 7438 7461
f 8625 8624 8608
f 6794 6793 4240
f 7435 7458 7434
f 7504 7505 7513
f 7537 7538 7549
f 6841 6840 4246
f 6795 6794 4241
f 9380 9379 9352
f 8513 8514 8534
f 6864 6888 6811
f 7492 7491 7455
f 9466 9467 9472
f 7526 7527 7542
f 8626 8625 8588
f 8595 8594 8558
f 8516 8517 8537
f 6793 6792 4218
f 9396 9397 9416
f 7536 7537 7548
f 6813 6865 6889
f 6796 6795 4242
f 8540 8541 8569
f 9456 9466 9472
f 9459 9460 9469
f 6888 6887 6811
f 7438 7439 7462
f 6885 6884 6853
f 8534 8533 8512
f 9465 9456 9471
f 9357 9356 9323
f 8610 8611 8627
f 6792 6785 4239
f 6887 6886 6806
f 7541 7540 7525
f 6886 6885 6806
f 7455 7456 7492
f 9461 9460 9448
f 6864 6813 6889
f 9358 9357 9324
f 8607 8608 8623
f 6799 4246 6840
f 6827 6763 6828
f 7489 7490 7528
f 7528 7527 7489
f 8613 8612 8592
f 9386 9385 9361
f 7465 7464 7440
f 9469 9468 9458
f 8570 8569 8542
f 7515 7514 7469
f 9352 9353 9380
f 9356 9355 9323
f 7504 7503 7466
f 6785 6765 4239
f 7465 7466 7503
f 6797 4243 4244
f 7458 7457 7433
f 6842 6841 6800
f 9431 9432 9430
f 9448 9430 9461
f 9437 9436 9399
f 8592 8593 8613
f 9360 9361 9385
f 8512 8513 8534
f 9433 9432 9376
f 9417 9399 9436
f 4218 4240 6793
f 8531 8559 8530
f 8606 8605 8582
f 4240 4241 6794
f 9453 9439 9463
f 9453 9452 9438
f 8588 8610 8626
f 7491 7490 7454
f 9377 9378 9412
f 9417 9416 9398
f 7505 7469 7514
f 7525 7526 7541
f 8517 8518 8539
f 4241 4242 6795
f 8570 8571 8579
f 8541 8542 8569
f 9359 9358 9325
f 6765 6764 4238
f 8608 8609 8625
f 6852 6853 6884
f 9376 9411 9433
f 9458 9459 9469
f 4217 4218 6792
f 9437 9438 9452
f 7439 7440 7464
f 4246 4247 6841
f 9464 9463 9440
f 7540 7539 7524
f 8609 8588 8625
f 6798 6797 4245
f 8540 8539 8519
f 9355 9354 9322
f 9397 9398 9416
f 4239 4217 6792
f 4242 4243 6796
f 6843 6842 6801
f 9386 9363 9396
f 6806 6811 6887
f 9468 9467 9458
f 7454 7455 7491
f 6853 6806 6885
f 8533 8532 8511
f 9379 9378 9351
f 8557 8558 8594
f 8580 8579 8572
f 9323 9324 9357
f 8612 8611 8591
f 4247 6800 6841
f 7433 7434 7458
f 6799 6798 4245
f 8581 8582 8605
f 7457 7456 7432
f 8594 8593 8556
f 7535 7518 7519
f 9412 9411 9349
f 9397 9396 9363
f 9439 9440 9463
f 9324 9325 9358
f 4238 4239 6765
f 7539 7538 7523
f 6764 6763 4237
f 6850 6843 6802
f 7505 7504 7467
f 8511 8512 8533
f 9354 9353 9322
f 9351 9352 9379
f 7516 7515 7506
f 8591 8592 8612
f 9360 9359 9326
f 8518 8519 8539
f 8541 8540 8519
f 7524 7525 7540
f 8571 8572 8579
f 7536 7535 7519
f 8515 8514 8487
f 4244 4245 6797
f 7488 7489 7527
f 7466 7467 7504
f 7490 7489 7453
f 6800 6801 6842
f 9349 9377 9412
f 8559 8558 8529
f 9322 9323 9355
f 7527 7526 7487
f 7538 7537 7522
f 6851 6850 6802
f 9467 9466 9444
f 9361 9362 9386
f 8516 8515 8488
f 8556 8557 8594
f 7440 7441 7465
f 9460 9459 9447
f 8514 8513 8487
f 7537 7536 7521
f 4213 4238 6764
f 7469 7506 7515
f 8532 8531 8510
f 7453 7454 7490
f 8607 8606 8584
f 8542 8543 8570
f 7432 7433 7457
f 8593 8592 8556
f 9465 9454 9455
f 8611 8610 8590
f 6824 6825 6865
f 7466 7465 7441
f 6813 6864 6812
f 7456 7455 7431
f 8517 8516 8489
f 9325 9326 9359
f 7437 7436 7414
f 9447 9448 9460
f 9432 9431 9375
f 8582 8583 8606
f 9363 9386 9362
f 8571 8570 8543
f 6852 6851 6803
f 9440 9454 9464
f 6801 6802 6843
f 9466 9456 9457
f 6763 6827 6762
f 7523 7524 7539
f 4237 4213 6764
f 7438 7437 7415
f 8529 8530 8559
f 9361 9360 9326
f 6864 6811 6812
f 8581 8580 8573
f 7436 7435 7413
f 4245 4225 6799
f 8510 8511 8532
f 9444 9458 9467
f 4240 4218 4219
f 7487 7488 7527
f 8608 8607 8585
f 6813 6824 6865
f 9353 9352 9321
f 9375 9376 9432
f 6853 6852 6804
f 8590 8591 8611
f 4241 4240 4220
f 9378 9377 9350
f 8558 8557 8529
f 8513 8512 8486
f 7469 7505 7468
f 8542 8541 8493
f 7455 7454 7431
f 4242 4241 4221
f 9438 9439 9453
f 7519 7520 7536
f 7517 7516 7507
f 7439 7438 7416
f 7435 7434 7413
f 7522 7523 7538
f 9430 9448 9429
f 9399 9417 9388
f 9438 9437 9399
f 7526 7525 7486
f 7431 7432 7456
f 9398 9388 9417
f 9398 9397 9363
f 8518 8517 8490
f 8572 8573 8580
f 8583 8584 8606
f 7467 7468 7505
f 6827 6826 6761
f 4225 4246 6799
f 6802 6803 6851
f 8519 8493 8541
f 8609 8608 8586
f 7520 7521 7536
f 7521 7522 7537
f 4243 4242 4222
f 7452 7453 7489
f 9350 9351 9378
f 8531 8530 8509
f 8487 8488 8515
f 7440 7439 7416
f 9321 9322 9353
f 9457 9444 9466
f 9459 9458 9446
f 8592 8591 8555
f 4239 4238 4215
f 6826 6825 6761
f 8488 8489 8516
f 6803 6804 6852
f 8509 8510 8531
f 7434 7433 7412
f 4244 4243 4223
f 7467 7466 7442
f 7489 7488 7451
f 8486 8487 8513
f 7506 7507 7516
f 9376 9349 9411
f 9455 9456 9465
f 4219 4220 4240
f 8555 8556 8592
f 8589 8590 8610
f 7486 7487 7526
f 9324 9323 9294
f 7413 7414 7436
f 8512 8511 8485
f 8584 8585 8607
f 7454 7453 7430
f 8582 8581 8547
f 6804 6805 6853
f 7525 7524 7486
f 7414 7415 7437
f 7441 7442 7466
f 7518 7517 7508
f 8543 8544 8571
f 9377 9349 9350
f 4220 4221 4241
f 9325 9324 9294
f 9352 9351 9321
f 9362 9361 9327
f 6761 6762 6827
f 8489 8490 8517
f 4238 4213 4214
f 9446 9447 9459
f 6805 6806 6853
f 8519 8518 8491
f 7451 7452 7489
f 8557 8556 8528
f 6801 6800 4249
f 8588 8589 8610
f 4216 4217 4239
f 4245 4244 4224
f 4221 4222 4242
f 9326 9327 9361
f 9431 9430 9375
f 8572 8571 8545
f 7430 7431 7454
f 8585 8586 8608
f 8528 8529 8557
f 4215 4216 4239
f 7415 7416 7438
f 7441 7440 7417
f 6825 6824 4234
f 7412 7413 7434
f 7433 7432 7411
f 8493 8520 8542
f 8573 8547 8581
f 8485 8486 8512
f 9362 9329 9363
f 8586 8587 8609
f 8587 8588 8609
f 4222 4223 4243
f 8543 8542 8521
f 4247 4248 6800
f 7507 7508 7517
f 8530 8529 8508
f 7524 7523 7485
f 8511 8510 8484
f 7519 7518 7509
f 6802 6801 4250
f 4214 4215 4238
f 9399 9418 9438
f 8490 8491 8518
f 8544 8545 8571
f 8591 8590 8554
f 9448 9447 9428
f 6760 6761 6825
f 9326 9325 9295
f 9458 9444 9445
f 7468 7467 7443
f 9363 9387 9398
f 9323 9322 9293
f 8508 8509 8530
f 6824 6813 6759
f 4248 4249 6800
f 8583 8582 8548
f 7411 7412 7433
f 4223 4224 4244
f 7416 7417 7440
f 6803 6802 4250
f 8554 8555 8591
f 8493 8519 8492
f 9388 9398 9387
f 9439 9438 9418
f 9428 9429 9448
f 7442 7443 7467
f 7450 7451 7488
f 8520 8521 8542
f 7432 7431 7410
f 7488 7487 7449
f 7520 7519 7509
f 4234 6760 6825
f 7485 7486 7524
f 4237 6763 4212
f 7429 7430 7453
f 8573 8572 8545
f 6813 6812 6758
f 7523 7522 7484
f 7453 7452 7428
f 8484 8485 8511
f 6804 6803 6754
f 7469 7470 7506
f 9445 9446 9458
f 8556 8555 8527
f 4249 4250 6801
f 9351 9350 9320
f 7508 7509 7518
f 9455 9454 9441
f 8491 8492 8519
f 6763 6762 4211
f 4224 4225 4245
f 8527 8528 8556
f 7521 7520 7481
f 8547 8548 8582
f 6812 6811 6757
f 7442 7441 7418
f 7410 7411 7432
f 9320 9321 9351
f 7522 7521 7482
f 9327 9328 9362
f 6805 6804 6755
f 9294 9295 9325
f 4219 4218 4191
f 8584 8583 8549
f 9329 9362 9328
f 6759 4234 6824
f 4220 4219 4164
f 4218 4217 4191
f 8510 8509 8483
f 8590 8589 8553
f 9293 9294 9323
f 8529 8528 8507
f 7449 7450 7488
f 7507 7506 7471
f 9322 9321 9292
f 6811 6806 6756
f 9430 9429 9410
f 8544 8543 8522
f 7452 7451 7428
f 7469 7468 7444
f 4221 4220 4192
f 6806 6805 6756
f 7428 7429 7453
f 4247 4246 4197
f 7431 7430 7409
f 7484 7485 7523
f 7417 7418 7441
f 4212 4213 4237
f 6762 6761 4211
f 8507 8508 8529
f 4217 4216 4188
f 8488 8487 8467
f 9447 9446 9428
f 7487 7486 7427
f 6758 6759 6813
f 4250 6754 6803
f 8487 8486 8467
f 9440 9441 9454
f 9327 9326 9296
f 9456 9455 9423
f 8585 8584 8550
f 7443 7444 7468
f 7414 7413 7390
f 8553 8554 8590
f 8489 8488 8468
f 9457 9456 9443
f 4222 4221 4193
f 7415 7414 7390
f 9410 9375 9430
f 8589 8588 8552
f 4216 4215 4188
f 7470 7471 7506
f 8520 8493 8494
f 8483 8484 8510
f 7413 7412 7389
f 7409 7410 7431
f 8490 8489 8468
f 6754 6755 6804
f 4211 4212 6763
f 6757 6758 6812
f 8521 8522 8543
f 8547 8573 8546
f 4225 4197 4246
f 4248 4247 4226
f 7509 7510 7520
f 8548 8549 8583
f 8586 8585 8551
f 7483 7484 7522
f 9295 9296 9326
f 4191 4164 4219
f 7508 7507 7471
f 6761 6760 4236
f 8587 8586 8551
f 4215 4214 4187
f 9292 9293 9322
f 4223 4222 4194
f 7510 7481 7520
f 6756 6757 6811
f 8588 8587 8525
f 8486 8485 8466
f 4190 4191 4217
f 7482 7483 7522
f 6755 6756 6805
f 7427 7449 7487
f 8555 8554 8526
f 4164 4192 4220
f 9418 9419 9439
f 8545 8546 8573
f 7412 7411 7388
f 4189 4190 4217
f 7481 7482 7521
f 7416 7415 7396
f 7443 7442 7419
f 8509 8508 8482
f 8491 8490 8469
f 9440 9439 9419
f 7451 7450 7407
f 9441 9442 9455
f 7430 7429 7408
f 8552 8553 8589
f 4192 4166 4221
f 8526 8527 8555
f 4188 4189 4217
f 7486 7485 7427
f 7470 7469 7445
f 8549 8550 8584
f 4193 4221 4166
f 4249 4248 4227
f 9443 9444 9457
f 8545 8544 8473
f 9350 9349 9319
f 4214 4213 4186
f 9429 9428 9410
f 4197 4226 4247
f 7418 7419 7442
f 8528 8527 8506
f 4224 4223 4195
f 9319 9320 9350
f 9348 9349 9376
f 7407 7428 7451
f 7444 7445 7469
f 8506 8507 8528
f 8485 8484 8466
f 7389 7390 7413
f 7417 7416 7397
f 7408 7409 7430
f 9442 9423 9455
f 4236 4211 6761
f 8467 8468 8488
f 7390 7368 7415
f 8492 8491 8448
f 8550 8551 8585
f 9376 9375 9348
f 8525 8552 8588
f 4250 4249 4227
f 9399 9400 9418
f 8482 8483 8509
f 8521 8520 8495
f 4187 4188 4215
f 7388 7389 7412
f 4193 4194 4222
f 9423 9443 9456
f 9321 9320 9291
f 9328 9327 9297
f 7411 7410 7386
f 8466 8467 8486
f 8508 8507 8482
f 8522 8473 8544
f 9291 9292 9321
f 7368 7396 7415
f 8551 8524 8587
f 8468 8469 8490
f 8524 8525 8587
f 9427 9428 9446
f 4225 4224 4196
f 9363 9331 9387
f 7509 7508 7480
f 8546 8523 8547
f 4235 4236 6760
f 9296 9297 9327
f 6754 4250 4228
f 9446 9445 9426
f 4226 4227 4248
f 8548 8547 8499
f 7444 7443 7420
f 7387 7388 7411
f 4186 4187 4214
f 4194 4195 4223
f 7471 7479 7508
f 9388 9387 9331
f 7418 7417 7398
f 8494 8495 8520
f 7396 7397 7416
f 7485 7484 7426
f 6759 6758 4233
f 9375 9410 9374
f 8469 8448 8491
f 7450 7449 7406
f 4213 4212 4185
f 8493 8492 8470
f 8504 8526 8554
f 8554 8553 8503
f 6755 6754 4229
f 4234 4235 6760
f 7385 7408 7429
f 7429 7428 7384
f 7426 7427 7485
f 4197 4225 4196
f 7419 7420 7443
f 9419 9420 9440
f 7386 7387 7411
f 7445 7402 7470
f 7410 7409 7362
f 6758 6757 4232
f 9441 9440 9421
f 7471 7470 7446
f 8523 8499 8547
f 9388 9389 9399
f 8549 8548 8499
f 4212 4211 4184
f 4195 4196 4224
f 7484 7483 7426
f 8465 8466 8484
f 6756 6755 4230
f 4227 4228 4250
f 6757 6756 4231
f 7479 7480 7508
f 8505 8506 8527
f 7397 7398 7417
f 7510 7509 7425
f 8448 8470 8492
f 4164 4191 4163
f 9419 9418 9401
f 8484 8483 8464
f 7449 7427 7406
f 9426 9427 9446
f 8522 8521 8496
f 9400 9399 9389
f 7406 7407 7450
f 4191 4190 4162
f 8503 8504 8554
f 9295 9294 9267
f 9400 9401 9418
f 9445 9444 9425
f 4207 4234 6759
f 8553 8552 8503
f 7384 7385 7429
f 4190 4189 4161
f 8546 8545 8497
f 9349 9348 9318
f 4185 4186 4213
f 7481 7510 7425
f 7483 7482 7448
f 8527 8526 8478
f 9347 9348 9375
f 8481 8482 8507
f 4228 4229 6754
f 7445 7444 7421
f 9318 9319 9349
f 7428 7407 7384
f 7409 7408 7362
f 4233 4207 6759
f 7482 7481 7404
f 9409 9410 9428
f 7419 7418 7399
f 4189 4188 4160
f 9294 9293 9266
f 8550 8549 8500
f 9320 9319 9290
f 7402 7446 7470
f 7362 7386 7410
f 4226 4197 4198
f 9375 9374 9347
f 9420 9421 9440
f 9329 9328 9298
f 8507 8506 8480
f 4193 4166 4167
f 4229 4230 6755
f 4232 4233 6758
f 8494 8493 8472
f 9290 9291 9320
f 8495 8496 8521
f 9444 9443 9425
f 9297 9298 9328
f 4211 4236 4210
f 7390 7389 7366
f 9442 9441 9422
f 7420 7421 7444
f 8470 8471 8493
f 8551 8550 8456
f 9329 9330 9363
f 8464 8465 8484
f 9296 9295 9267
f 4184 4185 4212
f 9331 9363 9330
f 7368 7390 7367
f 8473 8497 8545
f 7480 7425 7509
f 4194 4193 4167
f 8478 8505 8527
f 4231 4232 6757
f 7389 7388 7365
f 9428 9427 9409
f 7398 7399 7418
f 4230 4231 6756
f 4188 4187 4159
f 9331 9364 9388
f 8473 8522 8496
f 8468 8467 8446
f 9345 9374 9410
f 8499 8500 8549
f 4236 4235 4210
f 9425 9426 9445
f 7479 7471 7446
f 7448 7426 7483
f 8523 8546 8498
f 8480 8481 8507
f 4162 4163 4191
f 7388 7387 7365
f 8483 8482 8463
f 9389 9388 9364
f 4164 4165 4192
f 4161 4162 4190
f 4195 4194 4168
f 8469 8468 8447
f 9293 9292 9265
f 8471 8472 8493
f 9420 9419 9402
f 4165 4166 4192
f 8495 8494 8472
f 8467 8466 8444
f 4160 4161 4189
f 7425 7404 7481
f 4187 4186 4138
f 7404 7448 7482
f 7397 7396 7369
f 4227 4226 4200
f 4210 4184 4211
f 8500 8456 8550
f 8525 8503 8552
f 9401 9402 9419
f 9389 9390 9400
f 9421 9422 9441
f 7427 7426 7380
f 4235 4234 4209
f 9348 9347 9317
f 7420 7419 7400
f 4159 4160 4188
f 7387 7386 7364
f 7385 7362 7408
f 8463 8464 8483
f 7366 7367 7390
f 4196 4195 4168
f 9297 9296 9268
f 4228 4227 4200
f 9292 9291 9265
f 8456 8475 8551
f 9317 9318 9348
f 8497 8498 8546
f 7365 7366 7389
f 4198 4199 4226
f 7421 7402 7445
f 8506 8505 8479
f 8482 8481 8463
f 8499 8523 8498
f 7398 7397 7370
f 4167 4168 4194
f 9266 9267 9294
f 8475 8524 8551
f 8466 8465 8443
f 9424 9425 9443
f 8445 8446 8467
f 8504 8478 8526
f 4234 4207 4208
f 8446 8447 8468
f 9346 9347 9374
f 9319 9318 9289
f 9289 9290 9319
f 4229 4228 4201
f 4138 4159 4187
f 8444 8445 8467
f 7368 7369 7396
f 9423 9424 9443
f 9422 9423 9442
f 4199 4200 4226
f 4209 4210 4235
f 7480 7479 7424
f 7399 7400 7419
f 9401 9400 9391
f 9298 9299 9329
f 9410 9409 9373
f 4186 4185 4158
f 8479 8480 8506
f 9427 9426 9408
f 9374 9345 9346
f 9373 9345 9410
f 7364 7365 7387
f 9330 9329 9299
f 7446 7447 7479
f 8447 8448 8469
f 4230 4229 4202
f 8471 8470 8449
f 7369 7370 7397
f 9408 9409 9427
f 7386 7362 7363
f 8496 8495 8452
f 4233 4232 4206
f 9298 9297 9268
f 4185 4184 4158
f 9390 9391 9400
f 9265 9266 9293
f 9364 9365 9389
f 9267 9268 9296
f 8472 8452 8495
f 7399 7398 7371
f 8443 8444 8466
f 7446 7402 7422
f 7421 7420 7401
f 4231 4230 4203
f 4208 4209 4234
f 4197 4196 4170
f 4232 4231 4204
f 9402 9403 9420
f 7425 7480 7403
f 9390 9389 9365
f 4168 4169 4196
f 4200 4201 4228
f 7426 7448 7380
f 7447 7424 7479
f 9291 9290 9263
f 8448 8449 8470
f 8465 8464 8442
f 4158 4138 4186
f 9421 9420 9371
f 8481 8480 8462
f 7363 7364 7386
f 4163 4162 4143
f 9402 9401 9391
f 9316 9317 9347
f 4164 4163 4144
f 7370 7371 7398
f 4165 4164 4145
f 4162 4161 4142
f 4198 4197 4170
f 9426 9425 9407
f 4201 4202 4229
f 8462 8463 8481
f 8472 8471 8450
f 4161 4160 4141
f 7400 7401 7420
f 9347 9346 9316
f 4206 4207 4233
f 4166 4165 4147
f 9318 9317 9288
f 4169 4170 4196
f 4202 4203 4230
f 9264 9265 9291
f 7402 7421 7401
f 8478 8479 8505
f 8503 8525 8502
f 4184 4210 4156
f 4167 4166 4147
f 4168 4167 4149
f 8442 8443 8465
f 7424 7403 7480
f 9407 9408 9426
f 4205 4206 4232
f 9288 9289 9318
f 4199 4198 4171
f 9403 9371 9420
f 8449 8450 8471
f 4157 4158 4184
f 4204 4205 4232
f 9331 9332 9364
f 4203 4204 4231
f 8498 8497 8474
f 4160 4159 4139
f 8473 8496 8453
f 9263 9264 9291
f 9422 9421 9371
f 7367 7366 7345
f 8525 8524 8501
f 9425 9424 9406
f 8452 8453 8496
f 9365 9364 9332
f 7368 7367 7345
f 7447 7446 7422
f 9331 9330 9300
f 7405 7380 7448
f 9409 9408 9372
f 7371 7372 7399
f 8464 8463 8441
f 7366 7365 7344
f 9299 9298 9269
f 4143 4144 4163
f 4142 4143 4162
f 9372 9373 9409
f 9299 9300 9330
f 8478 8504 8477
f 4144 4145 4164
f 8446 8445 8425
f 7381 7406 7427
f 4200 4199 4172
f 4210 4209 4183
f 9290 9289 9262
f 4141 4142 4161
f 8480 8479 8461
f 8447 8446 8426
f 7404 7405 7448
f 4159 4138 4117
f 4145 4146 4165
f 7369 7368 7346
f 4156 4157 4184
f 9424 9423 9405
f 8452 8472 8451
f 9268 9269 9298
f 4170 4171 4198
f 4148 4149 4167
f 7365 7364 7344
f 4146 4147 4165
f 8461 8462 8480
f 9365 9366 9390
f 9406 9407 9425
f 9317 9316 9287
f 4147 4148 4167
f 9403 9402 9392
f 4140 4141 4160
f 8445 8444 8424
f 7400 7399 7373
f 9391 9392 9402
f 9423 9422 9338
f 7383 7384 7407
f 4169 4168 4150
f 9391 9390 9366
f 9287 9288 9317
f 8450 8451 8472
f 7370 7369 7347
f 8448 8447 8428
f 4201 4200 4173
f 4139 4140 4160
f 8441 8442 8464
f 4209 4208 4182
f 7342 7362 7385
f 8499 8498 8474
f 4171 4172 4199
f 8501 8502 8525
f 8475 8501 8524
f 7424 7447 7423
f 9315 9316 9346
f 9262 9263 9290
f 4149 4150 4168
f 4183 4156 4210
f 7372 7373 7399
f 8449 8448 8428
f 7371 7370 7347
f 7364 7363 7325
f 8444 8443 8403
f 7407 7406 7382
f 4202 4201 4174
f 8504 8503 8458
f 7380 7381 7427
f 4208 4207 4181
f 8463 8462 8421
f 4117 4139 4159
f 7344 7345 7366
f 4138 4158 4116
f 9332 9331 9300
f 9289 9288 9262
f 9405 9406 9424
f 9346 9345 9315
f 7345 7346 7368
f 7422 7423 7447
f 9371 9404 9422
f 4170 4169 4151
f 8425 8426 8446
f 4207 4206 4181
f 4172 4173 4200
f 7385 7384 7361
f 4203 4202 4175
f 9267 9266 9209
f 8426 8427 8447
f 8424 8425 8445
f 9342 9372 9408
f 9404 9338 9422
f 9338 9405 9423
f 4182 4183 4209
f 9332 9333 9365
f 8439 8461 8479
f 4158 4157 4116
f 9408 9407 9341
f 9344 9345 9373
f 7346 7347 7369
f 9373 9372 9344
f 8500 8499 8454
f 4206 4205 4179
f 9266 9265 9234
f 7401 7400 7374
f 7325 7344 7364
f 7382 7383 7407
f 8427 8428 8447
f 8443 8442 8403
f 8458 8477 8504
f 8421 8441 8463
f 4204 4203 4177
f 8479 8478 8460
f 8450 8449 8388
f 7406 7381 7382
f 8497 8473 8433
f 4150 4151 4169
f 4205 4204 4178
f 7372 7371 7348
f 9268 9267 9235
f 4173 4174 4201
f 7363 7362 7343
f 9300 9299 9270
f 9286 9287 9316
f 9269 9270 9299
f 9265 9264 9234
f 8403 8424 8444
f 7361 7342 7385
f 4181 4182 4208
f 4171 4170 4152
f 9392 9369 9403
f 8474 8454 8499
f 9366 9367 9391
f 7384 7383 7361
f 9392 9391 9367
f 4143 4142 4121
f 4144 4143 4121
f 4145 4144 4122
f 9371 9403 9370
f 4174 4175 4202
f 9341 9342 9408
f 7373 7374 7400
f 4146 4145 4122
f 7404 7425 7379
f 8503 8502 8476
f 4149 4148 4125
f 9407 9406 9340
f 4148 4147 4124
f 4157 4156 4137
f 8462 8461 8440
f 8460 8439 8479
f 9366 9365 9334
f 4142 4141 4120
f 7347 7348 7371
f 4180 4181 4206
f 4147 4146 4124
f 4175 4176 4203
f 8428 8388 8449
f 7402 7401 7374
f 7343 7325 7363
f 9288 9287 9260
f 8474 8497 8433
f 4151 4152 4170
f 9264 9263 9233
f 7362 7342 7343
f 4179 4180 4206
f 8476 8458 8503
f 9261 9262 9288
f 7402 7376 7422
f 4141 4140 4119
f 4176 4177 4203
f 4172 4171 4153
f 9333 9334 9365
f 9300 9301 9332
f 8451 8450 8406
f 4150 4149 4125
f 9284 9315 9345
f 9316 9315 9285
f 4178 4179 4205
f 8454 8455 8500
f 4177 4178 4204
f 8502 8501 8436
f 8501 8475 8436
f 9369 9370 9403
f 8442 8441 8423
f 4137 4116 4157
f 9269 9268 9236
f 8440 8421 8462
f 9345 9344 9284
f 8478 8477 8459
f 7373 7372 7349
f 4140 4139 4118
f 7423 7422 7376
f 9234 9209 9266
f 9343 9344 9372
f 9340 9341 9407
f 9285 9286 9316
f 4173 4172 4153
f 9406 9405 9340
f 8461 8439 8440
f 4156 4183 4100
f 7403 7379 7425
f 9209 9235 9267
f 8455 8456 8500
f 9260 9261 9288
f 8423 8403 8442
f 4121 4122 4144
f 4152 4153 4171
f 7348 7349 7372
f 4124 4125 4148
f 4122 4123 4146
f 7379 7357 7404
f 9233 9234 9264
f 4123 4124 4146
f 4120 4121 4142
f 8388 8406 8450
f 9333 9332 9302
f 8457 8476 8502
f 8459 8460 8478
f 9263 9262 9232
f 4151 4150 4126
f 7321 7361 7383
f 8452 8451 8406
f 4174 4173 4130
f 7345 7344 7326
f 4119 4120 4141
f 4183 4182 4136
f 9367 9368 9392
f 8454 8474 8432
f 9270 9271 9300
f 9287 9286 9259
f 8436 8457 8502
f 8426 8425 8405
f 7346 7345 7327
f 9301 9302 9332
f 9342 9343 9372
f 7424 7423 7377
f 8433 8432 8474
f 8441 8421 8422
f 8427 8426 8357
f 9235 9236 9268
f 7344 7325 7326
f 8425 8424 8405
f 7383 7382 7341
f 4118 4119 4140
f 7374 7375 7402
f 7347 7346 7328
f 4125 4126 4150
f 9270 9269 9236
f 9369 9392 9336
f 9367 9366 9335
f 4182 4181 4135
f 4175 4174 4154
f 8433 8473 8430
f 9259 9260 9287
f 4152 4151 4127
f 9262 9261 9232
f 9338 9340 9405
f 4153 4130 4173
f 8428 8427 8371
f 7376 7402 7375
f 7376 7377 7423
f 9232 9233 9263
f 4117 4118 4139
f 7374 7373 7332
f 8422 8423 8441
f 4176 4175 4154
f 4181 4180 4134
f 9371 9337 9404
f 7342 7361 7321
f 9314 9284 9344
f 8424 8403 8404
f 7341 7321 7383
f 8453 8430 8473
f 4136 4100 4183
f 9334 9335 9366
f 7349 7332 7373
f 4177 4176 4155
f 9301 9300 9272
f 8458 8459 8477
f 4180 4179 4134
f 9368 9336 9392
f 9337 9338 9404
f 7348 7347 7330
f 4126 4127 4151
f 7382 7381 7341
f 7403 7424 7378
f 4178 4177 4132
f 4179 4178 4133
f 8388 8428 8371
f 9344 9343 9283
f 4130 4154 4174
f 9284 9285 9315
f 4135 4136 4182
f 7326 7327 7345
f 8453 8452 8429
f 4153 4152 4128
f 4116 4117 4138
f 9271 9272 9300
f 8405 8357 8426
f 7377 7355 7424
f 9334 9333 9303
f 9368 9367 9335
f 7327 7328 7346
f 8406 8429 8452
f 7349 7348 7330
f 4134 4135 4181
f 9370 9369 9306
f 7405 7404 7358
f 9261 9260 9231
f 7318 7381 7380
f 8476 8457 8437
f 8357 8371 8427
f 9283 9314 9344
f 8404 8405 8424
f 7328 7329 7347
f 4154 4155 4176
f 4122 4121 4105
f 4123 4122 4105
f 4127 4128 4152
f 8460 8459 8419
f 9286 9285 9258
f 9302 9303 9333
f 4124 4123 4106
f 7355 7378 7424
f 4137 4156 4100
f 4155 4132 4177
f 9209 9234 9208
f 4121 4120 4104
f 8475 8456 8435
f 4125 4124 4107
f 8419 8439 8460
f 7375 7374 7350
f 7329 7330 7347
f 9234 9233 9208
f 4133 4134 4179
f 9231 9232 9261
f 9236 9237 9270
f 4132 4133 4178
f 9258 9259 9286
f 8437 8458 8476
f 8436 8475 8435
f 9371 9370 9307
f 9336 9306 9369
f 9271 9270 9238
f 7332 7350 7374
f 4120 4119 4086
f 9235 9209 9210
f 4130 4153 4129
f 7378 7379 7403
f 4126 4125 4108
f 7324 7325 7343
f 7360 7341 7381
f 9340 9338 9339
f 7358 7380 7405
f 9343 9342 9313
f 7343 7342 7323
f 4119 4118 4103
f 8430 8453 8408
f 8423 8422 8402
f 4128 4129 4153
f 9302 9301 9273
f 7357 7358 7404
f 7332 7349 7331
f 9237 9238 9270
f 8440 8439 8420
f 4118 4117 4103
f 9236 9235 9210
f 4127 4126 4109
f 9313 9283 9343
f 8429 8408 8453
f 4104 4105 4121
f 4105 4106 4123
f 9272 9273 9301
f 9335 9305 9368
f 9306 9307 9370
f 4106 4107 4124
f 9260 9259 9230
f 7330 7331 7349
f 8418 8419 8459
f 8402 8403 8423
f 4087 4104 4120
f 7323 7324 7343
f 9342 9341 9313
f 8459 8458 8438
f 7359 7360 7381
f 9233 9232 9206
f 4107 4108 4125
f 9335 9334 9304
f 4086 4087 4120
f 8420 8421 8440
f 9336 9368 9275
f 7381 7318 7359
f 9207 9208 9233
f 9230 9231 9260
f 4117 4116 4102
f 4155 4154 4113
f 9256 9284 9314
f 9314 9283 9256
f 7350 7351 7375
f 9307 9337 9371
f 4103 4086 4119
f 4128 4127 4110
f 9303 9304 9334
f 8439 8419 8420
f 8422 8421 8402
f 9285 9284 9257
f 4108 4109 4126
f 4132 4155 4131
f 9303 9302 9273
f 7342 7321 7322
f 8438 8418 8459
f 9272 9271 9239
f 9305 9275 9368
f 9257 9258 9285
f 9232 9231 9206
f 7376 7375 7352
f 7327 7326 7307
f 4116 4137 4101
f 4130 4113 4154
f 8433 8430 8431
f 8357 8405 8387
f 7328 7327 7294
f 9206 9207 9233
f 9237 9236 9211
f 9341 9340 9312
f 4102 4103 4117
f 7326 7325 7306
f 8405 8404 8387
f 8455 8454 8412
f 9259 9258 9230
f 7329 7328 7294
f 4109 4110 4127
f 9238 9239 9271
f 7379 7378 7356
f 7322 7323 7342
f 7380 7358 7318
f 8432 8434 8454
f 9305 9335 9304
f 4129 4128 4093
f 4113 4131 4155
f 9210 9211 9236
f 7341 7360 7340
f 9312 9313 9341
f 7351 7352 7375
f 7357 7379 7356
f 7325 7324 7306
f 7330 7329 7311
f 8404 8403 8386
f 8408 8429 8407
f 9340 9339 9311
f 8456 8455 8378
f 4101 4102 4116
f 7358 7357 7338
f 9284 9256 9257
f 8437 8438 8458
f 4110 4093 4128
f 9238 9237 9211
f 9273 9272 9239
f 8406 8407 8429
f 8434 8412 8454
f 8435 8456 8378
f 9275 9306 9336
f 4105 4104 4088
f 4106 4105 4075
f 4130 4129 4111
f 7331 7330 7311
f 8401 8402 8421
f 7355 7356 7378
f 8403 8402 8386
f 7351 7350 7313
f 9311 9312 9340
f 4107 4106 4089
f 4085 4101 4137
f 7377 7376 7334
f 7307 7294 7327
f 7306 7307 7326
f 9273 9241 9303
f 9209 9208 9182
f 4108 4107 4090
f 7324 7323 7305
f 9210 9209 9182
f 7360 7359 7319
f 7332 7313 7350
f 8412 8378 8455
f 9304 9303 9241
f 4093 4111 4129
f 7294 7311 7329
f 8386 8387 8404
f 9339 9338 9309
f 8421 8420 8400
f 4113 4130 4112
f 4100 4085 4137
f 9231 9230 9205
f 4109 4108 4091
f 9205 9206 9231
f 9229 9230 9258
f 4100 4136 4099
f 7352 7334 7376
f 9310 9311 9339
f 8415 8437 8457
f 8431 8432 8433
f 9258 9257 9229
f 9338 9337 9309
f 7305 7306 7324
f 4103 4102 4071
f 9208 9207 9181
f 8418 8438 8417
f 7319 7340 7360
f 4088 4075 4105
f 4136 4135 4098
f 7332 7331 7312
f 4074 4088 4104
f 4110 4109 4092
f 8434 8432 8411
f 8400 8401 8421
f 4075 4089 4106
f 9282 9283 9313
f 8436 8415 8457
f 4111 4112 4130
f 4087 4074 4104
f 7355 7377 7353
f 9309 9310 9339
f 9239 9238 9212
f 4132 4131 4114
f 9313 9312 9281
f 4089 4090 4107
f 9211 9212 9238
f 7359 7318 7319
f 4135 4134 4097
f 7352 7351 7314
f 8420 8419 8400
f 8431 8430 8408
f 9239 9240 9273
f 4090 4091 4108
f 4134 4133 4115
f 4133 4132 4115
f 4102 4101 4070
f 7311 7312 7331
f 7313 7314 7351
f 9307 9308 9337
f 9211 9210 9183
f 8407 8406 8389
f 4071 4086 4103
f 7323 7322 7304
f 9241 9273 9240
f 7291 7305 7323
f 8385 8386 8402
f 7334 7353 7377
f 9308 9309 9337
f 9312 9311 9281
f 9281 9282 9313
f 4091 4092 4109
f 4113 4114 4131
f 4098 4099 4136
f 9241 9274 9304
f 7341 7340 7320
f 8438 8437 8416
f 9181 9182 9208
f 9305 9304 9274
f 7356 7355 7354
f 7313 7332 7312
f 7320 7321 7341
f 8388 8389 8406
f 9182 9183 9210
f 9207 9206 9180
f 8402 8401 8384
f 4070 4071 4102
f 4097 4098 4135
f 4114 4115 4132
f 7304 7291 7323
f 4115 4097 4134
f 7357 7356 7337
f 4111 4093 4094
f 9230 9229 9204
f 9202 9229 9257
f 4092 4093 4110
f 8419 8418 8383
f 8437 8415 8416
f 9257 9256 9202
f 7334 7352 7333
f 7338 7357 7337
f 9204 9205 9230
f 9311 9310 9280
f 8416 8417 8438
f 8432 8431 8409
f 8411 8412 8434
f 8384 8385 8402
f 7353 7354 7355
f 9307 9306 9276
f 8357 8387 8356
f 8383 8400 8419
f 8408 8407 8390
f 7322 7321 7303
f 4085 4070 4101
f 8408 8409 8431
f 7314 7333 7352
f 4112 4111 4094
f 7307 7306 7293
f 9283 9282 9255
f 9212 9213 9239
f 8435 8378 8395
f 8389 8390 8407
f 9240 9239 9213
f 8387 8386 8355
f 9280 9281 9311
f 9206 9205 9180
f 7311 7294 7276
f 9180 9181 9207
f 4087 4086 4073
f 9275 9276 9306
f 7354 7337 7356
f 8415 8436 8414
f 7306 7305 7292
f 4113 4112 4095
f 9255 9256 9283
f 8436 8435 8413
f 7301 7320 7340
f 9275 9305 9243
f 9212 9211 9184
f 9310 9309 9279
f 4090 4089 4076
f 7303 7304 7322
f 8401 8400 8370
f 9308 9307 9248
f 9274 9243 9305
f 4086 4071 4072
f 7339 7318 7358
f 9183 9184 9211
f 4091 4090 4076
f 8418 8417 8399
f 7321 7320 7303
f 7338 7339 7358
f 8388 8371 8372
f 4114 4113 4080
f 7312 7311 7276
f 8411 8432 8410
f 7305 7291 7292
f 8399 8383 8418
f 9309 9308 9278
f 9279 9280 9310
f 9229 9202 9203
f 8370 8384 8401
f 4094 4095 4112
f 4092 4091 4077
f 8386 8385 8354
f 9276 9248 9307
f 4115 4114 4096
f 9203 9204 9229
f 7319 7301 7340
f 8409 8410 8432
f 7293 7294 7307
f 9282 9281 9254
f 8355 8356 8387
f 8389 8388 8372
f 4074 4075 4088
f 4097 4115 4082
f 4073 4074 4087
f 4075 4051 4089
f 8395 8413 8435
f 8390 8391 8408
f 4072 4073 4086
f 7292 7293 7306
f 4051 4076 4089
f 4095 4080 4113
f 8413 8414 8436
f 7354 7353 7335
f 8412 8411 8393
f 8417 8416 8398
f 9254 9255 9282
f 9205 9204 9179
f 9278 9279 9309
f 9248 9277 9308
f 4093 4092 4078
f 8354 8355 8386
f 4080 4096 4114
f 8409 8408 8392
f 4076 4077 4091
f 9281 9280 9254
f 7334 7335 7353
f 8398 8399 8417
f 9277 9278 9308
f 8410 8393 8411
f 4070 4085 4084
f 9241 9242 9274
f 7320 7301 7302
f 9243 9274 9242
f 4096 4082 4115
f 8390 8389 8373
f 9213 9212 9185
f 9241 9240 9214
f 9213 9214 9240
f 7302 7303 7320
f 7337 7354 7336
f 9256 9255 9228
f 7313 7312 7277
f 4094 4093 4078
f 8385 8384 8335
f 9179 9180 9205
f 9228 9202 9256
f 8383 8370 8400
f 7276 7277 7312
f 4077 4078 4092
f 8391 8392 8408
f 9184 9185 9212
f 7318 7339 7317
f 8378 8412 8394
f 4085 4100 4084
f 8416 8415 8397
f 7338 7337 7316
f 8410 8409 8392
f 7334 7333 7295
f 8372 8373 8389
f 9183 9182 9158
f 7335 7336 7354
f 7339 7338 7298
f 9182 9181 9157
f 7304 7303 7270
f 8335 8354 8385
f 4095 4094 4079
f 8397 8398 8416
f 9280 9279 9253
f 9248 9276 9247
f 8393 8394 8412
f 7271 7291 7304
f 8391 8390 8373
f 7314 7295 7333
f 9275 9247 9276
f 9204 9203 9178
f 4074 4073 4064
f 4073 4072 4063
f 4075 4074 4050
f 9253 9254 9280
f 7336 7316 7337
f 8415 8414 8380
f 4078 4079 4094
f 7301 7319 7288
f 7270 7271 7304
f 4076 4051 4052
f 7335 7334 7295
f 4072 4071 4062
f 9242 9241 9214
f 7314 7313 7278
f 8414 8413 8379
f 9184 9183 9158
f 4100 4099 4067
f 8399 8398 8368
f 7294 7293 7274
f 7277 7278 7313
f 7298 7317 7339
f 8393 8410 8376
f 9255 9254 9227
f 9178 9179 9204
f 7316 7285 7338
f 7285 7298 7338
f 9181 9180 9157
f 7293 7292 7273
f 9277 9248 9249
f 4077 4076 4052
f 8396 8397 8415
f 4082 4096 4081
f 4068 4084 4100
f 4099 4098 4067
f 8368 8383 8399
f 9227 9228 9255
f 8370 8335 8384
f 4098 4097 4083
f 9202 9228 9176
f 7303 7302 7290
f 4071 4070 4061
f 8392 8376 8410
f 9214 9213 9186
f 8372 8371 8338
f 9185 9186 9213
f 9279 9278 9251
f 4063 4064 4073
f 4079 4080 4095
f 4064 4050 4074
f 4050 4051 4075
f 9278 9277 9250
f 8380 8396 8415
f 7292 7291 7273
f 4062 4063 4072
f 8392 8391 8374
f 7336 7335 7315
f 4067 4068 4100
f 4078 4077 4054
f 9252 9253 9279
f 8373 8374 8391
f 9203 9202 9177
f 7290 7270 7303
f 8395 8379 8413
f 8379 8380 8414
f 8370 8383 8369
f 4080 4081 4096
f 7319 7318 7287
f 9247 9275 9244
f 4070 4084 4044
f 4061 4062 4071
f 9185 9184 9158
f 7295 7315 7335
f 9243 9244 9275
f 7295 7314 7279
f 8373 8372 8339
f 7273 7274 7293
f 9157 9158 9182
f 7291 7271 7272
f 7274 7275 7294
f 4083 4067 4098
f 8376 8361 8393
f 8398 8397 8382
f 4082 4083 4097
f 8357 8338 8371
f 9254 9253 9226
f 4052 4054 4077
f 7278 7279 7314
f 9251 9252 9279
f 9177 9178 9203
f 8394 8393 8377
f 9243 9242 9215
f 7275 7276 7294
f 7316 7336 7297
f 9180 9179 9156
f 9214 9215 9242
f 4044 4061 4070
f 9226 9227 9254
f 7287 7288 7319
f 4079 4078 4065
f 9249 9250 9277
f 7318 7317 7300
f 7302 7301 7289
f 9250 9251 9278
f 8383 8368 8369
f 9228 9227 9201
f 8382 8368 8398
f 9201 9176 9228
f 8338 8339 8372
f 4054 4065 4078
f 9202 9176 9177
f 8397 8396 8382
f 8376 8392 8375
f 7272 7273 7291
f 7315 7297 7336
f 8361 8377 8393
f 7285 7316 7284
f 8374 8375 8392
f 7317 7298 7299
f 7289 7290 7302
f 4064 4063 4048
f 7300 7287 7318
f 9186 9187 9214
f 4069 4044 4084
f 9244 9243 9215
f 9244 9245 9247
f 4063 4062 4047
f 7301 7288 7289
f 4080 4079 4042
f 9156 9157 9180
f 8339 8340 8373
f 8396 8380 8381
f 9186 9185 9159
f 9248 9247 9246
f 9179 9178 9155
f 7297 7284 7316
f 8395 8378 8364
f 4065 4055 4079
f 4081 4080 4042
f 9253 9252 9225
f 4062 4061 4046
f 8374 8373 8358
f 9215 9214 9187
f 7299 7300 7317
f 4068 4069 4084
f 9158 9159 9185
f 9225 9226 9253
f 8377 8378 8394
f 9249 9248 9246
f 4082 4081 4056
f 4083 4082 4066
f 8381 8382 8396
f 9227 9226 9200
f 4067 4083 4057
f 4047 4048 4063
f 9200 9201 9227
f 4048 4049 4064
f 4055 4042 4079
f 4049 4050 4064
f 9245 9246 9247
f 8340 8358 8373
f 8357 8356 8337
f 4046 4047 4062
f 8370 8369 8321
f 8356 8355 8337
f 9155 9156 9179
f 7297 7315 7296
f 8375 8374 8358
f 7274 7273 7255
f 8338 8357 8324
f 7275 7274 7256
f 4065 4054 4039
f 8321 8335 8370
f 9252 9251 9224
f 4042 4056 4081
f 9215 9216 9244
f 7276 7275 7257
f 7273 7272 7255
f 9245 9244 9216
f 7295 7296 7315
f 9178 9177 9154
f 4045 4046 4061
f 8364 8379 8395
f 4056 4066 4082
f 9250 9249 9221
f 8355 8354 8336
f 4066 4057 4083
f 4053 4054 4052
f 7269 7270 7290
f 9251 9250 9223
f 9187 9186 9160
f 4044 4045 4061
f 7277 7276 7258
f 9187 9188 9215
f 7272 7271 7254
f 7290 7289 7268
f 9246 9218 9249
f 9159 9160 9186
f 9224 9225 9252
f 4055 4065 4040
f 9199 9200 9226
f 9226 9225 9199
f 8354 8335 8336
f 9154 9155 9178
f 8337 8324 8357
f 7255 7256 7274
f 9201 9200 9175
f 8353 8321 8369
f 8376 8375 8359
f 8382 8381 8367
f 7300 7299 7265
f 4039 4040 4065
f 9175 9176 9201
f 7268 7269 7290
f 7256 7257 7275
f 8336 8337 8355
f 9158 9157 9133
f 8369 8368 8352
f 4049 4048 4036
f 4048 4047 4035
f 8358 8359 8375
f 4069 4068 4059
f 9218 9221 9249
f 8367 8368 8382
f 4050 4049 4037
f 9246 9245 9217
f 7254 7255 7272
f 7271 7270 7253
f 7257 7258 7276
f 7299 7298 7286
f 4047 4046 4034
f 9159 9158 9134
f 8378 8377 8363
f 7278 7277 7259
f 4051 4050 4038
f 9157 9156 9133
f 7298 7285 7263
f 9177 9176 9153
f 9216 9217 9245
f 9223 9224 9251
f 8361 8362 8377
f 4060 4044 4069
f 4068 4067 4059
f 7289 7288 7250
f 7265 7287 7300
f 8352 8353 8369
f 9216 9215 9189
f 7296 7295 7280
f 9221 9222 9250
f 4052 4051 4024
f 9222 9223 9250
f 4046 4045 4033
f 7279 7280 7295
f 9188 9189 9215
f 4059 4060 4069
f 7270 7269 7253
f 4035 4036 4048
f 7258 7259 7277
f 4053 4052 4025
f 8361 8376 8360
f 9153 9154 9177
f 8381 8380 8365
f 7253 7254 7271
f 7250 7268 7289
f 4036 4037 4049
f 4057 4066 4014
f 4034 4035 4047
f 8362 8363 8377
f 9200 9199 9174
f 9188 9187 9136
f 7286 7265 7299
f 4037 4038 4050
f 9160 9136 9187
f 8366 8367 8381
f 7279 7278 7259
f 9133 9134 9158
f 8359 8360 8376
f 4045 4044 4032
f 4054 4053 4039
f 8380 8379 8349
f 9198 9199 9225
f 9174 9175 9200
f 4033 4034 4046
f 7263 7286 7298
f 4038 4024 4051
f 9176 9175 9153
f 7288 7287 7267
f 9156 9155 9131
f 8368 8367 8333
f 7297 7296 7281
f 8333 8352 8368
f 4058 4059 4067
f 9217 9218 9246
f 8359 8358 8341
f 8365 8366 8381
f 8321 8353 8298
f 8363 8364 8378
f 9160 9159 9135
f 4024 4025 4052
f 7267 7250 7288
f 7269 7268 7252
f 9132 9133 9156
f 4032 4033 4045
f 8340 8341 8358
f 8362 8361 8346
f 4057 4058 4067
f 4056 4014 4066
f 9225 9224 9197
f 7280 7281 7296
f 8324 8337 8323
f 7256 7255 7236
f 4025 4039 4053
f 7252 7253 7269
f 8360 8346 8361
f 7257 7256 7238
f 7255 7254 7236
f 9134 9135 9159
f 9217 9216 9162
f 8349 8365 8380
f 7284 7297 7282
f 4044 4060 4043
f 8337 8336 8322
f 8364 8349 8379
f 4031 4032 4044
f 9155 9154 9130
f 7287 7265 7266
f 7280 7279 7260
f 8339 8338 8325
f 9197 9198 9225
f 9131 9132 9156
f 9189 9162 9216
f 7258 7257 7239
f 9173 9174 9199
f 4036 4035 4007
f 7259 7260 7279
f 4055 4040 4041
f 9199 9198 9173
f 7281 7282 7297
f 7268 7250 7251
f 4037 4036 4023
f 8367 8366 8351
f 8360 8359 8342
f 4035 4034 4005
f 8353 8352 8334
f 8336 8335 8322
f 7266 7267 7287
f 9175 9174 9152
f 4038 4037 4023
f 9189 9188 9161
f 8351 8333 8367
f 4043 4031 4044
f 7259 7258 7239
f 4060 4059 4016
f 9152 9153 9175
f 9136 9161 9188
f 8341 8342 8359
f 4042 4055 4041
f 8340 8339 8302
f 4034 4033 4022
f 7236 7237 7256
f 9154 9153 9130
f 7251 7252 7268
f 7237 7238 7256
f 9222 9221 9219
f 7254 7253 7234
f 7285 7284 7245
f 8322 8323 8337
f 8346 8345 8362
f 9130 9131 9155
f 8363 8362 8347
f 8334 8298 8353
f 9224 9223 9195
f 8324 8325 8338
f 7263 7285 7262
f 7235 7236 7254
f 8352 8333 8334
f 4059 4058 4029
f 7238 7239 7257
f 7282 7283 7284
f 4006 4007 4035
f 4007 4023 4036
f 4033 4032 4021
f 4005 4006 4035
f 7281 7280 7241
f 8341 8340 8302
f 4016 4043 4060
f 9223 9222 9194
f 8366 8365 8332
f 8335 8321 8299
f 8346 8360 8343
f 9218 9217 9190
f 7253 7252 7234
f 4022 4005 4034
f 4023 4010 4038
f 4058 4057 4028
f 9135 9136 9160
f 8325 8302 8339
f 7260 7241 7280
f 7234 7235 7254
f 9218 9219 9221
f 9134 9133 9107
f 9196 9197 9224
f 7283 7245 7284
f 8345 8347 8362
f 8364 8363 8348
f 8342 8343 8360
f 4039 4025 4026
f 8332 8351 8366
f 4010 4024 4038
f 4032 4031 4020
f 9162 9190 9217
f 4021 4022 4033
f 4029 4016 4059
f 8299 8322 8335
f 9174 9173 9151
f 9133 9132 9107
f 9162 9189 9161
f 7260 7259 7216
f 9151 9152 9174
f 8365 8349 8350
f 7245 7262 7285
f 7239 7216 7259
f 7264 7265 7286
f 9172 9173 9198
f 7282 7281 7242
f 8349 8364 8348
f 9135 9134 9107
f 9198 9197 9172
f 7263 7264 7286
f 8342 8341 8326
f 4042 4014 4056
f 9129 9130 9153
f 4028 4029 4058
f 7252 7251 7233
f 4040 4039 4027
f 4020 4021 4032
f 9195 9196 9224
f 9219 9220 9222
f 9153 9152 9128
f 4014 4028 4057
f 4031 4043 4019
f 8347 8348 8363
f 8345 8346 8344
f 7249 7250 7267
f 7241 7242 7281
f 7267 7266 7248
f 9132 9131 9106
f 8302 8326 8341
f 8350 8332 8365
f 7233 7234 7252
f 8343 8344 8346
f 7283 7282 7261
f 7237 7236 7198
f 9220 9194 9222
f 9194 9195 9223
f 4026 4027 4039
f 9128 9129 9153
f 4041 4040 4012
f 4023 4007 4008
f 7238 7237 7199
f 4019 4020 4031
f 8324 8323 8301
f 7236 7235 7215
f 7241 7260 7240
f 8325 8324 8282
f 8323 8322 8300
f 7242 7261 7282
f 7251 7250 7213
f 7266 7265 7248
f 7248 7249 7267
f 7216 7240 7260
f 7239 7238 7200
f 8343 8342 8327
f 9173 9172 9150
f 9150 9151 9173
f 9106 9107 9132
f 8319 8333 8351
f 4022 4021 4004
f 4027 4012 4040
f 9152 9151 9128
f 9219 9218 9191
f 9131 9130 9105
f 4042 4041 3996
f 8326 8327 8342
f 7213 7233 7251
f 8322 8299 8300
f 8302 8325 8263
f 7245 7283 7244
f 9190 9191 9218
f 9136 9135 9108
f 7235 7234 7214
f 4024 4010 3994
f 4030 4019 4043
f 7216 7239 7200
f 9171 9172 9197
f 7198 7199 7237
f 9197 9196 9171
f 4008 4009 4023
f 9107 9108 9135
f 7215 7198 7236
f 7261 7243 7283
f 9136 9137 9161
f 4009 4010 4023
f 4014 4042 4013
f 4021 4020 4003
f 8332 8319 8351
f 9086 9106 9131
f 7265 7264 7247
f 4004 4005 4022
f 7250 7249 7212
f 9130 9129 9105
f 8301 8282 8324
f 7199 7200 7238
f 8300 8301 8323
f 4012 3996 4041
f 9190 9162 9163
f 4016 4030 4043
f 4025 4024 3995
f 7263 7262 7228
f 7234 7233 7214
f 8297 8298 8334
f 7264 7263 7246
f 8282 8263 8325
f 8334 8333 8320
f 4026 4025 3995
f 7212 7213 7250
f 7214 7215 7235
f 9105 9086 9131
f 7243 7244 7283
f 4003 4004 4021
f 8327 8328 8343
f 8344 8343 8286
f 3996 4013 4042
f 7247 7248 7265
f 9220 9219 9192
f 4020 4019 4002
f 9149 9150 9172
f 8348 8347 8312
f 9151 9150 9127
f 4027 4026 4011
f 8320 8297 8334
f 9127 9128 9151
f 8345 8311 8347
f 8321 8298 8299
f 8333 8319 8320
f 3994 3995 4024
f 7233 7213 7197
f 9129 9128 9104
f 8328 8286 8343
f 7245 7228 7262
f 9162 9161 9138
f 8327 8326 8303
f 3983 4003 4020
f 9191 9192 9219
f 8350 8349 8331
f 4007 4006 3989
f 4008 4007 3990
f 7246 7247 7264
f 7249 7248 7232
f 7228 7246 7263
f 9172 9171 9149
f 7197 7214 7233
f 9137 9138 9161
f 4002 3983 4020
f 9108 9109 9136
f 9137 9136 9109
f 8349 8348 8330
f 9104 9105 9129
f 9196 9195 9169
f 4006 4005 3989
f 7232 7212 7249
f 9194 9220 9193
f 8302 8303 8326
f 9170 9171 9196
f 4019 4030 4017
f 8311 8312 8347
f 4009 4008 3992
f 3995 4011 4026
f 7243 7261 7218
f 9107 9106 9087
f 9191 9190 9164
f 4005 4004 3988
f 8345 8344 8309
f 8331 8332 8350
f 4018 4002 4019
f 9108 9107 9087
f 4010 4009 3993
f 7198 7215 7181
f 7241 7240 7201
f 9150 9149 9127
f 3989 3990 4007
f 9163 9164 9190
f 8328 8327 8283
f 7242 7218 7261
f 7216 7201 7240
f 4011 4012 4027
f 9106 9086 9087
f 9195 9194 9167
f 3990 3991 4008
f 4004 4003 3986
f 9163 9162 9138
f 9192 9193 9220
f 8286 8309 8344
f 4017 4018 4019
f 8301 8300 8281
f 3988 3989 4005
f 9103 9104 9128
f 8303 8283 8327
f 8312 8329 8348
f 3991 3992 4008
f 7215 7214 7180
f 9169 9170 9196
f 8330 8331 8349
f 4016 4029 3999
f 7248 7247 7231
f 8329 8330 8348
f 7210 7232 7248
f 3987 3988 4004
f 9128 9127 9102
f 9192 9191 9164
f 3992 3993 4009
f 4003 3983 3985
f 4029 4028 4015
f 8311 8345 8310
f 4016 4017 4030
f 7242 7241 7202
f 3986 3987 4004
f 7214 7197 7180
f 9109 9110 9137
f 8300 8299 8280
f 8286 8328 8304
f 9102 9103 9128
f 9168 9169 9195
f 8296 8319 8332
f 9109 9108 9088
f 7228 7245 7227
f 9138 9137 9110
f 7180 7181 7215
f 3993 3994 4010
f 9148 9149 9171
f 7201 7202 7241
f 7231 7210 7248
f 8281 8282 8301
f 3985 3986 4003
f 8309 8310 8345
f 8303 8302 8264
f 8283 8304 8328
f 9193 9166 9194
f 9171 9170 9148
f 9087 9088 9108
f 9126 9127 9149
f 9167 9168 9195
f 7247 7246 7230
f 4002 4018 3984
f 4015 3999 4029
f 8332 8331 8318
f 9105 9104 9085
f 7201 7216 7182
f 3990 3989 3969
f 9138 9139 9163
f 4011 3995 3977
f 8280 8281 8300
f 8320 8319 8278
f 7218 7242 7217
f 4014 4015 4028
f 9164 9163 9139
f 9166 9167 9194
f 3991 3990 3971
f 7200 7182 7216
f 3989 3988 3968
f 7244 7227 7245
f 8278 8297 8320
f 8318 8296 8332
f 8263 8264 8302
f 7209 7231 7247
f 7202 7217 7242
f 4012 4011 3977
f 8299 8298 8279
f 8283 8303 8265
f 9104 9103 9085
f 3992 3991 3972
f 9164 9141 9192
f 3984 3983 4002
f 4018 4017 4000
f 3988 3987 3967
f 7232 7210 7211
f 9085 9086 9105
f 3969 3970 3990
f 7230 7209 7247
f 7211 7212 7232
f 9193 9192 9141
f 7228 7229 7246
f 8264 8265 8303
f 8319 8296 8277
f 3968 3969 3989
f 3996 4012 3978
f 7199 7198 7081
f 4001 3984 4018
f 7229 7230 7246
f 8279 8280 8299
f 3970 3971 3990
f 9110 9111 9138
f 9110 9109 9068
f 3993 3992 3973
f 8329 8312 8313
f 7213 7212 7179
f 3987 3986 3965
f 9170 9169 9147
f 9125 9126 9149
f 9088 9068 9109
f 8298 8297 8279
f 9149 9148 9125
f 9101 9102 9127
f 9127 9126 9101
f 8331 8330 8316
f 4017 4016 3981
f 8277 8278 8319
f 3967 3968 3988
f 7200 7199 7147
f 4000 4001 4018
f 3971 3972 3991
f 7179 7197 7213
f 8330 8329 8314
f 9147 9148 9170
f 8317 8318 8331
f 3986 3985 3964
f 9103 9102 9084
f 8310 8309 8305
f 3994 3993 3974
f 3977 3978 4012
f 3966 3967 3987
f 9139 9113 9164
f 8286 8305 8309
f 3972 3973 3992
f 8282 8281 8261
f 9139 9138 9112
f 8297 8278 8279
f 4014 4013 3956
f 9088 9087 9067
f 3965 3966 3987
f 7244 7243 7204
f 3999 4015 3998
f 9084 9085 9103
f 7182 7200 7148
f 8263 8282 8262
f 4015 4014 3997
f 3981 4000 4017
f 3985 3983 3963
f 7181 7081 7198
f 7081 7147 7199
f 3995 3994 3975
f 7218 7203 7243
f 9111 9112 9138
f 8316 8317 8331
f 9087 9086 9066
f 3964 3965 3986
f 7217 7202 7184
f 8281 8280 8260
f 8286 8304 8284
f 3973 3974 3993
f 9169 9168 9146
f 7212 7211 7196
f 7231 7209 7193
f 9111 9110 9068
f 7227 7244 7205
f 9166 9193 9165
f 7147 7148 7200
f 7196 7179 7212
f 3999 3981 4016
f 9141 9164 9140
f 8311 8310 8306
f 3996 3956 4013
f 7203 7204 7243
f 8313 8314 8329
f 8283 8284 8304
f 3963 3964 3985
f 3970 3969 3951
f 9102 9101 9084
f 8314 8315 8330
f 3969 3968 3951
f 8315 8316 8330
f 9113 9140 9164
f 7228 7227 7226
f 3956 3997 4014
f 8261 8262 8282
f 3974 3975 3994
f 7193 7210 7231
f 9100 9101 9126
f 8305 8306 8310
f 3997 3998 4015
f 7197 7179 7164
f 9068 9088 9054
f 3984 4001 3982
f 9141 9165 9193
f 9126 9125 9100
f 9168 9167 9145
f 3968 3967 3949
f 8260 8261 8281
f 9146 9147 9169
f 9148 9147 9124
f 9124 9125 9148
f 3971 3970 3953
f 7229 7228 7208
f 9066 9067 9087
f 9086 9085 9065
f 8318 8317 8276
f 9067 9054 9088
f 7218 7217 7185
f 7164 7180 7197
f 4001 4000 3982
f 3975 3976 3995
f 7204 7205 7244
f 3972 3971 3932
f 8280 8279 8249
f 7230 7229 7208
f 3967 3966 3948
f 8312 8311 8307
f 9167 9166 9143
f 8284 8285 8286
f 8276 8296 8318
f 7211 7210 7195
f 3973 3972 3933
f 3976 3977 3995
f 3982 3983 3984
f 3951 3952 3970
f 3950 3951 3968
f 7205 7226 7227
f 7195 7196 7211
f 3949 3950 3968
f 7203 7218 7185
f 9112 9113 9139
f 7184 7185 7217
f 3966 3965 3946
f 9068 9089 9111
f 8249 8260 8280
f 3952 3953 3970
f 8306 8307 8311
f 9065 9066 9086
f 9112 9111 9089
f 7081 7181 7138
f 3948 3949 3967
f 3954 3932 3971
f 7226 7208 7228
f 8284 8283 8266
f 3953 3954 3971
f 9085 9084 9064
f 9083 9084 9101
f 7182 7123 7201
f 9145 9146 9168
f 3974 3973 3955
f 7202 7201 7183
f 3965 3964 3945
f 9101 9100 9083
f 3956 3996 3918
f 8317 8316 8295
f 3932 3933 3972
f 8313 8312 8308
f 3960 3982 4000
f 3947 3948 3966
f 7181 7180 7137
f 9099 9100 9125
f 3981 3999 3980
f 7190 7209 7230
f 9125 9124 9099
f 7208 7190 7230
f 8295 8276 8317
f 8265 8266 8283
f 3964 3963 3944
f 3946 3947 3966
f 3999 3998 3957
f 3981 3960 4000
f 3998 3997 3979
f 8306 8305 8287
f 8279 8278 8259
f 9064 9065 9085
f 3975 3974 3935
f 7123 7183 7201
f 9123 9124 9147
f 7184 7202 7183
f 3933 3955 3973
f 8262 8261 8232
f 9144 9145 9167
f 8307 8308 8312
f 7194 7195 7210
f 3978 3918 3996
f 8263 8262 8233
f 9143 9144 9167
f 9147 9146 9123
f 8296 8276 8245
f 8285 8284 8267
f 8259 8249 8279
f 3945 3946 3965
f 3963 3983 3962
f 7137 7138 7181
f 7178 7179 7196
f 3976 3975 3936
f 8261 8260 8216
f 8286 8287 8305
f 8314 8313 8291
f 8316 8315 8294
f 8245 8277 8296
f 9089 9070 9112
f 8264 8263 8217
f 8266 8267 8284
f 8315 8314 8291
f 9067 9066 9036
f 3952 3951 3928
f 7196 7195 7177
f 3955 3935 3974
f 3944 3945 3964
f 3951 3950 3927
f 3983 3982 3962
f 3957 3980 3999
f 3956 3979 3997
f 9089 9068 9069
f 3950 3949 3926
f 9062 9083 9100
f 3977 3976 3916
f 3979 3957 3998
f 7193 7194 7210
f 9084 9083 9063
f 8278 8277 8248
f 7164 7137 7180
f 7123 7182 7149
f 9100 9099 9062
f 8260 8249 8216
f 8265 8264 8217
f 3949 3948 3925
f 3953 3952 3930
f 3954 3953 3931
f 8232 8233 8262
f 8308 8290 8313
f 7177 7178 7196
f 7164 7179 7135
f 8294 8295 8316
f 3962 3944 3963
f 3935 3936 3975
f 8307 8306 8288
f 8216 8232 8261
f 9113 9112 9071
f 9063 9064 9084
f 9113 9090 9140
f 9098 9099 9124
f 8248 8259 8278
f 8286 8285 8237
f 7148 7149 7182
f 8233 8217 8263
f 3948 3947 3924
f 3978 3977 3916
f 9066 9065 9035
f 8266 8265 8218
f 3927 3928 3951
f 9070 9071 9112
f 9124 9123 9098
f 7208 7226 7207
f 8267 8237 8285
f 3928 3929 3952
f 9036 9054 9067
f 3936 3916 3976
f 8290 8291 8313
f 3926 3927 3950
f 3929 3930 3952
f 7195 7194 7177
f 8287 8288 8306
f 3955 3933 3934
f 3925 3926 3949
f 7179 7178 7135
f 3931 3932 3954
f 9035 9036 9066
f 3947 3946 3922
f 3918 3978 3917
f 7209 7190 7191
f 3930 3931 3953
f 3961 3962 3982
f 9122 9123 9146
f 9141 9140 9114
f 3960 3981 3959
f 9166 9165 9142
f 8293 8294 8315
f 8277 8245 8247
f 3924 3925 3948
f 8217 8218 8265
f 8247 8248 8277
f 7205 7206 7226
f 3946 3945 3922
f 8291 8292 8315
f 9065 9064 9053
f 9146 9145 9121
f 8308 8307 8289
f 9061 9062 9099
f 3960 3961 3982
f 9090 9113 9071
f 8267 8266 8250
f 9090 9114 9140
f 3981 3980 3958
f 8292 8293 8315
f 3923 3924 3947
f 7192 7193 7209
f 3916 3917 3978
f 8218 8234 8266
f 7206 7207 7226
f 9099 9098 9061
f 7204 7203 7150
f 9141 9142 9165
f 8287 8286 8268
f 9069 9070 9089
f 3922 3923 3947
f 3957 3979 3937
f 3945 3944 3943
f 9069 9068 9055
f 9054 9055 9068
f 7194 7193 7176
f 7191 7192 7209
f 3934 3935 3955
f 8259 8248 8230
f 7178 7177 7163
f 8288 8289 8307
f 9062 9063 9083
f 9143 9166 9117
f 9053 9035 9065
f 7185 7150 7203
f 8234 8250 8266
f 7207 7189 7208
f 9121 9122 9146
f 7137 7164 7136
f 9064 9063 9053
f 9145 9144 9120
f 7176 7177 7194
f 8295 8294 8275
f 7123 7113 7183
f 7189 7190 7208
f 7163 7135 7178
f 7184 7183 7165
f 8237 8268 8286
f 3958 3959 3981
f 8230 8249 8259
f 3944 3962 3942
f 9097 9098 9123
f 9144 9143 9119
f 3930 3929 3911
f 3928 3927 3909
f 3929 3928 3910
f 8290 8308 8269
f 3943 3922 3945
f 3927 3926 3908
f 9123 9122 9097
f 8237 8267 8236
f 8275 8276 8295
f 7164 7135 7136
f 3957 3958 3980
f 3956 3937 3979
f 3931 3930 3912
f 3926 3925 3907
f 8288 8287 8268
f 7113 7165 7183
f 3962 3961 3942
f 3932 3931 3913
f 7205 7204 7186
f 3925 3924 3889
f 7150 7167 7204
f 9142 9117 9166
f 3933 3932 3913
f 8289 8269 8308
f 8250 8236 8267
f 9060 9061 9098
f 9120 9121 9145
f 3942 3943 3944
f 3910 3911 3929
f 7185 7184 7166
f 7134 7163 7177
f 7206 7205 7186
f 3934 3933 3914
f 7175 7176 7193
f 3909 3910 3928
f 3911 3912 3930
f 3908 3909 3927
f 9114 9115 9141
f 8233 8203 8217
f 9055 9038 9069
f 3924 3923 3905
f 9033 9053 9063
f 3907 3908 3926
f 9070 9069 9038
f 7193 7192 7159
f 9055 9054 9020
f 7167 7186 7204
f 3961 3960 3941
f 8291 8290 8271
f 3935 3934 3895
f 8294 8293 8258
f 3912 3913 3931
f 3889 3907 3925
f 7150 7185 7166
f 9117 9118 9143
f 7177 7176 7162
f 9119 9120 9144
f 7165 7166 7184
f 3923 3922 3904
f 7207 7206 7187
f 9118 9119 9143
f 7135 7163 7112
f 3906 3889 3924
f 7081 7138 7071
f 8269 8270 8290
f 3913 3914 3933
f 3960 3959 3940
f 9142 9141 9116
f 8289 8288 8251
f 7162 7134 7177
f 3941 3942 3961
f 8258 8275 8294
f 7159 7175 7193
f 9098 9097 9059
f 9036 9020 9054
f 8231 8216 8249
f 7192 7191 7174
f 9063 9062 9052
f 8292 8291 8272
f 9122 9121 9096
f 8268 8251 8288
f 3914 3895 3934
f 9059 9060 9098
f 3905 3906 3924
f 9096 9097 9122
f 7138 7137 7108
f 7148 7147 7062
f 3922 3943 3904
f 3959 3958 3939
f 8247 8245 8246
f 9035 9053 9034
f 8293 8292 8274
f 3937 3956 3900
f 9052 9033 9063
f 8268 8237 8238
f 9115 9116 9141
f 7186 7187 7206
f 8276 8275 8244
f 8270 8271 8290
f 3895 3896 3935
f 3958 3957 3938
f 9090 9071 9072
f 3936 3935 3897
f 7191 7190 7173
f 3904 3905 3923
f 8230 8231 8249
f 3940 3941 3960
f 9090 9073 9114
f 9038 9055 9037
f 8244 8245 8276
f 3911 3910 3891
f 7176 7175 7161
f 7174 7159 7192
f 7149 7148 7082
f 7137 7136 7079
f 9038 9039 9070
f 9020 9037 9055
f 7081 7062 7147
f 8269 8289 8240
f 7108 7071 7138
f 7161 7162 7176
f 8233 8232 8201
f 3912 3911 3892
f 3896 3897 3935
f 3943 3942 3888
f 7187 7188 7207
f 3909 3908 3879
f 8274 8258 8293
f 8234 8235 8250
f 3939 3940 3959
f 3910 3909 3890
f 3918 3900 3956
f 8203 8233 8202
f 8271 8272 8291
f 3908 3907 3877
f 3916 3936 3915
f 9117 9142 9075
f 9062 9061 9052
f 8251 8240 8289
f 3913 3912 3892
f 7062 7082 7148
f 9115 9114 9074
f 3938 3939 3958
f 7188 7189 7207
f 3888 3904 3943
f 9071 9070 9056
f 7166 7165 7124
f 7173 7174 7191
f 9121 9120 9095
f 7079 7108 7137
f 3937 3938 3957
f 7134 7112 7163
f 7136 7135 7097
f 7123 7149 7063
f 3914 3913 3893
f 3897 3915 3936
f 9097 9096 9059
f 9095 9096 9121
f 8272 8273 8292
f 3942 3941 3903
f 8273 8274 8292
f 8275 8258 8244
f 7113 7124 7165
f 8235 8236 8250
f 9116 9075 9142
f 3889 3906 3846
f 3891 3892 3911
f 9073 9074 9114
f 8248 8247 8215
f 3895 3914 3894
f 7175 7159 7160
f 9039 9056 9070
f 8251 8268 8238
f 7189 7172 7190
f 7172 7173 7190
f 3890 3891 3910
f 9033 9034 9053
f 9073 9090 9072
f 3878 3879 3908
f 8201 8202 8233
f 3879 3890 3909
f 8270 8269 8252
f 7082 7063 7149
f 3877 3878 3908
f 8215 8230 8248
f 8216 8201 8232
f 9020 9036 8992
f 7160 7161 7175
f 7135 7112 7097
f 3906 3905 3859
f 3889 3877 3907
f 9036 9035 8992
f 9118 9117 9092
f 3903 3888 3942
f 7097 7079 7136
f 9120 9119 9093
f 8240 8252 8269
f 3892 3893 3913
f 9119 9118 9093
f 7162 7161 7134
f 3905 3904 3859
f 7187 7186 7169
f 3893 3894 3914
f 7167 7168 7186
f 8235 8234 8218
f 8247 8246 8229
f 9051 9052 9061
f 7124 7125 7166
f 8271 8270 8253
f 3941 3940 3921
f 9116 9115 9091
f 9061 9060 9051
f 8231 8230 8199
f 3902 3903 3941
f 9094 9095 9120
f 8200 8216 8231
f 9072 9071 9040
f 8229 8215 8247
f 3859 3846 3906
f 3940 3939 3871
f 3904 3888 3875
f 9075 9092 9117
f 7188 7187 7170
f 7168 7169 7186
f 9082 9059 9096
f 9056 9040 9071
f 9074 9091 9115
f 3939 3938 3920
f 9096 9095 9082
f 9050 9060 9059
f 9093 9094 9120
f 3938 3937 3919
f 8252 8253 8270
f 9035 9034 9004
f 7125 7150 7166
f 7174 7173 7158
f 9004 8992 9035
f 9018 9033 9052
f 8199 8200 8231
f 8230 8215 8199
f 3921 3902 3941
f 3875 3859 3904
f 3891 3890 3880
f 3892 3891 3880
f 9092 9093 9118
f 9075 9116 9091
f 9038 9037 9021
f 7161 7160 7133
f 8272 8271 8255
f 7189 7188 7171
f 7112 7134 7111
f 7133 7134 7161
f 8218 8219 8235
f 8236 8235 8204
f 9052 9051 9018
f 7158 7159 7174
f 3871 3921 3940
f 9020 9021 9037
f 8213 8229 8246
f 7169 7170 7187
f 8274 8273 8256
f 7173 7172 7156
f 3893 3892 3881
f 8273 8272 8242
f 8253 8254 8271
f 3920 3871 3939
f 7172 7189 7155
f 3900 3919 3937
f 3877 3889 3876
f 8246 8245 8212
f 8201 8216 8147
f 9034 9033 9019
f 7168 7167 7151
f 3916 3915 3898
f 3897 3886 3915
f 3919 3920 3938
f 9031 9051 9060
f 3894 3893 3883
f 8219 8204 8235
f 8257 8258 8274
f 9060 9050 9031
f 3895 3894 3884
f 8216 8200 8147
f 8218 8217 8203
f 8254 8255 8271
f 7170 7171 7188
f 7150 7151 7167
f 3917 3916 3898
f 7157 7158 7173
f 9081 9082 9095
f 3880 3881 3892
f 3862 3880 3890
f 8212 8213 8246
f 7160 7159 7132
f 9095 9094 9080
f 3886 3898 3915
f 3879 3862 3890
f 9039 9024 9056
f 9019 9004 9034
f 9039 9038 9022
f 9033 9018 9019
f 8237 8236 8220
f 8256 8257 8274
f 3896 3895 3885
f 9040 9056 9024
f 9073 9072 9041
f 7132 7133 7160
f 9021 9022 9038
f 7156 7157 7173
f 7171 7155 7189
f 3881 3882 3893
f 9040 9041 9072
f 8255 8242 8272
f 3882 3883 3893
f 7155 7156 7172
f 7113 7123 7013
f 8242 8256 8273
f 3918 3917 3899
f 9032 9018 9051
f 8245 8244 8212
f 3883 3884 3894
f 7134 7133 7095
f 3846 3876 3889
f 8229 8213 8214
f 7169 7168 7152
f 9080 9081 9095
f 9092 9075 9076
f 8204 8220 8236
f 8240 8224 8252
f 9051 9031 9032
f 8253 8252 8241
f 7151 7126 7168
f 3897 3896 3867
f 9094 9093 9079
f 7063 7013 7123
f 9091 9074 9026
f 7150 7125 7114
f 7095 7111 7134
f 8219 8218 8173
f 3902 3921 3901
f 3900 3918 3835
f 3884 3885 3895
f 7159 7158 7120
f 8214 8215 8229
f 8203 8149 8218
f 9021 9020 9005
f 3898 3899 3917
f 8240 8251 8223
f 3886 3897 3867
f 8238 8237 8221
f 9093 9092 9078
f 8254 8253 8241
f 7170 7169 7152
f 3871 3920 3887
f 7120 7132 7159
f 9049 9059 9082
f 3920 3919 3870
f 7126 7152 7168
f 8238 8223 8251
f 9082 9081 9049
f 9079 9080 9094
f 9024 9039 9023
f 3875 3888 3874
f 8224 8241 8252
f 8149 8173 8218
f 8258 8257 8228
f 9022 9023 9039
f 3885 3867 3896
f 3899 3835 3918
f 3881 3880 3863
f 8228 8244 8258
f 7133 7132 7122
f 3880 3862 3863
f 7158 7157 7131
f 8992 9005 9020
f 8220 8221 8237
f 7151 7150 7115
f 9022 9021 8986
f 3879 3878 3860
f 7122 7095 7133
f 8199 8215 8189
f 7171 7170 7153
f 3878 3877 3828
f 8211 8212 8244
f 9076 9077 9092
f 9078 9079 9093
f 3882 3881 3864
f 3871 3901 3921
f 9074 9073 9042
f 8255 8254 8206
f 8202 8201 8172
f 3900 3870 3919
f 8203 8202 8191
f 8257 8256 8227
f 7131 7120 7158
f 3888 3903 3873
f 3877 3876 3847
f 9077 9078 9092
f 3883 3882 3865
f 9005 8986 9021
f 3870 3887 3920
f 9018 9032 8984
f 7157 7156 7130
f 9041 9040 9025
f 7126 7151 7115
f 7155 7171 7154
f 8173 8204 8219
f 7125 7124 7073
f 9075 9091 9043
f 7114 7115 7150
f 9041 9042 9073
f 9004 9019 9003
f 8241 8226 8254
f 3884 3883 3865
f 7156 7155 7128
f 8223 8239 8240
f 8256 8242 8243
f 9081 9080 9058
f 8215 8214 8189
f 7152 7153 7170
f 3899 3898 3869
f 8149 8203 8163
f 7113 7073 7124
f 9029 9050 9059
f 8221 8222 8238
f 9026 9043 9091
f 9059 9049 9029
f 3863 3864 3881
f 3860 3861 3879
f 9058 9049 9081
f 3861 3862 3879
f 8227 8228 8257
f 3828 3860 3878
f 3873 3874 3888
f 8226 8206 8254
f 7132 7120 7121
f 3903 3902 3872
f 9023 9022 9006
f 3885 3884 3866
f 3886 3869 3898
f 7121 7122 7132
f 7130 7131 7157
f 3847 3828 3877
f 8172 8191 8202
f 3864 3865 3882
f 7153 7154 7171
f 8239 8224 8240
f 8986 9006 9022
f 8147 8172 8201
f 3835 3899 3853
f 9080 9079 9057
f 8210 8211 8244
f 8191 8163 8203
f 7114 7125 7083
f 8244 8228 8210
f 8243 8227 8256
f 8206 8242 8255
f 9076 9075 9044
f 7129 7130 7156
f 3846 3847 3876
f 7154 7128 7155
f 8214 8213 8188
f 7128 7129 7156
f 7097 7112 7068
f 7113 7013 7072
f 9019 9018 9002
f 8221 8220 8192
f 7073 7083 7125
f 8241 8224 8225
f 3859 3875 3838
f 3865 3866 3884
f 3872 3873 3903
f 3869 3853 3899
f 9057 9058 9080
f 8188 8189 8214
f 3902 3901 3855
f 8200 8199 8161
f 8204 8192 8220
f 8222 8223 8238
f 9032 9031 9001
f 9030 9031 9050
f 3870 3900 3835
f 7071 7108 7080
f 9042 9026 9074
f 8190 8147 8200
f 9079 9078 9047
f 9043 9044 9075
f 9002 9003 9019
f 9050 9029 9030
f 8986 9005 8985
f 3886 3867 3868
f 9077 9076 9045
f 9024 9023 8993
f 9001 8984 9032
f 7073 7113 7072
f 9006 8993 9023
f 3866 3867 3885
f 3875 3874 3858
f 9024 9007 9040
f 7153 7152 7116
f 9078 9077 9046
f 8239 8223 8205
f 8161 8190 8200
f 7126 7116 7152
f 3855 3872 3902
f 3863 3862 3850
f 3864 3863 3850
f 9048 9057 9079
f 8222 8221 8175
f 3869 3886 3868
f 7112 7111 7068
f 3861 3860 3839
f 3874 3873 3858
f 3862 3861 3848
f 8192 8175 8221
f 8187 8188 8213
f 7131 7130 7110
f 7122 7121 7094
f 3871 3855 3901
f 8992 8985 9005
f 8224 8239 8205
f 9047 9048 9079
f 3865 3864 3843
f 9044 9045 9076
f 8213 8212 8186
f 3858 3838 3875
f 7154 7153 7117
f 8225 8226 8241
f 8163 8191 8162
f 7110 7120 7131
f 7079 7080 7108
f 9007 9025 9040
f 9046 9047 9078
f 8192 8204 8174
f 8189 8161 8199
f 7130 7129 7119
f 7094 7095 7122
f 9058 9057 9028
f 9045 9046 9077
f 8984 9002 9018
f 7128 7154 7118
f 8242 8206 8207
f 9004 9003 8991
f 7129 7128 7118
f 8243 8242 8208
f 8173 8174 8204
f 7116 7127 7153
f 8186 8187 8213
f 3866 3865 3831
f 3849 3850 3862
f 9028 9049 9058
f 3850 3843 3864
f 3839 3848 3861
f 8993 8994 9024
f 8991 8992 9004
f 9007 9024 8994
f 3828 3839 3860
f 3848 3849 3862
f 9031 9030 9017
f 3873 3872 3856
f 8993 9006 8986
f 8175 8193 8222
f 7127 7117 7153
f 3857 3858 3873
f 9017 9001 9031
f 3846 3859 3845
f 8172 8162 8191
f 9029 9049 9015
f 7119 7110 7130
f 7121 7120 7107
f 8223 8222 8176
f 3843 3831 3865
f 8205 8194 8224
f 7095 7068 7111
f 9057 9048 9027
f 7117 7118 7154
f 8208 8227 8243
f 3859 3838 3845
f 7097 7068 7096
f 8190 8161 8171
f 9003 9002 8973
f 7105 7119 7129
f 8225 8224 8164
f 7118 7105 7129
f 7115 7103 7126
f 8207 8208 8242
f 3867 3866 3852
f 3856 3857 3873
f 8212 8211 8185
f 7107 7094 7121
f 9027 9028 9057
f 8193 8176 8222
f 3831 3851 3866
f 7120 7110 7107
f 8171 8147 8190
f 8185 8186 8212
f 3868 3867 3852
f 3871 3887 3854
f 8194 8164 8224
f 7103 7116 7126
f 8973 8991 9003
f 8985 8992 8976
f 7115 7114 7102
f 9042 9041 9008
f 8226 8225 8179
f 9025 9008 9041
f 9030 9029 9016
f 7083 7102 7114
f 3851 3852 3866
f 8228 8227 8209
f 3850 3849 3841
f 3843 3850 3842
f 8161 8189 8160
f 3869 3868 3823
f 3849 3848 3841
f 3848 3839 3840
f 8992 8991 8975
f 9016 9017 9030
f 8211 8210 8185
f 8209 8210 8228
f 8176 8205 8223
f 9028 9015 9049
f 8164 8179 8225
f 3870 3854 3887
f 7117 7127 7086
f 3828 3847 3827
f 8162 8172 8131
f 7103 7115 7084
f 8227 8208 8196
f 3853 3869 3834
f 3852 3823 3868
f 9043 9026 9010
f 8984 8973 9002
f 8975 8976 8992
f 7079 7097 7070
f 7119 7105 7066
f 7118 7117 7104
f 9001 9017 9000
f 8189 8188 8160
f 3841 3842 3850
f 7116 7109 7127
f 7102 7084 7115
f 3847 3846 3826
f 9007 8968 9025
f 3840 3841 3848
f 8179 8206 8226
f 8196 8209 8227
f 3823 3834 3869
f 7109 7086 7127
f 7097 7096 7070
f 8974 8975 8991
f 3846 3845 3814
f 7066 7110 7119
f 9026 9042 9009
f 8169 8185 8210
f 8147 8131 8172
f 7086 7104 7117
f 9015 9016 9029
f 8175 8192 8133
f 3826 3827 3847
f 7104 7105 7118
f 8173 8149 8141
f 9044 9043 9011
f 9008 9009 9042
f 9017 9016 9000
f 8174 8133 8192
f 8188 8187 8139
f 7062 7081 7056
f 8968 9008 9025
f 3855 3871 3844
f 3852 3851 3833
f 8210 8209 8197
f 8198 8169 8210
f 8994 8978 9007
f 3814 3826 3846
f 8968 9007 8978
f 3854 3870 3836
f 7071 7080 7055
f 8121 8147 8171
f 8994 8993 8987
f 9048 9047 9014
f 3831 3832 3851
f 8174 8173 8141
f 9010 9011 9043
f 8139 8160 8188
f 7107 7110 7106
f 3823 3852 3833
f 3838 3858 3800
f 8973 8974 8991
f 8986 8987 8993
f 7103 7085 7116
f 9015 9028 8998
f 7080 7079 7055
f 8197 8198 8210
f 7069 7070 7096
f 3855 3856 3872
f 3838 3814 3845
f 9045 9044 9012
f 8187 8186 8139
f 8161 8121 8171
f 8962 8984 9001
f 3842 3841 3829
f 9047 9046 9013
f 7063 7082 7022
f 9014 9027 9048
f 3832 3833 3851
f 3841 3840 3819
f 3840 3839 3818
f 7071 7056 7081
f 9046 9045 8996
f 8193 8175 8150
f 3835 3836 3870
f 3843 3842 3830
f 8986 8985 8977
f 3854 3844 3871
f 8194 8205 8177
f 8206 8179 8195
f 3858 3857 3825
f 7068 7069 7096
f 8999 9000 9016
f 7085 7109 7116
f 9011 9012 9044
f 8176 8177 8205
f 3831 3843 3830
f 8162 8131 8148
f 9001 9000 8983
f 8133 8174 8142
f 7062 7022 7082
f 9028 9027 8998
f 8196 8208 8181
f 9013 9014 9047
f 8207 8206 8195
f 8163 8162 8148
f 8196 8197 8209
f 8141 8142 8174
f 8978 8994 8966
f 8208 8207 8165
f 8987 8966 8994
f 9016 9015 8999
f 7068 7095 7034
f 3819 3829 3841
f 8983 8962 9001
f 7029 7055 7079
f 3857 3856 3837
f 9009 9010 9026
f 3818 3819 3840
f 3829 3830 3842
f 8996 9013 9046
f 7066 7106 7110
f 3817 3818 3839
f 8976 8977 8985
f 8149 8163 8110
f 8169 8198 8184
f 9012 8996 9045
f 3825 3800 3858
f 3828 3817 3839
f 8159 8139 8186
f 7094 7107 7078
f 8164 8194 8178
f 8186 8185 8170
f 7070 7029 7079
f 8987 8986 8965
f 8160 8139 8146
f 8177 8178 8194
f 9027 9014 8997
f 9000 8999 8983
f 8165 8181 8208
f 3837 3825 3857
f 8195 8165 8207
f 3856 3855 3813
f 8148 8110 8163
f 3834 3809 3853
f 8150 8176 8193
f 8198 8197 8183
f 8997 8998 9027
f 8170 8159 8186
f 3814 3838 3801
f 8977 8965 8986
f 7056 7071 7037
f 3844 3854 3811
f 3838 3800 3801
f 7107 7106 7067
f 7084 7102 7057
f 8966 8987 8965
f 3809 3835 3853
f 8183 8184 8198
f 8968 8959 9008
f 3813 3837 3856
f 7109 7085 7074
f 7061 7034 7095
f 7083 7057 7102
f 8998 8999 9015
f 8161 8160 8140
f 3829 3819 3820
f 7095 7094 7061
f 8197 8196 8182
f 3844 3813 3855
f 7067 7078 7107
f 3830 3829 3820
f 8169 8170 8185
f 8944 8983 8999
f 8973 8984 8945
f 9010 9009 8969
f 3836 3811 3854
f 8195 8179 8180
f 7055 7037 7071
f 8977 8976 8958
f 8169 8184 8168
f 8976 8975 8957
f 7104 7086 7076
f 8178 8177 8153
f 7066 7105 7077
f 8182 8183 8197
f 8140 8121 8161
f 3828 3827 3815
f 9009 9008 8959
f 7105 7104 7087
f 8133 8150 8175
f 3831 3830 3821
f 8110 8148 8109
f 8131 8147 8122
f 7074 7086 7109
f 7066 7067 7106
f 8965 8977 8964
f 3827 3826 3794
f 8961 8944 8999
f 8984 8962 8945
f 8147 8121 8122
f 3816 3817 3828
f 3820 3821 3830
f 8181 8182 8196
f 8957 8958 8976
f 8975 8974 8963
f 7070 7069 7035
f 3832 3831 3807
f 3815 3816 3828
f 7076 7087 7104
f 8184 8183 8157
f 7087 7077 7105
f 7084 7039 7103
f 8958 8964 8977
f 7073 7024 7083
f 8180 8165 8195
f 7078 7061 7094
f 8146 8140 8160
f 8131 8109 8148
f 9011 9010 8995
f 8141 8149 8132
f 7035 7029 7070
f 8946 8957 8975
f 8997 9014 8990
f 3794 3815 3827
f 3821 3807 3831
f 3813 3844 3812
f 8157 8168 8184
f 8177 8176 8151
f 8959 8988 9009
f 7039 7085 7103
f 8999 8998 8982
f 8974 8973 8956
f 7024 7057 7083
f 8153 8164 8178
f 8150 8151 8176
f 8170 8169 8158
f 8963 8946 8975
f 8145 8159 8170
f 8969 8995 9010
f 7073 7072 7064
f 3814 3794 3826
f 9014 9013 8990
f 3833 3832 3822
f 7069 7068 7054
f 7022 7062 7030
f 9012 9011 8995
f 8110 8132 8149
f 8982 8961 8999
f 3807 3808 3832
f 8183 8182 8167
f 7054 7035 7069
f 3823 3833 3822
f 7013 7064 7072
f 8973 8945 8956
f 8169 8168 8158
f 7086 7074 7075
f 8956 8963 8974
f 8158 8145 8170
f 9013 8996 8972
f 3820 3819 3805
f 3819 3818 3805
f 8139 8159 8138
f 3818 3817 3803
f 3811 3812 3844
f 8988 8969 9009
f 8962 8983 8955
f 7063 7022 7023
f 3808 3822 3832
f 7056 7030 7062
f 8153 8177 8152
f 8180 8179 8156
f 3821 3820 3806
f 8167 8157 8183
f 3817 3816 3802
f 8182 8181 8166
f 7024 7073 7038
f 7087 7076 7065
f 3816 3815 3802
f 8151 8152 8177
f 8164 8155 8179
f 8181 8165 8166
f 8972 8990 9013
f 8165 8180 8156
f 8998 8997 8981
f 7013 7063 7023
f 7057 7039 7084
f 7064 7038 7073
f 7034 7054 7068
f 8995 8989 9012
f 3809 3834 3791
f 8159 8145 8138
f 7061 7078 7033
f 3815 3794 3795
f 8155 8156 8179
f 3804 3805 3818
f 8140 8146 8119
f 3803 3804 3818
f 7075 7076 7086
f 3825 3837 3824
f 3805 3806 3820
f 8981 8982 8998
f 8157 8158 8168
f 8166 8167 8182
f 8989 8996 9012
f 3802 3803 3817
f 8965 8964 8949
f 8997 8990 8981
f 3806 3773 3821
f 3823 3791 3834
f 7065 7077 7087
f 8164 8153 8154
f 3795 3802 3815
f 3773 3807 3821
f 8958 8949 8964
f 7074 7085 7058
f 3836 3835 3810
f 8968 8978 8967
f 8944 8955 8983
f 3812 3811 3799
f 8966 8967 8978
f 7030 7056 7012
f 7039 7058 7085
f 7038 7064 7014
f 8157 8167 8144
f 8989 8995 8979
f 3813 3824 3837
f 8969 8979 8995
f 8139 8119 8146
f 3809 3810 3835
f 8949 8940 8965
f 7067 7033 7078
f 8158 8157 8137
f 7013 7014 7064
f 8142 8141 8112
f 3801 3794 3814
f 3823 3822 3798
f 8121 8140 8120
f 8150 8133 8134
f 7076 7075 7041
f 3805 3804 3780
f 3810 3811 3836
f 8956 8946 8963
f 3806 3805 3797
f 3804 3803 3779
f 8154 8155 8164
f 8137 8145 8158
f 7037 7012 7056
f 8167 8166 8143
f 3803 3802 3779
f 8966 8965 8932
f 8996 8989 8971
f 8132 8112 8141
f 7066 7077 7059
f 7077 7065 7059
f 3802 3795 3796
f 3808 3798 3822
f 7036 7037 7055
f 8166 8165 8126
f 8940 8932 8965
f 7074 7041 7075
f 8133 8142 8095
f 8151 8150 8134
f 7029 7036 7055
f 8958 8957 8948
f 8143 8144 8167
f 8967 8966 8932
f 8154 8153 8124
f 8949 8958 8948
f 8109 8131 8093
f 3825 3824 3786
f 8131 8122 8093
f 7041 7065 7076
f 3780 3797 3805
f 3779 3780 3804
f 3798 3791 3823
f 3807 3773 3765
f 8112 8095 8142
f 8971 8972 8996
f 3797 3773 3806
f 3796 3779 3802
f 3775 3800 3825
f 8152 8124 8153
f 8126 8143 8166
f 8122 8121 8101
f 8119 8120 8140
f 8156 8126 8165
f 8959 8934 8988
f 3786 3775 3825
f 8129 8137 8157
f 8969 8988 8934
f 3808 3807 3789
f 7033 7067 7053
f 7034 7061 7019
f 3794 3801 3793
f 8155 8154 8125
f 8152 8151 8135
f 8947 8948 8957
f 8130 8138 8145
f 8112 8132 8111
f 8134 8135 8151
f 3798 3808 3789
f 8124 8125 8154
f 8946 8947 8957
f 7037 7036 7011
f 7054 7034 7010
f 8946 8956 8938
f 3813 3786 3824
f 8968 8967 8922
f 7041 7074 7040
f 8960 8981 8990
f 3765 3789 3807
f 8144 8129 8157
f 8926 8945 8962
f 8137 8130 8145
f 8932 8922 8967
f 3801 3800 3776
f 7067 7066 7060
f 7010 7035 7054
f 8110 8111 8132
f 8156 8155 8107
f 7036 7029 7021
f 8139 8138 8118
f 7058 7040 7074
f 3797 3780 3782
f 8956 8945 8938
f 7061 7033 7019
f 8982 8981 8954
f 7011 7012 7037
f 8972 8960 8990
f 3773 3797 3782
f 8955 8926 8962
f 3779 3796 3788
f 8125 8107 8155
f 7060 7053 7067
f 8118 8119 8139
f 3776 3793 3801
f 8126 8156 8136
f 8135 8124 8152
f 7021 7011 7036
f 8954 8961 8982
f 8959 8968 8922
f 3796 3795 3777
f 8138 8130 8118
f 8979 8980 8989
f 3795 3794 3777
f 8120 8119 8100
f 8107 8136 8156
f 7059 7060 7066
f 7041 7059 7065
f 3809 3791 3766
f 8981 8960 8954
f 3775 3776 3800
f 8980 8971 8989
f 8948 8947 8930
f 8949 8948 8939
f 8979 8969 8952
f 7057 7024 7016
f 3810 3809 3766
f 8122 8101 8093
f 7035 7010 6972
f 3777 3788 3796
f 3786 3813 3792
f 8947 8946 8929
f 8940 8949 8931
f 3813 3812 3792
f 8129 8144 8128
f 6972 7029 7035
f 3811 3810 3783
f 3794 3793 3787
f 7039 7057 7016
f 3787 3777 3794
f 8137 8129 8117
f 8930 8939 8948
f 8095 8123 8133
f 7022 7030 6984
f 8939 8931 8949
f 8929 8930 8947
f 8980 8979 8970
f 3798 3789 3790
f 7053 7060 7032
f 3766 3783 3810
f 8117 8130 8137
f 8144 8143 8127
f 8121 8120 8074
f 8134 8133 8113
f 3799 3792 3812
f 7060 7059 7027
f 3783 3799 3811
f 7059 7041 7027
f 3791 3798 3790
f 8952 8970 8979
f 7021 7029 6993
f 3782 3780 3781
f 7012 6984 7030
f 7024 7038 7015
f 3776 3787 3793
f 8938 8929 8946
f 3779 3788 3778
f 8907 8960 8972
f 7040 7017 7041
f 8127 8128 8144
f 8123 8113 8133
f 8074 8101 8121
f 8938 8945 8927
f 8955 8944 8925
f 8925 8926 8955
f 7014 7015 7038
f 8135 8134 8113
f 7027 7032 7060
f 8952 8969 8951
f 8970 8971 8980
f 8126 8127 8143
f 8944 8961 8918
f 3777 3787 3759
f 8945 8926 8927
f 7020 7010 7034
f 7040 7058 7031
f 8110 8109 8087
f 3777 3778 3788
f 7033 7053 7018
f 6972 6993 7029
f 8100 8074 8120
f 7039 7031 7058
f 8111 8110 8088
f 8117 8118 8130
f 8124 8135 8114
f 8113 8114 8135
f 8922 8933 8959
f 8940 8931 8921
f 3787 3776 3758
f 7039 7016 7025
f 8095 8102 8123
f 8093 8087 8109
f 8934 8959 8933
f 8930 8931 8939
f 3790 3789 3740
f 7022 6984 6991
f 8112 8111 8094
f 7019 7020 7034
f 8929 8938 8928
f 8119 8118 8084
f 7027 7041 7017
f 8087 8088 8110
f 8934 8941 8969
f 8951 8969 8941
f 8971 8970 8952
f 7021 6993 6983
f 7023 7022 6964
f 3783 3784 3799
f 3765 3740 3789
f 3758 3759 3787
f 3784 3792 3799
f 8972 8971 8907
f 8954 8918 8961
f 8932 8940 8921
f 7032 7018 7053
f 3782 3781 3772
f 3781 3780 3761
f 8088 8094 8111
f 8099 8117 8129
f 3780 3779 3761
f 8084 8100 8119
f 3791 3790 3747
f 3779 3778 3760
f 8102 8113 8123
f 7019 7033 7009
f 7013 7023 6964
f 3778 3777 3751
f 8118 8117 8084
f 6983 7011 7021
f 7031 7039 7026
f 8114 8105 8124
f 3740 3731 3790
f 8125 8124 8105
f 6991 6964 7022
f 7025 7026 7039
f 8107 8115 8136
f 8094 8095 8112
f 3777 3759 3750
f 3731 3747 3790
f 8954 8960 8937
f 3771 3772 3781
f 3761 3771 3781
f 8942 8907 8971
f 8952 8942 8971
f 8927 8928 8938
f 8115 8126 8136
f 3760 3761 3779
f 3772 3773 3782
f 8129 8128 8108
f 3751 3760 3778
f 8931 8930 8911
f 3750 3751 3777
f 8108 8099 8129
f 8117 8099 8092
f 8930 8929 8910
f 8944 8918 8919
f 8093 8101 8086
f 8919 8925 8944
f 3747 3766 3791
f 8092 8084 8117
f 7018 7009 7033
f 7017 7040 6995
f 8113 8104 8114
f 8105 8106 8125
f 8921 8931 8912
f 7012 7011 6963
f 7018 7032 7028
f 8128 8127 8116
f 8918 8954 8943
f 7011 6983 6963
f 8105 8114 8104
f 7031 6995 7040
f 3785 3786 3792
f 8929 8928 8909
f 8911 8912 8931
f 8910 8911 8930
f 8106 8107 8125
f 8907 8937 8960
f 3776 3775 3734
f 3784 3785 3792
f 8942 8952 8953
f 8116 8108 8128
f 8127 8126 8097
f 6950 6984 7012
f 3772 3771 3762
f 6963 6950 7012
f 8126 8115 8097
f 8928 8927 8909
f 7024 7015 6966
f 8887 8919 8918
f 8909 8910 8929
f 8954 8937 8943
f 3773 3772 3764
f 8074 8086 8101
f 7027 7028 7032
f 8932 8921 8897
f 3734 3758 3776
f 3775 3786 3770
f 7010 7020 6962
f 8104 8113 8077
f 8097 8116 8127
f 8102 8077 8113
f 7013 6964 6985
f 7016 7024 6966
f 8074 8100 8085
f 3770 3734 3775
f 3761 3762 3771
f 3762 3763 3772
f 8927 8926 8920
f 6995 7031 6994
f 3763 3764 3772
f 8922 8932 8897
f 7014 7013 6965
f 3786 3785 3774
f 8087 8093 8075
f 8920 8909 8927
f 7026 6994 7031
f 8952 8951 8950
f 8100 8084 8085
f 3764 3765 3773
f 3784 3783 3748
f 7020 7019 6971
f 3785 3784 3767
f 7018 7028 6997
f 8937 8907 8936
f 3774 3770 3786
f 8077 8103 8104
f 8108 8116 8098
f 7015 7014 6965
f 8941 8950 8951
f 3725 3750 3759
f 8077 8102 8071
f 6985 6965 7013
f 8953 8952 8950
f 6971 6962 7020
f 7027 7017 6996
f 7028 7027 6996
f 8926 8925 8902
f 8095 8071 8102
f 7026 7025 6968
f 3766 3748 3783
f 8105 8104 8035
f 8086 8075 8093
f 3767 3774 3785
f 8902 8920 8926
f 8942 8953 8935
f 3748 3767 3784
f 7016 6968 7025
f 8097 8115 8096
f 8103 8035 8104
f 6966 7015 6986
f 8095 8094 8076
f 8897 8921 8913
f 3763 3762 3754
f 3762 3761 3754
f 8943 8937 8924
f 6962 6972 7010
f 3761 3760 3752
f 8924 8918 8943
f 6996 6997 7028
f 6994 7026 6992
f 3764 3763 3746
f 8912 8913 8921
f 6965 6986 7015
f 6993 6972 6958
f 8097 8098 8116
f 8950 8935 8953
f 8909 8920 8908
f 7009 6971 7019
f 8107 8096 8115
f 8088 8076 8094
f 6968 6992 7026
f 8106 8105 8035
f 8099 8108 8091
f 3770 3774 3769
f 7009 7018 6990
f 6958 6983 6993
f 3765 3764 3730
f 3744 3734 3770
f 8919 8902 8925
f 7016 6966 6967
f 3752 3753 3761
f 3753 3754 3761
f 3754 3746 3763
f 3751 3752 3760
f 8091 8083 8099
f 8950 8941 8923
f 3769 3744 3770
f 8922 8890 8933
f 3759 3758 3725
f 3774 3767 3768
f 3746 3730 3764
f 8035 8103 8078
f 8912 8911 8904
f 8107 8106 8079
f 8075 8086 8067
f 8911 8910 8888
f 7017 6995 6988
f 8077 8078 8103
f 8076 8071 8095
f 8088 8087 8058
f 8934 8933 8890
f 6994 6959 6995
f 8913 8912 8904
f 3768 3769 3774
f 8086 8074 8067
f 6997 6990 7018
f 8935 8950 8923
f 8035 8079 8106
f 8910 8909 8903
f 8902 8908 8920
f 8096 8107 8089
f 8098 8091 8108
f 8083 8092 8099
f 3730 3740 3765
f 6967 6968 7016
f 8075 8058 8087
f 8895 8904 8911
f 8076 8088 8069
f 8888 8895 8911
f 8897 8898 8922
f 3734 3725 3758
f 6971 7009 6970
f 8890 8922 8898
f 6988 6996 7017
f 8909 8908 8903
f 3753 3752 3736
f 3754 3753 3737
f 6984 6951 6991
f 8058 8069 8088
f 8903 8888 8910
f 8897 8913 8905
f 3752 3751 3735
f 8079 8089 8107
f 8934 8914 8941
f 6951 6964 6991
f 3751 3750 3735
f 8890 8914 8934
f 8904 8905 8913
f 8935 8907 8942
f 8919 8887 8893
f 3769 3768 3733
f 3737 3738 3754
f 3736 3745 3753
f 3745 3737 3753
f 8893 8902 8919
f 3735 3736 3752
f 3738 3746 3754
f 8937 8936 8917
f 8917 8924 8937
f 3748 3766 3716
f 8908 8902 8894
f 8065 8084 8092
f 8894 8903 8908
f 8914 8923 8941
f 6990 6970 7009
f 3709 3735 3750
f 8085 8084 8049
f 8064 8083 8091
f 3733 3744 3769
f 8058 8075 8068
f 3768 3767 3756
f 8049 8074 8085
f 6997 6996 6969
f 3767 3748 3755
f 8918 8924 8901
f 6996 6988 6989
f 3725 3709 3750
f 6951 6984 6947
f 3747 3716 3766
f 8083 8065 8092
f 8936 8907 8892
f 3757 3733 3768
f 6963 6983 6948
f 6969 6990 6997
f 8905 8904 8896
f 8888 8903 8880
f 6959 6988 6995
f 8098 8097 8090
f 8892 8917 8936
f 3756 3757 3768
f 8067 8074 8056
f 8067 8068 8075
f 8097 8096 8089
f 3734 3744 3724
f 6989 6969 6996
f 3755 3756 3767
f 6962 24 6972
f 6950 6947 6984
f 8895 8896 8904
f 8084 8065 8066
f 3745 3736 3727
f 8066 8049 8084
f 8090 8091 8098
f 3747 3731 3683
f 3746 3738 3739
f 8887 8918 8901
f 6985 6964 6953
f 8897 8905 8876
f 6958 6972 23
f 8917 8901 8924
f 6958 6948 6983
f 8923 8916 8935
f 8089 8090 8097
f 6959 6994 6987
f 8916 8907 8935
f 8896 8876 8905
f 8071 8076 8070
f 8894 8880 8903
f 3727 3737 3745
f 8064 8046 8083
f 8069 8070 8076
f 8049 8056 8074
f 6992 6987 6994
f 8065 8083 8046
f 6988 6959 6960
f 3739 3730 3746
f 3757 3756 3749
f 8896 8895 8889
f 8058 8068 8042
f 3755 3748 3741
f 8894 8902 8893
f 6953 6965 6985
f 3756 3755 3742
f 8068 8067 8057
f 8091 8090 8082
f 6971 25 6962
f 24 23 6972
f 6986 6965 14
f 6963 6948 6949
f 3743 3733 3757
f 8089 8079 8080
f 8069 8058 8051
f 8067 8056 8057
f 8082 8064 8091
f 6964 6951 6952
f 8876 8896 8875
f 3749 3743 3757
f 8090 8089 8081
f 8888 8889 8895
f 3742 3749 3756
f 8070 8069 8051
f 8057 8042 8068
f 6949 6950 6963
f 3738 3737 3729
f 3741 3742 3755
f 8889 8875 8896
f 3724 3744 3723
f 8078 8060 8035
f 3737 3727 3728
f 8901 8917 8885
f 3739 3738 3720
f 3736 3735 3726
f 8880 8894 8879
f 8890 8881 8914
f 8081 8082 8090
f 8078 8077 8053
f 6970 6990 6955
f 3735 3709 3710
f 3730 3739 3720
f 6968 31 6992
f 8071 8053 8077
f 8080 8081 8089
f 8923 8914 8915
f 14 6966 6986
f 6952 6953 6964
f 8071 8070 8052
f 3728 3729 3737
f 3729 3720 3738
f 8917 8892 8885
f 3726 3727 3736
f 6965 6953 15
f 31 6987 6992
f 3709 3725 3708
f 8051 8052 8070
f 3710 3726 3735
f 8065 8046 8048
f 8898 8897 8866
f 3733 3723 3744
f 8079 8035 8061
f 3748 3716 3732
f 6989 6988 6961
f 8894 8893 8872
f 8875 8889 8874
f 3740 3730 3703
f 3749 3742 3722
f 8053 8060 8078
f 3741 3748 3732
f 8889 8888 8860
f 6969 6955 6990
f 8058 8042 8031
f 3683 3716 3747
f 8049 8066 8055
f 8876 8866 8897
f 8042 8057 8041
f 8872 8879 8894
f 24 6962 25
f 8051 8058 8031
f 8916 8923 8915
f 8080 8079 8062
f 8082 8081 8073
f 8052 8059 8071
f 6957 25 6971
f 6960 6961 6988
f 8890 8898 8866
f 6961 6969 6989
f 8081 8080 8072
f 8057 8056 8050
f 6971 6970 6956
f 3722 3743 3749
f 15 14 6965
f 8860 8874 8889
f 6948 6958 22
f 8073 8064 8082
f 3729 3728 3719
f 8915 8914 8881
f 6966 14 13
f 3727 3726 3711
f 3728 3727 3718
f 3707 3725 3734
f 8061 8062 8079
f 3703 3715 3740
f 8880 8860 8888
f 8059 8053 8071
f 8066 8065 8048
f 6956 6957 6971
f 8056 8049 8050
f 8050 8041 8057
f 3724 3707 3734
f 3715 3731 3740
f 8062 8072 8080
f 8915 8900 8916
f 8072 8073 8081
f 6959 6987 30
f 8048 8055 8066
f 8893 8887 8871
f 3730 3720 3714
f 8886 8887 8901
f 8900 8907 8916
f 6967 6966 12
f 8871 8872 8893
f 3718 3719 3728
f 3711 3718 3727
f 3719 3720 3729
f 3710 3711 3726
f 6955 6969 38
f 6955 6956 6970
f 23 22 6958
f 10 6949 6948
f 31 30 6987
f 8059 8052 8043
f 6969 6961 38
f 8881 8906 8915
f 6968 6967 12
f 13 12 6966
f 10 6948 22
f 3743 3722 3717
f 6950 6949 19
f 3741 3732 3694
f 6951 6947 18
f 3742 3741 3721
f 8900 8915 8906
f 8053 8059 8043
f 10 20 6949
f 31 6968 11
f 8860 8880 8865
f 17 6952 6951
f 3717 3733 3743
f 8073 8072 8063
f 3707 3708 3725
f 3714 3703 3730
f 8041 8050 8040
f 19 6947 6950
f 3731 3715 3682
f 12 11 6968
f 8055 8048 8039
f 8907 8900 8868
f 16 6953 6952
f 3724 3723 3676
f 8052 8051 8024
f 8039 8049 8055
f 3719 3718 3713
f 3721 3722 3742
f 20 19 6949
f 3694 3721 3741
f 8880 8879 8873
f 8885 8886 8901
f 17 6951 18
f 8063 8064 8073
f 3720 3719 3701
f 8906 8881 8882
f 21 20 10
f 22 21 10
f 8031 8024 8051
f 17 16 6952
f 8868 8892 8907
f 8062 8063 8072
f 3676 3707 3724
f 26 25 6957
f 8050 8049 8020
f 8873 8865 8880
f 16 15 6953
f 3714 3720 3702
f 8866 8846 8890
f 3711 3712 3718
f 3712 3713 3718
f 3682 3683 3731
f 3713 3701 3719
f 6960 6959 29
f 19 18 6947
f 8024 8032 8052
f 3733 3717 3706
f 8020 8040 8050
f 8881 8890 8846
f 38 6961 6954
f 27 26 6957
f 6961 6960 28
f 27 6957 6956
f 8061 8035 8001
f 8045 8046 8064
f 3732 3716 3672
f 3701 3702 3720
f 8875 8874 8826
f 3706 3723 3733
f 8872 8873 8879
f 8060 8053 8017
f 8032 8043 8052
f 30 29 6959
f 8042 8041 8023
f 8064 8063 8054
f 8048 8046 8047
f 8886 8885 8859
f 8062 8061 8036
f 29 28 6960
f 28 6954 6961
f 8900 8906 8899
f 8041 8040 8030
f 19 20 36
f 18 19 35
f 8039 8020 8049
f 8054 8045 8064
f 16 17 34
f 15 16 33
f 8063 8062 8044
f 8035 8060 8017
f 8876 8875 8861
f 8887 8886 8870
f 8882 8899 8906
f 8860 8826 8874
f 12 13 11
f 26 27 37
f 37 27 6956
f 3712 3711 3698
f 8826 8861 8875
f 3672 3694 3732
f 8023 8031 8042
f 8001 8036 8061
f 8870 8871 8887
f 3713 3712 3699
f 8865 8873 8835
f 37 6956 6955
f 8030 8023 8041
f 8040 8020 8021
f 3711 3710 3690
f 8044 8054 8063
f 8036 8044 8062
f 21 36 20
f 36 35 19
f 18 34 17
f 34 33 16
f 8043 8034 8053
f 8886 8859 8870
f 33 32 15
f 32 14 15
f 3710 3709 3690
f 8021 8030 8040
f 8866 8876 8844
f 38 6954 28
f 8899 8884 8900
f 8048 8047 8029
f 8861 8844 8876
f 8884 8868 8900
f 3698 3699 3712
f 38 37 6955
f 3699 3700 3713
f 8863 8872 8871
f 3709 3708 3689
f 3690 3698 3711
f 8029 8039 8048
f 3687 3676 3723
f 3700 3701 3713
f 8043 8032 8033
f 8873 8872 8864
f 8034 8017 8053
f 3714 3702 3671
f 3706 3687 3723
f 3708 3707 3688
f 8864 8835 8873
f 3689 3690 3709
f 8881 8846 8847
f 8899 8882 8891
f 3722 3721 3696
f 8047 8046 8004
f 8023 8030 8022
f 3721 3694 3704
f 8054 8044 8038
f 3677 3689 3708
f 8860 8865 8855
f 8892 8868 8862
f 8024 8031 8014
f 8004 8029 8047
f 3715 3703 3659
f 8862 8885 8892
f 3688 3677 3708
f 34 18 44
f 36 21 45
f 21 22 46
f 22 23 47
f 23 24 47
f 24 25 47
f 14 32 42
f 25 26 48
f 8038 8045 8054
f 13 14 41
f 26 37 49
f 3671 3703 3714
f 37 38 50
f 7996 8020 8039
f 38 28 39
f 30 31 40
f 3696 3717 3722
f 3699 3698 3692
f 3676 3688 3707
f 3698 3690 3679
f 3700 3699 3680
f 8023 8014 8031
f 8033 8034 8043
f 3704 3696 3721
f 8032 8024 8015
f 8046 8045 8004
f 3701 3700 3680
f 8863 8864 8872
f 3683 3682 3634
f 8021 8022 8030
f 35 44 18
f 46 45 21
f 8891 8884 8899
f 34 43 33
f 47 46 22
f 43 32 33
f 8835 8855 8865
f 8869 8859 8885
f 8029 7996 8039
f 48 47 25
f 3659 3682 3715
f 42 41 14
f 49 48 26
f 41 11 13
f 8033 8032 8015
f 39 50 38
f 8885 8862 8869
f 3679 3692 3698
f 29 39 28
f 40 29 30
f 3692 3680 3699
f 3702 3701 3693
f 3691 3679 3690
f 8835 8864 8834
f 3716 3683 3623
f 3680 3681 3701
f 8045 8038 8028
f 3706 3717 3685
f 8028 8004 8045
f 8871 8870 8863
f 3681 3693 3701
f 8826 8860 8837
f 3717 3696 3705
f 3703 3671 3658
f 8846 8866 8845
f 8844 8845 8866
f 8014 8023 8013
f 8023 8022 8012
f 8847 8839 8881
f 8015 8016 8033
f 8864 8863 8834
f 3693 3671 3702
f 8882 8881 8839
f 8034 8033 8025
f 8884 8891 8883
f 8044 8036 8037
f 8844 8861 8838
f 8022 8021 8007
f 8882 8883 8891
f 43 34 55
f 3705 3685 3717
f 3623 3672 3716
f 32 43 54
f 47 48 56
f 42 32 53
f 3692 3679 3668
f 11 41 52
f 8015 8024 8009
f 49 37 57
f 37 50 57
f 8826 8838 8861
f 3680 3692 3669
f 39 29 51
f 8016 8025 8033
f 8855 8837 8860
f 8012 8013 8023
f 8853 8863 8870
f 8870 8859 8853
f 3658 3659 3703
f 3691 3690 3643
f 8007 8012 8022
f 8037 8038 8044
f 8014 8009 8024
f 8021 8020 8006
f 3690 3689 3667
f 44 55 34
f 8854 8834 8863
f 54 53 32
f 8883 8878 8884
f 42 52 41
f 8839 8856 8882
f 3668 3669 3692
f 8029 8004 8005
f 3693 3681 3671
f 58 57 50
f 39 58 50
f 40 51 29
f 8883 8882 8856
f 8878 8868 8884
f 8005 7996 8029
f 3643 3679 3691
f 8006 8007 8021
f 3706 3685 3686
f 8025 8017 8034
f 3667 3643 3690
f 3678 3667 3689
f 3686 3687 3706
f 8014 8013 8008
f 8013 8012 8008
f 3705 3696 3697
f 3688 3676 3665
f 8036 8001 7995
f 8853 8854 8863
f 8837 8855 8836
f 3677 3678 3689
f 8009 8014 7999
f 8038 8037 8027
f 3704 3694 3695
f 8012 8007 7998
f 7996 8006 8020
f 8025 8016 8011
f 8037 8036 8026
f 8878 8883 8877
f 8856 8877 8883
f 36 45 66
f 35 36 65
f 44 35 63
f 46 47 67
f 55 44 62
f 3665 3677 3688
f 8027 8028 8038
f 3697 3685 3705
f 42 53 61
f 48 49 68
f 49 57 69
f 57 58 70
f 3679 3643 3655
f 8008 7999 8014
f 58 39 59
f 31 11 60
f 7998 8008 8012
f 8015 8009 8000
f 8035 8017 7987
f 3654 3665 3676
f 3695 3696 3704
f 3681 3680 3669
f 7995 8026 8036
f 8026 8027 8037
f 8835 8836 8855
f 8017 8025 8011
f 8858 8859 8869
f 46 66 45
f 66 65 36
f 65 64 35
f 64 63 35
f 63 62 44
f 8877 8867 8878
f 56 67 47
f 55 54 43
f 3655 3668 3679
f 3671 3681 3670
f 68 56 48
f 61 52 42
f 69 68 49
f 8869 8862 8858
f 70 69 57
f 59 70 58
f 51 59 39
f 60 40 31
f 8867 8868 8878
f 8016 8015 8010
f 3678 3677 3641
f 3677 3665 3641
f 8028 8027 8019
f 8000 8010 8015
f 8003 8004 8028
f 3669 3670 3681
f 3666 3667 3678
f 7987 8001 8035
f 8008 7998 7991
f 3697 3696 3675
f 3641 3666 3678
f 8009 7999 7993
f 3696 3695 3684
f 3694 3672 3650
f 8019 8003 8028
f 8027 8026 8018
f 3695 3694 3673
f 65 66 77
f 8867 8877 8857
f 55 62 76
f 3668 3655 3656
f 3675 3685 3697
f 54 55 75
f 8010 8011 8016
f 7991 7999 8008
f 56 68 78
f 3669 3668 3646
f 68 69 79
f 52 61 74
f 3682 3659 3634
f 11 52 74
f 8868 8867 8849
f 8853 8859 8814
f 69 70 80
f 70 59 81
f 40 60 72
f 8018 8019 8027
f 51 40 71
f 8007 8006 7997
f 3684 3675 3696
f 8856 8857 8877
f 7995 8018 8026
f 3643 3667 3642
f 3673 3684 3695
f 8833 8834 8854
f 3650 3673 3694
f 8845 8844 8820
f 7997 7998 8007
f 3667 3666 3642
f 7993 8000 8009
f 8849 8862 8868
f 8838 8820 8844
f 63 76 62
f 76 75 55
f 3656 3646 3668
f 3687 3686 3664
f 3670 3669 3647
f 79 78 68
f 8010 8000 7986
f 80 79 69
f 74 73 11
f 3683 3634 3649
f 8857 8849 8867
f 81 80 70
f 73 60 11
f 71 59 51
f 3646 3647 3669
f 72 71 40
f 8854 8853 8814
f 8006 7996 7983
f 3686 3685 3663
f 3671 3670 3657
f 8843 8814 8859
f 3664 3676 3687
f 7983 7997 8006
f 8826 8837 8818
f 8814 8833 8854
f 8859 8858 8843
f 8017 8011 7978
f 8820 8821 8845
f 3685 3675 3662
f 3610 3642 3666
f 8011 8010 7986
f 8837 8836 8817
f 3663 3664 3686
f 8846 8845 8827
f 7993 7999 7992
f 8019 8018 8002
f 3641 3610 3666
f 3647 3657 3670
f 7989 8005 8004
f 7998 7997 7984
f 8820 8838 8791
f 3649 3623 3683
f 8862 8849 8850
f 3684 3673 3674
f 3662 3663 3685
f 8821 8827 8845
f 8836 8835 8816
f 8850 8858 8862
f 8002 8003 8019
f 8817 8818 8837
f 8826 8791 8838
f 3657 3658 3671
f 77 66 87
f 3656 3655 3645
f 66 46 88
f 63 64 86
f 3646 3656 3645
f 7991 7992 7999
f 3654 3676 3653
f 7984 7991 7998
f 7996 8005 7990
f 53 54 85
f 3655 3643 3644
f 61 53 85
f 78 79 89
f 74 61 84
f 79 80 90
f 3654 3641 3665
f 80 81 91
f 59 71 82
f 7986 7994 8011
f 8852 8843 8858
f 8816 8817 8836
f 3674 3675 3684
f 7981 8002 8018
f 7995 7981 8018
f 3676 3664 3653
f 7966 7984 7997
f 7978 7987 8017
f 7986 8000 7985
f 8835 8834 8825
f 3644 3645 3655
f 8005 7989 7990
f 88 87 66
f 65 86 64
f 7993 7985 8000
f 7994 7977 8011
f 8847 8846 8822
f 85 84 61
f 90 89 79
f 84 83 74
f 7983 7966 7997
f 83 73 74
f 8825 8816 8835
f 82 81 59
f 91 90 80
f 8827 8822 8846
f 8858 8850 8851
f 3657 3647 3622
f 8791 8826 8819
f 8851 8852 8858
f 7983 7996 7956
f 7992 7991 7973
f 7991 7984 7973
f 3658 3657 3648
f 3635 3649 3634
f 7993 7992 7974
f 7977 7978 8011
f 8834 8833 8815
f 3641 3654 3640
f 3675 3674 3661
f 8818 8819 8826
f 3650 3672 3636
f 8815 8825 8834
f 3659 3658 3614
f 3674 3673 3660
f 8857 8856 8848
f 3622 3648 3657
f 3645 3644 3632
f 7973 7974 7992
f 3646 3645 3632
f 77 87 99
f 87 88 100
f 65 77 98
f 88 46 101
f 76 63 97
f 46 67 102
f 3644 3643 3620
f 75 76 96
f 67 56 103
f 54 75 95
f 56 78 103
f 85 54 94
f 84 85 93
f 3661 3662 3675
f 7974 7975 7993
f 3640 3573 3641
f 8842 8843 8852
f 81 82 104
f 3623 3636 3672
f 91 81 104
f 3643 3642 3619
f 82 71 92
f 8004 8003 7988
f 8852 8851 8842
f 3648 3614 3658
f 7990 7956 7996
f 3660 3661 3674
f 7975 7985 7993
f 7988 7989 8004
f 3650 3660 3673
f 3642 3610 3618
f 3653 3640 3654
f 8822 8839 8847
f 3653 3664 3629
f 3620 3632 3644
f 100 99 87
f 3647 3646 3633
f 3632 3621 3646
f 99 98 77
f 101 100 88
f 3614 3634 3659
f 86 97 63
f 102 101 46
f 97 96 76
f 103 102 67
f 96 95 75
f 3619 3620 3643
f 95 94 54
f 89 103 78
f 3664 3663 3629
f 8848 8849 8857
f 8814 8815 8833
f 92 104 82
f 8813 8814 8843
f 8819 8818 8801
f 3610 3641 3586
f 3618 3619 3642
f 8804 8816 8825
f 8825 8815 8804
f 8843 8842 8813
f 3663 3662 3617
f 8851 8850 8831
f 8003 8002 7982
f 8818 8817 8805
f 3621 3633 3646
f 8839 8828 8856
f 8827 8821 8807
f 7982 7988 8003
f 8831 8842 8851
f 8848 8856 8828
f 3648 3622 3593
f 3662 3661 3639
f 7994 7986 7976
f 7987 7980 8001
f 7984 7966 7958
f 3633 3622 3647
f 8817 8816 8793
f 7981 7995 7953
f 3617 3629 3663
f 8801 8791 8819
f 3661 3660 3652
f 8805 8801 8818
f 8850 8849 8830
f 3660 3650 3651
f 3573 3586 3641
f 7985 7975 7960
f 7980 7995 8001
f 3639 3617 3662
f 3640 3653 3609
f 3621 3632 3600
f 3632 3620 3600
f 7958 7973 7984
f 7971 7982 8002
f 86 65 111
f 8830 8831 8850
f 97 86 110
f 8793 8805 8817
f 94 95 109
f 8849 8848 8840
f 93 85 107
f 8832 8813 8842
f 89 90 112
f 8821 8820 8806
f 8839 8822 8797
f 84 93 106
f 83 84 106
f 3628 3639 3661
f 90 91 113
f 7981 7971 8002
f 91 104 113
f 8842 8831 8832
f 3593 3614 3648
f 3609 3573 3640
f 3652 3628 3661
f 8828 8840 8848
f 8791 8806 8820
f 3653 3629 3630
f 3651 3652 3660
f 7976 7977 7994
f 7986 7985 7968
f 7965 7956 7990
f 8804 8793 8816
f 8807 8822 8827
f 8841 8830 8849
f 98 111 65
f 111 110 86
f 3631 3609 3653
f 94 108 85
f 7990 7989 7972
f 8840 8841 8849
f 108 107 85
f 107 106 93
f 113 112 90
f 106 73 83
f 3649 3635 3579
f 3630 3631 3653
f 73 105 60
f 7960 7968 7985
f 105 72 60
f 7957 7966 7983
f 7974 7973 7949
f 7972 7965 7990
f 7973 7958 7949
f 3621 3602 3633
f 7995 7980 7953
f 7975 7974 7967
f 8806 8807 8821
f 7956 7957 7983
f 3602 3622 3633
f 8771 8801 8805
f 7968 7976 7986
f 7989 7988 7954
f 3579 3623 3649
f 3650 3636 3625
f 7949 7959 7974
f 3652 3651 3638
f 8800 8804 8815
f 3651 3650 3637
f 7959 7967 7974
f 8793 8771 8805
f 3620 3619 3574
f 100 101 121
f 8841 8840 8829
f 8812 8813 8832
f 96 97 120
f 95 96 119
f 7954 7972 7989
f 3634 3614 3604
f 103 89 122
f 89 112 123
f 3619 3618 3589
f 106 107 118
f 8832 8831 8812
f 112 113 124
f 73 106 118
f 113 104 125
f 8828 8829 8840
f 7967 7960 7975
f 104 92 114
f 8822 8807 8796
f 72 105 116
f 71 72 115
f 92 71 115
f 8791 8794 8806
f 8815 8814 8776
f 7988 7982 7954
f 3638 3628 3652
f 3618 3610 3611
f 3637 3638 3651
f 7980 7987 7979
f 3625 3637 3650
f 3635 3634 3605
f 8776 8800 8815
f 3600 3601 3621
f 8797 8828 8839
f 3574 3600 3620
f 7978 7979 7987
f 7976 7969 7977
f 121 99 100
f 8810 8830 8841
f 7965 7972 7955
f 3589 3574 3619
f 3601 3602 3621
f 8777 8793 8804
f 120 119 96
f 119 109 95
f 122 102 103
f 3630 3609 3631
f 8829 8810 8841
f 123 122 89
f 124 123 112
f 125 124 113
f 118 117 73
f 126 125 104
f 117 105 73
f 114 126 104
f 3611 3589 3618
f 3622 3602 3603
f 8807 8806 8795
f 115 114 92
f 116 115 72
f 7978 7977 7970
f 3604 3605 3634
f 8831 8830 8803
f 8794 8795 8806
f 8803 8812 8831
f 7976 7968 7962
f 7967 7959 7943
f 8800 8777 8804
f 7969 7970 7977
f 8790 8791 8801
f 3605 3579 3635
f 8771 8790 8801
f 3636 3623 3569
f 8829 8828 8823
f 7979 7978 7970
f 8796 8807 8795
f 3628 3638 3627
f 3603 3593 3622
f 3600 3574 3590
f 8830 8810 8824
f 3638 3637 3627
f 3637 3625 3626
f 8796 8797 8822
f 7966 7957 7930
f 3607 3617 3639
f 8814 8813 8799
f 110 111 133
f 120 97 132
f 8810 8829 8809
f 119 120 131
f 8824 8803 8830
f 3609 3630 3585
f 7943 7960 7967
f 94 109 130
f 108 94 130
f 7930 7958 7966
f 122 123 135
f 107 108 129
f 123 124 135
f 3628 3607 3639
f 118 107 128
f 3589 3611 3588
f 124 125 136
f 117 118 127
f 3569 3580 3636
f 8799 8776 8814
f 7968 7960 7961
f 7962 7969 7976
f 3580 3625 3636
f 3611 3610 3588
f 3630 3629 3584
f 3626 3627 3637
f 8823 8809 8829
f 7970 7963 7979
f 99 134 98
f 7980 7979 7952
f 134 111 98
f 110 132 97
f 132 131 120
f 8813 8812 8799
f 130 129 108
f 3629 3617 3583
f 3584 3585 3630
f 129 128 107
f 136 135 124
f 8797 8784 8828
f 128 127 118
f 127 105 117
f 137 125 126
f 114 137 126
f 7959 7949 7950
f 8823 8828 8784
f 7953 7980 7952
f 7982 7971 7942
f 7963 7952 7979
f 8771 8793 8770
f 3587 3588 3610
f 3623 3579 3569
f 3583 3584 3629
f 8803 8824 8811
f 7942 7954 7982
f 3586 3587 3610
f 7961 7962 7968
f 7972 7954 7955
f 7971 7981 7964
f 7960 7943 7944
f 8789 8777 8800
f 8793 8777 8770
f 7950 7943 7959
f 7931 7949 7958
f 3614 3593 3594
f 3628 3627 3616
f 3601 3600 3591
f 8787 8799 8812
f 7930 7931 7958
f 8824 8810 8802
f 3627 3626 3615
f 7969 7962 7924
f 7961 7960 7944
f 3626 3625 3606
f 134 99 144
f 111 134 142
f 8791 8762 8794
f 101 102 146
f 109 119 141
f 7953 7964 7981
f 8795 8794 8762
f 102 122 146
f 130 109 140
f 3602 3601 3578
f 135 136 148
f 8776 8789 8800
f 136 125 149
f 125 137 149
f 114 115 138
f 3616 3607 3628
f 115 116 138
f 7965 7955 7936
f 3603 3602 3578
f 3585 3573 3609
f 8802 8811 8824
f 7936 7956 7965
f 3588 3587 3557
f 3590 3591 3600
f 3615 3616 3627
f 3580 3551 3625
f 3591 3592 3601
f 7957 7956 7929
f 8791 8790 8780
f 145 144 99
f 3551 3606 3625
f 3606 3615 3626
f 121 145 99
f 8803 8787 8812
f 3594 3604 3614
f 3592 3578 3601
f 7929 7930 7957
f 142 133 111
f 144 143 134
f 131 141 119
f 143 142 134
f 7970 7969 7951
f 141 140 109
f 7950 7949 7938
f 147 146 122
f 140 139 130
f 135 147 122
f 7944 7945 7961
f 139 129 130
f 7962 7961 7946
f 138 137 114
f 8778 8779 8790
f 8779 8780 8790
f 7924 7951 7969
f 8762 8792 8795
f 8771 8778 8790
f 3593 3603 3566
f 3617 3607 3608
f 7945 7946 7961
f 8803 8811 8786
f 7944 7943 7939
f 3578 3565 3603
f 7956 7936 7937
f 7964 7953 7935
f 7937 7929 7956
f 7931 7938 7949
f 7938 7943 7950
f 8780 8762 8791
f 7963 7970 7951
f 8811 8802 8786
f 3608 3583 3617
f 3573 3585 3544
f 3565 3566 3603
f 3591 3590 3576
f 3590 3574 3576
f 8796 8795 8782
f 8809 8823 8808
f 3616 3615 3597
f 3592 3591 3562
f 7941 7942 7971
f 8784 8808 8823
f 3615 3606 3581
f 3578 3592 3562
f 8792 8782 8795
f 7964 7941 7971
f 132 110 155
f 110 133 156
f 121 101 157
f 131 132 154
f 141 131 153
f 3589 3588 3557
f 8810 8809 8798
f 3604 3594 3595
f 7946 7924 7962
f 147 135 159
f 135 148 160
f 8779 8778 8773
f 128 129 152
f 148 136 161
f 127 128 152
f 105 127 151
f 136 149 161
f 8780 8779 8773
f 8792 8762 8781
f 3597 3607 3616
f 7952 7963 7947
f 8788 8776 8799
f 3576 3577 3591
f 3577 3562 3591
f 3605 3604 3568
f 8799 8787 8788
f 7954 7942 7948
f 3558 3574 3589
f 8808 8798 8809
f 3581 3597 3615
f 7951 7947 7963
f 3557 3558 3589
f 8798 8802 8810
f 157 145 121
f 142 156 133
f 155 154 132
f 154 153 131
f 158 157 101
f 146 158 101
f 3587 3586 3545
f 160 159 135
f 7943 7938 7916
f 161 160 148
f 152 151 127
f 8803 8786 8753
f 151 150 105
f 8772 8773 8778
f 8753 8787 8803
f 150 116 105
f 3595 3568 3604
f 8773 8774 8780
f 8771 8772 8778
f 3556 3557 3587
f 7928 7936 7955
f 8768 8777 8789
f 8782 8783 8796
f 3608 3607 3599
f 3545 3556 3587
f 7944 7939 7922
f 3568 3579 3605
f 7955 7954 7928
f 8774 8762 8780
f 7947 7951 7932
f 3607 3597 3598
f 8789 8776 8767
f 7916 7939 7943
f 3594 3593 3567
f 3573 3545 3586
f 7945 7944 7922
f 3599 3583 3608
f 8798 8808 8785
f 3577 3576 3561
f 3576 3574 3560
f 8781 8782 8792
f 3574 3558 3559
f 8784 8785 8808
f 8802 8798 8765
f 8767 8768 8789
f 7935 7941 7964
f 3595 3594 3536
f 8777 8768 8769
f 8769 8770 8777
f 3578 3562 3563
f 7954 7948 7927
f 8781 8762 8748
f 141 153 167
f 3598 3599 3607
f 8773 8772 8745
f 146 147 168
f 140 141 166
f 3585 3584 3544
f 147 159 168
f 139 140 165
f 8774 8773 8745
f 129 139 164
f 3566 3567 3593
f 151 152 163
f 149 137 169
f 137 138 170
f 8772 8771 8745
f 3557 3556 3547
f 7927 7928 7954
f 8765 8786 8802
f 3560 3550 3576
f 3550 3561 3576
f 3559 3560 3574
f 3561 3562 3577
f 7922 7917 7945
f 8771 8770 8756
f 8797 8796 8732
f 3567 3536 3594
f 7946 7945 7923
f 7951 7924 7932
f 7938 7931 7921
f 3565 3578 3564
f 8762 8774 8757
f 3551 3537 3606
f 156 155 110
f 3537 3581 3606
f 167 166 141
f 166 165 140
f 8783 8782 8750
f 8783 8732 8796
f 165 164 139
f 160 168 159
f 8745 8757 8774
f 170 169 137
f 162 170 138
f 116 162 138
f 7917 7923 7945
f 8756 8745 8771
f 3536 3568 3595
f 7953 7952 7918
f 8770 8769 8761
f 3563 3564 3578
f 3583 3599 3582
f 7921 7908 7938
f 7922 7939 7909
f 7947 7934 7952
f 7908 7916 7938
f 8761 8756 8770
f 8782 8781 8763
f 3599 3598 3552
f 8748 8763 8781
f 3573 3544 3545
f 7934 7918 7952
f 8776 8788 8741
f 7916 7909 7939
f 3550 3560 3515
f 3561 3550 3531
f 3560 3559 3549
f 7923 7924 7946
f 3562 3561 3532
f 3598 3597 3570
f 7918 7935 7953
f 3559 3558 3548
f 8769 8768 8743
f 8732 8784 8797
f 3552 3582 3599
f 8743 8761 8769
f 3563 3562 3532
f 8765 8798 8764
f 3597 3581 3570
f 3558 3557 3513
f 145 157 158
f 3571 3552 3598
f 203 3580 3569
f 160 161 176
f 152 129 173
f 151 163 172
f 161 149 177
f 149 169 178
f 3564 3563 3501
f 116 150 171
f 162 116 171
f 3544 3584 3572
f 3570 3571 3598
f 3549 3515 3560
f 7934 7947 7940
f 3531 3532 3561
f 3548 3549 3559
f 8785 8764 8798
f 7948 7942 7919
f 7929 7937 7914
f 3584 3583 3572
f 7932 7940 7947
f 3565 3564 3533
f 3513 3548 3558
f 8788 8787 8741
f 175 156 142
f 143 175 142
f 3532 3501 3563
f 3547 3513 3557
f 8762 8757 8747
f 7931 7930 7915
f 8742 8743 8768
f 8763 8750 8782
f 176 168 160
f 7919 7927 7948
f 164 174 129
f 177 176 161
f 174 173 129
f 173 163 152
f 172 150 151
f 178 177 149
f 170 178 169
f 8768 8767 8742
f 3583 3582 3553
f 3566 3565 3534
f 8754 8767 8776
f 3501 3533 3564
f 8776 8741 8754
f 3546 3547 3556
f 8755 8756 8761
f 7915 7921 7931
f 7937 7936 7914
f 3553 3572 3583
f 3533 3534 3565
f 7930 7929 7920
f 8748 8762 8747
f 8743 8755 8761
f 3567 3566 3535
f 3545 3544 3499
f 3568 189 3579
f 7920 7915 7930
f 3545 3546 3556
f 3531 3550 3530
f 3550 3515 3530
f 3534 3535 3566
f 8760 8741 8787
f 189 3569 3579
f 3549 3548 3514
f 3552 3553 3582
f 7940 7932 7933
f 8787 8753 8760
f 8757 8745 8736
f 8716 8742 8767
f 8767 8754 8716
f 143 144 186
f 144 145 187
f 156 175 185
f 154 155 184
f 145 158 187
f 7936 7928 7913
f 153 154 183
f 7929 7914 7892
f 3581 3537 3538
f 3513 3547 3512
f 165 166 182
f 7913 7914 7936
f 7903 7933 7932
f 164 165 181
f 3544 3572 3506
f 7892 7920 7929
f 3535 3522 3567
f 178 170 179
f 170 162 179
f 3547 3546 3512
f 203 3551 3580
f 7908 7921 7893
f 8756 8755 8744
f 7921 7915 7893
f 3514 3515 3549
f 3568 3536 218
f 3481 3514 3548
f 3522 3536 3567
f 8736 8746 8757
f 8750 8732 8783
f 3513 3481 3548
f 8708 8745 8756
f 187 186 144
f 8755 8743 8744
f 143 185 175
f 3572 3553 3542
f 184 183 154
f 3538 3570 3581
f 167 182 166
f 182 181 165
f 176 188 168
f 8744 8708 8756
f 7933 7934 7940
f 180 171 150
f 3546 3545 3525
f 8746 8747 8757
f 7942 7941 7906
f 3511 3512 3546
f 7924 7903 7932
f 3541 3506 3572
f 8753 8786 8766
f 7941 7935 7926
f 189 203 3569
f 7917 7922 7887
f 3542 3541 3572
f 7920 7892 7907
f 7906 7919 7942
f 8784 8732 8723
f 3525 3511 3546
f 218 189 3568
f 202 3551 203
f 7907 7915 7920
f 7909 7887 7922
f 8748 8749 8763
f 8786 8765 8766
f 3531 3530 3517
f 3532 3531 3517
f 7926 7906 7941
f 7933 7903 7889
f 3530 3515 3516
f 8746 8736 8729
f 3499 3525 3545
f 7918 7925 7935
f 8750 8763 8749
f 3501 3532 3518
f 3571 3570 3523
f 155 156 195
f 185 143 197
f 156 185 196
f 3544 3506 3498
f 3570 3538 3523
f 7923 7917 7911
f 167 153 194
f 7934 7933 7889
f 146 168 199
f 8747 8746 8719
f 174 164 192
f 173 174 191
f 163 173 191
f 177 178 201
f 178 179 201
f 7916 7908 7874
f 7913 7928 7898
f 150 172 180
f 3516 3517 3530
f 3533 3501 3519
f 3498 3499 3544
f 3517 3518 3532
f 3539 3552 3571
f 7909 7916 7874
f 8729 8719 8746
f 8708 8736 8745
f 8785 8784 8723
f 8744 8743 8701
f 7915 7907 7901
f 3523 3539 3571
f 3534 3533 3520
f 186 197 143
f 196 195 156
f 3511 3525 3451
f 7918 7934 7912
f 183 194 153
f 8701 8708 8744
f 199 198 146
f 188 199 168
f 181 193 164
f 3535 3534 3520
f 200 188 176
f 193 192 164
f 7901 7893 7915
f 177 200 176
f 192 191 174
f 191 172 163
f 190 180 172
f 162 201 179
f 3542 3553 3540
f 7889 7912 7934
f 8748 8747 8720
f 8719 8720 8747
f 7926 7935 7925
f 7911 7902 7923
f 3553 3552 3540
f 3519 3520 3533
f 7917 7887 7910
f 8743 8742 8718
f 8718 8701 8743
f 7928 7927 7897
f 7924 7923 7904
f 8764 8785 8775
f 8723 8775 8785
f 7889 7903 7894
f 3540 3541 3542
f 8729 8736 8709
f 7897 7898 7928
f 3499 3451 3525
f 3517 3516 3454
f 3520 3521 3535
f 3515 3514 3453
f 3516 3515 3483
f 3552 3539 3524
f 8766 8765 8759
f 8736 8708 8709
f 3518 3517 3500
f 3514 3481 3482
f 7902 7904 7923
f 3501 3518 3500
f 3505 3540 3552
f 3521 3522 3535
f 197 186 213
f 184 155 210
f 7927 7919 7896
f 185 197 212
f 7908 7893 7873
f 196 185 211
f 187 158 214
f 8720 8730 8748
f 3513 3512 3427
f 8750 8749 8722
f 7892 7914 7891
f 182 167 209
f 158 146 215
f 193 181 208
f 3524 3505 3552
f 218 3536 236
f 172 191 207
f 3512 3511 3427
f 190 172 207
f 200 177 216
f 7910 7911 7917
f 7896 7897 7927
f 3453 3483 3515
f 180 190 206
f 8717 8718 8742
f 201 162 217
f 3483 3454 3516
f 3454 3500 3517
f 3482 3453 3514
f 162 171 205
f 3519 3501 3502
f 8742 8716 8717
f 7887 7909 7875
f 3480 3481 3513
f 7904 7903 7924
f 3520 3519 3503
f 3522 236 3536
f 8735 8716 8754
f 8749 8748 8731
f 213 212 197
f 195 210 155
f 7873 7874 7908
f 202 3537 3551
f 212 211 185
f 8754 8741 8735
f 214 186 187
f 3427 3480 3513
f 8741 8760 8740
f 194 209 167
f 3521 3520 3503
f 8730 8731 8748
f 198 215 146
f 3541 3540 3479
f 182 208 181
f 8753 8766 8739
f 7874 7875 7909
f 207 206 190
f 201 216 177
f 180 205 171
f 204 217 162
f 7925 7918 7878
f 3451 3427 3511
f 7926 7925 7905
f 7907 7892 7885
f 7914 7913 7900
f 3502 3503 3519
f 3540 3505 3424
f 3522 3521 3504
f 7885 7901 7907
f 3479 3506 3541
f 7900 7891 7914
f 189 218 234
f 8729 8709 8702
f 8723 8751 8775
f 8764 8775 8751
f 8719 8729 8702
f 3503 3504 3521
f 235 218 236
f 7905 7906 7926
f 3424 3479 3540
f 7887 7888 7910
f 7878 7879 7925
f 7879 7905 7925
f 7911 7910 7863
f 237 236 3522
f 8760 8753 8691
f 8691 8740 8760
f 3501 3500 3455
f 233 203 189
f 7913 7898 7899
f 8759 8739 8766
f 234 233 189
f 3539 3523 3486
f 195 196 226
f 235 234 218
f 8765 8764 8738
f 7899 7900 7913
f 186 214 227
f 237 3522 3504
f 183 184 225
f 8731 8722 8749
f 194 183 225
f 7888 7863 7910
f 214 158 228
f 3537 202 256
f 158 215 228
f 3498 3506 3426
f 182 209 223
f 3538 3537 255
f 215 198 229
f 208 182 223
f 198 199 230
f 199 188 230
f 3502 3501 3484
f 239 3503 3502
f 192 193 221
f 188 200 231
f 191 192 220
f 216 201 232
f 3454 3455 3500
f 8751 8758 8764
f 238 3504 3503
f 7919 7906 7895
f 3486 3524 3539
f 8738 8759 8765
f 7886 7893 7901
f 239 238 3503
f 3455 3484 3501
f 239 3502 3484
f 211 226 196
f 227 213 186
f 8758 8738 8764
f 238 237 3504
f 7918 7912 7878
f 225 224 194
f 224 209 194
f 255 3523 3538
f 7895 7896 7919
f 229 228 215
f 7885 7886 7901
f 7863 7902 7911
f 256 255 3537
f 208 222 193
f 231 230 188
f 222 221 193
f 221 220 192
f 220 219 191
f 219 207 191
f 217 232 201
f 206 205 180
f 8730 8720 8721
f 3479 3426 3506
f 7904 7902 7864
f 8719 8702 8656
f 3454 3483 3390
f 8727 8735 8741
f 3453 3482 3388
f 238 239 258
f 3505 3524 3459
f 260 239 3484
f 3482 3481 3388
f 3499 3498 3355
f 3301 3451 3499
f 8741 8740 8727
f 7893 7886 7872
f 8759 8738 8706
f 3481 3480 3452
f 257 202 203
f 233 257 203
f 8720 8719 8710
f 8731 8730 8721
f 211 212 248
f 3486 3523 3485
f 184 210 245
f 3480 3427 3386
f 8706 8739 8759
f 8722 8732 8750
f 3523 255 3485
f 214 228 249
f 237 235 236
f 260 259 239
f 229 198 250
f 198 230 251
f 3355 3301 3499
f 222 208 242
f 3453 3390 3483
f 221 222 242
f 231 200 252
f 259 258 239
f 200 216 252
f 207 219 241
f 258 237 238
f 7872 7873 7893
f 206 207 241
f 216 232 254
f 232 217 204
f 162 205 240
f 204 162 240
f 8656 8710 8719
f 8728 8716 8735
f 3452 3388 3481
f 8751 8752 8758
f 7864 7903 7904
f 3486 3459 3524
f 8735 8727 8728
f 260 3484 3456
f 3386 3452 3480
f 3455 3456 3484
f 3426 3355 3498
f 8753 8739 8726
f 247 226 211
f 195 246 210
f 246 245 210
f 248 247 211
f 213 248 212
f 8691 8727 8740
f 8752 8738 8758
f 245 225 184
f 8707 8701 8718
f 224 244 209
f 244 223 209
f 229 249 228
f 8726 8691 8753
f 251 250 198
f 223 243 208
f 8721 8720 8711
f 243 242 208
f 231 251 230
f 242 220 221
f 8718 8717 8692
f 253 252 216
f 204 254 232
f 254 253 216
f 7900 7899 7890
f 7889 7865 7912
f 8723 8714 8751
f 7863 7864 7902
f 8721 8712 8731
f 8709 8708 8663
f 8710 8711 8720
f 255 256 270
f 7890 7891 7900
f 256 202 271
f 202 257 272
f 8722 8731 8712
f 8692 8707 8718
f 7865 7878 7912
f 8752 8751 8714
f 8708 8701 8662
f 259 260 275
f 235 237 273
f 3453 3388 3389
f 8663 8702 8709
f 3455 3454 3429
f 237 258 274
f 3505 3459 3460
f 276 260 3456
f 7857 7885 7892
f 7892 7891 7870
f 3388 3452 3428
f 8710 8656 8693
f 7899 7898 7884
f 8662 8663 8708
f 271 270 256
f 272 271 202
f 7886 7885 7858
f 7884 7890 7899
f 3456 3455 276
f 7903 7864 7876
f 276 275 260
f 3460 3424 3505
f 7870 7857 7892
f 224 225 266
f 214 249 268
f 8717 8716 8700
f 243 223 265
f 8660 8716 8728
f 3390 3429 3454
f 3389 3390 3453
f 274 273 237
f 7858 7872 7886
f 251 231 269
f 231 252 269
f 220 242 264
f 219 220 264
f 241 219 263
f 8700 8692 8717
f 205 206 261
f 8714 8737 8752
f 3429 3430 3455
f 3427 3451 3356
f 8728 8727 8660
f 7888 7887 7861
f 7898 7897 7883
f 7891 7890 7869
f 3386 3428 3452
f 3430 276 3455
f 8683 8701 8707
f 8711 8712 8721
f 8711 8710 8694
f 7883 7884 7898
f 7875 7861 7887
f 7871 7858 7885
f 3457 3486 3485
f 7894 7903 7876
f 7885 7857 7871
f 267 227 214
f 268 267 214
f 8737 8738 8752
f 7906 7905 7880
f 7869 7870 7891
f 244 265 223
f 8693 8694 8710
f 8656 8702 8663
f 7905 7879 7880
f 3479 3424 3425
f 264 263 219
f 241 262 206
f 262 261 206
f 8692 8683 8707
f 8716 8660 8700
f 7897 7896 7882
f 7867 7895 7906
f 7861 7862 7888
f 8739 8706 8725
f 3385 3356 3451
f 7873 7872 7846
f 3425 3426 3479
f 7874 7873 7836
f 7882 7883 7897
f 8732 8722 8704
f 7872 7858 7859
f 8674 8660 8727
f 7880 7867 7906
f 235 273 286
f 8722 8712 8713
f 7875 7874 7836
f 8727 8691 8674
f 8725 8726 8739
f 290 3430 3429
f 3429 3390 3391
f 8701 8683 8676
f 7889 7894 7850
f 7884 7869 7890
f 3301 3385 3451
f 273 274 287
f 259 275 289
f 7862 7863 7888
f 8694 8695 8711
f 274 258 288
f 258 259 288
f 7861 7875 7860
f 3388 3428 3387
f 8676 8662 8701
f 3428 3386 3387
f 7859 7846 7872
f 7846 7836 7873
f 7858 7871 7843
f 7896 7895 7881
f 7876 7850 7894
f 3486 3457 3458
f 7868 7882 7896
f 248 213 283
f 213 227 283
f 3386 3427 3357
f 286 234 235
f 290 3429 3391
f 7836 7860 7875
f 290 276 3430
f 244 224 282
f 8712 8711 8703
f 8738 8737 8734
f 249 229 284
f 265 244 281
f 229 250 285
f 287 286 273
f 3485 255 306
f 243 265 280
f 250 251 285
f 8723 8732 8704
f 242 243 279
f 264 242 279
f 254 204 277
f 288 287 274
f 204 240 278
f 240 205 278
f 289 288 259
f 8695 8703 8711
f 7881 7868 7896
f 8714 8733 8737
f 270 306 255
f 3458 3459 3486
f 8734 8706 8738
f 7871 7857 7843
f 267 283 227
f 245 266 225
f 266 282 224
f 8733 8734 8737
f 284 268 249
f 306 3457 3485
f 285 284 229
f 3356 3357 3427
f 280 279 243
f 8713 8704 8722
f 7867 7881 7895
f 8697 8714 8723
f 278 277 204
f 261 278 205
f 7869 7884 7856
f 7859 7858 7845
f 270 271 307
f 257 233 308
f 8693 8656 8653
f 8713 8712 8696
f 233 234 308
f 276 290 312
f 314 290 3391
f 275 276 311
f 3424 3460 3423
f 314 3391 3390
f 289 275 311
f 315 3390 3389
f 8703 8696 8712
f 8692 8700 8661
f 7861 7860 7847
f 7858 7843 7844
f 3389 3388 315
f 287 288 309
f 7845 7846 7859
f 3388 3387 342
f 3460 3459 3392
f 7884 7883 7855
f 7876 7864 7817
f 272 307 271
f 7889 7850 7877
f 3387 3386 358
f 7844 7845 7858
f 3459 3458 378
f 7836 7847 7860
f 7870 7869 7842
f 314 313 290
f 313 312 290
f 195 226 300
f 312 311 276
f 3458 3457 3431
f 315 314 3390
f 7842 7857 7870
f 8694 8693 8664
f 282 266 298
f 267 268 301
f 8734 8733 8724
f 3457 306 3431
f 311 310 289
f 7855 7856 7884
f 309 286 287
f 8683 8692 8682
f 285 251 302
f 253 254 305
f 263 264 295
f 264 279 296
f 251 269 303
f 241 263 295
f 310 288 289
f 342 315 3388
f 269 252 304
f 7862 7861 7848
f 3392 3423 3460
f 7847 7837 7861
f 262 241 293
f 278 261 291
f 261 262 292
f 8653 8664 8693
f 3426 3425 428
f 358 342 3387
f 8714 8724 8733
f 7883 7882 7854
f 378 3392 3459
f 8704 8713 8685
f 8695 8684 8703
f 3357 358 3386
f 8695 8694 8664
f 3356 3385 389
f 3431 378 3458
f 247 300 226
f 7837 7848 7861
f 246 299 245
f 8696 8685 8713
f 8726 8725 8681
f 7863 7849 7864
f 8715 8706 8734
f 7877 7865 7889
f 428 3355 3426
f 245 298 266
f 8681 8691 8726
f 282 281 244
f 284 301 268
f 7846 7845 7827
f 7879 7878 7832
f 8724 8715 8734
f 7841 7842 7869
f 281 297 265
f 7836 7846 7814
f 7854 7855 7883
f 302 284 285
f 297 280 265
f 3425 3424 429
f 296 295 264
f 303 302 251
f 295 294 241
f 304 303 269
f 277 305 254
f 294 293 241
f 291 277 278
f 7845 7844 7826
f 293 292 262
f 7863 7862 7838
f 8704 8687 8723
f 7857 7842 7835
f 429 428 3425
f 257 308 335
f 8684 8696 8703
f 8660 8661 8700
f 313 314 341
f 312 313 340
f 311 312 339
f 7856 7841 7869
f 7848 7838 7862
f 8684 8695 8677
f 234 286 336
f 7837 7847 7828
f 7827 7814 7846
f 7835 7843 7857
f 7826 7827 7845
f 8664 8677 8695
f 8661 8682 8692
f 286 309 337
f 3301 389 3385
f 7844 7843 7825
f 7868 7854 7882
f 309 288 338
f 8699 8681 8725
f 7836 7828 7847
f 8683 8682 8650
f 8724 8714 8705
f 7825 7826 7844
f 8687 8697 8723
f 8650 8676 8683
f 335 272 257
f 341 340 313
f 336 308 234
f 340 339 312
f 300 247 327
f 248 283 328
f 342 314 315
f 8706 8699 8725
f 283 267 328
f 7865 7877 7831
f 298 245 325
f 282 298 324
f 337 336 286
f 7848 7837 7829
f 281 282 322
f 301 284 330
f 284 302 331
f 280 297 320
f 8663 8662 8651
f 279 280 320
f 338 337 309
f 295 296 319
f 252 253 333
f 303 304 332
f 304 252 333
f 7838 7849 7863
f 310 338 288
f 293 294 317
f 3357 3356 389
f 277 291 316
f 291 261 316
f 7850 7831 7877
f 306 352 3431
f 8662 8676 8644
f 7824 7825 7843
f 8649 8650 8682
f 3302 358 3357
f 7878 7865 7851
f 300 326 195
f 7867 7880 7866
f 326 246 195
f 7867 7868 7881
f 352 378 3431
f 248 327 247
f 329 328 267
f 325 324 298
f 324 323 282
f 323 322 282
f 8696 8684 8665
f 7880 7879 7839
f 322 321 281
f 7879 7832 7839
f 331 330 284
f 8676 8650 8644
f 8705 8715 8724
f 321 297 281
f 389 3302 3357
f 8682 8661 8675
f 320 296 279
f 305 333 253
f 332 302 303
f 7841 7856 7834
f 333 332 304
f 295 318 294
f 334 305 277
f 316 334 277
f 318 317 294
f 317 292 293
f 7854 7868 7853
f 7835 7824 7843
f 7850 7876 7817
f 8675 8649 8682
f 306 270 307
f 8704 8685 8686
f 7829 7838 7848
f 3424 3423 430
f 7835 7842 7822
f 308 336 354
f 340 341 357
f 339 340 356
f 7814 7828 7836
f 341 314 357
f 7856 7855 7834
f 7851 7832 7878
f 7839 7866 7880
f 336 337 355
f 337 338 355
f 3423 3392 3340
f 7825 7824 7800
f 430 429 3424
f 7829 7837 7816
f 3392 378 377
f 307 353 306
f 353 352 306
f 7849 7838 7830
f 8697 8705 8714
f 8663 8651 8652
f 354 335 308
f 7849 7817 7864
f 357 356 340
f 7828 7816 7837
f 326 300 347
f 300 327 347
f 327 248 348
f 7842 7841 7821
f 3340 430 3423
f 342 357 314
f 8706 8715 8690
f 8662 8644 8645
f 339 310 311
f 7868 7867 7852
f 267 301 349
f 301 330 350
f 8677 361 8684
f 7820 7834 7855
f 7855 7854 7840
f 297 321 346
f 8665 8685 8696
f 7865 7831 7819
f 8715 8705 8698
f 302 332 351
f 296 320 319
f 427 3301 3355
f 318 295 345
f 317 318 343
f 7827 7826 7813
f 377 3340 3392
f 7814 7827 7781
f 7821 7822 7842
f 8686 8687 8704
f 8677 8664 8657
f 7867 7866 7852
f 428 427 3355
f 8649 8675 8648
f 7852 7853 7868
f 8645 8651 8662
f 7826 7825 7801
f 7841 7834 7821
f 7840 7820 7855
f 8652 8656 8663
f 7828 7814 7802
f 328 348 248
f 299 325 245
f 7866 7839 394
f 7838 7829 7804
f 349 329 267
f 324 322 323
f 350 349 301
f 361 8665 8684
f 7854 7853 359
f 7813 7781 7827
f 346 320 297
f 8698 8690 8715
f 351 331 302
f 7835 7822 7823
f 319 345 295
f 7801 7813 7826
f 345 344 318
f 344 343 318
f 292 316 261
f 343 292 317
f 7830 7806 7849
f 7816 7828 7815
f 7823 7824 7835
f 7819 7851 7865
f 394 7852 7866
f 359 7840 7854
f 7800 7801 7825
f 356 357 385
f 339 356 384
f 336 355 379
f 342 358 387
f 357 342 386
f 310 339 382
f 7802 7815 7828
f 7817 7849 7806
f 8657 361 8677
f 388 358 3302
f 8661 8648 8675
f 7800 7824 7799
f 8685 8665 8666
f 7853 7852 359
f 7829 7816 7793
f 8656 8652 8646
f 8653 8654 8664
f 8706 8690 8679
f 7804 7830 7838
f 7817 7831 7850
f 379 354 336
f 347 327 373
f 385 384 356
f 299 246 372
f 386 385 357
f 384 383 339
f 7813 7801 7791
f 325 299 371
f 387 386 342
f 8673 8674 8691
f 383 382 339
f 324 325 370
f 388 387 358
f 322 324 369
f 382 381 310
f 8698 8705 8688
f 381 380 310
f 321 322 367
f 380 338 310
f 330 331 374
f 7814 7781 7771
f 331 351 374
f 333 305 376
f 319 320 366
f 345 319 365
f 8697 8688 8705
f 332 333 375
f 344 345 364
f 305 334 362
f 334 316 363
f 8644 8650 407
f 8687 8668 8697
f 316 292 363
f 7802 7814 7771
f 389 388 3302
f 7824 7823 7812
f 8679 8699 8706
f 8654 8657 8664
f 360 359 7852
f 7851 7819 501
f 7791 7781 7813
f 7840 359 7833
f 348 373 327
f 326 372 246
f 372 371 299
f 7815 7802 7792
f 371 370 325
f 8646 8653 8656
f 370 369 324
f 7812 7799 7824
f 369 368 322
f 368 367 322
f 367 346 321
f 360 7852 394
f 346 366 320
f 376 375 333
f 366 365 319
f 362 376 305
f 8686 8685 396
f 375 351 332
f 7793 7804 7829
f 363 362 334
f 364 343 344
f 7833 7820 7840
f 7816 7815 7803
f 8681 8699 8680
f 7823 7822 7811
f 8666 396 8685
f 353 307 434
f 307 272 434
f 378 352 432
f 272 335 435
f 8688 8697 8668
f 335 354 436
f 7831 7817 7818
f 431 430 3340
f 444 389 3301
f 384 385 441
f 7820 7821 7834
f 379 355 437
f 501 7832 7851
f 383 384 441
f 8652 8651 404
f 8651 8645 405
f 355 338 438
f 387 388 442
f 381 382 440
f 338 380 439
f 388 389 442
f 431 3340 377
f 7811 7812 7823
f 7830 7804 7805
f 7792 7803 7815
f 7822 7821 7811
f 8699 8679 8680
f 8655 8648 8661
f 8687 8686 8667
f 8691 8681 8673
f 359 360 393
f 433 352 353
f 435 434 272
f 432 377 378
f 436 435 335
f 8657 8654 401
f 405 404 8651
f 437 354 379
f 469 8660 8674
f 396 8667 8686
f 438 437 355
f 427 444 3301
f 370 371 420
f 7803 7793 7816
f 404 8646 8652
f 439 438 338
f 8653 8646 402
f 444 443 389
f 369 370 419
f 359 392 7833
f 440 380 381
f 443 442 389
f 329 349 421
f 8665 361 399
f 349 350 422
f 390 7809 7820
f 350 330 423
f 390 7820 7833
f 346 367 417
f 366 346 417
f 365 366 416
f 375 376 425
f 376 362 411
f 8661 8660 469
f 351 375 424
f 362 363 412
f 343 364 413
f 364 345 415
f 7801 7800 7779
f 7821 7820 7810
f 395 394 7839
f 469 8655 8661
f 393 392 359
f 394 393 360
f 7780 7791 7801
f 7810 7811 7821
f 8650 8649 408
f 8654 8653 402
f 420 419 370
f 391 390 7833
f 7779 7780 7801
f 392 391 7833
f 361 8657 401
f 421 328 329
f 7839 7832 395
f 7812 7811 7798
f 422 421 349
f 418 368 369
f 7771 7782 7802
f 423 422 350
f 7805 7806 7830
f 408 407 8650
f 374 423 330
f 8674 8673 469
f 417 416 366
f 426 425 376
f 411 426 376
f 424 374 351
f 412 411 362
f 425 424 375
f 7798 7799 7812
f 7803 7792 7783
f 414 413 364
f 365 415 345
f 413 292 343
f 415 414 364
f 8688 8689 8698
f 7782 7792 7802
f 8667 8658 8687
f 8666 8665 399
f 8689 8690 8698
f 377 432 481
f 8645 8644 407
f 7809 7810 7820
f 436 354 483
f 441 385 489
f 354 437 483
f 7800 7799 7790
f 8668 8687 8658
f 7790 7779 7800
f 8646 404 403
f 383 441 488
f 382 383 486
f 440 382 486
f 439 380 484
f 380 440 485
f 385 386 491
f 8649 8648 409
f 402 8647 8654
f 387 442 493
f 386 387 492
f 409 408 8649
f 427 428 480
f 468 8648 8655
f 7811 7810 7797
f 7791 7780 7770
f 406 405 8645
f 7797 7798 7811
f 407 406 8645
f 390 391 447
f 392 393 449
f 391 392 448
f 403 402 8646
f 393 394 450
f 394 395 450
f 434 433 353
f 482 435 436
f 7783 7793 7803
f 481 431 377
f 483 482 436
f 8647 401 8654
f 372 326 477
f 490 489 385
f 489 488 441
f 7819 7831 7807
f 7799 7798 7789
f 7770 7781 7791
f 484 438 439
f 485 484 380
f 488 487 383
f 487 486 383
f 369 419 476
f 491 490 385
f 492 491 386
f 368 418 475
f 445 7809 390
f 429 480 428
f 494 493 442
f 367 368 475
f 443 494 442
f 7789 7790 7799
f 417 367 474
f 493 492 387
f 8689 8688 8669
f 416 417 473
f 399 397 8666
f 7748 7771 7781
f 374 424 479
f 365 416 472
f 469 468 8655
f 7810 7809 7796
f 410 409 8648
f 7792 7782 7772
f 8648 468 410
f 7804 7793 7785
f 7818 7807 7831
f 446 445 390
f 7796 7797 7810
f 397 396 8666
f 447 446 390
f 449 448 392
f 448 447 391
f 8668 8669 8688
f 450 449 393
f 451 450 395
f 8690 8689 8671
f 347 477 326
f 373 478 347
f 401 400 361
f 400 399 361
f 420 476 419
f 7832 501 500
f 476 418 369
f 7779 7790 7767
f 7798 7797 7788
f 8659 8673 8681
f 475 474 367
f 479 423 374
f 474 473 417
f 473 472 416
f 396 8658 8667
f 472 415 365
f 8681 8680 8659
f 470 469 8673
f 7806 7776 7817
f 7788 7789 7798
f 471 414 415
f 398 397 399
f 8671 8679 8690
f 8669 8678 8689
f 445 495 7809
f 7818 7817 7777
f 495 7796 7809
f 402 462 8647
f 7781 7770 7760
f 7790 7789 7767
f 433 434 541
f 434 435 541
f 8678 8671 8689
f 352 433 540
f 7772 7783 7792
f 438 484 542
f 488 489 547
f 484 485 542
f 489 490 548
f 485 440 543
f 430 431 539
f 7805 7804 7775
f 7771 7748 7749
f 440 486 544
f 405 406 464
f 487 488 546
f 7793 7783 7784
f 401 8647 461
f 429 430 538
f 500 395 7832
f 490 491 549
f 7776 7777 7817
f 480 429 538
f 491 492 549
f 443 444 553
f 444 427 554
f 427 480 537
f 494 443 552
f 493 494 552
f 8668 8658 453
f 492 493 551
f 7797 7796 7787
f 7785 7775 7804
f 8673 8659 470
f 445 446 496
f 7787 7788 7797
f 462 461 8647
f 447 448 498
f 446 447 498
f 406 407 465
f 402 403 463
f 408 409 467
f 7760 7748 7781
f 407 408 466
f 8672 8659 8680
f 540 432 352
f 477 347 531
f 372 477 530
f 400 401 460
f 7780 7779 7768
f 7769 7770 7780
f 548 547 489
f 543 542 485
f 476 420 529
f 544 543 440
f 328 421 532
f 398 399 458
f 418 476 529
f 545 486 487
f 7766 7767 7789
f 421 422 533
f 547 546 488
f 546 545 487
f 397 398 457
f 8680 8679 518
f 539 538 430
f 396 397 456
f 422 423 533
f 7789 7788 7778
f 549 548 490
f 538 537 480
f 8658 396 455
f 554 553 444
f 423 479 534
f 473 474 527
f 550 549 492
f 7796 495 556
f 553 552 443
f 472 473 527
f 479 424 535
f 552 551 493
f 551 550 492
f 415 472 526
f 7819 7807 7808
f 7777 7807 7818
f 471 415 525
f 426 411 521
f 425 426 536
f 465 464 406
f 7806 7805 7795
f 292 413 523
f 412 363 522
f 363 292 523
f 405 403 404
f 496 495 445
f 7771 7739 7782
f 498 497 446
f 7768 7769 7780
f 499 498 448
f 449 499 448
f 518 8672 8680
f 497 496 446
f 556 7787 7796
f 7779 7767 7768
f 451 395 500
f 467 466 408
f 7778 7766 7789
f 466 465 407
f 7784 7785 7793
f 7775 7795 7805
f 7739 7772 7782
f 478 531 347
f 461 460 401
f 531 530 477
f 7783 7772 7761
f 400 459 399
f 459 458 399
f 529 528 418
f 458 457 398
f 528 475 418
f 457 456 397
f 456 455 396
f 534 533 423
f 535 534 479
f 527 526 472
f 454 453 8658
f 526 525 415
f 521 536 426
f 536 424 425
f 525 524 471
f 412 521 411
f 471 413 414
f 523 522 363
f 7788 7787 555
f 455 454 8658
f 452 8669 8668
f 8671 518 8679
f 453 452 8668
f 7770 7769 7759
f 8669 8670 8678
f 7808 501 7819
f 555 7778 7788
f 433 541 599
f 432 540 598
f 435 482 600
f 7784 7783 7773
f 481 432 597
f 7771 7749 7750
f 437 438 602
f 8670 8671 8678
f 438 542 602
f 431 481 596
f 539 431 596
f 544 486 603
f 486 545 604
f 545 546 604
f 547 548 605
f 7739 7771 7750
f 7795 7776 7806
f 548 549 606
f 7759 7760 7770
f 537 538 595
f 427 537 593
f 549 550 607
f 551 552 609
f 550 551 608
f 403 405 511
f 7769 7768 7758
f 495 496 557
f 7761 7773 7783
f 8672 518 517
f 497 498 559
f 463 403 510
f 496 497 559
f 7807 7777 7786
f 499 449 561
f 409 410 513
f 449 450 561
f 410 468 514
f 402 463 508
f 7758 7759 7769
f 517 8659 8672
f 462 402 508
f 469 470 515
f 7766 7778 7765
f 600 541 435
f 599 540 433
f 601 482 483
f 437 601 483
f 598 597 432
f 7772 7739 7751
f 478 373 589
f 371 372 587
f 597 596 481
f 420 371 586
f 529 420 585
f 459 400 507
f 562 7808 7807
f 528 529 584
f 458 459 506
f 421 533 590
f 604 603 486
f 452 502 8669
f 7785 7784 7774
f 457 458 505
f 456 457 504
f 455 456 504
f 539 595 538
f 452 453 503
f 474 475 582
f 606 605 548
f 595 594 537
f 527 474 582
f 464 511 405
f 594 593 537
f 526 527 581
f 607 606 549
f 556 555 7787
f 593 554 427
f 553 609 552
f 608 607 550
f 609 608 551
f 424 536 591
f 536 521 592
f 521 412 592
f 413 471 579
f 557 556 495
f 502 8670 8669
f 511 510 403
f 519 518 8671
f 560 559 498
f 499 560 498
f 510 509 463
f 512 467 409
f 558 557 496
f 513 512 409
f 7773 7774 7784
f 559 558 496
f 514 513 410
f 509 508 463
f 469 514 468
f 7744 7758 7768
f 520 8671 8670
f 7768 7767 7757
f 7760 7759 7747
f 562 7807 7786
f 588 530 531
f 7778 555 610
f 478 588 531
f 348 589 373
f 587 586 371
f 586 585 420
f 460 507 400
f 532 348 328
f 562 501 7808
f 516 8659 517
f 585 584 529
f 507 506 459
f 590 532 421
f 506 505 458
f 583 475 528
f 505 504 457
f 454 503 453
f 582 581 527
f 7775 7763 7795
f 516 470 8659
f 7759 7758 7746
f 526 580 525
f 591 535 424
f 580 524 525
f 524 579 471
f 522 592 412
f 579 523 413
f 7751 7761 7772
f 520 519 8671
f 7757 7744 7768
f 610 7765 7778
f 502 520 8670
f 7775 7785 7753
f 7767 7766 7757
f 7776 7795 7763
f 7747 7748 7760
f 7773 7761 7762
f 7746 7747 7759
f 599 541 644
f 601 437 647
f 600 482 646
f 540 599 643
f 437 602 647
f 7774 7753 7785
f 602 542 648
f 597 598 642
f 542 543 650
f 596 597 641
f 546 547 651
f 547 605 651
f 593 594 640
f 605 606 652
f 511 464 568
f 553 554 657
f 606 607 653
f 609 553 655
f 7758 7744 7745
f 607 608 654
f 608 609 654
f 554 593 658
f 555 556 610
f 510 511 567
f 556 557 611
f 7745 7746 7758
f 7774 7773 7762
f 7766 7765 7756
f 464 465 569
f 558 559 614
f 560 499 615
f 467 512 571
f 557 558 612
f 512 513 573
f 466 467 570
f 513 514 574
f 514 469 575
f 462 508 461
f 7756 7757 7766
f 515 470 576
f 645 644 541
f 600 645 541
f 601 646 482
f 460 461 566
f 648 647 602
f 643 598 540
f 649 648 542
f 348 532 637
f 650 649 542
f 516 517 577
f 642 641 597
f 517 518 577
f 544 650 543
f 528 584 583
f 641 539 596
f 582 475 636
f 454 455 564
f 503 454 563
f 502 452 503
f 581 582 635
f 526 581 635
f 595 640 594
f 580 526 634
f 653 652 606
f 657 656 553
f 640 658 593
f 656 655 553
f 654 653 607
f 655 654 609
f 658 657 554
f 536 592 639
f 568 567 511
f 592 522 633
f 522 523 633
f 7747 7746 7723
f 611 610 556
f 7748 7747 7730
f 569 568 464
f 560 614 559
f 7761 7751 7714
f 612 611 557
f 614 613 558
f 561 615 499
f 572 571 512
f 571 570 467
f 573 572 512
f 613 612 558
f 7744 7757 7743
f 574 573 513
f 570 465 466
f 7765 610 7755
f 575 574 514
f 515 575 469
f 7749 7748 7737
f 7753 7774 7752
f 7762 7752 7774
f 530 587 372
f 566 565 460
f 7746 7745 7728
f 565 507 460
f 7755 7756 7765
f 578 577 518
f 519 578 518
f 583 636 475
f 7723 7724 7747
f 504 564 455
f 534 638 533
f 564 563 454
f 636 635 582
f 7763 7764 7776
f 7724 7730 7747
f 7750 7749 7738
f 635 634 526
f 639 591 536
f 7728 7723 7746
f 7757 7756 7743
f 7730 7737 7748
f 7762 7761 7732
f 645 600 710
f 646 601 712
f 600 646 711
f 599 644 708
f 7737 7738 7749
f 598 643 707
f 641 642 706
f 539 641 706
f 603 604 713
f 7745 7744 7727
f 604 546 714
f 7714 7732 7761
f 595 539 705
f 640 595 703
f 658 640 703
f 7727 7728 7745
f 656 657 718
f 652 653 715
f 657 658 719
f 654 655 716
f 653 654 716
f 610 611 659
f 568 569 626
f 7738 7739 7750
f 7751 7739 7725
f 613 614 661
f 614 560 662
f 611 612 660
f 560 615 663
f 612 613 661
f 509 510 625
f 561 450 665
f 572 573 628
f 450 451 665
f 465 570 627
f 508 509 624
f 7742 7743 7756
f 610 659 7755
f 461 508 623
f 711 710 600
f 710 709 645
f 647 712 601
f 709 644 645
f 587 530 697
f 589 348 637
f 708 643 599
f 7756 7755 7742
f 585 586 696
f 470 516 631
f 707 642 598
f 584 585 695
f 507 565 621
f 506 507 621
f 583 584 694
f 505 506 620
f 714 713 604
f 533 638 698
f 706 705 539
f 563 564 618
f 519 520 632
f 638 534 699
f 520 502 616
f 502 503 616
f 705 704 595
f 534 535 699
f 634 635 691
f 704 703 595
f 535 591 700
f 580 634 690
f 524 580 689
f 591 639 701
f 703 719 658
f 656 717 655
f 719 718 657
f 717 716 655
f 579 524 689
f 7736 7727 7744
f 716 715 653
f 7732 7752 7762
f 7737 7730 7712
f 523 579 687
f 660 659 611
f 633 523 686
f 7753 7763 7775
f 662 661 614
f 7744 7743 7735
f 663 662 560
f 661 660 612
f 664 663 615
f 7777 829 7786
f 561 664 615
f 625 624 509
f 574 628 573
f 627 569 465
f 666 500 501
f 624 623 508
f 629 575 515
f 7729 7723 7728
f 7738 7737 7731
f 576 629 515
f 623 566 461
f 562 7786 829
f 588 697 530
f 630 576 470
f 587 696 586
f 631 630 470
f 7725 7714 7751
f 566 622 565
f 577 631 516
f 622 621 565
f 7735 7736 7744
f 695 694 584
f 621 620 506
f 694 693 583
f 505 619 504
f 619 564 504
f 693 636 583
f 699 698 638
f 616 632 520
f 563 617 503
f 617 616 503
f 636 692 635
f 692 691 635
f 700 699 535
f 691 690 634
f 701 700 591
f 690 689 580
f 702 639 592
f 689 688 579
f 633 702 592
f 688 687 579
f 659 7742 7755
f 687 686 523
f 7739 7738 7713
f 7743 7742 720
f 7712 7731 7737
f 7777 7776 7754
f 709 710 759
f 708 644 758
f 720 7735 7743
f 707 643 757
f 649 650 761
f 642 707 757
f 568 626 675
f 650 544 761
f 706 642 756
f 603 713 762
f 7731 7713 7738
f 7727 7736 7720
f 567 568 674
f 829 7777 7754
f 546 651 714
f 7764 7754 7776
f 703 704 754
f 651 605 764
f 719 703 753
f 605 652 765
f 659 660 722
f 716 717 766
f 656 718 767
f 718 719 768
f 7723 7729 7722
f 626 569 676
f 660 661 725
f 661 662 725
f 7730 7724 7704
f 570 571 677
f 561 665 727
f 571 572 679
f 665 451 727
f 572 628 679
f 569 627 676
f 628 574 680
f 451 500 728
f 624 625 623
f 574 575 681
f 501 562 666
f 721 7742 659
f 575 629 682
f 729 562 829
f 7713 7725 7739
f 711 759 710
f 712 711 646
f 760 647 648
f 7729 7728 7721
f 758 643 708
f 649 760 648
f 622 566 672
f 532 590 749
f 631 577 683
f 694 695 748
f 757 756 642
f 620 621 671
f 675 674 568
f 693 694 747
f 577 578 684
f 590 533 698
f 756 705 706
f 578 519 684
f 714 762 713
f 636 693 746
f 563 618 668
f 617 563 668
f 519 632 685
f 692 636 745
f 616 617 667
f 705 755 704
f 632 616 667
f 763 714 651
f 755 754 704
f 764 763 651
f 754 753 703
f 676 675 626
f 765 764 605
f 7736 7735 769
f 753 768 719
f 715 765 652
f 639 702 752
f 767 717 656
f 768 767 718
f 723 722 660
f 721 720 7742
f 7728 7727 7721
f 725 724 660
f 724 723 660
f 567 673 510
f 7721 7722 7729
f 726 662 663
f 664 726 663
f 677 627 570
f 678 677 571
f 7704 7712 7730
f 673 625 510
f 7732 7715 7752
f 679 678 571
f 728 727 451
f 680 679 628
f 722 721 659
f 681 680 574
f 7764 7763 7716
f 7753 7716 7763
f 729 666 562
f 769 7720 7736
f 682 681 575
f 7753 7752 7715
f 623 672 566
f 696 695 585
f 749 637 532
f 622 671 621
f 748 747 694
f 750 749 590
f 684 683 577
f 698 750 590
f 7735 720 770
f 620 670 505
f 670 619 505
f 619 669 564
f 685 684 519
f 669 618 564
f 751 698 699
f 746 745 636
f 745 691 692
f 668 667 617
f 667 685 632
f 700 751 699
f 752 701 639
f 7712 7713 7731
f 7723 7722 7689
f 7724 7723 7690
f 7709 7721 7727
f 770 769 7735
f 759 711 812
f 711 712 813
f 712 647 814
f 758 644 811
f 761 544 815
f 7722 7721 7711
f 705 756 809
f 7716 7741 7764
f 714 763 816
f 720 721 772
f 768 753 821
f 721 722 772
f 715 716 766
f 766 717 818
f 765 715 817
f 717 767 818
f 7720 7709 7727
f 767 768 820
f 7715 7716 7753
f 722 723 773
f 675 676 735
f 723 724 775
f 724 725 776
f 7689 7690 7723
f 7711 7689 7722
f 725 662 776
f 627 677 736
f 678 679 738
f 7690 7704 7724
f 679 680 739
f 500 666 777
f 813 812 711
f 588 478 802
f 814 813 712
f 697 588 801
f 587 697 801
f 629 576 740
f 576 630 741
f 760 814 647
f 637 749 804
f 758 810 643
f 630 631 742
f 622 672 733
f 810 757 643
f 631 683 742
f 603 815 544
f 620 671 732
f 693 747 800
f 684 685 743
f 618 669 731
f 668 618 731
f 698 751 805
f 667 668 730
f 685 667 730
f 7721 7709 7710
f 751 700 806
f 700 701 806
f 754 821 753
f 771 770 720
f 772 771 720
f 701 752 807
f 766 817 715
f 821 820 768
f 7710 7711 7721
f 773 772 722
f 819 818 767
f 820 819 767
f 674 734 567
f 776 775 724
f 774 773 723
f 775 774 723
f 734 673 567
f 726 776 662
f 736 676 627
f 737 677 678
f 738 737 678
f 739 738 679
f 777 728 500
f 681 739 680
f 802 801 588
f 740 682 629
f 803 802 478
f 589 803 478
f 7741 7718 7764
f 7705 7713 7712
f 741 740 576
f 742 741 630
f 733 671 622
f 748 800 747
f 743 683 684
f 732 670 620
f 744 743 685
f 7732 7714 7706
f 730 744 685
f 806 805 751
f 691 799 690
f 7754 7764 7733
f 799 689 690
f 807 806 701
f 808 807 752
f 702 808 752
f 689 798 688
f 798 687 688
f 7711 7710 7703
f 7718 7733 7764
f 7703 7689 7711
f 7725 7713 7693
f 709 759 862
f 644 709 811
f 760 649 863
f 7712 7704 7705
f 649 761 864
f 7715 7732 7706
f 761 815 864
f 762 714 866
f 755 705 809
f 674 675 788
f 754 755 861
f 816 763 867
f 769 770 823
f 821 754 859
f 764 765 868
f 820 821 873
f 771 772 824
f 819 820 873
f 766 818 871
f 817 766 869
f 772 773 824
f 818 819 872
f 765 817 869
f 7700 7709 7720
f 775 776 826
f 774 775 825
f 676 736 789
f 735 676 789
f 7720 769 822
f 736 677 790
f 677 737 791
f 664 561 828
f 625 673 787
f 737 738 793
f 738 739 793
f 623 625 786
f 7702 7703 7710
f 681 682 794
f 7710 7709 7702
f 672 623 785
f 802 803 855
f 862 811 709
f 682 740 795
f 589 637 857
f 803 589 856
f 7713 7705 7691
f 804 749 858
f 741 742 796
f 695 696 853
f 742 683 796
f 864 863 649
f 810 756 757
f 748 695 852
f 683 743 797
f 800 748 851
f 865 864 815
f 7733 829 7754
f 603 865 815
f 822 7700 7720
f 670 732 782
f 669 619 781
f 730 668 778
f 668 731 779
f 744 730 778
f 816 866 714
f 809 861 755
f 861 860 754
f 823 822 769
f 764 867 763
f 860 859 754
f 735 788 675
f 771 823 770
f 859 873 821
f 7689 7703 7688
f 872 871 818
f 870 869 766
f 869 868 765
f 873 872 819
f 686 687 848
f 633 686 848
f 702 633 847
f 774 824 773
f 826 825 775
f 7693 7714 7725
f 827 826 776
f 791 790 677
f 734 787 673
f 726 827 776
f 790 789 736
f 7703 7702 7687
f 828 726 664
f 792 791 737
f 787 786 625
f 727 828 561
f 793 792 737
f 7687 7688 7703
f 794 739 681
f 786 785 623
f 795 794 682
f 857 856 589
f 855 801 802
f 804 857 637
f 785 784 672
f 7704 7690 7679
f 587 854 696
f 854 853 696
f 784 783 672
f 750 858 749
f 783 733 672
f 797 796 683
f 852 851 748
f 733 732 671
f 7701 7702 7709
f 670 781 619
f 779 778 668
f 781 780 669
f 780 731 669
f 745 850 691
f 850 799 691
f 799 849 689
f 849 798 689
f 7693 7713 7692
f 848 847 633
f 7705 7704 7680
f 7691 7692 7713
f 7700 7701 7709
f 812 813 918
f 7716 7717 7741
f 862 759 916
f 759 812 917
f 811 862 915
f 758 811 914
f 756 810 913
f 863 864 921
f 7679 7680 7704
f 7686 7687 7702
f 7688 7687 7676
f 674 788 838
f 816 867 922
f 822 823 874
f 873 859 912
f 829 7733 7734
f 823 771 875
f 771 824 875
f 871 872 926
f 766 871 925
f 872 873 927
f 868 869 923
f 870 766 924
f 824 774 877
f 788 735 839
f 734 674 837
f 774 825 877
f 7700 822 7684
f 825 826 879
f 787 734 836
f 826 827 880
f 735 789 840
f 7702 7701 7686
f 790 791 842
f 827 726 881
f 789 790 841
f 7689 7688 7677
f 7680 7671 7705
f 7690 7689 7678
f 793 739 843
f 7714 7693 7681
f 785 786 835
f 666 729 882
f 729 829 883
f 856 857 905
f 918 917 812
f 919 918 813
f 855 803 904
f 917 916 759
f 801 855 903
f 814 919 813
f 784 785 835
f 857 804 906
f 587 801 902
f 760 920 814
f 804 858 906
f 914 810 758
f 733 783 834
f 778 779 830
f 732 733 833
f 865 921 864
f 913 809 756
f 750 698 908
f 744 778 830
f 693 800 901
f 731 780 831
f 781 670 832
f 746 693 900
f 698 805 909
f 922 866 816
f 745 746 899
f 805 806 909
f 7717 7718 7741
f 7671 7691 7705
f 860 912 859
f 806 807 910
f 875 874 823
f 912 927 873
f 876 875 824
f 798 849 898
f 839 838 788
f 838 837 674
f 926 925 871
f 7676 7677 7688
f 877 876 824
f 808 702 911
f 7677 7678 7689
f 925 924 766
f 848 687 896
f 927 926 872
f 847 848 896
f 687 798 897
f 7675 7676 7687
f 878 877 825
f 879 878 825
f 880 879 826
f 837 836 734
f 7687 7686 7675
f 881 880 827
f 842 841 790
f 841 840 789
f 840 839 735
f 792 842 791
f 874 7684 822
f 843 792 793
f 794 843 739
f 7701 7700 7674
f 882 777 666
f 7678 7679 7690
f 883 882 729
f 7674 7686 7701
f 856 904 803
f 904 903 855
f 906 905 857
f 844 795 740
f 835 783 784
f 741 845 740
f 845 844 740
f 796 846 741
f 907 858 750
f 7734 883 829
f 834 833 733
f 908 907 750
f 833 782 732
f 831 779 731
f 782 832 670
f 909 908 698
f 901 900 693
f 900 899 746
f 899 850 745
f 910 909 806
f 847 911 702
f 898 897 798
f 897 896 687
f 7681 7706 7714
f 7734 7733 7726
f 7718 7726 7733
f 7678 7677 7670
f 862 916 975
f 915 862 974
f 7677 7676 7656
f 920 760 976
f 760 863 977
f 865 603 979
f 603 762 979
f 7685 7674 7700
f 860 861 973
f 922 867 981
f 7691 7671 7672
f 867 764 982
f 874 875 928
f 7715 7706 7694
f 875 876 929
f 927 912 988
f 924 925 985
f 7667 7675 7686
f 876 877 930
f 925 926 986
f 926 927 986
f 870 924 983
f 869 870 983
f 838 839 889
f 878 879 933
f 879 880 934
f 726 828 935
f 841 842 891
f 7679 7678 7615
f 7676 7675 7668
f 828 727 937
f 842 792 892
f 727 728 937
f 786 787 888
f 7669 7656 7676
f 7656 7670 7677
f 728 777 938
f 777 882 939
f 835 786 887
f 882 883 940
f 7668 7669 7676
f 904 856 967
f 920 919 814
f 905 906 968
f 902 801 966
f 783 835 886
f 854 587 965
f 7684 7685 7700
f 975 974 862
f 846 796 894
f 883 7734 7719
f 915 914 811
f 977 976 760
f 695 853 964
f 858 907 969
f 7670 7615 7678
f 834 783 885
f 921 977 863
f 830 779 884
f 852 695 963
f 851 852 963
f 978 921 865
f 7674 7667 7686
f 979 978 865
f 744 830 895
f 743 744 895
f 7692 7691 7672
f 7680 7679 7615
f 908 909 970
f 980 866 922
f 809 973 861
f 981 980 922
f 909 910 970
f 982 981 867
f 860 989 912
f 7726 7719 7734
f 910 807 972
f 989 988 912
f 929 928 875
f 868 982 764
f 988 987 927
f 930 929 876
f 987 986 927
f 983 923 869
f 985 984 924
f 984 983 924
f 986 985 925
f 7717 7716 7683
f 931 930 877
f 878 931 877
f 933 932 878
f 934 933 879
f 840 889 839
f 881 934 880
f 890 840 841
f 935 881 726
f 891 890 841
f 936 935 828
f 937 936 828
f 836 888 787
f 892 891 842
f 843 892 792
f 7716 7715 7694
f 938 937 728
f 888 887 786
f 939 938 777
f 7706 7681 7682
f 7675 7667 7653
f 893 794 795
f 905 967 856
f 844 893 795
f 903 966 801
f 902 965 587
f 846 845 741
f 797 894 796
f 886 885 783
f 969 906 858
f 964 963 695
f 885 833 834
f 884 895 830
f 7653 7668 7675
f 7670 7656 7657
f 971 970 910
f 7719 940 883
f 972 971 910
f 7656 7669 7655
f 808 972 807
f 7672 7659 7692
f 7693 7692 7660
f 7615 7671 7680
f 7694 7706 7682
f 7669 7668 7654
f 7718 7707 7726
f 917 918 1026
f 918 919 1027
f 916 917 1025
f 974 975 1024
f 7659 7660 7692
f 7665 7674 7685
f 7694 7683 7716
f 977 921 1028
f 7667 7674 7666
f 7654 7655 7669
f 980 981 1029
f 7657 7615 7670
f 7685 7684 7664
f 981 982 1030
f 987 988 1035
f 988 989 1036
f 982 868 1031
f 838 889 953
f 986 987 1034
f 984 985 1032
f 985 986 1033
f 889 840 954
f 931 878 990
f 933 934 992
f 840 890 955
f 935 936 994
f 934 881 993
f 891 892 957
f 892 843 958
f 887 888 951
f 939 882 998
f 936 937 995
f 874 928 7684
f 7707 7719 7726
f 835 887 950
f 882 940 999
f 937 938 996
f 7664 7665 7685
f 893 844 959
f 886 835 949
f 1026 1025 917
f 1027 1026 918
f 938 939 997
f 916 1024 975
f 843 794 4251
f 974 1023 915
f 1023 914 915
f 845 846 960
f 885 886 948
f 853 854 1019
f 846 894 960
f 906 969 968
f 7660 7681 7693
f 894 797 961
f 884 779 941
f 833 885 947
f 895 884 941
f 7645 7654 7668
f 782 833 946
f 978 1028 921
f 832 782 945
f 779 831 942
f 781 832 944
f 780 781 944
f 743 895 962
f 850 899 1018
f 1030 1029 981
f 954 953 889
f 1035 1034 987
f 1036 1035 988
f 923 1031 868
f 808 911 1021
f 1033 1032 985
f 1032 983 984
f 847 896 1017
f 911 847 1022
f 1034 1033 986
f 990 930 931
f 932 990 878
f 955 954 840
f 991 932 933
f 992 991 933
f 993 992 934
f 837 952 836
f 7653 7645 7668
f 935 993 881
f 7674 7665 7652
f 956 890 891
f 7652 7666 7674
f 952 888 836
f 957 956 891
f 7671 7615 7658
f 958 957 892
f 7657 7656 7647
f 995 994 936
f 951 950 887
f 7656 7655 7630
f 999 998 882
f 950 949 835
f 959 794 893
f 7655 7654 7646
f 928 7664 7684
f 998 997 939
f 949 948 886
f 4251 958 843
f 996 995 937
f 965 1019 854
f 7717 7683 7673
f 948 947 885
f 997 996 938
f 743 961 797
f 947 946 833
f 942 941 779
f 946 945 782
f 941 962 895
f 945 944 832
f 944 943 780
f 943 831 780
f 7615 7657 7631
f 970 1020 908
f 1021 972 808
f 1022 1021 911
f 1017 1022 847
f 7672 7671 7658
f 7646 7630 7655
f 7630 7647 7656
f 7667 7666 7643
f 7647 7631 7657
f 7644 7653 7667
f 7694 7682 7663
f 7629 7646 7654
f 919 920 1083
f 920 976 1084
f 810 914 1082
f 913 810 1082
f 809 913 1081
f 1028 978 1085
f 978 979 1085
f 979 762 1086
f 7681 7660 7661
f 7666 7652 7643
f 860 973 1093
f 989 860 1093
f 7718 7717 7673
f 928 929 1037
f 7645 7629 7654
f 953 954 1009
f 7643 7644 7667
f 929 930 1038
f 983 1032 1088
f 1032 1033 1089
f 1034 1035 1090
f 1033 1034 1090
f 930 990 1039
f 923 983 1087
f 954 955 1010
f 990 932 1041
f 932 991 1041
f 955 890 1010
f 991 992 1043
f 993 935 1044
f 952 837 1007
f 837 838 1008
f 994 995 1046
f 935 994 1045
f 7659 7672 7633
f 998 999 1048
f 995 996 1046
f 999 940 1049
f 7658 7633 7672
f 7658 7615 7616
f 904 967 1073
f 957 958 4252
f 997 998 1047
f 967 905 1074
f 948 949 1006
f 844 845 1013
f 996 997 1047
f 1084 1083 920
f 1024 1023 974
f 4251 794 4253
f 845 960 1015
f 947 948 1005
f 960 894 1015
f 844 1012 959
f 940 7719 1050
f 963 964 1071
f 941 942 1000
f 7707 7718 7673
f 1082 1081 913
f 961 743 1016
f 800 851 1070
f 944 945 1003
f 7707 7708 7719
f 7664 928 1037
f 907 908 1077
f 1086 1085 979
f 831 943 1002
f 901 800 1069
f 7647 7630 7622
f 900 901 1068
f 1080 973 809
f 899 900 1067
f 970 971 1078
f 799 850 1018
f 7646 7629 7620
f 849 799 1018
f 1093 1092 989
f 1092 1036 989
f 898 849 1018
f 1038 1037 929
f 7628 7645 7653
f 1036 1091 1035
f 7682 7681 7662
f 897 898 1066
f 1039 1038 930
f 1091 1090 1035
f 1089 1088 1032
f 1088 1087 983
f 1090 1089 1033
f 1010 1009 954
f 1040 1039 990
f 7683 7694 7663
f 1041 1040 990
f 953 1008 838
f 1042 1041 991
f 1043 1042 991
f 1011 1010 890
f 993 1043 992
f 1008 1007 837
f 1047 1046 996
f 1046 1045 994
f 956 1011 890
f 1045 1044 935
f 1048 1047 998
f 7708 1050 7719
f 956 957 4252
f 1049 1048 999
f 1050 1049 940
f 950 1006 949
f 1073 1072 904
f 1074 1073 967
f 1072 903 904
f 7661 7662 7681
f 4251 4252 958
f 1013 1012 844
f 7620 7630 7646
f 968 1074 905
f 1014 1013 845
f 7644 7628 7653
f 959 4253 794
f 1000 962 941
f 1075 968 969
f 961 1015 894
f 853 1071 964
f 1005 1004 947
f 1004 946 947
f 1076 969 907
f 946 1003 945
f 963 1070 851
f 1001 1000 942
f 1077 1076 907
f 962 1016 743
f 1070 1069 800
f 1020 1077 908
f 1002 942 831
f 1069 1068 901
f 1078 1020 970
f 7622 7631 7647
f 1067 1018 899
f 1079 1078 971
f 972 1079 971
f 1066 896 897
f 7616 7648 7658
f 7645 7628 7619
f 1025 1026 1133
f 1027 919 1134
f 916 1025 1132
f 7627 7652 7665
f 976 977 1135
f 7662 7663 7682
f 1046 1047 1100
f 977 1028 1137
f 7665 7664 7651
f 1028 1085 1138
f 7619 7629 7645
f 1086 762 1139
f 1045 1046 1100
f 762 866 1140
f 953 1009 1060
f 1093 973 1151
f 1030 982 1142
f 1036 1092 1150
f 982 1031 1143
f 1008 953 1059
f 1031 923 1144
f 1009 1010 1061
f 7648 7633 7658
f 1087 1088 1147
f 1039 1040 1094
f 1088 1089 1148
f 1090 1091 1149
f 1089 1090 1149
f 923 1087 1146
f 1040 1041 1095
f 1041 1042 1095
f 993 1044 1098
f 1010 1011 1062
f 7630 7620 7621
f 1042 1043 1097
f 1043 993 1097
f 888 952 1058
f 1044 1045 1099
f 1047 1048 1101
f 1050 7708 1104
f 1048 1049 1102
f 7651 7627 7665
f 7659 7633 7634
f 1063 1011 956
f 1049 1050 1103
f 950 951 1057
f 7664 1037 7651
f 1073 1074 1127
f 966 903 1126
f 1133 1132 1025
f 1027 1133 1026
f 1083 1134 919
f 1132 1024 916
f 7707 1104 7708
f 1074 968 1128
f 4251 4253 4254
f 1014 845 1064
f 1135 1084 976
f 4253 959 4255
f 968 1075 1128
f 1015 961 1065
f 1136 1135 977
f 1004 1005 1055
f 1137 1136 977
f 7631 7622 7597
f 946 1004 1054
f 1003 946 1053
f 1138 1137 1028
f 944 1003 1052
f 943 944 1051
f 1101 1100 1047
f 1086 1138 1085
f 1100 1099 1045
f 1140 1139 762
f 900 1068 1125
f 980 1140 866
f 1060 1059 953
f 1020 1078 1129
f 1018 1067 1124
f 1061 1060 1009
f 1151 1092 1093
f 1141 1029 1030
f 1142 1141 1030
f 972 1021 1130
f 7621 7622 7630
f 898 1018 1123
f 1150 1091 1036
f 1143 1142 982
f 1094 1038 1039
f 1144 1143 1031
f 1099 1098 1044
f 1021 1022 1131
f 1145 1144 923
f 1148 1147 1088
f 1062 1061 1010
f 1147 1146 1087
f 1146 1145 923
f 1149 1148 1089
f 7707 7673 7699
f 1096 1095 1042
f 1098 1097 993
f 1097 1096 1042
f 1102 1101 1048
f 7648 7616 7632
f 1007 1058 952
f 1063 1062 1011
f 1058 951 888
f 4281 7643 7652
f 1103 1102 1049
f 7660 7659 7635
f 1057 1056 950
f 1056 1006 950
f 7613 7620 7629
f 4252 1063 956
f 1104 1103 1050
f 1072 1126 903
f 7644 7643 7612
f 1128 1127 1074
f 4254 4252 4251
f 1015 1064 845
f 4255 4254 4253
f 1105 1104 7707
f 1016 1065 961
f 1076 1075 969
f 1152 7651 1037
f 1055 1054 1004
f 1071 1070 963
f 1054 1053 946
f 1053 1052 1003
f 1052 1051 944
f 1002 1001 942
f 7612 7628 7644
f 7634 7635 7659
f 1125 1067 900
f 7619 7613 7629
f 7597 7615 7631
f 1130 1079 972
f 1131 1130 1021
f 1123 1066 898
f 1017 1131 1022
f 7627 4281 7652
f 1105 7707 7699
f 1099 1100 1159
f 7661 7660 7649
f 1100 1101 1159
f 1133 1027 1179
f 1027 1134 1179
f 7621 7620 7606
f 1083 1084 1180
f 1023 1024 1178
f 914 1023 1176
f 7632 7633 7648
f 7627 7651 7626
f 7622 7621 7614
f 1082 914 1176
f 1081 1082 1176
f 1137 1138 1181
f 1138 1086 1181
f 7643 4281 4280
f 1086 1139 1182
f 7673 7683 4267
f 973 1080 1190
f 1008 1059 1116
f 980 1029 1183
f 4280 7612 7643
f 7620 7613 7604
f 1059 1060 1117
f 1098 1099 1158
f 7635 7649 7660
f 1037 1038 1152
f 1150 1092 1189
f 1038 1094 1153
f 1101 1102 1160
f 1102 1103 1161
f 1094 1040 1154
f 1147 1148 1187
f 1146 1147 1185
f 1040 1095 1155
f 1095 1096 1156
f 1096 1097 1157
f 1007 1008 1115
f 973 1190 1151
f 1058 1007 1113
f 1189 1092 1151
f 7663 4267 7683
f 7628 7612 4265
f 7606 7614 7621
f 1104 1105 1163
f 7604 7606 7620
f 1063 4252 4257
f 1062 1063 4257
f 4265 7619 7628
f 7632 7616 7617
f 7662 7661 7650
f 948 1006 1111
f 1013 1014 1118
f 1135 1180 1084
f 1178 1177 1023
f 1014 1064 1119
f 853 1019 1169
f 1064 1015 1119
f 1177 1176 1023
f 1015 1065 1120
f 4254 4255 4260
f 1163 1105 7699
f 4255 959 4261
f 1005 948 1055
f 1159 1158 1099
f 1065 1016 1122
f 1075 1076 1171
f 4252 4254 4259
f 7614 7597 7622
f 1000 1001 1106
f 943 1051 1108
f 1016 962 1122
f 1160 1159 1101
f 962 1000 1106
f 1001 1002 1107
f 1081 1080 809
f 1182 1181 1086
f 1069 1070 1167
f 7699 7673 1200
f 1068 1069 1166
f 1117 1116 1059
f 1183 1140 980
f 1129 1078 1173
f 1067 1125 1165
f 1078 1079 1173
f 1161 1160 1102
f 1079 1130 1174
f 1116 1115 1008
f 1153 1152 1038
f 1061 1117 1060
f 1162 1161 1103
f 1150 1188 1091
f 1188 1149 1091
f 1184 1142 1143
f 1154 1153 1094
f 1144 1184 1143
f 1131 1017 1175
f 1017 896 1164
f 1149 1187 1148
f 1185 1145 1146
f 1155 1154 1040
f 1186 1185 1147
f 1187 1186 1147
f 1098 1157 1097
f 7649 7650 7661
f 1156 1155 1095
f 1157 1156 1096
f 1061 1062 4256
f 1115 1114 1007
f 1114 1113 1007
f 1152 7626 7651
f 1163 1103 1104
f 7633 7632 7623
f 4257 4256 1062
f 1056 1112 1006
f 902 1170 965
f 1189 1151 4263
f 4258 4257 4252
f 1112 1111 1006
f 965 1169 1019
f 1119 1118 1014
f 1120 1119 1015
f 1121 1120 1065
f 1111 1055 948
f 4261 4260 4255
f 1122 1121 1065
f 1012 4262 959
f 4262 4261 959
f 7663 7662 7637
f 1071 1168 1070
f 1172 1171 1076
f 7617 7623 7632
f 1108 1002 943
f 4260 4259 4254
f 1110 1053 1054
f 1109 1051 1052
f 4259 4258 4252
f 1077 1172 1076
f 1106 1122 962
f 1107 1106 1001
f 1168 1167 1070
f 1190 4263 1151
f 1167 1166 1069
f 1129 1077 1020
f 1163 7699 1200
f 1165 1124 1067
f 1174 1173 1079
f 7619 4265 4276
f 7614 7606 7588
f 1164 1175 1017
f 7606 7604 7605
f 4276 7613 7619
f 7649 7635 7636
f 7650 7637 7662
f 1160 1161 1196
f 1161 1162 1196
f 1132 1133 1241
f 1134 1083 1242
f 1178 1024 1240
f 1159 1160 1195
f 1177 1178 1239
f 1180 1135 1243
f 1135 1136 1244
f 1158 1159 1194
f 7634 7633 7618
f 1136 1137 1245
f 1081 1176 1238
f 1137 1181 1246
f 1080 1081 1238
f 1162 1103 1197
f 1098 1158 1194
f 1116 1117 1216
f 1157 1098 1193
f 1188 1150 1255
f 1141 1142 1247
f 1150 1189 1256
f 1142 1184 1248
f 1149 1188 1254
f 1184 1144 1249
f 1187 1149 1254
f 1246 1181 1182
f 1145 1185 1250
f 1058 1113 1214
f 1185 1186 1251
f 1186 1187 1252
f 1117 1061 1217
f 7588 7597 7614
f 1103 1163 1198
f 1156 1157 1192
f 4268 4267 7663
f 951 1058 1212
f 1218 1061 4256
f 7623 7618 7633
f 1113 1114 1215
f 1057 951 1211
f 1197 1196 1162
f 7650 7649 7625
f 1196 1195 1160
f 7615 7597 7589
f 7637 4268 7663
f 4256 4257 4271
f 1179 1241 1133
f 1127 1128 1228
f 1132 1240 1024
f 1073 1127 1227
f 4257 4258 4271
f 1180 1242 1083
f 1195 1194 1159
f 1240 1239 1178
f 1128 1075 1229
f 4264 7604 7613
f 1118 1119 1203
f 1201 4262 1012
f 1244 1243 1135
f 1119 1120 1204
f 1120 1121 1204
f 1071 853 1226
f 1245 1244 1136
f 1121 1122 1205
f 1055 1111 1209
f 4266 7673 4267
f 1168 1071 1225
f 1054 1055 1209
f 4260 4261 4269
f 7635 7634 7624
f 1051 1109 1208
f 1171 1172 1231
f 1246 1245 1137
f 1106 1107 1207
f 1052 1053 1109
f 4263 1190 1403
f 4259 4260 4269
f 1189 4263 4272
f 7613 4276 4264
f 1077 1129 1232
f 1194 1193 1098
f 1198 1197 1103
f 1068 1166 1224
f 4261 4262 4270
f 1125 1068 1224
f 1129 1173 1233
f 1226 853 1169
f 7636 7625 7649
f 1124 1165 1223
f 1173 1174 1234
f 1018 1124 1221
f 1123 1018 1221
f 1174 1130 1235
f 1255 1254 1188
f 1256 1255 1150
f 1066 1123 1219
f 1248 1247 1142
f 1130 1131 1236
f 1131 1175 1236
f 1193 1192 1157
f 1214 1213 1058
f 1249 1248 1184
f 1254 1253 1187
f 1251 1250 1185
f 1253 1252 1187
f 1199 1198 1163
f 1116 1114 1115
f 1145 1249 1144
f 1217 1216 1117
f 1252 1251 1186
f 1215 1214 1113
f 1200 1199 1163
f 1191 1155 1156
f 1218 1217 1061
f 7616 7615 7590
f 1192 1191 1156
f 1213 1212 1058
f 1212 1211 951
f 7618 7624 7634
f 902 966 4291
f 4281 7627 4282
f 1169 965 4290
f 1211 1210 1057
f 7606 7605 7596
f 7617 7608 7623
f 1210 1056 1057
f 1202 1201 1012
f 4271 1218 4256
f 4266 1200 7673
f 1229 1228 1128
f 1228 1227 1127
f 7605 7604 7595
f 1204 1203 1119
f 1230 1229 1075
f 1205 1204 1121
f 1226 1225 1071
f 1171 1230 1075
f 4273 1246 1182
f 1206 1122 1106
f 1207 1206 1106
f 1209 1110 1054
f 7589 7590 7615
f 1208 1108 1051
f 1139 4273 1182
f 1077 1231 1172
f 1080 1403 1190
f 4287 4258 4259
f 1201 4270 4262
f 7617 7616 7590
f 4272 1256 1189
f 1233 1232 1129
f 1196 1197 1267
f 4270 4269 4261
f 7636 7635 4285
f 1222 1221 1124
f 1223 1222 1124
f 1235 1234 1174
f 1221 1220 1123
f 1236 1235 1130
f 1220 1219 1123
f 1195 1196 1266
f 7604 4264 7594
f 1237 1236 1175
f 1164 1237 1175
f 7625 7637 7650
f 7596 7588 7606
f 7595 7596 7605
f 7608 7609 7623
f 1126 4291 966
f 1170 4290 965
f 7624 4285 7635
f 1183 4274 1140
f 1183 1029 4274
f 1258 7627 7626
f 7594 7595 7604
f 1271 4259 4269
f 1243 1244 1309
f 1267 1266 1196
f 4287 4271 4258
f 1176 1177 1307
f 1197 1198 1268
f 1194 1195 1265
f 1193 1194 1265
f 1198 1199 1269
f 7609 7618 7623
f 1309 1244 1245
f 1214 1215 1287
f 1248 1249 1310
f 1192 1193 1264
f 1153 1154 1260
f 1255 1256 1305
f 1199 1200 1269
f 1254 1255 1305
f 1114 1116 1289
f 1213 1214 1286
f 1250 1251 1312
f 1251 1252 1312
f 1252 1253 1312
f 1258 4282 7627
f 7608 7617 7607
f 7590 7607 7617
f 1155 1191 1262
f 1191 1192 1263
f 1268 1267 1197
f 1145 1250 1311
f 1153 1259 1152
f 1259 7626 1152
f 1249 1145 1311
f 4275 7594 4264
f 1212 1213 1285
f 1215 1114 1288
f 4277 4276 4265
f 1266 1265 1195
f 4279 4265 7612
f 1201 1202 1273
f 7624 7618 7611
f 1218 4271 4286
f 1056 1210 1283
f 1241 1308 1132
f 1202 1012 1275
f 1308 1240 1132
f 4267 4268 4283
f 1012 1013 1276
f 1271 4287 4259
f 1227 1228 1295
f 1013 1118 1276
f 1118 1203 1277
f 1201 1272 4270
f 1228 1229 1296
f 1122 1206 1279
f 1307 1238 1176
f 1246 4273 4300
f 4266 4267 4283
f 1206 1207 1280
f 1248 4305 1247
f 1056 1283 1112
f 1230 1171 1297
f 4285 7625 7636
f 1229 1230 1296
f 1207 1107 1280
f 1171 1231 1299
f 4273 1139 4301
f 1107 1002 1281
f 1272 4269 4270
f 1139 1140 4301
f 1269 1268 1198
f 1231 1077 1299
f 1111 1112 4289
f 1257 7595 7594
f 1238 1306 1080
f 4274 1029 4302
f 4272 4263 4298
f 1029 1141 4302
f 4284 4268 7637
f 1200 4266 1270
f 1141 1247 4304
f 1265 1264 1193
f 1259 1258 7626
f 1260 1259 1153
f 1173 1234 1300
f 1165 1125 1294
f 7596 7595 1313
f 4278 4277 4265
f 1234 1235 1301
f 1287 1286 1214
f 1216 1289 1116
f 1235 1236 1302
f 1066 1219 1292
f 896 1066 1291
f 1236 1237 1304
f 1237 1164 1290
f 1164 896 1290
f 1261 1154 1155
f 1270 1269 1200
f 1264 1263 1192
f 1311 1310 1249
f 1262 1261 1155
f 1288 1287 1215
f 4279 4278 4265
f 1263 1262 1191
f 1312 1311 1250
f 1289 1288 1114
f 1309 1245 4299
f 1286 1285 1213
f 4276 4275 4264
f 1072 1073 4296
f 1073 1227 4296
f 7597 7588 7584
f 1273 1272 1201
f 1272 1271 4269
f 1248 1310 4305
f 1212 1284 1211
f 1226 1169 4294
f 4280 4279 7612
f 7637 7625 4284
f 1225 1226 4293
f 1284 1210 1211
f 4275 1257 7594
f 1274 1273 1202
f 1257 1313 7595
f 1275 1274 1202
f 1246 4299 1245
f 1276 1275 1012
f 4287 4286 4271
f 1277 1276 1118
f 1266 1267 1321
f 1278 1277 1203
f 1298 1297 1171
f 1204 1278 1203
f 1280 1279 1206
f 1279 1205 1122
f 1299 1298 1171
f 1296 1295 1228
f 1313 7576 7596
f 7576 7588 7596
f 1209 1111 4288
f 1281 1280 1107
f 1297 1296 1230
f 1110 1282 1053
f 1282 1109 1053
f 4283 1270 4266
f 1306 1403 1080
f 4274 4301 1140
f 1283 4289 1112
f 4289 4288 1111
f 1403 4298 4263
f 1232 1299 1077
f 4298 4297 4272
f 4303 4302 1141
f 4304 4303 1141
f 4297 1256 4272
f 1224 1294 1125
f 1300 1233 1173
f 1294 1293 1165
f 1293 1223 1165
f 1301 1300 1234
f 4305 4304 1247
f 1265 1266 1321
f 1302 1301 1235
f 1292 1291 1066
f 1291 1290 896
f 1290 1304 1237
f 1303 1302 1236
f 1304 1303 1236
f 7618 7609 7610
f 1267 1268 1322
f 1168 1225 4292
f 7611 4285 7624
f 14116 1253 1254
f 4295 902 4291
f 1126 4295 4291
f 4290 4294 1169
f 4294 4293 1226
f 4293 4292 1225
f 1241 1179 1361
f 1179 1134 1362
f 1308 1241 1360
f 7584 7589 7597
f 1239 1240 1359
f 1180 1243 1363
f 1177 1239 1358
f 1243 1309 1364
f 1268 1269 1322
f 1238 1307 1356
f 1264 1265 1320
f 1322 1321 1267
f 1269 1270 1323
f 1364 1309 4299
f 7590 7598 7607
f 14194 1312 1253
f 1286 1287 1343
f 1263 1264 1319
f 1287 1288 1343
f 1154 1261 1315
f 1310 1311 1365
f 1289 1216 1345
f 1257 4275 4306
f 1216 1217 1346
f 4280 4281 4308
f 1262 1263 1318
f 1271 1272 1326
f 7608 7607 7599
f 1288 1289 1344
f 4275 4276 4307
f 1261 1262 1317
f 1285 1286 1342
f 1347 1217 1218
f 1212 1285 1341
f 1272 1273 1326
f 1321 1320 1265
f 1305 14116 1254
f 1310 1365 4305
f 1284 1212 1340
f 1271 1325 4287
f 7588 7576 7583
f 1273 1274 1327
f 4285 4284 7625
f 1361 1360 1241
f 1314 1313 1257
f 4299 1246 4319
f 4268 4284 4311
f 1362 1361 1179
f 1242 1362 1134
f 1274 1275 1328
f 1218 4286 4313
f 1308 1359 1240
f 1275 1276 1329
f 1246 4300 4319
f 4286 4287 4314
f 1364 1363 1243
f 1300 1301 13183
f 1233 1300 13222
f 1177 1357 1307
f 1277 1278 1331
f 1278 1204 1333
f 1323 1322 1269
f 1357 1356 1307
f 1204 1205 1333
f 1279 1280 1335
f 1205 1279 1334
f 1002 1108 1336
f 1281 1002 1336
f 4300 4273 4320
f 1108 1208 1337
f 1208 1109 1339
f 1356 1306 1238
f 7598 7599 7607
f 1311 1312 14266
f 4301 4274 4321
f 7610 7611 7618
f 4298 1403 4317
f 1276 1277 1330
f 4306 1314 1257
f 1299 1232 13287
f 4297 4298 4317
f 1297 1298 13366
f 1320 1319 1264
f 1232 1233 13287
f 7609 7608 7600
f 1224 1166 1355
f 1296 1297 13364
f 1270 4283 4310
f 1305 1256 4315
f 1294 1224 1354
f 4304 4305 4322
f 1223 1293 1353
f 1221 1222 1352
f 1220 1221 1351
f 1219 1220 1351
f 1301 1302 1348
f 1319 1318 1263
f 1315 1260 1154
f 1302 1303 1348
f 1343 1342 1286
f 1304 1290 1349
f 1346 1345 1216
f 1303 1304 1348
f 4282 4308 4281
f 1316 1315 1261
f 1344 1343 1288
f 1364 4299 4318
f 1347 1346 1217
f 1345 1344 1289
f 4277 4307 4276
f 1317 1316 1261
f 1296 4343 1295
f 1318 1317 1262
f 1365 1311 14387
f 1298 1299 13368
f 1342 1341 1285
f 1326 1325 1271
f 1301 13129 13149
f 1300 13183 13222
f 1341 1340 1212
f 1170 902 4341
f 4290 1170 4341
f 1327 1326 1273
f 1227 1295 4343
f 4294 4290 4340
f 1301 13149 13183
f 1347 1218 4313
f 4312 4284 4285
f 4319 4318 4299
f 1328 1327 1274
f 1168 4292 4339
f 1233 13222 13253
f 7598 7590 7591
f 1167 1168 4338
f 7583 7584 7588
f 7599 7600 7608
f 1329 1328 1275
f 4311 4283 4268
f 1323 1270 4309
f 4314 4313 4286
f 1281 1335 1280
f 1333 1332 1278
f 1334 1333 1205
f 1335 1334 1279
f 4320 4319 4300
f 1332 1331 1278
f 1233 13253 13287
f 1365 4323 4305
f 1337 1336 1108
f 13807 13765 13854
f 1338 1337 1208
f 1339 1338 1208
f 1282 1339 1109
f 4301 4320 4273
f 1301 4336 13129
f 13765 13855 13854
f 13806 13807 13854
f 13765 13808 13855
f 1330 1329 1276
f 4322 4303 4304
f 1331 1330 1277
f 13855 13766 13910
f 14387 1311 14350
f 4297 4316 1256
f 13808 13766 13855
f 13765 13736 13808
f 1355 1354 1224
f 4316 4315 1256
f 13806 13639 13807
f 13766 13856 13910
f 1354 1293 1294
f 7610 7609 7601
f 1353 1222 1223
f 4323 4322 4305
f 1352 1351 1221
f 13806 13854 13909
f 4310 4309 1270
f 13807 13639 13765
f 13806 13764 13639
f 1291 1350 1290
f 13806 13909 13908
f 1349 1348 1304
f 1350 1349 1290
f 13806 13908 13853
f 13805 13764 13806
f 13854 13855 13946
f 1299 13287 13327
f 4343 1296 13364
f 1321 1322 1375
f 13766 13737 13856
f 13910 13856 13947
f 1297 13365 13364
f 13808 13736 13766
f 1320 1321 1375
f 1297 13366 13365
f 13854 13946 13909
f 13222 13183 13184
f 13855 13910 13946
f 1301 1348 4336
f 13183 13149 13184
f 13805 13763 13764
f 13856 13737 13857
f 13908 13909 13977
f 13853 13908 13945
f 13856 13911 13947
f 13856 13857 13911
f 4295 4342 902
f 4342 4341 902
f 13253 13222 13223
f 13909 13946 13977
f 4341 4340 4290
f 13805 13806 13853
f 1253 14117 14194
f 1298 13367 13366
f 13908 13977 14011
f 14266 14350 1311
f 13857 13737 13809
f 13945 13908 13976
f 13763 13704 13764
f 1313 1314 1368
f 7600 7601 7609
f 13222 13184 13223
f 4339 4338 1168
f 13857 13809 13858
f 4338 1166 1167
f 1308 1360 1405
f 13976 13908 14011
f 13805 13735 13763
f 1325 1378 4287
f 7590 7589 7571
f 4312 4285 7603
f 4314 4287 1378
f 1362 1242 1406
f 13149 13185 13184
f 13765 13639 13736
f 13910 13947 13946
f 1242 1180 1407
f 13804 13805 13853
f 1363 1364 1409
f 13149 13129 13150
f 13149 13150 13185
f 1322 1323 1376
f 1312 14234 14266
f 1299 13327 13368
f 13764 13704 13639
f 1180 1363 1408
f 7599 7598 7592
f 13853 13945 13975
f 13803 13804 13853
f 14116 1305 4315
f 7611 7603 4285
f 13857 13858 13911
f 13804 13735 13805
f 7611 7610 7601
f 13253 13223 13289
f 14116 14117 1253
f 7584 7571 7589
f 13735 13704 13763
f 1313 1366 7576
f 1298 13368 13367
f 1319 1320 1374
f 13975 13945 14010
f 13761 13762 13803
f 13946 13947 13977
f 13766 13736 13737
f 1368 1314 4306
f 13945 13976 14010
f 13803 13762 13735
f 13287 13253 13288
f 13858 13809 13768
f 1409 1364 4318
f 13947 13911 13977
f 7591 7592 7598
f 13977 14054 14011
f 13803 13735 13804
f 13639 13705 13736
f 1366 7583 7576
f 1312 14194 14234
f 13253 13289 13288
f 13737 13673 13809
f 13761 13734 13762
f 13761 13803 13802
f 1259 1260 1369
f 1318 1319 1374
f 13976 14011 14053
f 13858 13768 13859
f 13150 13186 13185
f 13761 13703 13734
f 13802 13803 13853
f 1259 1369 1258
f 1342 1343 1391
f 13736 13705 13706
f 13977 13911 14056
f 1343 1344 1392
f 13703 13635 13734
f 13762 13734 13735
f 13911 13858 14012
f 14010 13976 14052
f 13732 13703 13761
f 1341 1342 1390
f 13736 13706 13707
f 1376 1323 4309
f 4277 4278 4325
f 1345 1346 1394
f 1344 1345 1394
f 1346 1347 1396
f 13975 14010 14052
f 13977 14055 14054
f 13736 13707 13737
f 13288 13289 13329
f 7584 7583 7570
f 13976 14053 14052
f 1317 1318 1373
f 13732 13761 13802
f 4275 4307 1413
f 13911 14012 14056
f 1316 1317 1372
f 13977 14056 14055
f 4306 4275 4324
f 13129 13151 13150
f 13809 13767 13768
f 13737 13672 13673
f 14011 14054 14088
f 13703 13670 13635
f 13705 13640 13706
f 13704 13600 13639
f 13853 13975 13907
f 1365 14387 14388
f 13735 13671 13704
f 13802 13853 13907
f 13670 13703 13733
f 13734 13635 13636
f 13287 13288 13328
f 7591 7590 7572
f 1348 1349 4337
f 1340 1341 1389
f 13327 13287 13328
f 13732 13733 13703
f 13858 13859 13949
f 13289 13330 13329
f 13858 13949 13948
f 13809 13673 13767
f 13671 13638 13704
f 13907 13975 14051
f 13734 13636 13735
f 13184 13254 13223
f 13289 13223 13330
f 1326 1327 1380
f 13858 14013 14012
f 13706 13640 13707
f 1325 1326 1379
f 7600 7599 7593
f 13705 13639 13640
f 13737 13707 13672
f 1347 4313 1396
f 13704 13638 13600
f 13150 13151 13186
f 14054 14089 14088
f 13184 13185 13254
f 1327 1328 1380
f 1376 1375 1322
f 4318 4319 4345
f 1361 1405 1360
f 1348 4337 4336
f 4336 13113 13129
f 14011 14088 14053
f 13223 13331 13330
f 1404 1403 1306
f 1328 1329 1381
f 13671 13637 13638
f 1405 1359 1308
f 1368 1367 1313
f 4283 4311 4330
f 13858 13948 14013
f 1367 1366 1313
f 1407 1406 1242
f 4313 4314 4335
f 13859 13768 13810
f 1375 1374 1320
f 1409 1408 1363
f 13670 13634 13635
f 1331 1332 1383
f 13735 13636 13671
f 1408 1407 1180
f 13288 13329 13369
f 14055 14056 14054
f 1335 1281 1385
f 13975 14052 14087
f 13637 13599 13638
f 1334 1335 1385
f 1332 1333 1384
f 1281 1336 1386
f 1365 4351 4323
f 7571 7572 7590
f 13732 13802 13760
f 13223 13332 13331
f 13639 13565 13640
f 13596 13597 13634
f 13185 13186 13187
f 4319 4320 4346
f 13634 13597 13562
f 13634 13562 13635
f 13852 13802 13907
f 13596 13529 13597
f 13223 13254 13332
f 13670 13595 13634
f 13329 13330 13369
f 1329 1330 1383
f 13760 13802 13852
f 1283 1210 4333
f 13597 13529 13562
f 14387 14350 14351
f 1330 1331 1383
f 13707 13641 13672
f 4320 4301 4346
f 13670 13733 13732
f 1110 1209 4331
f 13113 13130 13129
f 13596 13634 13595
f 4288 4289 4332
f 13907 14051 14087
f 13596 13528 13529
f 13129 13130 13151
f 1366 7570 7583
f 4274 4302 4347
f 13185 13224 13254
f 14051 13975 14087
f 13288 13369 13328
f 4297 4317 4344
f 13185 13187 13224
f 1356 1404 1306
f 4303 4322 4349
f 13331 13370 13330
f 13331 13332 13370
f 13673 13674 13767
f 4316 4297 4344
f 14052 14053 14125
f 13948 14014 14013
f 4310 4283 4328
f 14054 14056 14089
f 7592 7593 7599
f 4315 4316 4344
f 4322 4323 4349
f 14053 14088 14125
f 13707 13640 13641
f 1370 1369 1260
f 13151 13187 13186
f 13328 13369 13416
f 1392 1391 1343
f 1222 1353 1399
f 1293 1354 1400
f 1391 1390 1342
f 14350 14266 14267
f 1393 1392 1344
f 13671 13636 13637
f 13333 13334 13372
f 1374 1373 1318
f 14056 14012 14126
f 1368 4306 4324
f 13254 13290 13333
f 13365 13366 13413
f 13768 13769 13810
f 13369 13417 13416
f 1292 1219 1398
f 1395 1394 1346
f 13595 13528 13596
f 13859 13810 13860
f 1396 1395 1346
f 13859 13860 13912
f 1291 1292 1397
f 1394 1393 1344
f 13529 13530 13562
f 7601 7600 7593
f 13528 13458 13529
f 13369 13330 13417
f 13421 13372 13422
f 13254 13333 13371
f 13637 13492 13599
f 13421 13371 13372
f 13330 13418 13417
f 13333 13372 13371
f 4325 4307 4277
f 13638 13599 13600
f 14056 14126 14089
f 13330 13419 13418
f 13364 13365 13412
f 13458 13530 13529
f 13333 13290 13334
f 13254 13255 13290
f 7601 7602 7611
f 13702 13670 13732
f 13760 13702 13732
f 4326 4308 4282
f 13327 13328 13415
f 13332 13371 13370
f 13330 13370 13419
f 13332 13254 13371
f 1371 1315 1316
f 1258 4326 4282
f 13420 13371 13421
f 1390 1389 1341
f 1413 4324 4275
f 4309 4310 4327
f 13702 13595 13670
f 1409 4318 1448
f 13370 13371 13420
f 13595 13561 13528
f 13370 13420 13419
f 1372 1371 1316
f 13640 13601 13641
f 13366 13367 13413
f 13456 13458 13528
f 13368 13327 13414
f 13420 13421 13457
f 14052 14125 14087
f 13421 13422 13457
f 13672 13642 13673
f 13639 13600 13565
f 1373 1372 1317
f 13416 13417 13328
f 13456 13528 13561
f 13852 13907 13974
f 4340 4341 4374
f 7570 7563 7584
f 13419 13420 13456
f 13254 13224 13225
f 13458 13490 13530
f 13327 13415 13414
f 13187 13225 13224
f 13418 13419 13417
f 13702 13669 13595
f 1126 1072 4378
f 14387 14351 14388
f 1072 4296 4379
f 13420 13457 13456
f 4294 4340 4374
f 13636 13531 13637
f 13767 13708 13768
f 13415 13328 13455
f 13767 13674 13708
f 13458 13457 13422
f 13859 13912 13949
f 4295 1126 4377
f 4296 1227 4380
f 13456 13457 13458
f 13372 13423 13422
f 1227 4343 4380
f 13254 13225 13255
f 13367 13368 13414
f 13637 13531 13492
f 13334 13373 13372
f 13635 13562 13598
f 13417 13456 13527
f 13527 13456 13561
f 13419 13456 13417
f 13669 13633 13595
f 13640 13565 13533
f 1379 1378 1325
f 13948 14015 14014
f 13599 13532 13600
f 13852 13974 13944
f 14350 14267 14312
f 1380 1379 1326
f 4343 13364 13411
f 13458 13459 13490
f 13860 13810 13811
f 13948 13949 14015
f 13635 13598 13636
f 13422 13423 13458
f 13328 13417 13489
f 4292 4293 4372
f 4312 4311 4284
f 13702 13760 13759
f 13527 13561 13560
f 13595 13560 13561
f 1383 1382 1329
f 13640 13533 13601
f 13636 13598 13531
f 13455 13328 13489
f 4339 4292 4371
f 13851 13852 13944
f 7572 7585 7591
f 14012 14127 14126
f 1381 1380 1328
f 1166 4338 1401
f 1382 1381 1329
f 13151 13152 13187
f 13415 13455 13488
f 13974 13907 14050
f 4345 1448 4318
f 7571 7584 7563
f 4335 1396 4313
f 13489 13417 13527
f 1384 1383 1332
f 4351 1365 14388
f 13760 13852 13851
f 13367 13414 13413
f 13455 13489 13488
f 4330 4329 4283
f 13560 13595 13633
f 14012 14013 14090
f 13632 13669 13702
f 14266 14235 14267
f 1386 1385 1281
f 13372 13373 13423
f 13599 13492 13532
f 4346 4345 4319
f 13130 13152 13151
f 1284 4334 1210
f 14266 14234 14235
f 13423 13459 13458
f 1402 4315 4344
f 13558 13527 13559
f 13672 13641 13642
f 13598 13564 13531
f 1387 1386 1336
f 14125 14088 14161
f 13527 13560 13559
f 13731 13702 13759
f 4329 4328 4283
f 13759 13760 13851
f 13559 13560 13633
f 7592 7591 7586
f 1337 1387 1336
f 13768 13708 13769
f 13290 13291 13334
f 4334 4333 1210
f 4336 4337 4368
f 13632 13702 13731
f 1349 1350 4370
f 1388 1282 1110
f 14350 14312 14351
f 4333 4289 1283
f 4321 4346 4301
f 13255 13256 13290
f 13851 13944 13943
f 13365 13413 13412
f 4337 1349 4369
f 1388 1110 4331
f 13562 13563 13598
f 13669 13559 13633
f 13600 13532 13565
f 13530 13563 13562
f 4332 1209 4288
f 4347 4321 4274
f 4336 4367 13113
f 13489 13527 13526
f 13565 13532 13533
f 13558 13526 13527
f 13413 13414 13415
f 13225 13256 13255
f 14194 14195 14234
f 13488 13489 13526
f 4348 4302 4303
f 14087 14125 14160
f 14050 13907 14086
f 1401 1355 1166
f 13769 13709 13810
f 4349 4348 4303
f 13490 13460 13530
f 13459 13460 13490
f 13334 13291 13373
f 13632 13559 13669
f 14012 14090 14127
f 13641 13601 13602
f 13415 13488 13487
f 1399 1352 1222
f 4350 4349 4323
f 13557 13558 13559
f 4351 4350 4323
f 14088 14089 14161
f 1400 1353 1293
f 13598 13563 13564
f 14013 14014 14090
f 14195 14235 14234
f 13944 13974 14050
f 13641 13602 13642
f 13668 13632 13731
f 13557 13526 13558
f 13759 13851 13850
f 13642 13674 13673
f 13187 4365 13225
f 1351 1398 1219
f 13850 13851 13943
f 7602 7603 7611
f 1398 1397 1292
f 13601 13533 13566
f 13668 13731 13759
f 13801 13759 13850
f 13557 13559 13594
f 4328 4327 4310
f 13557 13488 13526
f 13594 13559 13632
f 14267 14268 14312
f 13487 13488 13525
f 4367 13130 13113
f 13642 13602 13567
f 13810 13709 13811
f 13668 13759 13801
f 13943 13944 13973
f 14235 14268 14267
f 7585 7586 7591
f 4327 1376 4309
f 13708 13709 13769
f 13413 13415 13454
f 13152 4365 13187
f 13415 13487 13454
f 14116 4315 14073
f 13949 13912 13913
f 13525 13488 13557
f 4375 4374 4341
f 13423 13374 13459
f 13530 13491 13563
f 14126 14127 14162
f 13564 13425 13531
f 14194 14154 14195
f 13373 13374 13423
f 13850 13943 13942
f 4379 4378 1072
f 13601 13566 13602
f 13411 13364 13412
f 4378 4377 1126
f 13454 13487 13524
f 13556 13557 13594
f 13487 13525 13524
f 4374 4373 4294
f 13563 13462 13564
f 13942 13943 13973
f 4380 4379 4296
f 13460 13491 13530
f 13567 13643 13642
f 13594 13632 13668
f 14015 13949 13913
f 13973 13944 14009
f 4342 4375 4341
f 13668 13801 13800
f 14089 14126 14204
f 13944 14050 14049
f 13642 13643 13674
f 14194 14077 14154
f 13525 13557 13556
f 13912 13860 13811
f 1403 1441 4317
f 13801 13850 13849
f 4366 13152 13130
f 4294 4372 4293
f 1402 1439 4315
f 7593 7592 7586
f 13556 13594 13668
f 14195 14119 14235
f 4376 4342 4295
f 13412 13413 13454
f 14090 14091 14127
f 13524 13525 13556
f 4377 4376 4295
f 4372 4371 4292
f 14009 13944 14049
f 4380 4343 13363
f 13907 14087 14086
f 14235 14236 14268
f 14077 14194 14117
f 13564 13462 13425
f 13563 13491 13462
f 1366 1410 7570
f 1366 1367 1410
f 13800 13801 13849
f 1375 1376 1418
f 1239 1359 1447
f 1374 1375 1418
f 13256 13291 13290
f 4343 13411 13363
f 13533 13493 13566
f 1358 1239 1446
f 14014 14015 14016
f 14072 14073 4315
f 14154 14119 14195
f 1177 1358 1445
f 13602 13566 13567
f 13567 13568 13643
f 14125 14161 14202
f 1356 1357 1444
f 13973 14009 14008
f 14015 13913 14016
f 14351 14312 14313
f 14160 14125 14201
f 13374 13460 13459
f 14090 14014 14091
f 13556 13668 13667
f 13668 13800 13799
f 13942 13973 14008
f 4368 4367 4336
f 1291 4370 1350
f 1368 1411 1367
f 1412 1368 4324
f 4370 4369 1349
f 14235 14196 14236
f 4369 4368 4337
f 13291 13374 13373
f 14089 14204 14203
f 14127 14163 14162
f 1390 1391 1432
f 13800 13849 13799
f 1404 1356 1443
f 1392 1393 1434
f 14236 14269 14268
f 1391 1392 1433
f 14236 14197 14237
f 13566 13493 13534
f 7563 7570 7562
f 14268 14313 14312
f 13906 13850 13942
f 13524 13556 13593
f 1403 1404 1442
f 1373 1374 1417
f 13849 13850 13906
f 1412 4324 1413
f 14388 14351 14352
f 4367 4366 13130
f 14009 14049 14048
f 14235 14119 14196
f 13225 13226 13256
f 14117 14118 14077
f 13532 13465 13533
f 14091 14014 14016
f 14089 14203 14161
f 13730 13668 13799
f 14049 14050 14085
f 1394 1395 1437
f 14008 14009 14048
f 14236 14237 14269
f 14125 14202 14201
f 1370 1260 1414
f 13531 13425 13492
f 14050 14086 14085
f 14236 14196 14197
f 13799 13849 13906
f 4366 4365 13152
f 1260 1315 1414
f 13533 13465 13493
f 1395 1396 1438
f 4278 4279 1493
f 4307 4325 1454
f 14072 4315 1439
f 4279 4280 4354
f 13631 13556 13667
f 13523 13524 13593
f 13593 13556 13631
f 13667 13668 13730
f 1393 1394 1436
f 13567 13467 13568
f 13566 13495 13567
f 14116 14075 14117
f 1389 1390 1431
f 14127 14091 14163
f 14126 14162 14205
f 14154 14077 14119
f 4365 13226 13225
f 13412 13454 13523
f 14116 14074 14075
f 13454 13524 13523
f 1258 1369 4355
f 13708 13674 13675
f 1372 1373 1416
f 13566 13534 13495
f 1371 1372 1415
f 13799 13906 13905
f 13593 13631 13630
f 14075 14076 14118
f 4351 14388 14352
f 13631 13667 13630
f 14075 14118 14117
f 14086 14087 14158
f 13532 13492 13463
f 13523 13593 13630
f 14118 14003 14077
f 13532 13463 13464
f 13492 13425 13379
f 1340 1389 1430
f 14118 14076 14003
f 14268 14269 14313
f 14073 14074 14116
f 13942 14008 14007
f 13532 13464 13465
f 14119 14120 14196
f 14351 14313 14352
f 13630 13667 13730
f 7587 7601 7593
f 13412 13523 13453
f 1378 1379 1419
f 1284 1340 1429
f 13674 13643 13568
f 1440 1402 4344
f 1382 1383 1421
f 13523 13630 13592
f 14075 14042 14076
f 1379 1380 1420
f 13906 13942 13972
f 13674 13568 13675
f 13972 13942 14007
f 14074 14042 14075
f 4335 4314 4387
f 14048 14049 14085
f 14087 14159 14158
f 14204 14126 14242
f 1410 7562 7570
f 13630 13730 13729
f 1396 4335 1438
f 1383 1384 1423
f 1412 1411 1368
f 13567 13495 13467
f 13709 13812 13811
f 1447 1446 1239
f 14196 14155 14197
f 14197 14198 14237
f 4329 4330 4359
f 1448 4345 4388
f 1446 1445 1358
f 13701 13630 13729
f 1385 1386 1426
f 14161 14203 14241
f 1384 1333 1424
f 1440 4344 4317
f 1445 1357 1177
f 1334 1385 1425
f 1386 1387 1428
f 1333 1334 1424
f 13905 13906 13972
f 14162 14163 14205
f 13675 13709 13708
f 4345 4346 4389
f 13460 13461 13491
f 14076 14042 14003
f 13592 13630 13666
f 1410 1367 4352
f 14091 14016 14017
f 14119 14077 14043
f 4328 4329 4358
f 13912 13811 13913
f 14196 14120 14155
f 13701 13666 13630
f 13729 13730 13758
f 4346 4321 4390
f 1444 1443 1356
f 1434 1433 1392
f 1418 1417 1374
f 13411 13412 13453
f 13701 13729 13758
f 13534 13494 13495
f 14201 14202 14239
f 14159 14087 14200
f 13941 13905 13972
f 1433 1432 1391
f 1209 4332 4362
f 14119 14043 14120
f 4331 1209 4362
f 14161 14241 14240
f 14120 14078 14121
f 14078 14044 14079
f 14126 14205 14243
f 13592 13666 13701
f 4360 4312 7603
f 14160 14201 14238
f 14203 14204 14241
f 13534 13493 13494
f 13730 13799 13848
f 13941 13972 14006
f 1443 1442 1404
f 1413 4307 1454
f 13972 14007 14006
f 14197 14156 14198
f 4348 4349 4392
f 14073 14002 14074
f 14087 14160 14200
f 14074 14002 14042
f 14161 14240 14202
f 4379 4380 13286
f 1432 1431 1390
f 4349 4350 4392
f 13379 13426 13492
f 13941 14006 14005
f 14078 14122 14121
f 14120 14043 14078
f 13758 13730 13848
f 14197 14155 14156
f 14120 14121 14155
f 4314 1378 2317
f 13491 13424 13462
f 14078 14079 14122
f 13848 13799 13905
f 14005 14045 14044
f 13363 13411 13410
f 13592 13701 13700
f 4350 4351 4393
f 14078 14004 14044
f 13465 13382 13493
f 13374 13461 13460
f 1449 14269 14237
f 14163 14091 14164
f 1435 1434 1393
f 14077 14003 14043
f 7602 4361 7603
f 1493 4325 4278
f 14044 14004 14005
f 1438 1437 1395
f 4353 1493 4279
f 4354 4353 4279
f 14043 14004 14078
f 4380 13363 13286
f 4308 4354 4280
f 1417 1416 1373
f 13256 13257 13291
f 14079 14123 14122
f 14122 14123 14157
f 14004 13941 14005
f 1442 1441 1403
f 14042 13969 14003
f 1437 1436 1394
f 14044 14080 14079
f 13728 13701 13758
f 14201 14239 14238
f 14126 14243 14242
f 14198 14156 14157
f 4355 4326 1258
f 13904 13905 13941
f 13410 13411 13453
f 4373 4374 4418
f 14016 13913 13978
f 14121 14122 14156
f 14044 14045 14080
f 1436 1435 1393
f 1411 4352 1367
f 14122 14157 14156
f 14121 14156 14155
f 13700 13701 13728
f 13492 13426 13463
f 1415 1315 1371
f 1376 4327 4356
f 7571 7563 7564
f 13453 13523 13592
f 14004 13940 13941
f 1440 1439 1402
f 14008 14048 14084
f 13491 13461 13424
f 1416 1415 1372
f 14123 14079 14080
f 13758 13848 13847
f 7586 7587 7593
f 13629 13592 13700
f 14042 13968 13969
f 14072 14001 14073
f 7572 7573 7585
f 4378 4379 4423
f 14005 14046 14045
f 14005 14006 14046
f 1431 1430 1389
f 13493 13382 13466
f 14048 14085 14084
f 13848 13905 13904
f 4377 4378 4423
f 13940 13904 13941
f 14158 14159 14200
f 13727 13700 13728
f 14003 13970 14043
f 1450 14237 14198
f 14002 13968 14042
f 14004 13971 13940
f 13727 13629 13700
f 1430 1429 1340
f 14205 14163 14244
f 4375 4342 4419
f 13226 13257 13256
f 1451 14198 14157
f 13798 13758 13847
f 14017 14016 13978
f 13728 13758 13798
f 13326 13363 13410
f 14043 13970 14004
f 13970 13971 14004
f 14073 14001 14002
f 13493 13466 13427
f 7586 7585 7574
f 4396 4351 14352
f 14006 14007 14047
f 1420 1419 1379
f 4371 4372 4416
f 13727 13728 13757
f 13847 13848 13904
f 4365 4366 4410
f 13493 13427 13494
f 1422 1421 1383
f 4396 14313 14269
f 13699 13629 13727
f 14080 14045 14046
f 14205 14244 14243
f 1421 1381 1382
f 4338 4339 4415
f 4372 4294 4417
f 13675 13710 13709
f 1381 1420 1380
f 1441 1440 4317
f 4376 4377 4421
f 7575 7602 7601
f 13699 13727 13757
f 14003 13969 13970
f 1423 1422 1383
f 13728 13798 13797
f 14204 14242 14273
f 4342 4376 4420
f 13847 13904 13903
f 13757 13728 13797
f 13286 13363 13326
f 14240 14241 14272
f 1427 1426 1386
f 13903 13904 13940
f 1428 1427 1386
f 1450 1449 14237
f 1426 1425 1385
f 4389 4388 4345
f 1424 1423 1384
f 13463 13381 13464
f 14164 14091 14165
f 13913 13811 13861
f 1425 1424 1334
f 4366 4367 4411
f 13971 13939 13940
f 13970 13939 13971
f 13464 13381 13465
f 14086 14158 14085
f 4359 4358 4329
f 1429 4364 1284
f 4396 14352 14313
f 14202 14240 14272
f 4364 4334 1284
f 4370 1291 4414
f 13291 13375 13374
f 4390 4389 4346
f 4369 4370 4413
f 4368 4369 4413
f 13675 13568 13603
f 14006 14047 14046
f 4367 4368 4412
f 4409 13226 4365
f 13939 13903 13940
f 14072 13965 14001
f 4363 4332 4289
f 13969 13901 13970
f 1449 4396 14269
f 14123 14124 14157
f 4391 4347 4302
f 13465 13381 13382
f 7572 7571 7565
f 14239 14202 14271
f 13978 13913 13950
f 13797 13798 13846
f 13968 13938 13969
f 4358 4357 4328
f 4348 4391 4302
f 13463 13426 13381
f 13494 13383 13495
f 1451 1450 14198
f 13798 13847 13846
f 13847 13903 13902
f 14204 14273 14241
f 13913 13861 13950
f 13494 13427 13383
f 13970 13901 13939
f 4393 4392 4350
f 14163 14164 14206
f 13555 13592 13629
f 4361 4360 7603
f 13675 13676 13710
f 4394 4393 4351
f 14163 14245 14244
f 7573 7574 7585
f 14002 13967 13968
f 13374 13376 13461
f 13969 13938 13900
f 14007 14008 14084
f 13969 13900 13901
f 13699 13757 13796
f 4395 4394 4351
f 13675 13603 13676
f 14242 14243 14274
f 13757 13797 13845
f 13939 13902 13903
f 13453 13592 13555
f 4357 4327 4328
f 4356 1418 1376
f 13968 13937 13938
f 4396 4395 4351
f 4375 4418 4374
f 13410 13453 13452
f 14123 14080 14124
f 13967 13937 13968
f 13326 13410 13362
f 13797 13846 13845
f 13710 13711 13709
f 1451 14157 14124
f 13901 13902 13939
f 13846 13847 13902
f 4423 4379 13286
f 14080 14046 14081
f 14164 14165 14207
f 14202 14272 14271
f 7564 7565 7571
f 13699 13555 13629
f 13978 13950 13979
f 14164 14207 14206
f 13466 13382 13427
f 13796 13757 13844
f 14041 14072 1439
f 14274 14243 14244
f 14245 14163 14206
f 13937 13899 13938
f 13938 13899 13900
f 13812 13861 13811
f 13535 13603 13568
f 13495 13383 13467
f 13568 13467 13535
f 7562 1410 4397
f 13757 13845 13844
f 14002 13966 13967
f 13846 13902 13901
f 14041 13965 14072
f 13845 13846 13901
f 13845 13901 13900
f 13426 13337 13381
f 13452 13453 13555
f 13676 13711 13710
f 13709 13711 13812
f 14165 14091 14166
f 4420 4419 4342
f 13462 13378 13425
f 1361 1362 1482
f 13698 13699 13796
f 14081 14046 14047
f 4423 4422 4377
f 13978 13979 14017
f 4410 4409 4365
f 1362 1406 1483
f 1411 1412 1452
f 13844 13845 13900
f 13375 13376 13374
f 4417 4416 4372
f 4415 1401 4338
f 14091 14017 14128
f 4373 4417 4294
f 1412 1413 1452
f 4422 4421 4377
f 13698 13555 13699
f 14001 13966 14002
f 13381 13299 13382
f 13844 13900 13899
f 4411 4410 4366
f 7563 7562 13053
f 4421 4420 4376
f 14085 14158 14199
f 13257 13292 13291
f 14166 14091 14128
f 13966 13937 13967
f 1357 1445 1479
f 13362 13410 13452
f 13937 13898 13899
f 1444 1357 1478
f 1410 4352 4397
f 13698 13796 13795
f 14207 14165 14166
f 1439 1440 14041
f 14080 14081 14124
f 13461 13376 13424
f 13796 13844 13843
f 14245 14206 14246
f 13844 13899 13898
f 4408 13257 13226
f 1397 4414 1291
f 1432 1433 1469
f 4414 4413 4370
f 13795 13796 13843
f 1433 1434 1470
f 4413 4412 4368
f 1443 1444 1477
f 4412 4411 4367
f 7587 7586 7574
f 14001 13936 13966
f 14160 14238 14270
f 1442 1443 1476
f 7575 7601 7587
f 13462 13424 13378
f 14007 14084 14083
f 1431 1432 1468
f 13426 13380 13337
f 1434 1435 1470
f 13843 13844 13898
f 13965 13936 14001
f 4409 4408 13226
f 14206 14207 14246
f 13053 7564 7563
f 14244 14245 14275
f 7565 7566 7572
f 14274 14244 14275
f 1454 4325 1493
f 13966 13936 13937
f 13697 13555 13698
f 7575 4361 7602
f 14273 14242 14316
f 14207 14166 14167
f 13382 13300 13427
f 14017 13979 13980
f 14238 14239 14270
f 7573 7572 7567
f 13794 13698 13795
f 13937 13897 13898
f 13843 13898 13897
f 4352 1411 4398
f 13936 13897 13937
f 1441 1442 1475
f 1436 1437 1471
f 14047 14007 1490
f 1315 1415 1455
f 13467 13496 13535
f 13697 13665 13555
f 4355 1369 4399
f 1449 1450 1485
f 14166 14128 14167
f 13697 13698 13726
f 13452 13555 13591
f 1430 1431 1467
f 13591 13555 13665
f 14246 14207 14167
f 14242 14274 14317
f 14081 14047 14082
f 13426 13379 13380
f 13291 13335 13375
f 13794 13795 13843
f 13979 13950 13980
f 1450 1451 1486
f 7565 7564 10625
f 14245 14246 14276
f 13794 13726 13698
f 13378 13336 13425
f 14200 14160 14270
f 13285 13286 13326
f 13427 13301 13383
f 14241 14273 14272
f 13812 13862 13861
f 13936 13842 13897
f 4311 4312 4406
f 1415 1416 4401
f 1449 1484 4396
f 1483 1482 1362
f 4312 4360 4406
f 1405 1481 1359
f 1420 1381 1457
f 1441 1474 1440
f 1453 1452 1413
f 1407 1483 1406
f 1481 1447 1359
f 1381 1421 1458
f 1438 4335 4386
f 1454 1453 1413
f 1419 1420 1456
f 4330 4311 4404
f 14040 14041 1440
f 4423 13286 13285
f 1421 1422 1459
f 13535 13496 13603
f 13843 13897 13842
f 1447 1480 1446
f 4360 4361 4407
f 1487 1451 14124
f 1426 1427 1463
f 1480 1445 1446
f 1437 1438 1472
f 4408 13292 13257
f 1422 1423 1460
f 4359 4330 4403
f 13427 13300 13301
f 7566 7567 7572
f 14242 14317 14316
f 1425 1426 1462
f 1479 1478 1357
f 1424 1425 1462
f 1428 1387 1464
f 13380 13298 13337
f 13425 13336 13379
f 14085 14199 4478
f 13628 13591 13665
f 14007 14083 1490
f 14245 14276 14275
f 1387 1337 1465
f 1478 1477 1444
f 13696 13665 13697
f 13292 13335 13291
f 4358 4359 4403
f 4334 4364 4385
f 4389 4390 4439
f 1469 1468 1432
f 13603 13644 13676
f 13794 13843 13842
f 1470 1469 1433
f 14041 14000 13965
f 13950 13861 13862
f 13325 13326 13362
f 14047 1490 14082
f 4390 4321 4440
f 14274 14275 14318
f 4289 4333 4384
f 13696 13697 13726
f 1488 14124 14081
f 1282 1388 4381
f 1339 1282 1501
f 13451 13452 13591
f 13467 13428 13496
f 4332 4363 4383
f 13676 13644 13711
f 14017 13980 14018
f 10625 7566 7565
f 13695 13726 13794
f 4331 4362 4382
f 1477 1476 1443
f 1388 4331 4382
f 13376 13377 13424
f 14158 14200 14199
f 1452 4398 1411
f 14274 14318 14317
f 13381 13337 13228
f 14239 14271 14315
f 13381 13228 13299
f 1476 1475 1442
f 4393 4394 4441
f 13285 13326 13325
f 13383 13428 13467
f 4394 4395 4441
f 13379 13297 13380
f 1397 1398 1473
f 13628 13554 13591
f 13980 13950 13914
f 1468 1467 1431
f 14270 14239 14315
f 4395 4396 1541
f 13628 13665 13627
f 1472 1471 1437
f 1455 1414 1315
f 14040 14000 14041
f 1474 14040 1440
f 7574 7573 7568
f 13965 13896 13936
f 13451 13591 13554
f 13424 13377 13378
f 1471 1435 1436
f 1485 1484 1449
f 1370 4399 1369
f 13696 13627 13665
f 14128 14017 14092
f 14017 14018 14092
f 14083 14084 1491
f 1489 14081 14082
f 13696 13726 13695
f 13382 13299 13300
f 1487 1486 1451
f 4422 4423 13221
f 4373 4418 4433
f 13380 13297 13298
f 1416 1417 4401
f 13950 13862 13914
f 1475 1474 1441
f 13603 13496 13644
f 4418 4375 4434
f 13896 13842 13936
f 1486 1485 1450
f 1489 1488 14081
f 4375 4419 4436
f 14000 13964 13965
f 14272 14273 14316
f 13335 13376 13375
f 4420 4421 4438
f 4406 4405 4311
f 1488 1487 14124
f 4339 4371 4430
f 13409 13362 13452
f 4387 4386 4335
f 7562 4397 13216
f 4407 4406 4360
f 13964 13896 13965
f 4421 4422 4438
f 1458 1457 1381
f 14271 14272 14356
f 4405 4404 4311
f 1459 1458 1421
f 1457 1456 1420
f 4386 1472 1438
f 4419 4420 4437
f 1430 4364 1429
f 4400 1455 1415
f 14318 14275 14276
f 1460 1459 1422
f 7569 7587 7574
f 4404 4403 4330
f 4409 4410 4427
f 4417 4373 4432
f 1424 1461 1423
f 1461 1460 1423
f 1463 1462 1426
f 7562 13108 13053
f 7567 7568 7573
f 13794 13842 13841
f 14084 14085 4477
f 1464 1427 1428
f 13379 13336 13297
f 4410 4411 4428
f 1465 1464 1387
f 4439 4388 4389
f 1338 1465 1337
f 13812 13863 13862
f 14040 13999 14000
f 4408 4409 4426
f 1466 1338 1339
f 4440 4439 4390
f 13325 13362 13409
f 4401 4400 1415
f 4385 4333 4334
f 4347 4440 4321
f 1466 1339 1501
f 4384 4363 4289
f 13711 13770 13812
f 13627 13554 13628
f 4403 4357 4358
f 4383 4362 4332
f 14085 4478 4477
f 13337 13261 13228
f 1282 4381 1501
f 14092 14018 14019
f 13695 13627 13696
f 13725 13695 13794
f 13252 4423 13285
f 14246 14167 14247
f 4408 4424 13292
f 14272 14316 14357
f 14167 14128 14092
f 13999 13964 14000
f 13841 13842 13896
f 13644 13770 13711
f 4441 4392 4393
f 1490 1489 14082
f 4407 4361 7575
f 14272 14357 14356
f 14315 14271 14355
f 13644 13496 13604
f 4356 4402 1418
f 1491 1490 14083
f 13409 13452 13451
f 1541 4441 4395
f 13428 13536 13496
f 1484 1541 4396
f 13284 13285 13325
f 13793 13794 13841
f 4357 4356 4327
f 4438 4422 13221
f 14276 14246 14277
f 13862 13863 13914
f 1474 13999 14040
f 1417 1418 4402
f 13377 13258 13378
f 13337 13298 13261
f 13725 13794 13793
f 13812 13813 13863
f 14318 14276 14319
f 13221 4423 13252
f 13770 13813 13812
f 13383 13338 13428
f 14200 14270 14314
f 4434 4433 4418
f 14277 14246 14247
f 14271 14356 14355
f 7568 7569 7574
f 13383 13301 13338
f 13840 13841 13896
f 4436 4435 4375
f 4431 4416 4417
f 4430 4415 4339
f 4437 4436 4419
f 4387 4314 1686
f 14018 13980 13951
f 1453 1454 1492
f 4438 4437 4420
f 13378 13258 13336
f 4415 4429 1401
f 4433 4432 4373
f 13336 13259 13297
f 4429 1355 1401
f 4435 4434 4375
f 1417 4402 4401
f 4432 4431 4417
f 13428 13468 13536
f 14276 14277 14319
f 13496 13537 13604
f 1479 1445 1515
f 13793 13841 13840
f 13536 13537 13496
f 13376 13295 13377
f 1478 1479 1514
f 4428 4427 4410
f 4425 4424 4408
f 1473 4414 1397
f 7566 7559 7567
f 1477 1478 1513
f 4427 4426 4409
f 14318 14358 14317
f 1491 14084 4477
f 4426 4425 4408
f 4412 4428 4411
f 13840 13896 13895
f 13980 13914 13951
f 7562 13216 13108
f 13335 13295 13376
f 1476 1477 1511
f 13450 13409 13451
f 13252 13285 13284
f 1469 1470 1506
f 1468 1469 1505
f 1470 1435 1507
f 14270 14315 14354
f 13292 13293 13335
f 14358 14318 14319
f 14199 14200 1522
f 13914 13863 13864
f 1475 1476 1510
f 2317 1686 4314
f 4397 4352 4442
f 4352 4398 4443
f 1467 1468 1504
f 4354 4308 4444
f 13428 13429 13468
f 4308 4326 4444
f 13626 13554 13627
f 14357 14316 14391
f 13468 13537 13536
f 13377 13295 13258
f 1487 1488 1518
f 4326 4355 4445
f 13813 13864 13863
f 1474 1475 1510
f 1488 1489 1518
f 14356 14357 14391
f 13644 13604 13569
f 14167 14092 14208
f 13964 13894 13896
f 13301 13262 13338
f 4399 1370 4446
f 13338 13429 13428
f 13537 13569 13604
f 14315 14355 14354
f 13894 13895 13896
f 14316 14317 14393
f 13627 13695 13725
f 1486 1487 1517
f 1489 1490 1519
f 14247 14167 14208
f 1370 1414 4446
f 13429 13469 13468
f 1485 1486 1517
f 1435 1471 4460
f 1414 1455 4447
f 4406 4407 4455
f 1361 1516 1405
f 2317 1378 1419
f 1456 1457 1494
f 4386 4387 4463
f 13299 13229 13300
f 1430 1502 4364
f 1457 1458 1495
f 1472 4386 4462
f 4424 13293 13292
f 1490 1491 1520
f 4404 4405 4453
f 13894 13840 13895
f 1458 1459 1496
f 1493 1492 1454
f 14358 14319 14359
f 14320 14277 14247
f 13053 13021 7564
f 1455 4400 4448
f 1459 1460 1497
f 1480 1515 1445
f 1471 1472 4461
f 1463 1427 1499
f 13336 13296 13259
f 14319 14277 14360
f 13297 13260 13298
f 1427 1464 1499
f 1515 1514 1479
f 1462 1463 1498
f 7568 7567 7560
f 1464 1465 1500
f 4403 4404 4452
f 1510 13999 1474
f 1514 1513 1478
f 13338 13339 13429
f 4438 13221 13182
f 4333 4385 4459
f 14316 14392 14391
f 14208 14092 14168
f 14355 14356 14390
f 4384 4333 4459
f 1513 1512 1477
f 13935 13894 13964
f 4383 4363 4458
f 4400 4401 4449
f 1512 1511 1477
f 4455 4407 7575
f 13999 13935 13964
f 4362 4383 4457
f 4357 4403 4452
f 13299 13228 13229
f 14314 14270 14353
f 13300 13229 13301
f 14316 14393 14392
f 1388 4382 4456
f 14319 14360 14359
f 14360 14277 14320
f 13644 13677 13770
f 4348 4392 4474
f 1507 1506 1470
f 4401 4402 4449
f 4392 4441 4475
f 13220 13221 13252
f 13293 13295 13335
f 13336 13258 13296
f 1399 1353 1509
f 1352 1399 1508
f 1351 1352 1508
f 13298 13260 13261
f 14317 14358 14393
f 1511 1510 1476
f 1505 1504 1468
f 7569 7568 7560
f 1506 1505 1469
f 13263 13339 13338
f 4402 4356 4450
f 1452 4443 4398
f 14270 14354 14353
f 4356 4357 4450
f 13569 13677 13644
f 1520 1491 4477
f 13792 13725 13793
f 4399 4445 4355
f 1507 1435 4460
f 13469 13430 13468
f 7559 7560 7567
f 1504 1503 1467
f 13694 13627 13725
f 13262 13263 13338
f 4435 4436 4472
f 13694 13626 13627
f 1521 4478 14199
f 13429 13430 13469
f 1409 1448 4473
f 1503 1430 1467
f 13301 13154 13262
f 1518 1517 1487
f 14018 13951 14019
f 14092 14019 14129
f 13792 13793 13840
f 13297 13259 13260
f 1517 1484 1485
f 14168 14092 14129
f 4447 4446 1414
f 4455 4454 4406
f 13361 13325 13409
f 13108 13052 13053
f 4454 4405 4406
f 1495 1494 1457
f 13914 13864 13865
f 13449 13409 13450
f 13553 13554 13626
f 4463 4462 4386
f 13182 13221 13220
f 4543 7566 10625
f 1520 1519 1490
f 4448 4447 1455
f 1496 1495 1458
f 4461 4460 1471
f 4438 13182 4437
f 13449 13450 13451
f 13301 13229 13154
f 1497 1496 1459
f 1510 13935 13999
f 13813 13865 13864
f 1461 1497 1460
f 4388 4473 1448
f 1499 1498 1463
f 13486 13451 13554
f 1500 1499 1464
f 13792 13694 13725
f 1498 1424 1462
f 4432 4433 4470
f 1522 1521 14199
f 4434 4435 4471
f 4453 4452 4404
f 4433 4434 4470
f 1466 1465 1338
f 13677 13771 13770
f 13770 13771 13813
f 4449 4448 4400
f 13261 13227 13228
f 13296 13188 13259
f 4384 4458 4363
f 4427 4428 4467
f 4428 4412 4467
f 4424 4425 4465
f 4425 4426 4466
f 4458 4457 4383
f 4362 4456 4382
f 13430 13384 13468
f 4474 4391 4348
f 4456 4381 1388
f 14358 14359 14393
f 13468 13384 13537
f 7560 7561 7569
f 4475 4474 4392
f 13893 13840 13894
f 13284 13325 13361
f 4452 4451 4357
f 4442 13216 4397
f 13914 13865 13915
f 4476 4475 4441
f 4450 4449 4402
f 1509 1508 1399
f 1541 4476 4441
f 1508 1398 1351
f 13339 13430 13429
f 4451 4450 4357
f 4436 4437 13112
f 13260 13190 13261
f 13486 13554 13553
f 13449 13361 13409
f 13258 13188 13296
f 13792 13840 13839
f 14320 14247 14208
f 14129 14019 14093
f 4436 13112 4472
f 13914 13915 13951
f 13449 13451 13486
f 14168 14129 14130
f 13935 13893 13894
f 1510 13963 13935
f 13293 13294 13295
f 14208 14168 14130
f 4424 4464 13293
f 14390 14356 14435
f 13261 13190 13227
f 14546 10625 7564
f 13259 13189 13260
f 4431 4469 4416
f 4416 4468 4371
f 14353 14354 14389
f 4468 4430 4371
f 1525 1456 1494
f 1483 1407 1539
f 13893 13839 13840
f 13384 13538 13537
f 1452 1453 1523
f 13537 13538 13569
f 1480 1447 1538
f 4472 4471 4435
f 2317 1419 1456
f 1408 1409 1540
f 13756 13694 13792
f 14356 14391 14435
f 13339 13384 13430
f 4470 4431 4432
f 14393 14436 14392
f 1513 1514 1536
f 13260 13189 13190
f 4543 7559 7566
f 4471 4470 4434
f 1512 1513 1536
f 14354 14355 14389
f 4465 4464 4424
f 4466 4465 4425
f 14360 14320 14359
f 4455 7575 4492
f 14200 14314 1522
f 1511 1512 1535
f 14019 13951 14020
f 14355 14390 14434
f 13181 4437 13182
f 1540 1409 4473
f 1510 1511 4501
f 13693 13626 13694
f 14129 14093 14130
f 13963 13892 13935
f 13021 13053 13052
f 4353 4354 4480
f 14208 14130 14209
f 13259 13188 13189
f 4444 4326 4481
f 14093 14019 14020
f 13295 1610 13258
f 13892 13893 13935
f 4326 4445 4481
f 13485 13486 13553
f 13181 13182 13220
f 14393 14359 14437
f 13625 13553 13626
f 4464 13294 13293
f 13227 4638 13228
f 14390 14435 14434
f 1503 1504 1532
f 1504 1505 1533
f 1505 1506 1534
f 4399 4446 4482
f 13219 13220 13252
f 13219 13252 13284
f 13485 13449 13486
f 13228 4638 13229
f 13756 13693 13694
f 1430 1503 1502
f 1484 1517 1543
f 13408 13361 13449
f 13154 13155 13262
f 14314 14353 14389
f 13339 13340 13384
f 1517 1518 1545
f 14320 14208 14321
f 13112 4437 13148
f 4446 4447 4485
f 13190 13115 13227
f 4454 4455 4492
f 1489 1519 1546
f 1518 1489 1546
f 1519 1520 1547
f 1494 1495 1525
f 4405 4454 4491
f 1472 4462 4499
f 4461 1472 4499
f 4460 4461 4499
f 1524 1523 1453
f 1521 1522 1550
f 1492 1524 1453
f 1495 1496 1526
f 14393 14437 14436
f 1481 1538 1447
f 13892 13839 13893
f 4453 4405 4489
f 13181 13148 4437
f 14321 14208 14278
f 4447 4448 4486
f 1499 1500 1530
f 13813 13814 13865
f 13215 13108 13216
f 13693 13625 13626
f 1498 1499 1529
f 13263 13340 13339
f 1515 1537 1514
f 1424 1498 1529
f 4385 4364 4497
f 1548 1520 4477
f 1537 1536 1514
f 4388 4439 4502
f 13771 13814 13813
f 14391 14392 14435
f 4448 4449 4486
f 4452 4453 4488
f 13227 13153 4638
f 4439 4440 4503
f 4440 4347 4503
f 14020 13951 13981
f 4384 4459 4496
f 13294 1610 13295
f 13951 13915 13952
f 13485 13553 13590
f 13181 13220 13219
f 14130 14093 14094
f 4457 4458 4495
f 13569 13645 13677
f 1521 1549 4478
f 4347 4391 4505
f 13625 13590 13553
f 4362 4457 4494
f 4391 4474 4507
f 13227 13115 13153
f 14278 14208 14209
f 14093 14020 14094
f 13219 13284 13251
f 4449 4450 4487
f 4474 4475 4508
f 7569 10944 7587
f 4475 4476 4508
f 4544 10625 14546
f 13485 13448 13449
f 13934 13892 13963
f 1508 1509 1565
f 4476 1541 4509
f 1353 1400 1566
f 1398 1508 1565
f 4443 4479 4352
f 1523 4443 1452
f 13111 4472 13112
f 4444 4480 4354
f 14394 14320 14321
f 14359 14320 14438
f 7575 7587 10944
f 4479 4442 4352
f 13408 13449 13448
f 1510 13934 13963
f 13951 13952 13981
f 13155 13263 13262
f 4482 4445 4399
f 1533 1532 1504
f 1507 1534 1506
f 4542 7560 7559
f 14389 14355 14434
f 4477 4478 1580
f 14392 12292 14435
f 1534 1533 1505
f 4483 4482 4446
f 1532 1531 1503
f 14392 14436 12292
f 1542 1541 1484
f 4484 4483 4446
f 13229 4638 13154
f 1531 1502 1503
f 4471 4472 13069
f 1543 1542 1484
f 14434 14435 14460
f 13915 13865 13866
f 1536 1535 1512
f 13263 13230 13340
f 1544 1543 1517
f 4485 4484 4446
f 13814 13866 13865
f 1545 1544 1517
f 13384 13470 13538
f 1546 1545 1518
f 1547 1546 1519
f 4463 4500 4462
f 4468 4416 4555
f 13538 13570 13569
f 4469 4431 4556
f 4500 4499 4462
f 1522 14314 1552
f 4491 4490 4405
f 1507 4460 4498
f 13791 13756 13792
f 1551 1550 1522
f 14321 14278 14322
f 1526 1525 1495
f 4490 4489 4405
f 1550 1549 1521
f 4486 4485 4447
f 4542 7561 7560
f 1527 1526 1496
f 1535 4501 1511
f 4499 4498 4460
f 1497 1527 1496
f 13771 13772 13814
f 14438 14320 14394
f 4464 4545 13294
f 4489 4488 4453
f 1400 1354 4553
f 1530 1529 1499
f 1528 1461 1424
f 13724 13693 13756
f 1529 1528 1424
f 4431 4470 4558
f 13677 13772 13771
f 4503 4502 4439
f 4497 4459 4385
f 4504 4503 4347
f 4464 4465 4546
f 13107 13052 13108
f 4470 4471 4559
f 4496 4458 4384
f 4543 10625 4544
f 4505 4504 4347
f 4487 4486 4449
f 4465 4466 4547
f 4466 4426 4548
f 4426 4427 4549
f 4495 4494 4457
f 4506 4505 4391
f 14314 14389 1552
f 4494 4456 4362
f 4488 4451 4452
f 4507 4506 4391
f 1555 1493 4353
f 13569 13570 13645
f 13128 13112 13148
f 4442 13215 13216
f 13791 13792 13839
f 13340 13470 13384
f 4509 4508 4476
f 13069 4472 13083
f 1548 4477 1580
f 1566 1509 1353
f 4510 4509 1541
f 13111 13083 4472
f 1565 1473 1398
f 13538 13497 13570
f 14209 14130 14169
f 4545 1610 13294
f 13470 13497 13538
f 13324 13284 13361
f 13645 13738 13677
f 13624 13590 13625
f 1549 1580 4478
f 13180 13148 13181
f 13814 13815 13866
f 13791 13724 13756
f 13180 13181 13219
f 13258 1610 13188
f 13324 13251 13284
f 13998 13934 1510
f 13324 13361 13408
f 14389 14434 1552
f 13111 13112 13128
f 14278 14209 14248
f 13772 13815 13814
f 13189 13115 13190
f 1566 1400 4552
f 4559 4471 13069
f 14437 14359 14438
f 4501 13998 1510
f 4469 4555 4416
f 1516 1361 1571
f 4557 4556 4431
f 1481 1405 1516
f 1482 1483 1572
f 13677 13738 13772
f 1538 1481 1570
f 13891 13839 13892
f 4554 4429 4415
f 1407 1408 1573
f 1524 1492 1553
f 1480 1538 1569
f 4558 4557 4431
f 1515 1480 1568
f 1492 1493 1554
f 13340 13385 13470
f 1525 2317 1456
f 4553 4552 1400
f 13155 13191 13263
f 13981 13952 13982
f 4551 4414 1473
f 4547 4546 4465
f 13693 13664 13625
f 4413 4550 4412
f 4546 4545 4464
f 13624 13625 13664
f 14020 13981 13982
f 4550 4467 4412
f 13340 13341 13385
f 4579 4492 7575
f 13215 13107 13108
f 4548 4547 4466
f 4549 4548 4426
f 4467 4549 4427
f 14209 14169 14170
f 13191 13230 13263
f 4559 4558 4470
f 13624 13485 13590
f 1573 1408 1540
f 13934 13891 13892
f 13230 13341 13340
f 14322 14278 14323
f 4479 4443 4513
f 13791 13839 13838
f 14248 14209 14170
f 1523 1524 4515
f 4443 1523 4515
f 14460 14435 14479
f 14169 14130 14131
f 4353 4480 4517
f 13915 13866 13867
f 4442 4479 4511
f 7559 4543 4542
f 4444 4481 4518
f 13128 13148 13147
f 14130 14094 14131
f 14311 14546 7564
f 4445 4482 4519
f 1531 1532 1564
f 14437 14438 14461
f 1541 1542 1575
f 13952 13915 13916
f 13341 13386 13385
f 13815 13867 13866
f 13891 13838 13839
f 4540 7561 4541
f 13180 13147 13148
f 14461 14438 14394
f 1536 1567 1535
f 1502 1531 1563
f 14435 12292 14479
f 4541 7561 4542
f 1543 1544 1577
f 13772 13738 13815
f 14323 14278 14248
f 1544 1545 1578
f 13188 13114 13189
f 4632 4463 4387
f 1534 1507 4535
f 1482 1571 1361
f 4484 4485 4520
f 4500 4463 4539
f 1534 4535 1533
f 1545 1546 1579
f 4454 4492 4527
f 1539 1572 1483
f 1547 1520 1579
f 4499 4500 4538
f 1546 1547 1579
f 13153 13116 4638
f 4490 4491 4526
f 1525 1526 1556
f 13470 13385 13497
f 1541 1575 4510
f 14311 7564 13021
f 1526 1527 1557
f 1550 1551 1582
f 4489 4490 4525
f 1569 1568 1480
f 1554 1553 1492
f 1568 1537 1515
f 1527 1497 1558
f 4485 4486 4521
f 1551 1522 1583
f 1497 1461 1559
f 4488 4489 4525
f 1555 1554 1493
f 1529 1530 1560
f 1532 1533 4534
f 4364 1502 1562
f 4473 4388 4562
f 1461 1528 1559
f 1528 1529 1560
f 13915 13867 13916
f 1537 1567 1536
f 1500 1465 1561
f 1574 4509 4510
f 1552 14434 4664
f 13982 13952 13916
f 4502 4503 4564
f 13115 13116 13153
f 4498 4499 4536
f 4486 4487 4521
f 4545 4594 1610
f 4496 4459 4533
f 4495 4458 4532
f 4451 4488 4523
f 4501 1535 4561
f 4456 4494 4531
f 4381 4456 4530
f 14169 14131 14170
f 1555 4353 4517
f 4507 4474 4565
f 14436 14437 14480
f 4638 13117 13154
f 13189 13114 13115
f 4513 4512 4479
f 4450 4451 4522
f 4474 4508 4565
f 4514 4513 4443
f 1553 4516 1524
f 4516 4515 1524
f 4508 4509 1574
f 4512 4511 4479
f 13386 13387 13385
f 4515 4514 4443
f 13790 13724 13791
f 4560 13998 4501
f 4603 13069 13083
f 13110 13111 13128
f 13738 13816 13815
f 13110 13083 13111
f 4518 4480 4444
f 13815 13816 13867
f 4658 13693 13724
f 4519 4481 4445
f 14322 14323 14361
f 13117 13155 13154
f 4559 13069 4603
f 13790 13791 13838
f 14323 14248 14279
f 1564 1563 1531
f 13589 13485 13624
f 4589 7561 4540
f 13589 13624 13664
f 1576 1542 1543
f 13645 13646 13738
f 1577 1576 1543
f 1563 1562 1502
f 1578 1577 1544
f 14461 14394 14321
f 4527 4491 4454
f 1575 1574 4510
f 1579 1578 1545
f 4528 4527 4492
f 1564 1532 4534
f 4539 4538 4500
f 4430 4468 4600
f 1581 1549 1550
f 4538 4537 4499
f 1557 1556 1526
f 4521 4520 4485
f 4526 4525 4490
f 13131 13191 13155
f 14434 14460 14478
f 13283 13251 13324
f 13179 13180 13219
f 1558 1557 1527
f 4535 4534 1533
f 1582 1581 1550
f 1559 1558 1497
f 1354 1355 4599
f 4721 13448 13485
f 1560 1559 1528
f 1583 1582 1551
f 1562 1589 4364
f 13127 13128 13147
f 14361 14323 14279
f 4537 4536 4499
f 1561 1530 1500
f 1589 4497 4364
f 4502 4563 4388
f 4563 4562 4388
f 4525 4524 4488
f 13407 13408 13448
f 13107 13021 13052
f 4558 4559 4602
f 13218 13219 13251
f 13341 13387 13386
f 7569 7561 12222
f 4504 4564 4503
f 4524 4523 4488
f 4546 4547 4595
f 13890 13838 13891
f 13191 13132 13230
f 4496 4532 4458
f 4561 4560 4501
f 4547 4548 4596
f 4549 4467 4598
f 13360 13324 13408
f 13916 13867 13868
f 13117 13131 13155
f 4531 4530 4456
f 4523 4522 4451
f 14131 14094 14095
f 4522 4487 4450
f 4659 13934 13998
f 13790 4658 13724
f 13179 13147 13180
f 14170 14131 14095
f 13230 13302 13341
f 1574 4565 4508
f 13816 13868 13867
f 4658 13664 13693
f 13645 13570 13646
f 4548 4549 4597
f 1548 1580 1581
f 13110 13128 13127
f 14094 14020 14021
f 13156 13302 13230
f 14461 14321 14462
f 13132 13156 13230
f 13110 13082 13083
f 4603 13083 13082
f 14546 4593 4544
f 13385 13387 13497
f 13589 4721 13485
f 14462 14321 14322
f 13934 13890 13891
f 4664 14434 14477
f 4579 4528 4492
f 14020 13982 14021
f 4560 4659 13998
f 4556 4601 4469
f 4601 4555 4469
f 1571 1482 1595
f 13179 13219 13218
f 4539 4463 4588
f 14434 14478 14477
f 13131 13132 13191
f 1569 1538 1594
f 1568 1569 1593
f 14436 14480 12292
f 7575 10944 4579
f 4602 4557 4558
f 4580 1525 1556
f 1537 1568 1567
f 13982 13916 13868
f 13790 13838 13837
f 13283 13324 13360
f 13302 13342 13341
f 4599 4553 1354
f 13283 13250 13251
f 13341 13342 13387
f 4603 4602 4559
f 13218 13251 13250
f 13127 13147 13146
f 13360 13408 13407
f 13188 1609 13114
f 4551 4413 4414
f 13890 13837 13838
f 13179 13146 13147
f 14433 13215 4442
f 13497 13471 13570
f 4596 4595 4547
f 4512 4513 4514
f 4546 4594 4545
f 14094 14021 14095
f 4598 4597 4549
f 4517 4480 4567
f 4597 4596 4548
f 4480 4518 4567
f 4540 4541 4589
f 14478 14460 14505
f 13387 13471 13497
f 14439 14322 14361
f 4541 4542 4590
f 4511 14433 4442
f 4481 4519 4568
f 4543 4544 4592
f 1574 1575 1596
f 4542 4543 4591
f 4482 4483 4569
f 14480 14437 14461
f 4483 4484 4570
f 4579 4529 4528
f 1591 1564 4534
f 4527 4528 4578
f 1542 1576 1598
f 4528 4529 4578
f 14311 14545 14546
f 14248 14170 14210
f 1576 1577 1599
f 14462 14322 14439
f 1577 1578 1600
f 4491 4527 4576
f 1578 1579 1600
f 1572 1595 1482
f 4538 4539 4587
f 4484 4520 4572
f 1516 1570 1481
f 13302 13264 13342
f 13116 13115 4639
f 1520 1548 1601
f 4526 4491 4575
f 1594 1593 1569
f 14460 14479 14505
f 14170 14095 14210
f 4537 4538 4586
f 1570 1594 1538
f 13188 1610 1609
f 1593 1592 1568
f 4535 1507 4583
f 1580 1549 1581
f 1556 1557 1585
f 1592 1567 1568
f 4520 4521 4573
f 1557 1558 1586
f 13109 13110 13127
f 1560 1530 1588
f 1559 1560 1587
f 1558 1559 1587
f 2317 1525 4580
f 1507 4498 4584
f 13156 13264 13302
f 4563 4502 4660
f 13109 13082 13110
f 4521 4487 4573
f 4502 4564 4660
f 13106 13107 13215
f 4723 4658 13790
f 4561 1535 1613
f 4459 4497 1623
f 4498 4536 4584
f 4536 4537 4585
f 13982 13868 14021
f 4496 4533 4582
f 13081 4603 13082
f 4532 4496 4581
f 4495 4532 4581
f 1522 1552 1583
f 4504 4505 4662
f 4494 4495 4531
f 4560 4561 4659
f 4507 4565 4663
f 14095 14021 14057
f 13738 13712 13816
f 4512 4566 4511
f 4565 1574 1618
f 4657 13589 13664
f 14477 14478 14504
f 4593 4592 4544
f 4590 4589 4541
f 12292 14480 14519
f 14361 14279 14362
f 4568 4518 4481
f 14439 14361 14440
f 4591 4590 4542
f 4592 4591 4543
f 4569 4519 4482
f 13178 13146 13179
f 14546 14535 4593
f 4723 13790 13837
f 13178 13179 13218
f 4570 4569 4483
f 4696 13132 13131
f 4579 4578 4529
f 1597 1575 1542
f 14478 14505 14504
f 14279 14248 14210
f 13117 4696 13131
f 1598 1597 1542
f 13646 13712 13738
f 4571 4570 4484
f 1599 1598 1576
f 4578 4577 4527
f 13109 13081 13082
f 4557 4602 4651
f 1600 1599 1577
f 13126 13127 13146
f 4556 4557 4651
f 13342 13431 13387
f 4572 4571 4484
f 4588 4587 4539
f 4632 4588 4463
f 4577 4576 4527
f 4468 4555 4650
f 14395 14361 14362
f 4583 4534 4535
f 4587 4586 4538
f 4576 4575 4491
f 14440 14361 14395
f 13406 13407 13448
f 13387 13431 13471
f 4602 4603 4653
f 1590 1589 1562
f 1601 1579 1520
f 4573 4572 4520
f 4575 4525 4526
f 13406 13360 13407
f 4415 4430 4649
f 14210 14095 14097
f 4554 4415 4648
f 1585 1584 1556
f 4719 13283 13360
f 4429 4554 4647
f 4586 4585 4537
f 13249 13250 13283
f 1586 1585 1557
f 4584 4583 1507
f 4580 1556 1584
f 1355 4429 4646
f 13114 4640 13115
f 1587 1586 1558
f 1561 1588 1530
f 4574 4573 4487
f 1565 1509 4645
f 4522 4574 4487
f 1567 1613 1535
f 14095 14057 14096
f 1473 1565 4645
f 1602 1583 1552
f 13816 13817 13868
f 1623 4533 4459
f 4661 4564 4504
f 4585 4584 4536
f 4594 1611 1610
f 1613 4659 4561
f 4582 4581 4496
f 4511 4566 14433
f 4662 4661 4504
f 4467 4550 4644
f 13712 13817 13816
f 4581 4531 4495
f 4598 4467 4644
f 4506 4662 4505
f 13109 13127 13126
f 14021 13868 13917
f 4546 4595 1612
f 4663 4506 4507
f 13570 13647 13646
f 1636 4663 4565
f 4658 4657 13664
f 4595 4596 4641
f 4594 4546 1612
f 1618 1636 4565
f 14535 14546 14545
f 13116 4639 4638
f 4638 4637 13117
f 14481 14462 14439
f 4654 4603 13081
f 4664 14477 4731
f 4597 4598 4642
f 4596 4597 4642
f 14057 14021 14022
f 14279 14210 14249
f 13178 13126 13146
f 4652 4651 4602
f 4589 12222 7561
f 13342 13388 13431
f 4723 13837 13836
f 4653 4652 4602
f 14477 14504 4731
f 13646 13647 13712
f 7569 12222 10944
f 4664 1602 1552
f 13471 13605 13570
f 14433 13106 13215
f 13117 4637 4696
f 4721 13406 13448
f 4655 13081 13109
f 4654 4653 4603
f 1571 1595 1616
f 4650 4600 4468
f 13106 13021 13107
f 13890 13836 13837
f 14480 14461 14520
f 1593 1594 1615
f 1592 1593 1614
f 1539 1407 1617
f 13115 4640 4639
f 13917 13868 13869
f 4600 4649 4430
f 4719 13249 13283
f 4649 4648 4415
f 4648 4647 4554
f 13218 13250 13249
f 14021 13917 14022
f 13406 4719 13360
f 4647 4646 4429
f 14095 14096 14097
f 4646 4599 1355
f 13431 13472 13471
f 1566 4645 1509
f 14096 14057 14022
f 13817 13869 13868
f 4644 4643 4598
f 13570 13605 13647
f 4641 1612 4595
f 4643 4642 4598
f 4566 4512 4604
f 4512 4514 4606
f 4514 4515 4608
f 4515 4516 4608
f 4516 1553 4609
f 4642 4641 4596
f 14520 14461 14462
f 1553 1554 4610
f 4659 13890 13934
f 1554 1555 4611
f 4655 13109 13126
f 4655 4654 13081
f 14440 14395 14362
f 4592 4593 4635
f 4589 4590 4634
f 4518 4568 4612
f 4590 4591 4634
f 4591 4592 4635
f 13342 13264 13388
f 13021 12299 14311
f 1564 1591 1607
f 13118 13156 13132
f 14481 14439 14440
f 4578 4579 4617
f 1608 1591 4534
f 12292 14519 14536
f 12299 14545 14311
f 4586 4587 4630
f 4587 4588 4632
f 14210 14097 14058
f 1600 1579 1620
f 1572 1616 1595
f 1589 1590 1606
f 4575 4576 4616
f 1615 1614 1593
f 1570 1615 1594
f 4525 4575 4616
f 4583 4584 4626
f 1573 1617 1407
f 13431 13388 13472
f 4584 4585 4627
f 1573 1540 4725
f 4585 4586 4629
f 1589 1605 4497
f 4573 4574 4613
f 14362 14279 14249
f 1540 4473 4726
f 1587 1560 1603
f 4522 4523 4615
f 1560 1588 1603
f 4574 4522 4614
f 4563 4660 4728
f 4562 4563 4727
f 2317 4580 4619
f 1588 1561 1604
f 4660 4564 4661
f 4580 1584 4621
f 1561 1465 1604
f 4566 4604 14433
f 1583 1602 1582
f 4696 13118 13132
f 4656 4655 13126
f 14096 14022 14097
f 14022 13917 13953
f 4581 4582 4625
f 14462 14481 14506
f 4531 4581 4624
f 4605 4604 4512
f 1466 1501 4622
f 4530 4531 4623
f 4506 4663 4729
f 4606 4605 4512
f 4731 14504 14518
f 4608 4607 4514
f 4609 4608 4516
f 4610 4609 1553
f 13472 13498 13471
f 4611 4610 1554
f 14535 4636 4593
f 4636 4635 4593
f 4612 4567 4518
f 4635 4634 4591
f 1596 1618 1574
f 4717 13126 13178
f 14249 14210 14211
f 4722 13589 4657
f 14505 14479 4768
f 14504 14505 14518
f 13156 13231 13264
f 1607 1563 1564
f 4659 4757 13890
f 1619 1596 1575
f 4652 4653 4713
f 4718 13178 13218
f 4651 4652 4713
f 1597 1619 1575
f 4722 4721 13589
f 14210 14058 14211
f 4757 13836 13890
f 4618 4617 4579
f 4657 4658 4723
f 1599 1597 1598
f 4653 4654 4714
f 14481 14440 14482
f 4720 13406 4721
f 4556 4651 4712
f 4617 4577 4578
f 1620 1599 1600
f 1608 4534 4583
f 4631 4630 4587
f 1602 4664 4730
f 4632 4631 4587
f 4654 4655 4715
f 13119 13157 13156
f 1621 1620 1579
f 4630 4629 4586
f 13114 4700 4640
f 4627 4626 4584
f 1601 1621 1579
f 13157 13231 13156
f 1606 1605 1589
f 13217 13218 13249
f 4616 4524 4525
f 1613 1628 4659
f 4613 4572 4573
f 4628 4627 4585
f 14022 13953 13983
f 4656 13126 4717
f 14362 14249 14363
f 4725 1635 1573
f 4524 4615 4523
f 4726 4725 1540
f 4614 4613 4574
f 13118 13119 13156
f 4615 4614 4522
f 4629 4628 4585
f 4562 4726 4473
f 4599 4646 4710
f 4553 4599 4710
f 1604 1603 1588
f 4661 4728 4660
f 4728 4727 4563
f 4552 4553 4709
f 4655 4656 4716
f 4620 4619 4580
f 4645 1566 4706
f 4621 4620 4580
f 14479 12292 4768
f 1566 4552 4708
f 13917 13869 13870
f 14520 14462 14506
f 1585 4621 1584
f 1605 1623 4497
f 14440 14362 14396
f 1610 1611 1609
f 4625 4624 4581
f 4643 4644 4703
f 13472 13388 13498
f 4624 4623 4531
f 1612 1611 4594
f 4729 4662 4506
f 13817 13870 13869
f 4642 4643 4702
f 14097 14022 14058
f 14396 14362 14363
f 1628 4724 4659
f 13712 13773 13817
f 14022 13983 14058
f 4579 10944 4675
f 4589 4634 1656
f 13471 13499 13605
f 14506 14481 14482
f 4723 13836 4756
f 4717 13178 4718
f 4618 4579 4675
f 1609 4700 13114
f 13498 13499 13471
f 4714 4713 4653
f 4637 4638 4698
f 4638 4639 4698
f 4713 4712 4651
f 4715 4714 4654
f 4757 4756 13836
f 4712 4711 4556
f 14363 14249 14324
f 4711 4601 4556
f 4720 4719 13406
f 4716 4715 4655
f 4718 13218 13217
f 1572 1539 1634
f 4730 1582 1602
f 1614 1615 1632
f 13106 13051 13021
f 13157 13192 13231
f 1615 1570 1633
f 1592 1614 1631
f 1617 1573 1635
f 1567 1592 1629
f 13917 13870 13871
f 1613 1567 1629
f 4710 4709 4553
f 14482 14440 14463
f 4707 4706 1566
f 4706 4705 4645
f 4708 4707 1566
f 4705 1473 4645
f 12292 14536 12295
f 4696 13119 13118
f 4717 4716 4656
f 4704 4550 4413
f 4703 4702 4643
f 12261 14520 14506
f 13917 13871 13953
f 13773 13818 13817
f 4606 4514 4665
f 4702 4701 4642
f 14505 4768 14518
f 13817 13818 13870
f 13231 13192 13264
f 4701 4641 4642
f 14536 14519 12296
f 1555 4517 4666
f 4517 4567 4667
f 4567 4612 4668
f 14249 14211 14280
f 14535 4695 4636
f 14480 14520 12261
f 4635 4636 4694
f 4634 4635 4693
f 14324 14249 14280
f 13020 12299 13021
f 1625 1608 4583
f 4698 4697 4637
f 4697 4696 4637
f 4699 4698 4639
f 4640 4699 4639
f 4617 4618 4675
f 1597 1599 1639
f 1618 1637 1636
f 1599 1620 1639
f 4626 4627 4687
f 14519 14480 12296
f 4629 4630 4690
f 4627 4628 4688
f 4577 4617 4674
f 4576 4577 4673
f 4616 4576 4673
f 4583 4626 4687
f 1632 1631 1614
f 1516 1633 1570
f 1633 1632 1615
f 1631 1630 1592
f 4524 4616 4672
f 1617 1634 1539
f 1630 1629 1592
f 1601 1548 1640
f 1548 1581 1640
f 4615 4524 4670
f 4628 4629 4689
f 14536 12296 12295
f 1629 1628 1613
f 1642 2317 4619
f 4726 4562 4758
f 4728 4661 4760
f 4727 4728 4760
f 1603 1604 1622
f 4562 4727 4759
f 4619 4620 4676
f 1581 1582 1641
f 1586 1587 4679
f 13388 13432 13498
f 4620 4621 4678
f 4696 13093 13119
f 14534 14535 14545
f 4533 1623 1647
f 4661 4662 4762
f 4582 4533 1647
f 4731 14518 4767
f 4625 4582 1646
f 4624 4625 4685
f 1466 4622 1465
f 4662 4729 4763
f 14396 14363 14324
f 4623 4624 4685
f 1604 1465 4682
f 4729 4663 4764
f 1501 4381 4683
f 4607 4665 4514
f 14440 14396 14463
f 13157 13158 13192
f 4666 4611 1555
f 12299 14534 14545
f 4667 4666 4517
f 4695 14535 14516
f 13051 13020 13021
f 4668 4667 4567
f 13818 13871 13870
f 4589 1656 4793
f 4694 4693 4635
f 4695 4694 4636
f 4693 1656 4634
f 1608 1624 1591
f 13647 13713 13712
f 1624 1607 1591
f 4669 4519 4569
f 4714 4715 4749
f 13264 13432 13388
f 1625 4583 4687
f 1638 1619 1597
f 1639 1638 1597
f 4675 4674 4617
f 4688 4687 4627
f 14211 14058 14132
f 4657 4723 4755
f 4631 4690 4630
f 4715 4716 4750
f 1562 1606 1590
f 4674 4673 4577
f 4555 4601 4747
f 4673 4672 4616
f 4690 4689 4629
f 4689 4688 4628
f 4672 4671 4524
f 4671 4670 4524
f 4670 4614 4615
f 4649 4600 4745
f 13119 13158 13157
f 4648 4649 4744
f 1626 13093 4696
f 4647 4648 4744
f 1636 4765 4663
f 4646 4647 4743
f 1622 1587 1603
f 1609 1611 1612
f 4761 4760 4661
f 4760 4759 4727
f 14463 14396 14441
f 4759 4758 4562
f 4677 4676 4620
f 4552 4709 4742
f 4752 13217 13249
f 4678 4677 4620
f 4708 4552 4741
f 4762 4761 4661
f 1586 4679 1585
f 13712 13713 13773
f 1585 4678 4621
f 1622 1604 4680
f 12296 14480 12261
f 1647 1646 4582
f 4763 4762 4662
f 1604 4681 4680
f 4753 13249 4719
f 1646 4686 4625
f 14132 14058 14098
f 4702 4703 4737
f 4686 4685 4625
f 4703 4644 4739
f 4644 4550 4739
f 4764 4763 4729
f 4685 4684 4623
f 4684 4530 4623
f 4622 4682 1465
f 13432 13499 13498
f 13192 13265 13264
f 4765 4764 4663
f 4683 4622 1501
f 1612 4641 1705
f 14534 14516 14535
f 13605 13606 13647
f 4793 12222 4589
f 4756 4755 4723
f 4700 1609 4736
f 4724 4757 4659
f 10944 4784 4675
f 14506 14482 12279
f 4640 4700 4735
f 14396 14324 14397
f 13264 13389 13432
f 14280 14211 14171
f 14324 14280 14171
f 4749 4748 4714
f 4748 4713 4714
f 4750 4749 4715
f 4699 4640 4733
f 13499 13571 13605
f 4755 4722 4657
f 4720 4754 4719
f 4766 4664 4731
f 4632 1682 4631
f 14211 14132 14171
f 4722 4720 4721
f 4751 4750 4716
f 4711 4747 4601
f 4752 4718 13217
f 4747 4746 4555
f 14441 14396 14397
f 4746 4650 4555
f 1631 1632 1663
f 1629 1630 1661
f 1630 1631 1662
f 1632 1633 1663
f 13647 13606 13713
f 4745 4744 4649
f 14058 13983 14023
f 4754 4753 4719
f 1642 4619 4676
f 4744 4743 4647
f 1612 1627 1609
f 4743 4710 4646
f 13983 13953 13918
f 4741 4707 4708
f 4742 4741 4552
f 4768 12292 1669
f 4718 4716 4717
f 4753 4752 13249
f 4768 4767 14518
f 1473 4740 4551
f 13119 13120 13158
f 12299 13020 14534
f 4604 4605 4770
f 4737 4701 4702
f 4704 4739 4550
f 13605 13571 13606
f 4738 4737 4703
f 4739 4738 4703
f 4701 1705 4641
f 4605 4606 4771
f 1658 4695 14516
f 4607 4608 4773
f 4665 4607 4772
f 4606 4665 4772
f 4610 4611 4774
f 13264 13265 13389
f 1657 4694 4695
f 1657 4693 4694
f 13983 13918 14023
f 1608 1625 1653
f 1627 4736 1609
f 13105 13051 13106
f 4612 4568 4775
f 13093 1659 13119
f 4568 4519 4775
f 1654 1625 4687
f 1624 1608 1652
f 4735 4734 4640
f 1607 1624 1651
f 12296 12261 1728
f 4669 4569 4776
f 4569 4570 4776
f 14098 14058 14023
f 1563 1607 1651
f 13389 13343 13432
f 1596 1619 1665
f 1654 4687 4688
f 14324 14171 14325
f 1619 1638 1666
f 14441 14397 14442
f 1636 1664 4765
f 4674 4675 4783
f 4697 1626 4696
f 1562 1563 1649
f 4732 4697 4698
f 14463 14441 14442
f 4690 4631 4792
f 1606 1562 1649
f 12292 12295 1669
f 4571 4572 4778
f 4673 4674 4782
f 1620 1621 1667
f 4672 4673 4782
f 4689 4690 4792
f 4572 4613 4778
f 1663 1662 1631
f 4688 4689 4791
f 4613 4614 4779
f 13158 13133 13192
f 1662 1661 1630
f 4671 4672 4781
f 13499 13539 13571
f 4614 4670 4779
f 13818 13872 13871
f 1635 4725 4815
f 4725 4726 4816
f 4760 4761 4819
f 4726 4758 4817
f 1587 1622 1644
f 4759 4760 4819
f 4758 4759 4818
f 4676 4677 4785
f 4677 4678 4785
f 4761 4762 4821
f 1587 4786 4679
f 4678 1585 4786
f 1585 4679 4786
f 1622 4680 1644
f 13953 13871 13918
f 4763 4764 4822
f 14132 14098 14171
f 4685 4686 4790
f 13192 13133 13265
f 1658 14516 14496
f 4680 4681 4788
f 4770 4769 4604
f 1604 4682 4681
f 4381 4530 4789
f 1658 1657 4695
f 4771 4770 4605
f 1657 1656 4693
f 4773 4772 4607
f 4609 4773 4608
f 4772 4771 4606
f 4774 4609 4610
f 13432 13500 13499
f 1654 1653 1625
f 13713 13739 13773
f 14397 14324 14398
f 1626 1659 13093
f 1637 1664 1636
f 12261 14506 12279
f 4775 4668 4612
f 13499 13500 13539
f 1653 1652 1608
f 13265 13343 13389
f 4757 4724 4812
f 4669 4775 4519
f 14442 14397 14398
f 1652 1651 1624
f 1655 1654 4688
f 4756 4757 4811
f 4777 4776 4570
f 4749 4750 4806
f 1665 1618 1596
f 1651 1650 1563
f 14537 12279 14482
f 14325 14171 14281
f 14515 14496 14516
f 1666 1665 1619
f 14098 14023 13984
f 1650 1649 1563
f 4784 4783 4675
f 4750 4751 4807
f 4712 4713 4805
f 1639 1666 1638
f 14534 14515 14516
f 1655 4688 4791
f 13871 13872 13918
f 14463 14442 14464
f 4711 4712 4805
f 1667 1639 1620
f 4783 4782 4674
f 4752 4753 4754
f 1682 4792 4631
f 4779 4778 4613
f 4782 4781 4672
f 4781 4780 4671
f 13713 13606 13739
f 4780 4670 4671
f 14433 4604 4823
f 1640 1621 1601
f 4600 4650 4804
f 1606 1648 1605
f 4751 4716 4809
f 4792 4791 4689
f 1648 1623 1605
f 2317 1642 1686
f 1643 1642 4676
f 4816 4815 4725
f 1660 1612 1705
f 4817 4816 4726
f 1643 4676 4785
f 13773 13819 13818
f 4818 4817 4758
f 4819 4818 4759
f 4820 4819 4761
f 4709 4710 4802
f 1587 1644 4786
f 4742 4709 4802
f 4707 4741 4801
f 1646 1645 4686
f 4706 4707 4800
f 4763 4821 4762
f 4705 4706 4799
f 4821 4820 4761
f 1473 4705 4799
f 13343 13473 13432
f 1629 4814 1628
f 1645 4790 4686
f 1668 4768 1669
f 4701 4737 4794
f 4737 4738 4794
f 1729 14463 14464
f 4738 4739 4795
f 13818 13819 13872
f 14398 14324 14325
f 4765 4822 4764
f 4787 1644 4680
f 13539 13540 13571
f 4790 4684 4685
f 4788 4787 4680
f 1748 4789 4530
f 4789 4683 4381
f 4814 4724 1628
f 13120 13133 13158
f 13432 13473 13500
f 4604 4769 4823
f 4632 4387 1686
f 4813 4812 4724
f 1659 13120 13119
f 14521 14482 14463
f 14171 14098 14099
f 4811 4755 4756
f 4812 4811 4757
f 14442 14398 14399
f 4806 4748 4749
f 13050 13020 13051
f 4807 4806 4750
f 4755 4720 4722
f 10780 12279 14537
f 1669 12295 1726
f 4810 4754 4720
f 12295 12296 1727
f 14464 14442 14399
f 14098 13984 14099
f 13500 13540 13539
f 4808 4807 4751
f 4698 4699 4732
f 4767 4766 4731
f 4809 4808 4751
f 1516 1571 1712
f 1668 4767 4768
f 14325 14281 14326
f 13571 13540 13606
f 4766 4730 4664
f 1662 1663 1709
f 1633 1516 1711
f 14537 14482 14521
f 1661 1662 1707
f 1663 1633 1710
f 14281 14171 14212
f 4804 4745 4600
f 4718 4809 4716
f 1727 12296 1728
f 13739 13774 13773
f 1660 1627 1612
f 4744 4803 4743
f 4803 4710 4743
f 1643 4785 4678
f 4801 4800 4707
f 4800 4799 4706
f 4799 4740 1473
f 4740 4413 4551
f 1657 1658 1683
f 4798 4704 4413
f 4794 1705 4701
f 4795 4794 4738
f 4796 4795 4739
f 13773 13774 13819
f 4771 4772 4826
f 4770 4771 4825
f 13133 13232 13265
f 13265 13232 13343
f 4611 4666 4827
f 4666 4667 4827
f 14398 14325 14399
f 13606 13714 13739
f 1658 14496 14475
f 4668 4775 4828
f 1652 1653 1677
f 12295 1727 1726
f 1653 1654 1678
f 4736 4735 4700
f 1664 1637 1716
f 1654 1655 1679
f 4793 1656 1699
f 1637 1618 1718
f 1651 1652 1676
f 14534 13020 14533
f 1743 12279 10780
f 12223 10944 12222
f 4734 4733 4640
f 1650 1651 1675
f 13105 13050 13051
f 1679 1655 4791
f 1665 1666 1719
f 4570 4571 4829
f 1666 1639 1720
f 4784 10944 12223
f 1639 1667 1721
f 4733 4732 4699
f 1681 4791 4792
f 12261 12279 1743
f 1616 1712 1571
f 4782 4783 4832
f 1713 1616 1572
f 1634 1713 1572
f 4781 4782 4831
f 13500 13473 13540
f 1664 1715 4765
f 4670 4780 4830
f 1709 1708 1662
f 1621 1640 1722
f 1708 1707 1662
f 1711 1710 1633
f 1710 1709 1663
f 1661 1706 1629
f 1642 1643 1670
f 1640 1581 1723
f 13739 13714 13774
f 14521 14463 1729
f 4815 4816 4863
f 4816 4817 4864
f 4818 4819 4866
f 4817 4818 4865
f 4821 4763 4868
f 14515 14495 14496
f 1643 4678 4834
f 1645 1646 1673
f 4819 4820 4867
f 4763 4822 4869
f 1645 1672 4790
f 4814 1629 4862
f 1683 1656 1657
f 1685 1684 1658
f 1684 1683 1658
f 14281 14212 14282
f 14326 14281 14282
f 4822 4765 4869
f 1668 1669 1725
f 14325 14326 14364
f 4684 4790 1688
f 4682 4622 4835
f 4530 4684 1748
f 4609 4772 4773
f 4724 4814 4862
f 4826 4825 4771
f 4827 4774 4611
f 4770 4824 4769
f 13540 13572 13606
f 14399 14325 14364
f 13774 13820 13819
f 1685 1658 14475
f 4828 4667 4668
f 4824 4823 4769
f 4755 4811 4860
f 1678 1677 1653
f 13232 13344 13343
f 1717 1716 1637
f 1718 1717 1637
f 4720 4755 4860
f 14171 14099 14212
f 1679 1678 1654
f 14023 13918 13984
f 14533 14515 14534
f 13918 13872 13919
f 1677 1676 1652
f 4806 4807 4855
f 4807 4808 4856
f 1716 1715 1664
f 1682 1681 4792
f 1680 1679 4791
f 13606 13648 13714
f 1681 1680 4791
f 4811 4812 4861
f 4808 4809 4857
f 1675 1674 1650
f 1674 1649 1650
f 4793 7 12222
f 14464 14399 14443
f 1720 1719 1666
f 10780 14537 12293
f 1721 1720 1639
f 13819 13820 13872
f 4778 4829 4571
f 4833 4783 4784
f 4809 4718 4859
f 4832 4831 4782
f 4718 4752 4859
f 14495 14475 14496
f 4767 1668 1740
f 4830 4779 4670
f 1722 1667 1621
f 4650 4746 4853
f 4766 4767 4871
f 4730 4766 4870
f 1723 1722 1640
f 1671 1670 1643
f 1724 1723 1581
f 13606 13572 13648
f 4744 4745 4852
f 4815 1714 1635
f 1641 1724 1581
f 1671 1643 4834
f 4864 4863 4816
f 4869 4868 4763
f 4866 4865 4818
f 4865 4864 4817
f 4710 4803 4851
f 4867 4866 4819
f 1647 1673 1646
f 4802 4710 4851
f 1673 1672 1645
f 4741 4742 4849
f 1728 12261 1743
f 4801 4741 4848
f 4821 4867 4820
f 1715 4869 4765
f 4800 4801 4847
f 1706 4862 1629
f 4786 4834 4678
f 4799 4800 4846
f 4794 4795 4843
f 13050 13019 13020
f 1672 1688 4790
f 13473 13501 13540
f 4795 4796 4843
f 4739 4704 4845
f 13918 13919 13984
f 1705 4794 4842
f 4796 4739 4844
f 4835 4681 4682
f 1688 1748 4684
f 4836 4835 4622
f 13120 13094 13133
f 1659 13094 13120
f 4862 4813 4724
f 1729 14464 1746
f 4895 4793 1699
f 13714 13775 13774
f 4856 4855 4807
f 4735 4736 4840
f 13133 13134 13232
f 4734 4735 4839
f 4857 4856 4808
f 13232 13303 13344
f 4860 4810 4720
f 4813 4861 4812
f 4855 4748 4806
f 4733 4734 4838
f 4748 4805 4713
f 4861 4860 4811
f 14537 14521 14538
f 14399 14364 14400
f 4858 4857 4809
f 14443 14399 14400
f 4859 4858 4809
f 1743 10780 12293
f 13774 13775 13820
f 4754 4859 4752
f 13214 13106 14433
f 4697 4732 4837
f 4730 1739 1582
f 4854 4853 4746
f 4747 4854 4746
f 14464 14443 1746
f 1661 1707 1731
f 4871 4870 4766
f 1707 1708 1732
f 1706 1661 1730
f 4853 4804 4650
f 1740 4871 4767
f 1686 1642 1670
f 4852 4803 4744
f 1660 1704 1627
f 14538 14521 1729
f 1779 13094 1659
f 4802 4850 4742
f 1682 4632 4493
f 4850 4849 4742
f 4849 4848 4741
f 13214 13105 13106
f 4848 4847 4801
f 1656 1683 1699
f 4847 4846 4800
f 4740 4798 4413
f 4798 4797 4704
f 12298 13020 13019
f 1684 1685 1702
f 13473 13343 13501
f 4797 4845 4704
f 4843 4842 4794
f 4844 4843 4796
f 1683 1684 1700
f 4845 4844 4739
f 14514 14495 14515
f 4825 4826 4876
f 4826 4772 4876
f 4772 4609 4876
f 4770 4825 4875
f 12298 14533 13020
f 4824 4770 4873
f 13820 13873 13872
f 4667 4828 4878
f 1716 1717 1735
f 1703 1685 14475
f 13919 13872 13873
f 4823 4824 4872
f 1676 1677 1693
f 1679 1680 1696
f 13134 13266 13232
f 1680 1681 1696
f 1678 1679 1695
f 4828 4775 4879
f 1681 1682 1698
f 1677 1678 1694
f 4775 4669 4879
f 12293 14537 14538
f 4931 14433 4823
f 13232 13266 13303
f 14326 14282 14283
f 14282 14212 14283
f 1718 1618 1736
f 4841 4840 4736
f 1651 1676 1691
f 4840 4839 4735
f 1715 1716 1734
f 1618 1665 1736
f 4776 4777 4880
f 4777 4570 4881
f 1665 1719 1737
f 14533 14514 14515
f 4895 7 4793
f 1719 1720 1721
f 1649 1674 1690
f 4783 4833 4884
f 14443 14400 1747
f 1606 1649 1690
f 13714 13740 13775
f 4830 4780 4883
f 4780 4781 4883
f 14495 14451 14475
f 1731 1730 1661
f 1732 1731 1707
f 1746 14443 1747
f 1709 1732 1708
f 1743 12293 4928
f 1670 1671 1687
f 1702 1701 1684
f 1701 1700 1684
f 1724 1641 1738
f 4833 4784 12223
f 4815 4863 4920
f 1671 4834 1687
f 4863 4864 4921
f 4821 4868 4926
f 1715 1733 4869
f 1641 1582 1739
f 4864 4865 4922
f 4865 4866 4923
f 4866 4867 4924
f 4868 4869 4927
f 4867 4821 4925
f 13501 13572 13540
f 4834 4786 4886
f 4862 1706 1730
f 4786 1644 4887
f 1700 1699 1683
f 1703 1702 1685
f 1644 4787 4889
f 13714 13648 13740
f 4788 4681 4890
f 4787 4788 4890
f 14212 14099 14213
f 4835 4836 4892
f 4681 4835 4891
f 4683 4789 4893
f 13775 13821 13820
f 1725 1669 1741
f 1669 1726 1741
f 4877 4876 4609
f 4876 4875 4825
f 4774 4877 4609
f 4875 4874 4770
f 4874 4873 4770
f 1727 1728 1726
f 4878 4827 4667
f 4873 4872 4824
f 1694 1693 1677
f 1718 1735 1717
f 1735 1734 1716
f 1742 1728 1743
f 1696 1695 1679
f 1697 1696 1681
f 1698 1697 1681
f 1693 1692 1676
f 4810 4860 4915
f 1695 1694 1678
f 14326 14283 14284
f 14364 14326 14284
f 4856 4857 4909
f 4855 4856 4908
f 1617 1635 4919
f 12293 14538 12297
f 13820 13821 13873
f 4857 4858 4910
f 4754 4810 4914
f 1692 1691 1676
f 4748 4855 4907
f 4858 4859 4912
f 13104 13050 13105
f 1691 1675 1651
f 4881 4880 4777
f 1737 1736 1665
f 1721 1737 1719
f 4829 4881 4570
f 4859 4754 4913
f 4885 4884 4833
f 4884 4832 4783
f 1734 1733 1715
f 4861 4813 4918
f 4883 4882 4830
f 4882 4779 4830
f 4747 4711 4906
f 4831 4883 4781
f 4854 4747 4905
f 4730 4870 1739
f 4860 4861 4917
f 4804 4853 4904
f 1687 1686 1670
f 14283 14212 14213
f 4745 4804 4904
f 1714 4919 1635
f 13094 13070 13133
f 4920 1714 4815
f 4921 4920 4863
f 1739 1738 1641
f 4922 4921 4864
f 4923 4922 4865
f 4924 4923 4866
f 4850 4802 4903
f 1689 1673 1647
f 4849 4850 4901
f 1729 1744 14538
f 4927 4926 4868
f 4886 1687 4834
f 4926 4925 4821
f 4925 4924 4867
f 4887 4886 4786
f 4799 4846 4740
f 4846 4847 4900
f 4888 4887 1644
f 4843 4844 4842
f 1725 1740 1668
f 4889 4888 1644
f 4928 12293 4929
f 4844 4845 4898
f 4890 4889 4787
f 4891 4890 4681
f 4683 4836 4622
f 4892 4891 4835
f 1748 4893 4789
f 13214 14433 4931
f 13070 13134 13133
f 4872 4931 4823
f 14494 14451 14495
f 1742 1726 1728
f 4929 12293 12297
f 4916 4915 4860
f 1763 1703 14475
f 4736 1627 1810
f 4915 4914 4810
f 14514 14494 14495
f 4910 4909 4857
f 4909 4908 4856
f 4911 4910 4858
f 4930 12297 14538
f 4912 4911 4858
f 4734 4839 4897
f 4914 4913 4754
f 4908 4907 4855
f 4917 4916 4860
f 4913 4912 4859
f 1746 1745 1729
f 4907 4805 4748
f 13775 13740 13821
f 13214 13104 13105
f 4906 4905 4747
f 3 4895 4894
f 13648 13715 13740
f 1732 1709 1782
f 1709 1710 1783
f 1634 1617 1784
f 14364 14284 14327
f 1701 1702 1762
f 1745 1744 1729
f 1700 1701 1762
f 13049 13019 13050
f 4833 12223 4885
f 13344 13433 13343
f 1626 4697 4896
f 1779 13055 13094
f 1744 4930 14538
f 4851 4903 4802
f 4903 4902 4850
f 4902 4901 4850
f 4901 4848 4849
f 4918 4917 4861
f 4900 4740 4846
f 1699 1700 1761
f 14400 14364 14327
f 14283 14213 14284
f 4798 4899 4797
f 4895 3 7
f 1702 1703 1763
f 4898 4842 4844
f 1784 1617 4919
f 4875 4876 4935
f 4874 4875 4934
f 4774 4827 4936
f 4894 4895 4952
f 4895 1699 4952
f 13343 13433 13501
f 1704 1810 1627
f 1693 1694 1756
f 1692 1693 1755
f 1694 1695 1757
f 13648 13572 13607
f 1695 1696 1758
f 1810 4841 4736
f 1696 1697 1760
f 1735 1718 1786
f 1697 1698 1760
f 13055 13070 13094
f 1691 1692 1754
f 4897 4838 4734
f 4840 4897 4839
f 1674 1675 1753
f 4884 4885 4942
f 4829 4778 4938
f 13501 13541 13572
f 1721 1667 1787
f 13134 13193 13266
f 4832 4884 4941
f 4778 4779 4939
f 4779 4882 4939
f 4831 4832 4940
f 1667 1722 1787
f 1606 1690 1752
f 1675 1691 4950
f 1648 1606 1752
f 1711 1783 1710
f 1647 1623 1751
f 4919 1714 4984
f 1731 1732 4983
f 1714 4920 4984
f 4943 1686 1687
f 4896 1659 1626
f 1689 1647 1751
f 1730 1731 4982
f 1733 1785 4869
f 3 4894 4951
f 1673 1689 1750
f 1672 1673 1750
f 13648 13649 13715
f 1688 1672 1749
f 1687 4886 4943
f 4862 1730 4980
f 13740 13776 13821
f 1763 1762 1702
f 4927 4869 4986
f 1762 1761 1700
f 4813 4862 4980
f 1699 1761 4953
f 4889 4890 4945
f 13648 13607 13649
f 4935 4934 4875
f 4836 4683 4949
f 4933 4872 4873
f 4892 4836 4948
f 4890 4891 4946
f 4891 4892 4947
f 1778 14475 14451
f 13104 13049 13050
f 4874 4933 4873
f 1726 1742 1789
f 4952 4951 4894
f 4915 4916 4977
f 4872 4932 4931
f 4953 4952 1699
f 1756 1755 1693
f 13018 12298 13019
f 1758 1757 1695
f 1778 1763 14475
f 1757 1756 1694
f 1742 1743 1790
f 1759 1758 1696
f 1760 1759 1696
f 1755 1754 1692
f 4879 4937 4828
f 13572 13541 13607
f 4910 4911 4974
f 4911 4912 4975
f 4916 4917 4977
f 4908 4909 4973
f 13821 13776 13873
f 1736 1786 1718
f 4907 4908 4972
f 14494 14474 14451
f 4805 4907 4971
f 7 8 12222
f 14284 14213 14250
f 4711 4805 4971
f 1753 1690 1674
f 4938 4881 4829
f 13715 13776 13740
f 1745 1746 1792
f 4942 4941 4884
f 4939 4938 4778
f 4940 4883 4831
f 4941 4940 4832
f 1739 4870 4987
f 1723 1787 1722
f 1734 1785 1733
f 4853 4854 4969
f 4870 4871 1825
f 1788 1723 1724
f 1704 1660 1780
f 4745 4904 4967
f 1648 1751 1623
f 1782 4983 1732
f 1738 1788 1724
f 1781 1660 1705
f 4983 4982 1731
f 4917 4918 4978
f 4885 12223 4942
f 14532 14514 14533
f 4985 4984 4920
f 4921 4985 4920
f 4803 4852 4966
f 4982 4981 1730
f 4851 4803 4965
f 4903 4851 4964
f 4901 4902 4963
f 13049 13018 13019
f 4848 4901 4962
f 4981 4980 1730
f 1749 1748 1688
f 1785 4986 4869
f 4847 4848 4961
f 4900 4847 4960
f 4986 4926 4927
f 4797 4899 4958
f 4842 4898 4956
f 4980 4979 4813
f 4845 4797 4957
f 4898 4845 4957
f 4944 4888 4889
f 1705 4842 1781
f 4945 4944 4889
f 1743 4928 1791
f 4893 4949 4683
f 4928 4929 4988
f 4949 4948 4836
f 4946 4945 4890
f 4948 4947 4892
f 4947 4946 4891
f 1790 1789 1742
f 1698 1682 4493
f 13501 13433 13541
f 14532 14533 12298
f 4930 1828 12297
f 4979 4918 4813
f 13266 13304 13303
f 1698 1774 1760
f 4974 4909 4910
f 4975 4974 4911
f 1791 1790 1743
f 4976 4975 4912
f 4913 4976 4912
f 4973 4972 4908
f 13303 13304 13344
f 4972 4971 4907
f 14213 14099 14172
f 4978 4977 4917
f 12222 8 12223
f 14099 13984 14059
f 4971 4970 4711
f 1792 1744 1745
f 14513 14494 14514
f 4970 4906 4711
f 4732 4733 4955
f 1516 1712 1812
f 4905 4969 4854
f 1616 1713 1813
f 1713 1634 1814
f 4969 4968 4853
f 14400 14327 14365
f 4968 4904 4853
f 14327 14284 14250
f 1782 1709 1811
f 4967 4852 4745
f 4697 4837 4954
f 4929 12297 1828
f 4966 4965 4803
f 1807 13134 13070
f 4965 4964 4851
f 4963 4962 4901
f 4943 5004 1686
f 13541 13608 13607
f 14099 14133 14172
f 4962 4961 4848
f 1761 1762 1777
f 4872 4933 4989
f 1762 1763 1777
f 4961 4960 4847
f 4740 4959 4798
f 4959 4899 4798
f 4958 4957 4797
f 4957 4956 4898
f 1814 1634 1784
f 1780 1810 1704
f 13984 13919 14059
f 1761 1775 4953
f 1744 1828 4930
f 4988 1791 4928
f 4933 4874 4991
f 4876 4877 4992
f 4877 4774 4992
f 4774 4936 4993
f 13134 13121 13193
f 13193 13304 13266
f 1734 1735 1817
f 4827 4878 4994
f 1755 1756 1769
f 4952 4953 5018
f 1757 1758 1772
f 1756 1757 1771
f 1735 1786 1818
f 4878 4828 4995
f 1758 1759 1772
f 13776 13874 13873
f 1759 1760 1773
f 13919 13873 13874
f 1754 1755 1768
f 4669 4776 4997
f 1786 1736 1819
f 1785 1734 1816
f 14250 14213 14214
f 13607 13608 13649
f 3 4951 5017
f 1736 1737 1821
f 1737 1721 1822
f 1721 1787 1822
f 1690 1753 1767
f 1754 5016 1691
f 4841 4897 4840
f 4838 4955 4733
f 4941 4942 5003
f 1785 1815 4986
f 1752 1690 1766
f 4882 4883 4999
f 14133 14099 14059
f 1787 1723 1823
f 4883 4940 5000
f 13433 13542 13541
f 4940 4941 5001
f 13055 1808 13070
f 1783 1811 1709
f 4983 1782 5050
f 1784 4919 5051
f 4950 1691 5015
f 4982 4983 5049
f 4919 4984 5052
f 13541 13573 13608
f 14474 14450 14451
f 4984 4985 5053
f 12223 5003 4942
f 14213 14172 14214
f 4954 4896 4697
f 4921 4922 5054
f 4922 4923 5055
f 1777 1776 1761
f 4923 4924 5055
f 13715 13777 13776
f 1776 1775 1761
f 1748 1749 1764
f 1778 1777 1763
f 4886 4887 5006
f 4924 4925 5057
f 4925 4926 5057
f 4943 4886 5004
f 4887 4888 5007
f 4979 4980 5047
f 1740 1725 1826
f 4990 4989 4933
f 13344 13304 13433
f 1778 14451 14414
f 1725 1741 1826
f 13213 13214 4931
f 4888 4944 5008
f 4989 4932 4872
f 4893 1748 1764
f 14365 14327 14215
f 4944 4945 5009
f 1770 1769 1756
f 4934 4991 4874
f 13018 12294 12298
f 4991 4990 4933
f 13541 13542 13573
f 4992 4935 4876
f 4949 4893 5014
f 1771 1770 1756
f 4993 4992 4774
f 1741 1726 1827
f 1807 13071 13134
f 4945 4946 5010
f 1818 1817 1735
f 4994 4936 4827
f 4948 4949 5012
f 4947 4948 5012
f 14327 14250 14215
f 1775 5018 4953
f 13213 13104 13214
f 4946 4947 5011
f 14493 14474 14494
f 4914 4915 5044
f 4995 4994 4878
f 4918 4979 5046
f 4977 4978 5045
f 13649 13741 13715
f 1772 1771 1757
f 1817 1816 1734
f 4493 4632 1686
f 1773 1772 1759
f 13193 13194 13304
f 1774 1773 1760
f 1769 1768 1755
f 13776 13777 13874
f 14450 14414 14451
f 4974 4975 5039
f 4975 4976 5040
f 4909 4974 5038
f 1819 1818 1786
f 4976 4913 5042
f 1816 1815 1785
f 4973 4909 5037
f 4996 4879 4669
f 4997 4996 4669
f 4978 4918 5045
f 1820 1819 1736
f 4972 4973 5036
f 4880 4997 4776
f 1754 1768 5016
f 1821 1820 1736
f 4971 4972 5036
f 14532 14513 14514
f 13433 13502 13542
f 1822 1821 1737
f 1779 1808 13055
f 14172 14133 14134
f 1767 1766 1690
f 1823 1822 1787
f 4998 4939 4882
f 1660 1781 1780
f 5003 5002 4941
f 4999 4998 4882
f 4905 4906 5035
f 5002 5001 4941
f 5000 4999 4883
f 4969 4905 5034
f 1766 1648 1752
f 1824 1823 1723
f 5001 5000 4940
f 1788 1824 1723
f 1746 1747 1830
f 1811 5050 1782
f 5016 5015 1691
f 1815 4926 4986
f 5050 5049 4983
f 5052 5051 4919
f 13715 13741 13777
f 4871 1740 1825
f 5049 5048 4982
f 4950 1753 1675
f 4966 4852 5032
f 13649 13608 13574
f 5053 5052 4984
f 1751 1765 1689
f 5048 4981 4982
f 4965 4966 5031
f 1765 1750 1689
f 4964 4965 5030
f 4903 4964 5029
f 4902 4903 5029
f 5055 5054 4922
f 13048 13049 13104
f 1750 1749 1672
f 5056 5055 4924
f 12224 7 3
f 13573 13574 13608
f 5071 1686 5004
f 13919 13874 13954
f 4740 4900 5027
f 5057 5056 4924
f 5006 5005 4886
f 14133 14059 14134
f 4900 4960 5027
f 1826 1825 1740
f 14059 13919 13985
f 1829 1828 1744
f 5007 5006 4887
f 5005 5004 4886
f 4842 4956 5023
f 12298 12294 14532
f 4957 4958 5024
f 4956 4957 5024
f 13433 13474 13502
f 4958 4899 5025
f 5047 5046 4979
f 1781 4842 5022
f 5008 5007 4888
f 13649 13650 13741
f 13071 13121 13134
f 13573 13542 13503
f 5009 5008 4944
f 1764 5014 4893
f 5010 5009 4945
f 1789 1827 1726
f 4929 1828 1842
f 14513 14493 14494
f 5014 5013 4949
f 4977 5044 4915
f 5013 5012 4949
f 5046 5045 4918
f 5012 5011 4947
f 5011 5010 4946
f 13542 13502 13503
f 13304 13305 13433
f 5040 5039 4975
f 13649 13574 13650
f 4914 5043 4913
f 5039 5038 4974
f 5041 5040 4976
f 5042 5041 4976
f 1747 14400 1830
f 5038 5037 4909
f 13573 13503 13574
f 5043 5042 4913
f 5037 5036 4973
f 4931 4932 13213
f 4897 4841 5021
f 13433 13305 13474
f 1808 1807 13070
f 4970 5035 4906
f 1812 1712 1834
f 1516 1812 1833
f 5035 5034 4905
f 13502 13475 13503
f 13502 13474 13475
f 4969 5033 4968
f 1783 1711 1832
f 5033 4904 4968
f 1811 1783 1831
f 4837 4732 5020
f 4967 5032 4852
f 1792 1829 1744
f 13919 13954 13985
f 5032 5031 4966
f 12223 5070 5003
f 1776 1777 1804
f 4896 4954 5019
f 5030 5029 4964
f 1775 1776 1804
f 5029 5028 4902
f 5028 4963 4902
f 1777 1778 1805
f 14250 14214 14215
f 1659 4896 1809
f 13048 13018 13049
f 5027 5026 4740
f 5026 4959 4740
f 5024 5023 4956
f 4989 4990 5059
f 5025 5024 4958
f 13474 13390 13475
f 5023 5022 4842
f 13503 13475 13476
f 1775 1804 5018
f 4991 4934 5062
f 4990 4991 5061
f 4934 4935 5062
f 1769 1770 1802
f 4932 4989 5058
f 1770 1771 1802
f 1806 1778 14414
f 1842 4988 4929
f 13474 13305 13390
f 4951 4952 1803
f 4952 5018 1803
f 13574 13503 13543
f 1816 1817 1836
f 13390 13476 13475
f 1768 1769 1802
f 13874 13777 13822
f 1815 1835 4926
f 1768 1801 5016
f 4997 4880 5063
f 4880 4881 5064
f 1820 1821 1837
f 4881 4938 5064
f 4938 4939 5065
f 1821 1822 1838
f 1766 1767 1800
f 14450 14413 14414
f 13503 13476 13504
f 14473 14450 14474
f 1822 1823 1838
f 4939 4998 5066
f 13194 13233 13304
f 1616 1834 1712
f 5002 5003 5069
f 1833 1711 1516
f 5001 5002 5068
f 1832 1831 1783
f 13121 13194 13193
f 13777 13741 13678
f 5049 5050 1811
f 5015 5016 1853
f 1784 5051 5137
f 5048 5049 5136
f 4955 5020 4732
f 4950 5015 5077
f 13650 13574 13609
f 1753 4950 1878
f 5051 5052 5053
f 1738 1739 1839
f 13390 13434 13476
f 5020 4954 4837
f 14134 14059 14100
f 13650 13678 13741
f 1765 1751 1797
f 4981 5048 5134
f 4985 4921 5138
f 13213 13048 13104
f 1750 1765 1796
f 1686 5071 5094
f 4921 5054 5138
f 1805 1804 1777
f 1749 1750 1795
f 13503 13504 13543
f 4980 4981 5133
f 1764 1749 1794
f 5047 4980 5133
f 1830 14400 14366
f 14400 14365 14366
f 5005 5006 5073
f 13390 13391 13434
f 5004 5005 5072
f 5046 5047 5132
f 5059 5058 4989
f 5057 4926 5139
f 14365 14215 14328
f 1804 1803 5018
f 5062 5061 4991
f 5061 5060 4990
f 5007 5008 5074
f 5060 5059 4990
f 4992 5062 4935
f 14214 14172 14215
f 13954 13874 13920
f 5008 5009 5075
f 14493 14473 14474
f 5014 1764 1793
f 1816 1835 1815
f 5009 5010 5076
f 13305 13345 13390
f 1803 5017 4951
f 13390 13345 13391
f 1789 1790 1840
f 5043 4914 5044
f 5040 5041 5129
f 4937 4995 4828
f 5039 5040 5128
f 1790 1791 1841
f 5041 5042 5130
f 1818 1836 1817
f 5038 5039 5127
f 1802 1801 1768
f 5037 5038 5126
f 5036 5037 5125
f 1820 1818 1819
f 13574 13543 13609
f 5064 5063 4880
f 4971 5036 5125
f 4970 4971 5124
f 5065 5064 4938
f 13017 12294 13018
f 5066 5065 4939
f 5035 4970 5123
f 1838 1837 1821
f 5070 5069 5003
f 5067 5066 4998
f 5017 12224 3
f 1800 1648 1766
f 7 12224 8
f 4999 5067 4998
f 5094 13247 1686
f 1828 1829 1843
f 4969 5034 5122
f 5069 5068 5002
f 5068 5000 5001
f 1801 1853 5016
f 4870 1825 1904
f 1767 1753 1878
f 13777 13778 13822
f 13233 13305 13304
f 1811 5136 5049
f 1648 1799 1751
f 1835 5140 4926
f 4967 4904 5121
f 5137 1814 1784
f 13874 13822 13875
f 1799 1798 1751
f 1853 5077 5015
f 5136 5135 5048
f 5077 1878 4950
f 5053 5137 5051
f 5032 4967 5120
f 1798 1797 1751
f 5135 5134 5048
f 1797 1796 1765
f 13305 13306 13345
f 1746 1830 1845
f 13476 13434 13435
f 14172 14134 14135
f 1796 1795 1750
f 13121 13159 13194
f 1794 1793 1764
f 13391 13345 13308
f 1795 1794 1749
f 4963 5028 5119
f 13777 13678 13778
f 4962 4963 5118
f 5026 5027 5116
f 13434 13391 13392
f 5133 5132 5047
f 5023 5024 5113
f 5027 4960 5117
f 5073 5072 5005
f 13345 13306 13307
f 5024 5025 5113
f 5132 5045 5046
f 5140 5139 4926
f 5007 5073 5006
f 5025 4899 5114
f 5072 5071 5004
f 14531 14532 12294
f 14531 14513 14532
f 13874 13875 13920
f 5075 5074 5008
f 1827 1826 1741
f 13307 13308 13345
f 1859 1806 14414
f 1791 4988 1871
f 5045 5044 4977
f 5076 5075 5009
f 13504 13476 13393
f 14134 14100 14135
f 13071 5141 13121
f 1841 1840 1790
f 5129 5128 5040
f 1830 14366 1846
f 5130 5129 5041
f 4841 1810 5111
f 13306 13268 13307
f 5131 5130 5042
f 5011 5076 5010
f 5128 5127 5039
f 5043 5131 5042
f 5127 5126 5038
f 1808 1779 1807
f 14449 14413 14450
f 14414 14413 5107
f 5126 5125 5037
f 13268 13269 13307
f 5125 5124 4971
f 14365 14328 14366
f 4987 1839 1739
f 5124 5123 4970
f 1843 1842 1828
f 1779 1659 1809
f 13233 13267 13305
f 13391 13308 13392
f 1834 1616 1861
f 1813 1713 1862
f 1711 1833 1832
f 14492 14493 14513
f 5122 5033 4969
f 13307 13269 13308
f 1904 4987 4870
f 4955 4838 5110
f 5033 5121 4904
f 5121 5120 4967
f 5020 4955 5109
f 13543 13504 13505
f 13434 13392 13435
f 13048 13017 13018
f 13306 13197 13268
f 13305 13197 13306
f 5031 5030 4965
f 1803 1804 1857
f 1846 1845 1830
f 1805 1778 1858
f 1845 1792 1746
f 1778 1806 1858
f 13194 13195 13233
f 5119 5118 4963
f 4896 5019 1809
f 14473 14449 14450
f 5118 4961 4962
f 5113 5022 5023
f 13476 13435 13393
f 5114 5113 5025
f 4959 5115 4899
f 13159 13195 13194
f 5115 5114 4899
f 5060 5061 5082
f 1802 1771 13003
f 5061 5062 5083
f 5059 5060 5081
f 13268 13235 13269
f 4932 5058 5078
f 5062 4992 5084
f 1855 5017 1803
f 1871 1841 1791
f 4992 4993 5085
f 4993 4936 5086
f 5058 5059 5079
f 14215 14172 14173
f 13305 13267 13197
f 1842 1871 4988
f 14100 14059 13955
f 4936 4994 5086
f 1835 1816 1864
f 13197 13198 13268
f 13268 13198 13235
f 5107 1859 14414
f 4994 4995 5088
f 5112 5111 1810
f 4995 4937 5089
f 4937 4879 5089
f 5141 13095 13121
f 5111 5021 4841
f 1801 1802 1854
f 4879 4996 5090
f 1835 1863 5140
f 4996 4997 5091
f 1836 1818 1866
f 13121 13095 13159
f 4997 5063 5091
f 13609 13543 13544
f 1816 1836 1865
f 1818 1820 1867
f 5021 4838 4897
f 14172 14135 14173
f 5069 5070 5093
f 5066 5067 1925
f 1813 1861 1616
f 5067 4999 1885
f 1823 1824 1868
f 14531 14492 14513
f 4999 5000 5092
f 1814 1862 1713
f 5000 5068 5092
f 1853 1801 5104
f 14059 13985 13955
f 13233 13234 13267
f 5136 1811 5167
f 1788 1738 1869
f 5110 5109 4955
f 5135 5136 5166
f 13198 13199 13235
f 13504 13393 13505
f 12223 12251 5070
f 12294 12282 14531
f 1796 1797 1849
f 1805 1857 1804
f 1795 1796 1848
f 5054 5055 5170
f 1857 1856 1803
f 1859 1858 1806
f 1794 1795 1848
f 5055 5056 5170
f 13650 13609 13575
f 5071 5072 5095
f 5056 5057 5172
f 1772 13062 1771
f 1825 1826 1870
f 13195 13234 13233
f 1856 1855 1803
f 14340 5107 14413
f 5082 5081 5060
f 5083 5082 5061
f 5073 5007 5096
f 1807 5141 13071
f 14492 14473 14493
f 5081 5080 5059
f 13543 13505 13544
f 5007 5074 5097
f 1855 5106 5017
f 5085 5084 4992
f 1864 1863 1835
f 5079 5078 5058
f 13235 13270 13269
f 5086 5085 4993
f 5074 5075 5097
f 5080 5079 5059
f 13678 13779 13778
f 5106 5105 5017
f 13017 12282 12294
f 5087 5086 4994
f 1789 1840 1827
f 5075 5076 5099
f 5088 5087 4994
f 5130 5131 5162
f 13267 13234 13197
f 5129 5130 5161
f 13920 13875 13876
f 12224 5017 5105
f 5089 5088 4995
f 14412 14340 14413
f 5131 5043 5164
f 4932 5078 13213
f 1773 13077 1772
f 5090 5089 4879
f 5013 5014 5103
f 5011 5012 5100
f 5012 5013 5102
f 1865 1864 1816
f 13199 13236 13235
f 5091 5090 4996
f 1853 1852 5077
f 13392 13308 13346
f 1698 13169 1774
f 1866 1865 1836
f 14449 14412 14413
f 1837 1867 1820
f 13198 13161 13199
f 5123 5124 5159
f 13954 13920 13876
f 1851 1800 1767
f 5034 5035 5157
f 1925 5065 5066
f 1868 1838 1823
f 1852 1878 5077
f 5122 5034 5156
f 12223 8 12251
f 5092 1885 4999
f 1800 1850 1648
f 5033 5122 5155
f 1869 1824 1788
f 1850 1799 1648
f 1831 5167 1811
f 1863 5139 5140
f 5121 5033 5154
f 5167 5166 5136
f 1854 5104 1801
f 1839 1869 1738
f 5120 5121 5153
f 1829 1844 1843
f 5032 5120 5153
f 5168 5053 4985
f 1798 1849 1797
f 5138 5168 4985
f 1781 5022 1780
f 5031 5032 5152
f 13212 13048 13213
f 5169 5138 5054
f 13161 13162 13199
f 1849 1848 1796
f 5170 5169 5054
f 5095 5094 5071
f 1794 1847 1793
f 13609 13544 13575
f 13435 13392 13393
f 5028 5029 5150
f 13269 13270 13308
f 5073 5095 5072
f 5171 5170 5056
f 5172 5171 5056
f 4961 5118 5148
f 13235 13236 13270
f 1844 1829 1872
f 4960 4961 5147
f 13198 13160 13161
f 5113 5114 5145
f 5114 5115 5145
f 1829 1792 1872
f 5139 5172 5057
f 13195 13196 13234
f 5165 5044 5045
f 13778 13779 13822
f 5097 5096 5007
f 13199 13162 13236
f 13875 13822 13876
f 5098 5097 5075
f 13159 13196 13195
f 1810 1780 5112
f 5099 5098 5075
f 1854 1802 13003
f 13197 13160 13198
f 13650 13575 13651
f 5163 5162 5131
f 5162 5161 5130
f 14173 14135 14136
f 5164 5163 5131
f 13160 13136 13161
f 5161 5128 5129
f 5044 5164 5043
f 1793 5103 5014
f 13161 13137 13162
f 13161 13136 13137
f 1846 14366 14401
f 13678 13742 13779
f 5103 5102 5013
f 5100 5076 5011
f 5102 5101 5012
f 5101 5100 5012
f 14340 14341 5107
f 13234 13196 13197
f 4838 5021 5144
f 5125 5160 5124
f 13650 13651 13678
f 5160 5159 5124
f 1686 13247 13246
f 5158 5157 5035
f 5123 5158 5035
f 5157 5156 5034
f 13136 13122 13137
f 13095 13135 13159
f 14135 14100 14136
f 5110 4838 5143
f 5155 5154 5033
f 1870 1904 1825
f 5154 5153 5121
f 1771 13028 13003
f 5153 5152 5032
f 14366 14328 14285
f 4954 5020 5142
f 1855 1856 1881
f 5030 5151 5029
f 13136 13098 13122
f 5019 4954 5142
f 1856 1857 1882
f 5151 5150 5029
f 1845 1873 1792
f 5150 5149 5028
f 5149 5119 5028
f 14412 14376 14340
f 13160 13097 13136
f 13392 13346 13393
f 1855 1880 5106
f 5148 5147 4961
f 5145 5022 5113
f 5026 5146 4959
f 5146 5115 4959
f 5147 5117 4960
f 13197 13097 13160
f 5082 5083 5177
f 5083 5062 5084
f 1873 1872 1792
f 5080 5081 5176
f 13137 13122 13123
f 14492 14449 14473
f 13098 13099 13122
f 5078 5079 5173
f 13162 13137 13138
f 5085 5086 5179
f 5105 5106 5194
f 1859 5107 5193
f 1863 1864 1898
f 13196 13097 13197
f 5086 5087 5179
f 5087 5088 5180
f 13159 13135 13196
f 13097 13098 13136
f 13985 13954 13955
f 12224 5105 5194
f 14328 14215 14285
f 13099 13123 13122
f 5088 5089 5181
f 14215 14173 14136
f 1852 1853 1879
f 13212 13213 5078
f 13544 13505 13393
f 1864 1865 1899
f 5079 5080 5174
f 14491 14492 14531
f 5090 5091 5182
f 1879 1853 5104
f 1866 1818 1901
f 1863 1897 5139
f 5104 1854 5192
f 5063 5064 5183
f 13143 1773 1774
f 5144 5143 4838
f 1867 1837 1902
f 5064 5065 5184
f 1837 1838 1902
f 13236 13162 13200
f 12251 5093 5070
f 5065 1925 5184
f 1800 1851 1877
f 14491 14531 12282
f 13137 13123 13138
f 1846 14401 1913
f 1809 1807 1779
f 14215 14216 14285
f 5069 5093 5185
f 1824 1869 1903
f 13270 13236 13237
f 5092 5068 1887
f 13099 13100 13123
f 5068 5069 1888
f 1831 1832 5227
f 5167 1831 5227
f 14411 14412 14449
f 13099 13075 13100
f 1814 5137 1937
f 1798 1799 1876
f 5141 1933 13095
f 1865 1866 1900
f 13099 13074 13075
f 14341 5193 5107
f 5166 5167 5225
f 1767 1878 1892
f 5137 5053 5229
f 5135 5166 5225
f 5134 5135 5224
f 1849 1798 1876
f 13098 13074 13099
f 4981 5134 5222
f 5168 5138 5230
f 13196 13135 13097
f 5138 5169 5230
f 1848 1849 1875
f 1881 1880 1855
f 4493 13169 1698
f 1794 1848 1875
f 5094 5095 5187
f 1847 1794 1874
f 1882 1881 1856
f 13162 13138 13139
f 1858 1857 1805
f 5142 1935 5019
f 1860 5141 1807
f 5132 5133 5221
f 5095 5073 5188
f 13047 13017 13048
f 14295 14341 14340
f 1935 1809 5019
f 13308 13270 13237
f 5172 5139 5231
f 5082 5176 5081
f 5084 5177 5083
f 5073 5096 5189
f 1858 1859 5193
f 1854 13003 5192
f 5176 5175 5080
f 5178 5084 5085
f 5096 5097 5189
f 5179 5178 5085
f 5195 5194 5106
f 1827 1840 1908
f 13074 13058 13075
f 1898 1897 1863
f 5180 5179 5087
f 5162 5163 5218
f 5163 5164 5219
f 5103 1793 1847
f 1840 1841 1909
f 5164 5044 5220
f 5181 5180 5088
f 13779 13823 13822
f 13162 13139 13200
f 5094 13248 13247
f 14366 14285 14401
f 5128 5161 5217
f 13876 13822 13823
f 1899 1898 1864
f 5127 5128 5216
f 13651 13575 13610
f 5175 5174 5080
f 5126 5127 5215
f 13100 13075 13060
f 5076 5100 5190
f 1841 1871 1910
f 5174 5173 5079
f 5192 5191 5104
f 13074 13029 13058
f 5125 5126 5160
f 13742 13743 13779
f 14376 14339 14340
f 1867 1901 1818
f 1771 13034 13028
f 13016 12282 13017
f 5184 5183 5064
f 1879 5104 5191
f 13098 13073 13074
f 1842 1843 1911
f 13236 13200 13237
f 5157 5158 5214
f 1868 1902 1838
f 5156 5157 5214
f 13346 13308 13271
f 13058 13060 13075
f 5122 5156 5212
f 1903 1868 1824
f 5155 5122 5211
f 14215 14136 14216
f 1886 1885 5092
f 1887 1886 5092
f 1851 1767 1892
f 5154 5155 5210
f 1901 1900 1866
f 5185 1888 5069
f 13138 13123 13124
f 1888 1887 5068
f 13073 13029 13074
f 1850 1876 1799
f 5228 1937 5137
f 5227 5226 5167
f 5186 5185 5093
f 14136 14100 14101
f 1900 1899 1865
f 5168 5229 5053
f 5229 5228 5137
f 14411 14376 14412
f 5224 5223 5134
f 5153 5154 5209
f 5225 5224 5135
f 13678 13651 13652
f 5226 5225 5167
f 5223 5222 5134
f 14339 14295 14340
f 5152 5153 5209
f 5222 5133 4981
f 5031 5152 5208
f 13029 13030 13058
f 1876 1875 1849
f 5030 5031 5208
f 1875 1874 1794
f 13058 13031 13059
f 13058 13059 13060
f 1880 1914 5106
f 5119 5149 5207
f 5118 5119 5206
f 5116 5027 5204
f 5026 5116 5203
f 5188 5187 5095
f 1906 1870 1826
f 5022 5145 5201
f 13058 13030 13031
f 5115 5146 5202
f 5117 5147 5205
f 5145 5115 5202
f 5027 5117 5204
f 1844 1872 1912
f 5132 5165 5045
f 1914 5195 5106
f 5189 5188 5073
f 1907 1826 1827
f 13954 13876 13921
f 13393 13346 13272
f 1908 1907 1827
f 13123 13100 13124
f 1909 1908 1840
f 1905 1904 1870
f 5218 5161 5162
f 5111 5112 5200
f 5217 5216 5128
f 12224 5194 1950
f 13308 13237 13271
f 14100 13955 14101
f 5190 5099 5076
f 5216 5215 5127
f 1910 1909 1841
f 1771 13062 13034
f 5021 5111 5200
f 13002 5192 13003
f 14295 14296 14341
f 13059 13031 13032
f 5215 5160 5126
f 14285 14216 14251
f 12224 2 8
f 1911 1871 1842
f 13779 13743 13823
f 5094 5187 13248
f 5078 5173 14503
f 13030 13025 13031
f 5214 5213 5156
f 5213 5212 5156
f 13138 13124 13139
f 1813 1862 1936
f 5212 5211 5122
f 1912 1843 1844
f 1862 1814 1937
f 13651 13610 13652
f 5211 5210 5155
f 12251 5186 5093
f 5109 5110 5198
f 5210 5209 5154
f 13876 13823 13877
f 1880 1881 1915
f 5208 5151 5030
f 1881 1882 1916
f 13059 13032 13060
f 13025 13032 13031
f 1884 5175 5176
f 13200 13139 13140
f 1882 1857 1917
f 13678 13652 13679
f 13678 13679 13680
f 1857 1858 1918
f 5207 5206 5119
f 13678 13680 13742
f 5204 5203 5116
f 13346 13271 13272
f 5202 5201 5145
f 5203 5146 5026
f 5206 5148 5118
f 14375 14339 14376
f 13280 13247 13248
f 1772 13077 13062
f 12282 14530 14491
f 13100 13060 13076
f 13047 13016 13017
f 5176 5082 5233
f 13002 13003 13007
f 14339 14294 14295
f 13016 12272 12282
f 14136 14101 14137
f 13030 5251 13025
f 5178 5179 5234
f 1858 5193 5252
f 14448 14411 14449
f 13876 13877 13921
f 5194 5195 1950
f 13029 5251 13030
f 14411 14375 14376
f 5180 5181 5238
f 13007 13003 13028
f 1897 1898 1938
f 5181 5089 5238
f 13025 13006 13026
f 13095 13096 13135
f 13025 13026 13032
f 1898 1899 1939
f 5174 5175 5232
f 1852 1879 1894
f 5191 5192 5247
f 13002 13000 5192
f 5200 5199 5021
f 5173 5174 1920
f 1878 1852 1893
f 5091 5063 5240
f 5199 5144 5021
f 14294 14224 14295
f 13124 13100 13101
f 1897 1938 5139
f 13954 13921 13955
f 1867 1902 1942
f 1902 1868 1942
f 13026 13006 13007
f 13098 13072 13073
f 1879 5191 5246
f 14492 14448 14449
f 14216 14136 14137
f 1868 1903 1943
f 1936 1861 1813
f 13025 5250 13006
f 1937 1936 1862
f 13006 13002 13007
f 5067 1885 1925
f 14224 14296 14295
f 5143 5198 5110
f 5173 1920 14503
f 1850 1800 1891
f 1896 1807 1809
f 14544 12282 12272
f 1884 1883 5175
f 1899 1900 1940
f 5227 1832 5290
f 13032 13026 13027
f 1900 1901 1941
f 1876 1850 1890
f 1937 5228 1975
f 5185 5186 5241
f 1933 13096 13095
f 5223 5224 5286
f 13006 13001 13002
f 5224 5225 5287
f 13135 13096 13097
f 5226 5227 5289
f 13072 13029 13073
f 5225 5226 5288
f 5230 5169 5292
f 13544 13393 13506
f 1875 1876 1890
f 1915 1914 1880
f 5109 5197 5020
f 13393 13272 13394
f 1884 5176 5233
f 5169 5170 5294
f 5249 5192 13000
f 1916 1915 1881
f 14432 13212 5078
f 13060 13032 13033
f 5251 5250 13025
f 1917 1916 1882
f 5170 5171 5294
f 1883 5232 5175
f 5020 5196 5142
f 13100 13076 13101
f 1918 1917 1857
f 13026 13007 13027
f 1919 1918 1858
f 5250 13001 13006
f 1686 13246 13278
f 5177 5233 5082
f 1919 1858 5252
f 1934 1933 5141
f 1826 1907 1945
f 5187 5188 5243
f 1914 1950 5195
f 12282 14544 14530
f 5188 5189 5244
f 13575 13544 13545
f 13139 13124 13102
f 13032 13027 13033
f 1860 1934 5141
f 14293 14294 14339
f 5235 5234 5179
f 13001 13000 13002
f 5236 5235 5179
f 5163 5219 5282
f 5180 5236 5179
f 5219 5164 5284
f 5238 5237 5180
f 13007 13028 13027
f 14432 5078 14503
f 5102 5103 5245
f 1939 1938 1898
f 5239 5238 5089
f 5249 5248 5192
f 5090 5239 5089
f 5101 5102 5245
f 1940 1939 1899
f 13076 13060 13061
f 1910 1871 1946
f 5215 5216 5281
f 1871 1911 1947
f 14375 14293 14339
f 1895 1894 1879
f 5232 1920 5174
f 5160 5215 5281
f 1894 1893 1852
f 13610 13575 13545
f 13001 5249 13000
f 1867 1941 1901
f 1889 1888 5185
f 1893 1892 1878
f 13211 13048 13212
f 5248 5247 5192
f 1895 1879 5246
f 1686 13278 13277
f 13097 13072 13098
f 13124 13101 13102
f 14251 14216 14137
f 1943 1942 1868
f 1892 1877 1851
f 5187 5242 13248
f 13033 13027 13028
f 1889 5185 5241
f 1843 1912 1948
f 5212 5213 5279
f 5211 5212 5279
f 1877 1891 1800
f 14294 14257 14224
f 5247 5246 5191
f 13060 13033 13061
f 13393 13394 13506
f 12251 5241 5186
f 5210 5211 5278
f 1891 1890 1850
f 1941 1940 1900
f 5290 5289 5227
f 5287 5286 5224
f 5230 5291 5168
f 8 9 12251
f 1938 5231 5139
f 5250 5249 13001
f 5289 5288 5226
f 5293 5292 5169
f 14377 5193 14341
f 5222 5221 5133
f 5294 5293 5169
f 13652 13610 13611
f 1905 1944 1904
f 5150 5151 5276
f 5295 5294 5171
f 5149 5150 5275
f 5022 5201 5270
f 5203 5204 5273
f 1846 1913 1949
f 1780 5022 5270
f 5201 5202 5271
f 13679 13652 13612
f 13072 13057 13029
f 5266 5251 13029
f 5202 5146 5271
f 5146 5203 5272
f 5231 5171 5172
f 5147 5148 5274
f 1773 13125 13077
f 1945 1906 1826
f 13237 13200 13271
f 13877 13823 13824
f 13680 13743 13742
f 5243 5242 5187
f 14224 14258 14296
f 13544 13506 13545
f 13101 13076 13061
f 5165 5285 5044
f 5112 1780 5269
f 5244 5243 5188
f 14293 14375 14411
f 14285 14251 14329
f 5285 5220 5044
f 5200 5112 5269
f 1847 1929 5103
f 5283 5282 5219
f 5282 5218 5163
f 5284 5283 5219
f 5220 5284 5164
f 1929 5245 5103
f 5190 5098 5099
f 13033 13028 13034
f 1947 1946 1871
f 13139 13102 13140
f 13057 5266 13029
f 13092 13047 13048
f 13279 13247 13280
f 1883 1884 1923
f 13280 13248 13281
f 14491 14448 14492
f 12264 12272 13016
f 14293 14257 14294
f 1948 1911 1843
f 5159 5158 5123
f 14448 14293 14411
f 5280 5214 5158
f 5143 5144 5268
f 13921 13877 13878
f 14296 14342 14341
f 14432 13211 13212
f 1924 1884 5233
f 13061 13033 13034
f 5279 5278 5211
f 1883 1921 5232
f 13097 13056 13072
f 13610 13545 13611
f 5278 5277 5210
f 5250 5264 5249
f 5277 5209 5210
f 12264 13016 13047
f 8 2 9
f 13955 13921 13922
f 5197 5109 5267
f 1924 5233 5177
f 13823 13743 13824
f 1917 1918 1954
f 1918 1919 1955
f 5196 5020 5197
f 5276 5275 5150
f 13056 13057 13072
f 5271 5270 5201
f 1935 5142 5196
f 1916 1917 1952
f 5273 5272 5203
f 5275 5207 5149
f 5272 5271 5146
f 1915 1916 1952
f 13679 13612 13680
f 1846 1873 1845
f 5205 5204 5117
f 5206 5274 5148
f 13652 13611 13612
f 1914 1915 1951
f 12264 14544 12272
f 12224 1950 1985
f 5177 5084 5254
f 13096 13056 13097
f 5084 5178 5255
f 5178 5234 5255
f 13211 13092 13048
f 5236 5180 5237
f 5242 5257 13248
f 1939 1940 1976
f 5090 5182 5256
f 14377 5252 5193
f 13101 13061 13102
f 14401 14285 14329
f 5252 1955 1919
f 1888 1889 1927
f 13877 13824 13878
f 14257 14223 14224
f 1924 1923 1884
f 14502 14503 1920
f 5063 5183 2025
f 1923 1922 1883
f 5250 5251 5265
f 13061 13034 13062
f 1893 1894 1932
f 1867 1942 1977
f 1941 1867 1977
f 1922 1921 1883
f 5183 5184 1962
f 5199 5268 5144
f 1942 1943 1978
f 1928 1889 5241
f 12251 1928 5241
f 1877 1892 1931
f 5268 5198 5143
f 1773 13165 13125
f 1975 1936 1937
f 1833 1812 5340
f 1812 1834 5341
f 1832 1833 5340
f 13322 13280 13281
f 5248 5249 5263
f 14432 14503 14502
f 5290 1832 5340
f 13506 13394 13395
f 5246 5247 5261
f 13271 13200 13238
f 1933 1972 13096
f 1896 1860 1807
f 14491 14410 14448
f 5228 5229 5344
f 14529 14530 14544
f 5229 5168 5344
f 5289 5290 5339
f 14529 14491 14530
f 14293 14256 14257
f 5198 5267 5109
f 13921 13878 13922
f 5286 5287 5335
f 5291 5230 5292
f 5225 5288 5337
f 5247 5248 5262
f 5287 5225 5336
f 1921 1920 5232
f 1955 1954 1918
f 5288 5289 5338
f 1874 1875 1930
f 1954 1953 1917
f 13092 13046 13047
f 1924 5177 5253
f 14256 14223 14257
f 13096 1972 13056
f 1870 1906 1979
f 1905 1870 1979
f 13281 13248 5304
f 1953 1952 1917
f 12264 13047 13046
f 1951 1950 1914
f 5242 5243 5257
f 1961 5253 5177
f 5254 1961 5177
f 14410 14293 14448
f 1773 13143 13165
f 5255 5254 5084
f 14223 14183 14224
f 14224 14225 14258
f 13545 13506 13507
f 1952 1951 1915
f 5189 5097 5258
f 5284 5220 5333
f 5218 5282 5332
f 5097 5098 5258
f 13955 13922 13956
f 5161 5218 5331
f 5190 5100 5259
f 13248 5257 5304
f 5100 5101 5260
f 1909 1910 1980
f 2020 2 12224
f 5256 5239 5090
f 13061 13062 13077
f 12264 14543 14544
f 1910 1946 1980
f 1926 1925 1885
f 5281 5216 5330
f 1886 1926 1885
f 5266 5265 5251
f 5240 5182 5091
f 1941 1976 1940
f 2025 5240 5063
f 5265 5264 5250
f 1928 1927 1889
f 5160 5281 5329
f 5264 5263 5249
f 1932 1892 1893
f 5159 5160 5328
f 1992 2025 5183
f 1774 13145 13144
f 1962 1992 5183
f 5280 5158 5326
f 5158 5159 5327
f 1774 13169 13145
f 13102 13061 13077
f 1978 1977 1942
f 14258 14297 14296
f 5213 5214 5325
f 1948 1912 1981
f 1925 1962 5184
f 13246 13247 13279
f 13955 13956 14024
f 13143 1774 13144
f 14529 14544 14543
f 5341 5340 1812
f 5342 5341 1834
f 1861 5342 1834
f 4987 1904 1944
f 14183 14225 14224
f 1931 1891 1877
f 5262 5261 5247
f 14251 14137 14174
f 5340 5339 5290
f 5261 1895 5246
f 5343 1975 5228
f 5344 5343 5228
f 14101 13955 14024
f 5291 5344 5168
f 5334 5223 5286
f 1912 1872 1983
f 1913 14401 14402
f 5335 5334 5286
f 5337 5336 5225
f 5336 5335 5287
f 5339 5338 5289
f 5338 5337 5288
f 13611 13545 13576
f 13056 5266 13057
f 14338 14256 14293
f 14256 14181 14223
f 13506 13395 13507
f 5276 5151 5324
f 5270 5271 5321
f 1874 1929 1847
f 5263 5262 5248
f 5271 5272 5321
f 1979 1944 1905
f 13271 13238 13272
f 14341 14342 14377
f 5207 5275 5323
f 14223 14182 14183
f 5204 5205 5322
f 1873 1846 1949
f 14401 14329 14402
f 13680 13612 13613
f 1985 2020 12224
f 5244 5257 5243
f 13322 13281 13323
f 5332 5331 5218
f 14181 14182 14223
f 13210 13211 14432
f 1980 1908 1909
f 13210 13092 13211
f 5331 5217 5161
f 13279 13280 13322
f 5245 5260 5101
f 5260 5259 5100
f 14374 14338 14293
f 1947 1980 1946
f 5217 5330 5216
f 14137 14101 14102
f 13200 13140 13163
f 5199 5200 5320
f 13680 13744 13743
f 5330 5329 5281
f 14377 1955 5252
f 1923 1924 1959
f 5329 5328 5160
f 1981 1911 1948
f 1922 1923 1958
f 5328 5327 5159
f 5268 5199 5319
f 5327 5326 5158
f 5280 5325 5214
f 1944 5345 4987
f 13545 13507 13576
f 5198 5268 5317
f 1982 1981 1912
f 1861 1936 2006
f 13091 13046 13092
f 1936 1975 2006
f 1921 1922 1957
f 14410 14374 14293
f 13102 13077 13103
f 1896 1809 1974
f 1960 1924 5253
f 12263 14543 12264
f 1983 1982 1912
f 1860 1896 1973
f 1984 1983 1872
f 14182 14145 14183
f 1873 1984 1872
f 1920 1921 1956
f 13611 13576 13612
f 14502 1920 1956
f 5208 5324 5151
f 5322 5273 5204
f 13238 13200 13163
f 14528 14529 14543
f 1952 1953 1987
f 14101 14024 14102
f 13015 12264 13046
f 5147 5322 5205
f 5323 5206 5207
f 5270 5269 1780
f 14225 14259 14258
f 13922 13878 13879
f 1950 1951 1985
f 1686 13277 4493
f 5254 5255 5297
f 13357 13322 13323
f 1951 1952 1986
f 14174 14137 14138
f 13210 13091 13092
f 14528 14491 14529
f 5235 5236 5299
f 14183 14184 14225
f 5234 5235 5298
f 14181 14110 14182
f 5237 5238 5301
f 5238 5239 5301
f 14296 14297 14342
f 1925 1926 1963
f 14182 14110 14145
f 5264 5265 5312
f 14256 14144 14181
f 5320 5319 5199
f 5265 5266 5313
f 1887 1888 1965
f 13056 5315 5266
f 13281 5304 13282
f 1888 1927 1966
f 1941 1977 2008
f 1927 1928 1967
f 1938 2007 5231
f 1960 1959 1924
f 13323 13281 13282
f 1977 1978 2008
f 14145 14184 14183
f 13394 13272 13395
f 13272 13238 13239
f 13140 13102 13103
f 1894 1895 5310
f 1978 1943 2009
f 1943 1903 2009
f 5318 5317 5268
f 13680 13681 13744
f 1903 1869 2010
f 1958 1957 1922
f 5342 1861 5372
f 14137 14102 14138
f 12263 14528 14543
f 5263 5264 5311
f 13091 13045 13046
f 12263 12264 13015
f 13321 13322 13357
f 1961 1960 5253
f 14373 14374 14410
f 1974 1973 1896
f 14181 14063 14110
f 5338 5339 5371
f 5337 5338 5370
f 5262 5263 5311
f 1875 1890 1971
f 1972 5315 13056
f 13878 13824 13879
f 13015 13046 13045
f 1957 1956 1921
f 5197 2040 5196
f 1954 1987 1953
f 1929 1874 1970
f 5196 2005 1935
f 2006 1975 5373
f 1906 1945 2012
f 1987 1986 1952
f 1934 1972 1933
f 14110 14064 14145
f 13238 13163 13239
f 14490 14410 14491
f 5285 5165 5368
f 14431 14432 14502
f 14528 14490 14491
f 14329 14251 14286
f 14258 14259 14297
f 1945 1907 2013
f 1986 1985 1951
f 5257 5244 5305
f 5297 1961 5254
f 14373 14338 14374
f 5245 1929 1968
f 14144 14063 14181
f 5315 5314 5266
f 5300 5236 5237
f 5301 5300 5237
f 5299 5298 5235
f 14251 14174 14286
f 5260 5245 5309
f 13163 13140 13141
f 5098 5190 5307
f 5302 5301 5239
f 5217 5331 5367
f 5256 5302 5239
f 13210 14432 14431
f 5330 5217 5366
f 5303 5256 5182
f 13279 13322 13321
f 5240 5303 5182
f 1964 1886 1887
f 5313 5312 5265
f 1965 1964 1887
f 5314 5313 5266
f 13576 13507 13546
f 1966 1965 1888
f 1967 1966 1927
f 5329 5330 5366
f 2008 1976 1941
f 13140 13103 13141
f 13077 13125 13103
f 13357 13323 13358
f 1839 4987 5345
f 5312 5311 5264
f 1911 1981 2016
f 5280 5326 5365
f 1932 1894 5310
f 14292 14256 14338
f 13922 13879 13956
f 14064 14146 14145
f 5213 5325 5364
f 2010 2009 1903
f 5305 5304 5257
f 2011 2010 1869
f 2006 5372 1861
f 5279 5213 5364
f 5261 5310 1895
f 5311 5261 5262
f 13272 13239 13240
f 14145 14146 14184
f 13321 13357 13356
f 14184 14226 14225
f 5371 5370 5338
f 14373 14292 14338
f 2007 5374 5231
f 5209 5277 5362
f 1971 1930 1875
f 12208 14528 12263
f 5152 5209 5361
f 5208 5152 5361
f 14490 14472 14410
f 5221 5369 5132
f 13612 13576 13577
f 5272 5273 5359
f 1955 2021 1954
f 5321 5272 5359
f 14063 13992 14110
f 13356 13357 13404
f 1970 1969 1929
f 5270 5321 5358
f 12208 12263 13015
f 2012 1979 1906
f 2013 2012 1945
f 14110 13992 14064
f 5231 5295 5171
f 1969 1968 1929
f 1873 1949 2018
f 5147 5274 5360
f 12286 14502 1956
f 5368 5220 5285
f 14225 14226 14259
f 13209 13091 13210
f 14409 14373 14410
f 2014 2013 1907
f 1913 14402 14403
f 5306 5244 5189
f 14292 14144 14256
f 13395 13272 13347
f 5258 5306 5189
f 1968 5309 5245
f 2015 1908 1980
f 14512 14490 14528
f 13014 13015 13045
f 13404 13357 13358
f 13163 13141 13142
f 5308 5307 5190
f 14402 14329 14403
f 13090 13045 13091
f 5367 5366 5217
f 12208 14512 14528
f 1839 2011 1869
f 14472 14409 14410
f 13320 13321 13356
f 14064 14065 14146
f 13239 13163 13201
f 2016 1947 1911
f 5345 5375 1839
f 14138 14102 14103
f 13992 13993 14064
f 5365 5325 5280
f 13743 13780 13824
f 1958 1923 1991
f 6 9 2
f 1957 1958 1990
f 13320 13279 13321
f 13356 13404 13403
f 1809 1935 2005
f 14329 14286 14330
f 12208 13015 13014
f 13576 13546 13577
f 9 12250 12251
f 13272 13240 13347
f 13744 13780 13743
f 14415 1955 14377
f 5279 5363 5278
f 13320 13356 13355
f 5363 5277 5278
f 14337 14292 14373
f 13355 13356 13403
f 13320 13246 13279
f 5267 5198 5316
f 13141 13103 13125
f 13163 13142 13201
f 5362 5361 5209
f 13278 13246 13320
f 1956 1957 1988
f 1972 1934 2003
f 2017 1984 1873
f 5361 5324 5208
f 14146 14185 14184
f 5315 2002 5314
f 1985 1986 2019
f 13358 13323 13282
f 1986 1987 2020
f 13879 13824 13780
f 2018 2017 1873
f 5359 5358 5321
f 1987 1954 2021
f 2005 5196 2040
f 1972 2003 5315
f 5360 5322 5147
f 14502 12286 14431
f 14102 14024 14103
f 13014 13045 13044
f 13993 14065 14064
f 14286 14174 14217
f 13612 13577 13613
f 14409 14337 14373
f 2 2020 1987
f 13278 13320 13355
f 13209 13090 13091
f 12251 12225 1928
f 5269 5320 5200
f 13209 13210 14431
f 5299 5236 5350
f 5236 5300 5350
f 5300 5301 5351
f 2007 1938 2042
f 14512 14472 14490
f 13239 13201 13240
f 14184 14185 14226
f 5255 5234 5347
f 5298 5299 5349
f 5234 5298 5348
f 1938 1939 2043
f 13355 13403 13443
f 5302 5256 5352
f 13090 13044 13045
f 14143 14063 14144
f 13403 13404 13444
f 5256 5303 5352
f 5313 5314 2035
f 13278 13355 13319
f 1926 1886 1993
f 5303 5240 2086
f 1939 1976 2045
f 1955 14452 2021
f 13680 13613 13681
f 13991 13992 14063
f 14377 14342 14298
f 13507 13395 13436
f 1991 1990 1958
f 1959 1991 1923
f 14297 14298 14342
f 5319 5318 5268
f 1966 1967 1995
f 13355 13443 13442
f 12194 14512 12208
f 1990 1989 1957
f 1931 1892 2001
f 14065 14147 14146
f 13403 13444 13443
f 5340 5341 5418
f 13993 14033 14065
f 1989 1988 1957
f 5339 5340 5418
f 13319 13355 13402
f 2005 2004 1809
f 13956 13879 13923
f 1891 1931 2000
f 1975 5343 5419
f 2004 1974 1809
f 5334 5335 5415
f 13395 13347 13436
f 1890 1891 2000
f 13402 13355 13442
f 14259 14298 14297
f 5343 5344 5421
f 5317 5316 5198
f 12194 12208 13014
f 5223 5334 5414
f 5336 5337 5417
f 5335 5336 5416
f 14109 13991 14063
f 14143 14109 14063
f 1971 1890 2000
f 14403 14329 14330
f 13141 13125 13142
f 13068 1956 14310
f 12286 1956 13068
f 5293 5294 5422
f 13992 13962 13993
f 13404 13358 13405
f 5267 2069 5197
f 1970 1874 1999
f 5304 5353 13282
f 5294 5295 5422
f 1944 1979 2046
f 1985 2019 2020
f 2020 2019 1986
f 1960 1961 5346
f 13277 13278 13319
f 1969 1970 1997
f 1988 14310 1956
f 14146 14147 14185
f 13442 13443 13483
f 2003 2002 5315
f 13546 13507 13508
f 13277 13319 13318
f 2 1987 6
f 1968 1969 1996
f 5295 5231 5374
f 13347 13240 13309
f 14452 1955 14415
f 13992 13928 13962
f 14226 14227 14259
f 14330 14286 14287
f 14024 13956 13923
f 5333 5220 5412
f 14472 14337 14409
f 5283 5284 5411
f 5282 5283 5410
f 5297 5346 1961
f 1907 1908 2047
f 4493 13277 13318
f 13483 13443 13444
f 5331 5332 5409
f 13402 13442 13482
f 13354 13318 13319
f 5347 5297 5255
f 5351 5350 5300
f 13444 13404 13405
f 12194 13014 13044
f 14511 14472 14512
f 5259 5260 5355
f 5348 5347 5234
f 5350 5349 5299
f 2043 2042 1938
f 5190 5259 5354
f 5308 5190 5354
f 13319 13402 13401
f 13993 13929 14033
f 5349 5348 5298
f 2044 2043 1939
f 13442 13483 13482
f 13962 13929 13993
f 5367 5331 5407
f 14286 14217 14287
f 2045 2044 1939
f 13354 13319 13401
f 4493 13318 13317
f 5366 5367 5406
f 2008 2045 1976
f 13401 13402 13481
f 13354 13317 13318
f 1994 1965 1966
f 13209 14431 14430
f 5329 5366 5406
f 13577 13546 13508
f 5328 5329 5405
f 13402 13482 13481
f 5327 5328 5404
f 5365 5326 5402
f 5326 5327 5402
f 13354 13401 13400
f 13879 13780 13923
f 5345 1944 2074
f 14033 14066 14065
f 13991 13928 13992
f 5311 5357 5261
f 1995 1994 1966
f 13928 13887 13962
f 13043 13044 13090
f 13068 14310 14309
f 13507 13436 13508
f 5418 5371 5339
f 5419 5373 1975
f 5420 5419 5343
f 13316 13354 13400
f 14377 14298 14378
f 5421 5420 5343
f 14511 14489 14472
f 5417 5416 5336
f 14143 14108 14109
f 13165 13164 13125
f 5370 5417 5337
f 5291 5421 5344
f 14185 14227 14226
f 14108 13991 14109
f 5414 5222 5223
f 14259 14227 14298
f 14065 14111 14147
f 13316 13317 13354
f 4493 13317 13316
f 1983 1984 2050
f 13400 13401 13441
f 14255 14292 14337
f 14309 14310 1988
f 12286 14501 14431
f 1930 1999 1874
f 13089 13090 13209
f 13481 13482 13517
f 13125 13164 13142
f 5305 5353 5304
f 1999 1998 1970
f 13991 13961 13928
f 5276 5324 5401
f 1998 1997 1970
f 1984 2017 2052
f 13208 4493 13316
f 14103 14024 14025
f 12194 13044 13043
f 13401 13481 13516
f 13441 13401 13480
f 5323 5275 5400
f 14471 14337 14472
f 1997 1996 1969
f 5273 5322 5397
f 13887 13929 13962
f 5206 5323 5399
f 13613 13577 13578
f 13961 13927 13928
f 14377 14378 14415
f 13481 13517 13516
f 5274 5206 5398
f 14489 14471 14472
f 14430 14431 14501
f 14255 14144 14292
f 5360 5274 5398
f 12278 12286 13068
f 5269 5270 5395
f 1949 1913 14403
f 13358 13282 13359
f 14065 14066 14111
f 13482 13483 13518
f 2047 2014 1907
f 13165 13203 13164
f 5411 5410 5283
f 5333 5411 5284
f 13401 13516 13480
f 12225 1967 1928
f 13203 13165 13204
f 13929 14034 14033
f 2015 2047 1908
f 13177 13209 14430
f 13353 13316 13400
f 13208 13316 13315
f 5320 5269 5394
f 5309 5356 5260
f 1988 1989 13024
f 13201 13142 13164
f 13436 13347 13396
f 5356 5355 5260
f 13927 13786 13928
f 5355 5354 5259
f 5409 5408 5331
f 13405 13358 13359
f 14108 14032 13991
f 2048 1980 1947
f 13208 13169 4493
f 14024 13923 14025
f 13961 13830 13927
f 13482 13518 13517
f 5408 5407 5331
f 13043 13090 13089
f 13204 13165 13166
f 14142 14108 14143
f 13165 13143 13166
f 5423 2011 1839
f 5319 5320 5392
f 14033 14034 14066
f 13681 13613 13614
f 12193 14512 12194
f 13480 13516 13550
f 5407 5406 5367
f 5375 5423 1839
f 13315 13316 13353
f 1959 1960 2023
f 1991 1959 2023
f 13927 13830 13786
f 13928 13786 13887
f 13353 13400 13441
f 1989 1990 2022
f 13518 13483 13444
f 13480 13550 13587
f 5406 5405 5329
f 14255 14143 14144
f 5403 5402 5327
f 5404 5403 5327
f 5405 5404 5328
f 13309 13240 13241
f 5318 5319 5391
f 13441 13480 13515
f 2049 1981 1982
f 14032 13961 13991
f 14174 14138 14217
f 14501 12286 12278
f 13144 13145 13168
f 13577 13508 13578
f 13347 13309 13396
f 14147 14186 14185
f 13145 13169 13168
f 13480 13587 13586
f 5317 5318 5390
f 13515 13480 13586
f 13444 13405 13445
f 2024 1960 5346
f 13586 13587 13620
f 14429 14430 14501
f 13550 13516 13587
f 13089 13209 13177
f 13585 13586 13620
f 14309 1988 13023
f 13314 13315 13353
f 13620 13587 13659
f 5363 5362 5277
f 13168 13169 13208
f 13067 13068 14309
f 5267 5316 5389
f 6 1987 2021
f 13208 13315 13314
f 14107 14032 14108
f 1934 1860 2036
f 13168 13208 13207
f 13585 13515 13586
f 2069 5267 5388
f 13144 13168 13167
f 14511 14512 12193
f 13201 13164 13202
f 13314 13353 13352
f 14511 14471 14489
f 13240 13201 13202
f 2051 2050 1984
f 5276 5400 5275
f 5397 5359 5273
f 2040 5197 2069
f 2018 2052 2017
f 13613 13578 13614
f 13013 12194 13043
f 13167 13168 13207
f 14142 14107 14108
f 13143 13144 13167
f 14185 14186 14227
f 2052 2051 1984
f 13929 13994 14034
f 5358 5396 5270
f 13744 13681 13716
f 13744 13716 13780
f 13164 13203 13202
f 13585 13620 13658
f 14032 13990 13961
f 5396 5395 5270
f 13276 13208 13314
f 2002 2035 5314
f 13353 13441 13440
f 13620 13659 13658
f 14255 14222 14143
f 13023 1988 13024
f 1989 2022 13024
f 13830 13785 13786
f 13689 13658 13722
f 14111 14148 14147
f 13177 14430 14429
f 13436 13396 13397
f 13479 13441 13515
f 5395 5394 5269
f 13143 13167 13166
f 13659 13587 13621
f 5346 5297 2057
f 13516 13517 13588
f 13689 13722 13688
f 13750 13722 13751
f 13203 13204 13243
f 14107 14062 14032
f 12278 13068 13067
f 5297 5347 5377
f 13204 13166 13205
f 13751 13722 13659
f 13508 13436 13477
f 13516 13588 13587
f 13440 13441 13479
f 13313 13314 13352
f 13960 13830 13961
f 5351 5301 5381
f 13584 13585 13658
f 13923 13780 13880
f 13786 13831 13887
f 5347 5348 5378
f 13658 13659 13722
f 13887 13831 13929
f 13207 13208 13245
f 13167 13207 13206
f 5394 5393 5320
f 5301 5302 5381
f 13750 13751 13786
f 5349 5350 5380
f 1992 1962 2027
f 13584 13658 13689
f 5302 5352 5381
f 13990 13960 13961
f 5348 5349 5378
f 13517 13518 13551
f 13276 13314 13313
f 13751 13659 13786
f 13750 13688 13722
f 14222 14142 14143
f 13309 13241 13310
f 13352 13353 13440
f 9 6 12250
f 1925 1963 2028
f 13166 13167 13206
f 12193 12194 13013
f 2044 2045 2070
f 13245 13208 13276
f 13206 13207 13245
f 5393 5392 5320
f 1886 1964 1993
f 13479 13515 13514
f 1926 1993 2029
f 13750 13786 13785
f 5312 5313 5387
f 2024 2023 1960
f 13514 13515 13585
f 2045 2008 2071
f 5240 2025 2058
f 1965 1994 2030
f 14378 14298 14343
f 13929 13888 13994
f 2008 1978 2071
f 1991 2022 1990
f 13166 13206 13205
f 14066 14112 14111
f 14062 14031 14032
f 1978 2009 2072
f 13584 13689 13688
f 13245 13276 13275
f 13240 13202 13241
f 2009 2010 2073
f 14031 13990 14032
f 1949 14403 14483
f 13275 13276 13313
f 13518 13444 13519
f 2010 2011 2073
f 13204 13205 13244
f 13721 13750 13785
f 14147 14148 14186
f 13721 13688 13750
f 2040 2039 2005
f 14227 14299 14298
f 5341 5342 5452
f 13588 13517 13551
f 13436 13397 13477
f 5418 5341 5452
f 13587 13622 13621
f 5372 2006 5453
f 1931 2001 2000
f 13830 13721 13785
f 5371 5418 5452
f 13202 13203 13242
f 2039 2004 2005
f 2006 5373 5453
f 13206 13245 13205
f 13205 13245 13275
f 13587 13588 13622
f 5417 5370 5451
f 13042 13043 13089
f 5370 5371 5452
f 13659 13621 13690
f 14453 2021 14452
f 14408 14255 14337
f 13396 13309 13348
f 5222 5414 5450
f 13204 13244 13243
f 1892 1932 5386
f 5291 5292 5455
f 13786 13659 13690
f 2038 1973 1974
f 13203 13243 13242
f 13514 13585 13584
f 14415 14378 14379
f 14034 14035 14066
f 2041 2040 2069
f 5292 5293 5456
f 1973 2036 1860
f 13275 13313 13312
f 13312 13313 13352
f 14330 14287 14288
f 13440 13479 13514
f 1999 1930 2034
f 14030 14062 14107
f 2024 5346 2057
f 14031 13960 13990
f 13551 13518 13519
f 13205 13275 13274
f 13829 13721 13830
f 5165 5132 5368
f 12251 12250 12225
f 13619 13584 13688
f 1996 1997 1998
f 14221 14142 14222
f 2003 2035 2002
f 13831 13888 13929
f 13309 13310 13348
f 13088 13089 13177
f 14111 14112 14148
f 13312 13352 13311
f 13013 13043 13042
f 13578 13508 13547
f 13399 13352 13440
f 14527 14511 12193
f 1968 1996 2033
f 14030 14031 14062
f 6 2021 14453
f 13274 13275 13312
f 13786 13787 13831
f 14415 14453 14452
f 13786 13690 13787
f 13311 13352 13399
f 13244 13205 13274
f 5411 5333 5449
f 14287 14217 14288
f 5305 5244 5382
f 14025 13923 13880
f 5282 5410 5448
f 13508 13477 13509
f 13310 13241 13273
f 13202 13242 13241
f 5309 1968 5385
f 13445 13405 13359
f 5332 5282 5447
f 5244 5306 5382
f 5376 2057 5297
f 5377 5376 5297
f 5356 5309 5385
f 5409 5332 5447
f 5378 5377 5347
f 12225 1995 1967
f 13994 14035 14034
f 13440 13514 13513
f 5351 5380 5350
f 14298 14299 14343
f 13176 13177 14429
f 1980 2048 2076
f 5098 5307 5384
f 13513 13514 13584
f 14217 14138 14139
f 5380 5379 5349
f 5379 5378 5349
f 5408 5409 5445
f 1925 2027 1962
f 13829 13784 13721
f 2035 5387 5313
f 2026 2025 1992
f 14066 14035 14112
f 13274 13312 13311
f 13622 13588 13551
f 13244 13274 13243
f 2048 1947 2077
f 13359 13282 5353
f 14378 14343 14379
f 1947 2016 2077
f 5407 5408 5445
f 2029 1963 1926
f 2071 2070 2045
f 2030 1964 1965
f 14030 13960 14031
f 2058 2086 5240
f 13513 13584 13583
f 13582 13584 13619
f 13508 13509 13547
f 13042 13089 13088
f 13519 13444 13445
f 13614 13578 13547
f 2072 2071 1978
f 14511 14488 14471
f 5406 5407 5445
f 2073 2072 2009
f 5312 5357 5311
f 13583 13584 13582
f 5325 5365 5441
f 1981 2049 2016
f 5402 5403 5443
f 13960 13886 13830
f 5364 5325 5441
f 13396 13348 13397
f 5403 5404 5444
f 5357 5310 5261
f 13311 13399 13351
f 13088 13177 13176
f 14407 14408 14337
f 13886 13829 13830
f 13243 13274 13311
f 5454 5453 5373
f 5419 5454 5373
f 1982 1983 2078
f 5296 12193 13013
f 14138 14103 14139
f 5416 5415 5335
f 5452 5451 5370
f 13241 13242 13273
f 5363 5279 5440
f 14428 14429 14501
f 13351 13399 13440
f 13242 13243 13311
f 5450 5221 5222
f 14103 14025 14026
f 2031 1994 1995
f 14471 14407 14337
f 13787 13832 13831
f 13348 13310 13273
f 5386 2001 1892
f 13619 13688 13721
f 13787 13690 13752
f 12260 12278 13067
f 1983 2050 2079
f 5422 5456 5293
f 14186 14228 14227
f 1971 2034 1930
f 14501 12278 12260
f 13582 13513 13583
f 5324 5361 5438
f 2012 2046 1979
f 13176 14429 14428
f 13477 13397 13437
f 13551 13519 13552
f 5369 5368 5132
f 14227 14228 14299
f 2075 2012 2013
f 1998 2033 1996
f 5359 5397 5436
f 5358 5359 5436
f 13959 13886 13960
f 14030 13989 13960
f 5396 5358 5435
f 14403 14330 14367
f 14415 14379 14416
f 14025 13880 14026
f 2033 2032 1968
f 5382 5353 5305
f 5368 5412 5220
f 14527 12193 5296
f 13621 13622 13552
f 2052 2018 2080
f 13831 13832 13888
f 13690 13621 13752
f 2032 5385 1968
f 5412 5449 5333
f 5411 5448 5410
f 13619 13721 13687
f 13622 13551 13552
f 2018 1949 2081
f 5448 5447 5282
f 13681 13614 13653
f 14330 14288 14331
f 13886 13784 13829
f 13989 13959 13960
f 13012 13013 13042
f 14148 14187 14186
f 2076 2015 1980
f 5447 5446 5409
f 14415 14416 14453
f 5308 5384 5307
f 5384 5383 5098
f 13348 13273 13349
f 5383 5258 5098
f 13397 13348 13349
f 5446 5445 5409
f 13242 13311 13351
f 14217 14139 14218
f 13509 13477 13478
f 13787 13752 13832
f 5423 2073 2011
f 1991 2023 2055
f 2022 1991 2054
f 14470 14471 14488
f 2023 2024 2056
f 14510 14488 14511
f 5296 13013 13012
f 2074 5375 5345
f 14180 14107 14142
f 14510 14511 14527
f 14470 14407 14471
f 5445 5405 5406
f 13716 13825 13780
f 5443 5442 5402
f 14336 14222 14255
f 14288 14217 14218
f 14221 14180 14142
f 5444 5443 5403
f 5405 5444 5404
f 2039 2040 2041
f 13880 13780 13825
f 13716 13681 13653
f 2078 2049 1982
f 14103 14026 14060
f 14112 14149 14148
f 1974 2004 2068
f 13512 13513 13582
f 5364 5440 5279
f 13477 13437 13478
f 13547 13509 13510
f 13440 13513 13512
f 2053 13024 2022
f 13614 13547 13653
f 13512 13582 13619
f 13888 13930 13994
f 2079 2078 1983
f 5316 5317 5389
f 13273 13242 13350
f 13066 13067 14309
f 5439 5361 5362
f 13273 13350 13349
f 13041 13042 13088
f 14254 14221 14222
f 5438 5401 5324
f 14343 14380 14379
f 2003 1934 2067
f 13242 13351 13350
f 13445 13359 13446
f 5401 5400 5276
f 13885 13784 13886
f 14030 13959 13989
f 14180 14141 14107
f 14407 14255 14408
f 13519 13445 13520
f 5400 5437 5323
f 6 14453 14454
f 5436 5435 5358
f 12260 13067 13066
f 14336 14254 14222
f 13437 13397 13349
f 5360 5397 5322
f 13687 13721 13784
f 5399 5398 5206
f 14403 14367 14404
f 13087 13088 13176
f 13509 13478 13510
f 13552 13519 13520
f 2052 2050 2051
f 13884 13885 13886
f 13351 13440 13439
f 14061 14030 14107
f 14186 14187 14228
f 14103 14060 14139
f 13621 13552 13660
f 13512 13619 13618
f 5376 5377 5424
f 14372 14336 14255
f 12245 14428 14501
f 5377 5378 5424
f 13752 13621 13691
f 13959 13884 13886
f 13175 13176 14428
f 2007 2042 2094
f 14141 14061 14107
f 5351 5381 5428
f 12245 14501 12260
f 13350 13351 13439
f 14299 14344 14343
f 5380 5351 5427
f 14407 14372 14255
f 13618 13619 13687
f 14026 13880 13986
f 13880 13825 13881
f 5379 5380 5426
f 13012 13042 13041
f 1992 2027 2026
f 2025 2059 2058
f 13880 13881 13924
f 13349 13350 13398
f 5381 5352 2084
f 14254 14180 14221
f 13832 13889 13888
f 14331 14288 14289
f 14330 14331 14367
f 5352 5303 2085
f 14148 14149 14187
f 5303 2086 2085
f 2055 2054 1991
f 2056 2055 2023
f 14029 13959 14030
f 13478 13437 13438
f 12225 2031 1995
f 2054 2053 2022
f 14288 14218 14289
f 2070 2071 2095
f 13437 13349 13438
f 13716 13745 13825
f 2057 2056 2024
f 2071 2072 2095
f 5392 5391 5319
f 14308 14309 13023
f 13549 13512 13618
f 13439 13440 13512
f 14218 14139 14175
f 13359 5353 5468
f 14253 14254 14336
f 13618 13687 13686
f 13621 13660 13691
f 13884 13784 13885
f 13832 13752 13788
f 5342 5372 5504
f 5391 5390 5318
f 5372 5453 5504
f 14372 14335 14336
f 2294 14527 5296
f 14416 14379 14380
f 14061 14029 14030
f 5419 5420 5505
f 5451 5452 5502
f 5334 5415 5501
f 2068 2038 1974
f 5420 5421 5506
f 1994 2031 2060
f 5390 5389 5317
f 13720 13687 13784
f 13880 13924 13986
f 5421 5291 5507
f 13398 13350 13439
f 13716 13653 13745
f 1932 5310 5386
f 5221 5450 5500
f 1971 2000 2065
f 13510 13478 13438
f 13686 13687 13720
f 13041 13088 13087
f 14253 14336 14335
f 2038 2037 1973
f 14112 14035 14149
f 1949 14483 2081
f 13549 13618 13617
f 2037 2036 1973
f 13547 13510 13579
f 5389 5388 5267
f 14416 14454 14453
f 2034 1971 2065
f 13349 13398 13438
f 14253 14180 14254
f 13888 13889 13930
f 2046 2012 2097
f 2036 2067 1934
f 1998 1999 2064
f 14029 13958 13959
f 13066 14309 14308
f 2033 1998 2063
f 2294 5296 13012
f 2067 2035 2003
f 2032 2033 2062
f 14406 14407 14470
f 13657 13618 13686
f 14141 14106 14061
f 13653 13547 13615
f 5412 5368 5499
f 14343 14344 14380
f 13087 13176 13175
f 13439 13512 13549
f 5374 2007 2094
f 2032 2061 5385
f 14371 14372 14407
f 13884 13959 13958
f 14406 14470 14488
f 2083 2057 5376
f 5424 2083 5376
f 13617 13618 13657
f 14469 14488 14510
f 14106 14141 14180
f 2047 2015 2100
f 12245 12260 13066
f 5447 5448 5498
f 14253 14178 14180
f 14106 14029 14061
f 13657 13686 13720
f 5425 5424 5378
f 5355 5356 5434
f 2015 2076 2100
f 5379 5425 5378
f 14026 13986 14060
f 5428 5427 5351
f 14371 14335 14372
f 5446 5447 5497
f 5354 5355 5432
f 5427 5426 5380
f 13547 13579 13615
f 5308 5354 5432
f 13022 13023 13024
f 2044 2042 2043
f 14403 14404 14465
f 14289 14218 14219
f 13783 13720 13784
f 14509 14510 14527
f 5445 5446 5496
f 13752 13691 13788
f 2085 2084 5352
f 2028 2027 1925
f 14252 14253 14335
f 14106 14180 14179
f 14178 14179 14180
f 14483 14403 14465
f 13552 13520 13521
f 13011 13012 13041
f 13520 13445 13446
f 5387 5357 5312
f 2060 2030 1994
f 14218 14175 14219
f 13986 13924 13957
f 5405 5445 5495
f 14416 14417 14454
f 13175 14428 14427
f 2016 2049 2102
f 5365 5402 5491
f 5402 5442 5492
f 13657 13720 13685
f 13439 13549 13511
f 5442 5443 5493
f 14252 14178 14253
f 14416 14380 14417
f 13438 13398 13511
f 13783 13749 13720
f 2049 2078 2103
f 13745 13826 13825
f 6 14454 14455
f 14175 14139 14140
f 13617 13657 13656
f 13685 13720 13749
f 13511 13549 13617
f 14371 14407 14406
f 5342 5503 5452
f 5506 5505 5420
f 5503 5502 5452
f 5440 5364 5490
f 13579 13510 13548
f 13883 13884 13958
f 5501 5414 5334
f 14029 13988 13958
f 5507 5506 5421
f 13924 13881 13925
f 5455 5507 5291
f 13510 13438 13548
f 5500 5413 5221
f 13825 13826 13881
f 2066 2065 2000
f 14252 14335 14334
f 14406 14488 14469
f 2046 2096 1944
f 5456 5455 5292
f 14139 14060 14140
f 14105 14106 14179
f 2031 5430 5429
f 14469 14510 14509
f 13398 13439 13511
f 13581 13617 13656
f 14308 13023 14517
f 14106 14028 14029
f 5413 5369 5221
f 14371 14334 14335
f 13986 13957 13987
f 5438 5361 5487
f 2294 13012 13011
f 12245 14500 14428
f 14187 14229 14228
f 2060 2031 5429
f 14517 13023 13022
f 13924 13925 13957
f 13656 13657 13685
f 2034 2064 1999
f 13884 13828 13784
f 13511 13617 13581
f 13446 13359 5468
f 13994 13930 14035
f 2075 2097 2012
f 13691 13660 13661
f 13828 13783 13784
f 13745 13653 13717
f 13615 13579 13580
f 2063 2062 2033
f 14105 14179 14178
f 5399 5323 5486
f 14331 14289 14290
f 5397 5360 5485
f 5508 5295 5374
f 5396 5435 5484
f 2062 2061 2032
f 14060 13986 14027
f 14289 14219 14290
f 14028 13988 14029
f 13579 13548 13580
f 2098 2013 2014
f 2050 2052 2104
f 2081 14483 14484
f 13438 13511 13548
f 13719 13749 13783
f 13986 13987 14027
f 2094 5508 5374
f 2099 2098 2014
f 2047 2099 2014
f 2052 2080 2104
f 14175 14140 14176
f 13926 13958 13988
f 13581 13656 13655
f 2080 2018 2105
f 14149 14188 14187
f 13655 13656 13685
f 14105 14028 14106
f 13883 13828 13884
f 14367 14331 14368
f 2018 2081 2106
f 5385 5434 5356
f 14104 14105 14178
f 13926 13883 13958
f 5434 5433 5355
f 13653 13615 13682
f 13745 13781 13826
f 13086 13041 13087
f 5498 5497 5447
f 14427 14428 14500
f 5433 5432 5355
f 13828 13748 13783
f 12225 5430 2031
f 13548 13511 13581
f 5431 5306 5258
f 12250 6 14456
f 13719 13783 13748
f 14060 14104 14140
f 13548 13581 13580
f 14220 14178 14252
f 13685 13749 13719
f 14060 14027 14104
f 5383 5431 5258
f 5497 5496 5446
f 14404 14367 14368
f 13086 13087 13175
f 13065 13066 14308
f 13660 13552 13661
f 14104 14178 14177
f 12245 13066 13065
f 14175 14176 14219
f 13653 13682 13717
f 5392 5393 5482
f 13615 13580 13616
f 13826 13882 13881
f 2053 2054 2055
f 14526 14527 2294
f 13957 13925 13882
f 13655 13685 13684
f 13957 13882 13926
f 13925 13881 13882
f 2101 2077 2016
f 14509 14527 14526
f 13957 13926 13987
f 14140 14177 14176
f 14140 14104 14177
f 2056 2057 2082
f 14177 14178 14220
f 13580 13581 13616
f 2102 2101 2016
f 13745 13717 13746
f 14334 14371 14406
f 14104 14028 14105
f 13987 13988 14028
f 5491 5441 5365
f 14176 14177 14220
f 13926 13988 13987
f 5492 5491 5402
f 14035 14150 14149
f 14104 14027 14028
f 13745 13746 13781
f 5493 5492 5442
f 2103 2102 2049
f 5444 5494 5443
f 5494 5493 5443
f 14483 14465 14484
f 14176 14220 14219
f 13684 13685 13719
f 5441 5490 5364
f 14027 13987 14028
f 2068 2004 2093
f 2004 2039 2093
f 13926 13882 13883
f 14417 14455 14454
f 13022 13024 14349
f 5440 5489 5363
f 14331 14290 14332
f 5489 5488 5363
f 13581 13655 13654
f 13654 13655 13684
f 5488 5362 5363
f 13691 13661 13692
f 14187 14188 14229
f 14368 14331 14332
f 13882 13828 13883
f 13616 13581 13654
f 13781 13827 13826
f 14219 14220 14252
f 13826 13827 13882
f 5388 5389 2144
f 14380 14418 14417
f 13011 13041 13040
f 14334 14406 14370
f 2069 5388 2126
f 13086 13040 13041
f 13788 13691 13692
f 5437 5486 5323
f 5485 5436 5397
f 13615 13616 13682
f 2035 2067 2091
f 13683 13684 13719
f 5436 5484 5435
f 5484 5395 5396
f 14290 14219 14291
f 2104 2079 2050
f 13882 13782 13828
f 13520 13446 13521
f 14487 14469 14509
f 13832 13833 13889
f 13718 13719 13748
f 14307 14308 14517
f 14370 14406 14447
f 2106 2105 2018
f 14219 14252 14291
f 13654 13684 13683
f 14291 14252 14334
f 13086 13175 13174
f 2105 2104 2080
f 5395 5483 5394
f 6 14455 14456
f 13782 13748 13828
f 13174 13175 14427
f 13717 13747 13746
f 13717 13682 13718
f 5424 5425 5459
f 13882 13827 13782
f 13065 14308 14307
f 13781 13746 13747
f 14149 14150 14188
f 13781 13747 13827
f 5425 5379 5460
f 13717 13718 13747
f 5483 5393 5394
f 14447 14406 14469
f 5427 5428 5463
f 2058 2059 2086
f 14517 13022 12999
f 5426 5427 5461
f 5 2294 13011
f 13683 13719 13718
f 13832 13788 13753
f 13718 13748 13782
f 5428 5381 2114
f 14290 14291 14333
f 5387 2035 5481
f 2042 2044 2070
f 5381 2084 2114
f 13616 13654 13683
f 2081 14484 14522
f 13827 13747 13782
f 14291 14334 14333
f 14290 14333 14332
f 2053 14349 13024
f 13616 13683 13682
f 5482 5391 5392
f 14465 14404 14466
f 5357 5387 5480
f 2070 2095 2127
f 13718 13682 13683
f 13747 13718 13782
f 1993 1964 2087
f 14368 14332 14369
f 2083 2082 2057
f 14484 14465 14466
f 5429 5430 5467
f 1964 2030 5464
f 14486 14509 14526
f 12999 13022 14349
f 5310 5357 5479
f 14526 2294 5
f 13661 13552 13623
f 5453 5454 5537
f 5454 5419 5538
f 14035 14036 14150
f 5415 5416 5536
f 14333 14334 14370
f 14417 14418 14455
f 5386 5310 5478
f 2074 1944 2096
f 14487 14509 14486
f 14228 14300 14299
f 13446 5468 13447
f 5390 2144 5389
f 14332 14333 14370
f 2065 2066 2090
f 13930 14036 14035
f 5 13011 13010
f 2001 5386 5477
f 14332 14370 14369
f 13010 13011 13040
f 5369 5413 5535
f 2060 5429 5465
f 2037 2092 2036
f 2064 2034 2089
f 2092 2067 2036
f 14404 14368 14444
f 5368 5369 5534
f 13552 13521 13623
f 10764 12245 13065
f 14446 14447 14469
f 2061 2062 2088
f 12225 5467 5430
f 2075 2013 2098
f 14466 14404 14444
f 14500 12245 10764
f 13788 13692 13753
f 14522 14484 14466
f 5449 5412 5533
f 5424 2113 2083
f 2035 2091 5481
f 5459 5458 5424
f 5385 2061 5476
f 5498 5448 5532
f 5434 5385 5474
f 5460 5459 5425
f 14229 14260 14228
f 14368 14369 14405
f 5433 5434 5473
f 5426 5460 5379
f 14370 14447 14446
f 2026 2059 2025
f 14307 14517 12999
f 5463 5462 5427
f 5306 5431 5470
f 14426 14427 14500
f 5462 5461 5427
f 5497 5498 5530
f 2114 5463 5428
f 13832 13753 13833
f 5308 5432 5471
f 2048 2077 2076
f 13039 13040 13086
f 5481 5480 5387
f 2073 5423 5541
f 5496 5497 5530
f 14369 14370 14405
f 14468 14469 14487
f 5423 5375 2146
f 14444 14368 14405
f 14299 14300 14344
f 13692 13661 13662
f 5375 2074 2146
f 2072 2127 2095
f 14446 14469 14468
f 5480 5479 5357
f 13174 14427 14426
f 13064 13065 14307
f 5441 5491 5529
f 14349 2053 5457
f 14405 14370 14446
f 14486 14526 14525
f 5444 5405 5495
f 14466 14444 14467
f 5538 5537 5454
f 5417 5536 5416
f 5505 5538 5419
f 1964 5464 2087
f 5489 5440 5528
f 13010 13040 13039
f 5467 5466 5429
f 5539 5507 5455
f 5478 5477 5386
f 5439 5362 5488
f 13085 13086 13174
f 14405 14446 14445
f 14444 14405 14445
f 5465 2030 2060
f 5361 5439 5487
f 2097 2096 2046
f 14228 14260 14300
f 2065 2089 2034
f 13521 13446 13484
f 5466 5465 5429
f 5540 5422 5295
f 13889 13931 13930
f 12999 14349 2107
f 13661 13623 13662
f 5400 5401 5525
f 14445 14446 14468
f 14522 14466 14523
f 2063 2088 2062
f 14468 14487 14486
f 14150 14036 14188
f 5534 5499 5368
f 5436 5485 5524
f 5484 5436 5524
f 5499 5533 5412
f 14444 14445 14467
f 13039 13086 13085
f 2088 5476 2061
f 13446 13447 13484
f 5411 5532 5448
f 5476 5475 5385
f 5475 5474 5385
f 14526 5 14525
f 5474 5473 5434
f 5532 5531 5498
f 2108 14349 5457
f 5433 5472 5432
f 5470 5382 5306
f 14418 14456 14455
f 5531 5530 5498
f 5471 5384 5308
f 10764 13065 13064
f 2053 2055 2109
f 14445 14468 14486
f 14523 14466 14507
f 2055 2056 2111
f 14507 14466 14467
f 2056 2082 2112
f 2106 2081 14522
f 13833 13931 13889
f 14467 14445 14485
f 5496 5495 5445
f 2096 2146 2074
f 2082 2083 2113
f 2041 2069 2126
f 13064 14307 14306
f 14445 14486 14485
f 5495 5494 5444
f 5390 5391 5523
f 5490 5528 5440
f 14188 14036 14229
f 14418 14380 14381
f 2068 2093 2124
f 2107 14349 2108
f 2038 2068 2124
f 13009 13010 13039
f 5457 2053 5509
f 5488 5487 5439
f 5438 5527 5401
f 14344 14381 14380
f 2126 5388 2143
f 5527 5526 5401
f 5513 5467 12225
f 5526 5525 5401
f 14426 14500 14499
f 5 13010 13009
f 13173 13174 14426
f 2091 2067 2123
f 2084 2085 2115
f 12250 14456 14457
f 14499 14500 10764
f 2113 5424 5458
f 2091 2123 5481
f 2085 2086 2116
f 13447 5468 5552
f 14507 14467 14508
f 5460 5426 5510
f 14523 14507 14524
f 14418 14419 14456
f 5462 5463 5511
f 13085 13174 13173
f 5463 2114 5511
f 2026 2027 2117
f 5466 5467 5513
f 2110 2109 2055
f 2111 2110 2055
f 14306 14307 2129
f 2129 14307 12999
f 14522 14523 14539
f 2112 2111 2056
f 2072 2073 2145
f 14467 14485 14508
f 2113 2112 2082
f 2106 14522 5108
f 2108 5457 5509
f 5536 5417 5580
f 5503 5342 5583
f 5417 5451 5581
f 14418 14381 14419
f 2000 2001 2066
f 5451 5502 5581
f 5502 5503 5582
f 2041 2125 2039
f 5478 5310 5521
f 14525 14542 14486
f 2125 2093 2039
f 13521 13484 13522
f 14525 5 14542
f 14507 14508 14524
f 14260 14301 14300
f 10822 10764 13064
f 13662 13623 5624
f 2096 2097 2147
f 5465 5466 5512
f 2109 5509 2053
f 14539 14523 14524
f 2065 2090 2089
f 2144 2143 5388
f 13038 13039 13085
f 1998 2064 2122
f 5499 5534 5578
f 2063 1998 2121
f 2088 2063 2120
f 14344 14300 14381
f 5468 5353 5469
f 5540 5295 5584
f 2092 2123 2067
f 2115 2114 2084
f 5295 5508 5584
f 2075 2098 2149
f 14542 14485 14486
f 2088 2119 5476
f 13173 14426 14425
f 14229 14261 14260
f 2098 2099 2149
f 2116 2115 2085
f 5449 5533 5577
f 13623 13521 5624
f 2059 2116 2086
f 5532 5411 5576
f 2042 2070 5585
f 5353 5382 5469
f 5475 5476 5520
f 5108 14522 14539
f 13009 13039 13038
f 5461 5510 5426
f 13833 13753 13834
f 5472 5433 5518
f 5511 5461 5462
f 2073 5541 5586
f 14425 14426 14499
f 5471 5432 5517
f 4 5 13009
f 5431 5383 5514
f 5481 5522 5480
f 13931 13995 13930
f 5423 2146 5587
f 13063 13064 14306
f 14458 12225 12250
f 2118 2028 1963
f 14541 14508 14485
f 2029 2118 1963
f 2077 2101 2151
f 2087 2029 1993
f 2145 2127 2072
f 14499 10764 10822
f 5513 5512 5466
f 5491 5492 5572
f 13484 13447 5552
f 5492 5493 5573
f 5537 5504 5453
f 13084 13085 13173
f 5479 5521 5310
f 5493 5494 5575
f 5504 5583 5342
f 14524 14508 14541
f 5581 5580 5417
f 14036 14189 14229
f 14542 5 4
f 5579 5414 5501
f 2128 14306 2129
f 5512 2030 5465
f 2078 2079 2152
f 14260 14261 14301
f 14539 14524 14540
f 10822 13064 13063
f 14541 14485 14542
f 13038 13085 13084
f 14419 14457 14456
f 2089 2122 2064
f 2122 2121 1998
f 5437 5400 5525
f 2121 2120 2063
f 2120 2119 2088
f 2149 2148 2075
f 5468 5469 5552
f 5399 5486 5571
f 5108 14539 14305
f 5485 5360 5568
f 2094 5584 5508
f 13930 13995 14036
f 5395 5484 5566
f 5360 5398 5569
f 2129 12999 2107
f 2079 2104 2154
f 12250 14457 14476
f 5483 5395 5565
f 2119 5520 5476
f 5449 5576 5411
f 5585 2094 2042
f 2100 2099 2047
f 13692 13662 13663
f 14524 14541 14540
f 5576 5531 5532
f 13172 13173 14425
f 5520 5519 5475
f 5519 5474 5475
f 5473 5518 5433
f 2150 2100 2076
f 5472 5517 5432
f 14229 14189 14261
f 5586 2145 2073
f 2107 2108 2132
f 5471 5516 5384
f 5384 5515 5383
f 14305 14539 14540
f 5515 5514 5383
f 4 13009 13008
f 5587 5541 5423
f 13008 13009 13038
f 14541 14542 4
f 5391 5482 5564
f 13084 13173 13172
f 14381 14420 14419
f 2133 2108 5509
f 13063 14306 2128
f 13753 13692 13663
f 5572 5529 5491
f 5573 5572 5492
f 5574 5573 5493
f 5575 5574 5493
f 14547 14499 10822
f 2152 2103 2078
f 14300 14345 14381
f 14425 14499 14498
f 13037 13038 13084
f 5509 2109 2133
f 2153 2152 2079
f 5487 5527 5438
f 2154 2153 2079
f 2114 2115 2135
f 2123 2092 2140
f 13522 13484 5551
f 2105 2154 2104
f 13008 13038 13037
f 5571 5398 5399
f 5524 5566 5484
f 5567 5524 5485
f 13172 14425 14424
f 2106 5108 5588
f 5568 5567 5485
f 14541 4 1
f 5570 5569 5398
f 5569 5568 5360
f 2114 2134 5511
f 5566 5565 5395
f 2123 2140 5481
f 5458 5459 5542
f 14305 14540 10665
f 5459 5460 5543
f 14547 10822 13063
f 14540 14541 1
f 5510 5461 5544
f 5483 5482 5393
f 14419 14420 14457
f 2059 2026 2136
f 5461 5511 5546
f 2132 2131 2107
f 13834 13753 13754
f 2133 2132 2108
f 1 4 13008
f 5522 5481 2190
f 2027 2028 2137
f 5589 5108 14305
f 14301 14345 14300
f 5512 5513 5549
f 2129 2107 2130
f 14424 14425 14498
f 13521 13522 5624
f 5479 5480 5562
f 13005 13008 13037
f 14381 14345 14420
f 14547 14498 14499
f 5501 5415 5616
f 5583 5504 5617
f 2126 2142 2041
f 2142 2125 2041
f 13484 5552 5551
f 13080 13084 13172
f 5505 5506 5618
f 2146 2096 2178
f 5506 5507 5619
f 13037 13084 13080
f 14540 1 10665
f 2090 2066 2139
f 5413 5500 5615
f 2131 2130 2107
f 13753 13663 13754
f 5477 5478 5560
f 5535 5413 5615
f 5390 2194 2144
f 5455 5456 5539
f 2001 5477 5559
f 2030 5512 5547
f 5588 2105 2106
f 1 13008 13005
f 2089 2090 2138
f 2147 2097 2179
f 13833 13834 13931
f 5534 5369 5578
f 2097 2075 2148
f 5589 14305 10665
f 13054 13063 2128
f 2037 2141 2092
f 2135 2134 2114
f 2141 2140 2092
f 5533 5499 5578
f 12250 14476 14458
f 5542 2164 5458
f 5576 5449 5613
f 5543 5542 5459
f 13005 13037 13036
f 5589 5588 5108
f 2099 2100 2180
f 14547 13063 13054
f 5510 5543 5460
f 2134 5546 5511
f 5519 5520 5558
f 5474 5519 5557
f 5473 5474 5556
f 5518 5473 5556
f 2140 2190 5481
f 5545 5544 5461
f 5472 5518 5555
f 5517 5472 5554
f 5546 5545 5461
f 13171 13172 14424
f 5516 5471 5553
f 2117 2136 2026
f 5550 5549 5513
f 2076 2077 2181
f 2137 2117 2027
f 2118 2137 2028
f 5522 5562 5480
f 2101 2102 2182
f 13036 13037 13080
f 5562 5561 5479
f 14301 14261 14345
f 5536 5616 5415
f 5537 5617 5504
f 5575 5494 5611
f 5561 5521 5479
f 13080 13172 13171
f 5616 5579 5501
f 5490 5441 5610
f 5583 5582 5503
f 5619 5618 5506
f 5539 5619 5507
f 5549 5548 5512
f 5488 5489 5608
f 2139 2138 2090
f 2147 2178 2096
f 2103 2152 2184
f 5620 5539 5456
f 5560 5559 5477
f 5547 5464 2030
f 10665 1 13035
f 13035 1 13005
f 5559 2066 2001
f 5422 5620 5456
f 5548 5547 5512
f 14497 14498 14547
f 2148 2179 2097
f 2153 2154 2185
f 5589 10665 13004
f 2154 2105 2185
f 14424 14498 14497
f 13035 13005 13036
f 5533 5614 5577
f 5568 5569 5605
f 5569 5570 5606
f 5577 5613 5449
f 13522 5551 5598
f 2119 5558 5520
f 5558 5557 5519
f 5557 5556 5474
f 13004 10665 13035
f 5556 5555 5518
f 13171 14424 14386
f 5482 5483 5604
f 5555 5554 5472
f 14036 14067 14189
f 5517 5553 5471
f 2131 2132 2158
f 5470 5469 5382
f 2132 2133 2159
f 2181 2150 2076
f 5516 5515 5384
f 2128 2129 2155
f 2109 2110 2161
f 2157 2129 2130
f 2110 2111 2162
f 13036 13080 13079
f 2109 2160 2133
f 5391 5564 5563
f 2111 2112 2162
f 5496 5612 5495
f 14386 14424 14497
f 2183 2182 2102
f 2112 2113 2163
f 13079 13080 13171
f 2128 5592 13054
f 5513 12225 14385
f 5495 5611 5494
f 5591 14547 13054
f 5529 5610 5441
f 2142 2126 2177
f 13004 13035 5589
f 2184 2102 2103
f 13662 5624 13663
f 5528 5609 5489
f 13035 13036 13079
f 5609 5608 5489
f 14457 14420 14476
f 2105 5588 2186
f 2164 2113 5458
f 5608 5487 5488
f 2185 2152 2153
f 13754 13663 13723
f 13834 13932 13931
f 5588 5589 5622
f 2186 2185 2105
f 5526 5607 5525
f 13079 13171 13170
f 13170 13171 14386
f 2134 2135 2165
f 2140 2141 2174
f 13931 13932 13995
f 5591 14497 14547
f 5571 5570 5398
f 5606 5605 5569
f 5605 5567 5568
f 2115 2116 2167
f 2140 2174 2190
f 5565 5604 5483
f 5543 5510 5593
f 2134 2165 5546
f 2116 2059 2169
f 2157 2156 2129
f 2059 2136 2169
f 2159 2158 2132
f 5545 5546 5594
f 5622 5589 13035
f 2156 2155 2129
f 14261 14346 14345
f 5592 2128 2155
f 2131 2157 2130
f 2162 2161 2110
f 5562 5522 5603
f 2137 2118 2029
f 2163 2162 2112
f 13522 5598 5624
f 2143 2177 2126
f 5563 5523 5391
f 5549 5550 5596
f 5617 5537 5657
f 5581 5502 5655
f 5583 5617 5656
f 5537 5538 5658
f 14458 14459 12225
f 5478 5521 5602
f 5548 5549 5596
f 13035 13079 13078
f 5592 5591 13054
f 2139 2066 2173
f 2029 2087 5595
f 5523 2194 5390
f 2178 2147 2195
f 2125 2176 2093
f 2176 2124 2093
f 14386 14497 5590
f 13078 13079 13170
f 5622 5621 5588
f 13995 14067 14036
f 5621 2186 5588
f 5533 5578 5651
f 2166 2165 2135
f 5552 5469 5598
f 2115 2166 2135
f 2119 2120 2171
f 5584 2094 5660
f 5613 5577 5614
f 2119 2170 5558
f 13170 14386 5669
f 2168 2167 2116
f 2094 5585 5662
f 5531 5576 5650
f 2070 2127 5663
f 5585 2070 5662
f 5544 5593 5510
f 5557 5558 5601
f 2169 2168 2116
f 5622 13035 13078
f 2127 2145 5663
f 2100 2150 2180
f 5530 5531 5650
f 5517 5554 5600
f 2145 5586 5664
f 2165 5594 5546
f 5515 5516 5599
f 2077 2151 2181
f 14189 14262 14261
f 5496 5530 5647
f 2151 2101 2182
f 5591 5590 14497
f 5603 5561 5562
f 5575 5611 5646
f 5574 5575 5645
f 5572 5573 5644
f 5573 5574 5644
f 5529 5572 5643
f 5610 5529 5643
f 5658 5657 5537
f 2137 2029 5595
f 5654 5414 5579
f 5582 5655 5502
f 5656 5582 5583
f 5561 5602 5521
f 5659 5538 5505
f 5618 5659 5505
f 5669 14386 5590
f 14420 14458 14476
f 5615 5653 5535
f 5597 5596 5550
f 5487 5608 5642
f 5535 5652 5369
f 14067 14230 14189
f 5527 5487 5641
f 5652 5578 5369
f 2138 2172 2089
f 2152 2185 2196
f 5526 5527 5639
f 5598 5551 5552
f 14385 5550 5513
f 2185 2186 2197
f 5437 5525 5607
f 5486 5437 5637
f 2121 2171 2120
f 5651 5614 5533
f 5571 5486 5637
f 2171 2170 2119
f 5566 5524 5635
f 5524 5567 5635
f 5567 5605 5636
f 12225 14459 14423
f 5613 5650 5576
f 2180 2149 2099
f 5662 5661 2094
f 2170 5601 5558
f 5663 5662 2070
f 2157 2131 2201
f 5557 5555 5556
f 2156 2157 2200
f 5664 5663 2145
f 5555 5600 5554
f 5650 5649 5530
f 5600 5553 5517
f 2155 2156 2199
f 5668 13078 13170
f 5665 5586 5541
f 5553 5599 5516
f 5649 5648 5530
f 5648 5647 5530
f 2109 2161 2203
f 5647 5612 5496
f 14345 14421 14420
f 2155 2198 5592
f 2143 2144 2193
f 5646 5645 5575
f 2193 2144 2194
f 5591 5592 5672
f 5645 5644 5574
f 14189 14230 14262
f 5644 5643 5572
f 5668 13170 5669
f 2163 2113 2164
f 2184 2183 2102
f 5610 5528 5490
f 5668 5622 13078
f 2194 5523 2218
f 5621 5622 5666
f 2186 5621 2197
f 5642 5641 5487
f 14346 14382 14345
f 2196 2184 2152
f 2038 2124 2191
f 2037 2038 2191
f 5641 5640 5527
f 5640 5639 5527
f 5590 5591 5671
f 5639 5607 5526
f 2197 2196 2185
f 5607 5638 5437
f 2141 2037 2174
f 2165 2166 2204
f 2115 2167 2206
f 5636 5635 5567
f 14420 14421 14458
f 2164 5542 2233
f 5566 5604 5565
f 14067 14190 14230
f 2158 2202 2131
f 2202 2201 2131
f 5593 5544 5673
f 2201 2200 2157
f 2200 2199 2156
f 5544 5545 5674
f 5624 5598 5625
f 5545 5594 5674
f 2160 2159 2133
f 5670 5669 5590
f 5604 5564 5482
f 2199 2198 2155
f 2203 2160 2109
f 13723 13663 5623
f 5522 2190 2212
f 2198 5672 5592
f 14345 14382 14421
f 5668 5667 5622
f 5580 5581 5701
f 5536 5580 5700
f 5667 5666 5622
f 5617 5657 5703
f 5656 5617 5703
f 5582 5656 5702
f 5672 5671 5591
f 12225 14423 14385
f 13663 5624 5623
f 5666 2197 5621
f 5560 5478 5634
f 5535 5653 5652
f 2176 2192 2124
f 5548 5596 5676
f 5559 5560 5633
f 5547 5548 5675
f 5596 5597 5676
f 5620 5422 5705
f 2066 5559 5633
f 2172 2138 2189
f 13754 13723 13755
f 2191 2175 2037
f 5671 5670 5590
f 2089 2172 2188
f 2122 2089 2188
f 2175 2174 2037
f 2148 2149 2220
f 14262 14302 14261
f 2121 2122 2188
f 13754 13835 13834
f 2205 2204 2166
f 2171 2121 2187
f 2206 2166 2115
f 5543 2233 5542
f 5662 5663 5706
f 2204 5594 2165
f 5663 5664 5706
f 5555 5557 5630
f 5674 5673 5544
f 5600 5555 5629
f 5553 5600 5628
f 5586 5665 5707
f 5599 5553 5627
f 5514 5515 5626
f 13995 14037 14067
f 5541 5587 5665
f 5587 2146 2302
f 5495 5612 5697
f 2212 5603 5522
f 5611 5495 5697
f 14261 14302 14346
f 5646 5611 5696
f 14421 14459 14458
f 5701 5700 5580
f 5703 5702 5656
f 5654 5450 5414
f 5659 5658 5538
f 2178 2219 2146
f 5602 5634 5478
f 5609 5528 5695
f 5704 5619 5539
f 2139 2189 2138
f 2179 2195 2147
f 5675 5464 5547
f 13723 5623 5678
f 5676 5675 5548
f 2189 2188 2172
f 5677 5676 5597
f 14382 14422 14421
f 5699 5614 5651
f 2188 2187 2121
f 13834 13835 13932
f 14265 5597 5550
f 5635 5636 5693
f 5636 5605 5693
f 5605 5606 5694
f 13723 5678 13755
f 5661 5660 2094
f 5613 5698 5650
f 5604 5566 5692
f 2201 2202 2226
f 2202 2158 2227
f 2200 2201 2225
f 14262 14230 14302
f 5632 5631 5557
f 2199 2200 2224
f 5601 5632 5557
f 5631 5630 5557
f 2158 2159 2228
f 5630 5629 5555
f 5629 5628 5600
f 2159 2160 2229
f 5707 5664 5586
f 5628 5627 5553
f 5514 5470 5431
f 13754 13755 13789
f 2160 2203 2230
f 14421 14422 14459
f 2203 2161 2230
f 5647 5697 5612
f 2193 2194 2217
f 2219 2302 2146
f 2223 2197 5666
f 2161 2162 2231
f 2221 2151 2182
f 13754 13789 13835
f 2162 2163 2231
f 2183 2221 2182
f 5671 5672 5710
f 5668 5669 5708
f 2177 2143 2216
f 5672 2198 5710
f 5523 5563 2218
f 5667 5668 2251
f 5666 5667 2250
f 5670 5671 5709
f 2222 2183 2184
f 5669 5670 5709
f 14346 14383 14382
f 2125 2142 2215
f 2176 2125 2215
f 2191 2124 2214
f 2174 2175 2213
f 2223 2196 2197
f 2204 2205 2234
f 2205 2166 2236
f 2190 2174 2212
f 5694 5693 5605
f 2166 2206 2237
f 2204 2234 5594
f 5635 5692 5566
f 14382 14383 14422
f 2227 2226 2202
f 2226 2225 2201
f 14302 14347 14346
f 2225 2224 2200
f 2224 2198 2199
f 2228 2227 2158
f 2229 2228 2159
f 2230 2229 2160
f 2136 2117 2238
f 5603 2212 5691
f 2223 5666 2250
f 13995 13932 14037
f 5561 5603 5690
f 2193 2216 2143
f 5708 2251 5668
f 5616 5536 5750
f 5710 5709 5671
f 5709 5708 5669
f 5579 5616 5749
f 5701 5581 5751
f 5711 5710 2198
f 2164 2232 2163
f 5702 5703 5752
f 2251 2250 5667
f 5703 5657 5753
f 5657 5658 5753
f 5450 5654 5748
f 5500 5450 2411
f 5659 5618 5754
f 2177 2215 2142
f 2137 5595 5712
f 5615 5500 2411
f 5618 5619 5756
f 14422 14423 14459
f 5653 5615 2411
f 2139 2173 2211
f 5595 2087 5714
f 14346 14347 14383
f 5560 5634 5688
f 2087 5464 5715
f 14230 14263 14302
f 2189 2139 2210
f 5422 5540 5757
f 14304 5550 14385
f 5676 5677 5718
f 2187 2188 2208
f 2235 2234 2205
f 2170 2171 2207
f 2236 2235 2205
f 2237 2236 2166
f 5598 5469 5679
f 2149 2180 2247
f 5649 5650 5698
f 5661 5662 5759
f 2168 2206 2167
f 5632 5601 5687
f 5597 14265 5677
f 5629 5630 5685
f 5628 5629 5685
f 5627 5628 5684
f 14067 14113 14190
f 5648 5649 5698
f 14302 14263 14347
f 5599 5627 5682
f 14037 14113 14067
f 5626 5515 5681
f 5515 5599 5682
f 5647 5648 5746
f 14383 14423 14422
f 5611 5697 5745
f 5691 5690 5603
f 5696 5611 5744
f 5645 5646 5742
f 5700 5750 5536
f 5644 5645 5742
f 5750 5749 5616
f 5690 5689 5561
f 5749 5654 5579
f 5655 5751 5581
f 5643 5644 5740
f 5753 5752 5703
f 5610 5643 5739
f 5528 5610 5739
f 5748 2411 5450
f 5754 5658 5659
f 5755 5754 5618
f 5712 2117 2137
f 5756 5755 5618
f 5713 5712 5595
f 5704 5756 5619
f 14304 14265 5550
f 2211 2210 2139
f 5688 5633 5560
f 5715 5714 2087
f 5716 5464 5675
f 2184 2196 2248
f 2189 2209 2188
f 5717 5675 5676
f 2246 2179 2148
f 5757 5705 5422
f 5747 5651 5578
f 5718 5717 5676
f 2209 2208 2188
f 2220 2246 2148
f 5584 5757 5540
f 5637 5437 5638
f 2187 2207 2171
f 5571 5637 5738
f 5570 5571 5738
f 14347 14384 14383
f 5635 5693 5734
f 5693 5694 5734
f 5614 5698 5613
f 5606 5570 5736
f 5694 5606 5735
f 5692 5635 5733
f 5758 5660 5661
f 2226 2227 2252
f 5759 5758 5661
f 2170 5687 5601
f 5706 5759 5662
f 2227 2228 2253
f 5632 5686 5631
f 5686 5630 5631
f 5685 5684 5628
f 5698 5746 5648
f 5684 5683 5627
f 14383 14384 14423
f 5683 5682 5627
f 2229 2230 2254
f 5626 5680 5514
f 5682 5681 5515
f 2302 5665 5587
f 5563 5564 5732
f 2230 2161 2255
f 2161 2231 2255
f 5745 5744 5611
f 2221 2181 2151
f 5696 5743 5646
f 5743 5742 5646
f 2231 2163 2232
f 5742 5741 5644
f 14037 14068 14113
f 2218 5563 5731
f 5709 5710 5760
f 5741 5740 5644
f 5710 5711 5761
f 5740 5739 5643
f 5739 5695 5528
f 14263 14348 14347
f 14230 14190 14263
f 2192 2176 2245
f 2124 2192 2214
f 14347 14348 14384
f 2249 2248 2196
f 2256 2233 5543
f 2213 2175 2244
f 2256 5543 5593
f 5738 5737 5570
f 2235 2236 2258
f 5735 5734 5694
f 5737 5736 5570
f 2212 2174 2243
f 5734 5733 5635
f 5736 5735 5606
f 2252 2225 2226
f 14384 14385 14423
f 2253 2252 2227
f 2212 2243 5691
f 2229 2253 2228
f 5677 14265 5718
f 14037 13932 14068
f 2198 2224 5711
f 5604 5732 5564
f 2169 2136 2259
f 2136 2238 2259
f 2218 2217 2194
f 5732 5731 5563
f 14263 14303 14348
f 5761 5760 5710
f 5658 5754 5783
f 13789 5795 13835
f 5634 5602 5730
f 13789 13755 5795
f 14348 14385 14384
f 2178 2195 2276
f 5653 2411 5652
f 2215 2245 2176
f 2195 2179 2278
f 2209 2189 2242
f 5623 5624 5719
f 5717 5718 5763
f 2187 2208 2240
f 2207 2187 2240
f 2257 2234 2235
f 2258 2257 2235
f 2213 2243 2174
f 2207 2239 2170
f 5679 5469 5720
f 5687 2170 5728
f 2234 5762 5594
f 5759 5706 5785
f 5706 5664 5785
f 5630 5686 5727
f 5685 5630 5726
f 5684 5685 5726
f 5664 5707 5786
f 2180 2150 2279
f 5683 5684 5725
f 5470 5514 5721
f 5762 5674 5594
f 5514 5680 5722
f 5682 5683 5724
f 2150 2181 2279
f 2259 2168 2169
f 14190 14231 14263
f 5697 5647 5779
f 14348 14304 14385
f 14303 14304 14348
f 5743 5696 5778
f 14263 14231 14303
f 2221 2183 2280
f 5782 5751 5655
f 5582 5782 5655
f 2183 2222 2280
f 5702 5782 5582
f 5689 5602 5561
f 5783 5753 5658
f 2276 2219 2178
f 2184 2248 2222
f 5608 5609 5777
f 2277 2276 2195
f 2278 2277 2195
f 5784 5539 5620
f 5705 5784 5620
f 5716 5715 5464
f 5652 5781 5578
f 2246 2278 2179
f 2210 2242 2189
f 5781 5747 5578
f 5633 2173 2066
f 2209 2241 2208
f 2173 5729 2211
f 2241 2240 2208
f 5719 5678 5623
f 5625 5719 5624
f 5679 5625 5598
f 5638 5607 2409
f 2240 2239 2207
f 2223 2250 2281
f 2247 2220 2149
f 2250 2251 2281
f 5734 5735 5774
f 5736 5737 5776
f 5733 5734 5774
f 5735 5736 5775
f 5614 5780 5698
f 2224 2225 2285
f 2239 5728 2170
f 5687 5686 5632
f 13835 13933 13932
f 2253 2229 2288
f 2229 2254 2288
f 5786 5785 5664
f 5727 5726 5630
f 5726 5725 5684
f 5721 5469 5470
f 5722 5721 5514
f 5724 5723 5682
f 5725 5724 5683
f 5723 5681 5682
f 2224 2284 5711
f 5787 5707 5665
f 2254 2230 2289
f 5746 5779 5647
f 5779 5745 5697
f 2217 2218 2275
f 2221 2279 2181
f 2230 2255 2289
f 2282 2251 5708
f 5744 5778 5696
f 2255 2231 2290
f 2193 2217 2274
f 14231 14304 14303
f 5708 5709 5788
f 5761 5711 5789
f 2215 2177 2272
f 5777 5642 5608
f 5718 14233 5763
f 2214 2192 2271
f 5718 14265 14233
f 2213 2244 2269
f 2234 2257 2292
f 2291 5593 5673
f 2282 2281 2251
f 5776 5775 5736
f 5775 5774 5735
f 2257 2258 2292
f 2243 2213 2268
f 2258 2236 2293
f 2285 2284 2224
f 2286 2285 2225
f 2252 2286 2225
f 14113 14191 14190
f 2253 2287 2252
f 2243 2268 5691
f 5673 5674 2291
f 2284 2283 5711
f 5773 5732 5604
f 2206 2168 5790
f 2168 2259 5790
f 2282 5708 5788
f 5690 5691 5772
f 2290 2289 2255
f 2275 2274 2217
f 14190 14191 14231
f 14231 14264 14304
f 2274 2216 2193
f 2238 2318 2259
f 5700 5701 5825
f 5760 5788 5709
f 5795 13755 5764
f 5789 5760 5761
f 5782 5702 5826
f 5702 5752 5827
f 5752 5753 5783
f 2238 2117 5791
f 2216 2273 2177
f 5730 5602 5770
f 2117 5712 5791
f 5712 5713 5792
f 2273 2272 2177
f 5731 2275 2218
f 14304 14264 14265
f 5713 5595 5793
f 5678 5764 13755
f 2210 2211 2267
f 2173 5633 5769
f 13932 13933 14068
f 2242 2210 2265
f 2241 2209 2263
f 2209 2242 2264
f 2291 2256 5593
f 2191 2244 2175
f 2239 2240 2261
f 2220 2247 2304
f 2239 2260 5728
f 2269 2268 2213
f 2293 2292 2258
f 2237 2293 2236
f 2247 2180 2305
f 5758 5759 5829
f 5687 5728 2260
f 5686 5687 5768
f 5727 5686 5767
f 5746 5698 5823
f 5725 5726 5766
f 2180 2279 2305
f 5724 5725 5766
f 2268 5772 5691
f 2237 2206 5790
f 5744 5745 5821
f 5778 5744 5821
f 5743 5778 5820
f 14264 14233 14265
f 5742 5743 5819
f 5690 5771 5689
f 14231 14232 14264
f 14113 14151 14191
f 5751 5825 5701
f 5741 5742 5818
f 5824 5748 5654
f 5828 5827 5752
f 5783 5828 5752
f 5791 2318 2238
f 5689 5770 5602
f 5739 5740 5817
f 5695 5739 5817
f 14191 14232 14231
f 5792 5791 5712
f 5730 5688 5634
f 5714 5793 5595
f 5784 5704 5539
f 2267 2266 2210
f 2267 2211 5729
f 5719 5764 5678
f 5640 5641 5814
f 5717 5716 5675
f 2266 2265 2210
f 5639 5640 5814
f 2265 2264 2242
f 2264 2263 2209
f 2220 2303 2246
f 2241 2262 2240
f 2249 2196 2306
f 2262 2261 2240
f 2196 2223 2307
f 2261 2260 2239
f 14264 14232 14233
f 5738 5637 5813
f 2223 2281 2308
f 2281 2282 2308
f 5737 5738 5812
f 5776 5737 5810
f 5692 5733 5809
f 5780 5823 5698
f 2286 2252 2287
f 5785 5829 5759
f 5604 5692 5808
f 2287 2253 2309
f 2260 5768 5687
f 5768 5767 5686
f 5773 5604 5808
f 5721 5720 5469
f 5727 5766 5726
f 5766 5765 5724
f 5765 5723 5724
f 5787 5786 5707
f 5763 14233 14193
f 5732 5773 5807
f 2302 5787 5665
f 5779 5822 5745
f 2254 2289 2310
f 5822 5821 5745
f 5763 14193 5794
f 14191 14192 14232
f 2259 5835 5790
f 5820 5819 5743
f 14113 14068 14151
f 5818 5740 5741
f 5788 5760 5830
f 14151 14192 14191
f 5817 5816 5695
f 5816 5609 5695
f 5815 5641 5642
f 2191 2214 2270
f 2307 2306 2196
f 2234 2292 2314
f 2269 2244 2301
f 2308 2307 2223
f 5812 5811 5737
f 5811 5810 5737
f 5810 5775 5776
f 14232 14193 14233
f 2268 2269 2300
f 2292 2293 2316
f 5809 5808 5692
f 2288 2309 2253
f 2268 2300 5772
f 2310 2288 2254
f 14232 14192 14193
f 2259 2318 5835
f 2293 2237 5833
f 2311 2290 2231
f 13835 5879 13933
f 5771 5690 5806
f 2237 5790 5834
f 5750 5700 5863
f 2232 2311 2231
f 5654 5749 5824
f 5830 2282 5788
f 2302 2219 2332
f 5789 5831 5760
f 5826 5702 5827
f 2283 5789 5711
f 5828 5783 5864
f 2411 5748 2412
f 5770 5689 5771
f 2313 2312 2164
f 2219 2276 2333
f 5754 5755 5865
f 2331 2275 5731
f 2233 2313 2164
f 5756 5704 5866
f 5704 5784 5867
f 5633 5688 5805
f 5747 5781 5861
f 5763 5794 5838
f 2245 2271 2192
f 14151 14152 14192
f 2278 2246 2335
f 5651 5747 5860
f 2263 2264 2298
f 5729 2173 5804
f 5717 5763 5837
f 2271 2270 2214
f 2262 2241 2297
f 2220 2304 2303
f 5699 5651 5860
f 2261 2262 2296
f 2270 2244 2191
f 2260 2261 2295
f 14068 14152 14151
f 2315 2314 2292
f 5625 5679 5796
f 2316 2315 2292
f 2234 2314 5762
f 5584 5660 5869
f 2301 2300 2269
f 5829 5785 5870
f 5727 5767 5800
f 5785 5786 5870
f 5768 2260 5802
f 5767 5768 5801
f 5786 5787 5871
f 5626 5681 5798
f 5787 2302 2372
f 14152 14193 14192
f 5795 5879 13835
f 5832 2316 2293
f 2279 2221 2336
f 5833 5832 2293
f 5772 5806 5690
f 5794 14193 14153
f 5834 5833 2237
f 13933 14038 14068
f 5825 5863 5700
f 5742 5819 5858
f 5835 5834 5790
f 2221 2280 2337
f 5817 5740 5857
f 5865 5783 5754
f 5609 5816 5856
f 5866 5755 5756
f 2222 2248 2338
f 5777 5609 5856
f 5836 5792 5713
f 5867 5866 5704
f 5642 5777 5856
f 5793 5836 5713
f 2278 2334 2277
f 5805 5769 5633
f 5815 5642 5855
f 5652 5862 5781
f 5862 5861 5781
f 2267 2299 2266
f 5839 5838 5794
f 2299 2265 2266
f 5838 5837 5763
f 5837 5716 5717
f 5769 5804 2173
f 2265 2298 2264
f 2303 2335 2246
f 5868 5705 5757
f 5607 5639 5854
f 2263 2297 2241
f 2297 2296 2262
f 2296 2295 2261
f 5794 14153 5839
f 5796 5719 5625
f 5637 5638 5813
f 5869 5757 5584
f 5812 5738 5853
f 5811 5812 5852
f 5775 5810 5851
f 5810 5811 5851
f 5774 5775 5850
f 2284 2285 2340
f 5733 5774 5850
f 2285 2286 2341
f 14068 14114 14152
f 2295 5803 2260
f 5823 5859 5746
f 2287 2309 2342
f 5800 5799 5727
f 5801 5800 5767
f 5807 5773 2451
f 5802 5801 5768
f 5859 5779 5746
f 5871 5870 5786
f 5803 5802 2260
f 5799 5766 5727
f 5723 5798 5681
f 5798 5797 5626
f 5797 5680 5626
f 14152 14153 14193
f 2289 2290 2344
f 2337 2336 2221
f 5858 5818 5742
f 2232 2164 2312
f 2308 2282 5872
f 2282 5830 5872
f 2273 2216 2329
f 5857 5816 5817
f 2339 2338 2248
f 5856 5855 5642
f 2245 2215 2327
f 5815 5814 5641
f 13933 13996 14038
f 5814 5854 5639
f 2409 5813 5638
f 14114 14153 14152
f 5813 5853 5738
f 5851 5850 5775
f 5852 5851 5811
f 5795 5880 5879
f 2300 2301 2324
f 5850 5809 5733
f 2341 2340 2285
f 2287 2341 2286
f 14038 14069 14068
f 5808 2451 5773
f 2343 2309 2288
f 5674 5762 2385
f 14068 14069 14114
f 2310 2343 2288
f 2300 2323 5772
f 2344 2310 2289
f 2316 5832 5873
f 2330 2274 2275
f 5849 5731 5732
f 5750 5863 5915
f 5749 5750 5913
f 5751 5782 5917
f 5834 5835 5874
f 2345 2311 2232
f 5748 5824 2412
f 2274 2329 2216
f 2312 2345 2232
f 5831 5830 5760
f 5827 5828 5918
f 5783 5865 5919
f 5770 5771 5848
f 5688 5730 5847
f 2328 2272 2273
f 2276 2277 2334
f 5861 5862 5911
f 2299 2267 2322
f 5839 14153 14115
f 5715 5716 5875
f 5747 5861 5910
f 2265 2299 2320
f 5838 5839 5877
f 5716 5837 5876
f 5839 14115 14071
f 2245 2326 2271
f 2267 5729 5845
f 5795 5764 5881
f 14114 14115 14153
f 2297 2263 2319
f 2325 2244 2270
f 5614 5699 5909
f 5780 5614 5908
f 2244 2324 2301
f 5879 2364 13933
f 2291 5674 2385
f 2324 2323 2300
f 2247 2305 2354
f 5660 5758 5869
f 5758 5829 5920
f 5829 5870 5920
f 5799 5800 5843
f 5870 5871 5921
f 5766 5799 5842
f 5801 5802 5844
f 5765 5766 5841
f 5723 5765 5840
f 5680 5797 5883
f 5722 5680 5882
f 5797 5798 5884
f 14069 14115 14114
f 5873 2315 2316
f 5878 5839 14071
f 5778 5821 5906
f 5833 5873 5832
f 14038 14039 14069
f 5914 5913 5750
f 5825 5915 5863
f 5915 5914 5750
f 5917 5916 5751
f 5913 5824 5749
f 5806 5848 5771
f 13996 14039 14038
f 2337 2280 2356
f 2318 5874 5835
f 13933 2364 13996
f 5740 5818 5857
f 2280 2222 2356
f 5919 5864 5783
f 5864 5918 5828
f 5770 5847 5730
f 2435 5652 2411
f 5847 5846 5688
f 5846 5805 5688
f 2335 2334 2278
f 5912 5862 5652
f 5877 5837 5838
f 2322 2321 2299
f 5911 5910 5861
f 2321 2320 2299
f 2322 2267 5845
f 5910 5860 5747
f 5881 5880 5795
f 2298 2319 2263
f 5860 5909 5699
f 5909 5908 5614
f 5908 5907 5780
f 2283 2284 2357
f 5852 5812 5905
f 5851 5852 5905
f 2354 2304 2247
f 5920 5869 5758
f 14070 14071 14115
f 5801 5843 5800
f 5842 5841 5766
f 5803 5844 5802
f 5883 5882 5680
f 5882 5721 5722
f 5841 5840 5765
f 5878 5877 5839
f 5723 5884 5798
f 5732 5807 5849
f 2248 2249 2339
f 14069 14070 14115
f 2338 2356 2222
f 2328 2273 2329
f 2313 2233 2361
f 2346 5878 14071
f 2233 2256 2361
f 14039 14070 14069
f 2215 2272 2352
f 2346 14071 14070
f 2327 2215 2352
f 2326 2245 2327
f 5854 2410 5607
f 2410 2409 5607
f 2270 2271 2325
f 2244 2325 2351
f 2358 2357 2284
f 5853 5905 5812
f 2324 2244 2351
f 2340 2358 2284
f 5851 2405 5850
f 5850 5904 5809
f 5904 5808 5809
f 2342 2341 2287
f 2359 2342 2309
f 2343 2359 2309
f 2310 2360 2343
f 2353 2330 2275
f 13996 13997 14039
f 5772 2323 5903
f 5873 5833 5922
f 5806 5772 5903
f 2306 2339 2249
f 5833 5834 5923
f 5825 5751 5916
f 5917 5782 5946
f 5834 5874 5924
f 5849 2331 5731
f 14070 14039 2346
f 2219 2333 2332
f 5847 5770 5901
f 5865 5755 5948
f 2276 2334 2333
f 5755 5866 5948
f 2364 13997 13996
f 2321 2322 2350
f 5837 5877 5885
f 2320 2321 2350
f 5804 5769 5900
f 5881 5764 5888
f 2265 2320 2348
f 5764 5719 5888
f 5729 5804 5898
f 2298 2265 2347
f 5880 5881 5887
f 5845 5729 5898
f 2319 2298 2347
f 2326 2325 2271
f 2304 2354 2375
f 14039 2363 2346
f 5679 5720 5889
f 5796 5679 5889
f 5869 5920 5950
f 5920 5870 5950
f 2362 5877 5878
f 5799 5843 5895
f 5720 5721 5890
f 2305 2279 2355
f 5840 5841 5894
f 5721 5882 5891
f 5787 2372 5951
f 2324 5903 2323
f 2346 2362 5878
f 5903 5902 5806
f 5923 5922 5833
f 2373 2372 2302
f 5924 5923 5834
f 2332 2373 2302
f 5826 5946 5782
f 5818 5858 5944
f 5857 5818 5944
f 5947 5918 5864
f 5848 5901 5770
f 5919 5947 5864
f 5948 5919 5865
f 2363 14039 13997
f 2338 2339 2378
f 5925 5836 5793
f 5885 5876 5837
f 5876 5875 5716
f 2350 2322 5845
f 5814 5815 2434
f 5949 5784 5705
f 5886 5885 5877
f 5854 5814 2434
f 2350 2349 2320
f 5868 5949 5705
f 5900 5899 5804
f 2349 2348 2320
f 5910 5945 5860
f 5888 5887 5881
f 5899 5898 5804
f 2348 2347 2265
f 2362 5886 5877
f 5887 5879 5880
f 2375 2303 2304
f 2363 13997 2364
f 5853 5813 5943
f 2283 2357 2379
f 5905 5853 5942
f 5851 5905 5942
f 2363 2362 2346
f 2355 2354 2305
f 5921 5950 5870
f 5895 5842 5799
f 5896 5895 5843
f 2295 5897 5803
f 2275 2331 2353
f 5842 5894 5841
f 5801 5896 5843
f 2376 2355 2279
f 5891 5890 5721
f 2336 2376 2279
f 5884 5892 5797
f 5892 5883 5797
f 5844 5896 5801
f 5951 5871 5787
f 5840 5893 5723
f 5893 5884 5723
f 2310 2344 2381
f 5906 5820 5778
f 2344 2290 2382
f 2377 2336 2337
f 2306 2307 5952
f 2290 2311 2383
f 2307 2308 5953
f 2311 2345 2383
f 5830 5831 5954
f 5789 2283 2379
f 2378 2356 2338
f 2312 2313 2384
f 5857 5856 5816
f 2313 2361 2384
f 2352 2272 2328
f 2409 2408 5813
f 2380 2379 2357
f 2358 2380 2357
f 5943 2430 5853
f 2430 5942 5853
f 5942 2406 5851
f 2406 2405 5851
f 2405 5904 5850
f 2371 2353 2331
f 2360 2359 2343
f 2381 2360 2310
f 2314 2315 2443
f 2382 2381 2344
f 2315 5873 5955
f 5903 2324 5940
f 5873 5922 5955
f 5902 5903 5940
f 5922 5923 5957
f 5915 5825 5988
f 2383 2382 2290
f 5923 5924 5958
f 5953 5952 2307
f 5872 5953 2308
f 2330 2329 2274
f 5924 5874 5958
f 5954 5872 5830
f 2379 5831 5789
f 5874 2318 5959
f 5901 5848 5939
f 2318 5791 5960
f 2363 2364 2366
f 5791 5792 5961
f 5652 2435 5912
f 5846 5847 5938
f 5805 5846 5937
f 2362 2363 2365
f 2370 2350 5845
f 2349 2350 2369
f 5876 5885 5926
f 5885 5886 5927
f 2362 5928 5886
f 2348 2349 2368
f 2335 2303 2391
f 5845 5898 2370
f 2296 2297 2367
f 2295 2296 2367
f 5879 5887 5929
f 5757 5869 5990
f 5823 5780 5986
f 5779 5859 5985
f 5720 5890 5930
f 5822 5779 5984
f 5842 5895 5935
f 5894 5842 5934
f 5840 5894 5933
f 5883 5892 5931
f 5892 5884 5932
f 5821 5822 5983
f 5893 5840 5933
f 5906 5821 5982
f 5955 2443 2315
f 5820 5906 5981
f 5956 5955 5922
f 5819 5820 5981
f 5957 5956 5922
f 5916 5988 5825
f 5958 5957 5923
f 2337 2356 2392
f 5806 5939 5848
f 5959 5958 5874
f 5960 5959 2318
f 5948 5989 5919
f 5961 5960 5791
f 5901 5938 5847
f 5836 5961 5792
f 5938 5937 5846
f 2366 2365 2363
f 5912 5987 5862
f 5815 5855 2502
f 5987 5911 5862
f 2370 2369 2350
f 2374 2334 2335
f 5805 5936 5769
f 2369 2368 2349
f 5936 5900 5769
f 5927 5926 5885
f 2362 2365 5928
f 5928 5927 5886
f 2375 2391 2303
f 5899 2370 5898
f 5943 5813 2407
f 2319 2367 2297
f 5929 2364 5879
f 5907 5986 5780
f 5950 5990 5869
f 5808 5904 2429
f 5823 5985 5859
f 2342 2359 2394
f 2451 5808 2429
f 5930 5889 5720
f 5985 5984 5779
f 5935 5934 5842
f 5896 5935 5895
f 5934 5933 5894
f 5931 5882 5883
f 5983 5982 5821
f 5893 5932 5884
f 5849 5807 5941
f 5981 5858 5819
f 2331 5849 2371
f 2345 2312 2396
f 5831 2379 5954
f 2328 2329 2390
f 5980 5855 5856
f 2256 2291 2398
f 2326 2327 2389
f 2408 2407 5813
f 2430 2406 5942
f 2324 2351 2387
f 2393 2358 2340
f 2341 2393 2340
f 2405 2429 5904
f 2324 2387 5940
f 2395 2359 2360
f 2451 5941 5807
f 5762 2314 2423
f 5902 5940 5979
f 5916 5917 6007
f 5806 5902 5978
f 5941 2371 5849
f 5824 5913 6005
f 5946 5826 6008
f 2332 2333 2414
f 2333 2334 2414
f 5938 5901 5977
f 2397 2361 2256
f 2398 2397 2256
f 5867 5784 6011
f 5714 5715 2497
f 2374 2335 2391
f 2365 2400 5928
f 5899 5900 5976
f 5927 5928 5962
f 5868 5757 6012
f 5888 5719 5966
f 5887 5888 5965
f 2325 2388 2351
f 2399 2385 5762
f 5929 5887 5964
f 5719 5796 5967
f 2388 2387 2351
f 2364 5929 5963
f 2375 2354 2416
f 2354 2355 2417
f 5950 5921 6013
f 2399 5762 2423
f 5897 2295 5975
f 5822 5984 5983
f 5871 5951 6014
f 5844 5803 5974
f 5896 5844 5973
f 5933 5934 5972
f 5882 5931 5968
f 5893 5933 5970
f 5931 5892 5969
f 5932 5893 5970
f 2387 5979 5940
f 2376 2336 2418
f 2443 2423 2314
f 2336 2377 2418
f 5979 5978 5902
f 6007 6006 5916
f 5946 6007 5917
f 2413 2373 2332
f 5827 6008 5826
f 2414 2413 2332
f 5947 6009 5918
f 5857 5944 5980
f 5856 5857 5980
f 5939 5977 5901
f 5855 5980 6002
f 6010 5866 5867
f 2502 5855 6002
f 5912 6004 5987
f 6011 6010 5867
f 6004 5911 5987
f 2366 2400 2365
f 5937 5936 5805
f 2370 2368 2369
f 5815 2502 2434
f 5936 5976 5900
f 2368 2386 2348
f 5911 5945 5910
f 5926 5875 5876
f 6012 5949 5868
f 2386 2347 2348
f 5945 5909 5860
f 2410 5854 2433
f 2400 5962 5928
f 2415 2391 2375
f 5965 5964 5887
f 5966 5965 5888
f 5909 5907 5908
f 5963 2366 2364
f 2430 5943 2407
f 5967 5966 5719
f 5964 5963 5929
f 2380 2358 2419
f 5889 5967 5796
f 2417 2416 2354
f 2341 2342 2420
f 5986 5985 5823
f 2367 5975 2295
f 6014 5921 5871
f 5935 5972 5934
f 5974 5973 5844
f 5897 5974 5803
f 5972 5971 5933
f 5891 5930 5890
f 5968 5891 5882
f 5932 5969 5892
f 2360 2381 2421
f 2382 2383 2422
f 2383 2345 2422
f 2392 2377 2337
f 2329 2330 2404
f 2411 2412 2436
f 2396 2312 2384
f 2378 2392 2356
f 2361 2397 2384
f 6003 6002 5980
f 2434 2433 5854
f 2325 2326 2402
f 2388 2325 2402
f 2393 2419 2358
f 2394 2420 2342
f 2387 2388 5979
f 2341 2420 2393
f 2421 2395 2360
f 2423 2443 2442
f 2382 2421 2381
f 5955 5956 6016
f 5956 5957 6016
f 5952 2339 2306
f 5988 5916 6006
f 5913 5914 6049
f 6007 5946 6050
f 2396 2422 2345
f 5957 5958 6017
f 2404 2390 2329
f 2437 2436 2412
f 2380 6015 2379
f 2436 2435 2411
f 2412 5824 2437
f 5827 5918 6009
f 5947 5919 6051
f 5960 5961 6018
f 2414 2334 2374
f 5989 5948 6053
f 5948 5866 6053
f 5937 5938 6001
f 5912 2435 6048
f 5925 5793 6019
f 5936 5937 6000
f 5793 5714 6019
f 5911 6004 6047
f 2368 2370 2401
f 2497 5715 2498
f 2386 2368 2401
f 5715 5875 2498
f 2352 2403 2327
f 5949 6012 6054
f 5927 5962 5991
f 5962 2400 5992
f 2370 5899 5999
f 2400 2366 5993
f 2366 5963 5993
f 5757 5990 6055
f 6013 5921 6014
f 5983 5984 6046
f 2355 2376 2438
f 5974 5897 5997
f 5972 5935 5996
f 2409 2410 2408
f 5982 5983 6045
f 5951 2372 2481
f 5970 5933 5995
f 5932 5970 5994
f 5981 5906 6043
f 5858 5981 6042
f 6049 6005 5913
f 6008 6050 5946
f 6009 6008 5827
f 5959 6017 5958
f 5989 6051 5919
f 5836 6018 5961
f 6053 6052 5989
f 6010 6053 5866
f 6048 6004 5912
f 6001 6000 5937
f 6020 6019 5714
f 2497 6020 5714
f 2434 2502 2458
f 2431 2430 2407
f 6047 5945 5911
f 5949 6011 5784
f 2401 2370 5998
f 5992 5991 5962
f 5993 5992 2400
f 5999 5998 2370
f 6055 6012 5757
f 2373 2459 2372
f 2416 2415 2375
f 2420 2394 2439
f 6013 5990 5950
f 2394 2359 2439
f 5985 6046 5984
f 5975 5997 5897
f 2438 2417 2355
f 2353 2371 2428
f 2481 6014 5951
f 5971 5995 5933
f 5896 5996 5935
f 2459 2481 2372
f 2418 2438 2376
f 5982 6044 5906
f 2432 2407 2408
f 2330 2353 2427
f 6044 6043 5906
f 6043 6042 5981
f 6042 5944 5858
f 5954 2379 6057
f 2379 6015 6057
f 2352 2328 2426
f 2403 2352 2425
f 2389 2327 2403
f 2392 2378 2489
f 2428 2427 2353
f 2476 2371 5941
f 5955 6016 6059
f 5978 5979 6041
f 2427 2404 2330
f 5915 5988 6080
f 6016 5957 6060
f 5914 5915 6079
f 6049 5914 6078
f 5806 5978 6039
f 2373 2413 2460
f 2422 2440 2382
f 2437 5824 6005
f 6058 2419 2393
f 2419 6015 2380
f 5939 5806 6038
f 6017 5959 2579
f 2420 6058 2393
f 5977 5939 6036
f 5947 6051 6081
f 5959 5960 6062
f 5960 6018 6062
f 5938 5977 6036
f 2390 2426 2328
f 5836 5925 2525
f 5991 5992 6022
f 5949 6054 6011
f 5926 5927 6021
f 2441 2291 2385
f 2374 2391 2462
f 2399 2441 2385
f 5992 5993 6022
f 2347 2386 2424
f 2391 2415 2462
f 5993 5963 6023
f 5964 5965 6024
f 5963 5964 6024
f 5986 5907 6077
f 2415 2416 2463
f 2416 2417 2463
f 5967 5889 6025
f 5985 5986 6076
f 5990 6013 6082
f 5975 2367 6034
f 5973 5974 6033
f 5971 5972 6030
f 5896 5973 6032
f 5996 5896 6031
f 6044 5982 6074
f 5968 5931 6026
f 5931 5969 6028
f 5969 5932 6029
f 2430 2431 2456
f 6059 2443 5955
f 2406 2430 2456
f 6041 6040 5978
f 6060 6059 6016
f 6080 6079 5915
f 6040 6039 5978
f 2405 2406 2455
f 6079 6078 5914
f 2460 2459 2373
f 6006 6080 5988
f 6061 6060 5957
f 5944 6042 6073
f 6017 6061 5957
f 2429 2405 2453
f 6039 6038 5806
f 6038 6037 5939
f 6037 6036 5939
f 6081 6009 5947
f 6062 2579 5959
f 6052 6051 5989
f 2525 6018 5836
f 6036 6001 5938
f 2494 5925 6019
f 5991 6021 5927
f 5976 6035 5899
f 6035 5999 5899
f 6023 6022 5993
f 5909 6077 5907
f 6024 6023 5963
f 6025 5966 5967
f 6077 6076 5986
f 6082 6055 5990
f 6076 6075 5985
f 6046 6045 5983
f 2388 2448 5979
f 5997 6033 5974
f 5891 5889 5930
f 6033 6032 5973
f 2433 2457 2410
f 5996 6030 5972
f 6032 6031 5896
f 2457 2408 2410
f 6045 6074 5982
f 2395 2421 2464
f 6026 5891 5968
f 6027 6026 5931
f 6028 6027 5931
f 5994 6029 5932
f 6029 6028 5969
f 2448 6041 5979
f 2432 2431 2407
f 2339 5952 6083
f 5952 5953 6084
f 6073 6072 5944
f 5953 5872 6085
f 2454 2453 2405
f 5872 5954 6085
f 5954 6057 6086
f 6072 5980 5944
f 2453 2452 2429
f 2452 2451 2429
f 6071 6003 5980
f 2359 2395 2439
f 2402 2326 2450
f 2442 2443 2466
f 2447 6040 6041
f 6056 2378 2339
f 2465 2421 2382
f 6039 6040 6070
f 6060 6061 6087
f 6049 6078 6112
f 6007 6050 6114
f 6005 6049 2540
f 6084 6083 5952
f 6085 6084 5953
f 6086 6085 5954
f 6001 6036 6069
f 2414 2374 2482
f 2525 5925 2512
f 6053 6010 6116
f 5925 2494 2512
f 2426 2425 2352
f 6019 6020 2495
f 6020 2497 2495
f 5976 5936 2621
f 2386 2401 2445
f 5875 5926 2499
f 6021 5991 6089
f 5991 6022 6089
f 2424 2386 2445
f 5909 5945 6111
f 2389 2450 2326
f 2462 2415 2483
f 2319 2347 2444
f 5965 5966 6091
f 5966 6025 6092
f 2367 2319 6068
f 2449 2448 2388
f 2463 2417 2485
f 2434 2458 2480
f 6034 2367 6067
f 6033 5997 6066
f 2448 2447 6041
f 5889 5891 6093
f 5995 5971 6064
f 6030 5996 6065
f 2438 2418 2486
f 5994 5970 6063
f 2432 2408 2479
f 5891 6026 6094
f 2447 6070 6040
f 6043 6044 6109
f 6087 6059 6060
f 6112 2540 6049
f 6007 6113 6006
f 6113 6080 6006
f 6088 6087 6061
f 6008 6114 6050
f 2377 2392 2488
f 6017 6088 6061
f 6009 6115 6008
f 5980 6072 6071
f 2482 2413 2414
f 2451 2452 2477
f 6002 6003 6108
f 2436 6048 2435
f 6048 6047 6004
f 6116 6052 6053
f 6069 6000 6001
f 6000 2621 5936
f 2446 2445 2401
f 2462 2461 2374
f 6090 6089 6022
f 2401 5998 2446
f 6023 6090 6022
f 6111 6110 5909
f 2424 2444 2347
f 6091 6024 5965
f 6110 6077 5909
f 6092 6091 5966
f 2463 2484 2415
f 2428 2371 2475
f 6068 6067 2367
f 6075 6046 5985
f 2480 2433 2434
f 6030 6064 5971
f 6031 6065 5996
f 5995 6063 5970
f 2457 2479 2408
f 2427 2428 2474
f 5941 2451 2476
f 2478 2431 2432
f 6109 6042 6043
f 2371 2476 2475
f 2487 2418 2377
f 2488 2487 2377
f 6084 6085 6117
f 2455 2454 2405
f 2436 2437 2503
f 2390 2404 2472
f 6057 6015 2508
f 2489 2488 2392
f 6071 6108 6003
f 2477 2476 2451
f 2291 2441 2493
f 2503 2437 6005
f 2389 2403 2470
f 2423 2442 2399
f 2448 2449 2468
f 2447 2448 2467
f 2466 2443 6059
f 2447 2467 6070
f 2465 2490 2421
f 2491 2465 2382
f 6083 6056 2339
f 6039 6070 6107
f 2440 2491 2382
f 2481 2459 2504
f 6079 6080 6130
f 2459 2460 2505
f 2460 2413 2506
f 6038 6039 6106
f 2421 2490 2464
f 6088 6017 2556
f 2473 2472 2404
f 2521 6086 6057
f 2419 2508 6015
f 2508 2521 6057
f 2384 2492 2396
f 6017 2579 2556
f 6009 6081 6131
f 2495 2494 6019
f 6036 6037 6069
f 2471 2426 2390
f 2374 2461 2482
f 2496 2495 2497
f 6010 6011 6132
f 2493 2398 2291
f 5945 6047 6128
f 6011 6054 6133
f 2499 5926 2514
f 5926 6021 2515
f 6021 6089 2515
f 6023 6024 6095
f 6090 6023 6095
f 2470 2469 2389
f 6024 6091 6096
f 2402 2449 2388
f 6091 6092 6097
f 6046 6075 6126
f 6025 5889 6098
f 6013 6014 6135
f 5997 5975 6034
f 2417 2438 2507
f 6066 5997 6104
f 6032 6033 6066
f 2438 2486 2507
f 6064 6030 6103
f 5995 6064 6102
f 6026 6027 6100
f 2467 6107 6070
f 6027 6028 6029
f 2478 2432 2501
f 2431 2478 2456
f 6107 6106 6039
f 6129 6078 6079
f 6130 6129 6079
f 2506 2505 2460
f 6115 6114 6008
f 6106 6105 6038
f 2540 2503 6005
f 6071 6072 6124
f 2482 2506 2413
f 6131 6115 6009
f 6105 6037 6038
f 6108 6071 6123
f 2518 6048 2436
f 2499 2498 5875
f 2502 6002 2537
f 6132 6116 6010
f 6128 6111 5945
f 2515 2514 5926
f 6096 6095 6024
f 6134 6054 6012
f 2504 6014 2481
f 2484 2483 2415
f 6097 6096 6091
f 6076 6126 6075
f 2444 6068 2319
f 2428 2475 2474
f 6135 6082 6013
f 6093 6098 5889
f 6046 6125 6045
f 2507 2485 2417
f 6034 6104 5997
f 6125 6074 6045
f 6099 6093 5891
f 6065 6103 6030
f 6103 6102 6064
f 6094 6099 5891
f 6100 6094 6026
f 6101 6100 6027
f 6029 6101 6027
f 2479 2501 2432
f 2501 2456 2478
f 2404 2427 2473
f 2456 2455 2406
f 6083 6084 6136
f 6073 6124 6072
f 6085 6086 2547
f 6086 2521 2547
f 2508 2419 2523
f 2390 2472 2471
f 2439 2395 2608
f 2384 2397 2509
f 2397 2398 2510
f 2398 2493 2510
f 2441 2399 2511
f 2467 2448 2468
f 2442 2466 2524
f 2466 6059 2553
f 2504 2459 2505
f 6080 6113 6130
f 6113 6007 6162
f 2540 6112 2565
f 6088 2556 6137
f 6117 6136 6084
f 2547 6117 6085
f 2503 2519 2436
f 2519 2518 2436
f 6081 6051 6163
f 6062 6018 2581
f 2498 2499 2513
f 6051 6052 6164
f 6018 2525 2581
f 2510 2509 2397
f 2471 2425 2426
f 6089 6090 6118
f 6035 5976 2621
f 2425 2470 2403
f 6054 6134 6133
f 2511 2493 2441
f 2500 2450 2389
f 6076 6077 6160
f 2484 2463 2520
f 6055 6082 6012
f 6126 6076 6160
f 6125 6046 6159
f 2467 2468 6107
f 2524 2399 2442
f 6029 5994 6119
f 6042 6109 6157
f 6087 2553 6059
f 6114 6162 6007
f 6129 6112 6078
f 6137 6087 6088
f 2454 2455 2517
f 2453 2454 2517
f 2495 2512 2494
f 6123 6071 6124
f 6105 6122 6037
f 6122 6121 6037
f 6121 6069 6037
f 6164 6163 6051
f 2514 2513 2499
f 6116 6164 6052
f 6002 6108 2538
f 6161 6047 6048
f 6132 6165 6116
f 6118 2515 6089
f 6095 6118 6090
f 2483 2461 2462
f 6110 6127 6077
f 5998 6120 2446
f 6120 2445 2446
f 6127 6160 6077
f 6098 6092 6025
f 2485 2520 2463
f 6126 6159 6046
f 2504 6135 6014
f 6074 6158 6044
f 6063 6119 5994
f 6158 6109 6044
f 2479 2456 2501
f 2378 6056 2571
f 2487 2486 2418
f 2473 2427 2474
f 6157 6073 6042
f 6056 6083 2572
f 6136 6117 2546
f 6117 2547 2546
f 2517 2452 2453
f 2465 2491 2490
f 6058 2420 6166
f 2420 2439 6166
f 2538 2537 6002
f 2395 2464 2608
f 2522 2521 2508
f 2523 2522 2508
f 2449 2402 2450
f 2468 2449 2516
f 2570 2488 2489
f 2476 2531 2475
f 2571 2489 2378
f 2572 2571 6056
f 6136 2572 6083
f 2553 6087 6167
f 6162 6114 6179
f 6087 6137 6167
f 6105 6106 6156
f 2540 2539 2503
f 2492 2422 2396
f 2512 2495 2526
f 6115 6131 6180
f 2506 2482 2541
f 2495 2496 2527
f 6122 6105 6155
f 2579 6062 2580
f 6048 2518 6161
f 2608 6166 2439
f 6116 6165 6164
f 6000 6069 6154
f 2482 2461 2543
f 6165 6132 6181
f 6118 6095 6138
f 6095 6096 6138
f 6110 6111 6128
f 6096 6097 6139
f 2469 2500 2389
f 5998 5999 6153
f 6120 5998 6153
f 2445 6120 6152
f 2424 2445 6152
f 6092 6098 6140
f 2450 2516 2449
f 6012 6082 6183
f 6082 6135 6183
f 6098 6093 6142
f 6125 6159 6177
f 2485 2507 2544
f 6066 6104 6151
f 2457 2433 2536
f 6135 2504 6185
f 6032 6066 6149
f 6031 6032 6148
f 6102 6103 6146
f 6103 6065 6147
f 6065 6031 6148
f 6094 6100 6143
f 6100 6101 6145
f 2455 2456 2534
f 6107 6156 6106
f 6179 6113 6162
f 2477 2452 2533
f 2519 6178 2518
f 6163 6131 6081
f 6178 6161 2518
f 2498 2496 2497
f 2581 2580 6062
f 2476 2477 2533
f 6181 6164 6165
f 6011 6181 6132
f 6128 6127 6110
f 6139 6138 6096
f 6035 6153 5999
f 2505 6185 2504
f 2521 2522 2548
f 2522 2523 2549
f 6141 6140 6098
f 6142 6141 6098
f 2444 6067 6068
f 2544 2520 2485
f 6185 6184 6135
f 6151 6150 6066
f 6150 6149 6066
f 6125 6176 6074
f 2536 2479 2457
f 6149 6148 6032
f 6147 6146 6103
f 6144 6143 6100
f 6145 6144 6100
f 6029 6145 6101
f 2479 2535 2456
f 2535 2534 2456
f 2473 2474 2530
f 2487 2545 2486
f 6157 6175 6073
f 2572 6136 2603
f 6175 6124 6073
f 6136 2546 2603
f 2440 2422 2550
f 2534 2517 2455
f 2422 2492 2550
f 2523 2419 2575
f 2419 6058 2606
f 6124 2630 6123
f 6123 2538 6108
f 2533 2532 2476
f 2532 2531 2476
f 2490 2491 2464
f 2470 2425 2529
f 2503 2539 2519
f 2493 2511 2551
f 2399 2524 2511
f 2548 2547 2521
f 2468 2516 2528
f 2571 2570 2489
f 2468 6174 6107
f 2554 2553 6167
f 2555 6167 6137
f 2549 2523 2575
f 6156 6107 6174
f 2565 6112 2633
f 6112 6129 2633
f 6113 6179 6196
f 2565 2539 2540
f 6114 6115 2664
f 2505 2506 2566
f 6155 6105 6156
f 6178 2519 6195
f 2606 2575 2419
f 6166 2606 6058
f 2541 2482 2542
f 6161 6178 6194
f 2496 2498 2558
f 6069 6121 6172
f 2471 2529 2425
f 2621 6000 6171
f 2552 2511 2524
f 2483 2484 2568
f 6012 6183 6197
f 2484 2520 2568
f 6159 6126 6193
f 6183 6135 6198
f 6135 6184 6198
f 2553 2524 2466
f 2433 2480 2564
f 6104 6034 6151
f 2539 6195 2519
f 6185 2505 2598
f 2555 2554 6167
f 6158 6074 6176
f 6063 5995 6169
f 2468 2528 6174
f 2556 2555 6137
f 6109 6158 6192
f 6157 6109 6192
f 6196 6130 6113
f 2512 2557 2525
f 2664 6179 6114
f 6180 2664 6115
f 2541 2566 2506
f 2452 2517 2562
f 2533 2452 2562
f 2527 2526 2495
f 2557 2581 2525
f 6155 6173 6122
f 6173 6121 6122
f 2538 6123 2629
f 2543 2542 2482
f 6172 6154 6069
f 6154 6171 6000
f 2567 2543 2461
f 6133 6182 6011
f 2483 2567 2461
f 2546 2547 2573
f 2547 2548 2573
f 2548 2522 2574
f 6140 6097 6092
f 6160 6193 6126
f 6193 6177 6159
f 2487 2488 2569
f 6067 6170 6034
f 2488 2570 2601
f 6170 6151 6034
f 2474 2475 2531
f 2564 2536 2433
f 6148 6147 6065
f 6102 6169 5995
f 6143 6099 6094
f 6168 6145 6029
f 6119 6168 6029
f 2563 2535 2479
f 2569 2545 2487
f 2539 2565 2597
f 2630 2629 6123
f 2384 2509 2576
f 2529 2471 2561
f 2539 2597 6195
f 2500 2469 2560
f 2574 2573 2548
f 2549 2574 2522
f 2601 2569 2488
f 2555 2556 2578
f 6129 6130 2635
f 6178 6195 6215
f 6194 6178 6215
f 6161 6194 6214
f 2558 2498 2582
f 2498 2513 2582
f 2513 2514 2583
f 2514 2515 2585
f 6047 6161 6212
f 6128 6047 6212
f 6127 6128 6211
f 2470 2560 2469
f 6153 6035 6190
f 6120 6153 2618
f 6160 6127 6210
f 6097 6140 6139
f 6152 6120 2617
f 2424 6152 2617
f 6193 6160 6209
f 2577 2524 2553
f 2450 2559 2516
f 2559 2528 2516
f 6141 6142 6200
f 2480 2458 2595
f 6142 6093 6200
f 6176 6125 6208
f 6169 6102 6187
f 6147 6148 6189
f 6146 6147 6188
f 2579 2578 2556
f 6143 6144 6201
f 2507 2486 2600
f 6119 6063 6186
f 6175 6157 2690
f 2635 2634 6129
f 2634 2633 6129
f 2566 2598 2505
f 2597 6215 6195
f 6215 6214 6194
f 6216 6131 6163
f 2567 2483 2599
f 2558 2527 2496
f 6173 6191 6121
f 6217 6163 6164
f 6214 6213 6161
f 2583 2582 2513
f 6213 6212 6161
f 6191 6172 6121
f 2584 2583 2514
f 2585 2584 2514
f 2531 2532 2593
f 2515 6118 6199
f 2571 2572 2602
f 6138 6199 6118
f 2621 6190 6035
f 2546 2573 2604
f 6190 2618 6153
f 2618 2586 6120
f 2574 2549 2605
f 2586 2617 6120
f 2502 2595 2458
f 6200 6140 6141
f 2544 2568 2520
f 6177 6208 6125
f 6099 6200 6093
f 2600 2544 2507
f 2536 2563 2479
f 6146 6187 6102
f 6189 6188 6147
f 2474 2531 2591
f 6145 6201 6144
f 6169 6186 6063
f 2545 2600 2486
f 2530 2474 2591
f 2596 2538 2629
f 6192 2690 6157
f 2607 2606 6166
f 2597 2565 2631
f 2607 6166 2608
f 2492 2384 2609
f 2562 2594 2533
f 2472 2473 2589
f 2384 2576 2609
f 2471 2472 2589
f 2594 2532 2533
f 2568 2599 2483
f 2561 2471 2588
f 2602 2570 2571
f 2593 2592 2531
f 2470 2529 2561
f 2493 2551 2610
f 2491 2440 6218
f 2604 2603 2546
f 2574 2604 2573
f 2511 2552 2611
f 2552 2524 2612
f 2524 2577 2613
f 2559 2450 2587
f 2553 2554 2577
f 2450 2500 2623
f 2578 2579 2614
f 2633 2632 2565
f 6130 6196 2661
f 6196 6179 2662
f 2635 6130 2661
f 6179 2664 2663
f 2530 2590 2473
f 2512 2526 2615
f 6155 6156 6206
f 6180 6131 6227
f 2590 2589 2473
f 2541 2542 2636
f 6131 6216 6228
f 2589 2588 2471
f 2542 2543 2636
f 6128 6212 2695
f 2550 6218 2440
f 2543 2567 2637
f 2610 2510 2493
f 2702 2464 2491
f 6218 2702 2491
f 6199 6138 6219
f 6138 6139 6219
f 2611 2551 2511
f 2537 2538 2628
f 2612 2611 2552
f 2502 2537 2628
f 2595 2502 2628
f 2613 2612 2524
f 6197 6183 6229
f 2568 2544 2638
f 6183 6198 6229
f 2587 2450 2623
f 6151 6170 6205
f 2561 6207 2470
f 6184 6185 6230
f 6149 6150 6204
f 2563 2536 2627
f 6207 2560 2470
f 6185 2598 6230
f 6187 6146 6203
f 6189 6148 6149
f 6143 6201 6221
f 2535 2563 2627
f 6158 6176 2793
f 2560 2623 2500
f 6145 6168 6222
f 6168 6119 6222
f 2598 2566 6231
f 2580 2614 2579
f 2662 2661 6196
f 6124 6175 2689
f 2663 2662 6179
f 2615 2557 2512
f 2630 6124 2659
f 6227 2698 6180
f 2517 2534 2625
f 2616 2615 2526
f 2569 2601 2640
f 2636 2566 2541
f 6228 6227 6131
f 6217 6216 6163
f 6213 6226 6212
f 2637 2636 2543
f 2570 2602 2601
f 2695 6211 6128
f 2599 2637 2567
f 2602 2572 2641
f 2572 2603 2641
f 6211 2694 6127
f 6199 2585 2515
f 2694 6210 6127
f 2604 2574 2605
f 6197 6134 6012
f 6210 2693 6160
f 2693 6209 6160
f 2575 2606 2644
f 2606 2607 2644
f 2444 6170 6067
f 6184 6229 6198
f 2564 2627 2536
f 6151 6204 6150
f 2591 2531 2592
f 6221 6220 6143
f 2699 6230 2598
f 6188 6203 6146
f 2793 6192 6158
f 6231 2699 2598
f 2627 2626 2535
f 6202 6222 6119
f 6186 6202 6119
f 2626 2534 2535
f 2690 2689 6175
f 2632 2633 2634
f 2569 2639 2545
f 2689 2659 6124
f 2625 2562 2517
f 6232 2599 2568
f 2608 2464 2701
f 2509 2510 2645
f 2510 2610 2645
f 2642 2641 2603
f 2604 2642 2603
f 2643 2605 2549
f 2575 2643 2549
f 2528 2559 2622
f 6207 2561 6225
f 2554 2555 2646
f 2528 2622 6174
f 2580 2581 2647
f 2591 2624 2530
f 2581 2557 2647
f 2660 2634 2635
f 2632 2631 2565
f 2609 2550 2492
f 2566 2636 2665
f 6173 6155 2749
f 6214 6215 6246
f 6213 6214 6245
f 2527 2558 2649
f 2584 2585 2651
f 2583 2584 2650
f 6172 6191 6223
f 6164 6181 6247
f 6181 6011 6182
f 2620 6190 2621
f 2585 6199 6233
f 2619 2618 6190
f 6199 6219 6233
f 6139 6140 6234
f 6197 6229 6249
f 6193 6209 2692
f 2587 2622 2559
f 6140 6200 6235
f 2664 6180 2698
f 6229 6184 6250
f 6184 6230 6250
f 2578 2646 2555
f 2544 2600 2666
f 6231 2566 2665
f 2600 2545 2667
f 6174 6206 6156
f 2569 2640 2639
f 6206 2749 6155
f 2648 2616 2526
f 2597 6246 6215
f 2527 2648 2526
f 6246 6245 6214
f 6173 6224 6191
f 6224 6223 6191
f 2650 2582 2583
f 2651 2650 2584
f 6247 6217 6164
f 6226 2695 6212
f 2593 2532 2654
f 6223 6154 6172
f 2601 2602 2668
f 6248 6247 6181
f 6182 6248 6181
f 2620 2619 6190
f 6171 2653 2621
f 2602 2641 2670
f 2641 2642 2670
f 2596 2658 2538
f 2604 2605 2671
f 2617 2444 2424
f 2693 2692 6209
f 2643 2575 2672
f 6099 6235 6200
f 6205 6204 6151
f 2666 2638 2544
f 6220 6099 6143
f 6187 6186 6169
f 2657 2626 2627
f 6145 6236 6201
f 2591 2592 2624
f 2626 2656 2534
f 2639 2667 2545
f 2656 2655 2534
f 2590 2530 2624
f 2655 2625 2534
f 2597 2631 2696
f 2594 2654 2532
f 2638 6232 2568
f 2669 2668 2602
f 2670 2669 2602
f 2671 2642 2604
f 2612 2613 2674
f 2554 2646 2675
f 2560 6207 6244
f 2646 2578 2676
f 2623 2560 6242
f 2554 2675 2577
f 2661 2660 2635
f 2557 2615 2677
f 6228 6216 6263
f 6245 6246 6261
f 6213 6245 6261
f 6226 6213 2726
f 2558 2582 2678
f 2673 2576 2509
f 2695 6226 2726
f 2702 2701 2464
f 6211 2695 2724
f 6171 6154 2748
f 2629 2630 2688
f 2586 2618 2619
f 6219 6139 6237
f 2693 6210 2694
f 6134 6197 6249
f 2674 2611 2612
f 2691 2690 6192
f 6177 6193 2762
f 6170 2444 2679
f 2588 6225 2561
f 6235 6099 6238
f 6208 6177 6260
f 6176 6208 6259
f 2657 2627 2687
f 6225 6244 6207
f 6244 6243 2560
f 6221 6201 6239
f 2614 2676 2578
f 6145 6222 6240
f 6236 6145 6240
f 6243 6242 2560
f 2600 2667 2666
f 2675 2613 2577
f 2665 2636 6265
f 2636 2637 6265
f 2616 2677 2615
f 2562 2625 2686
f 6262 6227 6228
f 6263 6262 6228
f 2749 6224 6173
f 2649 2648 2527
f 2729 6261 6246
f 2637 2599 6266
f 6261 2727 6213
f 2727 2726 6213
f 2601 2668 2640
f 2726 2725 2695
f 2653 6171 2748
f 2692 2721 6193
f 2724 2723 6211
f 2592 2593 2685
f 2619 2652 2586
f 2652 2617 2586
f 2597 2729 6246
f 6237 6233 6219
f 2658 2628 2538
f 6249 6133 6134
f 6234 6237 6139
f 2691 6192 2793
f 2575 2644 2672
f 6235 6234 6140
f 2721 2762 6193
f 2595 2564 2480
f 2762 6260 6177
f 2679 2707 6170
f 2707 6205 6170
f 2564 2687 2627
f 6260 6259 6208
f 6220 6238 6099
f 6259 2793 6176
f 6149 6241 6189
f 6189 6203 6188
f 6236 6239 6201
f 2657 2656 2626
f 6265 6264 2665
f 2660 2661 2731
f 2661 2662 2731
f 2631 2632 2730
f 2663 2664 2732
f 2664 2698 2732
f 2696 2631 2697
f 2589 2590 2681
f 2686 2594 2562
f 6266 2599 6232
f 2670 2700 2669
f 2685 2684 2592
f 2671 2670 2642
f 2551 2611 2703
f 2643 2671 2605
f 2684 2683 2592
f 2683 2624 2592
f 2723 2694 6211
f 2611 2674 6267
f 2614 2580 2704
f 2623 6242 2711
f 2587 2623 2711
f 2622 2587 2709
f 2634 2730 2632
f 2730 2697 2631
f 6174 2622 6258
f 6206 6174 6258
f 2624 2682 2590
f 2696 2729 2597
f 2682 2681 2590
f 2698 6227 2770
f 2616 2648 2677
f 2727 6261 2766
f 2681 2588 2589
f 2689 2690 2720
f 6216 6217 6271
f 6223 6224 2786
f 2659 2689 2719
f 2620 2621 2653
f 6154 6223 2748
f 2699 2733 6230
f 2652 2619 2620
f 2651 2585 2706
f 2729 2728 6261
f 2723 2722 2694
f 2444 2617 2680
f 6235 6238 6251
f 6229 6250 6272
f 2728 2766 6261
f 6203 6189 6256
f 6267 2703 2611
f 6186 6187 6254
f 6202 6186 6253
f 2699 6231 2771
f 6231 2665 6264
f 2656 2657 2717
f 2647 2704 2580
f 2711 2710 2587
f 2710 2709 2587
f 2709 6258 2622
f 2667 2639 2734
f 2677 2705 2557
f 2625 2655 2716
f 6262 2770 6227
f 2639 2640 2734
f 6271 6263 6216
f 2720 2719 2689
f 2650 2678 2582
f 2706 2650 2651
f 2593 2654 2714
f 2786 2748 6223
f 2685 2593 2714
f 2670 2671 2737
f 6233 2706 2585
f 2680 2679 2444
f 6251 6234 6235
f 2644 2607 2739
f 2607 2608 2739
f 6230 6272 6250
f 6252 6238 6220
f 6221 6252 6220
f 6204 6257 6149
f 6257 6241 6149
f 6241 6256 6189
f 6203 6255 6187
f 6255 6254 6187
f 6254 6253 6186
f 6253 6222 6202
f 6264 2771 6231
f 2634 2660 2769
f 2730 2634 2769
f 2662 2663 2731
f 2656 2716 2655
f 2729 2696 2768
f 2728 2729 2767
f 2686 2715 2594
f 2715 2654 2594
f 2735 2640 2668
f 2673 2509 2741
f 2509 2645 2741
f 2772 6266 6232
f 2724 2695 2765
f 2736 2668 2669
f 2700 2736 2669
f 2638 2772 6232
f 2737 2700 2670
f 2728 2767 2766
f 2738 2671 2643
f 2693 2694 2764
f 2692 2693 2764
f 6225 2588 2712
f 2675 2646 2742
f 2683 2713 2624
f 6242 6243 2855
f 2704 2647 2743
f 2613 2675 6273
f 2647 2557 2705
f 6258 2709 2750
f 2733 2699 2771
f 6206 6258 2750
f 2740 2701 2702
f 2768 2767 2729
f 2690 2691 2720
f 2648 2649 2744
f 2558 2678 2649
f 2708 2653 2748
f 6217 6247 6271
f 6247 6248 6277
f 2688 2630 2761
f 6218 2740 2702
f 2745 2706 6233
f 2596 2629 2760
f 2724 2722 2723
f 2680 2617 2652
f 6233 6237 2781
f 2718 2628 2658
f 6237 6234 2782
f 6234 6251 6268
f 2764 2763 2692
f 6205 2707 2783
f 6272 6230 6278
f 2638 2666 2773
f 2703 2610 2551
f 2676 2742 2646
f 6230 2733 6278
f 2657 2687 2717
f 6244 2855 6243
f 6222 6253 6270
f 6273 2674 2613
f 6264 6265 6279
f 2705 2743 2647
f 6265 2637 6280
f 2750 2749 6206
f 2744 2677 2648
f 2686 2625 2716
f 2637 6266 6281
f 2714 2654 2757
f 2659 2761 2630
f 2688 2760 2629
f 2745 6233 2781
f 2760 2759 2596
f 2684 2685 2756
f 2759 2658 2596
f 2683 2684 2756
f 2782 2781 6237
f 2691 2793 2792
f 2628 2758 2595
f 2672 2644 2775
f 2773 2772 2638
f 2783 6204 6205
f 2608 2701 2776
f 6269 6239 6236
f 6256 6255 6203
f 6270 6240 6222
f 6279 2771 6264
f 6280 6279 6265
f 2660 2731 2799
f 2734 2666 2667
f 2769 2660 2799
f 2731 2663 2800
f 2697 2730 2798
f 2698 2770 2801
f 6281 6280 2637
f 2696 2697 2797
f 2768 2696 2797
f 2727 2766 2795
f 2681 2682 2755
f 2715 2757 2654
f 2735 2734 2640
f 2588 2681 2754
f 2736 2735 2668
f 2774 2737 2671
f 2550 2609 6282
f 2672 2738 2643
f 2764 2694 2722
f 2709 2710 2752
f 2692 2763 2721
f 2645 2610 2741
f 2610 2703 6283
f 6244 6225 6276
f 2753 2711 6242
f 2676 2614 2777
f 2674 6273 6284
f 2713 2682 2624
f 2769 2798 2730
f 2732 2800 2663
f 2801 2732 2698
f 2768 2796 2767
f 2767 2795 2766
f 6262 6263 6291
f 2795 2794 2727
f 2755 2754 2681
f 2794 2726 2727
f 2649 2678 2779
f 6271 6247 6277
f 2754 2712 2588
f 2650 2706 2780
f 2761 2659 2719
f 2725 2765 2695
f 2652 2620 2747
f 2576 6282 2609
f 2711 2752 2710
f 6249 6229 2906
f 2752 2751 2709
f 2751 2750 2709
f 2564 2595 2687
f 6283 2741 2610
f 6229 6272 6295
f 6238 6252 6286
f 2712 6276 6225
f 6259 6260 2897
f 6252 6221 6287
f 2753 6242 2855
f 6221 6239 6287
f 2777 2742 2676
f 6254 6255 6274
f 2773 2666 2802
f 6284 6267 2674
f 2666 2734 2803
f 2716 2656 2717
f 2778 2705 2677
f 2792 2791 2691
f 2791 2720 2691
f 2704 2777 2614
f 2779 2744 2649
f 2745 2780 2706
f 2685 2714 2790
f 2735 2736 2805
f 2747 2746 2652
f 2736 2700 2806
f 2700 2737 2807
f 2756 2685 2789
f 2774 2671 2738
f 6293 6133 6249
f 6268 2782 6234
f 2718 2758 2628
f 2906 6293 6249
f 6238 6285 6251
f 6294 2906 6229
f 6295 6294 6229
f 6278 6295 6272
f 6275 6256 6241
f 6274 6253 6254
f 2803 2802 2666
f 6280 2842 6279
f 2768 2797 2838
f 2795 2767 2837
f 2716 2715 2686
f 2735 2804 2734
f 2757 2790 2714
f 2725 2726 2835
f 2790 2789 2685
f 2806 2805 2736
f 2740 6218 2808
f 2807 2806 2700
f 6218 2550 2808
f 2774 2807 2737
f 2763 2764 2833
f 2775 2738 2672
f 2739 2775 2644
f 2721 2763 2832
f 2776 2739 2608
f 2762 2721 2831
f 2792 2793 2830
f 2840 2798 2769
f 2733 2771 2841
f 2749 2787 6224
f 2839 2797 2697
f 2838 2796 2768
f 2796 2837 2767
f 2762 2831 6260
f 6262 6291 2770
f 2777 2704 6298
f 2719 2720 2829
f 2653 2708 2785
f 2836 2835 2726
f 2678 2650 2811
f 2780 2745 2812
f 2745 2781 2813
f 2830 2793 6259
f 2781 2782 2813
f 2733 2841 6278
f 6248 6182 6305
f 2680 2652 2784
f 6182 6133 6305
f 2834 2722 2724
f 2814 2782 6268
f 6282 6296 2550
f 6133 6293 6292
f 2722 2833 2764
f 2673 6282 2576
f 6268 6251 2814
f 2753 2788 2711
f 2788 2752 2711
f 2833 2832 2763
f 2754 6276 2712
f 6252 6287 6286
f 2772 2773 2843
f 6204 2783 2815
f 6259 2897 2830
f 2717 2687 2826
f 6276 6290 6244
f 6241 6257 2851
f 6267 6297 2703
f 6269 6236 6288
f 2773 2802 2843
f 6290 2855 6244
f 6236 6240 6288
f 2771 6279 2842
f 2842 6280 6306
f 2786 2708 2748
f 2809 2677 2744
f 6280 6281 2878
f 2757 2715 2824
f 2743 6298 2704
f 6281 6266 2878
f 2810 2779 2678
f 2785 2620 2653
f 2735 2805 2804
f 2780 2811 2650
f 2813 2812 2745
f 2828 2761 2719
f 2814 2813 2782
f 6266 2772 6307
f 6305 6277 6248
f 2805 2806 2807
f 2746 2784 2652
f 2688 2759 2760
f 2831 2897 6260
f 6292 6305 6133
f 2683 2756 2823
f 6285 2814 6251
f 2758 2827 2595
f 6286 6285 6238
f 2827 2687 2595
f 2815 6257 6204
f 2851 6275 6241
f 6275 6255 6256
f 2701 2740 2848
f 6289 6288 6240
f 6270 6289 6240
f 2682 2713 2822
f 2825 2716 2717
f 2799 2731 2872
f 2844 2803 2734
f 2731 2800 2872
f 2732 2801 2873
f 2877 6306 6280
f 2801 2770 2874
f 2797 2839 2838
f 2796 2838 2870
f 2837 2796 2870
f 2804 2844 2734
f 2878 2877 6280
f 2824 2790 2757
f 6307 2878 6266
f 2845 2804 2805
f 2846 2845 2805
f 2807 2846 2805
f 2724 2765 2868
f 2673 2741 6308
f 2721 2832 2866
f 2750 2751 2820
f 2741 6283 6308
f 2749 2750 2820
f 2703 6297 6283
f 2848 2776 2701
f 6273 2675 6309
f 2799 2840 2769
f 2840 2871 2798
f 2841 2771 2876
f 2873 2800 2732
f 2874 2873 2801
f 2798 2839 2697
f 2875 2874 2770
f 2837 2869 2795
f 2708 2786 2819
f 2771 2842 2876
f 2869 2794 2795
f 2850 2743 2705
f 2786 6224 6304
f 6263 6271 6314
f 2678 2811 2810
f 2828 2719 2829
f 2620 2785 2818
f 6271 6277 6315
f 2747 2620 2818
f 2759 2688 2865
f 6296 2808 2550
f 2679 2680 2817
f 2834 2833 2722
f 2718 2658 2863
f 2707 2679 2816
f 2758 2718 2862
f 2821 2788 2753
f 2867 2832 2833
f 2827 2758 2862
f 2906 6294 2907
f 2866 2831 2721
f 6294 6295 2907
f 6295 6278 2948
f 6287 6239 6310
f 2849 2742 2777
f 6274 6255 6302
f 6253 6274 6300
f 6270 6253 6299
f 2849 2777 6298
f 6309 6284 6273
f 2742 6309 2675
f 2809 2778 2677
f 2819 2785 2708
f 2715 2716 2824
f 2791 2829 2720
f 2787 6304 6224
f 2789 2790 2859
f 6315 6314 6271
f 2818 2746 2747
f 2864 2658 2759
f 2823 2756 2858
f 2863 2862 2718
f 2775 2739 2880
f 2948 2907 6295
f 2815 2851 6257
f 6269 6310 6239
f 6275 6303 6255
f 6303 6302 6255
f 6302 6301 6274
f 6301 6300 6274
f 6299 6289 6270
f 6300 6299 6253
f 2861 2825 2717
f 6306 2876 2842
f 2826 2687 2827
f 2870 2838 2903
f 2755 2682 2856
f 2869 2837 2902
f 2860 2824 2716
f 2879 2844 2804
f 2754 2755 2856
f 2726 2794 2901
f 2843 2909 2772
f 2725 2835 2900
f 2774 2846 2807
f 2789 2858 2756
f 2909 6307 2772
f 2834 2724 2868
f 2808 6296 2920
f 2847 2774 2738
f 2833 2834 2868
f 2775 2847 2738
f 6282 2673 6316
f 2752 2788 2854
f 2832 2867 2899
f 2821 2753 2855
f 2683 2857 2713
f 6290 6276 3003
f 2808 2848 2740
f 2857 2822 2713
f 6267 6284 6317
f 2822 2856 2682
f 2872 2905 2799
f 6309 2742 2849
f 2871 2839 2798
f 2904 2838 2839
f 2870 2902 2837
f 2770 6291 2875
f 2744 2779 2809
f 6298 2743 2850
f 2779 2810 2881
f 2901 2836 2726
f 6263 6314 6291
f 2780 2812 2883
f 2812 2813 2883
f 2877 2878 2908
f 2900 2765 2725
f 2884 2814 6285
f 6305 6292 6323
f 2679 2817 2816
f 2868 2867 2833
f 2821 2854 2788
f 2854 2853 2752
f 2853 2751 2752
f 2815 2783 2852
f 2899 2866 2832
f 2754 6313 6276
f 6286 6287 6319
f 2830 2897 2976
f 6313 3003 6276
f 2820 2787 2749
f 6303 6275 6312
f 6288 6289 6311
f 2898 2897 2831
f 2843 2802 2911
f 6278 2841 2988
f 2841 2876 2988
f 6317 6297 6267
f 2802 2803 2912
f 6309 6317 6284
f 2860 2716 2825
f 6306 2877 6324
f 2844 2879 2914
f 2790 2824 2896
f 2881 2809 2779
f 2859 2790 2896
f 6304 2819 2786
f 2804 2845 2915
f 2882 2811 2780
f 2883 2882 2780
f 2845 2846 2916
f 2818 2784 2746
f 2761 2865 2688
f 2846 2774 2917
f 6307 2909 2950
f 2864 2863 2658
f 2823 2858 2894
f 2847 2775 2880
f 2924 2884 6285
f 2816 2783 2707
f 6286 2924 6285
f 2910 2909 2843
f 6319 6318 6286
f 2852 2851 2815
f 2911 2910 2843
f 6310 6319 6287
f 6311 6269 6288
f 2988 2948 6278
f 2912 2911 2802
f 2856 2822 2893
f 2913 2803 2844
f 2872 2800 2945
f 2840 2799 2943
f 2871 2840 2942
f 2800 2873 2946
f 2914 2913 2844
f 2839 2871 2941
f 2838 2904 2940
f 2873 2874 2947
f 2903 2838 2940
f 2908 6324 2877
f 2754 2856 2892
f 2794 2869 2938
f 2915 2879 2804
f 2895 2858 2789
f 6325 2878 6307
f 2868 2765 2900
f 2917 2916 2846
f 2918 2917 2774
f 2950 6325 6307
f 2919 2918 2774
f 2847 2919 2774
f 6296 6282 6327
f 6282 6316 6327
f 2673 6308 6328
f 2751 2853 2890
f 2823 2857 2683
f 2831 2866 2898
f 2787 2820 2889
f 6283 6297 6331
f 2897 2898 2936
f 2855 6290 3003
f 6317 6309 2849
f 2905 2944 2799
f 2945 2905 2872
f 2944 2943 2799
f 2946 2945 2800
f 2943 2942 2840
f 2942 2941 2871
f 2947 2946 2873
f 2941 2904 2839
f 2939 2902 2870
f 2903 2939 2870
f 2829 2791 2935
f 2938 2901 2794
f 2785 2819 2888
f 2810 2811 2921
f 2908 2878 2949
f 2883 2813 2923
f 2813 2814 2923
f 6277 6305 6338
f 2784 2818 2887
f 2759 2865 2864
f 2680 2784 2886
f 6327 6326 6296
f 6292 6293 6340
f 2891 2854 2821
f 6293 2906 6340
f 6328 6316 2673
f 6329 6328 6308
f 2899 2937 2866
f 2890 2820 2751
f 2851 2852 2885
f 2892 6313 2754
f 2937 2898 2866
f 6330 6308 6283
f 2821 2855 2891
f 6331 6330 6283
f 6269 6311 6332
f 2830 2976 6337
f 6302 6303 6321
f 2792 2830 6337
f 3003 2891 2855
f 2825 2861 2934
f 2876 6306 6341
f 2914 2879 2951
f 2896 2824 2933
f 2859 2896 2932
f 2921 2881 2810
f 6322 2819 6304
f 2789 2859 2931
f 2895 2789 2931
f 2922 2882 2883
f 2923 2922 2883
f 6338 6315 6277
f 2915 2845 2952
f 2884 2923 2814
f 2845 2916 2952
f 2916 2917 2953
f 2887 2886 2784
f 2886 2817 2680
f 2936 2976 2897
f 6339 6323 6292
f 6340 6339 6292
f 6318 2924 6286
f 2910 2950 2909
f 2739 2776 2954
f 2857 2823 2930
f 2776 2848 2955
f 2851 2998 6275
f 6332 6310 6269
f 2998 6312 6275
f 2826 2861 2717
f 2822 2857 2930
f 6321 6320 6302
f 6320 6301 6302
f 2848 2808 2957
f 6337 2791 2792
f 2913 2912 2803
f 2934 2860 2825
f 2951 2913 2914
f 2938 2869 2983
f 2939 2903 2940
f 2904 2941 2985
f 2860 2933 2824
f 2915 2951 2879
f 2901 2938 2981
f 2836 2901 2980
f 2932 2931 2859
f 2835 2836 2980
f 2953 2952 2916
f 6325 2949 2878
f 2862 2826 2827
f 2918 2953 2917
f 2920 6296 6326
f 2987 2948 2988
f 2894 2930 2823
f 2899 2867 2979
f 2853 2854 2929
f 2954 2880 2739
f 2890 2853 2928
f 6316 6328 6329
f 2820 2890 2889
f 6313 2892 6336
f 6329 6308 6330
f 2956 2955 2848
f 2957 2956 2848
f 2906 2907 2986
f 6297 6317 6343
f 2930 2893 2822
f 2920 2957 2808
f 2850 2705 2959
f 2850 2958 6298
f 2705 2778 2959
f 2902 2983 2869
f 2778 2809 2960
f 2939 2984 2902
f 2849 6298 6344
f 2985 2940 2904
f 2983 2982 2938
f 2785 2888 2927
f 6304 2787 6322
f 2982 2981 2938
f 2981 2980 2901
f 2819 6322 2888
f 6291 6314 6351
f 2908 2949 2989
f 2828 2829 2975
f 2811 2882 2962
f 2761 2828 2974
f 2923 2884 2964
f 2865 2761 2974
f 2884 2924 2964
f 6305 6323 6352
f 2863 2864 2973
f 6342 6327 6316
f 2891 2929 2854
f 2783 2816 2926
f 2979 2978 2899
f 2929 2928 2853
f 2978 2977 2899
f 6329 6342 6316
f 2977 2937 2899
f 2969 6336 2892
f 2851 2885 2998
f 6311 6289 6333
f 6343 6331 6297
f 6289 6299 6333
f 6300 6301 6334
f 2791 6337 6350
f 2934 2861 2972
f 2988 2876 6354
f 2913 2951 2990
f 2959 2958 2850
f 2987 2907 2948
f 2860 2934 2933
f 2960 2959 2778
f 6306 6324 6355
f 2889 6322 2787
f 2932 2896 2971
f 2927 2818 2785
f 2958 6344 6298
f 6324 2908 6356
f 6351 2875 6291
f 2962 2921 2811
f 2963 2962 2882
f 2975 2974 2828
f 2922 2963 2882
f 2964 2922 2923
f 6352 6338 6305
f 2919 2847 2992
f 6325 2950 6357
f 6353 6352 6323
f 6339 6353 6323
f 2926 2925 2783
f 2925 2852 2783
f 2986 6340 2906
f 6345 6319 6310
f 6332 6345 6310
f 6312 6335 6303
f 6335 6321 6303
f 6346 6332 6311
f 6333 6346 6311
f 6334 6299 6300
f 6320 6334 6301
f 6350 2935 2791
f 6341 6354 2876
f 2935 3011 2829
f 2915 2990 2951
f 2892 2856 2969
f 2983 2902 3016
f 2905 2945 3020
f 2944 2905 3020
f 2942 2943 3019
f 2984 2939 3017
f 2939 2940 3017
f 2941 2942 3018
f 6355 6341 6306
f 2982 2983 3014
f 2933 2971 2896
f 6356 6355 6324
f 2989 6356 2908
f 2952 2991 2915
f 2895 2970 2858
f 3009 2826 2862
f 6357 2949 6325
f 2970 2894 2858
f 2920 6326 2993
f 2978 2979 3013
f 2929 2891 2968
f 2955 2954 2776
f 6313 6336 3041
f 2898 2937 3012
f 3003 6313 3041
f 2993 2957 2920
f 2907 2987 3021
f 2987 2988 3021
f 6317 2849 6343
f 2893 2969 2856
f 3016 3015 2983
f 3015 3014 2983
f 2984 3016 2902
f 2809 2961 2960
f 3019 3018 2942
f 3018 2985 2941
f 2809 2881 2961
f 3014 2981 2982
f 2874 2875 6351
f 2881 2921 2994
f 2921 2962 2995
f 6314 6315 6366
f 6315 6338 6366
f 2865 2974 3010
f 2864 2865 2973
f 2964 2924 2996
f 2817 2886 2967
f 2816 2817 2967
f 2924 6318 2997
f 2968 2928 2929
f 6340 2986 6367
f 2852 2925 2965
f 2928 2889 2890
f 6318 6319 2997
f 6319 6345 6358
f 2910 2911 3024
f 6335 6312 2998
f 2863 3009 2862
f 6320 6321 6349
f 6333 6299 6347
f 6299 6334 6348
f 2911 2912 3024
f 2988 6354 3022
f 3022 3021 2988
f 6344 6343 2849
f 2912 2913 3026
f 6341 6355 6368
f 2994 2961 2881
f 6365 2947 2874
f 2931 2932 3007
f 6351 6365 2874
f 2895 2931 3006
f 2995 2994 2921
f 3011 2975 2829
f 6355 6356 6370
f 2991 2952 3027
f 2952 2953 3027
f 2953 2918 3028
f 3012 2936 2898
f 2861 2826 6363
f 2997 2996 2924
f 2919 2992 3029
f 2949 6357 3023
f 2967 2966 2816
f 2847 2880 2992
f 2966 2926 2816
f 2973 3009 2863
f 6357 2950 3023
f 2930 2894 3004
f 3024 2950 2910
f 6346 6345 6332
f 6348 6347 6299
f 6364 6350 6337
f 3025 3024 2912
f 3008 2933 2934
f 2990 3026 2913
f 3017 2940 3055
f 2985 3018 3056
f 3018 3019 3057
f 2940 2985 3055
f 3019 2943 3058
f 2981 3014 3054
f 2971 3007 2932
f 3007 3006 2931
f 6369 6368 6355
f 2835 2980 3053
f 2900 2835 3053
f 6370 6369 6355
f 3028 3027 2953
f 2970 3005 2894
f 3009 6363 2826
f 2867 2868 3051
f 3029 2918 2919
f 3005 3004 2894
f 6326 6327 6372
f 3030 2992 2880
f 2978 3013 3050
f 2928 2968 3002
f 6336 2969 6362
f 6329 6330 6373
f 3012 2937 3049
f 3041 6336 3075
f 6330 6331 6373
f 6331 6343 6374
f 2986 2907 3060
f 3056 3055 2985
f 3012 3048 2936
f 2944 3059 2943
f 3057 3056 3018
f 3058 3057 3019
f 3059 3058 2943
f 3054 2980 2981
f 2962 2963 3031
f 3053 3052 2900
f 6351 6314 6383
f 3010 2974 3047
f 6314 6366 6384
f 2887 2818 3001
f 6371 2956 2957
f 2989 2949 3062
f 2865 3010 3046
f 2900 3051 2868
f 6338 6352 6385
f 2973 2865 3046
f 6372 2993 6326
f 6342 6372 6327
f 3050 2977 2978
f 6319 6358 3135
f 2977 3049 2937
f 2976 2936 6382
f 6362 3075 6336
f 3049 3048 3012
f 6345 6346 6376
f 6374 6373 6331
f 6346 6333 6347
f 6334 6320 6349
f 6375 6374 6343
f 3021 3060 2907
f 2934 2972 3008
f 2912 3026 3025
f 6354 6341 3124
f 2971 2933 3044
f 3007 2971 3044
f 6341 6368 3124
f 2895 3006 3043
f 2990 2915 3063
f 2970 2895 3043
f 3031 2995 2962
f 2915 2991 3064
f 2927 3001 2818
f 2975 3047 2974
f 2922 3031 2963
f 6384 6383 6314
f 3001 3000 2887
f 3000 2886 2887
f 6339 6386 6353
f 2880 2954 3030
f 2926 2999 2925
f 2999 2965 2925
f 2965 2885 2852
f 3135 2997 6319
f 6382 6337 2976
f 2998 6360 6335
f 6360 6321 6335
f 6347 6359 6346
f 2893 2930 3042
f 2969 2893 3042
f 3016 2984 3081
f 3124 3022 6354
f 2984 3017 3082
f 3045 3044 2933
f 3014 3015 3080
f 3057 3058 3083
f 3058 3059 3084
f 3063 3026 2990
f 2954 2955 3092
f 3064 3063 2915
f 2955 2956 6371
f 3027 3064 2991
f 3043 3005 2970
f 3051 2900 3052
f 2957 2993 6388
f 2867 3051 2979
f 3029 3028 2918
f 2891 3003 3040
f 2968 2891 3039
f 3002 2968 3038
f 6342 6329 6389
f 2889 2928 3037
f 3004 3042 2930
f 3060 3021 3085
f 3082 3081 2984
f 2960 2961 3065
f 3080 3054 3014
f 3020 3059 2944
f 3084 3083 3058
f 2961 2994 3066
f 3092 3030 2954
f 2994 2995 3066
f 2947 6365 6400
f 2946 2947 6400
f 2995 3031 3067
f 2958 2959 6390
f 6371 6387 2955
f 2927 2888 6380
f 2959 2960 6390
f 3031 2922 3068
f 2922 2964 3069
f 2964 2996 3069
f 6366 6338 6401
f 6388 6371 2957
f 6338 6385 6401
f 2967 2886 3036
f 2996 2997 3070
f 3040 3039 2891
f 6352 6353 6402
f 2926 2966 3034
f 3079 3050 3013
f 3039 3038 2968
f 6389 6372 6342
f 6339 6340 6403
f 3042 6381 2969
f 2998 2885 3032
f 2989 3086 6356
f 2950 3024 3087
f 6367 2986 3060
f 2998 3032 6361
f 6360 2998 6361
f 6321 6360 6379
f 2945 2946 3122
f 6349 6321 6378
f 6348 6334 6377
f 2933 3008 3078
f 2935 6350 6399
f 3011 2935 6399
f 2975 3011 3047
f 3007 3044 3076
f 3006 3007 3076
f 3067 3066 2995
f 6400 3122 2946
f 3124 6368 3156
f 6368 6369 6404
f 3069 3068 2922
f 3064 3027 3089
f 6401 6384 6366
f 3062 3061 2989
f 6369 6370 6405
f 3070 3069 2996
f 3027 3028 3089
f 3061 3086 2989
f 3028 3029 3090
f 2861 6363 6397
f 3036 3035 2967
f 3046 3009 2973
f 3035 2966 2967
f 3029 2992 3091
f 6370 6356 3086
f 2992 3030 3091
f 6386 6402 6353
f 3087 3023 2950
f 6367 6403 6340
f 2965 3033 2885
f 3033 3032 2885
f 6376 6358 6345
f 3088 3087 3024
f 6359 6376 6346
f 6379 6378 6321
f 6349 6377 6334
f 3025 3088 3024
f 6364 6399 6350
f 3077 3045 2933
f 6399 6398 3011
f 6398 3047 3011
f 3015 3016 3116
f 3080 3015 3114
f 3017 3055 3117
f 3054 3080 3112
f 3020 2945 3121
f 3057 3083 3119
f 3083 3084 3119
f 3059 3020 3120
f 3084 3059 3120
f 3092 2955 6406
f 6404 3156 6368
f 3089 3063 3064
f 6405 6404 6369
f 2979 3051 3111
f 3040 3003 3074
f 6397 2972 2861
f 3013 2979 3110
f 3086 6405 6370
f 2977 3050 3109
f 2928 3002 3038
f 6389 6329 6409
f 3049 2977 3108
f 6362 2969 6396
f 3048 3049 3107
f 3075 6362 6396
f 3061 3062 12971
f 3021 3022 3085
f 3115 3114 3015
f 3116 3115 3015
f 3081 3116 3016
f 3114 3113 3080
f 3056 3117 3055
f 3113 3112 3080
f 3122 3121 2945
f 3118 3056 3057
f 6343 6344 6412
f 3112 2980 3054
f 3120 3119 3084
f 2961 3066 3093
f 2888 6322 6395
f 6344 2958 6413
f 6387 6406 2955
f 6365 6351 6420
f 6351 6383 6420
f 6371 6407 6387
f 3023 3062 2949
f 2927 6380 6394
f 3046 3010 3105
f 3052 3111 3051
f 6388 6408 6371
f 3041 3074 3003
f 6372 6388 2993
f 6352 6402 6385
f 3070 2997 3135
f 3105 3010 3047
f 3079 3109 3050
f 2999 2926 3071
f 6339 6403 6421
f 3109 3108 2977
f 3038 3037 2928
f 6381 6396 2969
f 2936 3048 6382
f 3135 6358 6414
f 3023 3087 3126
f 3108 3107 3049
f 6360 6361 6379
f 3107 3106 3048
f 6359 6347 6391
f 6349 6378 6393
f 6374 6410 6373
f 6347 6348 6392
f 6377 6349 6393
f 6375 6411 6374
f 12971 12972 3061
f 3045 3077 3102
f 3061 12972 3086
f 3044 3045 3101
f 6412 6375 6343
f 3123 3085 3022
f 3124 3123 3022
f 3076 3044 3101
f 3043 3006 3100
f 2961 3093 3065
f 6395 6380 2888
f 3026 3063 3127
f 3073 3001 2927
f 3005 3043 3099
f 3094 3067 3031
f 3156 6404 6422
f 3068 3094 3031
f 3073 2927 6394
f 3023 12421 3062
f 3063 3089 3130
f 3105 3104 3046
f 6363 3009 3103
f 3089 3028 3090
f 3072 3034 2966
f 3034 3071 2926
f 3125 12696 3023
f 6405 3086 6423
f 3030 3092 3131
f 6421 6386 6339
f 3106 6382 3048
f 3126 3125 3023
f 6376 6414 6358
f 3032 6379 6361
f 6415 6376 6359
f 6392 6391 6347
f 6379 6393 6378
f 6377 6392 6348
f 3078 3077 2933
f 3062 12944 12971
f 3102 3101 3045
f 3114 3115 3149
f 3116 3081 3150
f 3082 3017 3151
f 3127 3025 3026
f 3076 3100 3006
f 2980 3112 3148
f 3118 3057 3152
f 3120 3020 3155
f 3119 3120 3153
f 3100 3099 3043
f 12972 12963 3086
f 3128 3127 3063
f 12696 12421 3023
f 3129 3128 3063
f 3130 3129 3063
f 3074 3041 3075
f 6405 6422 6404
f 3091 3090 3029
f 12421 12970 3062
f 3039 3040 3097
f 6423 3086 12963
f 3042 3004 6419
f 3038 3039 3096
f 3131 3091 3030
f 6396 6381 6418
f 6329 6373 6409
f 3075 6396 3098
f 6375 6412 6424
f 3149 3113 3114
f 3082 3150 3081
f 3066 3067 3132
f 3117 3151 3017
f 2889 3037 6417
f 3119 3152 3057
f 6322 2889 6417
f 3155 3154 3120
f 3154 3153 3120
f 3121 3155 3020
f 6395 6322 6417
f 6344 6413 6412
f 6406 3131 3092
f 6407 6406 6387
f 3001 3073 3000
f 12972 12962 12963
f 2958 6390 6413
f 3094 3068 3133
f 12971 12962 12972
f 6365 6420 6433
f 3068 3069 3133
f 6390 2960 3065
f 6383 6384 6435
f 3069 3070 3134
f 6384 6401 6435
f 12696 3125 12421
f 3111 3110 2979
f 3009 3046 3104
f 3074 3097 3040
f 3110 3079 3013
f 3097 3096 3039
f 2965 2999 3095
f 3033 2965 3095
f 3147 3108 3109
f 3042 6418 6381
f 6382 3106 6432
f 6337 6382 6431
f 6364 6337 6431
f 3087 3088 3126
f 6411 6410 6374
f 3077 3078 3102
f 6399 6364 6430
f 6424 6411 6375
f 6398 6399 6430
f 3088 3025 3157
f 3132 3093 3066
f 3076 3101 3145
f 3156 3123 3124
f 3100 3076 3144
f 3025 3127 3158
f 3105 3047 6429
f 3099 3100 3144
f 6395 6416 6380
f 3005 3099 3142
f 6416 6394 6380
f 6433 6400 6365
f 3134 3133 3069
f 3000 3036 2886
f 6435 6434 6383
f 6423 12963 6438
f 12944 12945 12971
f 3135 3134 3070
f 3035 3072 2966
f 6422 6405 6436
f 12971 12945 12962
f 3104 3103 3009
f 3008 2972 3262
f 6405 6423 6437
f 3071 3095 2999
f 12962 6438 12963
f 6432 6431 6382
f 3125 12970 12421
f 6391 6415 6359
f 3157 3126 3088
f 3146 3145 3101
f 3145 3144 3076
f 3158 3157 3025
f 3150 3082 3181
f 3112 3113 3180
f 3056 3118 3117
f 3152 3119 3182
f 2980 3148 3053
f 3119 3153 3183
f 3153 3154 3183
f 3131 6406 6439
f 3143 3142 3099
f 3052 3053 3179
f 12970 12944 3062
f 3142 3141 3005
f 6407 6371 6440
f 3090 3130 3089
f 12945 12946 12962
f 6363 3172 6397
f 6408 6388 6441
f 3097 3074 3139
f 3131 3090 3091
f 6437 6436 6405
f 6388 6372 6442
f 3042 6419 6428
f 3109 3079 3147
f 12962 12946 6438
f 6372 6389 6443
f 3037 3038 3096
f 6418 3042 6428
f 3107 3108 3176
f 6409 6373 6445
f 3098 6396 3170
f 6373 6410 6445
f 3103 3172 6363
f 3125 12996 12970
f 3149 3180 3113
f 3123 3156 3185
f 3151 3181 3082
f 3085 3123 3185
f 3180 3148 3112
f 3183 3182 3119
f 3121 3184 3155
f 3184 3154 3155
f 3067 3094 3159
f 3179 3178 3052
f 6407 6439 6406
f 3094 3133 3160
f 3093 3132 6448
f 6390 3065 6447
f 3104 3105 3175
f 3073 6394 3138
f 6408 6440 6371
f 3134 3135 3161
f 3075 3140 3074
f 3005 6419 3004
f 3103 3104 3174
f 3140 3139 3074
f 6442 6441 6388
f 3139 3096 3097
f 3032 3033 3136
f 3147 3177 3108
f 3135 6414 6449
f 6403 6367 6462
f 6414 6376 6450
f 6367 3060 6462
f 3176 3106 3107
f 6418 3170 6396
f 6379 3032 6426
f 6377 6393 6425
f 6393 6379 6426
f 3102 3078 3171
f 3060 3085 6463
f 3126 12996 3125
f 3157 3158 3186
f 3159 3132 3067
f 6427 6417 3037
f 3047 6398 6429
f 12996 12983 12970
f 3160 3159 3094
f 3127 3128 3187
f 3138 3000 3073
f 6446 6413 6390
f 3128 3129 3188
f 6447 6446 6390
f 3129 3130 3189
f 3156 6422 3248
f 6448 3065 3093
f 6460 6435 6401
f 3174 3173 3103
f 3173 3172 3103
f 6461 6401 6385
f 3090 3131 3191
f 6402 6461 6385
f 12945 12891 12946
f 12944 12934 12945
f 3095 3137 3033
f 3078 3008 6458
f 3137 3136 3033
f 12946 12891 6438
f 6449 3161 3135
f 6450 6449 6414
f 3136 6426 3032
f 6463 6462 3060
f 6415 6450 6376
f 6426 6425 6393
f 6425 6392 6377
f 6431 6459 6364
f 6423 6438 6464
f 6459 6430 6364
f 3115 3116 3205
f 3116 3150 3206
f 3180 3149 3204
f 3181 3151 3207
f 3118 3152 3208
f 3184 3121 3212
f 3183 3154 3209
f 3154 3184 3210
f 6429 3175 3105
f 3126 12990 12996
f 3187 3158 3127
f 3131 6439 3218
f 3075 3098 3168
f 12996 12991 12983
f 3188 3187 3128
f 3143 3099 3144
f 6439 6407 6466
f 3189 3188 3129
f 3111 3052 3203
f 3140 3075 3167
f 3190 3130 3090
f 6440 6408 6467
f 6436 3248 6422
f 6408 6441 6467
f 6419 3005 3141
f 3139 3140 3166
f 3079 3110 3202
f 3096 3139 3166
f 6428 6419 6457
f 6443 6389 6444
f 3157 12405 3126
f 3108 3177 3176
f 6418 6428 6456
f 6389 6409 6444
f 12945 12934 12891
f 3170 6418 6455
f 6464 6437 6423
f 6445 6410 6468
f 6410 6411 6468
f 3206 3205 3116
f 3170 3169 3098
f 3037 3096 6427
f 3181 3206 3150
f 3185 3156 3214
f 3085 3185 3213
f 3204 3148 3180
f 6465 6464 6438
f 3117 3207 3151
f 3169 3168 3098
f 3182 3208 3152
f 12891 6465 6438
f 12405 12990 3126
f 3212 3211 3184
f 6424 6412 6469
f 3210 3209 3154
f 3211 3210 3184
f 6412 6413 6470
f 6394 6416 6452
f 12990 12982 12996
f 3133 3134 3192
f 12996 12982 12991
f 6440 6466 6407
f 3178 3203 3052
f 3036 3000 3165
f 3035 3036 3165
f 3203 3110 3111
f 6420 6383 6478
f 3168 3167 3075
f 3065 6448 6471
f 3072 3035 3164
f 3167 3166 3140
f 3141 6457 6419
f 3071 3034 3163
f 6402 6386 6479
f 3201 3177 3147
f 6386 6421 6481
f 6432 3106 3200
f 6421 6403 6482
f 6456 6455 6418
f 6450 6415 6472
f 3176 3200 3106
f 6445 6444 6409
f 3101 3102 3198
f 6415 6391 6451
f 6391 6392 6451
f 3146 3101 3198
f 3142 3143 12326
f 6454 6427 3096
f 6398 6430 6477
f 3214 3213 3185
f 6427 6395 6417
f 6470 6469 6412
f 6395 6453 6416
f 3158 3187 3215
f 12932 12921 12944
f 6453 6452 6416
f 3192 3160 3133
f 12970 12932 12944
f 3187 3188 3216
f 12991 12982 12983
f 6452 3138 6394
f 6400 3246 3122
f 3165 3164 3035
f 6471 6447 3065
f 12983 12943 12970
f 6478 6433 6420
f 3175 3174 3104
f 3161 3192 3134
f 3130 3190 3189
f 2972 6397 6475
f 3191 3131 3217
f 3163 3162 3071
f 3162 3095 3071
f 12944 12933 12934
f 3008 3262 3334
f 3171 3078 3333
f 6481 6480 6386
f 6482 6481 6421
f 3136 3193 6426
f 6451 6472 6415
f 3193 6425 6426
f 3171 3199 3102
f 3199 3198 3102
f 3213 6463 3085
f 3141 3142 12326
f 3148 3204 3238
f 3207 3117 3240
f 6477 6476 6398
f 3053 3148 3238
f 3117 3118 3241
f 6476 6429 6398
f 3208 3182 3242
f 3182 3183 3242
f 3121 3122 3246
f 3211 3212 3245
f 3209 3210 3243
f 3210 3211 3244
f 3216 3215 3187
f 12982 12943 12983
f 12943 12932 12970
f 3189 3216 3188
f 6466 6440 6484
f 3167 3168 3197
f 6440 6467 6484
f 3172 6475 6397
f 3166 3167 3196
f 3191 3190 3090
f 3157 12403 12404
f 6475 3262 2972
f 12944 12921 12933
f 3096 3166 3196
f 3218 3217 3131
f 6467 6441 6486
f 3334 6458 3008
f 6441 6442 6486
f 12343 3145 3146
f 12934 12905 12891
f 6442 6372 6487
f 3143 3144 12326
f 6458 3333 3078
f 6483 6436 6437
f 12933 12905 12934
f 3200 3176 3235
f 6464 6483 6437
f 3170 6455 3232
f 3115 3239 3149
f 3239 3204 3149
f 3157 12404 12405
f 3241 3240 3117
f 3238 3237 3053
f 3208 3241 3118
f 3214 3156 3247
f 3246 3212 3121
f 3159 3160 3220
f 3237 3179 3053
f 3209 3242 3183
f 3245 3244 3211
f 3244 3243 3210
f 3141 12326 12325
f 3157 12387 12403
f 3160 3192 3221
f 6466 3218 6439
f 6448 3132 3219
f 6413 6446 6489
f 6446 6447 6489
f 6447 6471 6490
f 3144 3145 12342
f 3192 3161 3222
f 6383 6434 6500
f 3000 3138 3259
f 3236 3202 3110
f 3197 3196 3167
f 12990 12969 12982
f 3172 3173 3233
f 6486 6485 6467
f 12343 3146 3198
f 6460 6401 6501
f 6435 6460 6434
f 3136 3137 3194
f 12933 12921 12905
f 6457 6456 6428
f 6487 6486 6442
f 6443 6487 6372
f 3161 6449 6491
f 6449 6450 6492
f 6432 3200 6499
f 6403 6462 6502
f 6431 6432 6498
f 6462 6463 6503
f 6425 3193 6474
f 6451 6392 6473
f 6392 6425 6474
f 3196 6454 3096
f 6468 6488 6445
f 6430 6459 6497
f 3220 3132 3159
f 3248 3247 3156
f 3221 3220 3160
f 3186 3158 3250
f 3157 3186 3249
f 6489 6470 6413
f 12405 12968 12990
f 6490 6489 6447
f 12990 12968 12969
f 6433 3246 6400
f 12982 12969 12943
f 6500 6478 6383
f 3219 6471 6448
f 3195 3034 3072
f 3259 3165 3000
f 3174 3234 3173
f 3234 3233 3173
f 3190 3191 3252
f 3191 3217 3253
f 3217 3218 3254
f 3162 3137 3095
f 6461 6501 6401
f 3194 3193 3136
f 6501 6434 6460
f 6479 6461 6402
f 12342 3145 12343
f 6480 6479 6386
f 6491 3255 3161
f 6492 6491 6449
f 6502 6482 6403
f 6499 6498 6432
f 6503 6502 6462
f 6472 6492 6450
f 6498 6459 6431
f 3198 3199 12333
f 12932 12863 12921
f 6474 6473 6392
f 3239 3115 3273
f 3204 3239 3271
f 6497 6477 6430
f 3238 3204 3270
f 3169 3170 3231
f 3205 3206 3274
f 3144 12342 12357
f 3206 3181 3275
f 12314 3141 12325
f 12921 12863 12864
f 3212 3246 3279
f 3168 3169 3230
f 3245 3212 3279
f 3209 3243 3276
f 3244 3245 3277
f 3215 3250 3158
f 12969 12942 12943
f 3218 6466 6504
f 12404 12931 12405
f 12921 12864 12905
f 3251 3216 3189
f 3110 3203 3236
f 3197 3168 3229
f 6465 6483 6464
f 3252 3189 3190
f 3196 3197 3228
f 3253 3252 3191
f 3172 3263 6475
f 3263 3262 6475
f 3254 3253 3217
f 3147 3079 3269
f 3310 3248 6436
f 3201 3147 3268
f 12905 12864 12891
f 3333 3199 3171
f 3176 3177 3265
f 6457 3141 12314
f 3235 3176 3265
f 12326 3144 12357
f 3200 3235 3264
f 3272 3271 3239
f 3273 3272 3239
f 3232 6455 6496
f 6444 6445 6488
f 3205 3273 3115
f 3271 3270 3204
f 12403 12931 12404
f 6488 6468 6505
f 3275 3274 3206
f 3207 3275 3181
f 6468 6411 6506
f 3231 3230 3169
f 3213 3214 3280
f 6411 6424 6506
f 3276 3242 3209
f 6395 6427 6494
f 6424 6469 6507
f 3279 3278 3245
f 12968 12942 12969
f 3278 3277 3245
f 3277 3243 3244
f 3230 3229 3168
f 3138 6452 6493
f 6484 6504 6466
f 3178 3236 3203
f 3072 3164 3195
f 3229 3228 3197
f 6455 6456 6496
f 3222 3161 3255
f 6471 3219 3319
f 3034 3195 3226
f 3157 3281 12387
f 12880 6465 12891
f 3163 3034 3225
f 3165 3259 3227
f 3162 3163 3224
f 6485 6484 6467
f 3137 3162 3223
f 12932 12904 12863
f 3269 3268 3147
f 12943 12904 12932
f 6434 6501 6518
f 3268 3267 3201
f 3267 3266 3201
f 3266 3177 3201
f 12864 12880 12891
f 6499 3200 3300
f 6480 6481 6520
f 12366 12357 12342
f 3265 3264 3235
f 6459 6498 6516
f 12387 12967 12403
f 6472 6451 6509
f 6474 3193 3256
f 12403 12967 12931
f 3228 6454 3196
f 6463 3213 6521
f 3220 3219 3132
f 6454 6495 6427
f 6506 6505 6468
f 6495 6494 6427
f 3247 3280 3214
f 6507 6506 6424
f 6494 6453 6395
f 3175 6429 6515
f 3250 3215 3283
f 12880 6483 6465
f 6470 6507 6469
f 3215 3216 3284
f 3222 3221 3192
f 3227 3164 3165
f 6453 6493 6452
f 3157 3249 3281
f 12405 12931 12968
f 6493 3259 3138
f 3319 6490 6471
f 12942 12904 12943
f 3226 3225 3034
f 6517 6500 6434
f 6496 6456 12300
f 3224 3223 3162
f 3254 3218 3285
f 6518 6517 6434
f 3223 3194 3137
f 12367 12343 3198
f 6458 3334 3333
f 6519 6501 6461
f 3281 12981 12387
f 6436 6483 3311
f 3194 3256 3193
f 12342 12343 12367
f 6499 6516 6498
f 12387 12981 12967
f 6482 6520 6481
f 6508 6492 6472
f 6516 6497 6459
f 3273 3205 3303
f 6509 6508 6472
f 6521 6503 6463
f 6473 6509 6451
f 12968 12931 12942
f 12325 12326 12356
f 3272 9485 3271
f 12314 12325 12341
f 3241 3208 3305
f 3264 3300 3200
f 3276 3243 3306
f 3278 3279 3309
f 6476 6515 6429
f 3243 3277 3306
f 3282 3249 3186
f 3250 3282 3186
f 3277 3278 3307
f 3284 3283 3215
f 3229 3230 3261
f 3251 3284 3216
f 3228 3229 3260
f 3252 3251 3189
f 6456 6457 12300
f 9479 3238 3270
f 3272 3273 9485
f 12863 12854 12864
f 6484 6485 6522
f 12865 6483 12880
f 6485 6486 6523
f 12864 12865 12880
f 3311 3310 6436
f 6487 6443 6524
f 12931 12920 12942
f 6443 6444 6524
f 12325 12356 12341
f 3232 3231 3170
f 6444 6488 6525
f 3304 3303 3205
f 3274 3304 3205
f 6454 3228 6514
f 3219 3220 3286
f 6495 6454 6513
f 3220 3221 3286
f 3231 3261 3230
f 3242 3305 3208
f 3309 3308 3278
f 12326 12357 12356
f 3247 3248 3310
f 3307 3306 3277
f 3308 3307 3278
f 12358 3198 12333
f 3164 3227 3258
f 6493 6453 6512
f 6507 6470 6526
f 3261 3260 3229
f 6504 3285 3218
f 12333 3199 3333
f 3222 3255 3289
f 6470 6489 6526
f 3259 6493 6511
f 12942 12920 12904
f 6489 6490 6527
f 12366 12342 12381
f 3233 3234 3298
f 6433 6478 6548
f 3246 6433 6548
f 12306 6457 12314
f 3194 3223 3257
f 3172 3233 3297
f 3263 3172 3297
f 12300 6457 12306
f 12304 3232 6496
f 9485 9484 3271
f 12381 12342 12367
f 6523 6522 6485
f 6461 6479 6519
f 6501 6519 6550
f 6479 6480 6551
f 6487 6523 6486
f 3266 3265 3177
f 3255 6491 3291
f 6516 6499 3337
f 6482 6502 6552
f 12367 3198 12358
f 6502 6503 6552
f 6474 3256 6510
f 6473 6474 6510
f 6503 6521 6554
f 3260 6514 3228
f 3270 3271 9484
f 6514 6513 6454
f 12904 12838 12863
f 3287 3286 3221
f 3288 3287 3221
f 12920 12903 12904
f 12903 12838 12904
f 6515 6476 6544
f 3222 3288 3221
f 3250 3283 3313
f 3283 3284 3314
f 12304 6496 12305
f 6494 6512 6453
f 3282 3250 3313
f 3174 3175 6543
f 3249 3282 3312
f 3258 3195 3164
f 3290 3289 3255
f 3291 3290 3255
f 6512 6511 6493
f 6527 6526 6489
f 12357 12366 12356
f 3319 6527 6490
f 3299 3298 3234
f 3252 3253 3316
f 9485 3273 9490
f 3225 3224 3163
f 3253 3254 3316
f 3246 6547 3279
f 6549 6478 6500
f 3254 3285 3317
f 3298 3297 3233
f 3257 3256 3194
f 3281 12961 12981
f 3237 3238 9478
f 6550 6518 6501
f 3179 3237 9478
f 3300 3337 6499
f 12841 12865 12864
f 6528 6491 6492
f 12841 6483 12865
f 6508 6528 6492
f 6553 6552 6503
f 6554 6553 6503
f 3231 3232 3296
f 6510 6509 6473
f 12306 12314 12324
f 6497 6546 6477
f 12382 12367 12358
f 3240 3241 3342
f 3261 3231 3295
f 3280 6521 3213
f 3305 3242 3343
f 6477 6545 6476
f 3242 3276 3344
f 6545 6544 6476
f 3309 3279 3346
f 3308 3309 3346
f 12356 12366 12397
f 3314 3313 3283
f 3307 3308 3345
f 6515 6543 3175
f 3249 12961 3281
f 3315 3284 3251
f 12931 12919 12920
f 3285 6504 3318
f 9484 9485 9489
f 3316 3251 3252
f 3317 3316 3254
f 12854 12840 12864
f 12920 12853 12903
f 3318 3317 3285
f 12863 12838 12839
f 3079 3202 3269
f 12306 12324 12300
f 3303 9490 3273
f 3346 3279 6547
f 12381 12367 12398
f 6496 12300 12305
f 12903 12853 12838
f 9490 9489 9485
f 12981 12961 12967
f 3304 3341 3303
f 3264 3265 3338
f 12841 12842 6483
f 12864 12840 12841
f 6487 6524 6530
f 12967 12961 12931
f 3219 3286 3320
f 12341 12356 12380
f 12314 12341 12365
f 12919 12902 12920
f 6525 6488 6531
f 12398 12367 12382
f 9484 9483 3270
f 3344 3343 3242
f 9479 9478 3238
f 6505 6506 6532
f 3227 3259 3294
f 3306 3344 3276
f 6494 6495 6541
f 3288 3222 3289
f 3280 3247 3347
f 3247 3310 3348
f 3346 3345 3308
f 6512 6494 6539
f 6506 6507 6534
f 3195 3258 3293
f 12839 12854 12863
f 12414 12366 12381
f 6511 6512 6538
f 3234 3174 3336
f 12902 12853 12920
f 3310 3311 3348
f 3225 3226 3292
f 3259 6511 3294
f 6529 3318 6504
f 6527 3319 3367
f 3288 3324 3287
f 6484 6529 6504
f 6548 6478 6558
f 6547 3246 6548
f 12842 3311 6483
f 3262 3263 3335
f 6518 6550 6559
f 3232 12304 12313
f 3339 3265 3266
f 12415 12381 12398
f 6519 6479 6562
f 6479 6551 6563
f 6550 6519 6561
f 12356 12397 12380
f 12838 12795 12839
f 6530 6523 6487
f 3338 3300 3264
f 6480 6520 6565
f 12305 12300 12323
f 12397 12366 12414
f 6497 6516 6555
f 6520 6482 6566
f 12414 12381 12415
f 3320 3319 3219
f 3296 3232 12313
f 12324 12314 12340
f 6525 6524 6444
f 6554 6521 6567
f 9489 9483 9484
f 3346 6547 6556
f 6477 6546 6545
f 6505 6531 6488
f 6521 3280 6567
f 6513 6541 6495
f 3348 3347 3247
f 6533 6532 6506
f 12416 12398 12382
f 6541 6540 6494
f 12358 12333 12359
f 6540 6539 6494
f 3284 3315 3322
f 6534 6533 6506
f 9479 3270 9483
f 3288 3289 3324
f 6539 6538 6512
f 3293 3226 3195
f 6526 6534 6507
f 3282 3313 3321
f 3336 3299 3234
f 6538 6537 6511
f 12415 12398 12416
f 3294 3258 3227
f 3292 3224 3225
f 3316 3317 3323
f 6535 6526 6527
f 6537 3294 6511
f 3367 6535 6527
f 6549 6558 6478
f 6548 6557 6547
f 6557 6556 6547
f 3179 9477 3178
f 3297 3335 3263
f 12314 12365 12340
f 6559 6517 6518
f 12795 12840 12854
f 3335 3334 3262
f 12839 12795 12854
f 6560 6559 6550
f 6563 6562 6479
f 9489 9490 9499
f 6562 6561 6519
f 6564 6551 6480
f 6561 6560 6550
f 6565 6564 6480
f 6528 3291 6491
f 12842 12855 3311
f 3337 6555 6516
f 6566 6565 6520
f 3231 3296 3332
f 3347 6568 3280
f 3249 12941 12961
f 6552 6566 6482
f 6536 6508 6509
f 12305 12323 12322
f 3328 6510 3256
f 6510 6536 6509
f 3274 3275 3358
f 12300 12324 12323
f 3275 3207 3359
f 3207 3240 3360
f 3312 12941 3249
f 3342 3241 3361
f 12919 12890 12902
f 12416 12382 12417
f 12341 12380 12365
f 3260 3261 3331
f 12304 12305 12322
f 6568 6567 3280
f 3307 3345 3362
f 3322 3314 3284
f 12438 12397 12414
f 3296 12313 12321
f 12383 12358 12359
f 6543 3336 3174
f 3321 3312 3282
f 3318 3323 3317
f 3354 3202 3236
f 3269 3202 3354
f 6529 6484 6569
f 12890 12853 12902
f 6484 6522 6569
f 12961 12918 12931
f 12809 12841 12840
f 12333 3333 6573
f 12931 12878 12919
f 12796 12840 12795
f 12382 12358 12383
f 12437 12380 12397
f 3303 3341 9500
f 9483 9489 9498
f 3303 9499 9490
f 3337 3300 3353
f 12919 12878 12890
f 3359 3358 3275
f 3332 3295 3231
f 12365 12380 12437
f 3360 3359 3207
f 3342 3360 3240
f 6524 6525 3366
f 6514 3260 3331
f 3305 3361 3241
f 6531 6505 3404
f 9499 9498 9489
f 3295 3331 3261
f 6513 6514 6572
f 12782 12809 12840
f 12796 12782 12840
f 6525 6531 3366
f 3332 3296 12321
f 6541 6513 6572
f 12812 12855 12842
f 12809 12810 12841
f 3289 3290 3325
f 3290 3291 3327
f 6540 6541 6571
f 3293 3258 3330
f 12918 12878 12931
f 3226 3293 3292
f 12810 12842 12841
f 6573 3333 6542
f 6533 6534 6570
f 3299 3336 3352
f 6534 6526 6570
f 12340 12365 12396
f 3256 3257 3328
f 3223 3224 3329
f 3348 3311 3363
f 12941 12918 12961
f 12414 12415 12450
f 12437 12397 12438
f 3286 3287 3320
f 12365 12437 12436
f 12853 12808 12838
f 6517 6559 6577
f 12417 12382 12383
f 3334 3335 3349
f 3341 3304 9500
f 12324 12340 12355
f 6559 6560 6578
f 3267 3339 3266
f 12890 12879 12853
f 6560 6561 6578
f 12313 12304 12322
f 6563 6551 6581
f 6551 6564 6582
f 12359 12333 6573
f 6562 6563 6580
f 6555 3337 3353
f 6561 6562 6580
f 3338 3353 3300
f 6564 6565 6583
f 6565 6566 6584
f 6510 3328 3375
f 12450 12415 12416
f 6566 6552 6584
f 12470 12438 12414
f 12437 12438 12436
f 6552 6553 6585
f 6553 6554 6585
f 12808 12795 12838
f 12365 12436 12435
f 12340 12396 12364
f 3331 6572 6514
f 3179 9478 9477
f 9498 9497 9483
f 6532 3404 6505
f 12396 12365 12435
f 3326 3325 3290
f 3327 3326 3290
f 6572 6571 6541
f 3314 3322 3364
f 12782 12810 12809
f 3313 3314 3321
f 9491 3304 3274
f 3315 3251 3365
f 6543 6515 6574
f 3251 3316 3365
f 12810 12811 12842
f 12811 12812 12842
f 3299 3351 3298
f 3351 3350 3298
f 3350 3297 3298
f 3363 3311 12855
f 6576 3345 3346
f 12355 12340 12364
f 3329 3257 3223
f 6535 6570 6526
f 6556 6576 3346
f 12323 12324 12355
f 6517 6549 6500
f 3324 3320 3287
f 12853 12807 12808
f 6549 6548 6558
f 12313 12322 12321
f 6578 6577 6559
f 12878 12879 12890
f 9483 9488 9479
f 12450 12416 12451
f 3274 3358 9491
f 6579 6578 6561
f 6528 3327 3291
f 6582 6581 6551
f 6581 6580 6563
f 3353 6575 6555
f 6580 6579 6561
f 12451 12416 12417
f 12782 12797 12810
f 6584 6583 6565
f 3375 6536 6510
f 9499 3303 9509
f 6585 6584 6552
f 6586 6585 6554
f 12808 12780 12795
f 3361 3305 3393
f 3331 3295 3380
f 3305 3343 3394
f 6567 6586 6554
f 12781 12782 12796
f 3344 3306 3395
f 3306 3307 3395
f 12781 12796 12795
f 12480 12414 12450
f 3365 3322 3315
f 9501 9500 3304
f 3364 3321 3314
f 3323 3365 3316
f 12436 12438 12469
f 12469 12438 12470
f 12470 12414 12480
f 12435 12436 12469
f 12364 12396 12434
f 12879 12807 12853
f 12808 12721 12780
f 3384 3269 3354
f 9497 9488 9483
f 3268 3269 3384
f 3267 3268 3383
f 12918 12901 12878
f 12396 12435 12434
f 12780 12781 12795
f 12797 12811 12810
f 12355 12364 12379
f 12783 12797 12782
f 6569 6522 6587
f 12878 12807 12879
f 12435 12469 12468
f 9478 9479 9482
f 12480 12450 12451
f 3319 3320 3368
f 12495 12470 12480
f 12434 12435 12468
f 12383 12359 12368
f 12707 12782 12781
f 12494 12470 12495
f 12469 12470 12494
f 6524 3366 3402
f 3332 3380 3295
f 12808 12779 12721
f 3380 3379 3331
f 3324 3289 3371
f 3394 3393 3305
f 12413 12364 12434
f 3344 3394 3343
f 6572 3331 3379
f 3366 6531 3404
f 12721 12781 12780
f 3362 3395 3307
f 3293 3330 3378
f 3289 3325 3372
f 12941 12900 12918
f 12707 12783 12782
f 3396 3362 3345
f 3325 3326 3373
f 12721 12707 12781
f 12322 12323 12354
f 6540 6571 6598
f 3312 12900 12941
f 6533 6570 6590
f 3224 3292 3377
f 12364 12413 12412
f 12451 12417 12383
f 6539 6540 6598
f 6532 6533 6589
f 6538 6539 6597
f 3345 6576 3396
f 3257 3329 3376
f 3330 3258 3294
f 12379 12364 12412
f 6535 3367 6591
f 3335 3297 3381
f 6537 6538 6596
f 9500 9509 3303
f 12807 12779 12808
f 12480 12451 12481
f 3320 3324 3370
f 3384 3383 3268
f 12469 12494 12493
f 6548 6549 6612
f 12707 12745 12783
f 6557 6548 6611
f 3333 3334 3349
f 12468 12469 12493
f 3368 3367 3319
f 12812 12813 12855
f 12797 12798 12811
f 3339 3382 3265
f 6578 6579 6614
f 3382 3338 3265
f 3369 3368 3320
f 3370 3369 3320
f 3327 6528 6592
f 6579 6580 6614
f 9488 9482 9479
f 6581 6582 6616
f 6582 6564 6617
f 6580 6581 6615
f 6564 6583 6617
f 6528 6508 6594
f 12691 12707 12721
f 6497 6555 6609
f 12527 12494 12495
f 6536 3375 3411
f 12798 12812 12811
f 6508 6536 6595
f 12323 12355 12354
f 12813 3363 12855
f 6546 6497 6608
f 12468 12493 12492
f 3372 3371 3289
f 12674 12708 12707
f 3333 3349 6542
f 3321 3398 3312
f 12779 12720 12721
f 12691 12674 12707
f 6545 6546 6607
f 12720 12691 12721
f 12674 12675 12708
f 12600 12675 12674
f 6544 6545 6607
f 12783 12784 12797
f 3374 3326 3327
f 12527 12495 12528
f 12878 12877 12807
f 12508 12493 12494
f 3378 3292 3293
f 12691 12600 12674
f 12720 12690 12691
f 6515 6544 6606
f 12528 12495 12529
f 6567 6568 6618
f 6589 3404 6532
f 3321 3364 3399
f 12708 12745 12707
f 3363 3397 3348
f 12508 12492 12493
f 3373 3372 3325
f 3377 3329 3224
f 12529 12495 12480
f 3374 3327 6592
f 3358 9486 9491
f 6590 6589 6533
f 6598 6597 6539
f 12321 12322 12354
f 6568 3347 6618
f 3350 3381 3297
f 12901 12877 12878
f 6597 6596 6538
f 12779 12744 12720
f 12600 12650 12675
f 12675 12651 12708
f 12412 12413 12434
f 12601 12627 12600
f 12600 12627 12650
f 12690 12600 12691
f 6610 6576 6556
f 6596 3294 6537
f 12745 12784 12783
f 3347 3348 6619
f 12784 12798 12797
f 3371 3370 3324
f 12508 12494 12527
f 12434 12468 12467
f 12807 12744 12779
f 12930 12900 3312
f 12650 12651 12675
f 6613 6577 6578
f 12690 12561 12600
f 12354 12355 12379
f 12527 12577 12561
f 12627 12651 12650
f 6614 6613 6578
f 12561 12601 12600
f 3398 12930 3312
f 12561 12577 12601
f 12601 12602 12627
f 12527 12528 12562
f 12508 12468 12492
f 12527 12562 12577
f 3401 3323 3318
f 12744 12690 12720
f 12508 12527 12561
f 12627 12602 12651
f 12577 12602 12601
f 6593 6592 6528
f 12412 12434 12449
f 12529 12480 12509
f 12528 12563 12562
f 6594 6593 6528
f 6615 6614 6580
f 3332 12321 12339
f 12744 12649 12690
f 6616 6615 6581
f 6575 6609 6555
f 6617 6616 6582
f 3411 6595 6536
f 6609 6608 6497
f 6595 6594 6508
f 3360 3342 3432
f 12708 12722 12745
f 12507 12468 12508
f 12563 12528 12529
f 12577 12562 12602
f 12449 12434 12467
f 3342 3361 3433
f 12379 12412 12449
f 12507 12467 12468
f 6608 6607 6546
f 12560 12508 12561
f 12918 12889 12901
f 12807 12794 12744
f 12901 12862 12877
f 3394 3344 3434
f 9499 9509 9519
f 3344 3395 3434
f 12509 12480 12481
f 3395 3362 3435
f 12481 12451 12383
f 12745 12722 12784
f 12877 12862 12807
f 12651 12722 12708
f 3400 3364 3322
f 6574 3336 6543
f 6606 6574 6515
f 12368 12359 6573
f 12563 12578 12562
f 12900 12889 12918
f 12798 12799 12812
f 12563 12529 12541
f 3349 3418 6542
f 11114 3236 3178
f 9477 9476 3178
f 12649 12561 12690
f 6619 6618 3347
f 12562 12578 12602
f 12889 12862 12901
f 3358 3359 9486
f 12862 12794 12807
f 12649 12560 12561
f 12563 12541 12578
f 3318 6529 6599
f 12560 12507 12508
f 3367 3368 3405
f 12529 12509 12541
f 12651 12692 12722
f 12433 12379 12449
f 12813 12843 3363
f 3418 6573 6542
f 3353 3338 3422
f 12506 12467 12507
f 12559 12507 12560
f 12799 12813 12812
f 6522 6523 6588
f 9497 9498 9518
f 6523 6530 6600
f 3433 3432 3342
f 3393 3433 3361
f 12602 12615 12651
f 3404 3403 3366
f 12559 12560 12649
f 3326 3374 3409
f 12762 12649 12744
f 3435 3434 3395
f 12578 12615 12602
f 12784 12799 12798
f 6572 3379 6605
f 3436 3435 3362
f 3292 3378 3416
f 12541 12564 12578
f 3372 3373 3407
f 3396 3436 3362
f 12651 12615 12692
f 3373 3326 3409
f 3329 3377 3414
f 6571 6572 6604
f 6590 6570 6601
f 3375 3328 3412
f 3410 3374 6592
f 12506 12507 12559
f 6598 6571 6603
f 12481 12383 12452
f 3257 3376 3413
f 3396 6576 6633
f 12449 12467 12479
f 6570 6535 6602
f 3328 3257 3413
f 6576 6610 6633
f 12354 12379 12395
f 9499 9518 9498
f 12541 12509 12542
f 12673 12559 12649
f 3349 3335 3419
f 6610 6556 6635
f 3370 3371 3440
f 12794 12762 12744
f 9500 9519 9509
f 6599 3401 3318
f 12564 12541 12542
f 12506 12479 12467
f 12339 12321 12363
f 6549 6517 6637
f 6556 6557 6636
f 6517 6577 6637
f 12509 12481 12482
f 9477 9478 9482
f 3348 3397 6619
f 12321 12354 12363
f 6575 3353 3421
f 6614 6615 6638
f 12433 12449 12479
f 6588 6587 6522
f 3422 3421 3353
f 12722 12723 12784
f 12482 12481 12452
f 6615 6616 6639
f 6609 6575 6632
f 3406 3371 3372
f 3417 3330 3294
f 6616 6617 6640
f 3407 3406 3372
f 12615 12628 12692
f 3408 3407 3373
f 6600 6588 6523
f 3332 12339 12338
f 12354 12395 12394
f 3409 3408 3373
f 12542 12509 12482
f 3410 3409 3374
f 6584 6585 6641
f 3402 6530 6524
f 12395 12379 12433
f 12862 12852 12794
f 6585 6586 6642
f 3416 3415 3292
f 9510 9501 3304
f 3415 3377 3292
f 6586 6567 6643
f 3322 3365 3400
f 3414 3376 3329
f 3380 3332 12338
f 12930 12899 12900
f 6604 6603 6571
f 12900 12852 12889
f 6605 6604 6572
f 3412 3411 3375
f 3365 3323 3437
f 3304 9491 9510
f 6602 6601 6570
f 12889 12852 12862
f 12564 12603 12578
f 6601 6589 6590
f 3413 3412 3328
f 12578 12616 12615
f 3381 3420 3335
f 12339 12363 12353
f 3299 3352 3351
f 6591 6602 6535
f 3405 6591 3367
f 6634 6633 6610
f 11114 3354 3236
f 3420 3419 3335
f 12784 12785 12799
f 6635 6634 6610
f 6596 3417 3294
f 6636 6635 6556
f 3440 3369 3370
f 12354 12394 12393
f 12395 12433 12394
f 6611 6636 6557
f 6637 6612 6549
f 6612 6611 6548
f 12433 12479 12466
f 3448 3378 3330
f 6638 6613 6614
f 12564 12542 12579
f 6639 6638 6615
f 12394 12433 12432
f 12578 12603 12616
f 12723 12785 12784
f 12564 12579 12603
f 12615 12616 12628
f 6640 6639 6616
f 12368 6573 12384
f 12338 12339 12353
f 3321 3399 3398
f 3411 3468 6595
f 12692 12723 12722
f 3468 6594 6595
f 6641 6583 6584
f 3393 3394 3461
f 12852 12778 12794
f 3394 3434 3461
f 6642 6641 6585
f 6643 6642 6586
f 3400 3399 3364
f 12363 12354 12393
f 6618 6643 6567
f 12673 12648 12559
f 3401 3437 3323
f 3404 6589 12947
f 12628 12709 12692
f 12794 12778 12762
f 12778 12649 12762
f 9520 9500 9501
f 3405 3368 3438
f 12576 12506 12559
f 12900 12876 12852
f 12743 12673 12649
f 9518 9499 9519
f 3368 3369 3438
f 12526 12479 12506
f 3407 3408 3442
f 12526 12466 12479
f 6529 6569 6620
f 3363 12843 3462
f 12778 12743 12649
f 3408 3409 3442
f 12692 12709 12723
f 3371 3406 3441
f 12452 12383 12368
f 12418 12368 12384
f 9501 9510 9520
f 9502 9491 9486
f 3406 3407 3442
f 3330 3417 3449
f 3432 3359 3360
f 12432 12433 12466
f 12930 12917 12899
f 12353 12363 12393
f 12723 12763 12785
f 12338 12353 12352
f 12384 6573 12360
f 12616 12629 12628
f 12579 12604 12603
f 12899 12876 12900
f 6600 6530 6624
f 3409 3410 3443
f 6588 6600 6623
f 12603 12604 12616
f 3403 3402 3366
f 3435 3461 3434
f 12360 6573 3418
f 3415 3416 3447
f 6530 3402 6625
f 12852 12777 12778
f 6605 3379 6630
f 3411 3412 3445
f 9491 9502 9510
f 12525 12466 12526
f 3413 3376 3446
f 3444 3410 6592
f 3397 3363 3462
f 3396 6633 3436
f 9488 9496 9482
f 6598 6603 6628
f 6597 6598 6628
f 12579 12542 12565
f 3399 3463 3398
f 11114 3384 3354
f 6596 6597 6627
f 6635 6636 6652
f 3439 3438 3369
f 3379 3380 6631
f 3359 9493 9486
f 3418 3349 3450
f 3398 12917 12930
f 6577 6613 6655
f 6611 6612 6653
f 6620 6599 6529
f 6637 6577 6654
f 12576 12526 12506
f 12579 12565 12604
f 3378 3448 3472
f 6621 6620 6569
f 3441 3440 3371
f 3382 3422 3338
f 12616 12604 12629
f 12432 12466 12448
f 6632 6575 6651
f 12394 12432 12431
f 12743 12706 12673
f 12723 12724 12763
f 12947 3403 3404
f 3442 3441 3406
f 9493 9492 9486
f 6592 6593 6626
f 3449 3448 3330
f 9486 9492 9502
f 3443 3442 3409
f 6640 6617 6656
f 6593 6594 6626
f 12813 3462 12843
f 6608 6609 6632
f 12393 12394 12431
f 3444 3443 3410
f 6617 6583 6657
f 12626 12576 12559
f 6607 6608 6650
f 6625 6624 6530
f 6624 6623 6600
f 12706 12648 12673
f 3447 3377 3415
f 12431 12432 12448
f 12709 12724 12723
f 6544 6607 6649
f 9476 11114 3178
f 6631 6630 3379
f 6606 6544 6649
f 12575 12526 12576
f 6630 6629 6605
f 6641 6642 6659
f 12917 12888 12899
f 6629 6604 6605
f 6642 6643 6660
f 12648 12626 12559
f 3400 3365 3464
f 3446 3412 3413
f 12525 12505 12466
f 3336 6574 6647
f 3365 3437 3464
f 6643 6618 6661
f 12626 12599 12576
f 3437 3401 3465
f 6591 3405 6602
f 6589 12820 12947
f 12599 12575 12576
f 6628 6627 6597
f 12368 12418 12439
f 12888 12876 12899
f 6652 6634 6635
f 6618 6619 6662
f 6627 3417 6596
f 12876 12861 12852
f 6619 3397 3462
f 12778 12761 12743
f 3440 3439 3369
f 3350 3351 6644
f 12628 12693 12709
f 6631 3380 12338
f 12542 12482 12565
f 6655 6654 6577
f 6654 6612 6637
f 12861 12777 12852
f 12761 12706 12743
f 3472 3416 3378
f 9488 9497 9525
f 6656 6639 6640
f 12384 12360 12369
f 6657 6656 6617
f 3468 6626 6594
f 6632 6650 6608
f 9518 9525 9497
f 3432 3433 3488
f 12820 3403 12947
f 3433 3393 3489
f 6658 6657 6583
f 3359 3432 9493
f 6650 6649 6607
f 6601 12820 6589
f 12777 12761 12778
f 6641 6658 6583
f 12452 12368 12439
f 3435 3436 3490
f 12558 12525 12526
f 12626 12575 12599
f 12709 12693 12724
f 6649 6648 6606
f 12439 12418 12384
f 3400 3463 3399
f 12448 12466 12478
f 3465 3464 3437
f 3352 6646 3351
f 12540 12505 12525
f 6646 6645 3351
f 12352 12353 12392
f 12558 12540 12525
f 6662 6661 6618
f 12478 12466 12505
f 9526 9500 9520
f 3462 6663 6619
f 6645 6644 3351
f 6663 6662 6619
f 12672 12648 12706
f 6644 3477 3350
f 12916 12917 3398
f 3443 3444 3466
f 3422 3382 3478
f 12360 3418 3450
f 3442 3443 3466
f 3421 3422 3478
f 3401 6599 6620
f 12628 12629 12693
f 12761 12719 12706
f 11111 3383 3384
f 6621 6569 6665
f 12719 12672 12706
f 3448 3449 3472
f 9520 9510 9526
f 6569 6587 6665
f 6587 6588 6622
f 3405 12984 6602
f 6622 6588 6666
f 3488 3487 3432
f 12478 12505 12504
f 12876 12851 12861
f 6588 6623 6666
f 3489 3488 3433
f 12392 12353 12393
f 3461 3489 3393
f 6602 12984 6601
f 3432 3487 9493
f 3411 3445 3468
f 3414 3377 3471
f 12760 12761 12777
f 12539 12505 12540
f 3438 12948 3405
f 12648 12575 12626
f 3467 3444 6592
f 3376 3414 3470
f 12851 12777 12861
f 3446 3376 3470
f 12917 12898 12888
f 9496 9488 9517
f 3402 3403 6625
f 6630 6631 6672
f 3463 12916 3398
f 12813 12814 3462
f 3436 6633 6684
f 12539 12504 12505
f 3381 3350 3477
f 3420 3381 3476
f 6633 6634 6685
f 12558 12539 12540
f 6628 6603 6670
f 12760 12719 12761
f 3419 3420 3475
f 9525 9518 9536
f 6634 6652 6686
f 12431 12448 12478
f 12888 12851 12876
f 3349 3419 3474
f 9517 9488 9525
f 3417 6627 3473
f 3439 3440 6667
f 6652 6636 6688
f 12430 12393 12431
f 3450 3349 3474
f 3467 3466 3444
f 6631 12338 12351
f 12452 12439 12399
f 3473 3449 3417
f 12351 12338 12352
f 6575 3421 6651
f 6638 6639 6691
f 6613 6638 6690
f 12439 12384 12399
f 9519 9536 9518
f 12672 12575 12648
f 6636 6611 6689
f 6639 6656 6692
f 12693 12725 12724
f 3416 3472 3495
f 6656 6657 6692
f 6664 3465 3401
f 6620 6664 3401
f 12614 12526 12575
f 6650 6632 6683
f 6626 3468 6669
f 6622 6665 6587
f 12598 12558 12526
f 12431 12478 12465
f 12557 12539 12558
f 12565 12482 12543
f 3447 3471 3377
f 6657 6658 6693
f 12538 12504 12539
f 12393 12430 12392
f 12916 12898 12917
f 12851 12806 12777
f 3471 3470 3414
f 9482 9487 9477
f 3469 3445 3412
f 6658 6641 6659
f 12875 12851 12888
f 12898 12875 12888
f 12614 12598 12526
f 6672 6629 6630
f 6659 6642 6694
f 3441 6667 3440
f 6574 6606 6648
f 3400 3464 3491
f 6685 6684 6633
f 3352 3336 6681
f 3477 3476 3381
f 12806 12760 12777
f 12384 12369 12399
f 12598 12574 12558
f 6686 6685 6634
f 12574 12557 12558
f 12557 12538 12539
f 3476 3475 3420
f 12629 12676 12693
f 12960 12916 3463
f 6604 6670 6603
f 3475 3474 3419
f 3412 3446 12344
f 6687 6686 6652
f 6688 6687 6652
f 12430 12431 12465
f 3466 3467 12682
f 3497 6651 3421
f 3487 9494 9493
f 6691 6690 6638
f 12799 12814 12813
f 6692 6691 6639
f 6690 6655 6613
f 6668 3467 6592
f 12614 12575 12672
f 6653 6689 6611
f 6654 6653 6612
f 9527 9526 9510
f 12724 12726 12763
f 6651 6683 6632
f 6626 6668 6592
f 3495 3447 3416
f 12352 12392 12378
f 12916 12875 12898
f 9536 9535 9525
f 12482 12452 12483
f 6650 6682 6649
f 3489 3461 3508
f 9521 9510 9502
f 3461 3435 3508
f 12763 12726 12785
f 11110 3267 3383
f 3438 12907 12948
f 3439 12907 3438
f 3491 3463 3400
f 12538 12478 12504
f 6647 6681 3336
f 3405 12948 12984
f 6660 6694 6642
f 3446 3470 12327
f 6661 6660 6643
f 6601 12634 12820
f 12598 12557 12574
f 9477 9481 9476
f 12850 12806 12851
f 3487 3507 9494
f 3442 3466 3493
f 6667 3441 12828
f 12344 3446 12327
f 12661 3491 3464
f 3441 3442 3493
f 12604 12617 12629
f 6672 6631 12351
f 9517 9525 9535
f 12369 12360 3450
f 9510 9521 9527
f 9536 9519 9541
f 6620 6621 6675
f 9511 9502 9492
f 3488 3507 3487
f 3465 6664 6673
f 6621 6665 6676
f 3467 12642 12682
f 12875 12850 12851
f 6664 6620 6675
f 12814 12815 3462
f 9503 9492 9493
f 12482 12483 12530
f 9487 9481 9477
f 12524 12478 12538
f 9487 9482 9496
f 3490 3508 3435
f 3441 3492 12828
f 9519 9500 9541
f 6665 6622 6677
f 12524 12465 12478
f 12597 12557 12598
f 12724 12725 12726
f 12543 12482 12530
f 12524 12538 12557
f 12483 12452 12399
f 3490 3436 6699
f 3436 6684 6699
f 12837 12760 12806
f 12785 12786 12799
f 3469 3412 12344
f 12392 12430 12429
f 12850 12837 12806
f 9535 9536 9540
f 9502 9511 9521
f 12378 12392 12429
f 6604 6629 6680
f 12693 12726 12725
f 3474 3475 3496
f 12614 12613 12598
f 12726 12786 12785
f 12980 12960 3463
f 3467 6668 12642
f 12613 12597 12598
f 9493 9494 9504
f 6627 6628 6678
f 3473 6627 6678
f 12799 12800 12814
f 12742 12719 12760
f 6688 6636 6701
f 3493 3492 3441
f 3439 6667 12907
f 3465 6673 3464
f 12906 6624 6625
f 12948 12985 12984
f 3478 3497 3421
f 6690 6691 6702
f 6691 6692 6703
f 6655 6690 6702
f 12874 12850 12875
f 9541 9540 9536
f 12719 12614 12672
f 3450 3474 3496
f 12351 12352 12378
f 6676 6675 6621
f 6657 6693 6704
f 6624 6666 6623
f 6674 6673 6664
f 3468 3445 12456
f 6669 3468 12456
f 12604 12565 12543
f 6675 6674 6664
f 6682 6650 6698
f 12430 12465 12464
f 6693 6658 6705
f 6665 6677 6676
f 12464 12465 12491
f 3267 11110 3339
f 12524 12491 12465
f 6648 6649 6697
f 6658 6659 6706
f 6629 6672 12332
f 3495 3494 3447
f 9504 9503 9493
f 12429 12430 12464
f 9475 9476 9481
f 6662 6663 6710
f 6660 6661 6708
f 12820 12821 3403
f 6671 6680 6629
f 3476 3496 3475
f 6680 6679 6604
f 12693 12676 12726
f 6661 6662 6709
f 12786 12800 12799
f 12604 12605 12617
f 6679 6670 6604
f 12800 12815 12814
f 9535 9534 9517
f 6700 6687 6688
f 3466 12682 3493
f 11114 11113 3384
f 6663 3462 6711
f 6701 6700 6688
f 6670 6678 6628
f 6644 6645 6696
f 6673 12661 3464
f 3469 12344 12370
f 12614 12597 12613
f 6689 6701 6636
f 9540 9539 9535
f 12849 12874 12875
f 6669 12498 6626
f 6704 6692 6657
f 6703 6702 6691
f 9494 3507 9504
f 11113 11112 3384
f 6702 6654 6655
f 12980 12966 12960
f 12960 12940 12916
f 6705 6704 6693
f 6671 6629 12332
f 6683 6698 6650
f 3507 3488 3526
f 6667 12828 12867
f 12604 12543 12605
f 3488 3489 3527
f 3489 3508 3527
f 12327 3470 12315
f 6706 6705 6658
f 9512 9511 9492
f 12984 12985 6601
f 12490 12491 12524
f 3470 3471 12315
f 3508 3490 3528
f 9522 9521 9511
f 11112 11111 3384
f 3403 12906 6625
f 6669 12456 12498
f 9492 9503 9512
f 9534 9535 9539
f 12634 12821 12820
f 6707 6706 6659
f 12617 12630 12629
f 6711 6710 6663
f 6648 6647 6574
f 3491 12995 3463
f 12617 12605 12630
f 6646 6696 6645
f 6709 6708 6661
f 12596 12524 12557
f 12625 12597 12614
f 12596 12557 12597
f 6710 6709 6662
f 12837 12742 12760
f 12429 12464 12447
f 12995 12980 3463
f 3449 3473 3510
f 6601 12635 12634
f 12849 12850 12874
f 6668 6626 12498
f 6696 6695 6644
f 3472 3449 3509
f 9496 9517 9534
f 12370 12344 12327
f 6695 3477 6644
f 12464 12491 12447
f 6672 12351 12337
f 9487 9495 9481
f 12625 12596 12597
f 12985 12635 6601
f 12821 12866 3403
f 9495 9487 9496
f 3527 3526 3488
f 3492 12789 12828
f 6673 12659 12661
f 3528 3527 3508
f 12915 12875 12916
f 12966 12940 12960
f 12940 12915 12916
f 12337 12351 12378
f 3490 6699 3528
f 9481 9480 9475
f 12948 12973 12985
f 12642 12662 12682
f 12866 12906 3403
f 12815 6711 3462
f 3493 12766 3492
f 3445 3469 12422
f 12742 12614 12719
f 9511 9512 9522
f 6684 6685 6718
f 12332 6672 12337
f 12634 12635 12821
f 12447 12491 12490
f 3471 3447 3494
f 12849 12837 12850
f 11110 3383 11111
f 6687 6700 6719
f 12824 6622 6666
f 12399 12369 12419
f 12682 12697 3493
f 6678 6670 6712
f 12605 12543 12580
f 6700 6701 6721
f 12523 12490 12524
f 3510 3509 3449
f 3509 3495 3472
f 9505 9504 3507
f 3473 6678 6712
f 12750 12866 12821
f 6624 12824 6666
f 6668 12498 12584
f 12922 6677 6622
f 6683 6651 6716
f 6689 6653 6722
f 12995 12979 12980
f 6692 6704 6726
f 6703 6692 6724
f 6653 6654 6722
f 6702 6703 6723
f 6654 6702 6723
f 6704 6705 6726
f 6698 6683 6715
f 9476 9475 11116
f 12635 12750 12821
f 9503 9504 9513
f 3492 12766 12789
f 12979 12966 12980
f 6649 6682 6713
f 6680 6671 12332
f 12837 12741 12742
f 12642 6668 12662
f 12985 12973 12635
f 6710 6711 12844
f 9476 11116 11115
f 12671 12625 12614
f 6706 6707 6727
f 12456 3445 12422
f 9476 11115 11114
f 6707 6659 6728
f 12959 12940 12966
f 6676 12881 6675
f 6717 6699 6684
f 12906 12751 6624
f 6718 6717 6684
f 6660 6708 6729
f 3507 3526 9505
f 3510 3473 6712
f 6659 6694 6728
f 9480 9481 9495
f 9513 9512 9503
f 6694 6660 6728
f 6708 6709 6729
f 6719 6686 6687
f 6675 12881 6674
f 12682 12662 12697
f 12422 3469 12370
f 6720 6719 6700
f 12824 12922 6622
f 3491 12994 12995
f 12378 12429 12411
f 12922 12964 6677
f 6721 6720 6700
f 12907 12926 12948
f 12419 12369 12400
f 12629 12630 12676
f 3339 11108 3382
f 12897 12849 12875
f 12605 12580 12606
f 12741 12614 12742
f 12915 12897 12875
f 6726 6725 6692
f 6725 6724 6692
f 6716 6715 6683
f 12718 12671 12614
f 12994 12979 12995
f 6724 6723 6703
f 6674 12659 6673
f 6677 12881 6676
f 12661 12994 3491
f 12400 12369 3450
f 6727 6705 6706
f 12670 12625 12671
f 6698 6714 6682
f 9537 9527 9521
f 6714 6713 6682
f 12315 3471 3494
f 6713 6697 6649
f 12948 12949 12973
f 9528 9521 9522
f 12751 12824 6624
f 12676 12728 12726
f 6728 6727 6707
f 6667 12908 12907
f 12612 12524 12596
f 9523 9522 9512
f 12979 12959 12966
f 12705 12670 12671
f 12741 12718 12614
f 12822 12751 12906
f 12866 12822 12906
f 6729 6728 6660
f 12718 12705 12671
f 12332 12337 12320
f 6681 6646 3352
f 6680 12332 12320
f 12580 12543 12566
f 12543 12530 12566
f 12625 12612 12596
f 12337 12378 12391
f 12411 12429 12447
f 3509 3510 3529
f 3495 3509 3529
f 12897 12873 12849
f 12964 12924 6677
f 3450 3496 12385
f 12837 12805 12741
f 12385 3496 3476
f 12391 12378 12411
f 12926 12949 12948
f 12907 12908 12926
f 6677 12925 12881
f 11110 11109 3339
f 12815 12816 6711
f 9550 9500 9526
f 6679 6680 12312
f 12994 12978 12979
f 9540 9541 9557
f 12750 12822 12866
f 12816 12844 6711
f 6668 12663 12662
f 12923 12964 12922
f 12939 12915 12940
f 12959 12939 12940
f 12419 12400 12401
f 12704 12670 12705
f 9526 9527 9550
f 9522 9523 9528
f 12740 12718 12741
f 9539 9540 9557
f 6677 12924 12925
f 12704 12705 12718
f 6667 12867 12908
f 12662 12663 12697
f 6685 6686 6733
f 12606 12580 12566
f 9521 9528 9537
f 12399 12419 12440
f 12400 3450 12401
f 12612 12625 12670
f 6686 6719 6733
f 10949 10950 10995
f 11109 11108 3339
f 12630 12631 12676
f 6720 6721 6734
f 3510 6712 3529
f 9539 9549 9534
f 9541 9500 9558
f 3529 12301 3495
f 12523 12524 12612
f 10996 10995 10950
f 12530 12483 12510
f 6721 6701 6736
f 12704 12612 12670
f 12635 12636 12750
f 12740 12704 12718
f 12605 12631 12630
f 12401 3450 12385
f 10962 10949 10995
f 6701 6689 6737
f 3494 3495 12307
f 12849 12805 12837
f 12661 12998 12994
f 12440 12419 12401
f 10950 10949 10929
f 12697 12754 3493
f 12637 12822 12750
f 6722 6654 6738
f 10995 10996 11016
f 12973 12636 12635
f 12964 12826 12924
f 12566 12530 12510
f 6724 6725 6740
f 6725 6726 6741
f 6723 6724 6739
f 10928 10929 10949
f 12923 12826 12964
f 6698 6715 6732
f 6654 6723 6739
f 11016 11015 10995
f 12659 12660 12661
f 12320 12337 12350
f 12925 12764 12881
f 10949 10948 10928
f 10962 10995 11015
f 6668 12584 12663
f 12939 12897 12915
f 12823 12751 12822
f 12636 12637 12750
f 11017 11016 10996
f 10948 10949 10962
f 10997 10996 10950
f 9558 9557 9541
f 12908 12909 12926
f 12978 12959 12979
f 6679 12312 12311
f 6733 6718 6685
f 10951 10950 10929
f 3493 12754 12766
f 12828 12829 12867
f 12697 12663 12712
f 12800 12816 12815
f 12660 12998 12661
f 12489 12490 12523
f 6734 6719 6720
f 9557 9556 9539
f 9549 9539 9556
f 12789 12829 12828
f 6735 6734 6721
f 6695 12386 3477
f 12924 12764 12925
f 6695 6696 6730
f 12726 12728 12786
f 6729 6709 6742
f 6736 6735 6721
f 11015 11014 10962
f 11015 11016 11036
f 12605 12606 12631
f 10929 10928 10900
f 10950 10963 10997
f 12307 3495 12301
f 6737 6736 6701
f 10950 10951 10963
f 11108 3478 3382
f 10928 10898 10899
f 6712 6670 12303
f 6722 6737 6689
f 12689 12612 12704
f 10898 10928 10948
f 12867 12909 12908
f 10899 10900 10928
f 6739 6738 6654
f 6741 6740 6725
f 12881 12765 6674
f 6740 6739 6724
f 12973 12986 12636
f 11014 11015 11035
f 6732 6714 6698
f 6727 6726 6705
f 12498 12456 12484
f 12428 12411 12447
f 11018 11017 10996
f 11016 11017 11037
f 12637 12823 12822
f 11036 11035 11015
f 12447 12490 12489
f 6670 6679 12311
f 12370 12327 12371
f 10962 10994 10948
f 12740 12689 12704
f 12312 6680 12319
f 12315 3494 12328
f 12776 12741 12805
f 12873 12805 12849
f 10929 10930 10951
f 12566 12510 12567
f 12766 12790 12789
f 6742 6728 6729
f 12302 3529 6712
f 12924 12827 12764
f 11014 11013 10962
f 6697 6647 6648
f 12456 12422 12473
f 10996 10997 11018
f 12327 12315 12334
f 11037 11036 11016
f 12958 12939 12959
f 10930 10929 10900
f 12825 12923 12922
f 12789 12802 12829
f 11114 11115 11116
f 12998 12993 12994
f 12973 12949 12986
f 12311 12312 12319
f 12978 12958 12959
f 12498 12547 12584
f 12498 12484 12546
f 12328 3494 12307
f 6731 6730 6696
f 11035 11034 11014
f 12660 12993 12998
f 12764 12765 12881
f 12817 6710 12844
f 12816 12817 12844
f 10994 10962 11013
f 12924 12826 12827
f 12371 12327 12334
f 12422 12370 12406
f 11013 11014 11034
f 3497 3478 3543
f 6680 12320 12319
f 12334 12315 12328
f 12391 12411 12428
f 12789 12790 12802
f 12483 12399 12471
f 12867 12856 12909
f 11017 11018 11037
f 12993 12978 12994
f 12926 12909 12949
f 12385 3476 12402
f 12584 12643 12663
f 12765 12658 6674
f 6695 6730 12386
f 12303 6670 12311
f 12663 12698 12712
f 6674 12658 12659
f 12829 12856 12867
f 9529 9528 9523
f 10998 10997 10963
f 9504 9505 9513
f 3527 3528 6745
f 12754 12755 12766
f 10899 10898 10869
f 3528 6699 6746
f 12638 12751 12823
f 12939 12914 12897
f 12637 12638 12823
f 10900 10899 10840
f 12631 12677 12676
f 12402 3476 3477
f 10964 10963 10951
f 12498 12546 12547
f 12659 12993 12660
f 9549 9548 9534
f 12301 3529 12308
f 12712 12731 12697
f 6699 6717 6747
f 12825 12826 12923
f 10948 10927 10898
f 12337 12391 12390
f 11035 11036 11051
f 12824 12825 12922
f 12836 12776 12805
f 11034 11035 11050
f 12766 12755 12790
f 11034 11033 11013
f 12606 12632 12631
f 6733 6719 6748
f 12510 12483 12471
f 12406 12370 12371
f 6719 6734 6749
f 12473 12422 12406
f 6710 12845 6709
f 12776 12740 12741
f 6734 6735 6749
f 12697 12755 12754
f 9506 3526 3527
f 11116 11113 11114
f 9514 9505 3526
f 12456 12473 12484
f 6735 6736 6750
f 10869 10840 10899
f 9523 9512 9529
f 12319 12320 12336
f 10952 10951 10930
f 12663 12643 12698
f 12336 12320 12350
f 12712 12698 12731
f 12307 12301 12316
f 6651 3497 3543
f 6736 6737 6752
f 11013 11012 10994
f 6716 6651 3554
f 10900 10901 10930
f 11036 11037 11052
f 10927 10948 10994
f 12845 6742 6709
f 6715 6716 6744
f 12914 12873 12897
f 10963 10964 10998
f 12697 12731 12755
f 12993 12958 12978
f 12689 12523 12612
f 6732 6715 6744
f 11019 11018 10997
f 11051 11050 11035
f 11012 11013 11033
f 6697 6713 6743
f 12402 3477 12386
f 12829 12846 12856
f 6712 12303 12310
f 6746 6745 3528
f 12399 12440 12471
f 6727 6728 6753
f 6747 6746 6699
f 12659 12992 12993
f 11038 11037 11018
f 12631 12632 12677
f 10997 10998 11019
f 11052 11051 11036
f 12350 12337 12390
f 10951 10952 10964
f 10901 10900 10840
f 11050 11033 11034
f 12958 12914 12939
f 6718 6747 6717
f 9496 9534 9548
f 9549 9556 9567
f 12606 12566 12581
f 12606 12581 12632
f 12829 12802 12846
f 12317 12301 12308
f 12800 12817 12816
f 12473 12406 12442
f 12316 12301 12317
f 6749 6748 6719
f 12658 12992 12659
f 3526 9506 9514
f 10868 10869 10898
f 6750 6749 6735
f 12328 12307 12316
f 12440 12401 12441
f 9557 9567 9556
f 6751 6750 6736
f 6752 6751 6736
f 12739 12689 12740
f 12873 12836 12805
f 3543 3554 6651
f 3527 6745 9506
f 11033 11032 11012
f 12914 12887 12873
f 12739 12717 12689
f 10840 10869 10805
f 9500 9550 9558
f 12669 12523 12689
f 12909 12927 12949
f 12698 12732 12731
f 6712 12310 12309
f 11018 11019 11038
f 12441 12401 12385
f 12731 12732 12755
f 6714 6743 6713
f 10897 10898 10927
f 11053 11052 11037
f 12636 12997 12637
f 12776 12739 12740
f 6753 6726 6727
f 12473 12442 12484
f 10931 10930 10901
f 11116 9475 11123
f 11037 11038 11053
f 10930 10931 10952
f 11050 11051 11065
f 12334 12328 12345
f 12303 12311 12310
f 6742 6753 6728
f 12371 12334 12345
f 12302 6712 12309
f 12817 12818 6710
f 10869 10868 10805
f 10993 10994 11012
f 10898 10897 10868
f 12717 12669 12689
f 9514 9513 9505
f 12997 12638 12637
f 12856 12927 12909
f 12420 12402 12386
f 12825 12753 12826
f 11051 11052 11066
f 6646 6731 6696
f 12993 12977 12958
f 11032 11033 11049
f 12986 12997 12636
f 12311 12319 12331
f 11033 11050 11064
f 9542 9537 9528
f 12765 12657 12658
f 12428 12447 12446
f 12818 12845 6710
f 12949 12950 12986
f 12827 12655 12764
f 12522 12489 12523
f 11066 11065 11051
f 11012 11011 10993
f 12927 12950 12949
f 10965 10964 10952
f 12856 12846 12868
f 10999 10998 10964
f 12677 12652 12676
f 12887 12836 12873
f 12317 12308 3529
f 11065 11064 11050
f 9567 9566 9549
f 12655 12827 12826
f 11112 11113 11122
f 11032 11031 11012
f 10994 10993 10927
f 11067 11066 11052
f 11124 11123 9475
f 12584 12547 12643
f 12446 12447 12489
f 12958 12938 12914
f 12992 12977 12993
f 11039 11038 11019
f 12856 12910 12927
f 12319 12336 12331
f 12676 12727 12728
f 12377 12350 12390
f 12800 12787 12817
f 12737 12739 12776
f 12764 12657 12765
f 12632 12652 12677
f 12751 12639 12824
f 11068 11067 11052
f 12845 12819 6742
f 12581 12618 12632
f 11011 11012 11031
f 12566 12567 12581
f 12716 12669 12717
f 11052 11053 11068
f 11020 11019 10998
f 12738 12717 12739
f 9548 9549 9566
f 11123 11113 11116
f 12790 12767 12802
f 12546 12484 12499
f 12986 12974 12997
f 12371 12345 12372
f 11111 11112 11121
f 11065 11066 11078
f 12391 12428 12446
f 12753 12655 12826
f 12638 12639 12751
f 12658 12657 12992
f 12950 12974 12986
f 12856 12868 12910
f 9557 9558 9577
f 9567 9557 9576
f 11054 11053 11038
f 6750 6751 6770
f 12927 12910 12950
f 12752 12825 12824
f 12420 12386 6730
f 10840 10841 10901
f 11066 11067 11079
f 12311 12331 12310
f 12318 12302 12309
f 6751 6752 6771
f 10927 10926 10897
f 11078 11077 11065
f 12336 12350 12377
f 12522 12523 12537
f 12406 12371 12372
f 10839 10805 10868
f 11064 11065 11077
f 11038 11039 11054
f 12655 12656 12764
f 11109 11119 11108
f 10964 10965 10999
f 11079 11078 11066
f 12755 12767 12790
f 12676 12652 12727
f 3555 3543 3478
f 6752 6737 6772
f 3478 11108 11118
f 12510 12471 12531
f 11110 11111 11121
f 12738 12716 12717
f 11064 11063 11033
f 12786 12787 12800
f 12764 12656 12657
f 11067 11068 11079
f 6737 6722 6773
f 12992 12976 12977
f 12732 12767 12755
f 6732 6744 6768
f 12556 12537 12523
f 12938 12887 12914
f 11049 11033 11063
f 12787 12818 12817
f 6743 6714 6767
f 6738 6739 6774
f 9507 9506 6745
f 12484 12442 12474
f 12632 12618 12652
f 12639 12752 12824
f 12669 12595 12523
f 6740 6741 6776
f 10998 10999 11020
f 6739 6740 6775
f 10993 10992 10927
f 11053 11054 11068
f 12698 12733 12732
f 11040 11039 11019
f 6741 6726 6776
f 6726 6753 6778
f 12643 12683 12698
f 11011 11010 10993
f 12997 12987 12638
f 11077 11076 11064
f 12657 12976 12992
f 12752 12753 12825
f 12546 12499 12547
f 12987 12639 12638
f 11122 11121 11112
f 11049 11048 11032
f 12503 12489 12522
f 12385 12402 12420
f 11080 11079 11068
f 12471 12440 12441
f 12390 12391 12446
f 11077 11078 11089
f 10901 10902 10931
f 12643 12684 12683
f 9577 9576 9557
f 11078 11079 11091
f 6748 6718 6733
f 11119 11118 11108
f 11031 11032 11048
f 12868 12892 12910
f 6769 6748 6749
f 6646 6681 6766
f 3555 3478 11117
f 6770 6749 6750
f 12503 12522 12537
f 6771 6770 6751
f 11010 11011 11031
f 11063 11064 11076
f 12484 12474 12499
f 9528 9529 9542
f 9513 9514 9530
f 6772 6771 6752
f 11069 11068 11054
f 9530 9512 9513
f 12974 12987 12997
f 12503 12446 12489
f 12581 12567 12568
f 11090 11089 11078
f 12567 12510 12568
f 11039 11040 11054
f 12759 12738 12739
f 11091 11090 11078
f 11019 11020 11040
f 12977 12957 12958
f 12309 12310 12330
f 3554 6744 6716
f 6773 6772 6737
f 10992 10993 11010
f 12957 12938 12958
f 12698 12683 12733
f 9558 9550 9578
f 12345 12328 12361
f 6738 6773 6722
f 11076 11077 11088
f 10961 10927 10992
f 6732 6767 6714
f 11079 11080 11092
f 9576 9566 9567
f 3478 11118 11117
f 12767 12830 12802
f 11123 11124 11130
f 11081 11080 11068
f 12640 12752 12639
f 12976 12929 12977
f 11089 11088 11077
f 12737 12759 12739
f 12595 12556 12523
f 9475 9480 9516
f 12910 12935 12950
f 12643 12547 12684
f 12361 12328 12316
f 6777 6776 6726
f 6775 6774 6739
f 11054 11055 11069
f 12329 3529 12302
f 11048 11049 11063
f 6778 6777 6726
f 11092 11091 11079
f 12317 3529 12329
f 12716 12688 12669
f 12641 12655 12753
f 11068 11069 11081
f 12390 12446 12427
f 10902 10901 10841
f 11113 11123 11130
f 12640 12753 12752
f 12759 12716 12738
f 12372 12345 12361
f 12818 12819 12845
f 12929 12957 12977
f 11076 11075 11063
f 12441 12385 12453
f 12547 12499 12512
f 11055 11054 11040
f 12802 12830 12846
f 6745 6746 9507
f 12688 12595 12669
f 9548 9555 9496
f 12453 12385 12420
f 12819 6753 6742
f 6647 6766 6681
f 12652 12728 12727
f 12950 12935 12974
f 11080 11081 11092
f 12868 12846 12892
f 10966 10965 10952
f 10926 10927 10961
f 12346 12316 12317
f 12793 12776 12836
f 12471 12441 12472
f 10953 10952 10931
f 12499 12474 12485
f 12442 12406 12372
f 3543 3555 3575
f 3554 3543 3575
f 12640 12641 12753
f 12728 12787 12786
f 12474 12442 12457
f 12329 12302 12318
f 11131 11130 11124
f 11090 11091 11100
f 11089 11090 11099
f 12568 12510 12531
f 11031 11030 11010
f 12793 12737 12776
f 11000 10999 10965
f 12581 12568 12582
f 12361 12316 12346
f 12547 12512 12548
f 11075 11076 11087
f 11088 11087 11076
f 11048 11063 11075
f 12887 12860 12836
f 12668 12688 12716
f 12737 12716 12759
f 11070 11069 11055
f 12929 12887 12938
f 12335 12317 12329
f 12684 12664 12683
f 12957 12929 12938
f 12472 12441 12453
f 11021 11020 10999
f 11010 11009 10992
f 12657 12936 12976
f 12331 12336 12362
f 12547 12664 12684
f 12732 12733 12767
f 9530 9529 9512
f 10992 10991 10961
f 11121 11122 11129
f 12499 12485 12486
f 12407 12372 12388
f 12668 12595 12688
f 12388 12372 12361
f 12846 12830 12892
f 11020 11021 11040
f 12442 12372 12407
f 9542 9543 9537
f 3575 3555 11117
f 11088 11089 11098
f 12892 12935 12910
f 6749 6770 6769
f 11048 11047 11031
f 11118 11119 11120
f 9543 9542 9529
f 11091 11092 11102
f 12457 12442 12407
f 12485 12474 12457
f 12683 12664 12733
f 11040 11041 11055
f 11100 11099 11090
f 6771 6772 6787
f 9495 9496 9555
f 12594 12556 12595
f 11101 11100 11091
f 12573 12537 12556
f 11093 11092 11081
f 10804 10805 10839
f 6772 6773 6787
f 12737 12668 12716
f 12362 12336 12377
f 10961 10979 10926
f 9566 9576 9592
f 12453 12420 6730
f 11082 11081 11069
f 6773 6738 6788
f 12547 12548 12585
f 12499 12486 12512
f 12547 12621 12644
f 12335 12329 12318
f 12318 12309 12330
f 12330 12310 12349
f 10932 10931 10902
f 6767 6732 6784
f 12547 12644 12664
f 10838 10868 10897
f 12547 12585 12621
f 12310 12331 12349
f 11030 11031 11047
f 11099 11098 11089
f 6743 6767 6783
f 6738 6774 6790
f 10991 10992 11009
f 11009 11010 11030
f 11041 11040 11021
f 12548 12512 12514
f 11102 11101 11091
f 12987 12640 12639
f 10805 10806 10840
f 10868 10838 10839
f 12346 12317 12335
f 12573 12503 12537
f 11075 11074 11048
f 12594 12573 12556
f 6697 6743 6781
f 10979 10961 10991
f 12656 12936 12657
f 11069 11070 11082
f 9577 9592 9576
f 6778 6753 6791
f 10952 10953 10966
f 12485 12457 12486
f 9516 9515 9475
f 10965 10966 11000
f 10999 11000 11021
f 6786 6747 6718
f 12976 12965 12929
f 12733 12713 12767
f 11092 11093 11102
f 6647 6697 6780
f 6748 6786 6718
f 12655 12989 12656
f 12819 6791 6753
f 11117 11118 11120
f 12377 12390 12427
f 6766 6647 6779
f 12935 12951 12974
f 12388 12361 12346
f 6787 6770 6771
f 11129 11110 11121
f 12664 12713 12733
f 10931 10932 10953
f 12349 12331 12362
f 9495 9516 9480
f 12548 12514 12549
f 9578 9577 9558
f 11081 11082 11093
f 6788 6787 6773
f 12936 12965 12976
f 6789 6788 6738
f 11056 11055 11041
f 11087 11086 11075
f 11087 11088 11097
f 6790 6789 6738
f 12951 12987 12974
f 6768 6784 6732
f 11021 11022 11041
f 6784 6783 6767
f 9515 11124 9475
f 12486 12457 12475
f 12988 12641 12640
f 6783 6782 6743
f 11098 11097 11088
f 12611 12594 12595
f 11074 11075 11086
f 6782 6781 6743
f 11042 11041 11022
f 12987 12953 12640
f 12427 12446 12477
f 12453 6730 12454
f 10841 10840 10806
f 6781 6780 6697
f 10805 10804 10789
f 12548 12549 12585
f 12787 12801 12818
f 11071 11070 11055
f 11062 11048 11074
f 11113 11130 11136
f 12347 12335 12318
f 12641 12989 12655
f 11099 11100 11104
f 12512 12486 12513
f 12457 12407 12443
f 11048 11062 11047
f 12936 12937 12965
f 11022 11021 11000
f 11100 11101 11105
f 12621 12585 12644
f 12678 12710 12652
f 9529 9530 9544
f 12836 12792 12793
f 11041 11042 11056
f 12475 12457 12443
f 11119 11109 11128
f 12573 12555 12503
f 9568 9527 9537
f 12668 12611 12595
f 10839 10838 10804
f 12951 12953 12987
f 10806 10805 10789
f 6766 6731 6646
f 12502 12446 12503
f 12512 12513 12514
f 12937 12929 12965
f 12611 12573 12594
f 12953 12988 12640
f 9544 9543 9529
f 11030 11029 11009
f 12830 12882 12892
f 3554 3575 3596
f 11101 11102 11106
f 12801 12819 12818
f 12792 12737 12793
f 11098 11099 11103
f 11055 11056 11071
f 12426 12427 12477
f 12502 12477 12446
f 12377 12427 12426
f 11120 11119 11128
f 10979 10978 10926
f 11110 11128 11109
f 10925 10897 10926
f 12346 12335 12347
f 12347 12318 12348
f 9592 9577 9608
f 11070 11071 11082
f 12407 12388 12408
f 12472 12453 12454
f 11009 11008 10991
f 12318 12330 12348
f 9593 9578 9550
f 12549 12586 12585
f 12388 12346 12408
f 11094 11093 11082
f 12652 12710 12728
f 12443 12407 12408
f 10991 10990 10979
f 10903 10902 10841
f 9577 9578 9608
f 12767 12713 12830
f 11047 11046 11030
f 11086 11087 11097
f 12860 12792 12836
f 9566 9592 9607
f 12975 12989 12641
f 10902 10903 10932
f 9550 9527 9593
f 10788 10789 10804
f 12678 12694 12710
f 11105 11104 11100
f 12935 12952 12951
f 11104 11103 11099
f 3596 3575 11117
f 11136 11122 11113
f 12896 12887 12929
f 12652 12618 12678
f 11074 11085 11062
f 6770 6787 6816
f 12585 12645 12644
f 12892 12882 12935
f 12988 12954 12641
f 12362 12377 12426
f 12952 12953 12951
f 12513 12486 12514
f 12989 12936 12656
f 11106 11105 11101
f 12581 12582 12583
f 6787 6788 6817
f 12475 12443 12458
f 11043 11042 11022
f 6788 6789 6817
f 12644 12665 12664
f 11074 11086 11085
f 11102 11093 11106
f 9566 9591 9548
f 6789 6790 6818
f 11000 11001 11022
f 12471 12472 12496
f 6744 3554 3612
f 12443 12408 12444
f 9608 9607 9592
f 12581 12583 12618
f 11098 11103 11097
f 12644 12645 12665
f 11001 11000 10966
f 12954 12975 12641
f 6790 6774 6819
f 12531 12471 12511
f 6782 6783 6809
f 12937 12896 12929
f 12568 12531 12569
f 12728 12746 12787
f 12585 12586 12645
f 10925 10926 10978
f 11029 11030 11046
f 12454 6730 12455
f 12458 12443 12444
f 6774 6775 6820
f 12935 12928 12952
f 12952 12928 12953
f 12582 12568 12569
f 11008 11009 11029
f 12882 12928 12935
f 6775 6740 6822
f 10978 10979 10990
f 12373 12346 12347
f 12953 12954 12988
f 12514 12486 12475
f 6740 6776 6822
f 6814 6746 6747
f 12349 12362 12376
f 12330 12349 12376
f 11128 11127 11120
f 12775 12668 12737
f 11062 11061 11047
f 12713 12857 12830
f 12549 12514 12532
f 10804 10803 10788
f 12463 12426 12477
f 9607 9606 9566
f 10803 10804 10838
f 6815 6786 6748
f 11057 11056 11042
f 6769 6815 6748
f 12989 12956 12936
f 12664 12699 12713
f 6816 6769 6770
f 11117 11120 11126
f 12496 12472 12454
f 12511 12471 12496
f 10990 10991 11008
f 9591 9566 9606
f 6731 6807 6730
f 12896 12860 12887
f 11023 11022 11001
f 6817 6816 6787
f 12975 12956 12989
f 6731 6766 6808
f 12792 12775 12737
f 11022 11023 11043
f 12687 12611 12668
f 9555 9548 9591
f 6818 6817 6789
f 11082 11071 11094
f 10967 10966 10953
f 9537 9559 9568
f 10789 10735 10806
f 12857 12882 12830
f 6819 6818 6790
f 10806 10807 10841
f 12593 12573 12611
f 3612 6810 6744
f 6810 6768 6744
f 12713 12699 12756
f 12787 12788 12801
f 9559 9537 9543
f 12549 12532 12586
f 12375 12330 12376
f 11061 11062 11085
f 11128 11110 11134
f 12936 12896 12937
f 11046 11047 11061
f 12736 12687 12668
f 12664 12665 12699
f 6820 6819 6774
f 11127 11126 11120
f 10789 10788 10734
f 9524 9506 9507
f 12374 12347 12348
f 6821 6820 6775
f 12896 12848 12860
f 12502 12503 12536
f 9594 9593 9527
f 12375 12348 12330
f 11056 11057 11071
f 6822 6821 6775
f 12746 12788 12787
f 12687 12624 12611
f 12555 12536 12503
f 12624 12593 12611
f 6777 6822 6776
f 11042 11043 11057
f 11107 11106 11093
f 10966 10967 11001
f 11085 11086 11183
f 12514 12475 12476
f 12618 12679 12678
f 12678 12679 12694
f 12882 12911 12928
f 11086 11097 11184
f 6823 6777 6778
f 3596 11117 11125
f 12475 12458 12476
f 6780 6779 6647
f 12728 12710 12746
f 12936 12913 12896
f 10933 10953 10932
f 10841 10870 10903
f 12791 12775 12792
f 11135 11134 11110
f 12736 12668 12775
f 12928 12911 12953
f 11093 11094 11107
f 12955 12975 12954
f 10870 10841 10807
f 11122 11136 11143
f 12913 12848 12896
f 10787 10788 10803
f 6779 6808 6766
f 12408 12346 12409
f 12848 12792 12860
f 12502 12463 12477
f 12953 12911 12954
f 10933 10932 10903
f 3554 3596 3613
f 12476 12458 12444
f 12894 12956 12975
f 11103 11186 11097
f 12791 12736 12775
f 12956 12895 12936
f 12409 12346 12373
f 12955 12894 12975
f 10807 10806 10735
f 10802 10897 10925
f 11126 11125 11117
f 12514 12476 12515
f 12444 12408 12409
f 10788 10787 10734
f 10735 10789 10734
f 10897 10802 10838
f 11106 11173 11105
f 10990 10989 10978
f 12373 12347 12374
f 9527 9568 9594
f 12586 12665 12645
f 12713 12803 12857
f 12362 12426 12445
f 12936 12895 12913
f 12801 6883 12819
f 12445 12426 12463
f 12514 12515 12532
f 12694 12679 12710
f 12554 12536 12555
f 11106 11107 11173
f 11103 11104 11186
f 12389 12348 12375
f 12586 12532 12587
f 6883 6791 12819
f 11061 11085 11181
f 11184 11183 11086
f 9551 9543 9544
f 11183 11182 11085
f 9507 6746 9524
f 12554 12555 12573
f 6747 6786 6854
f 12618 12653 12679
f 12857 12869 12882
f 11185 11184 11097
f 12586 12587 12609
f 11095 11094 11071
f 6814 6747 6854
f 9608 9606 9607
f 12376 12362 12445
f 11085 11182 11181
f 10953 10933 10967
f 12374 12348 12389
f 12455 6730 6807
f 10978 10977 10925
f 6769 6816 6855
f 12586 12609 12665
f 9506 9524 9531
f 12746 12747 12788
f 12912 12955 12954
f 11186 11185 11097
f 3613 3596 11125
f 6816 6817 6856
f 12848 12791 12792
f 12857 12803 12869
f 12501 12463 12502
f 9506 9531 9514
f 12756 12768 12713
f 6817 6818 6857
f 11008 11007 10990
f 12593 12554 12573
f 12894 12895 12956
f 12569 12531 12570
f 6818 6819 6858
f 11134 11127 11128
f 6768 6810 6849
f 3613 3612 3554
f 6784 6768 6848
f 12582 12569 12570
f 12756 12699 12768
f 11143 11129 11122
f 12532 12515 12500
f 12911 12912 12954
f 12665 12622 12699
f 10977 10978 10989
f 6819 6820 6860
f 12515 12476 12500
f 12667 12624 12687
f 12373 12374 12389
f 12375 12376 12425
f 9543 9551 9559
f 6820 6821 6860
f 12710 12729 12746
f 12882 12869 12911
f 6781 6782 6847
f 12476 12444 12459
f 12713 12768 12803
f 12847 12791 12848
f 12501 12502 12536
f 9617 9608 9578
f 6821 6822 6861
f 9578 9593 9617
f 12788 6883 12801
f 12609 12622 12665
f 11029 11028 11008
f 12425 12376 12445
f 11061 11181 11046
f 11024 11023 11001
f 6780 6781 6845
f 12476 12459 12500
f 12736 12667 12687
f 6822 6777 6862
f 10989 10990 11007
f 12444 12409 12459
f 6778 6791 6863
f 12912 12894 12955
f 12913 12886 12848
f 10690 10734 10787
f 12532 12500 12533
f 6779 6780 6845
f 12410 12375 12425
f 9495 9555 9591
f 12423 12373 12389
f 9569 9568 9559
f 11044 11043 11023
f 12425 12445 12463
f 10807 10790 10870
f 12895 12886 12913
f 12501 12536 12521
f 12746 12729 12747
f 11002 11001 10967
f 9544 9530 9552
f 11125 11126 11133
f 12622 12714 12699
f 6858 6857 6818
f 12699 12714 12768
f 12500 12459 12487
f 12554 12521 12536
f 12424 12375 12410
f 6859 6858 6819
f 12409 12373 12423
f 6849 6848 6768
f 12869 12912 12911
f 6860 6859 6819
f 12791 12774 12736
f 11129 11135 11110
f 12532 12588 12587
f 12679 12711 12710
f 12768 12831 12803
f 10735 10736 10807
f 11028 11029 11046
f 12570 12531 12511
f 11007 11008 11028
f 12425 12463 12462
f 9606 9608 9635
f 9552 9551 9544
f 12501 12462 12463
f 11136 11130 11131
f 12774 12735 12736
f 12803 12832 12869
f 6809 6847 6782
f 6861 6860 6821
f 12459 12409 12423
f 12389 12375 12424
f 12893 12894 12912
f 12653 12680 12679
f 12532 12533 12588
f 11127 11133 11126
f 10787 10733 10690
f 6847 6846 6781
f 12587 12588 12609
f 12735 12667 12736
f 6863 6791 6883
f 12582 12570 12583
f 11071 11083 11095
f 11182 11183 11205
f 6846 6845 6781
f 12500 12487 12488
f 12533 12500 12516
f 6862 6861 6822
f 11181 11182 11205
f 12869 12893 12912
f 12496 12454 12497
f 6863 6823 6778
f 12667 12593 12624
f 10733 10787 10803
f 6823 6862 6777
f 11083 11071 11057
f 12803 12831 12832
f 9608 9617 9635
f 12714 12769 12768
f 11173 11107 11188
f 11143 11136 11147
f 11058 11057 11043
f 11183 11184 11207
f 11046 11181 11204
f 12872 12886 12895
f 11184 11185 11208
f 12583 12619 12618
f 12886 12872 12848
f 12487 12459 12488
f 12869 12883 12893
f 10968 10967 10933
f 12423 12389 12424
f 12847 12774 12791
f 11185 11186 11209
f 12500 12488 12516
f 12553 12554 12593
f 12872 12847 12848
f 10734 10690 10691
f 12885 12872 12895
f 12832 12883 12869
f 12858 12885 12895
f 12768 12832 12831
f 10802 10803 10838
f 11187 11105 11173
f 12710 12711 12729
f 12410 12425 12462
f 11001 11002 11024
f 3612 3613 3624
f 6808 6844 6731
f 6844 6807 6731
f 12894 12858 12895
f 12592 12553 12593
f 12553 12521 12554
f 12768 12770 12832
f 9560 9559 9551
f 11023 11024 11044
f 12835 12774 12847
f 12872 12835 12847
f 12497 12454 12455
f 10989 10988 10977
f 9591 9575 9495
f 11107 11094 11189
f 12533 12516 12588
f 12588 12622 12609
f 12885 12835 12872
f 10989 11007 11028
f 12769 12770 12768
f 12832 12884 12883
f 11188 11187 11173
f 12884 12893 12883
f 11131 11147 11136
f 12488 12459 12423
f 11186 11104 11211
f 9530 9514 9552
f 10967 10968 11002
f 10735 10734 10691
f 12714 12770 12769
f 6814 6854 6877
f 12618 12619 12653
f 10934 10933 10903
f 12423 12424 12460
f 12622 12715 12714
f 12461 12424 12410
f 12592 12593 12667
f 10904 10903 10870
f 11205 11204 11181
f 11206 11205 11183
f 12714 12757 12770
f 6854 6786 6877
f 6786 6815 6877
f 12461 12410 12462
f 12714 12715 12757
f 12832 12870 12884
f 12885 12804 12835
f 12871 12894 12893
f 12884 12870 12893
f 12747 6883 12788
f 12871 12858 12894
f 12770 12771 12832
f 11028 11046 11203
f 12870 12871 12893
f 12859 12804 12885
f 11204 11203 11046
f 9516 9495 9575
f 11207 11206 11183
f 12622 12685 12715
f 9559 9560 9569
f 11209 11208 11185
f 10790 10807 10736
f 12462 12501 12521
f 12832 12833 12870
f 12771 12833 12832
f 10925 10924 10802
f 11208 11207 11184
f 11124 9515 11155
f 11210 11209 11186
f 12488 12423 12460
f 10924 10925 10977
f 11043 11044 11058
f 12588 12610 12622
f 12858 12859 12885
f 11104 11105 11212
f 11094 11095 11190
f 11189 11188 11107
f 12516 12488 12517
f 10803 10802 10733
f 6810 3612 3624
f 6848 6849 6875
f 12588 12516 12610
f 6784 6848 6875
f 10988 10989 11028
f 11211 11210 11186
f 9515 9516 9554
f 11134 11142 11127
f 12833 12871 12870
f 12735 12686 12667
f 11133 11127 11141
f 11125 11132 3613
f 6860 6861 6878
f 12833 12858 12871
f 12622 12666 12685
f 12757 12771 12770
f 11096 11095 11083
f 3624 3613 11132
f 11057 11072 11083
f 12552 12521 12553
f 12461 12462 12521
f 10933 10954 10968
f 12833 12834 12858
f 11131 11124 11154
f 6861 6862 6879
f 12686 12592 12667
f 11057 11058 11072
f 9617 9593 9636
f 10871 10870 10790
f 12516 12589 12610
f 12711 12730 12729
f 6862 6823 6881
f 10903 10904 10934
f 9514 9531 9545
f 12834 12859 12858
f 12773 12735 12774
f 11190 11189 11094
f 12460 12424 12461
f 12835 12773 12774
f 12461 12521 12520
f 12834 12804 12859
f 11212 11211 11104
f 12622 12610 12666
f 11142 11141 11127
f 12679 12695 12711
f 12517 12488 12460
f 12592 12552 12553
f 12715 12771 12757
f 6856 6855 6816
f 10933 10934 10954
f 12804 12773 12835
f 12729 12730 12747
f 9618 9593 9594
f 9551 9552 9561
f 6810 6876 6849
f 12771 12772 12833
f 6876 6875 6849
f 12715 12758 12771
f 12773 12734 12735
f 12685 12758 12715
f 10691 10692 10735
f 12516 12517 12534
f 12517 12460 12518
f 12552 12520 12521
f 9561 9560 9551
f 12589 12572 12610
f 12772 12834 12833
f 6875 6783 6784
f 12734 12686 12735
f 10870 10871 10904
f 6878 6859 6860
f 10691 10690 10616
f 12772 12773 12804
f 11147 11131 11153
f 12610 12572 12666
f 12772 12804 12834
f 12517 12535 12534
f 11155 11154 11124
f 12583 12570 12571
f 12517 12518 12535
f 12519 12461 12520
f 11096 11190 11095
f 12771 12758 12772
f 6879 6878 6861
f 10689 10733 10802
f 11187 11212 11105
f 12734 12773 12772
f 12619 12633 12653
f 12711 12695 12730
f 9635 9650 9606
f 6880 6879 6862
f 11204 11205 11220
f 6881 6880 6862
f 6863 6882 6823
f 9591 9606 9650
f 6882 6881 6823
f 12497 12455 7049
f 12623 12592 12686
f 11141 11125 11133
f 12679 12680 12695
f 11203 11204 11219
f 12516 12572 12589
f 11205 11206 11221
f 12460 12461 12519
f 12583 12607 12619
f 12703 12623 12686
f 12747 12748 6883
f 12518 12460 12535
f 11003 11002 10968
f 9594 9568 9618
f 12534 12572 12516
f 12758 12734 12772
f 12623 12591 12592
f 12460 12519 12535
f 12666 12700 12685
f 12734 12703 12686
f 12730 12748 12747
f 12591 12552 12592
f 11135 11146 11134
f 10692 10691 10616
f 11142 11134 11146
f 12551 12520 12552
f 11209 11210 11225
f 9651 9635 9617
f 12666 12572 12700
f 11208 11209 11225
f 12685 12734 12758
f 10736 10735 10692
f 12511 12496 12497
f 10653 10616 10690
f 12534 12535 12550
f 11132 11125 11140
f 12551 12519 12520
f 11003 11024 11002
f 11210 11211 11226
f 9570 9569 9560
f 10790 10842 10871
f 12701 12703 12734
f 12702 12703 12701
f 11028 11203 11218
f 11206 11207 11222
f 11188 11189 11213
f 12534 12550 12572
f 9617 9636 9651
f 12700 12701 12734
f 12535 12519 12551
f 10733 10689 10690
f 12646 12703 12702
f 12646 12623 12703
f 11129 11143 11152
f 12685 12700 12734
f 12647 12623 12646
f 11207 11208 11224
f 12591 12551 12552
f 12653 12633 12680
f 12646 12702 12701
f 12583 12571 12607
f 12590 12623 12647
f 12535 12551 12550
f 12590 12591 12623
f 12646 12701 12700
f 12572 12646 12700
f 9618 9636 9593
f 12550 12551 12591
f 12550 12591 12590
f 11220 11219 11204
f 12572 12647 12646
f 11221 11220 11205
f 11084 11083 11072
f 10802 10732 10689
f 12572 12590 12647
f 12550 12590 12572
f 12748 6928 6883
f 9650 9635 9665
f 12570 12511 12571
f 10988 11028 11217
f 11211 11212 11227
f 6815 6769 6925
f 9595 9568 9569
f 12695 6980 12730
f 11025 11044 11024
f 11083 11084 11096
f 10802 10896 10732
f 12730 6980 12748
f 11189 11190 11214
f 11219 11218 11203
f 9635 9651 9665
f 12619 12607 12633
f 9650 9649 9591
f 6856 6817 6857
f 10802 10924 10896
f 11073 11072 11058
f 6876 6810 6917
f 11226 11225 11210
f 11222 11221 11206
f 6875 6876 6915
f 9508 6746 6814
f 9532 9531 9524
f 10690 10689 10653
f 11135 11129 11151
f 6783 6875 6914
f 6859 6878 6927
f 9560 9561 9570
f 11225 11224 11208
f 3624 11132 11139
f 11227 11226 11211
f 6918 6810 3624
f 9531 9532 9545
f 10616 10654 10692
f 11140 11139 11132
f 11212 11187 11228
f 10905 10934 10904
f 11218 11217 11028
f 9552 9514 9561
f 11190 11096 11215
f 11223 11222 11207
f 10977 10988 10987
f 7049 12455 6807
f 11224 11223 11207
f 11059 11058 11044
f 11214 11213 11189
f 9619 9618 9568
f 9532 9524 6746
f 10969 10968 10954
f 11152 11151 11129
f 6863 6883 6928
f 9634 9591 9649
f 6980 12749 12748
f 12748 12749 6928
f 11146 11135 11151
f 10790 10791 10842
f 12511 12497 7049
f 6855 6925 6769
f 6779 6845 6912
f 10955 10954 10934
f 11217 10987 10988
f 9636 9618 9651
f 12571 12511 12544
f 10905 10904 10871
f 10692 10693 10736
f 6808 6779 6911
f 9666 9665 9651
f 6917 6916 6876
f 6916 6915 6876
f 11024 11003 11025
f 6918 6917 6810
f 6926 6858 6859
f 11072 11073 11084
f 6927 6926 6859
f 10615 10616 10653
f 6915 6914 6875
f 10614 10653 10689
f 11228 11227 11212
f 6914 6809 6783
f 10977 10923 10924
f 11215 11214 11190
f 11147 11153 11162
f 10653 10614 10615
f 10968 10969 11003
f 12633 12654 12680
f 11187 11188 11229
f 12544 12511 7049
f 6928 6882 6863
f 6846 6913 6845
f 9554 9553 9515
f 11143 11147 11162
f 10693 10692 10654
f 11084 11215 11096
f 11219 11220 11243
f 10867 10732 10896
f 10872 10871 10842
f 11154 11153 11131
f 6913 6912 6845
f 6814 6877 9508
f 11220 11221 11244
f 11139 6918 3624
f 9650 9665 9683
f 11058 11059 11073
f 9665 9666 9684
f 12680 12654 12695
f 11218 11219 11268
f 9650 9664 9649
f 9634 9575 9591
f 10924 10923 10896
f 11044 11025 11059
f 6912 6911 6779
f 11142 11146 11150
f 6911 6844 6808
f 9579 9569 9570
f 10616 10615 10496
f 11225 11226 11249
f 12607 12620 12633
f 9684 9683 9665
f 9569 9579 9595
f 6746 9508 9532
f 10616 10497 10654
f 10934 10905 10955
f 11229 11228 11187
f 9568 9595 9619
f 11226 11227 11249
f 10954 10955 10969
f 10614 10689 10732
f 11221 11222 11245
f 9652 9651 9618
f 11217 11218 11268
f 7049 6807 6981
f 11224 11225 11248
f 10531 10496 10615
f 9514 9545 9561
f 10615 10614 10531
f 10497 10616 10496
f 9546 9545 9532
f 11155 9515 9553
f 10896 10895 10867
f 11244 11243 11220
f 10791 10790 10736
f 11243 11269 11219
f 12607 12571 12608
f 11141 11142 11149
f 11222 11223 11246
f 11162 11161 11143
f 11269 11268 11219
f 11213 11214 11230
f 11223 11224 11247
f 6981 6807 6844
f 10871 10872 10905
f 10895 10896 10923
f 10923 10977 10987
f 10843 10842 10791
f 11213 11229 11188
f 11084 11073 11216
f 9683 9682 9650
f 9664 9650 9682
f 6855 6856 6974
f 9651 9652 9666
f 11137 9508 6877
f 10786 10732 10867
f 6917 6918 6916
f 11161 11152 11143
f 11245 11244 11221
f 9634 9649 9664
f 10732 10731 10614
f 11249 11248 11225
f 11214 11215 11230
f 11227 11228 11250
f 10731 10732 10786
f 6927 6878 6976
f 11150 11149 11142
f 9618 9619 9652
f 6878 6879 6976
f 11250 11249 11227
f 10654 10655 10693
f 11268 10987 11217
f 11073 11059 11216
f 6880 6881 6977
f 10842 10843 10872
f 11125 11141 11149
f 6881 6882 6977
f 11153 11154 11166
f 12695 12654 6980
f 6882 6928 6979
f 9570 9561 9579
f 11248 11247 11224
f 11138 11137 6877
f 11246 11245 11222
f 6973 6925 6855
f 10652 10614 10731
f 11247 11246 11223
f 6857 6974 6856
f 9533 9532 9508
f 11215 11084 11231
f 9575 9633 9516
f 6858 6975 6857
f 6877 6815 11138
f 10531 10494 10495
f 10737 10736 10693
f 11228 11229 11251
f 10495 10496 10531
f 6979 6928 12749
f 11155 11166 11154
f 10736 10737 10791
f 11251 11250 11228
f 6916 6918 11145
f 6982 6846 6847
f 9683 9684 9724
f 10614 10652 10531
f 10655 10654 10497
f 9620 9619 9595
f 9708 9684 9666
f 11231 11230 11215
f 6978 6977 6882
f 11084 11216 11232
f 9634 9648 9575
f 6979 6978 6882
f 10801 10786 10867
f 9562 9561 9545
f 10007 10032 9974
f 10531 10423 10494
f 9683 9707 9682
f 11269 11243 11270
f 11243 11244 11270
f 9974 9961 10007
f 11149 11140 11125
f 9596 9595 9579
f 10032 10007 10105
f 11268 11269 11298
f 11139 11145 6918
f 11229 11213 11252
f 10106 10105 10007
f 9532 9533 9546
f 9961 9974 9942
f 10008 10007 9961
f 9724 9723 9683
f 12620 12654 12633
f 10495 10494 10423
f 10496 10495 10369
f 10032 9960 9974
f 10791 10808 10843
f 6980 6979 12749
f 12654 7005 6980
f 9664 9648 9634
f 9974 9960 9942
f 10613 10531 10652
f 9961 9919 10008
f 9961 9942 9918
f 10873 10872 10843
f 10786 10801 10731
f 10837 10867 10895
f 11248 11249 11275
f 11232 11231 11084
f 10106 10007 10131
f 10423 10369 10495
f 10956 10955 10905
f 9708 9724 9684
f 9664 9682 9707
f 11249 11250 11275
f 10531 10613 10423
f 11216 11059 11234
f 11244 11245 11271
f 10104 10032 10105
f 6915 6916 11144
f 9875 9918 9942
f 9723 9724 9746
f 10987 11268 10975
f 9723 9707 9683
f 9942 9917 9875
f 9960 10032 10073
f 11252 11251 11229
f 9580 9579 9561
f 9918 9919 9961
f 11213 11230 11253
f 10032 10104 10073
f 10906 10905 10872
f 9975 10008 9919
f 10923 10922 10895
f 9918 9875 9876
f 10007 10008 10131
f 6925 11138 6815
f 9917 9942 9960
f 10497 10496 10369
f 10105 10148 10104
f 10693 10655 10737
f 9605 9516 9633
f 10921 10923 10987
f 9516 9605 9554
f 10105 10106 10213
f 9746 9745 9723
f 11233 11232 11216
f 11145 11144 6916
f 11270 11298 11269
f 11245 11246 11272
f 10867 10837 10801
f 9545 9546 9562
f 10148 10105 10213
f 9861 9875 9917
f 10785 10731 10801
f 6973 6855 6974
f 11271 11270 11244
f 10106 10131 10213
f 10970 10969 10955
f 11246 11247 11274
f 10923 10921 10922
f 6974 6857 6998
f 9747 9746 9724
f 9765 9745 9746
f 9707 9723 9745
f 9876 9895 9918
f 11253 11252 11213
f 9685 9666 9652
f 10731 10730 10652
f 10872 10873 10906
f 12544 7049 12545
f 11234 11233 11216
f 9633 9575 9648
f 10107 10131 10008
f 6914 6915 11144
f 10148 10103 10104
f 10033 10008 9975
f 9707 9706 9664
f 10214 10213 10131
f 10730 10731 10785
f 10368 10369 10423
f 11298 10975 11268
f 9919 9918 9895
f 6809 6914 7007
f 9975 9919 9962
f 10738 10791 10737
f 10104 10103 10073
f 9666 9685 9708
f 9875 9861 9841
f 9876 9875 9841
f 10148 10213 10230
f 10369 10370 10497
f 9747 9765 9746
f 9724 9708 9747
f 10895 10894 10837
f 6976 6879 6999
f 10905 10935 10956
f 10073 10053 9960
f 9780 9779 9765
f 6880 6977 7000
f 12607 12608 12620
f 6879 6880 6999
f 11230 11231 11255
f 9745 9765 9779
f 10395 10423 10613
f 10844 10843 10808
f 10843 10844 10873
f 9960 9941 9917
f 10190 10214 10131
f 10894 10895 10922
f 10107 10008 10033
f 9579 9580 9596
f 10613 10612 10395
f 10613 10652 10730
f 10905 10906 10935
f 6979 6980 7004
f 6978 6979 7003
f 11140 11149 11160
f 11153 11166 11172
f 11145 11139 11148
f 6977 6978 7002
f 11060 11059 11025
f 11272 11271 11245
f 9781 9780 9765
f 9841 9861 9840
f 11060 11234 11059
f 10395 10368 10423
f 10368 10288 10313
f 11248 11274 11247
f 11254 11253 11230
f 9803 9802 9780
f 10791 10738 10808
f 10131 10107 10190
f 11004 11003 10969
f 6912 6913 7006
f 9745 9744 9707
f 10368 10395 10288
f 9779 9780 9802
f 9841 9840 9803
f 9862 9876 9841
f 9804 9803 9780
f 9876 9862 9895
f 11162 11153 11172
f 11273 11272 11246
f 9547 9546 9533
f 10313 10335 10368
f 10053 10073 10103
f 9803 9822 9841
f 11274 11273 11246
f 11231 11232 11256
f 10369 10368 10335
f 10268 10230 10213
f 9917 9894 9861
f 10214 10268 10213
f 9765 9747 9781
f 9803 9804 9822
f 10288 10268 10214
f 10006 9960 10053
f 9920 9919 9895
f 11255 11254 11230
f 9861 9860 9840
f 9840 9821 9803
f 10955 10956 10970
f 6926 6975 6858
f 9802 9803 9821
f 10312 10288 10395
f 10214 10269 10288
f 9595 9596 9620
f 9780 9781 9804
f 9941 9960 10006
f 10268 10288 10312
f 10313 10288 10269
f 10229 10148 10230
f 11251 11252 11276
f 6976 6926 6927
f 7008 7007 6914
f 7007 6847 6809
f 9648 9664 9706
f 10252 10214 10190
f 10312 10230 10268
f 10497 10532 10655
f 9652 9619 9685
f 10269 10214 10252
f 10395 10367 10312
f 10738 10737 10655
f 10230 10312 10334
f 10987 10975 10921
f 10033 10054 10107
f 9919 9920 9962
f 10730 10729 10613
f 10613 10651 10612
f 11137 9533 9508
f 10335 10313 10231
f 10785 10729 10730
f 11276 11250 11251
f 11144 7008 6914
f 11232 11233 11257
f 7000 6999 6880
f 7001 7000 6977
f 9779 9764 9745
f 10688 10613 10729
f 9744 9745 9764
f 10801 10800 10785
f 10269 10231 10313
f 9975 9976 10033
f 7005 7004 6980
f 9706 9707 9744
f 10612 10611 10395
f 9821 9840 9860
f 12571 12544 12545
f 10312 10367 10334
f 12608 12571 12545
f 7004 7003 6979
f 7002 7001 6977
f 7003 7002 6978
f 10230 10251 10229
f 9860 9861 9894
f 10651 10613 10688
f 11026 11025 11003
f 9842 9841 9822
f 10054 10190 10107
f 11161 11162 11171
f 11256 11255 11231
f 10370 10369 10335
f 10287 10230 10334
f 10231 10269 10252
f 10231 10252 10190
f 11298 11270 11301
f 9877 9895 9862
f 11252 11253 11277
f 9802 9801 9779
f 9894 9917 9941
f 10367 10366 10334
f 7006 6911 6912
f 11270 11271 11301
f 10969 10970 11004
f 11148 11144 11145
f 10611 10612 10651
f 10453 10367 10395
f 10103 10148 10229
f 9895 9877 9920
f 10287 10251 10230
f 9648 9647 9633
f 9862 9841 9842
f 11233 11234 11258
f 9823 9822 9804
f 11257 11256 11232
f 10287 10334 10366
f 10532 10497 10370
f 10190 10054 10191
f 10190 10191 10231
f 11152 11161 11151
f 10231 10314 10335
f 10729 10785 10800
f 10975 11298 11299
f 10366 10367 10453
f 9782 9804 9781
f 9821 9801 9802
f 12654 12681 7005
f 10103 10102 10053
f 9962 9963 9975
f 9547 9562 9546
f 10335 10314 10370
f 10287 10311 10251
f 11277 11276 11252
f 9764 9779 9801
f 11253 11254 11278
f 10229 10212 10103
f 11274 11248 11306
f 10845 10844 10808
f 10395 10530 10453
f 10212 10229 10251
f 11271 11272 11302
f 9860 9859 9821
f 10600 10395 10611
f 9744 9763 9706
f 10053 10005 10006
f 9822 9823 9842
f 10655 10694 10738
f 10894 10893 10837
f 10688 10687 10651
f 10366 10365 10287
f 10809 10808 10738
f 9554 9604 9553
f 11258 11257 11233
f 11060 11259 11234
f 9976 9975 9963
f 10729 10687 10688
f 10656 10655 10532
f 10800 10801 10837
f 10874 10873 10844
f 11148 11139 11159
f 11166 11155 11180
f 11003 11004 11026
f 11025 11045 11060
f 10006 10005 9941
f 11272 11273 11303
f 10530 10395 10600
f 6973 6974 7042
f 11301 11300 11298
f 9686 9685 9619
f 10314 10231 10232
f 11160 11149 11165
f 11273 11274 11305
f 9963 9962 9920
f 9725 9708 9685
f 9706 9705 9648
f 9782 9781 9747
f 10311 10287 10365
f 9605 9604 9554
f 11300 11299 11298
f 6998 6857 6975
f 11278 11277 11253
f 11171 11151 11161
f 9804 9782 9823
f 9764 9763 9744
f 11302 11301 11271
f 12654 12620 12681
f 11254 11255 11279
f 9839 9821 9859
f 10893 10894 10922
f 9801 9821 9839
f 10453 10452 10366
f 10936 10935 10906
f 9533 9538 9547
f 9725 9747 9708
f 10655 10656 10694
f 11259 11258 11234
f 11250 11276 11307
f 11275 11306 11248
f 6847 7007 7052
f 10072 10053 10102
f 9533 11137 9538
f 9894 9858 9860
f 10311 10310 10251
f 10232 10231 10191
f 10365 10366 10422
f 10005 10053 10072
f 11180 11155 9553
f 11025 11026 11045
f 10976 10921 10975
f 6846 6982 7051
f 9941 9940 9894
f 11150 11165 11149
f 6999 7000 7043
f 7003 7004 7047
f 11307 11275 11250
f 7000 7001 7044
f 10957 10956 10935
f 7002 7003 7046
f 6913 6846 7051
f 7001 7002 7045
f 10651 10610 10611
f 7006 6913 7051
f 11255 11256 11280
f 10611 10610 10600
f 10422 10366 10452
f 10738 10792 10809
f 11144 11148 11158
f 9843 9862 9842
f 10808 10809 10845
f 11279 11278 11254
f 11303 11302 11272
f 11306 11305 11274
f 10054 10149 10191
f 9940 9941 10005
f 10532 10454 10656
f 9605 9633 9647
f 6998 7042 6974
f 10530 10493 10453
f 9621 9620 9596
f 11304 11303 11273
f 7048 7005 12681
f 11305 11304 11273
f 10365 10310 10311
f 11256 11257 11281
f 9860 9858 9859
f 11060 11045 11259
f 10453 10493 10452
f 6844 6911 7050
f 9862 9843 9877
f 10232 10289 10314
f 11159 11158 11148
f 9920 9921 9963
f 10844 10845 10874
f 9843 9842 9823
f 10454 10532 10370
f 10873 10874 10906
f 6999 6926 6976
f 10033 10009 10054
f 11280 11279 11255
f 11139 11140 11164
f 10310 10365 10422
f 9838 9839 9859
f 10687 10609 10651
f 9763 9705 9706
f 7005 7047 7004
f 9685 9686 9725
f 7047 7046 7003
f 9976 10009 10033
f 9747 9766 9782
f 7044 7043 7000
f 11257 11258 11282
f 7045 7044 7001
f 9763 9764 9778
f 9839 9838 9801
f 9801 9778 9764
f 7046 7045 7002
f 10600 10599 10530
f 9916 9894 9940
f 9565 9553 9604
f 9747 9725 9766
f 9858 9894 9916
f 9877 9896 9920
f 10212 10251 10310
f 9619 9667 9686
f 9647 9648 9705
f 10935 10936 10957
f 9805 9823 9782
f 11281 11280 11256
f 10212 10211 10103
f 9667 9619 9620
f 11160 11164 11140
f 11277 11278 11308
f 9581 9561 9562
f 10454 10370 10314
f 10031 10005 10072
f 10102 10071 10072
f 10103 10173 10102
f 10739 10738 10694
f 11301 11302 11325
f 10922 10921 10893
f 11158 11157 11144
f 10452 10421 10422
f 10610 10651 10609
f 9597 9580 9561
f 11159 11139 11164
f 10738 10739 10792
f 7050 6981 6844
f 10493 10530 10599
f 11282 11281 11257
f 10422 10421 10310
f 10009 9976 9977
f 11172 11179 11162
f 9963 9921 9976
f 10695 10694 10656
f 10956 10957 10970
f 11258 11259 11283
f 11306 11275 11330
f 9609 9596 9580
f 10610 10599 10600
f 9921 9920 9896
f 11278 11279 11308
f 9823 9805 9843
f 10617 10656 10454
f 11308 11276 11277
f 12620 7048 12681
f 11179 11171 11162
f 11305 11306 11329
f 9977 9976 9921
f 9859 9858 9838
f 10975 11299 11324
f 10314 10336 10454
f 11283 11282 11258
f 10212 10250 10211
f 11302 11303 11327
f 7008 11144 11157
f 10072 10071 10031
f 9782 9766 9805
f 9878 9877 9843
f 10920 10921 10976
f 10810 10809 10792
f 11325 11300 11301
f 11303 11304 11327
f 10173 10103 10211
f 11045 11284 11259
f 11304 11305 11328
f 9561 9581 9597
f 9726 9725 9686
f 9778 9801 9838
f 10866 10837 10893
f 10286 10212 10310
f 9596 9609 9621
f 11326 11325 11302
f 9877 9878 9896
f 10009 10034 10054
f 11279 11280 11309
f 10421 10452 10493
f 11300 11324 11299
f 9637 9620 9621
f 9580 9597 9609
f 10147 10102 10173
f 10336 10314 10289
f 11330 11329 11306
f 10232 10191 10149
f 11172 11166 11197
f 10800 10837 10866
f 11307 11330 11275
f 10729 10686 10687
f 10656 10617 10695
f 10694 10695 10739
f 7045 7046 7089
f 11307 11276 11331
f 7044 7045 7089
f 11005 11004 10970
f 11327 11326 11302
f 10228 10211 10250
f 9582 9581 9562
f 10846 10845 10809
f 10250 10212 10286
f 10599 10610 10609
f 10454 10533 10617
f 11329 11328 11305
f 11324 11323 10975
f 11309 11308 11279
f 11284 11283 11259
f 6911 7006 7092
f 10793 10792 10739
f 10010 10009 9977
f 11328 11327 11304
f 10034 10009 10010
f 11280 11281 11311
f 7088 7042 6998
f 11157 11158 11163
f 9916 9915 9858
f 9562 9547 9582
f 9646 9605 9647
f 11138 6925 11156
f 10609 10687 10686
f 6975 7088 6998
f 9748 9766 9725
f 10907 10906 10874
f 12620 12608 7144
f 9763 9777 9705
f 10102 10101 10071
f 11045 11026 11284
f 9778 9777 9763
f 10054 10108 10149
f 6981 7050 7091
f 11159 11163 11158
f 11179 11172 11196
f 10892 10893 10921
f 10792 10793 10810
f 9605 9646 9604
f 7049 6981 7090
f 10599 10529 10493
f 9748 9725 9726
f 10421 10420 10310
f 10310 10364 10286
f 10108 10054 10034
f 11004 11005 11026
f 11281 11282 11312
f 7052 6982 6847
f 11276 11308 11331
f 9940 9915 9916
f 7048 7047 7005
f 7047 7089 7046
f 7093 7051 6982
f 11310 11309 11280
f 10101 10102 10147
f 10004 9940 10005
f 11171 11179 11196
f 10875 10874 10845
f 9620 9653 9667
f 10189 10173 10211
f 11282 11283 11312
f 10893 10892 10866
f 10800 10686 10729
f 10976 10975 10920
f 7051 7092 7006
f 10315 10336 10289
f 10809 10810 10846
f 9806 9805 9766
f 10253 10289 10232
f 11311 11310 11280
f 10189 10211 10228
f 10150 10149 10108
f 9705 9704 9647
f 11300 11325 11347
f 10253 10232 10149
f 11325 11326 11348
f 9897 9896 9878
f 9686 9709 9726
f 11151 11171 11195
f 10052 10031 10071
f 10493 10420 10421
f 10173 10189 10172
f 7091 7090 6981
f 10336 10455 10454
f 12545 7049 7099
f 10364 10310 10420
f 11312 11311 11281
f 10534 10533 10454
f 9896 9897 9921
f 11324 11300 11346
f 11329 11330 11353
f 9653 9620 9637
f 9977 9978 10010
f 11326 11327 11349
f 9709 9686 9667
f 9921 9943 9977
f 10906 10907 10936
f 10010 10011 10034
f 10529 10599 10609
f 10315 10289 10253
f 11330 11307 11353
f 11328 11329 11351
f 10173 10172 10147
f 10618 10617 10533
f 9766 9748 9783
f 10371 10336 10315
f 10004 10005 10031
f 11283 11284 11314
f 10866 10865 10800
f 11196 11195 11171
f 11323 11324 11345
f 10696 10695 10617
f 11313 11312 11283
f 10845 10846 10875
f 9915 9940 10004
f 9621 9609 9637
f 10130 10101 10147
f 10034 10074 10108
f 9879 9878 9843
f 10921 10920 10892
f 10975 11323 10986
f 11348 11347 11325
f 10070 10071 10101
f 9766 9783 9806
f 11307 11331 11353
f 9704 9705 9777
f 10874 10875 10907
f 10396 10336 10371
f 10149 10150 10253
f 11349 11348 11326
f 7144 12608 7098
f 9616 9604 9646
f 10455 10336 10396
f 11284 11026 11315
f 11146 11151 11194
f 10740 10739 10695
f 11309 11310 11332
f 11347 11346 11300
f 9858 9800 9838
f 10286 10285 10250
f 10108 10074 10150
f 11314 11313 11283
f 11352 11351 11329
f 9978 9977 9943
f 10011 10010 9978
f 10454 10455 10534
f 10071 10070 10052
f 10686 10800 10865
f 11353 11352 11329
f 6982 7052 7093
f 10055 10034 10011
f 9878 9879 9897
f 6999 7043 7140
f 10865 10866 10892
f 10533 10534 10618
f 9844 9843 9805
f 9726 9709 9748
f 12608 12545 7098
f 7044 7089 7142
f 7043 7044 7142
f 11351 11350 11328
f 10031 10052 10004
f 10420 10493 10529
f 9538 11137 11167
f 10074 10034 10055
f 11346 11345 11324
f 11180 11197 11166
f 7090 7099 7049
f 11350 11327 11328
f 10146 10147 10172
f 10794 10793 10739
f 9646 9647 9704
f 11332 11308 11309
f 10617 10618 10657
f 7144 7048 12620
f 11195 11194 11151
f 11310 11311 11333
f 11345 10986 11323
f 11150 11146 11194
f 10253 10290 10315
f 11315 11314 11284
f 10364 10363 10286
f 9583 9582 9547
f 10617 10657 10696
f 10250 10249 10228
f 7050 6911 7100
f 10947 10920 10975
f 10285 10286 10363
f 9922 9921 9897
f 9943 9921 9922
f 9800 9858 9893
f 6926 7139 6975
f 10970 10957 11005
f 9843 9844 9879
f 9838 9800 9778
f 11316 11315 11026
f 10147 10146 10130
f 11027 11026 11005
f 10100 10101 10130
f 10695 10696 10740
f 10315 10337 10371
f 7143 7089 7047
f 11333 11332 11310
f 10101 10100 10070
f 9668 9667 9653
f 7048 7143 7047
f 7141 7140 7043
f 7093 7101 7051
f 11311 11312 11335
f 9582 9583 9581
f 10253 10150 10290
f 10811 10810 10793
f 7142 7141 7043
f 7101 7092 7051
f 10189 10188 10172
f 10174 10150 10074
f 9805 9806 9844
f 9638 9637 9609
f 9777 9778 9800
f 9637 9638 9653
f 10372 10396 10371
f 10891 10892 10920
f 11312 11313 11336
f 7092 7100 6911
f 11348 11349 11373
f 11137 11138 11167
f 11180 9553 9564
f 7100 7091 7050
f 10739 10740 10794
f 11334 11333 11311
f 10892 10891 10865
f 10249 10250 10285
f 11347 11348 11372
f 9898 9897 9879
f 10315 10290 10337
f 10210 10189 10228
f 11026 11027 11316
f 11313 11314 11336
f 9622 9609 9597
f 11351 11352 11377
f 9646 9645 9616
f 10847 10846 10810
f 10424 10455 10396
f 10129 10130 10146
f 11346 11347 11372
f 9897 9898 9922
f 11349 11327 11375
f 11335 11334 11311
f 10012 10011 9978
f 7099 7098 12545
f 9547 9538 9563
f 11350 11351 11376
f 11352 11353 11378
f 9979 9978 9943
f 9749 9748 9709
f 10937 10936 10907
f 10908 10907 10875
f 11327 11350 11375
f 10189 10210 10188
f 10372 10371 10337
f 10498 10534 10455
f 9784 9783 9748
f 10056 10055 10011
f 9710 9709 9667
f 7146 7052 7007
f 10529 10528 10420
f 10975 10974 10947
f 11345 11346 11371
f 10249 10210 10228
f 9565 9564 9553
f 11163 11159 11178
f 11336 11335 11312
f 9604 9616 9565
f 10793 10794 10811
f 11314 11315 11337
f 10986 11345 11370
f 10056 10074 10055
f 7088 6975 7219
f 11374 11373 11349
f 10601 10618 10534
f 11373 11372 11348
f 9597 9581 9622
f 10396 10372 10424
f 10285 10284 10249
f 11353 11331 11379
f 11375 11374 11349
f 9654 9653 9638
f 10172 10171 10146
f 10130 10129 10100
f 11332 11333 11354
f 11315 11316 11338
f 10685 10686 10865
f 9609 9622 9638
f 10974 10975 10986
f 11377 11376 11351
f 11156 11167 11138
f 10291 10290 10150
f 9783 9784 9806
f 11378 11377 11352
f 6926 6999 7140
f 10598 10529 10609
f 9915 9893 9858
f 10254 10150 10174
f 9944 9943 9922
f 10658 10657 10618
f 11376 11375 11350
f 10919 10920 10947
f 7089 7143 7221
f 10455 10424 10498
f 10846 10847 10875
f 9687 9667 9668
f 7142 7089 7220
f 11337 11336 11314
f 11372 11371 11346
f 10920 10919 10891
f 10907 10908 10937
f 9978 9979 10012
f 9653 9654 9668
f 10810 10811 10847
f 10171 10172 10188
f 11379 11378 11353
f 7143 7048 7222
f 11354 11308 11332
f 10011 10012 10056
f 9943 9944 9979
f 7048 7144 7222
f 11333 11334 11355
f 11371 11370 11345
f 10697 10696 10657
f 7098 7145 7144
f 10528 10529 10598
f 10534 10498 10601
f 11196 11172 11242
f 7139 7219 6975
f 9748 9749 9784
f 11338 11337 11315
f 11178 11157 11163
f 7098 7099 7145
f 10150 10254 10291
f 9645 9646 9681
f 10145 10146 10171
f 7007 7008 11170
f 10338 10337 10290
f 11167 9563 9538
f 10249 10267 10210
f 11006 11005 10957
f 9667 9687 9710
f 9899 9922 9898
f 11027 11338 11316
f 7146 7093 7052
f 10146 10145 10129
f 10936 10937 10957
f 10284 10267 10249
f 11334 11335 11356
f 11355 11354 11333
f 9845 9844 9806
f 10074 10056 10109
f 11331 11308 11380
f 7220 7141 7142
f 10741 10740 10696
f 10865 10836 10685
f 9777 9762 9704
f 7222 7221 7143
f 10188 10209 10171
f 10618 10601 10658
f 10373 10372 10337
f 10420 10492 10364
f 10128 10100 10129
f 11335 11336 11357
f 11380 11379 11331
f 10074 10109 10132
f 9922 9899 9944
f 11373 11374 11401
f 10051 10052 10070
f 10891 10890 10865
f 11005 11006 11027
f 11356 11355 11334
f 10290 10291 10338
f 10132 10174 10074
f 7100 7090 7091
f 9899 9898 9879
f 9563 9583 9547
f 11242 11241 11196
f 11372 11373 11400
f 9807 9806 9784
f 11374 11375 11402
f 10052 10051 10004
f 10947 10946 10919
f 10419 10394 10364
f 10363 10364 10394
f 10657 10658 10697
f 10210 10209 10188
f 10492 10420 10528
f 9709 9710 9749
f 11376 11377 11404
f 11375 11376 11403
f 9880 9879 9844
f 10974 10973 10947
f 10192 10254 10174
f 10795 10794 10740
f 10909 10908 10875
f 11241 11195 11196
f 10363 10362 10285
f 9622 9654 9638
f 11308 11354 11381
f 10425 10424 10372
f 11164 11178 11159
f 11336 11337 11358
f 11357 11356 11335
f 10337 10338 10373
f 10266 10210 10267
f 10419 10364 10492
f 11371 11372 11399
f 10836 10865 10890
f 6925 6973 11168
f 10876 10875 10847
f 10171 10187 10145
f 10284 10285 10362
f 10187 10171 10209
f 11381 11380 11308
f 10144 10129 10145
f 9806 9807 9845
f 11337 11338 11358
f 11168 11156 6925
f 10696 10697 10741
f 10908 10909 10937
f 11370 11371 11399
f 10174 10132 10192
f 10919 10918 10891
f 11401 11400 11373
f 9565 9574 9564
f 10812 10811 10794
f 11172 11197 11267
f 11402 11401 11374
f 10057 10056 10012
f 10598 10609 10686
f 9563 11167 9571
f 10004 9959 9915
f 11157 11170 7008
f 10946 10947 10973
f 10013 10012 9979
f 11354 11355 11382
f 10499 10498 10424
f 11338 11027 11359
f 10372 10373 10374
f 10986 10985 10974
f 9980 9979 9944
f 11403 11402 11375
f 11358 11357 11336
f 10209 10210 10266
f 10192 10291 10254
f 11404 11403 11376
f 10100 10128 10099
f 7089 7221 7309
f 6973 7042 11168
f 7220 7089 7309
f 10875 10876 10909
f 11378 11404 11377
f 7141 7220 7309
f 10362 10363 10394
f 11164 11160 11202
f 11400 11399 11372
f 10127 10128 10129
f 10145 10170 10144
f 9879 9880 9899
f 10811 10812 10847
f 10284 10333 10267
f 9669 9668 9654
f 9844 9845 9880
f 10890 10891 10918
f 9645 9632 9616
f 10170 10145 10187
f 11150 11194 11240
f 10372 10374 10425
f 7100 7092 7224
f 9681 9646 9704
f 11355 11356 11382
f 11382 11381 11354
f 10535 10601 10498
f 10740 10741 10795
f 10030 10004 10051
f 10012 10013 10057
f 10129 10144 10127
f 10492 10491 10419
f 11178 11177 11157
f 11379 11380 11405
f 7090 7100 7224
f 11359 11358 11338
f 10110 10109 10056
f 9777 9800 9762
f 10973 10974 10985
f 11267 11242 11172
f 10333 10284 10362
f 10424 10425 10456
f 7140 7308 6926
f 10209 10208 10187
f 11178 11164 11202
f 9654 9622 9669
f 9945 9944 9899
f 10794 10795 10812
f 10069 10070 10100
f 10958 10957 10937
f 9663 9645 9681
f 9959 10004 10030
f 10316 10338 10291
f 9767 9784 9749
f 7222 7309 7221
f 9808 9807 9784
f 11356 11357 11383
f 7101 7225 7092
f 10910 10937 10909
f 9979 9980 10013
f 10946 10945 10919
f 10110 10132 10109
f 11169 11168 7042
f 10424 10456 10499
f 9632 9645 9663
f 9893 9915 9959
f 11165 11150 11239
f 7225 7224 7092
f 7145 7222 7144
f 9639 9622 9581
f 11180 9564 9574
f 10291 10192 10316
f 10498 10499 10535
f 9944 9945 9980
f 10100 10099 10069
f 10836 10835 10685
f 10056 10057 10110
f 11383 11382 11356
f 7224 7223 7090
f 10070 10069 10051
f 9749 9710 9767
f 7223 7099 7090
f 10659 10658 10601
f 9688 9687 9668
f 11160 11165 11239
f 10890 10889 10836
f 10686 10685 10598
f 10847 10848 10876
f 10374 10373 10338
f 10266 10267 10333
f 10419 10451 10394
f 11401 11402 11428
f 10918 10919 10945
f 11400 11401 11427
f 11197 11180 11297
f 10170 10169 10144
f 11402 11403 11428
f 11177 11170 11157
f 10937 10910 10958
f 7472 7219 7139
f 11240 11239 11150
f 9762 9761 9704
f 10128 10127 10099
f 10362 10361 10333
f 11357 11358 11385
f 10266 10248 10209
f 11403 11404 11429
f 9623 9581 9583
f 10848 10847 10812
f 10957 10958 11006
f 11381 11382 11406
f 7088 11169 7042
f 11384 11383 11357
f 10601 10535 10619
f 10187 10186 10170
f 11404 11378 11430
f 11202 11160 11239
f 10698 10697 10658
f 10144 10143 10127
f 10208 10209 10248
f 11399 11400 11425
f 9668 9669 9688
f 10742 10741 10697
f 9598 9583 9563
f 10864 10836 10889
f 9784 9767 9808
f 9824 9845 9807
f 9616 9632 9565
f 10835 10836 10864
f 11358 11359 11386
f 9581 9623 9639
f 11406 11380 11381
f 11378 11379 11430
f 7139 6926 7391
f 10208 10186 10187
f 10338 10316 10374
f 11385 11384 11357
f 11370 11399 11424
f 10058 10057 10013
f 11359 11027 11387
f 7141 7309 7394
f 11428 11427 11401
f 10890 10918 10945
f 9681 9704 9761
f 11297 11267 11197
f 10394 10450 10362
f 10910 10909 10876
f 9824 9807 9808
f 10741 10742 10795
f 11027 11006 11387
f 7140 7141 7393
f 10143 10144 10169
f 11429 11428 11403
f 10601 10619 10659
f 9881 9880 9845
f 11427 11426 11400
f 10491 10451 10419
f 9900 9899 9880
f 10945 10946 10973
f 10030 10003 9959
f 10169 10170 10186
f 10426 10425 10374
f 11426 11425 11400
f 11430 11429 11404
f 11386 11385 11358
f 10068 10069 10099
f 9958 9893 9959
f 11382 11383 11407
f 9571 11167 11198
f 7099 7223 7310
f 10248 10266 10265
f 10451 10450 10394
f 10126 10127 10143
f 10889 10890 10945
f 10215 10192 10132
f 7308 7391 6926
f 10003 10030 10051
f 11425 11424 11399
f 11387 11386 11359
f 10528 10597 10492
f 11178 11202 11238
f 9655 9622 9639
f 11370 11423 10986
f 10658 10659 10698
f 11423 10985 10986
f 10361 10362 10450
f 10697 10698 10742
f 11405 11430 11379
f 10069 10068 10051
f 7393 7392 7140
f 11383 11384 11407
f 10528 10598 10608
f 11167 11156 11198
f 10457 10456 10425
f 9800 9837 9820
f 9583 9598 9623
f 7394 7393 7141
f 11170 11193 7007
f 9727 9710 9687
f 11388 11387 11006
f 10491 10492 10597
f 11407 11406 11382
f 9845 9824 9863
f 10098 10099 10127
f 9711 9687 9688
f 10058 10110 10057
f 11169 7088 7219
f 10127 10126 10098
f 7310 7145 7099
f 9574 9565 9632
f 11177 11178 11238
f 9845 9863 9881
f 10500 10499 10456
f 11380 11406 11431
f 10361 10360 10333
f 11384 11385 11408
f 10333 10360 10266
f 9837 9800 9893
f 10248 10186 10208
f 9800 9820 9762
f 11156 11168 11191
f 10132 10110 10215
f 9880 9881 9900
f 7101 7093 11176
f 9981 9980 9945
f 11193 7146 7007
f 9639 9623 9655
f 9958 9959 10003
f 9689 9688 9669
f 10169 10168 10143
f 9669 9622 9689
f 11194 11195 11296
f 10292 10316 10192
f 9809 9808 9767
f 11431 11405 11380
f 10536 10535 10499
f 11241 11296 11195
f 10784 10685 10835
f 9687 9711 9727
f 10812 10813 10848
f 10971 11006 10958
f 10608 10598 10685
f 11408 11407 11384
f 9808 9809 9824
f 9574 11297 11180
f 11385 11386 11409
f 10425 10426 10457
f 9981 10013 9980
f 10099 10098 10068
f 10597 10528 10608
f 9899 9900 9945
f 10339 10374 10316
f 10864 10889 11442
f 9762 9799 9761
f 10186 10185 10169
f 10813 10812 10795
f 11429 11430 11449
f 10451 10490 10450
f 11425 11426 11448
f 11386 11387 11410
f 10143 10142 10126
f 10316 10292 10339
f 11409 11408 11385
f 11006 10971 11388
f 11423 11370 11445
f 11424 11425 11447
f 11370 11424 11446
f 9688 9689 9711
f 7222 7145 7474
f 9761 9743 9681
f 11387 11388 11410
f 11430 11405 11449
f 11238 11202 11266
f 10168 10169 10185
f 10456 10457 10500
f 10973 10985 11444
f 10945 10973 11444
f 11169 11191 11168
f 10889 10945 11443
f 11296 11295 11194
f 9681 9743 9663
f 10186 10248 10265
f 9768 9767 9710
f 10265 10266 10360
f 10877 10876 10848
f 9799 9762 9820
f 7223 7224 7395
f 10451 10491 10597
f 10142 10143 10168
f 11410 11409 11386
f 10864 11442 10835
f 9563 9571 9598
f 11239 11266 11202
f 9750 9710 9727
f 10535 10602 10619
f 11429 11427 11428
f 11295 11240 11194
f 7473 7472 7139
f 7391 7473 7139
f 10059 10058 10013
f 10742 10743 10795
f 10499 10500 10536
f 11427 11448 11426
f 10743 10742 10698
f 9837 9893 9958
f 10126 10125 10098
f 10068 10067 10051
f 11446 11445 11370
f 11448 11447 11425
f 10067 10068 10098
f 11447 11446 11424
f 11405 11431 11450
f 7394 7392 7393
f 11169 7219 11192
f 11423 11444 10985
f 11239 11240 11293
f 9864 9863 9824
f 10013 9981 10014
f 11175 7219 7472
f 11444 11443 10945
f 11443 11442 10889
f 11450 11449 11405
f 9690 9689 9622
f 10684 10685 10784
f 9710 9750 9768
f 10971 11410 11388
f 10849 10848 10813
f 10374 10339 10397
f 9622 9655 9690
f 7395 7310 7223
f 10192 10215 10292
f 10397 10426 10374
f 10125 10126 10142
f 9882 9881 9863
f 10959 10958 10910
f 10535 10536 10602
f 9743 9761 9799
f 11408 11409 11432
f 10051 10050 10003
f 10185 10186 10227
f 10490 10489 10450
f 10848 10849 10877
f 10193 10215 10110
f 10013 10014 10059
f 11294 11293 11240
f 9901 9900 9881
f 9728 9727 9711
f 9820 9837 9799
f 10360 10359 10265
f 10361 10450 10489
f 11432 11407 11408
f 11174 11192 7219
f 10876 10877 10910
f 10795 10796 10813
f 11174 7219 11175
f 10050 10051 10067
f 9946 9945 9900
f 11191 11169 11192
f 11409 11410 11433
f 9810 9809 9767
f 9767 9768 9785
f 10098 10097 10067
f 11297 11344 11267
f 10340 10339 10292
f 10458 10457 10426
f 10660 10659 10619
f 10685 10684 10608
f 10597 10490 10451
f 10185 10167 10168
f 10168 10167 10142
f 10097 10098 10125
f 10796 10795 10743
f 7308 7140 7577
f 11191 11198 11156
f 9711 9689 9728
f 9727 9728 9750
f 11240 11295 11322
f 7140 7392 7577
f 11293 11266 11239
f 9863 9864 9882
f 10265 10227 10186
f 11433 11432 11409
f 9670 9655 9623
f 7394 7309 7578
f 11427 11429 11472
f 11344 11242 11267
f 10111 10110 10058
f 7309 7222 7578
f 7222 7474 7579
f 7224 7225 7477
f 7145 7310 7474
f 7478 7225 7101
f 9743 9703 9663
f 11442 11443 11471
f 11410 10971 11435
f 10835 11442 11471
f 10699 10698 10659
f 10971 10958 10959
f 9881 9882 9901
f 10458 10500 10457
f 10620 10619 10602
f 7395 7224 7476
f 9655 9670 9690
f 10784 10835 11470
f 10058 10059 10111
f 7310 7395 7580
f 9810 9824 9809
f 10360 10361 10489
f 9767 9785 9810
f 11434 11433 11410
f 10426 10397 10458
f 10597 10608 10650
f 11175 7472 7473
f 11176 7478 7101
f 7577 7391 7308
f 9900 9901 9946
f 11435 11434 11410
f 10684 10784 11469
f 10500 10458 10536
f 7478 7477 7225
f 9750 9751 9768
f 10850 10849 10813
f 10650 10608 10684
f 9945 9946 9981
f 7579 7578 7222
f 10698 10699 10743
f 10619 10620 10660
f 11445 11444 11423
f 10814 10813 10796
f 11472 11448 11427
f 11322 11294 11240
f 10340 10397 10339
f 11449 11472 11429
f 9837 9836 9799
f 7580 7474 7310
f 11448 11446 11447
f 11471 11470 10835
f 10215 10193 10255
f 7146 11176 7093
f 9656 9623 9598
f 11470 11469 10784
f 7475 7580 7395
f 7476 7475 7395
f 9751 9750 9728
f 10207 10185 10227
f 10255 10292 10215
f 9632 9644 9574
f 9623 9656 9670
f 10490 10597 10607
f 11432 11433 11451
f 10849 10850 10877
f 10167 10185 10207
f 10960 10959 10910
f 10813 10814 10850
f 10659 10660 10699
f 11174 11199 11192
f 11431 11406 11473
f 9768 9769 9785
f 10125 10124 10097
f 9846 9864 9824
f 11433 11434 11452
f 9743 9799 9836
f 10142 10141 10125
f 11451 11407 11432
f 11238 11266 11321
f 9729 9728 9689
f 9824 9810 9846
f 10603 10602 10536
f 10797 10796 10743
f 11473 11450 11431
f 9769 9768 9751
f 11434 11435 11453
f 10097 10096 10067
f 10650 10649 10597
f 9689 9690 9729
f 11293 11321 11266
f 9883 9882 9864
f 11452 11451 11433
f 10489 10488 10360
f 10972 10971 10959
f 7577 7392 7638
f 7394 7578 7639
f 9663 9703 9632
f 10341 10340 10292
f 10744 10743 10699
f 10607 10597 10649
f 7474 7580 7640
f 7224 7477 7582
f 10602 10603 10620
f 11435 10971 11454
f 7476 7224 7581
f 7580 7475 7640
f 9598 9624 9656
f 7475 7476 7640
f 11471 11443 11489
f 11443 11444 11489
f 11453 11452 11434
f 10427 10458 10397
f 11446 11448 11491
f 11448 11472 11492
f 10851 10877 10850
f 10536 10458 10603
f 10427 10397 10340
f 10489 10490 10607
f 10265 10309 10227
f 10124 10125 10141
f 10650 10684 11488
f 9811 9810 9785
f 10815 10814 10796
f 11472 11449 11493
f 10359 10360 10488
f 10110 10111 10193
f 10096 10097 10124
f 9837 9857 9836
f 10743 10744 10797
f 10910 10877 11456
f 11454 11453 11435
f 9729 9751 9728
f 10959 10960 10972
f 7640 7579 7474
f 7394 7638 7392
f 10067 10066 10050
f 11449 11450 11494
f 9864 9846 9883
f 7579 7639 7578
f 11199 11174 11175
f 9982 9981 9946
f 10141 10142 10167
f 10292 10255 10341
f 7582 7581 7224
f 11321 11177 11238
f 7581 7640 7476
f 10066 10067 10096
f 11445 11490 11444
f 10309 10265 10359
f 10227 10247 10207
f 11469 11488 10684
f 11344 11297 11398
f 11490 11489 11444
f 9882 9883 9901
f 11491 11445 11446
f 10851 10850 10814
f 11488 10649 10650
f 11492 11491 11448
f 9785 9769 9811
f 9982 10014 9981
f 10184 10167 10207
f 10796 10797 10815
f 11493 11492 11472
f 10877 10851 11456
f 9947 9946 9901
f 10972 11454 10971
f 9680 9632 9703
f 11494 11493 11449
f 9957 9958 10003
f 10621 10620 10603
f 9690 9670 9729
f 10700 10699 10660
f 11294 11321 11293
f 10960 10910 11455
f 9958 9957 9837
f 11452 11453 11474
f 9770 9769 9751
f 10458 10427 10501
f 10620 10621 10660
f 9946 9947 9982
f 11398 11242 11344
f 10814 10815 10851
f 10050 10049 10003
f 10607 10596 10489
f 11473 11494 11450
f 11296 11369 11295
f 10340 10398 10427
f 11453 11454 11475
f 7391 7577 7695
f 11322 11295 11294
f 10745 10744 10699
f 10247 10227 10309
f 11474 11451 11452
f 11260 11198 11191
f 7638 7394 7696
f 9751 9729 9770
f 10035 10059 10014
f 10340 10341 10398
f 10049 10050 10066
f 11456 11455 10910
f 9670 9656 9712
f 10458 10501 10603
f 11175 7473 11235
f 7640 7581 7641
f 7582 7477 7642
f 7581 7582 7641
f 11469 11470 11507
f 11488 11469 11507
f 9857 9856 9836
f 11470 11471 11508
f 11471 11489 11508
f 11406 11407 11495
f 11475 11474 11453
f 10014 9982 10035
f 10488 10489 10596
f 10124 10123 10096
f 11296 11241 11397
f 7391 11200 7473
f 10607 10649 10596
f 11454 10972 11476
f 9743 9760 9703
f 11495 11473 11406
f 10151 10193 10111
f 10699 10700 10745
f 10798 10797 10744
f 9615 11297 9574
f 10096 10095 10066
f 9599 9598 9571
f 10003 10002 9957
f 10141 10140 10124
f 7638 7695 7577
f 11191 11192 11285
f 7639 7696 7394
f 9857 9837 9957
f 10002 10003 10049
f 7391 7695 11201
f 7641 7579 7640
f 11492 11493 11510
f 7697 7639 7579
f 9902 9901 9883
f 7642 7641 7582
f 11476 11475 11454
f 10972 10960 11477
f 9769 9786 9811
f 9769 9770 9786
f 9712 9729 9670
f 9743 9836 9856
f 10359 10393 10309
f 11236 11235 7473
f 10603 10604 10621
f 11493 11494 11511
f 10167 10140 10141
f 11488 10596 10649
f 10960 11455 11477
f 11242 11398 11421
f 10799 10815 10797
f 11491 11509 11445
f 10255 10293 10341
f 10744 10745 10798
f 10604 10603 10501
f 11451 11474 11496
f 11494 11473 11511
f 11477 11476 10972
f 11397 11369 11296
f 10059 10035 10075
f 9680 9644 9632
f 10661 10660 10621
f 11297 11422 11398
f 10095 10096 10123
f 9598 9599 9624
f 10502 10501 10427
f 11295 11369 11396
f 10123 10124 10140
f 10255 10193 10293
f 10815 10799 10851
f 10660 10661 10700
f 7695 7638 11201
f 10049 10066 10095
f 11511 11510 11493
f 9713 9712 9656
f 11339 9599 9571
f 11496 11407 11451
f 10075 10111 10059
f 11200 11236 7473
f 11294 11368 11321
f 11473 11495 11512
f 11241 11242 11420
f 11478 11477 11455
f 10797 10798 10799
f 10193 10151 10216
f 9825 9810 9811
f 9812 9811 9786
f 11199 11285 11192
f 7642 7477 11237
f 7579 7641 7740
f 9760 9743 9798
f 11176 7146 11292
f 9742 9703 9760
f 11456 11478 11455
f 7641 7642 7698
f 11512 11511 11473
f 9571 11198 11339
f 10075 10151 10111
f 10622 10621 10604
f 11507 11470 11522
f 11470 11508 11523
f 9656 9624 9713
f 10596 11488 11521
f 9703 9742 9680
f 11489 11490 11524
f 10015 10035 9982
f 11396 11294 11295
f 10393 10359 10488
f 11490 11445 11525
f 9644 9631 9574
f 10621 10622 10661
f 10140 10167 10184
f 9982 9947 10015
f 10851 10799 11456
f 9811 9812 9825
f 10002 9973 9957
f 10746 10745 10700
f 9957 9973 9857
f 7740 7697 7579
f 7698 7740 7641
f 7642 11237 7698
f 10501 10537 10604
f 10701 10700 10661
f 11317 11260 11191
f 11491 11492 11526
f 11420 11397 11241
f 11523 11522 11470
f 11507 11521 11488
f 9856 9857 9914
f 9729 9712 9770
f 9615 9574 9631
f 9599 11339 9610
f 11524 11508 11489
f 10745 10746 10798
f 11477 11478 11497
f 11525 11524 11490
f 11285 11317 11191
f 10537 10501 10502
f 9760 9759 9742
f 9856 9798 9743
f 10700 10701 10746
f 11497 11476 11477
f 9810 9825 9846
f 11193 11292 7146
f 11285 11199 11318
f 10123 10122 10095
f 10049 10029 10002
f 10095 10094 10049
f 11478 11456 11498
f 11175 11235 11261
f 11526 11509 11491
f 10341 10293 10375
f 11237 7477 11265
f 10375 10398 10341
f 9973 10002 10029
f 11474 11475 11496
f 11200 7391 11262
f 11510 11526 11492
f 10488 10487 10393
f 11260 11339 11198
f 11321 11368 11395
f 9883 9846 9902
f 7391 11201 11262
f 11498 11497 11478
f 7639 7697 7794
f 7696 7639 7794
f 9914 9857 9973
f 9714 9713 9624
f 9923 9901 9902
f 11512 11495 11527
f 11475 11476 11513
f 10538 10604 10537
f 11199 11175 11319
f 7478 11176 11291
f 11177 11321 11395
f 11456 10799 11499
f 9798 9759 9760
f 11201 7638 11264
f 10799 10798 10746
f 10604 10538 10622
f 10662 10661 10622
f 11286 11261 11235
f 10193 10216 10293
f 10596 11521 11545
f 10503 10502 10427
f 11319 11318 11199
f 11508 11524 11547
f 11527 11511 11512
f 10427 10398 10459
f 11513 11496 11475
f 10094 10095 10122
f 9826 9825 9812
f 10247 10246 10207
f 10029 10049 10065
f 11265 7698 11237
f 10065 10049 10094
f 11297 9615 11422
f 10488 10596 10568
f 11495 11407 11528
f 10184 10207 10246
f 11263 11262 11201
f 10702 10701 10661
f 11236 11286 11235
f 10122 10123 10140
f 11317 11285 11318
f 10487 10488 10568
f 9923 9947 9901
f 11525 11445 11548
f 11264 11263 11201
f 7477 7478 11290
f 11445 11509 11548
f 10502 10503 10537
f 11369 11397 11441
f 11522 11521 11507
f 9759 9741 9742
f 11528 11527 11495
f 11398 11422 11468
f 9865 9846 9825
f 7696 11264 7638
f 11261 11319 11175
f 9914 9892 9856
f 11407 11496 11528
f 11545 11544 10596
f 11546 11523 11508
f 9812 9786 9826
f 11339 11260 11360
f 10427 10459 10503
f 9798 9856 9892
f 11547 11546 11508
f 9631 11422 9615
f 11509 11526 11550
f 10701 10702 10746
f 11525 11547 11524
f 11544 10568 10596
f 11526 11510 11550
f 11291 11290 7478
f 11497 11513 11476
f 10661 10662 10702
f 11368 11294 11419
f 9680 9742 9741
f 11510 11511 11551
f 10029 9914 9973
f 11200 11262 11287
f 11549 11548 11509
f 9770 9712 9787
f 11396 11369 11441
f 10309 10358 10247
f 10376 10375 10293
f 11511 11527 11551
f 9846 9865 9884
f 11550 11549 11509
f 11262 11263 11287
f 10112 10075 10035
f 11290 11265 7477
f 11468 11421 11398
f 9903 9902 9846
f 11317 11360 11260
f 11394 11170 11177
f 9787 9786 9770
f 9624 9691 9714
f 11551 11550 11510
f 10799 10746 11499
f 9624 9599 9691
f 10112 10151 10075
f 10538 10537 10503
f 10623 10622 10538
f 11456 11499 11514
f 7740 7698 11289
f 10703 10746 10702
f 11421 11420 11242
f 11419 11395 11368
f 10622 10623 10662
f 7697 7740 11288
f 11523 11546 11572
f 10270 10293 10216
f 10065 10064 10029
f 9924 9923 9902
f 9846 9884 9903
f 11546 11547 11573
f 10094 10093 10065
f 11177 11395 11394
f 11264 11287 11263
f 11514 11498 11456
f 10746 10703 11499
f 9825 9826 9865
f 11396 11440 11294
f 11289 11288 7740
f 9827 9826 9786
f 10140 10139 10122
f 11236 11200 11320
f 9947 9923 9983
f 11545 11571 11544
f 10358 10309 10393
f 10151 10112 10194
f 10428 10398 10375
f 10662 10663 10702
f 9680 9702 9644
f 9610 11339 9657
f 9902 9903 9924
f 9797 9759 9798
f 9983 10015 9947
f 11573 11572 11546
f 11525 11573 11547
f 9914 10029 10064
f 11421 11468 11487
f 11394 11193 11170
f 11549 11550 11575
f 10035 10015 10076
f 11440 11419 11294
f 9786 9787 9827
f 10194 10216 10151
f 9759 9797 9741
f 9788 9787 9712
f 10663 10662 10623
f 11420 11421 11487
f 9865 9866 9884
f 10064 10065 10093
f 10076 10112 10035
f 11548 11574 11525
f 10093 10094 10122
f 11496 11513 11552
f 10246 10247 10358
f 11396 11441 11467
f 10460 10459 10398
f 11287 11320 11200
f 9631 9644 9702
f 11529 11497 11498
f 9866 9865 9826
f 11397 11467 11441
f 11552 11528 11496
f 11498 11514 11529
f 9712 9713 9788
f 9692 9691 9599
f 10538 10539 10623
f 11397 11420 11486
f 11513 11497 11553
f 7794 7697 11288
f 10393 10418 10358
f 10459 10460 10503
f 10703 10702 10663
f 11193 11367 11292
f 11545 11521 11588
f 11551 11575 11550
f 9884 9885 9903
f 9892 9914 10001
f 11487 11486 11420
f 11176 11292 11366
f 11339 11360 11411
f 9691 9713 9714
f 11514 11499 11530
f 10398 10428 10460
f 11422 9631 11506
f 11523 11572 11590
f 11553 11552 11513
f 9702 9680 9741
f 11572 11573 11591
f 9599 9610 9692
f 11317 11318 11389
f 10568 11544 11587
f 9885 9884 9866
f 10418 10393 10487
f 11573 11525 11592
f 11530 11529 11514
f 11468 11422 11506
f 11367 11366 11292
f 10139 10140 10184
f 11522 11588 11521
f 11554 11553 11497
f 10503 10504 10538
f 11499 10703 11532
f 9964 9983 9923
f 11589 11522 11523
f 11497 11529 11555
f 11571 11587 11544
f 11590 11589 11523
f 10399 10375 10376
f 11320 11287 11340
f 11412 11411 11360
f 11531 11530 11499
f 10664 10663 10623
f 11591 11590 11572
f 11548 11549 11593
f 9925 9924 9903
f 10624 10623 10539
f 11555 11554 11497
f 10504 10503 10460
f 7698 11265 11343
f 10216 10194 10270
f 11592 11591 11573
f 9904 9903 9885
f 11532 11531 11499
f 9787 9788 9827
f 11287 11264 11341
f 11506 11487 11468
f 11574 11592 11525
f 10001 9914 10064
f 9867 9866 9826
f 10663 10664 10703
f 11264 7696 11342
f 10001 9939 9892
f 10429 10428 10375
f 11533 11532 10703
f 10623 10624 10664
f 7696 7794 11342
f 11317 11412 11360
f 9789 9788 9713
f 9903 9904 9925
f 11529 11530 11556
f 11339 11411 9657
f 11366 11291 11176
f 11341 11340 11287
f 10064 10093 10122
f 9948 9923 9924
f 11575 11593 11549
f 11319 11261 11361
f 11343 11289 7698
f 10539 10538 10504
f 11286 11236 11362
f 9610 9657 9692
f 11545 11588 11611
f 11588 11522 11611
f 11342 11341 11264
f 11571 11545 11610
f 11506 9631 9662
f 11556 11555 11529
f 9826 9827 9867
f 11530 11531 11557
f 10703 10664 11533
f 11236 11320 11362
f 9886 9885 9866
f 9713 9691 9789
f 10461 10460 10428
f 10375 10399 10429
f 11288 11342 7794
f 10036 10015 9983
f 9702 9741 9758
f 11589 11590 11612
f 11467 11440 11396
f 10317 10293 10270
f 10246 10226 10184
f 11590 11591 11613
f 9924 9925 9948
f 11531 11532 11558
f 11557 11556 11530
f 11361 11261 11390
f 10539 10605 10624
f 11265 11290 11365
f 11419 11440 11395
f 10487 10568 11608
f 9965 9964 9923
f 10133 10112 10076
f 11487 11506 11520
f 11611 11610 11545
f 9885 9886 9904
f 10460 10461 10504
f 11589 11611 11522
f 9866 9867 9886
f 9835 9797 9798
f 9983 9964 10036
f 10428 10429 10461
f 11532 11533 11559
f 11363 11362 11320
f 9828 9827 9788
f 11574 11548 11614
f 10064 10028 10001
f 11558 11557 11531
f 9892 9891 9798
f 9797 9758 9741
f 10418 10487 11634
f 11467 11397 11505
f 11318 11319 11413
f 10377 10376 10293
f 11613 11612 11590
f 11587 11609 10568
f 11291 11366 11393
f 11340 11363 11320
f 9923 9948 9965
f 11609 11608 10568
f 11486 11487 11519
f 11555 11556 11576
f 11288 11289 11364
f 11533 10664 11560
f 11592 11613 11591
f 10624 10606 10664
f 11559 11558 11532
f 11365 11343 11265
f 11286 11390 11261
f 11552 11553 11594
f 10504 10505 10539
f 11520 11519 11487
f 10122 10092 10064
f 11614 11592 11574
f 9939 9891 9892
f 10377 10399 10376
f 9926 9925 9904
f 11556 11557 11576
f 10606 10624 10605
f 9657 11411 11457
f 10028 10064 10092
f 11560 11559 11533
f 9788 9789 9828
f 10293 10317 10377
f 10036 10076 10015
f 11594 11528 11552
f 9905 9904 9886
f 11593 11614 11548
f 9631 9702 9701
f 10505 10504 10461
f 11361 11413 11319
f 11571 11610 11637
f 11506 9662 9700
f 11610 11611 11637
f 11561 11560 10664
f 11587 11571 11636
f 9758 9701 9702
f 11557 11558 11577
f 9752 9789 9691
f 9828 9867 9827
f 11520 11506 9700
f 11505 11440 11467
f 10664 10606 11561
f 11393 11290 11291
f 11411 11412 11458
f 10430 10429 10399
f 9904 9905 9926
f 11554 11594 11553
f 9758 9797 9835
f 10539 10540 10605
f 11577 11576 11557
f 9874 9798 9891
f 11558 11559 11577
f 9691 9692 9752
f 11555 11576 11595
f 11613 11592 11640
f 11637 11636 11571
f 9798 9874 9835
f 9662 9631 9701
f 10429 10430 10461
f 11390 11286 11414
f 11458 11457 11411
f 10540 10539 10505
f 11636 11635 11587
f 10092 10122 10139
f 9828 9886 9867
f 10037 10036 9964
f 11638 11611 11589
f 10133 10194 10112
f 11193 11394 11466
f 11364 11289 11392
f 11528 11594 11615
f 11635 11609 11587
f 11612 11638 11589
f 11595 11554 11555
f 11559 11560 11579
f 10399 10377 10430
f 11412 11317 11459
f 11288 11364 11391
f 11342 11288 11391
f 10076 10036 10113
f 11518 11505 11397
f 11413 11389 11318
f 11365 11289 11343
f 10113 10133 10076
f 9693 9671 9657
f 11639 11612 11613
f 11341 11363 11340
f 11578 11577 11559
f 11614 11593 11641
f 11615 11527 11528
f 11640 11639 11613
f 11608 11634 10487
f 10461 10430 10505
f 9829 9828 9789
f 11579 11578 11559
f 11459 11458 11412
f 9906 9905 9886
f 11392 11391 11364
f 11397 11486 11543
f 10606 10605 10540
f 11286 11362 11416
f 11366 11367 11439
f 11440 11505 11517
f 11415 11414 11286
f 11614 11640 11592
f 11457 9693 9657
f 11561 11579 11560
f 11519 11543 11486
f 9671 9692 9657
f 9905 9906 9926
f 11389 11459 11317
f 11636 11637 11661
f 9662 9701 9700
f 11416 11415 11286
f 10233 10270 10194
f 11554 11595 11616
f 9789 9752 9829
f 11575 11641 11593
f 11637 11611 11663
f 9886 9828 9906
f 11394 11395 11485
f 11551 11527 11642
f 10541 10540 10505
f 11616 11594 11554
f 11638 11612 11664
f 11577 11578 11596
f 11289 11365 11418
f 11363 11416 11362
f 11527 11615 11642
f 11413 11460 11389
f 11595 11576 11617
f 11612 11639 11665
f 10506 10505 10430
f 10226 10139 10184
f 11543 11518 11397
f 10540 10541 10606
f 11661 11660 11636
f 11660 11635 11636
f 9926 9927 9925
f 9874 9891 9938
f 11662 11661 11637
f 11578 11579 11597
f 10505 10506 10541
f 11663 11662 11637
f 11519 11520 11569
f 11617 11616 11595
f 10377 10317 10430
f 11638 11663 11611
f 11414 11415 11436
f 11517 11395 11440
f 10233 10317 10270
f 10418 11634 11691
f 11418 11392 11289
f 11543 11519 11569
f 9927 9926 9906
f 11439 11393 11366
f 9671 9752 9692
f 11597 11596 11578
f 11466 11367 11193
f 11417 11341 11342
f 11665 11664 11612
f 11518 11542 11505
f 11459 11389 11460
f 11391 11417 11342
f 11290 11393 11438
f 9964 9965 10016
f 10358 10418 11691
f 9693 11457 11500
f 11640 11665 11639
f 11618 11617 11576
f 11570 11569 11520
f 11594 11616 11643
f 9938 9891 9939
f 11576 11577 11619
f 10000 9939 10001
f 11361 11390 11461
f 11542 11517 11505
f 9966 9948 9925
f 11365 11290 11437
f 11643 11615 11594
f 11619 11618 11576
f 9949 9925 9927
f 11561 10606 11598
f 9835 9855 9758
f 11416 11436 11415
f 11575 11551 11666
f 11577 11596 11620
f 9700 9701 9722
f 11616 11617 11644
f 9964 10016 10037
f 9828 9829 9887
f 10431 10430 10317
f 11457 11458 11501
f 10092 10091 10028
f 11660 11661 11693
f 11635 11660 11692
f 11551 11642 11666
f 10430 10431 10506
f 9887 9906 9828
f 11598 11579 11561
f 11661 11662 11694
f 10606 10541 11599
f 11609 11635 11727
f 11438 11437 11290
f 11662 11663 11694
f 11663 11638 11695
f 11644 11643 11616
f 9913 9874 9938
f 11620 11619 11577
f 11596 11597 11620
f 9925 9949 9966
f 11638 11664 11696
f 11390 11414 11463
f 9752 9671 9771
f 9671 9693 9715
f 11617 11618 11645
f 11462 11461 11390
f 11395 11517 11541
f 9984 9965 9948
f 10541 10506 11599
f 11608 11609 11726
f 10152 10133 10113
f 9874 9855 9835
f 11437 11418 11365
f 11367 11466 11484
f 11501 11500 11457
f 11413 11361 11480
f 11634 11608 11725
f 10342 10317 10233
f 10001 10028 10000
f 9700 11570 11520
f 11599 11598 10606
f 11458 11459 11460
f 11645 11644 11617
f 10139 10091 10092
f 11693 11692 11660
f 11691 11634 11724
f 11692 11727 11635
f 11694 11693 11661
f 11463 11462 11390
f 10233 10194 10133
f 11695 11694 11663
f 9887 9927 9906
f 11727 11726 11609
f 11696 11695 11638
f 11690 10226 10246
f 9948 9966 9984
f 11480 11479 11413
f 11697 11696 11664
f 11640 11614 11699
f 11665 11697 11664
f 11436 11416 11464
f 11726 11725 11608
f 9829 9752 9847
f 11597 11579 11621
f 11436 11463 11414
f 11460 11501 11458
f 9939 9937 9938
f 9938 9937 9913
f 11725 11724 11634
f 11614 11641 11700
f 10431 11599 10506
f 11619 11620 11646
f 11643 11644 11667
f 11416 11363 11464
f 10431 10317 11600
f 10036 10037 10077
f 11579 11598 11622
f 10017 10016 9965
f 9950 9949 9927
f 11484 11439 11367
f 11698 11665 11640
f 11461 11480 11361
f 11641 11575 11701
f 11646 11618 11619
f 11667 11615 11643
f 11699 11698 11640
f 11460 11413 11479
f 10246 10358 11690
f 11363 11341 11465
f 11644 11645 11668
f 9965 9984 10017
f 11541 11485 11395
f 10317 10342 11600
f 11700 11699 11614
f 11500 11501 11515
f 11691 11723 10358
f 9847 9887 9829
f 9949 9950 9966
f 11622 11621 11579
f 9913 9855 9874
f 11598 11599 11623
f 10038 10037 10016
f 11693 11694 11730
f 11694 11695 11731
f 11692 11693 11729
f 11727 11692 11728
f 10226 10166 10139
f 9715 9771 9671
f 11393 11439 11483
f 11668 11667 11644
f 9927 9887 9950
f 11726 11727 11728
f 11701 11700 11641
f 9855 9701 9758
f 10134 10113 10036
f 11723 11690 10358
f 11645 11618 11669
f 11485 11466 11394
f 11417 11465 11341
f 9937 9939 10000
f 11666 11701 11575
f 9693 11500 9730
f 11669 11668 11645
f 9966 9967 9984
f 11569 11570 11607
f 11731 11730 11694
f 11460 11515 11501
f 11730 11729 11693
f 11599 10431 11625
f 11732 11731 11695
f 11618 11646 11670
f 10016 10017 10038
f 10152 10113 10134
f 11729 11728 11692
f 9937 9855 9913
f 11615 11667 11642
f 11696 11732 11695
f 11436 11464 11481
f 10036 10077 10134
f 11728 11763 11726
f 11597 11621 11647
f 11624 11623 11599
f 11763 11725 11726
f 11483 11438 11393
f 11437 11438 11482
f 9848 9847 9752
f 9967 9966 9950
f 11543 11569 11606
f 11670 11669 11618
f 11481 11463 11436
f 9700 9722 9721
f 11646 11620 11671
f 11464 11363 11465
f 11600 10342 11626
f 11667 11668 11702
f 10152 10233 10133
f 11625 11624 11599
f 11515 9730 11500
f 10028 10048 10000
f 9771 9715 9790
f 11518 11543 11606
f 9984 9985 10017
f 10000 9999 9937
f 11698 11733 11665
f 11671 11670 11646
f 11607 11606 11569
f 11600 11625 10431
f 11702 11642 11667
f 9752 9771 9848
f 9985 9984 9967
f 11668 11669 11703
f 11482 11418 11437
f 9887 9847 9928
f 11730 11731 11766
f 11598 11623 11648
f 11462 11463 11502
f 11701 11666 11734
f 11731 11732 11767
f 10139 10166 10091
f 9721 11570 9700
f 11729 11730 11765
f 9928 9950 9887
f 11703 11702 11668
f 11732 11696 11768
f 11728 11729 11764
f 11502 11461 11462
f 11763 11728 11764
f 10048 10028 10091
f 11479 11480 11461
f 11669 11670 11704
f 11666 11642 11734
f 11696 11697 11770
f 11438 11483 11504
f 9999 10000 10048
f 11542 11518 11605
f 11623 11624 11648
f 11697 11665 11771
f 10233 10152 11627
f 11648 11622 11598
f 11627 10342 10233
f 11665 11733 11771
f 11767 11766 11731
f 11704 11703 11669
f 11766 11765 11730
f 10018 10017 9985
f 10039 10038 10017
f 11670 11671 11705
f 11624 11625 11649
f 11768 11767 11732
f 11765 11764 11729
f 11647 11620 11597
f 9968 9967 9950
f 11769 11768 11696
f 11481 11502 11463
f 11723 11691 11724
f 11770 11769 11696
f 11690 11762 10226
f 11733 11698 11772
f 11418 11482 11503
f 11763 11800 11725
f 9715 9693 9772
f 9847 9848 9888
f 11771 11770 11697
f 11625 11600 11650
f 11705 11704 11670
f 9999 9998 9937
f 11800 11724 11725
f 11698 11699 11773
f 11504 11482 11438
f 11649 11648 11624
f 9855 9819 9701
f 9967 9968 9985
f 11479 11534 11460
f 10091 10090 10048
f 11465 11481 11464
f 11702 11703 11735
f 11762 10166 10226
f 11605 11517 11542
f 10017 10018 10039
f 9772 9790 9715
f 11600 11626 11651
f 11772 11771 11733
f 11699 11700 11774
f 11626 10342 11652
f 9950 9928 9968
f 11672 11647 11621
f 11650 11649 11625
f 11735 11642 11702
f 11503 11392 11418
f 9790 9848 9771
f 11700 11701 11775
f 11703 11704 11736
f 10342 11627 11653
f 11773 11772 11698
f 11622 11648 11673
f 11622 11672 11621
f 11515 11460 11562
f 11766 11767 11805
f 11620 11647 11671
f 11765 11766 11803
f 11651 11650 11600
f 9888 9928 9847
f 11607 11570 9679
f 11774 11773 11699
f 11479 11461 11535
f 11767 11768 11806
f 11764 11765 11802
f 11652 11651 11626
f 9985 9986 10018
f 11736 11735 11703
f 10038 10039 10060
f 11502 11481 11516
f 11768 11769 11807
f 9730 11515 11580
f 11466 11485 11568
f 10078 10037 10038
f 9701 9819 9722
f 11653 11652 10342
f 10114 10077 10037
f 11769 11770 11808
f 11775 11774 11700
f 11800 11763 11801
f 10090 10091 10166
f 9986 9985 9968
f 11770 11771 11809
f 11606 11605 11518
f 11804 11803 11766
f 11805 11804 11766
f 11806 11805 11767
f 11534 11562 11460
f 11803 11802 11765
f 11734 11775 11701
f 11648 11649 11675
f 9693 9730 9772
f 9999 10027 9998
f 9679 9678 11607
f 10152 10134 11654
f 11808 11807 11769
f 10037 10078 10114
f 11465 11516 11481
f 11674 11673 11648
f 11764 11801 11763
f 10018 10019 10039
f 11606 11607 11659
f 9848 9790 9868
f 9868 9888 9848
f 10038 10060 10078
f 11562 11580 11515
f 11705 11671 11737
f 11809 11808 11770
f 11649 11650 11676
f 11461 11502 11536
f 10027 9999 10048
f 10019 10018 9986
f 11675 11674 11648
f 11672 11622 11707
f 11737 11704 11705
f 11772 11809 11771
f 11672 11706 11647
f 11650 11651 11677
f 9888 9968 9928
f 11503 11391 11392
f 10166 10165 10090
f 11622 11673 11707
f 10077 11654 10134
f 9678 11659 11607
f 11651 11652 11678
f 9998 9855 9937
f 11690 11723 11837
f 11652 11653 11679
f 11724 11838 11723
f 11676 11675 11649
f 11484 11466 11567
f 11653 11627 11680
f 11504 11483 11539
f 11804 11805 11842
f 11736 11704 11776
f 11803 11804 11841
f 11671 11647 11738
f 9753 9772 9730
f 11738 11737 11671
f 11805 11806 11845
f 11838 11837 11723
f 11659 11605 11606
f 11802 11803 11840
f 11806 11768 11846
f 10039 10040 10060
f 11677 11676 11650
f 9721 9679 11570
f 11768 11807 11847
f 11633 11541 11517
f 11673 11674 11708
f 11776 11735 11736
f 10090 10089 10048
f 11482 11504 11503
f 9987 9986 9968
f 10040 10039 10019
f 11540 11539 11483
f 11764 11802 11839
f 11535 11461 11563
f 11678 11677 11651
f 11679 11678 11652
f 11801 11764 11839
f 11439 11484 11566
f 11807 11808 11848
f 10027 9855 9998
f 11680 11679 11653
f 11627 10152 11681
f 11808 11809 11848
f 11842 11841 11804
f 11843 11842 11805
f 11844 11843 11805
f 11845 11844 11805
f 11841 11840 11803
f 11674 11675 11709
f 9753 9730 11580
f 11846 11845 11806
f 10152 11654 11681
f 11706 11738 11647
f 11539 11503 11504
f 11704 11737 11778
f 11847 11846 11768
f 11391 11503 11538
f 11777 11776 11704
f 11465 11417 11537
f 11417 11391 11538
f 11567 11566 11484
f 11517 11605 11658
f 11840 11839 11802
f 10027 10048 10089
f 9968 9888 9987
f 11809 11772 11849
f 11483 11439 11540
f 9819 9855 9956
f 10078 10060 11682
f 9790 9772 9849
f 11838 11724 11866
f 11709 11708 11674
f 9987 10019 9986
f 9849 9868 9790
f 11778 11777 11704
f 11536 11563 11461
f 11675 11676 11711
f 11737 11738 11779
f 11566 11540 11439
f 11672 11707 11740
f 11538 11537 11417
f 11800 11866 11724
f 11479 11581 11534
f 11536 11502 11564
f 11710 11709 11675
f 10040 11684 10060
f 11676 11677 11712
f 11739 11706 11672
f 11682 10114 10078
f 11773 11774 11850
f 11683 11682 10060
f 10019 9987 10040
f 11479 11535 11582
f 11779 11778 11737
f 9855 10027 10047
f 11658 11633 11517
f 11677 11678 11713
f 11711 11710 11675
f 11707 11673 11741
f 11684 11683 10060
f 11842 11843 11867
f 11502 11516 11565
f 11568 11567 11466
f 11843 11844 11868
f 11678 11679 11714
f 11679 11680 11715
f 11773 11849 11772
f 11738 11706 11779
f 11740 11739 11672
f 11844 11845 11870
f 9753 11580 9754
f 11680 11627 11716
f 11604 11485 11541
f 11673 11708 11741
f 11774 11775 11734
f 9813 9772 9753
f 11712 11711 11676
f 11847 11807 11872
f 11708 11709 11741
f 11839 11840 11894
f 11565 11564 11502
f 11741 11740 11707
f 11807 11848 11872
f 11713 11712 11677
f 11868 11867 11843
f 11869 11868 11844
f 11583 11582 11535
f 11867 11841 11842
f 11801 11839 11894
f 11777 11778 11810
f 11851 11850 11774
f 10047 10027 10089
f 11714 11713 11678
f 11715 11714 11679
f 11870 11869 11844
f 11716 11715 11680
f 11841 11895 11840
f 11465 11565 11516
f 11848 11809 11873
f 11846 11870 11845
f 10040 10041 11684
f 11837 11762 11690
f 11563 11583 11535
f 11734 11851 11774
f 11709 11710 11742
f 11780 11779 11706
f 11871 11846 11847
f 11717 11716 11627
f 11895 11894 11840
f 11810 11776 11777
f 11872 11871 11847
f 10041 10040 9987
f 9731 9754 11580
f 9988 9987 9888
f 11681 11717 11627
f 11682 11683 11719
f 11659 9678 11722
f 9813 9849 9772
f 11742 11741 11709
f 11562 9731 11580
f 9819 9873 9722
f 11683 11684 11719
f 11873 11872 11848
f 11710 11711 11743
f 11849 11773 11874
f 10047 9956 9855
f 11739 11780 11706
f 11605 11659 11722
f 11735 11776 11852
f 11773 11850 11874
f 11711 11712 11744
f 11718 10114 11682
f 9888 9868 9988
f 10041 11719 11684
f 11849 11873 11809
f 11719 11718 11682
f 11867 11868 11896
f 11841 11867 11896
f 11868 11869 11898
f 11503 11539 11586
f 11743 11742 11710
f 11740 11741 11781
f 11712 11713 11745
f 11779 11780 11811
f 11565 11465 11585
f 11895 11841 11921
f 11564 11584 11536
f 11869 11870 11899
f 11534 9732 11562
f 11852 11642 11735
f 9721 9757 9679
f 11715 11716 11747
f 11714 11715 11747
f 11870 11846 11900
f 11762 11837 11893
f 11716 11717 11748
f 11713 11714 11746
f 10088 10089 10090
f 10165 10166 10225
f 11583 11563 11584
f 11811 11778 11779
f 11894 11895 11920
f 11744 11743 11711
f 10047 10089 10088
f 9754 9813 9753
f 11717 11681 11749
f 11897 11896 11868
f 11781 11739 11740
f 11898 11897 11868
f 11851 11874 11850
f 11741 11742 11782
f 11745 11744 11712
f 11896 11921 11841
f 11838 11893 11837
f 11563 11536 11584
f 11899 11898 11869
f 9988 10041 9987
f 11921 11920 11895
f 11681 11654 11750
f 11801 11894 11918
f 11567 11568 11632
f 11900 11899 11870
f 11748 11747 11716
f 11812 11811 11780
f 11654 10077 11751
f 11746 11745 11713
f 11871 11900 11846
f 11747 11746 11714
f 9721 9722 9834
f 11800 11801 11918
f 11780 11739 11812
f 11749 11748 11717
f 10077 10114 11751
f 9873 9834 9722
f 11866 11800 11917
f 11920 11919 11894
f 11873 11871 11872
f 11718 11719 10079
f 11750 11749 11681
f 11742 11743 11783
f 11919 11918 11894
f 9732 9731 11562
f 9956 9873 9819
f 11751 11750 11654
f 9956 10047 10088
f 10166 11762 11891
f 10088 10090 10165
f 11849 11874 11901
f 10041 10079 11719
f 11778 11811 11853
f 11564 11565 11601
f 11783 11782 11742
f 11568 11485 11657
f 11918 11917 11800
f 9868 9849 9969
f 11752 10114 11718
f 11813 11812 11739
f 11743 11744 11785
f 11892 11891 11762
f 9969 9988 9868
f 9813 9754 9830
f 11896 11897 11922
f 11582 11583 11628
f 11897 11898 11922
f 11739 11781 11814
f 10079 11752 11718
f 11921 11896 11953
f 11874 11851 11902
f 11811 11812 11853
f 11898 11899 11923
f 11582 11581 11479
f 11585 11465 11602
f 11853 11810 11778
f 11744 11745 11786
f 11920 11921 11953
f 11784 11783 11743
f 11605 11722 9660
f 11583 11584 11628
f 9694 9732 11534
f 11899 11900 11925
f 11747 11748 11789
f 11541 11633 11721
f 11814 11813 11739
f 11748 11749 11790
f 11900 11871 11926
f 11746 11747 11789
f 11776 11810 11852
f 11785 11784 11743
f 9679 9699 9678
f 11891 10225 10166
f 11585 11601 11565
f 11745 11746 11787
f 11919 11920 11951
f 11902 11901 11874
f 11871 11873 11926
f 11581 9694 11534
f 11586 11603 11503
f 11658 11605 9660
f 11749 11750 11791
f 11923 11922 11898
f 11603 11538 11503
f 11741 11782 11816
f 11786 11785 11744
f 11815 11814 11781
f 11537 11602 11465
f 11924 11923 11899
f 9873 9956 9972
f 10080 10079 10041
f 11854 11853 11812
f 11750 11751 11792
f 11953 11952 11920
f 11925 11924 11899
f 11790 11789 11748
f 11782 11783 11816
f 11751 10114 11793
f 9757 9721 9834
f 11812 11813 11854
f 11926 11925 11900
f 11787 11786 11745
f 11952 11951 11920
f 11539 11540 11631
f 11791 11790 11749
f 11789 11788 11746
f 10114 11752 11794
f 11917 11918 11949
f 11873 11849 11927
f 11657 11632 11568
f 11788 11787 11746
f 11816 11781 11741
f 11734 11902 11851
f 10041 9988 10080
f 11951 11950 11919
f 10088 10063 9956
f 11792 11791 11750
f 11893 11892 11762
f 11813 11814 11855
f 11586 11539 11630
f 11564 11601 11629
f 11783 11784 11817
f 11721 11604 11541
f 11793 11792 11751
f 11838 11866 11948
f 11603 11586 11630
f 11601 11585 11602
f 9699 9679 9757
f 11919 11949 11918
f 11794 11793 10114
f 11855 11854 11813
f 9813 9969 9849
f 11784 11785 11818
f 9677 11722 9678
f 9731 9830 9754
f 9694 11581 11685
f 11814 11815 11856
f 11896 11922 11954
f 11631 11630 11539
f 11566 11567 11656
f 11953 11896 11954
f 11901 11927 11849
f 11922 11923 11955
f 11817 11816 11783
f 10080 11752 10079
f 11917 11948 11866
f 9699 9677 9678
f 11785 11786 11819
f 11602 11629 11601
f 11952 11953 11975
f 11485 11604 11657
f 11856 11855 11814
f 11815 11781 11857
f 11789 11790 11822
f 11925 11926 11956
f 11818 11817 11784
f 11786 11787 11820
f 11790 11791 11822
f 11951 11952 11974
f 9755 9731 9732
f 11787 11788 11821
f 11950 11951 11974
f 11926 11873 11956
f 11955 11954 11922
f 11857 11856 11815
f 11924 11955 11923
f 11819 11818 11785
f 11791 11792 11824
f 9988 9969 10061
f 9972 9834 9873
f 11656 11540 11566
f 11792 11793 11826
f 10061 10080 9988
f 11658 9660 11799
f 11956 11924 11925
f 11584 11564 11655
f 11820 11819 11786
f 11975 11974 11952
f 11793 11794 11828
f 11858 11857 11781
f 11949 11919 11950
f 11686 11685 11581
f 11854 11855 11875
f 10088 10165 10206
f 11821 11820 11787
f 11794 11752 11829
f 11823 11822 11791
f 9969 9813 9989
f 11917 11949 11950
f 11564 11629 11655
f 11567 11632 11689
f 10063 10046 9956
f 11816 11858 11781
f 9830 9731 9850
f 11927 11901 11957
f 11752 10080 11829
f 11903 11852 11810
f 11581 11582 11687
f 11633 11658 11799
f 11927 11956 11873
f 11824 11823 11791
f 11948 11917 11973
f 10063 10088 10138
f 11825 11824 11792
f 9677 9699 9720
f 11826 11825 11792
f 9757 9776 9699
f 11827 11826 11793
f 11828 11827 11793
f 11582 11628 11687
f 11829 11828 11794
f 10206 10165 10225
f 9972 9956 10046
f 11602 11655 11629
f 11721 11633 11799
f 9757 9834 9854
f 11953 11954 11976
f 11950 11973 11917
f 11954 11955 11977
f 11852 11734 11642
f 11810 11853 11904
f 9732 9694 9755
f 11856 11875 11855
f 11657 11604 11761
f 11955 11924 11979
f 11902 11957 11901
f 11904 11903 11810
f 11689 11656 11567
f 11893 11838 11971
f 11924 11956 11979
f 11628 11584 11687
f 11974 11975 11996
f 11788 11789 11860
f 11948 11972 11838
f 11821 11788 11859
f 11852 11903 11928
f 11853 11854 11904
f 11977 11976 11954
f 11976 11997 11953
f 11950 11974 11996
f 11978 11977 11955
f 11997 11975 11953
f 11604 11721 11798
f 11972 11971 11838
f 11979 11978 11955
f 9989 10061 9969
f 10138 10088 10206
f 11799 11798 11721
f 11656 11631 11540
f 9834 9972 10046
f 11827 11828 11861
f 11854 11875 11905
f 9720 9699 9776
f 9731 9755 9850
f 11822 11860 11789
f 11859 11820 11821
f 11860 11859 11788
f 11828 11829 10153
f 11973 11950 11995
f 11655 11687 11584
f 9990 9989 9813
f 11824 11822 11823
f 11891 11892 11970
f 11734 11852 11958
f 11722 9677 9661
f 10080 10153 11829
f 11602 11537 11688
f 11537 11538 11688
f 11996 11995 11950
f 11905 11904 11854
f 10046 10063 10138
f 11816 11817 11877
f 11948 11973 11994
f 11957 11956 11927
f 10115 10080 10061
f 11861 11826 11827
f 11876 11858 11816
f 9854 9853 9757
f 11893 11970 11892
f 11958 11902 11734
f 11687 11686 11581
f 10153 11861 11828
f 9813 9830 9990
f 11997 11976 11998
f 11976 11977 11999
f 11603 11688 11538
f 10225 11891 10283
f 11995 11994 11973
f 11977 11978 12000
f 11975 11997 12017
f 11877 11876 11816
f 11978 11979 12000
f 9661 9677 9720
f 11929 11903 11904
f 11996 11975 12017
f 11632 11657 11760
f 11819 11820 11878
f 11970 10283 11891
f 11994 11972 11948
f 9776 9757 9853
f 9661 9660 11722
f 11979 11956 12001
f 11818 11877 11817
f 11820 11859 11879
f 11860 11822 11881
f 11798 11761 11604
f 11859 11860 11880
f 11822 11824 11881
f 11999 11998 11976
f 11998 12018 11997
f 10046 9997 9834
f 12018 12017 11997
f 12000 11999 11977
f 10061 9989 10115
f 11995 11996 12016
f 11857 11858 11906
f 11878 11818 11819
f 11603 11630 11720
f 11689 11632 11759
f 12001 12000 11979
f 11824 11825 11883
f 11825 11826 11884
f 11904 11905 11930
f 11879 11878 11820
f 11858 11876 11906
f 12017 12016 11996
f 11826 11861 11886
f 11688 11603 11720
f 11880 11879 11859
f 11881 11880 11860
f 11861 10153 11886
f 11906 11856 11857
f 10080 10115 10153
f 11994 11995 12015
f 11882 11881 11824
f 11760 11759 11632
f 11957 12001 11956
f 11656 11689 11758
f 11883 11882 11824
f 12016 12015 11995
f 11876 11877 11908
f 11884 11883 11825
f 11972 11994 12014
f 9694 11685 9672
f 11885 11884 11826
f 9830 9850 9990
f 11886 11885 11826
f 10225 10245 10206
f 11877 11818 11908
f 11759 11758 11689
f 11907 11906 11876
f 11631 11656 11757
f 11998 11999 12019
f 12018 11998 12019
f 11875 11856 11931
f 12017 12018 12043
f 11999 12000 12020
f 11818 11878 11909
f 9997 9996 9834
f 12015 12014 11994
f 11908 11907 11876
f 10245 10225 10283
f 11971 11972 12013
f 9791 9755 9694
f 11878 11879 11910
f 12000 12001 12021
f 11630 11631 11756
f 11758 11757 11656
f 11686 9672 11685
f 11980 11958 11852
f 11852 11928 11980
f 11893 11971 12013
f 11879 11880 11911
f 11970 10332 10283
f 11931 11905 11875
f 12016 12017 12041
f 11880 11881 11913
f 11655 11602 11753
f 11909 11908 11818
f 9990 10115 9989
f 12014 12013 11972
f 12019 12043 12018
f 11759 11760 11797
f 12020 12019 11999
f 11856 11906 11932
f 11757 11756 11631
f 11928 11903 11980
f 9854 9834 9996
f 11910 11909 11878
f 12015 12016 12041
f 12043 12042 12017
f 11799 9660 9630
f 12021 12020 12000
f 11865 11798 11799
f 11602 11688 11755
f 11883 11884 11914
f 10175 11886 10153
f 10206 10205 10138
f 11911 11910 11879
f 11884 11885 11915
f 11906 11907 11932
f 12042 12041 12017
f 10138 10205 10046
f 11970 11893 12012
f 11756 11720 11630
f 11957 11902 12022
f 10195 11885 11886
f 11912 11911 11880
f 11913 11912 11880
f 11754 11753 11602
f 11932 11931 11856
f 9990 9850 10020
f 11930 11929 11904
f 11883 11881 11882
f 11755 11754 11602
f 11720 11755 11688
f 12014 12015 12039
f 9997 10046 10121
f 11907 11908 11933
f 12013 12012 11893
f 10175 10195 11886
f 10154 10153 10115
f 12022 12001 11957
f 11797 11758 11759
f 12041 12040 12015
f 11915 11914 11884
f 9720 9776 9853
f 11908 11909 11934
f 11761 11836 11657
f 10195 11915 11885
f 11903 11929 11981
f 9850 9755 9951
f 11933 11932 11907
f 9630 11865 11799
f 12040 12039 12015
f 11905 11931 11959
f 12013 12014 12037
f 11909 11910 11935
f 10205 10206 10245
f 12023 12022 11902
f 12012 10332 11970
f 10153 10154 10175
f 12043 12019 12069
f 12019 12020 12044
f 10283 10282 10245
f 11934 11933 11908
f 11910 11911 11936
f 10282 10283 10332
f 12042 12043 12068
f 12039 12038 12014
f 11720 11756 11796
f 11836 11760 11657
f 12020 12021 12045
f 11753 11754 11795
f 11911 11912 11937
f 11959 11930 11905
f 11755 11720 11796
f 11797 11760 11835
f 11912 11913 11938
f 10115 9990 10154
f 11935 11934 11909
f 11913 11881 11940
f 12041 12042 12067
f 12038 12037 12014
f 12021 12001 12045
f 11931 11932 11960
f 11881 11883 11941
f 9853 9854 9955
f 11936 11935 11910
f 11929 11930 11982
f 11883 11914 11942
f 9996 9955 9854
f 11798 11836 11761
f 12044 12069 12019
f 12012 12013 12036
f 12069 12068 12043
f 11937 11936 11911
f 10175 10176 10195
f 12040 12041 12066
f 12001 12022 12046
f 11960 11959 11931
f 12045 12044 12020
f 11914 11915 11944
f 9661 9698 9660
f 10205 10204 10046
f 11938 11937 11912
f 11796 11754 11755
f 12068 12067 12042
f 11932 11933 11961
f 11939 11938 11913
f 9792 9791 9694
f 11940 11939 11913
f 11941 11940 11881
f 9996 9997 10045
f 11865 9630 9614
f 12039 12040 12065
f 9951 10020 9850
f 11942 11941 11883
f 11757 11758 11834
f 11933 11934 11961
f 11835 11758 11797
f 10176 10175 10154
f 12067 12066 12041
f 12046 12045 12001
f 10195 11944 11915
f 11943 11942 11914
f 10332 12012 12036
f 10121 10045 9997
f 12038 12039 12064
f 9755 9791 9951
f 11961 11960 11932
f 11944 11943 11914
f 10121 10046 10204
f 11760 11836 11864
f 9694 9672 9792
f 11655 11753 11831
f 12066 12065 12040
f 11865 11890 11798
f 9833 9720 9853
f 12023 12046 12022
f 11930 11959 11983
f 11935 11936 11962
f 12037 12038 12062
f 10245 10204 10205
f 11796 11756 11833
f 10357 10332 12036
f 12023 11902 12047
f 12065 12064 12039
f 9672 11686 9640
f 11936 11937 11963
f 11754 11796 11833
f 11834 11756 11757
f 9630 9660 9698
f 10196 10195 10176
f 11795 11754 11832
f 9720 9775 9661
f 11831 11830 11655
f 11937 11938 11964
f 11983 11982 11930
f 12064 12063 12038
f 11962 11934 11935
f 11959 11960 11984
f 11938 11939 11965
f 11940 11941 11966
f 12069 12044 12090
f 12068 12069 12090
f 11795 11831 11753
f 12063 12062 12038
f 12013 12037 12061
f 11686 11687 9641
f 11941 11942 11967
f 10195 10217 11944
f 11902 11958 12047
f 11963 11962 11936
f 12044 12045 12070
f 11929 11982 12002
f 12067 12068 12089
f 11890 11836 11798
f 11864 11835 11760
f 11833 11832 11754
f 10217 11943 11944
f 9641 9640 11686
f 11942 11943 10256
f 11964 11963 11937
f 12036 12013 12061
f 11984 11983 11959
f 12045 12046 12071
f 12066 12067 12088
f 11980 11903 11981
f 11965 11964 11938
f 11960 11961 11985
f 12002 11981 11929
f 12062 12061 12037
f 9955 9912 9853
f 11966 11939 11940
f 11967 11966 11941
f 10217 10195 10196
f 12065 12066 12087
f 11961 11934 11985
f 10282 10332 10357
f 12046 12023 12072
f 11968 11967 11942
f 12070 12090 12044
f 12090 12089 12068
f 11655 9641 11687
f 11756 11834 11863
f 12064 12065 12086
f 10282 10281 10245
f 10256 11968 11942
f 10045 10121 10164
f 11985 11984 11960
f 11864 11836 11889
f 11934 11962 11986
f 12071 12070 12045
f 11830 11831 11862
f 9955 9996 10045
f 12089 12088 12067
f 9698 9661 9775
f 11833 11756 11863
f 10217 10256 11943
f 9775 9720 9833
f 12063 12064 12085
f 10204 10164 10121
f 9672 9640 9716
f 10245 10264 10204
f 12023 12047 12073
f 11962 11963 11987
f 12062 12063 12084
f 12072 12071 12046
f 12088 12087 12066
f 11986 11985 11934
f 12087 12086 12065
f 11963 11964 11988
f 11835 11864 11888
f 12048 12047 11958
f 10154 9990 10176
f 11958 11980 12048
f 12086 12085 12064
f 11865 9614 9603
f 11795 11862 11831
f 11964 11965 11989
f 10264 10245 10281
f 11987 11986 11962
f 12073 12072 12023
f 9912 9833 9853
f 11983 11984 12003
f 12061 12062 12082
f 12085 12084 12063
f 11965 11939 11990
f 9912 9955 9971
f 9676 9630 9698
f 11889 11888 11864
f 11981 12002 12024
f 11758 11835 11834
f 11988 11987 11963
f 9630 9676 9614
f 11967 11968 11991
f 12084 12083 12062
f 11980 11981 12049
f 9641 11655 9611
f 11984 11985 12003
f 12083 12082 12062
f 11890 11865 9603
f 10196 10197 10217
f 11989 11988 11964
f 11968 10256 11992
f 11990 11989 11965
f 11888 11834 11835
f 9792 9672 9814
f 12049 12048 11980
f 11991 11966 11967
f 12089 12090 12096
f 10197 10196 10176
f 12090 12070 12097
f 12002 11982 12025
f 12036 12061 10449
f 11985 11986 12004
f 12088 12089 12095
f 11830 11862 9600
f 12070 12071 12097
f 10244 10204 10264
f 11992 11991 11968
f 12087 12088 12094
f 11830 9611 11655
f 11986 11987 12005
f 12071 12072 12098
f 12086 12087 12093
f 10257 10256 10217
f 12004 12003 11985
f 10331 10282 10357
f 10164 10204 10244
f 10271 11992 10256
f 12085 12086 12092
f 12025 12024 12002
f 11981 12024 12049
f 11795 11832 11887
f 10045 10044 9955
f 12082 10449 12061
f 11982 11983 12026
f 12084 12085 12091
f 12072 12073 12098
f 10256 10257 10271
f 12005 12004 11986
f 12083 12084 12091
f 9912 9936 9833
f 11988 11989 12006
f 10282 10331 10281
f 9740 9698 9775
f 12096 12095 12089
f 9929 9951 9791
f 12097 12096 12090
f 9796 9775 9833
f 12082 12083 12111
f 9791 9792 9929
f 11887 11862 11795
f 12095 12094 12088
f 11988 12005 11987
f 12026 12025 11982
f 11833 11887 11832
f 12094 12093 12087
f 10281 10280 10264
f 12098 12097 12071
f 12093 12092 12086
f 10155 10176 9990
f 9990 10020 10155
f 11939 11966 12008
f 11983 12003 12027
f 11990 11939 12007
f 9971 9955 10044
f 11966 11991 12009
f 12092 12091 12085
f 9629 9614 9676
f 9676 9698 9740
f 9971 9936 9912
f 10449 10357 12036
f 10217 10234 10257
f 12091 12111 12083
f 11991 11992 12011
f 12003 12004 12027
f 12027 12026 11983
f 12111 12110 12082
f 9740 9775 9796
f 10234 10217 10197
f 9603 9614 9629
f 10155 10197 10176
f 12009 12008 11966
f 12008 12007 11939
f 12004 12005 12028
f 10244 10264 10280
f 10449 12082 12109
f 11889 11836 11947
f 12024 12025 12050
f 12010 12009 11991
f 11890 9603 9590
f 12047 12048 12099
f 12011 12010 11991
f 11887 11833 11916
f 12005 11988 12029
f 9672 9716 9814
f 10045 10164 10203
f 12028 12027 12004
f 9740 9739 9676
f 11988 12006 12030
f 12110 12109 12082
f 10271 12011 11992
f 10257 10234 10271
f 11888 11889 11946
f 10308 10281 10331
f 11863 11916 11833
f 10020 9951 10116
f 12094 12095 12113
f 11836 11890 9590
f 12095 12096 12114
f 12029 12028 12005
f 10280 10281 10308
f 12093 12094 12112
f 10244 10203 10164
f 12096 12097 12114
f 10357 10392 10331
f 12097 12098 12115
f 12030 12029 11988
f 12111 12091 12129
f 10197 10218 10234
f 11947 11946 11889
f 10197 10155 10218
f 12048 12049 12100
f 11989 11990 12032
f 12110 12111 12128
f 10417 10357 10449
f 9716 9640 9773
f 11990 12007 12032
f 12026 12027 12051
f 12098 12073 12116
f 12007 12008 12033
f 12008 12009 12034
f 9641 9611 9658
f 10392 10357 10417
f 9611 11830 9600
f 9796 9833 9872
f 10116 10155 10020
f 12009 12010 12035
f 12113 12112 12094
f 12114 12113 12095
f 11863 11834 11945
f 11946 11834 11888
f 12031 12006 11989
f 12092 12129 12091
f 12027 12028 12051
f 12010 12011 12035
f 12115 12114 12097
f 9590 9589 11836
f 12051 12025 12026
f 11916 11863 11945
f 12073 12047 12099
f 12032 12031 11989
f 12129 12128 12111
f 9600 11862 9584
f 12028 12029 12052
f 9590 9603 9629
f 12109 12110 12126
f 12116 12115 12098
f 9716 9773 9814
f 12033 12032 12007
f 12034 12033 12008
f 11862 11887 9584
f 12128 12127 12110
f 12029 12030 12053
f 12035 12034 12009
f 12011 10271 10294
f 9589 11947 11836
f 10449 12109 10486
f 10044 10045 10163
f 12052 12051 12028
f 12099 12116 12073
f 10235 10234 10218
f 12127 12126 12110
f 10280 10263 10244
f 12030 12006 12054
f 9733 9640 9641
f 10318 12035 12011
f 10203 10163 10045
f 12053 12052 12029
f 12099 12048 12100
f 11916 9584 11887
f 9629 9676 9739
f 10244 10263 10203
f 12126 12125 12109
f 10356 10331 10392
f 9951 9929 10081
f 10449 10448 10417
f 9971 9995 9936
f 10294 10318 12011
f 12006 12031 12055
f 10081 10116 9951
f 12054 12053 12030
f 12125 10486 12109
f 9640 9733 9773
f 10234 10294 10271
f 11834 11946 11969
f 9659 9658 9611
f 10198 10218 10155
f 9629 9628 9590
f 10331 10356 10308
f 9612 9611 9600
f 12092 12093 12130
f 12093 12112 12132
f 10308 10307 10280
f 12129 12092 12130
f 9739 9740 9796
f 12113 12114 12133
f 12055 12054 12006
f 12025 12051 12074
f 9936 9935 9833
f 10234 10235 10258
f 10448 10449 10486
f 12114 12115 12133
f 12101 12049 12024
f 12032 12033 12056
f 10021 9929 9792
f 10155 10116 10198
f 12033 12034 12058
f 12051 12052 12074
f 12115 12116 12134
f 12127 12128 12147
f 10218 10198 10235
f 12034 12035 12059
f 9641 9658 9733
f 10356 10392 10417
f 11947 9589 9588
f 12074 12050 12025
f 12052 12053 12075
f 11969 11945 11834
f 12102 12101 12024
f 12131 12130 12093
f 12132 12131 12093
f 9872 9833 9935
f 12116 12099 12135
f 12035 10318 12059
f 12113 12132 12112
f 12056 12031 12032
f 10263 10280 10307
f 12024 12050 12102
f 12125 12126 12146
f 12057 12056 12033
f 12129 12147 12128
f 12053 12054 12076
f 12058 12057 12033
f 12134 12133 12115
f 12075 12074 12052
f 9796 9795 9739
f 12059 12058 12034
f 11946 11947 9573
f 10486 12125 10595
f 12117 12100 12049
f 12054 12055 12077
f 12135 12134 12116
f 12099 12100 12136
f 10307 10308 10356
f 12076 12075 12053
f 10416 10417 10448
f 10234 10258 10294
f 12127 12146 12126
f 9588 9573 11947
f 12060 12059 10318
f 11969 11946 9572
f 9612 9659 9611
f 12146 10595 12125
f 12055 12031 12078
f 10021 10081 9929
f 12136 12135 12099
f 12077 12076 12054
f 10236 10235 10198
f 10417 10416 10356
f 11945 11969 9572
f 9796 9832 9795
f 9814 10021 9792
f 9573 9572 11946
f 12078 12077 12055
f 11916 11945 9572
f 10259 10258 10235
f 9995 9935 9936
f 10447 10448 10486
f 10044 10062 9971
f 12056 12057 12079
f 9995 9971 10062
f 10081 10198 10116
f 9584 11916 11993
f 10294 10295 10318
f 12132 12113 12148
f 12147 12129 12159
f 12057 12058 12080
f 9600 9584 9601
f 9625 9612 9600
f 10044 10163 10183
f 12113 12133 12149
f 12100 12117 12136
f 9774 9739 9795
f 10235 10236 10259
f 10356 10355 10307
f 9658 9659 9695
f 12127 12147 12158
f 12058 12059 12081
f 9739 9774 9629
f 9935 9934 9872
f 10295 10294 10258
f 12075 12076 12103
f 10567 10486 10595
f 9572 11993 11916
f 10448 10447 10416
f 12079 12031 12056
f 9590 9613 9589
f 12146 12127 12157
f 10163 10203 10263
f 9585 9584 11993
f 9600 9601 9625
f 12130 12159 12129
f 12080 12079 12057
f 9889 9814 9773
f 12076 12077 12104
f 12059 12060 10343
f 12102 12050 12118
f 10318 10319 12060
f 12103 12074 12075
f 12159 12158 12147
f 10198 10219 10236
f 12081 12080 12058
f 12149 12148 12113
f 12135 12136 12150
f 9584 9585 9601
f 12077 12078 12104
f 12134 12149 12133
f 12158 12157 12127
f 9935 9995 10026
f 10355 10356 10416
f 10198 10081 10219
f 12049 12101 12137
f 9586 11993 9572
f 9588 9589 9613
f 12157 10595 12146
f 12104 12103 12076
f 12078 12031 12105
f 10319 10318 10295
f 10486 10485 10447
f 9738 9629 9774
f 9586 9585 11993
f 12150 12134 12135
f 10343 12081 12059
f 9573 9587 9572
f 12137 12117 12049
f 9587 9586 9572
f 12031 12079 12106
f 10527 10486 10567
f 9585 9586 9601
f 9832 9796 9872
f 12105 12104 12078
f 12050 12074 12119
f 10062 10026 9995
f 10272 10258 10259
f 10258 10272 10295
f 12101 12102 12137
f 10319 10343 12060
f 9774 9795 9818
f 10330 10307 10355
f 9613 9590 9628
f 9773 9733 9889
f 9673 9659 9612
f 12079 12080 12107
f 12106 12105 12031
f 12074 12103 12119
f 12130 12131 12163
f 10237 10236 10219
f 10236 10237 10259
f 9930 9814 9889
f 12159 12130 12161
f 10415 10416 10447
f 12131 12132 12148
f 12119 12118 12050
f 12158 12159 12160
f 10263 10307 10330
f 9602 9601 9586
f 10486 10527 10485
f 12080 12081 12108
f 10081 10021 10156
f 9612 9625 9673
f 10416 10415 10355
f 9659 9673 9695
f 12157 12158 12171
f 12107 12106 12079
f 12148 12149 12164
f 10062 10044 10183
f 10595 12157 12170
f 10021 9814 10082
f 9587 9602 9586
f 10566 10567 10595
f 9934 9832 9872
f 12149 12134 12164
f 10263 10243 10163
f 9818 9795 9832
f 12108 12107 12080
f 12163 12162 12130
f 12102 12118 12138
f 12162 12161 12130
f 12134 12150 12164
f 12161 12160 12159
f 10295 10296 10319
f 12104 12105 12120
f 12148 12163 12131
f 12160 12171 12158
f 10296 10295 10272
f 10183 10163 10243
f 9625 9601 9642
f 12170 10720 10595
f 10355 10354 10330
f 9613 9627 9588
f 9628 9629 9738
f 12171 12170 12157
f 10446 10447 10485
f 9815 9733 9658
f 10220 10219 10081
f 12120 12103 12104
f 10567 10566 10527
f 10447 10446 10415
f 9934 9935 10026
f 9573 9588 9627
f 10354 10355 10391
f 10273 10272 10259
f 9733 9930 9889
f 9658 9695 9815
f 12106 12107 12122
f 10260 10259 10237
f 9738 9774 9818
f 9832 9934 9933
f 10220 10237 10219
f 10415 10391 10355
f 9717 9695 9673
f 10081 10156 10220
f 12121 12105 12106
f 10021 10082 10135
f 12107 12108 12122
f 10319 10320 10343
f 12119 12103 12139
f 9627 9626 9573
f 9587 9573 9626
f 10135 10156 10021
f 12160 12161 12173
f 12136 12117 12165
f 9738 9719 9628
f 9602 9642 9601
f 10595 10594 10566
f 9818 9832 9871
f 10272 10273 10296
f 12122 12121 12106
f 12171 12160 12172
f 10320 10319 10296
f 10484 10485 10527
f 10330 10243 10263
f 9642 9673 9625
f 12161 12162 12174
f 12162 12163 12175
f 10259 10260 10273
f 12163 12148 12175
f 12139 12118 12119
f 12103 12120 12140
f 10062 10087 10026
f 10485 10484 10446
f 12108 12081 12123
f 10594 10595 10720
f 10237 10220 10260
f 12173 12172 12160
f 12120 12105 12141
f 9695 9793 9815
f 12123 12122 12108
f 12140 12139 12103
f 12174 12173 12161
f 10400 12081 10343
f 9628 9675 9613
f 9695 9717 9756
f 10062 10183 10202
f 9602 9587 9643
f 12175 12174 12162
f 9952 9930 9733
f 10446 10445 10415
f 10026 9933 9934
f 10243 10202 10183
f 12105 12121 12142
f 12138 12137 12102
f 12141 12140 12120
f 12176 12175 12148
f 10526 10527 10566
f 12124 12123 12081
f 12164 12176 12148
f 9626 9643 9587
f 10391 10415 10445
f 9696 9673 9642
f 9627 9613 9675
f 12137 12165 12117
f 10243 10330 10354
f 10391 10390 10354
f 12142 12141 12105
f 10527 10526 10484
f 10400 12124 12081
f 10296 10273 10320
f 9602 9643 9642
f 10274 10273 10260
f 12121 12122 12143
f 12118 12139 12151
f 9933 9871 9832
f 9696 9717 9673
f 9756 9793 9695
f 10135 10220 10156
f 10445 10446 10484
f 12136 12165 12150
f 9675 9628 9719
f 10343 10378 10400
f 12151 12138 12118
f 12172 12173 12185
f 12171 12172 12184
f 12170 12171 12183
f 12173 12174 12185
f 9733 9815 9952
f 10378 10343 10320
f 10565 10566 10594
f 12122 12123 12144
f 10238 10260 10220
f 12140 12141 12139
f 10260 10238 10274
f 12174 12175 12187
f 12123 12124 12144
f 10390 10391 10414
f 10566 10565 10526
f 12141 12142 12152
f 12144 12143 12122
f 10087 10086 10026
f 10674 10594 10720
f 12184 12183 12171
f 9719 9738 9818
f 12185 12184 12172
f 10202 10087 10062
f 9674 9642 9643
f 10720 12170 12183
f 9814 9930 10082
f 10321 10320 10273
f 12124 10400 12145
f 10445 10484 10526
f 12152 12139 12141
f 12142 12121 12153
f 12186 12185 12174
f 10220 10135 10238
f 10157 10135 10082
f 9696 9756 9717
f 10320 10344 10378
f 10320 10321 10344
f 10445 10444 10391
f 9626 9674 9643
f 9816 9793 9756
f 9933 10026 10086
f 12187 12186 12174
f 10297 10273 10274
f 12138 12151 12166
f 10354 10202 10243
f 12164 12150 12188
f 12153 12152 12142
f 12176 12187 12175
f 10414 10391 10444
f 12145 12144 12124
f 12121 12143 12154
f 10275 10274 10238
f 10594 10593 10565
f 9719 9737 9675
f 9674 9626 9697
f 10432 12145 10400
f 9696 9642 9734
f 10274 10275 10297
f 12188 12176 12164
f 12154 12153 12121
f 9627 9697 9626
f 10378 10432 10400
f 10758 10720 12183
f 10390 10353 10354
f 10636 10594 10674
f 12183 12184 12195
f 9642 9674 9718
f 10525 10526 10565
f 9794 9816 9756
f 12143 12144 12155
f 10526 10525 10445
f 12184 12185 12196
f 12139 12152 12167
f 9627 9675 9737
f 9756 9696 9794
f 10414 10413 10390
f 10082 9930 10157
f 10199 10135 10157
f 10594 10636 10593
f 10322 10321 10273
f 12155 12154 12143
f 9674 9697 9718
f 12152 12153 12167
f 12195 10758 12183
f 10202 10354 10353
f 12185 12186 12197
f 10273 10297 10322
f 9871 9933 10025
f 10135 10199 10238
f 10444 10445 10483
f 12167 12151 12139
f 10758 10674 10720
f 9718 9734 9642
f 12196 12195 12184
f 12186 12187 12198
f 12144 12145 12156
f 10261 10275 10238
f 12189 12150 12165
f 9737 9736 9627
f 10353 10390 10413
f 12187 12176 12199
f 10444 10443 10414
f 12197 12196 12185
f 12153 12154 12168
f 9697 9627 9736
f 10087 10202 10279
f 10564 10565 10593
f 12168 12167 12153
f 10565 10564 10525
f 10413 10414 10443
f 10432 12156 12145
f 12176 12188 12199
f 10378 10344 10432
f 12198 12197 12186
f 10238 10199 10261
f 10783 10758 12195
f 10086 10025 9933
f 10674 10758 10783
f 10157 10158 10199
f 10086 10087 10182
f 9736 9735 9697
f 10525 10483 10445
f 9735 9718 9697
f 9719 9818 9870
f 12188 12150 12200
f 12199 12198 12187
f 12154 12155 12169
f 10298 10297 10275
f 10379 10344 10321
f 10158 10157 9930
f 9815 9793 9953
f 12151 12167 12177
f 9871 9870 9818
f 9952 9815 9991
f 12169 12168 12154
f 10321 10322 10345
f 10275 10261 10298
f 10592 10593 10636
f 12195 12196 12210
f 10323 10322 10297
f 10483 10482 10444
f 9734 9794 9696
f 10432 10462 12156
f 12177 12166 12151
f 12200 12199 12188
f 10443 10444 10482
f 10593 10592 10564
f 10783 12195 12209
f 12167 12168 12178
f 10279 10202 10353
f 12138 12166 12190
f 12196 12197 12211
f 10433 10432 10344
f 12210 12209 12195
f 9793 9816 9931
f 10564 10563 10525
f 12178 12177 12167
f 12189 12165 12201
f 12144 12156 12155
f 10432 10433 10462
f 12189 12200 12150
f 10279 10182 10087
f 12190 12137 12138
f 10462 10507 12156
f 12211 12210 12196
f 9952 10083 9930
f 10483 10525 10563
f 9870 9871 9911
f 9931 9953 9793
f 9953 9991 9815
f 9870 9869 9719
f 12197 12198 12212
f 10674 10719 10636
f 10636 10635 10592
f 10380 10379 10321
f 10297 10298 10324
f 9831 9794 9734
f 12179 12178 12168
f 10401 10344 10379
f 10261 10276 10298
f 12168 12169 12180
f 10261 10199 10276
f 10324 10323 10297
f 10182 10162 10086
f 10507 12155 12156
f 10321 10345 10380
f 10563 10564 10592
f 10821 10783 12209
f 10443 10442 10413
f 10221 10199 10158
f 10025 10086 10162
f 12198 12199 12213
f 9735 9734 9718
f 12212 12211 12197
f 12180 12179 12168
f 10344 10401 10433
f 10783 10782 10674
f 12209 12210 12226
f 9930 10083 10158
f 9907 9816 9794
f 10323 10345 10322
f 9952 9991 10042
f 9736 9737 9817
f 9952 10042 10083
f 12137 12201 12165
f 10025 10024 9871
f 9907 9931 9816
f 10353 10413 10442
f 10782 10783 10821
f 10462 10463 10507
f 10299 10298 10276
f 10463 10462 10433
f 10482 10481 10443
f 12213 12212 12198
f 10834 10821 12209
f 10834 12209 12226
f 12200 12214 12199
f 12210 12211 12227
f 10592 10591 10563
f 12214 12213 12199
f 9911 9910 9870
f 9719 9852 9737
f 10563 10562 10483
f 12178 12179 12191
f 10591 10592 10635
f 10635 10636 10719
f 10482 10483 10562
f 10442 10443 10481
f 12169 12155 12181
f 9817 9735 9736
f 12227 12226 12210
f 10199 10221 10276
f 9869 9852 9719
f 10325 10324 10298
f 12181 12180 12169
f 9869 9870 9910
f 10298 10299 10325
f 10719 10674 10782
f 12191 12177 12178
f 10507 10542 12155
f 10353 10352 10279
f 10022 9991 9953
f 10379 10380 10401
f 12189 12201 12215
f 12179 12180 12192
f 10158 10083 10221
f 10434 10433 10401
f 10162 10161 10025
f 9908 9907 9794
f 10524 10523 10482
f 10276 10221 10299
f 9953 9931 10022
f 10481 10482 10523
f 10508 10507 10463
f 10381 10380 10345
f 9852 9817 9737
f 9991 10022 10042
f 12192 12191 12179
f 10433 10434 10463
f 9794 9831 9908
f 10345 10323 10381
f 12215 12200 12189
f 12211 12212 12228
f 9851 9831 9734
f 10834 12226 12247
f 10117 10083 10042
f 9734 9735 9851
f 10279 10162 10182
f 12202 12190 12166
f 10024 9911 9871
f 10562 10524 10482
f 10591 10590 10563
f 10507 10508 10542
f 12166 12177 12203
f 12226 12227 12247
f 12228 12227 12211
f 10222 10221 10083
f 10562 10563 10590
f 9735 9817 9851
f 10299 10300 10325
f 10719 10718 10635
f 10300 10299 10221
f 12214 12200 12232
f 9931 9907 10022
f 9910 9852 9869
f 10523 10524 10561
f 12203 12202 12166
f 10782 10781 10719
f 10523 10522 10481
f 12212 12213 12229
f 10821 10834 12246
f 10352 10353 10442
f 12177 12191 12204
f 10834 12247 12246
f 10162 10279 10352
f 10324 10325 10346
f 12213 12214 12231
f 12182 12181 12155
f 10177 10083 10117
f 12155 10542 12182
f 10442 10481 10522
f 10042 10023 10117
f 10435 10434 10401
f 12137 12190 10768
f 10023 10022 9907
f 10023 10042 10022
f 10083 10177 10222
f 12204 12203 12177
f 12191 12192 12205
f 10464 10463 10434
f 10522 10523 10561
f 10222 10325 10300
f 10463 10464 10508
f 12229 12228 12212
f 10402 10401 10380
f 12248 12247 12227
f 12200 12215 12233
f 9817 9852 9890
f 10768 12201 12137
f 10380 10381 10402
f 10323 10324 10381
f 10221 10222 10300
f 12227 12228 12249
f 10524 10562 10589
f 12232 12231 12214
f 12190 12202 12216
f 9852 9910 9932
f 12249 12248 12227
f 9831 9851 9908
f 12192 12180 12206
f 10590 10589 10562
f 12205 12204 12191
f 9851 9817 9890
f 12206 12180 12181
f 10561 10560 10522
f 12230 12229 12213
f 12233 12232 12200
f 12231 12230 12213
f 10635 10673 10591
f 9910 9911 9994
f 10821 12246 12265
f 10325 10222 10347
f 12246 12247 12265
f 12215 12201 12234
f 10673 10635 10718
f 10522 10480 10442
f 12202 12203 10747
f 10347 10346 10325
f 10178 10177 10117
f 10543 10542 10508
f 12216 10768 12190
f 10821 10833 10782
f 10561 10524 10588
f 10560 10559 10522
f 10719 10757 10718
f 9909 9908 9851
f 10560 10561 10587
f 12206 12205 12192
f 10757 10719 10781
f 10434 10435 10464
f 10591 10634 10590
f 9851 9890 9909
f 10239 10222 10177
f 12234 12233 12215
f 10117 10118 10178
f 10480 10522 10559
f 10747 12216 12202
f 10589 10588 10524
f 10559 10560 10586
f 10587 10586 10560
f 10118 10117 10023
f 10588 10587 10561
f 10509 10508 10464
f 10024 9994 9911
f 10324 10346 10382
f 10781 10782 10833
f 9932 9890 9852
f 12207 12181 12182
f 10833 10821 12265
f 12181 12207 12206
f 10634 10591 10673
f 12267 12249 12228
f 10508 10509 10543
f 10352 10442 10480
f 10382 10381 10324
f 12182 10542 10569
f 9908 9909 9954
f 10586 10587 10631
f 10118 10159 10178
f 9908 10023 9907
f 9994 9993 9910
f 10586 10585 10559
f 12230 12252 12229
f 12230 12231 12253
f 10589 10590 10633
f 10177 10178 10239
f 10436 10435 10401
f 12204 12205 12218
f 10401 10402 10436
f 10352 10329 10162
f 12248 12249 12266
f 12229 12268 12228
f 10542 10543 10569
f 10718 10717 10673
f 10161 10181 10025
f 10559 10521 10480
f 10634 10633 10590
f 10084 10118 10023
f 12232 12233 12255
f 10717 10718 10757
f 10403 10402 10381
f 10346 10347 10383
f 9932 9910 9993
f 10631 10630 10586
f 10585 10586 10630
f 9909 9890 9954
f 10587 10588 10632
f 12266 12247 12248
f 12205 12206 12218
f 12231 12232 12254
f 10747 10768 12216
f 10348 10347 10222
f 12233 12234 12256
f 10162 10329 10161
f 10465 10464 10435
f 12252 12230 12253
f 10632 10631 10587
f 10521 10559 10585
f 12217 12203 12204
f 10820 10757 10781
f 10023 9908 10043
f 10301 10222 10239
f 10240 10239 10178
f 12266 12265 12247
f 10136 10159 10118
f 10024 10025 10181
f 9908 9954 9992
f 12267 12228 12268
f 10464 10465 10509
f 9890 9932 9970
f 10630 10629 10585
f 12218 12217 12204
f 10383 10382 10346
f 10833 10820 10781
f 12267 12266 12249
f 10118 10084 10136
f 10629 10630 10669
f 9954 9890 9970
f 10768 10769 12201
f 10480 10479 10352
f 10630 10631 10670
f 10347 10348 10384
f 10222 10301 10348
f 10670 10669 10630
f 10863 10833 12265
f 10178 10159 10240
f 12256 12255 12233
f 12234 12201 12256
f 10633 10588 10589
f 10043 10084 10023
f 9993 9970 9932
f 10769 10768 10747
f 10384 10383 10347
f 12255 12254 12232
f 9908 9992 10043
f 10302 10301 10239
f 10558 10585 10629
f 12206 12207 12220
f 10329 10352 10412
f 9970 9992 9954
f 10544 10543 10509
f 10558 10521 10585
f 10747 12203 12235
f 10631 10632 10671
f 9994 10024 10120
f 10771 10770 10750
f 10669 10670 10710
f 12254 12253 12231
f 10239 10240 10302
f 10669 10668 10629
f 10769 12256 12201
f 10668 10669 10710
f 12268 12229 12252
f 10671 10670 10631
f 12219 12218 12206
f 10381 10382 10404
f 10479 10480 10521
f 10749 10750 10770
f 10349 10348 10301
f 10668 10709 10750
f 10770 10771 10816
f 10710 10709 10668
f 10769 10770 10816
f 10437 10436 10402
f 10751 10750 10709
f 10412 10352 10479
f 10385 10384 10348
f 10570 10569 10543
f 10717 10716 10673
f 10770 10769 10749
f 12265 12266 10888
f 10709 10710 10751
f 10348 10349 10385
f 12207 12182 12240
f 12265 10888 10863
f 10137 10136 10084
f 10750 10749 10668
f 12220 12219 12206
f 10769 10816 12256
f 10569 12240 12182
f 10404 10403 10381
f 10466 10465 10435
f 10772 10771 10750
f 10628 10629 10668
f 10084 10043 10137
f 10543 10544 10570
f 10435 10436 10466
f 10750 10751 10772
f 10137 10159 10136
f 10747 10748 10769
f 10634 10673 10716
f 12203 12217 12236
f 10771 10772 10816
f 10181 10160 10024
f 10708 10668 10749
f 10711 10710 10670
f 10748 10749 10769
f 10181 10161 10262
f 10241 10240 10159
f 10705 10706 10747
f 10779 10757 10820
f 10329 10328 10161
f 10303 10302 10240
f 9970 10043 9992
f 10120 10024 10160
f 10752 10751 10710
f 10520 10521 10558
f 10384 10385 10407
f 10629 10628 10558
f 12221 12220 12207
f 10670 10671 10711
f 10402 10403 10438
f 10326 10301 10302
f 10521 10520 10479
f 10748 10747 10706
f 12236 12235 12203
f 10382 10383 10406
f 10704 10705 10747
f 10438 10437 10402
f 12255 12256 12271
f 10120 10119 9994
f 10383 10384 10406
f 10159 10223 10241
f 12217 12218 12237
f 10385 10349 10408
f 10704 10747 12235
f 10751 10752 10772
f 10159 10137 10200
f 10043 9970 10085
f 10749 10748 10707
f 10262 10161 10306
f 10779 10717 10757
f 10707 10708 10749
f 10350 10349 10301
f 10816 10817 12256
f 10863 10862 10833
f 9993 9994 10119
f 10667 10668 10708
f 9970 9993 10085
f 10408 10407 10385
f 10545 10544 10509
f 10412 10389 10329
f 10710 10711 10752
f 12267 12268 12273
f 10302 10303 10326
f 10706 10707 10748
f 12266 12267 12273
f 10306 10161 10328
f 10634 10672 10633
f 10479 10478 10412
f 10558 10557 10520
f 10706 10705 10666
f 10200 10223 10159
f 10405 10404 10382
f 10668 10667 10628
f 10708 10707 10667
f 12254 12255 12270
f 10409 10408 10349
f 10301 10326 10350
f 12207 12240 12221
f 10817 10816 10772
f 10407 10406 10384
f 10707 10706 10666
f 10478 10479 10520
f 10349 10350 10386
f 10085 9993 10119
f 10509 10465 10545
f 10349 10386 10409
f 10705 10704 10666
f 10085 10137 10043
f 12218 12219 12238
f 12237 12236 12217
f 10626 10667 10707
f 10406 10405 10382
f 10584 10558 10628
f 10820 10833 10862
f 10817 12271 12256
f 10436 10437 10467
f 10160 10119 10120
f 10666 10626 10707
f 10328 10329 10389
f 10160 10181 10224
f 10672 10588 10633
f 12271 12270 12255
f 10408 10409 10441
f 10407 10408 10441
f 10627 10628 10667
f 10558 10584 10557
f 10200 10241 10223
f 10571 10570 10544
f 10888 10887 10863
f 12253 12254 12269
f 10304 10303 10240
f 12219 12220 12239
f 10389 10412 10478
f 10137 10085 10179
f 10409 10386 10474
f 10262 10224 10181
f 10474 10473 10409
f 10716 10715 10634
f 10712 10711 10671
f 12238 12237 12218
f 10475 10474 10386
f 10671 10632 10712
f 12220 12221 12239
f 10179 10200 10137
f 10474 10475 10518
f 10467 10466 10436
f 10441 10409 10473
f 12240 10569 10570
f 10773 10772 10752
f 10626 10627 10667
f 10387 10386 10350
f 12268 12252 12274
f 10160 10180 10119
f 10240 10241 10304
f 10717 10756 10716
f 10583 10584 10628
f 10628 10627 10583
f 10410 10475 10386
f 10648 10704 12235
f 10473 10474 10517
f 10306 10305 10262
f 10518 10517 10474
f 10672 10634 10715
f 10085 10119 10180
f 10180 10179 10085
f 10180 10160 10201
f 10519 10518 10475
f 10465 10466 10510
f 10820 10819 10779
f 10556 10557 10584
f 10648 10666 10704
f 10772 10773 10817
f 10756 10717 10779
f 10475 10410 10519
f 10328 10305 10306
f 10753 10752 10711
f 10557 10556 10520
f 10626 10582 10627
f 10582 10581 10518
f 10386 10387 10410
f 10544 10545 10571
f 10627 10582 10583
f 12235 12236 10728
f 10584 10583 10556
f 10862 10863 10887
f 10350 10326 10387
f 10303 10304 10326
f 10518 10519 10582
f 10224 10201 10160
f 10441 10440 10407
f 10406 10407 10440
f 10201 10179 10180
f 10626 10666 10648
f 10583 10582 10519
f 12270 10852 12254
f 12240 12239 12221
f 10477 10478 10520
f 10519 10556 10583
f 10478 10477 10389
f 10517 10518 10555
f 12239 12238 12219
f 10519 10410 10556
f 10581 10555 10518
f 10404 10438 10403
f 12275 12252 12253
f 10224 10262 10305
f 10476 10520 10556
f 10473 10472 10441
f 12274 12273 12268
f 10200 10179 10242
f 10389 10351 10328
f 10410 10476 10556
f 10581 10582 10648
f 10632 10588 10713
f 10626 10648 10582
f 10520 10476 10477
f 10241 10277 10304
f 10277 10241 10200
f 10224 10242 10201
f 10852 12269 12254
f 12236 12237 12241
f 10711 10712 10753
f 10305 10328 10351
f 10648 12235 10728
f 10179 10201 10242
f 10752 10753 10773
f 10388 10387 10326
f 10555 10581 10648
f 10304 10277 10326
f 10411 10389 10477
f 10817 12276 12271
f 10387 10388 10410
f 10405 10406 10439
f 10517 10516 10473
f 12270 12271 12276
f 10588 10672 10714
f 10713 10712 10632
f 10278 10277 10200
f 10715 10716 10755
f 10756 10755 10716
f 10410 10388 10476
f 10200 10242 10278
f 10438 10467 10437
f 10477 10476 10388
f 10440 10441 10472
f 10351 10389 10411
f 10278 10224 10305
f 10277 10278 10326
f 10388 10411 10477
f 10832 10820 10862
f 10242 10224 10278
f 10472 10473 10516
f 10327 10326 10278
f 10774 10817 10773
f 10326 10327 10388
f 10327 10305 10351
f 10440 10439 10406
f 10305 10327 10278
f 12275 12253 12269
f 12241 10728 12236
f 10351 10388 10327
f 10466 10467 10511
f 10388 10351 10411
f 12275 12274 12252
f 10546 10545 10465
f 10714 10713 10588
f 10580 10555 10648
f 12237 12238 12242
f 10555 10554 10517
f 10820 10832 10819
f 12273 12283 12266
f 10817 10774 12276
f 10888 12266 12283
f 12276 10852 12270
f 10756 10779 10819
f 10572 10571 10545
f 10511 10510 10466
f 10774 10773 10753
f 10465 10510 10546
f 10572 10570 10571
f 12242 12241 12237
f 10472 10471 10440
f 10516 10517 10554
f 10554 10555 10580
f 12244 12239 12240
f 10887 10886 10862
f 10439 10440 10471
f 10712 10713 10754
f 10683 10648 10728
f 10471 10472 10516
f 10438 10404 10468
f 12238 12239 12243
f 12273 12274 12285
f 10648 10647 10580
f 10545 10546 10572
f 12285 12284 12273
f 10775 10774 10753
f 10675 12240 10570
f 10753 10712 10775
f 10774 10823 12276
f 10467 10438 10512
f 10728 12241 12257
f 10888 10917 10887
f 10512 10511 10467
f 10852 10878 12269
f 10647 10648 10683
f 10832 10831 10819
f 12243 12242 12238
f 12284 12283 12273
f 10404 10405 10469
f 10715 10714 10672
f 10819 10818 10756
f 10405 10439 10470
f 10853 10852 12276
f 10832 10862 10886
f 10471 10470 10439
f 10516 10515 10471
f 12241 12242 12258
f 10515 10516 10554
f 10823 10853 12276
f 10510 10511 10547
f 12244 12243 12239
f 10547 10546 10510
f 10570 10572 10675
f 10469 10468 10404
f 10818 10819 10831
f 12269 10856 12275
f 12258 12257 12241
f 12244 12240 10675
f 10573 10572 10546
f 10712 10754 10776
f 10886 10887 10917
f 10776 10775 10712
f 10470 10469 10405
f 10470 10471 10515
f 10818 10755 10756
f 10857 12274 12275
f 10852 10853 10878
f 10714 10715 10778
f 12283 10917 10888
f 10774 10775 10823
f 10755 10778 10715
f 12269 10878 10856
f 12285 12274 10857
f 10554 10553 10515
f 10754 10713 10776
f 10854 10853 10823
f 10572 10573 10637
f 10580 10553 10554
f 10728 10727 10683
f 12259 12258 12242
f 10468 10512 10438
f 12242 12243 12259
f 10728 12257 10727
f 10713 10714 10777
f 10511 10512 10548
f 10853 10854 10878
f 10515 10514 10470
f 10647 10646 10580
f 10548 10547 10511
f 10469 10470 10514
f 10831 10830 10818
f 10778 10777 10714
f 10572 10637 10675
f 10574 10573 10546
f 10824 10823 10775
f 10886 10885 10832
f 10755 10818 10830
f 10777 10776 10713
f 10468 10469 10513
f 10546 10547 10574
f 10647 10683 10727
f 12275 10856 10857
f 10553 10552 10515
f 12284 12285 12291
f 10855 10854 10823
f 10553 10580 10646
f 10917 10916 10886
f 10879 10878 10854
f 10514 10513 10469
f 10514 10515 10552
f 10823 10824 10855
f 10831 10832 10885
f 10885 10886 10916
f 10856 10878 10879
f 12283 12284 12291
f 10825 10824 10775
f 10512 10468 10549
f 10638 10637 10573
f 10856 10855 10824
f 10854 10855 10879
f 10775 10776 10825
f 10727 12257 12288
f 10549 10548 10512
f 10765 12243 12244
f 10824 10825 10856
f 10855 10856 10879
f 10675 10637 12262
f 12257 12258 12288
f 10513 10514 10552
f 10573 10574 10638
f 10857 10856 10825
f 10547 10548 10575
f 10727 10726 10647
f 10575 10574 10547
f 10675 10765 12244
f 12291 12285 10857
f 10830 10829 10755
f 10727 12288 12287
f 10468 10513 10550
f 10647 10682 10646
f 10778 10755 10829
f 10826 10825 10776
f 12289 12288 12258
f 10825 10826 10857
f 10637 10638 12262
f 10726 10727 12287
f 12243 10765 12259
f 10646 10645 10553
f 10552 10551 10513
f 10885 10884 10831
f 10682 10647 10726
f 12258 12259 12289
f 10550 10549 10468
f 10917 10943 10916
f 10916 10915 10885
f 10548 10549 10576
f 10551 10550 10513
f 10552 10553 10645
f 10827 10826 10776
f 10576 10575 10548
f 10984 10917 12283
f 10675 12262 12280
f 12287 12288 12289
f 10830 10831 10884
f 10645 10646 10682
f 10777 10778 10828
f 10776 10777 10827
f 10829 10828 10778
f 10884 10885 10915
f 10551 10552 10579
f 12290 12289 12259
f 10577 10576 10549
f 10858 10857 10826
f 10639 10638 10574
f 10574 10575 10639
f 12289 10725 12287
f 10915 10916 10943
f 10638 12281 12262
f 10726 12287 10725
f 12259 12277 12290
f 10726 10725 10682
f 10828 10827 10777
f 10830 10861 10829
f 10579 10552 10645
f 12280 10759 10675
f 10549 10550 10578
f 12277 12259 10765
f 10675 10759 10765
f 12289 12290 10725
f 10578 10577 10549
f 10575 10576 10639
f 10826 10827 10858
f 10861 10830 10884
f 12281 12280 12262
f 10880 12291 10857
f 10682 10681 10645
f 10576 10577 10640
f 10857 10858 10880
f 10917 10984 10943
f 10981 12283 12291
f 10551 10578 10550
f 10828 10829 10860
f 10681 10682 10725
f 10645 10644 10579
f 10861 10860 10829
f 10915 10914 10884
f 10640 10639 10576
f 10638 10676 12281
f 10551 10579 10644
f 10763 12290 12277
f 10763 10725 12290
f 10577 10578 10642
f 10644 10645 10681
f 10914 10915 10943
f 10638 10639 10676
f 10884 10883 10861
f 10765 10763 12277
f 10981 10984 12283
f 12280 12281 10676
f 10641 10640 10577
f 10642 10641 10577
f 10883 10884 10914
f 10578 10551 10643
f 10860 10859 10828
f 10644 10643 10551
f 10859 10827 10828
f 12280 10721 10759
f 10681 10725 10763
f 10681 10680 10644
f 10643 10642 10578
f 12280 10676 10721
f 10860 10861 10882
f 10943 10942 10914
f 10643 10644 10680
f 10639 10640 10677
f 10766 10765 10759
f 10883 10882 10861
f 10765 10767 10763
f 10642 10643 10680
f 10641 10642 10679
f 10677 10676 10639
f 10880 10911 12291
f 10642 10680 10679
f 10724 10681 10763
f 10681 10724 10680
f 10640 10641 10678
f 10881 10880 10858
f 10721 10760 10759
f 10858 10827 10881
f 10942 10943 10984
f 10679 10680 10724
f 10679 10678 10641
f 10723 10724 10763
f 10678 10677 10640
f 10722 10721 10676
f 10765 10766 10767
f 10724 10723 10679
f 10882 10859 10860
f 10759 10760 10766
f 10676 10677 10722
f 10678 10679 10723
f 10883 10914 10942
f 10938 12291 10911
f 10721 10722 10760
f 10763 10762 10723
f 10677 10678 10723
f 10880 10881 10911
f 10859 10881 10827
f 12291 10980 10981
f 10723 10722 10677
f 10938 10980 12291
f 10762 10763 10767
f 10722 10723 10762
f 10761 10760 10722
f 10760 10761 10766
f 10762 10761 10722
f 10859 10882 10913
f 10883 10913 10882
f 10767 10766 10761
f 10761 10762 10767
f 10881 10859 10912
f 10912 10911 10881
f 10941 10942 10984
f 10984 10981 10982
f 10942 10941 10883
f 10913 10912 10859
f 10913 10883 10941
f 10939 10938 10911
f 10981 10980 10939
f 10984 10983 10941
f 10938 10939 10980
f 10911 10912 10939
f 10982 10983 10984
f 10939 10940 10981
f 10982 10981 10940
f 10912 10913 10940
f 10941 10940 10913
f 10940 10939 10912
f 10983 10982 10941
f 10940 10941 10982
