v 6.9839 -0.7968 8.5217
v 2.7314 54.2020 32.9155
v 4.3697 0.9742 -7.0035
v -9.1107 54.2216 23.5103
v 0.0695 13.6009 -14.9742
v -15.0322 56.0704 19.8651
v -10.2903 -1.2428 16.1648
v 1.4951 -0.4792 -10.7338
v -9.0675 25.6786 -15.0423
v -21.2617 50.1868 -12.4729
v -5.7998 64.4721 26.4406
v -5.8516 27.4078 -1.1066
v 25.3320 77.9307 -2.0458
v -23.6397 48.7008 -9.6418
v -0.1480 45.1924 30.4160
v 3.6946 47.4584 -16.0746
v -5.6370 -2.1130 -0.4105
v -13.0051 29.0585 -3.6122
v 12.2165 40.4865 23.4890
v 19.8192 87.3933 5.8075
v -0.3575 77.1976 -7.5569
v -0.7794 53.8223 32.7151
v -1.0732 27.2570 0.4967
v -4.4183 32.6997 8.6175
v -6.7184 -1.8761 3.4531
v -26.5719 75.0083 -0.2956
v -14.4252 49.9476 19.7851
v -17.3875 -1.4189 12.3504
v -22.5566 29.2360 -9.9460
v 3.5077 65.8922 -16.4660
v 8.7980 44.9807 29.4284
v -30.7247 72.0131 1.5580
v -0.1837 0.2991 19.3948
v 10.0247 51.2356 -15.6172
v -1.2983 -2.4760 4.2394
v -18.9419 14.2951 11.5972
v 1.4291 43.5676 29.4830
v -14.0847 71.7220 15.5923
v -9.2146 63.5397 -14.8757
v -4.2398 57.8541 27.8537
v 22.5404 46.9354 1.1511
v 17.0878 62.2809 21.9212
v -3.7510 -2.9652 8.5930
v 3.6001 49.1158 31.9958
v -20.9974 9.3210 -16.0094
v -8.3398 53.6397 24.8005
v -10.3424 6.7879 13.2181
v -27.3110 57.5600 -0.5009
v -18.2541 28.4490 -0.1401
v 12.0670 -2.5498 -0.2026
v -4.2765 25.1051 -10.7774
v 11.8067 78.3509 12.3148
v 14.1297 40.6277 -5.6012
v -13.0766 47.1381 -11.0421
v 12.0629 42.8195 -10.1196
v 7.3884 33.2784 0.3774
v 5.8075 47.8155 -15.8958
v 11.9127 38.8664 21.0240
v -2.7638 37.1280 22.2249
v -6.9171 5.1368 -17.1752
v 19.4507 45.0338 19.4658
v 2.5537 30.2565 0.7929
v -25.9489 8.5051 -7.4856
v -1.7477 57.4896 30.7093
v 7.5112 9.9428 13.3901
v 5.2324 2.3711 -5.4550
v 4.6507 -2.8688 -4.8023
v -9.5684 0.6386 16.4580
v -11.5945 63.6290 -13.5246
v 3.6703 69.2958 -14.8616
v -13.1215 52.7199 20.5102
v 7.9610 80.9700 6.1599
v 20.4601 45.1441 -2.1668
v -10.3382 -2.4474 14.9274
v -11.7224 71.2124 -8.8457
v -25.4148 5.7397 2.1125
v 10.9367 4.5767 3.0803
v -14.3912 48.3390 19.4817
v -20.9137 51.7424 -12.3630
v 16.1137 63.8301 22.4277
v -26.9610 70.9533 3.9322
v 7.4322 70.2421 24.8890
v 13.3225 16.4620 10.8866
v 11.4784 42.7647 26.5418
v -3.9261 30.9976 10.8483
v 7.6668 0.6292 -5.1138
v -12.6363 -2.8390 2.8225
v -8.3821 71.1058 -11.4213
v -11.0005 0.1892 16.4404
v -25.2910 24.6432 -0.2020
v -4.4061 1.5074 19.7681
v 24.9060 70.3641 -2.0194
v -1.0648 -2.3973 3.3585
v 3.0065 25.5703 21.6696
v 6.2328 -1.5153 -5.6895
v -17.0315 53.1414 17.6308
v 23.0447 46.5038 7.4038
v 17.8147 40.9467 -0.4496
v 10.3452 14.0078 1.5045
v -15.4492 2.5252 15.1111
v -19.0682 47.9792 9.9785
v -21.0367 -0.2116 4.9141
v 11.9287 70.5300 -10.7776
v 20.7483 52.4573 -6.6688
v 18.9089 83.3976 -2.0320
v 1.6982 37.6711 24.4592
v 12.6139 49.3536 -13.6842
v -19.4455 45.6542 -4.3666
v -23.4617 52.1789 -10.3840
v -15.7682 29.3688 -5.9083
v 9.5450 66.8802 -14.1743
v -9.1323 -2.9311 -1.6670
v -27.3769 12.9956 -7.9547
v 6.5678 43.7606 29.0857
v 13.4979 16.5033 8.6003
v -4.2122 79.2455 11.6542
v -0.2963 -0.6526 -11.8604
v 3.0531 19.3457 -5.8050
v -22.9459 51.3269 4.5185
v -10.9072 59.3284 23.5154
v 21.4466 48.0773 -3.3494
v -28.8056 64.1805 -3.2813
v -11.1029 38.5356 15.4557
v -22.9459 43.2531 -8.4047
v -10.4094 59.3436 -15.0217
v -8.4867 59.8816 -15.8706
v -20.9313 2.5520 8.5923
v -14.7422 4.4919 -17.1659
v -18.9243 -0.3228 -11.4516
v -9.1220 27.9380 0.8695
v 4.6993 12.0081 -4.1075
v 18.2172 56.7651 -10.6458
v -14.1073 29.2132 -7.0162
v 9.1378 25.2736 0.6774
v -14.3428 67.2114 -10.1957
v -8.8700 10.8470 13.1546
v 12.9506 79.8380 -3.1242
v -19.2800 74.5551 2.0147
v -15.3394 41.8233 6.4953
v -14.1201 41.3607 14.8262
v -11.1281 49.3746 22.0977
v -5.9745 66.9726 -15.1743
v -11.1869 38.3056 5.1415
v -2.1368 79.6318 12.2929
v -29.9865 73.0220 2.6648
v 4.5375 57.0766 -17.9786
v -3.9835 -2.3200 0.4013
v 2.3903 46.1178 30.3564
v 1.9264 47.5621 31.1628
v 22.4279 65.3358 13.9039
v 13.7253 22.5380 5.5543
v -7.1899 50.2715 -15.3923
v -16.6032 59.7545 -11.3365
v -3.7160 30.4424 6.6820
v 5.5536 58.4470 27.9339
v -15.1095 6.4030 12.8142
v 9.0588 60.9027 25.3091
v 8.4098 62.7670 -16.1474
v -1.5451 77.4011 -6.7793
v -28.0390 67.8862 -4.3345
v 12.2628 51.9201 28.4791
v -19.6942 38.6459 -13.9622
v 0.4662 24.4768 -4.2262
v 13.8118 47.8897 -12.3562
v 9.7221 6.6814 0.8020
v 12.9562 68.8771 -11.1965
v -11.6059 43.1605 -8.2377
v -23.0563 55.9516 -7.7712
v -13.7721 -2.1271 15.0776
v -4.4144 41.2276 -10.0770
v 8.7968 75.0307 20.6698
v -1.5511 44.6143 -14.0789
v 16.3287 44.2340 23.4980
v -23.3111 47.9841 -7.9502
v 8.2521 80.4880 1.0712
v 1.0751 16.6075 21.2902
v 10.6152 11.7753 9.7259
v -10.5298 10.2722 12.2043
v 9.8020 45.3190 29.3052
v 2.5100 7.6611 -6.2446
v -6.1563 -2.9812 15.5294
v -3.2979 34.5150 0.8063
v -2.5411 29.1219 3.9132
v -2.0262 61.8372 27.7230
v -14.3162 16.4171 -20.7112
v -21.0853 5.4067 9.7634
v -16.8450 46.0793 -11.5886
v 17.6991 39.3344 7.1436
v -26.3049 11.1643 5.5883
v 1.5659 54.3454 32.9805
v -2.3475 8.7441 17.1880
v -4.2782 26.6416 14.5950
v -24.4313 31.9241 -19.5324
v -24.0533 75.4288 1.6336
v -16.6463 24.4162 -18.6862
v -4.7955 23.1175 -14.9604
v -16.2536 44.0489 13.5864
v -21.9676 43.3408 -12.5524
v 2.1458 12.6419 -7.6929
v -7.0758 54.0340 26.3096
v -23.7295 69.7363 -5.9990
v -3.5971 78.7053 14.4983
v 18.3117 85.0389 0.1351
v -28.7148 64.9062 4.2557
v 2.5650 17.0236 -6.6326
v -25.7823 19.4505 -16.7760
v -19.1245 72.8431 6.0546
v -4.0801 0.1369 20.1879
v -11.9318 50.4763 21.2419
v 8.4702 73.0308 -10.6419
v -19.9173 22.0280 -20.1330
v -4.2210 46.2486 -14.4143
v 7.0506 38.0010 23.5928
v -4.4063 4.2572 17.5654
v 1.7399 76.0784 -9.3412
v -27.1208 61.0151 5.0711
v -16.1054 -2.7824 8.2049
v 20.2212 47.8384 -5.3853
v -1.5726 -2.3878 2.0190
v -6.0490 75.2215 -8.0276
v -18.0683 28.7286 -11.3104
v -24.2952 53.5551 6.3502
v 13.5407 0.3662 0.2152
v -13.5784 39.9768 7.5528
v 11.1964 12.3217 7.2391
v -25.0644 30.3429 -10.1949
v -8.5538 40.7563 -7.2174
v -15.5852 12.7193 12.1415
v -11.6584 16.8399 11.6590
v 6.5497 11.9082 -2.6044
v 12.3537 60.0465 23.9701
v 8.4851 76.5809 18.7875
v -30.2769 63.5678 0.4646
v -16.4126 71.7711 9.8500
v -22.7498 20.0136 -19.3272
v -11.7781 9.2329 12.4450
v -21.2827 66.7033 4.9327
v 4.7947 34.4524 19.4325
v 0.6070 10.4601 -13.5735
v -25.1670 57.6762 -5.5470
v 16.1527 40.4815 -2.7160
v 24.5816 52.6988 5.6746
v 0.0354 -2.5021 17.7573
v -2.6229 -1.4114 19.9587
v -4.3576 9.5161 16.6541
v 16.9172 53.7126 24.0278
v 5.6436 35.3102 -2.3430
v 13.1280 40.8060 -6.8968
v -23.8675 21.5816 5.9747
v -15.8389 74.0762 6.5361
v -15.3872 47.1728 -10.8709
v 5.3686 12.5321 17.9308
v -5.2357 37.4397 21.3014
v -1.8206 25.9408 -3.3079
v 11.0444 12.5796 4.6685
v -14.1764 72.8675 13.0447
v -13.0825 65.7879 21.9505
v -17.6731 18.9634 10.4934
v -16.7302 59.8266 19.4448
v 19.4321 74.8504 7.3279
v 12.8054 26.5023 14.8240
v 7.0099 31.6552 0.8572
v -19.2721 28.4140 -14.4273
v -16.8081 -2.9297 -2.8253
v -22.6149 51.4692 -3.2993
v -23.0645 26.0669 1.0433
v 0.7030 -2.0766 -10.6887
v -17.4450 5.1054 -16.3090
v 20.3666 73.9616 -5.4914
v 2.8065 11.8536 -5.8149
v -23.2002 74.9425 3.3933
v 21.1470 46.9847 17.9938
v -3.7255 74.7126 -10.0445
v 18.7415 59.9383 21.2674
v 12.0359 29.0746 5.2644
v 7.2294 7.9191 -2.3849
v 13.1008 56.4420 24.3686
v -26.0186 34.9634 -10.2648
v 13.9880 82.0416 8.6392
v 1.7582 12.7151 -10.7187
v 5.1645 71.7525 24.4691
v -23.8884 9.2301 -12.7619
v -11.7466 -2.8422 5.3550
v -15.8407 -1.7729 14.1601
v 4.9765 64.1336 27.0393
v 0.3076 32.6517 18.1394
v -9.7102 56.6855 23.2660
v 14.3579 39.2469 18.6196
v 4.1332 54.1100 32.3883
v -9.1866 77.0491 0.2267
v -22.6916 51.6409 -2.0348
v -22.3574 11.8463 -16.1444
v -7.6729 70.6489 23.1069
v -0.2073 26.5045 -0.9760
v 1.5989 72.2605 -13.1615
v 26.8235 69.2043 2.0401
v 2.6515 42.5509 29.1475
v 14.1554 18.4487 10.4577
v -26.8287 56.1449 2.2788
v -16.9632 74.3558 3.9443
v -21.3455 30.6766 -15.5448
v 17.6273 53.0667 -10.7424
v 11.9447 33.9663 4.3570
v -18.5672 58.0325 16.8729
v 2.8733 -2.8613 10.9323
v -14.4685 70.1936 17.1560
v 15.4984 56.6760 -13.0828
v -18.1996 10.9018 12.0766
v 23.0692 50.6289 -1.1228
v 25.2743 76.4101 -2.3490
v 11.7413 75.2636 -7.1258
v -19.5921 26.0250 -18.4931
v -9.5387 52.4618 -15.0321
v -28.0978 68.3289 3.9645
v 7.4435 7.7046 11.2000
v 10.3351 65.1554 25.1848
v 26.0197 69.0155 8.5398
v -4.6710 58.0926 -17.3655
v 15.1921 39.5180 -2.1728
v 22.1203 51.0801 -3.8471
v -15.6185 -2.8124 9.7757
v -2.1434 39.4952 -8.9174
v 3.8997 -2.3747 11.2776
v -8.9955 -2.7065 -0.0168
v -10.4799 -3.0160 -9.1170
v 20.9443 64.7796 -5.3930
v 20.6176 82.6956 -2.5573
v -4.9847 36.1224 18.3899
v 12.6940 52.8803 27.3960
v 16.8687 59.7607 -11.6679
v 23.6416 49.3904 2.3733
v 11.7240 -0.0022 4.2507
v 14.5731 76.5692 11.4320
v -16.2724 43.5524 -4.7660
v 1.4538 6.2042 16.1790
v -29.4151 26.2716 -13.5775
v 10.6499 76.8661 16.8501
v 23.8335 64.9070 -1.2193
v -3.6164 53.7379 -17.4033
v -20.0078 47.7459 -11.9352
v 2.4381 59.1993 -18.1743
v -3.6906 65.6549 -16.3826
v -26.8484 15.0527 -11.7767
v 23.8884 66.3166 10.8638
v -3.6275 -2.9051 -9.4820
v 27.2440 77.6081 0.2665
v -16.5180 42.8158 -8.7200
v 19.9570 80.8246 6.9170
v 23.1087 53.5271 16.3681
v 12.1923 58.2077 -15.1413
v 0.5943 18.3402 21.5372
v 5.5823 20.4264 -3.2562
v -11.7261 71.1330 19.6941
v 2.1604 34.0838 19.0814
v 16.8459 66.1119 21.6690
v -12.3735 16.6737 11.4523
v -12.1948 23.7649 8.3979
v -27.1374 25.7618 -8.1829
v -17.1630 48.2297 -11.6287
v -3.9602 59.0435 27.6143
v 28.0802 79.7807 3.4550
v 2.4611 48.8230 -16.7146
v -4.8620 39.2808 24.3782
v 10.2567 10.3155 4.9305
v 13.8549 62.2081 23.2455
v 8.3922 19.4278 20.8447
v -18.1118 71.7664 7.2411
v -13.7224 28.0265 1.5644
v 9.1952 9.0117 0.8498
v 13.7964 35.6218 6.7494
v -28.1683 15.5343 -7.0059
v -23.7802 49.9671 -10.6181
v 4.6350 30.1799 0.5469
v -24.2763 29.2004 -9.6198
v 4.8236 49.3551 -16.7087
v -24.0115 53.9099 6.9891
v -8.1063 22.6842 -17.5651
v -2.5753 32.9453 2.4260
v 4.3673 76.3938 -8.5324
v -11.8058 67.4261 22.3472
v -1.5840 0.2047 20.2013
v -0.5498 59.0909 -18.0656
v -23.8406 52.9406 -5.7626
v -18.2415 56.6138 17.2295
v -3.1322 55.5709 31.0960
v -22.3134 51.2339 6.5202
v 16.3797 84.3580 7.9090
v -8.3694 37.0208 1.3579
v 6.9781 76.7165 19.1983
v -12.0855 76.1584 5.9925
v -28.7554 73.4013 -1.1073
v -16.6151 66.7813 17.0014
v -18.5930 40.7362 -13.0386
v -17.5549 3.5718 12.6384
v 23.8517 87.7894 3.3855
v -21.1149 34.9308 -11.7929
v 12.2139 76.0131 16.7196
v -13.7623 71.0093 -7.3469
v 0.7799 -2.6764 -9.2864
v 0.9201 61.9936 27.8570
v 4.0367 79.7497 13.7057
v 14.4781 53.3576 25.6968
v -12.6861 51.2010 20.7327
v -25.4213 25.8408 -4.9076
v 6.6981 54.1894 31.1068
v 14.2980 64.0312 23.2293
v -15.1516 70.9541 -6.3801
v -22.4328 0.2322 -4.2291
v -18.0198 44.0107 -5.0412
v -29.1399 61.0959 4.5004
v -11.8751 6.0955 -18.4928
v 20.6680 42.9119 3.8935
v 21.0098 85.3319 7.2794
v -3.9331 30.1007 8.8020
v -9.7762 71.8824 20.7221
v 24.5947 68.1031 9.5715
v -19.4276 55.7494 -10.2707
v -10.4935 68.6864 22.6417
v -19.6386 71.6440 -4.9265
v -16.8266 26.9501 -15.9450
v -6.4710 2.4147 17.8104
v 5.4689 18.1776 -3.9459
v -1.2826 77.8558 17.4471
v -8.7394 6.7664 13.3322
v 9.5337 21.6498 -0.0432
v -21.5432 54.7963 -9.7931
v -4.7546 68.5454 -14.7998
v 11.4069 31.6246 4.7762
v -22.2605 2.5445 -9.2477
v 17.3861 79.8485 -4.2880
v -21.5026 9.1455 10.4776
v 9.5546 52.8666 -16.1455
v -21.6500 56.7808 -8.9394
v -18.5070 46.6127 -12.0342
v -1.1915 78.7201 -3.8611
v 13.4310 39.5135 20.4375
v -7.4809 24.0364 11.6083
v -9.3182 36.9116 13.7646
v -14.8975 1.7663 15.8111
v -1.0128 31.0898 17.4360
v -26.2586 18.7632 4.8066
v 9.6116 6.6716 6.1369
v 14.6417 42.4765 23.5351
v 24.9520 62.0724 5.9118
v -5.2066 14.2023 17.5276
v -8.5736 63.6991 25.3285
v -15.8764 -0.0033 15.3486
v -21.7674 29.1017 -9.9520
v -18.3011 -2.5581 -7.7568
v -20.7052 46.5312 -4.7510
v -15.3299 -2.9810 -7.6662
v -5.8093 72.9043 -11.0661
v 4.4079 7.2949 -4.2872
v 9.4393 -1.4125 -4.5622
v 15.4275 44.4762 -8.8461
v 0.1441 74.9468 -10.6937
v 22.6172 56.6816 17.1989
v -13.3185 3.1856 -16.7603
v -24.9821 25.6181 -2.2557
v -8.5358 73.6918 -8.3444
v -4.6454 27.6821 4.9690
v 8.8667 14.1962 17.0694
v -9.8735 39.9340 -4.4423
v -11.4602 55.6759 -14.5251
v -10.2045 -2.8003 0.9034
v 3.9384 10.0112 -4.5181
v 4.2530 44.1129 -14.0416
v -14.1313 75.1260 3.9610
v -10.0325 49.2663 23.3898
v -8.6805 16.4905 14.1815
v -24.5858 73.9753 4.1509
v -3.5639 -2.4268 4.8910
v 22.9050 66.6489 -3.0649
v 20.9428 62.8094 18.5320
v 10.2572 62.0539 -15.5126
v -21.0023 48.4677 -3.7192
v -16.6418 10.2142 -18.9301
v -24.5455 39.9687 -13.8740
v 7.4948 78.7680 15.2291
v -19.6191 62.3293 12.4847
v 16.1209 51.9056 -11.8616
v 19.1362 56.2497 21.8149
v -1.2813 20.3293 20.7945
v -10.8541 60.6843 23.9028
v -19.1903 27.3465 -16.7297
v -15.7227 7.1035 12.6901
v 9.9728 20.8544 19.8870
v 9.6504 2.4976 6.5121
v -9.8149 18.3981 12.8387
v -0.2586 15.6538 20.6813
v 16.8679 54.2363 -11.6809
v -9.3111 -2.8638 -11.1580
v -23.1795 36.4821 -17.6405
v -16.1844 3.9020 -16.3062
v -13.7181 24.1657 7.6416
v -8.7436 38.7637 20.2332
v -6.1426 4.1844 -16.2436
v -23.6173 50.8697 -5.7832
v 0.1942 3.9918 17.4736
v -15.4194 43.1994 -3.5505
v 8.0347 25.8793 20.5608
v -1.7362 34.0170 17.2550
v -28.3852 66.7276 -4.0484
v -17.9085 20.4219 -20.2488
v -14.1850 52.3260 19.8961
v -3.7791 26.0618 -6.4766
v 23.6471 83.1748 -1.2922
v -11.6137 61.8453 -13.9532
v 7.5725 72.8431 23.2332
v -4.7137 -2.7395 -3.0246
v -1.3978 14.8900 -16.5980
v -19.5429 -0.3047 8.8212
v -20.9708 -1.5732 0.0508
v 2.4505 80.4261 10.8530
v 11.8863 49.7282 29.3946
v -19.0907 27.0359 2.7348
v -7.0207 73.9982 20.4216
v -11.6712 38.6112 13.5327
v 24.6601 59.7622 8.6589
v 18.3420 51.4953 23.8435
v -29.8368 73.7637 1.0891
v -12.3060 7.6288 -19.0958
v 28.1219 74.7760 4.5832
v 10.0790 72.8464 22.3321
v -17.9528 -1.0252 -11.6353
v -9.9692 26.9086 3.9402
v 3.5460 3.7057 -6.1658
v 16.1921 69.6310 -8.3818
v -23.0017 64.2756 4.4357
v 14.9168 84.4072 5.5090
v 14.4818 55.3951 24.1728
v -20.7637 58.5870 9.8270
v 2.1358 14.5381 20.2930
v 7.0297 41.1436 -10.9532
v -13.4581 73.6290 -3.3822
v -21.8709 74.7241 -0.3409
v -6.2688 35.1128 4.2325
v 1.4422 37.3283 -6.3880
v 9.2664 78.5715 -4.1165
v -18.8822 2.4643 11.3609
v -3.9751 21.3752 -15.9239
v -3.3368 -3.0557 9.4585
v -1.1079 3.6171 -11.9921
v -22.3690 48.8332 -11.4904
v 16.0479 39.9443 17.1617
v 2.2081 24.7430 -2.5383
v -16.0790 43.3363 0.2143
v -13.8138 19.5386 10.5019
v 1.2725 47.0215 -15.8677
v 2.0382 76.4930 20.0506
v -0.2170 21.1708 -9.6785
v -29.4956 27.4857 -13.4692
v 6.2252 0.1475 -5.6811
v 12.9244 28.7272 12.4014
v 24.2439 53.5029 1.9830
v 8.1154 34.7420 -0.5330
v 6.3139 29.8683 19.8642
v -27.9828 16.3937 0.9333
v -0.2339 28.5881 1.4455
v 19.6343 41.7564 3.1956
v -21.8441 55.8519 8.5699
v -11.2747 14.9204 11.9800
v 12.6238 20.7155 16.6638
v 16.2877 51.6587 25.6508
v 2.4493 66.6513 26.9472
v -21.0895 27.9047 -18.1692
v -20.0346 27.4180 1.4138
v 26.6800 84.8988 3.1606
v 18.9643 77.0499 -5.2725
v -20.7105 61.7574 7.3356
v -17.9560 24.2151 6.8954
v -21.8030 53.4377 -11.1146
v -3.4701 33.2015 14.6964
v -24.3981 72.3603 4.4100
v -10.2277 41.7488 22.5714
v 8.7705 7.1805 -0.8985
v -26.1225 6.9081 0.6538
v 22.3349 87.9540 5.9090
v -6.3224 15.2667 -19.7474
v -7.8876 -1.9527 5.9575
v -22.9708 30.4374 -10.8375
v 12.2218 14.3056 10.0413
v -12.6760 41.0846 -2.5982
v 12.8698 46.1796 -12.1351
v -6.7225 7.6534 14.5410
v -16.4886 43.0893 7.6275
v 5.0959 37.1133 -5.7189
v -23.5316 53.0445 -3.9487
v -15.8791 54.2813 18.9164
v -0.0104 23.0793 -6.9295
v 12.1447 80.1711 -2.2791
v 21.2922 69.1432 -4.8621
v -20.1376 36.8350 -11.4166
v -12.1574 -0.8868 -14.2214
v 1.1936 45.1132 30.1604
v 4.3566 4.7698 -4.9750
v 24.0255 51.6207 2.0158
v -7.1101 -0.6819 18.2309
v 10.4758 1.4982 -4.0518
v -2.5879 54.0335 -17.6724
v 4.5554 5.4053 13.6429
v -18.2802 -1.9285 8.4668
v -29.1629 25.6810 -11.2450
v -25.2786 29.3664 -19.9932
v 12.7871 16.9307 4.5053
v 7.6830 66.9949 -14.9053
v 10.7688 39.5335 23.3507
v 17.7996 41.1730 16.2174
v 17.9873 86.2055 6.8289
v 6.9585 2.6481 -4.6736
v -21.2520 49.2815 -3.1801
v 12.2792 2.9250 0.7797
v -23.8509 2.3098 -1.0976
v -25.6536 11.3030 -11.3793
v -22.4131 21.5362 7.2851
v 19.2259 67.3385 18.2993
v 19.3893 78.6772 6.8726
v 8.4954 -2.7340 4.9284
v -26.4927 16.3962 -13.5667
v -2.9039 5.9334 16.9438
v 15.4499 82.1894 -1.7867
v 8.5501 57.5468 -16.7890
v 10.5040 5.1286 0.4479
v -22.2398 7.2530 -13.4832
v -27.1547 31.5356 -10.6299
v -25.2712 39.5987 -10.5057
v -12.9756 4.9835 13.8010
v -3.3326 44.8872 30.0886
v 24.1859 60.1434 1.4193
v -4.6023 52.7465 30.5338
v -20.6847 66.2145 -8.4610
v 8.4862 16.6914 19.5826
v 21.5971 78.8828 6.4556
v -19.5508 52.6584 -11.7629
v -18.0358 69.1441 9.4731
v -2.3428 -3.0009 -6.8162
v -14.1150 50.0848 -11.8494
v -24.3140 4.0075 -5.4407
v -0.8907 80.4540 3.7162
v -14.2558 21.9684 9.2069
v -11.0692 -2.6609 4.2035
v -5.2675 34.4255 3.8427
v -10.4585 49.8739 22.6388
v 2.1978 -3.0685 -4.2650
v -14.2537 53.8270 19.9938
v -7.1996 67.9212 24.9138
v 16.3385 64.7181 -10.6076
v -24.7804 9.0213 -11.0391
v -28.5548 74.3683 -0.1808
v -17.5887 41.1637 -10.7855
v -1.8137 26.8979 18.6326
v -2.8219 31.7257 3.8409
v -21.6803 2.3039 7.0787
v -10.2630 76.0527 13.0475
v 1.0391 2.3760 17.6945
v -27.2009 23.4205 -5.1461
v 0.6195 -2.8549 15.5776
v -17.3019 26.3288 -17.0562
v -17.9359 52.4351 16.4786
v 22.2591 86.4041 1.0131
v -18.8538 28.6855 -12.1994
v 9.9422 7.4493 3.0259
v 10.9726 33.7729 15.0266
v -5.4365 68.1626 25.4501
v -31.0294 68.0276 0.6507
v 3.4789 17.5812 -5.6494
v 4.6584 38.2915 25.1908
v 11.0849 60.8048 24.4790
v -21.4824 24.6907 4.8153
v -15.8447 4.1506 13.5146
v 12.7731 0.6045 -2.0861
v -16.1255 1.1913 -14.6334
v 13.0182 23.4814 4.3266
v -6.1701 34.5311 8.2870
v -8.8190 37.0094 15.7614
v -23.0518 54.5437 -8.3891
v -6.2974 1.9077 -14.7068
v 18.9258 70.6949 -6.2646
v 16.5090 48.8145 25.6746
v -19.2526 55.5559 15.2539
v 22.8454 46.7293 11.6246
v 13.7610 23.7389 13.6876
v 12.9207 65.6059 -12.9100
v -7.7354 75.6048 17.5638
v -25.3227 33.1398 -10.3027
v -23.6283 23.5077 -19.9185
v 25.3571 82.0492 -0.7313
v -3.4593 4.6828 17.5414
v 24.7077 59.3718 6.3402
v -6.5201 11.1217 15.5426
v 3.4841 32.3220 19.2746
v -25.0401 55.8747 -4.1154
v 26.6538 71.2714 0.2207
v -19.1670 40.7163 -8.1113
v 5.5917 -2.0144 9.2038
v -28.4509 16.2296 -4.7245
v 1.6084 -0.2506 17.4957
v 9.5940 36.0509 18.4251
v 2.0454 4.6016 16.0139
v -20.5895 39.7186 -15.0846
v 15.7048 60.7280 22.4309
v 2.2744 13.2241 -6.5922
v -4.2364 28.6366 11.2916
v -2.3084 19.9559 -15.4188
v 6.4611 47.2770 31.1062
v 21.3651 50.5621 19.7919
v 14.3895 77.3402 10.5569
v -4.5445 33.1325 11.4186
v -3.9715 65.4207 26.7430
v -3.6058 13.8342 18.6786
v 14.1841 72.3997 -8.0878
v -3.9424 34.5914 15.8560
v -18.0019 29.3632 -5.7827
v -19.1163 17.0665 -19.8500
v -0.8163 65.0442 -16.9736
v 12.5782 30.0112 7.6867
v 23.6541 62.1647 -0.6954
v -6.3314 -1.7639 -12.2907
v 7.8626 73.8836 -10.1417
v -10.1320 55.4224 22.6356
v -17.0597 52.1561 -11.4314
v -18.1108 65.1165 -9.4500
v 2.9746 75.0669 -10.3958
v 17.3816 86.0526 3.3175
v -9.8419 27.1577 -12.8041
v -18.6297 23.2426 -19.7287
v -10.4430 22.0203 -18.9204
v 18.7435 62.9068 -8.8686
v -14.6951 29.1115 -8.6994
v -22.0389 54.5971 8.6431
v -16.4131 -2.5119 11.1831
v -23.2399 5.9411 7.5913
v 21.2476 87.9407 4.0034
v 25.7892 79.7049 6.3700
v -2.5360 30.4709 15.6876
v 8.5785 40.1829 25.8830
v -6.2115 -2.3868 7.6617
v -5.8003 4.9453 16.0044
v -12.4356 39.9977 1.3157
v 11.5208 39.3250 -5.9853
v -18.9637 48.7935 11.8104
v 8.3758 11.8018 -0.6915
v 5.8863 44.3981 29.5716
v -22.4913 51.2538 -11.9625
v -18.3422 1.3288 -13.3071
v -29.9770 67.9219 3.8108
v 3.8565 -3.0598 6.6265
v -18.1872 48.6886 -11.8694
v 0.9983 69.9724 25.6639
v 4.0504 32.8816 -0.0118
v -9.7960 1.6128 16.3123
v 3.9310 59.0819 28.3997
v -9.6734 37.6066 2.8440
v 18.3331 63.5779 21.0511
v -23.4803 3.0331 3.9069
v -30.6873 70.8742 2.9422
v 14.3238 50.7429 27.4917
v -16.8595 63.2569 18.7144
v 0.3272 0.5734 -11.5433
v -8.6293 50.8767 25.1515
v -21.2431 74.0073 4.8784
v 19.2727 73.1444 8.3811
v 22.8356 60.4636 -2.7190
v -7.3225 77.2241 14.5401
v -21.7614 45.2989 -10.7031
v -28.9955 61.1253 -0.8882
v -8.0377 69.6840 -12.7785
v 25.8866 65.9994 7.9350
v -4.6815 78.8568 -0.1592
v -22.3468 45.7290 -8.1919
v -16.0441 42.8039 4.4273
v -14.1600 51.1815 19.9312
v 0.3273 55.9064 32.6548
v -15.9028 29.1264 -2.2317
v -21.4898 33.8382 -16.1106
v 10.0423 55.5795 26.6797
v -6.0029 22.7399 15.1954
v 25.4678 84.7136 1.0420
v 2.9877 5.9916 -5.7442
v 11.0984 60.4931 -15.4238
v -3.2295 28.0401 15.7210
v -24.4804 59.1147 -7.0589
v -5.5905 46.7956 29.8406
v -5.4790 9.2422 15.8472
v 9.5294 36.4520 -2.1950
v 21.0175 59.2639 19.5207
v -16.1493 74.2143 0.7896
v -8.1336 -1.9937 1.6902
v 18.3558 86.7254 3.7557
v 7.1058 -1.7435 -5.0311
v -29.3257 60.5879 2.9438
v 20.8344 52.5950 20.8161
v -1.6272 51.2930 32.0669
v -21.1441 41.6922 -7.0238
v -7.8824 43.7296 26.5095
v 7.1046 62.0675 26.3206
v 18.6013 53.9480 -9.8985
v -10.7388 40.1915 -3.9061
v -12.0664 44.9629 -9.9080
v -7.6385 47.1318 27.8754
v 13.3492 36.0555 3.3228
v 13.1798 53.8004 -14.3475
v -6.0050 18.1590 16.8897
v -22.6707 32.7068 -18.2067
v -18.4197 42.4195 -12.8949
v -12.0630 75.4445 10.9407
v 10.7986 41.8762 -9.9187
v -29.9773 65.3027 -1.4253
v -18.9391 15.9916 11.3063
v 24.9207 85.9450 1.7319
v -5.4061 76.2736 -6.5978
v -18.1013 70.2123 8.2126
v -20.5740 36.0796 -14.5457
v -15.8023 49.4381 -11.3387
v -13.7601 43.9407 -8.2935
v -18.7182 50.5569 14.3439
v 9.7936 31.0575 17.0242
v 11.7710 16.3819 15.6866
v -21.3314 49.6287 -0.7714
v 7.9121 31.2452 18.5165
v 21.4398 65.7678 -4.6693
v -24.1937 66.3419 -7.2147
v -14.7062 45.7907 18.7457
v 12.1376 73.1944 20.6923
v -26.1461 31.9627 -19.4333
v -6.7007 26.7770 -9.7753
v -10.7922 21.4992 10.8455
v -26.0886 55.7046 -0.0255
v 13.4420 75.7550 15.2991
v 17.6452 39.3606 5.4727
v 2.5873 8.1565 16.1222
v 2.4608 22.2856 21.9492
v -1.3131 4.8211 17.5809
v 1.2069 12.3775 -12.5816
v -20.4856 45.0166 -12.1551
v -26.4977 75.4583 1.2885
v -0.8540 22.5845 -9.1367
v 8.1760 49.7731 31.3197
v 10.4916 24.1473 1.4161
v -18.0917 -2.7192 0.9318
v -18.9302 44.0611 -12.8018
v -14.6888 16.6587 11.4933
v -28.0304 62.8160 -4.0058
v -1.2911 10.5782 -16.0446
v 26.2842 74.2421 7.0956
v -14.3209 28.4617 -11.6264
v -27.7104 11.8750 0.3223
v 4.8620 40.2884 -10.5359
v 3.6886 29.3301 20.4568
v -5.4454 24.9738 14.0217
v 2.4717 77.9725 -6.3699
v -21.5278 -0.7045 -5.6651
v 13.7597 25.3888 7.5224
v 5.8846 7.1197 -3.5098
v -13.6387 15.5499 11.7393
v -1.4588 11.4754 18.6159
v 4.2957 -0.3266 12.3912
v -18.3056 73.7595 5.4449
v 18.8859 45.4713 20.9397
v -3.1822 17.6031 -17.6586
v 9.3741 9.3005 9.1537
v 25.4371 73.4545 -2.0929
v 17.2404 74.7117 9.4429
v -5.9934 41.6705 26.4883
v -8.2448 6.8141 -18.4257
v 6.2523 61.1714 -17.1856
v -29.0962 30.4987 -15.8838
v -0.6014 73.6923 22.9076
v -23.2132 51.2873 -4.9361
v 6.8651 74.2639 22.1577
v -2.5110 -3.1643 15.5460
v 4.3876 -1.2624 -7.5082
v -0.4767 8.0439 -13.8603
v -26.8487 37.1345 -12.6989
v -22.5426 0.1803 -2.3328
v 23.3224 72.9242 -3.8428
v 2.4668 17.9915 21.7029
v -23.6897 74.2988 -1.7444
v 27.1005 80.5936 0.6979
v 25.5238 68.9267 -0.6471
v 2.3999 56.6836 -18.2685
v -12.1389 42.9451 21.0179
v -20.4848 38.9703 -8.6747
v 3.3100 36.0199 21.3294
v -23.6985 40.3449 -8.3480
v 10.0444 33.7581 1.8332
v 1.8339 -2.1282 15.7436
v -7.5246 78.4557 3.9948
v 13.9400 83.3471 6.7654
v -5.0956 10.1751 -18.6125
v 6.9089 16.7062 20.3935
v -24.1621 38.9963 -15.6955
v -25.8291 24.6444 -19.2789
v -9.8819 -2.7850 8.8565
v 7.3078 42.2095 28.0932
v -13.9681 46.8266 -10.5846
v 18.1582 41.9047 -1.7885
v -5.3936 57.2487 27.0537
v 10.5705 4.1274 4.7477
v -21.4459 41.2840 -14.6889
v 24.0168 64.9335 11.4723
v -5.1644 21.9454 -16.3807
v 2.4497 22.5810 -4.6028
v -18.2444 -2.8482 -3.2552
v -24.0550 37.8683 -8.9655
v -8.2537 18.5482 14.3239
v -27.8517 32.0908 -17.8294
v 23.6440 48.0607 8.7498
v 8.5923 -0.5116 7.1141
v -10.4014 12.3680 12.2777
v 16.9152 81.7289 -2.8734
v -5.7462 71.9909 23.0010
v -3.5670 3.6428 -14.1060
v -0.2724 16.9678 -14.5071
v -18.0582 43.1876 -6.0894
v -4.0232 31.5456 9.4114
v 27.5917 77.7183 5.9609
v -18.1459 6.3645 11.9838
v -26.7070 23.4929 -2.2619
v -4.4309 32.9552 6.0913
v 20.2136 70.9813 9.9829
v -10.1047 23.2238 9.9440
v -19.8217 28.7523 -2.8676
v -27.2999 13.6556 3.6246
v -14.0114 69.8866 -8.3646
v -4.2242 55.9094 29.5181
v -17.1716 1.2554 14.0185
v -24.9111 19.7248 6.1125
v -29.9104 63.9431 3.9713
v -14.9448 45.0084 -9.7099
v 4.5531 -1.9855 -6.8861
v 5.9957 80.4662 10.3572
v -3.0505 58.4074 28.4743
v -21.7460 71.5885 -5.0552
v -9.7596 76.1745 -1.8108
v 12.0595 2.5726 -1.6213
v 4.7353 25.1025 21.8003
v -27.9761 61.2892 4.9047
v 0.5000 52.4150 32.7575
v 12.9090 78.4086 -4.4964
v 2.4756 1.7516 -8.9497
v -19.4277 0.8445 10.2146
v -28.3882 26.5105 -10.0067
v 3.5660 52.1339 32.5927
v -23.2148 11.5710 9.5115
v 15.9300 66.5094 22.2392
v 2.8348 80.7446 8.4591
v 20.1186 46.8170 20.0829
v -5.2389 -1.9022 19.0746
v -19.0112 28.9203 -9.9151
v -30.0987 70.5691 -0.9914
v -20.9650 63.7100 -9.0447
v -10.8278 76.5573 9.4607
v 27.3876 71.7268 6.5513
v -9.7102 3.5855 15.4286
v -12.5253 26.2431 -15.7268
v 0.3563 -1.1555 18.7649
v -26.8656 64.6414 -5.6523
v -12.8494 19.3406 10.7600
v -10.6023 15.4285 -20.6792
v -3.9976 8.1221 16.4437
v -21.7698 21.0755 7.9944
v 10.0690 53.8401 28.6673
v -6.6618 27.3967 1.9666
v 20.0248 42.2533 11.6472
v -3.3048 22.8003 18.7883
v -4.3727 60.6627 27.2081
v -24.7201 14.3118 8.0074
v -28.5628 33.5631 -14.4824
v -20.8468 29.3184 -15.9162
v -18.6109 -0.3155 10.9667
v 14.0396 68.0474 -10.9171
v -21.9316 44.4739 -6.8194
v -1.0803 46.9369 31.2727
v -10.2515 37.2208 9.5693
v -2.6711 38.2724 24.1076
v 2.1498 40.1101 27.4927
v -4.0869 -0.1062 -12.7353
v -7.0986 58.8346 25.7078
v -5.9289 78.9339 2.5663
v -26.3213 72.9217 -2.8733
v -17.1126 56.4208 18.3845
v 13.2836 83.1416 3.8732
v 21.0866 73.1850 7.4910
v 14.0769 58.4212 23.5016
v 15.3751 46.0043 25.6878
v 7.9188 19.3375 -1.6670
v 12.2094 23.9221 17.1702
v -5.9397 45.4871 -13.2273
v -6.9606 -1.9470 0.4172
v 12.2845 79.9137 9.9195
v -6.7180 51.3420 28.2055
v -26.3754 55.9596 5.3718
v 14.3141 79.7929 9.3806
v 9.8645 79.7985 11.2729
v -11.1904 40.4413 19.6861
v -12.1040 74.5234 13.6229
v -17.1492 43.3315 -11.5865
v -13.1957 74.6457 -0.9401
v -6.5036 25.1796 -13.7338
v 6.8607 35.9413 20.1551
v 22.8297 46.6191 3.6949
v 6.6957 33.6866 18.7258
v -23.2394 27.3300 -3.4006
v -20.3446 10.6429 -17.1782
v -2.4532 75.9792 19.9538
v -14.4540 63.6855 21.3485
v -2.2760 27.5198 1.8698
v 17.8886 69.7483 18.0401
v -1.6225 24.5864 -6.9574
v 12.8831 74.1227 -7.5691
v -6.4790 35.0733 12.5348
v 19.7090 56.8559 -8.7634
v 7.8026 52.2182 31.2340
v -4.7182 18.6112 -18.2604
v 19.8674 59.3372 -8.3201
v -7.9494 21.8044 13.2402
v 25.0942 64.5319 1.7490
v 17.3591 47.1466 -8.7833
v -14.0753 55.6992 20.3706
v -2.5839 53.6016 31.9220
v 17.3381 46.9215 24.1874
v -15.0900 59.4903 20.8097
v 3.0551 -1.4701 -9.1155
v -27.5905 58.1548 5.2723
v 28.0341 73.8986 3.5426
v -5.0781 27.0846 -2.4647
v 7.4053 11.1271 14.9704
v 14.1933 58.2524 -13.9666
v -5.5638 27.3056 7.9471
v 23.3749 77.7997 -3.4348
v -7.8448 -1.7505 16.9155
v 7.6516 39.4258 -8.6204
v -10.4223 28.6808 -4.9470
v -21.7916 35.6870 -16.8938
v -4.2760 49.2916 30.9069
v -15.6949 67.7068 17.8540
v -18.7644 65.6263 12.1253
v 9.7407 11.3630 1.8690
v 14.9313 37.0404 10.7300
v -24.0834 49.4856 -7.6158
v 10.8698 70.0565 23.6845
v 12.0183 30.9952 13.4004
v -18.9971 54.0737 -10.9907
v -23.9460 61.7356 -7.8145
v -1.9032 67.4682 26.5105
v -18.0663 59.3852 -10.6172
v -28.5644 21.6933 -8.7237
v 11.2437 35.9654 0.2200
v 1.0433 -2.8510 3.2890
v 22.5424 64.2219 -3.1549
v 24.5907 71.9269 7.9227
v -19.9882 58.0949 13.4357
v 23.6565 54.3669 -0.6835
v 8.5273 5.1136 8.1539
v -16.6123 11.8236 12.2973
v -15.2431 57.1926 -12.2753
v -0.4697 68.9957 -15.3102
v 9.6960 16.0046 0.0277
v -0.8197 75.7084 -9.7002
v -5.3175 62.7947 -16.6576
v -18.9872 73.6589 -1.7436
v 12.3299 36.1970 15.4190
v -2.0724 32.3502 16.1724
v -24.7401 57.1475 6.4756
v 12.5852 63.2154 -13.9195
v 13.1739 1.2428 1.5374
v 1.7641 16.0288 -7.8788
v 1.0468 58.0478 30.8647
v -20.3735 -2.0128 -3.4101
v -28.0926 24.1438 -8.4309
v -13.0386 42.1094 -5.1140
v -25.0857 64.2682 4.2313
v 2.7359 9.5556 -5.8334
v -27.0287 29.4750 -19.3439
v 23.3897 81.7531 -2.1939
v 5.5982 -2.4947 8.4131
v 18.8590 85.8973 1.1390
v 6.5511 2.6739 9.9809
v -16.1422 70.5857 -6.3534
v -19.4439 50.3157 -12.3365
v -25.2297 23.1216 2.2558
v 14.9206 75.8907 -6.1032
v -26.6475 28.6401 -9.6784
v 12.7833 44.1109 26.6796
v 9.3805 -2.7630 -2.6452
v -13.0819 48.4877 20.7253
v -10.0129 28.3980 -1.0811
v -6.8086 26.9090 5.4532
v -8.9022 40.4396 22.5275
v 2.6654 64.3736 -17.1334
v -17.3609 21.6983 9.0112
v 26.6077 67.3267 5.3561
v -23.2110 59.6481 5.6939
v -27.2603 69.5413 -4.3569
v 3.0624 80.3975 0.9181
v -24.0569 54.6842 -5.7153
v -7.2181 54.9624 -16.4750
v -20.2147 49.0028 7.5185
v -2.1185 -1.7213 -11.7985
v -27.8577 74.7230 2.7327
v 1.5728 6.9643 -8.9428
v -4.5256 43.7164 28.9914
v 12.5400 32.3183 8.7734
v 16.9651 41.8367 19.2514
v 27.1383 82.9987 5.3610
v 8.5257 49.2788 -15.6070
v 7.3945 65.6236 26.2330
v -18.1977 40.1481 -10.6621
v -17.7317 44.9754 -2.6486
v -15.5525 42.3793 11.6749
v 0.5433 3.3157 -10.4392
v 6.2029 15.7040 -3.2781
v -9.4572 9.1212 12.6128
v -22.0125 26.0820 -19.7720
v -20.4260 -0.9420 -8.2040
v -7.1423 42.9941 -10.6711
v -23.8768 8.6903 8.1946
v -14.6964 65.5376 -10.8625
v -19.5386 66.7115 7.6974
v -21.1780 30.0868 -12.8976
v 0.0364 25.9247 20.4261
v 4.9074 60.0968 27.3649
v 11.4678 -0.2055 -3.9561
v -25.9295 8.3435 4.4673
v 22.4221 45.2149 6.6973
v -28.5340 31.4509 -11.8077
v -3.3110 17.2124 19.4000
v -20.7838 54.7807 10.6941
v 8.8285 -2.0190 6.1176
v -12.6439 39.3188 6.1115
v -0.3480 7.9575 17.1072
v 1.6224 39.8073 -10.1430
v 7.6027 25.1327 -0.1938
v 0.5265 42.9509 29.1442
v -19.3831 12.3395 11.6728
v -8.8375 0.9408 16.6945
v -3.4030 50.0366 -16.4725
v -3.4411 30.9531 13.5002
v 7.5730 71.2602 -12.4270
v -28.0060 13.5986 -4.9450
v -26.0843 36.9292 -10.2755
v -12.3904 25.5246 -16.6622
v 8.9012 4.7478 -2.5269
v 9.8310 11.8860 12.4661
v -9.9011 5.4179 14.1298
v -0.7095 34.9726 -1.4619
v -15.3790 45.1672 17.2758
v 8.9297 43.9451 -12.6885
v -11.5761 25.7405 6.1342
v -1.2309 72.9860 -12.4774
v 4.7468 57.1067 30.1730
v 9.5650 46.9904 -14.2572
v -23.1590 68.9467 4.2598
v -0.1631 32.8747 1.0033
v -14.3709 19.5966 -20.3913
v -28.5036 21.9688 -13.3243
v -6.7248 39.6408 -6.6855
v -22.8039 30.2210 -18.8061
v 5.0618 7.7811 14.1756
v 23.0697 49.2357 14.7391
v -4.0746 28.8788 7.1803
v 8.5963 76.2117 -7.3606
v -12.8105 -2.8899 -1.7947
v -14.9600 26.2891 4.9379
v -25.7066 35.3723 -17.9083
v -15.1983 71.3980 13.6112
v 10.0939 46.6412 29.7885
v 24.5791 85.4497 6.2842
v 0.1842 49.5977 31.9427
v 17.9855 71.7338 -6.5879
v 20.8276 45.1242 16.3298
v -5.3175 11.8108 -19.1216
v -16.2373 47.5137 17.0366
v -30.8662 66.4518 3.0733
v 24.5344 58.0108 10.3217
v -23.0756 14.9834 9.4557
v -19.7189 44.3247 -5.4282
v 7.8716 79.8696 -1.2758
v -21.7546 28.6762 -7.7421
v -12.7213 45.0892 21.3073
v -9.9637 48.9081 -13.4504
v -8.6500 19.1368 -19.6913
v -23.3897 42.5687 -10.6582
v -15.3974 62.0630 -11.6026
v 3.6687 3.4008 14.3026
v 14.4376 21.8306 9.3198
v 2.8322 12.9222 -5.8693
v 22.4559 59.1037 17.0681
v 11.0606 81.2073 8.1675
v -25.2924 15.6577 -15.0648
v -21.4481 32.5642 -13.7773
v -18.7554 62.2281 15.4346
v -6.2389 26.3702 9.9154
v -13.0174 64.5498 22.3953
v -18.5202 -2.2666 5.4938
v -18.6084 4.2148 -14.9947
v 17.5874 83.4499 8.1126
v -5.7232 -3.0007 -8.1821
v -22.0039 47.0339 -10.4870
v -9.2101 -2.5609 7.4876
v 22.1024 75.7276 6.7386
v 1.1855 11.2321 18.4822
v -0.1699 31.0426 1.9456
v -1.0259 52.3484 32.3610
v 20.4290 86.5474 7.1048
v 5.9299 13.7043 18.6345
v -8.8730 1.5812 -15.5022
v -1.1657 35.4484 19.4581
v -22.2950 47.7013 -5.8732
v -8.5597 2.9474 15.9938
v 5.5389 22.7182 -2.1998
v -28.3814 72.0411 3.7754
v -1.0486 55.1239 32.5567
v -5.0565 34.5815 2.7080
v 1.7446 28.0684 0.3440
v 24.3881 61.0774 10.8842
v 12.3341 62.0305 23.9580
v -21.7634 58.5217 7.4938
v -27.6772 16.8226 -10.6195
v -17.7862 16.2781 11.3881
v 10.5119 26.0342 18.5821
v -2.1855 7.0516 -15.3099
v 1.2316 43.1563 -13.3683
v 7.5972 80.8977 3.4540
v 18.5155 51.1671 -9.3096
v -8.2564 25.5813 8.0485
v 0.7286 35.0192 -2.0085
v 8.2295 27.9559 1.0708
v 4.6340 53.5068 -17.6775
v 13.9742 19.9072 12.9778
v -17.2843 67.3875 14.5498
v 9.2859 -3.0854 -0.3485
v 0.9300 5.1838 -9.6957
v 5.4443 40.4860 27.4684
v 9.7925 81.1921 3.5268
v 6.8841 21.2678 21.5734
v 18.0667 40.2004 12.3186
v -10.5669 68.7057 -11.8064
v 11.5703 19.8309 1.7253
v 12.0883 81.6541 0.7622
v -19.5885 47.3506 2.8599
v -3.1976 -2.8118 18.1954
v 6.8865 63.9337 -16.3166
v -12.7268 63.2469 22.7858
v -27.3304 35.3223 -15.8970
v 3.5812 55.2809 32.3352
v 8.9799 31.3734 1.9319
v -2.0211 1.6756 19.8103
v -21.2952 61.9237 5.9761
v 14.9348 56.1303 23.6517
v 0.8883 19.9173 -8.4546
v -14.8913 53.7219 -12.2318
v 3.1919 44.9395 29.8903
v 12.4936 -1.8573 -2.0077
v -20.8620 71.3653 5.5725
v -4.4338 69.9670 24.8358
v -15.0647 72.8794 -3.5787
v -23.4377 28.1191 -7.3020
v -10.6172 -2.1843 -12.8134
v -4.0897 15.1357 -18.7109
v -25.3608 54.0721 4.1536
v -2.2180 80.2424 6.7242
v -22.8832 32.6797 -11.0821
v -3.4982 26.8695 -0.5984
v -16.3161 57.0530 19.1929
v -4.9847 21.1231 17.3978
v -27.9372 19.2389 -0.9173
v 11.6898 56.5824 25.0719
v 1.6381 13.9158 -10.8693
v 22.5412 69.3903 9.6026
v 19.1384 66.5356 -7.0484
v 16.9534 77.9930 8.1600
v -26.6138 8.5172 -3.8639
v -10.6282 73.3395 18.0831
v 25.1023 87.0572 4.7781
v -23.2400 18.0290 -18.2531
v -12.3972 55.0466 21.0914
v -19.9693 47.7138 -2.2900
v 10.7063 29.5186 3.3816
v -13.2643 13.7324 -20.5450
v -21.6842 31.4275 -16.5600
v 14.6052 73.5747 17.5197
v 11.1813 17.4594 17.5255
v -14.3702 -2.7389 12.4159
v 13.3438 -1.1285 0.7211
v 12.3370 -2.1377 2.2875
v -7.6523 4.9375 14.7641
v 16.7615 39.4701 1.2468
v -1.7190 41.1997 27.6535
v 21.5599 54.8436 -5.7432
v -8.3524 11.5090 -19.9968
v -20.5198 64.7380 6.3965
v 17.4575 44.6245 -6.6424
v -8.4341 55.0489 24.3440
v -11.7725 14.2110 11.8977
v -9.3601 47.9382 25.4061
v -15.6963 51.6552 18.5493
v 7.7983 59.5658 26.0118
v -2.8901 23.0016 -12.6755
v -3.7459 25.8344 16.4607
v -21.0763 52.1077 9.7228
v 4.0606 78.0468 17.6709
v 9.4054 33.9783 16.9578
v 13.9688 19.6257 6.4330
v 0.4071 59.4705 28.9425
v -14.6414 43.3645 -7.1794
v 13.9938 25.0020 11.3617
v 18.3065 58.6469 21.6467
v -1.5516 -2.7629 -0.6049
v -26.6937 16.6340 4.7304
v -7.1906 -2.8923 10.5624
v 0.7258 30.8368 18.8720
v -14.0532 2.4773 15.7547
v -28.4027 26.1760 -16.7287
v 17.1846 72.1819 15.1601
v 12.6889 34.2638 11.4100
v -19.9967 18.7928 -19.8861
v 4.6343 26.4333 -0.5456
v 9.1690 28.4531 18.8373
v -2.9036 1.3526 -12.8625
v -12.4606 -1.5143 15.9707
v -14.7414 -2.4579 -11.4859
v -9.6962 14.9856 13.1384
v -24.1960 52.3468 -7.5670
v 14.1425 71.4784 20.6509
v -22.4471 35.9299 -9.8552
v -18.2779 51.0019 -11.8132
v -17.6909 68.3444 -7.9742
v -21.9986 -0.1928 1.4286
v -7.5554 37.7510 -2.3164
v -5.2874 -2.6042 -2.2984
v 12.6885 66.5144 23.9199
v 21.8308 67.4844 12.7088
v -8.1498 45.2170 -12.0785
v -22.6915 6.5584 -12.3211
v -1.1748 41.4623 -11.4686
v -4.9150 76.8607 17.5351
v -12.7243 16.2752 -20.7334
v -12.0540 14.1462 -20.6598
v -9.9799 14.1822 -20.5610
v -8.3311 13.6759 -20.2734
v -14.1819 15.1585 -20.6466
v -17.6274 15.6726 -20.0336
v -8.0085 15.9900 -20.2155
v -8.5925 17.4207 -20.1330
v -11.5416 17.9702 -20.5242
v -10.4744 19.7423 -19.9165
v -15.4760 18.3786 -20.5443
v -11.2244 12.0646 -20.3671
v -12.0261 10.6377 -20.0613
v -6.4271 11.7566 -19.5091
v -5.3305 14.1194 -19.3948
v -15.9477 17.1366 -20.5286
v -19.0416 19.3413 -20.1732
v -20.8919 21.6396 -20.1439
v -22.1330 22.9700 -20.1249
v -23.2371 25.3518 -20.1511
v -25.0175 24.4420 -19.6633
v -24.6285 26.4144 -20.1205
v -23.8429 28.3360 -19.9537
v -26.8235 27.3440 -19.2565
v -26.1155 27.1063 -19.6696
v -23.8443 29.8547 -19.6730
v -24.1530 31.1430 -19.5436
v -17.4009 11.0110 -18.8912
v -16.1173 11.3430 -19.4824
v -9.6910 20.5783 -19.4270
v -18.5159 22.2191 -20.0241
v -16.8236 21.9774 -19.9207
v -22.3864 21.4195 -19.8322
v -21.0877 23.9205 -20.0133
v -26.5923 29.6553 -19.6511
v -25.9643 30.8687 -19.7523
v -25.1103 30.9172 -19.8122
v -10.8367 7.5199 -19.0886
v -10.4028 9.9711 -19.8578
v -15.0638 11.7601 -19.8603
v -5.2866 16.0179 -19.2867
v -5.4452 17.2286 -19.1350
v -3.9451 16.8604 -18.4138
v -12.5837 22.3158 -19.2243
v -19.4541 24.6743 -19.3002
v -20.5035 24.5476 -19.7201
v -26.5904 31.3692 -19.4077
v -23.8938 33.5948 -18.9520
v -24.0565 34.3865 -18.7116
v -23.1128 35.3004 -18.0493
v -15.7770 8.1264 -18.5182
v -13.5551 8.3592 -19.2078
v -6.8449 10.2034 -19.3009
v -17.9530 10.0621 -18.3268
v -20.7901 16.4912 -19.0241
v -21.2935 18.3682 -19.3624
v -23.9032 21.2963 -19.1752
v -11.9182 21.4046 -19.5408
v -17.2495 23.4115 -19.3910
v -22.6315 28.6100 -19.2389
v -21.5478 27.5196 -18.8821
v -25.4039 32.3591 -19.5131
v -25.6015 33.0367 -19.3296
v -24.9043 34.0510 -18.9234
v -8.0930 8.9936 -19.2140
v -21.8067 13.1410 -17.2384
v -20.2993 13.7016 -18.3923
v -11.8051 23.1819 -18.5411
v -18.3303 24.8354 -18.8093
v -18.6325 25.7727 -18.1952
v -27.2964 25.4569 -18.2221
v -20.9798 26.6899 -18.9675
v -22.3270 32.2913 -17.8352
v -16.4553 6.9526 -17.7604
v -7.0184 19.0811 -19.1621
v -6.2122 19.9369 -18.4404
v -7.3737 21.2183 -18.2104
v -6.5351 21.8087 -17.3967
v -24.8844 21.9982 -18.8561
v -25.8824 22.5855 -18.4006
v -17.2965 25.1804 -18.2535
v -26.2947 33.4085 -18.8085
v -26.8877 33.3647 -18.3074
v -26.6892 34.9666 -17.3283
v 1.7574 54.9904 -18.2094
v 3.6787 55.6866 -18.1024
v 1.3163 58.0131 -18.2815
v 3.2104 57.6754 -18.1949
v -12.1664 3.6294 -17.1200
v -13.3558 6.4464 -18.4913
v -6.2951 7.2142 -17.9626
v -5.3025 6.6101 -17.2636
v -2.7577 8.9718 -16.8447
v -18.7185 8.7945 -17.3899
v -4.5152 12.9829 -18.8887
v -3.7458 10.9434 -18.1054
v -27.2450 23.7417 -17.5131
v -19.6093 26.9339 -17.6525
v -18.6100 26.5666 -17.3683
v -20.4234 27.1415 -18.1795
v -22.0326 37.7249 -16.6866
v -3.1437 56.8576 -17.7310
v -1.4230 56.7293 -18.0399
v -2.5830 59.0991 -17.7944
v -5.7069 60.1395 -16.9430
v 4.5287 59.2858 -17.8500
v 3.3343 61.3461 -17.7612
v -3.5183 61.2672 -17.4200
v 0.6624 61.9348 -17.8101
v -0.1745 60.9093 -17.9347
v 1.3231 63.3343 -17.5134
v -15.8693 5.2850 -17.1927
v -23.2390 14.4678 -16.6834
v -2.6838 15.9792 -17.6489
v -3.7966 18.8294 -17.5617
v -4.5821 20.1271 -17.3689
v -10.7097 23.2645 -18.2077
v -28.3576 28.6970 -17.6749
v -27.9732 30.1271 -18.2511
v -21.7771 28.8974 -18.2568
v -27.2232 31.3153 -18.9101
v -28.1937 31.2600 -17.6865
v -21.7737 32.6878 -16.7076
v -22.0023 33.9075 -17.2813
v 1.7043 51.9900 -17.6729
v -0.8743 51.0580 -17.2857
v 5.3284 50.9264 -17.0781
v 8.2376 54.1919 -16.7846
v 6.8367 56.1889 -17.3630
v 6.3331 54.0534 -17.3941
v -3.6801 55.6138 -17.5762
v -2.1600 65.9499 -16.5597
v -2.7725 64.1073 -17.0236
v -9.5280 5.5757 -18.0734
v -8.5481 4.0635 -17.0724
v -23.8204 12.3446 -14.9309
v -2.4047 13.9558 -17.5271
v -2.6088 18.8230 -16.5402
v -22.1037 30.6895 -17.7961
v -21.5821 29.6028 -17.4430
v 6.8823 58.4875 -17.3215
v 8.6844 61.2039 -16.3915
v -6.9809 61.8463 -16.2473
v 4.9364 63.3652 -17.0008
v -10.0406 3.7282 -17.1034
v -1.6521 8.5457 -15.6430
v -1.8137 16.9723 -16.6208
v -6.4891 23.2763 -16.1031
v -24.7064 37.1539 -17.1116
v -22.5489 39.0540 -16.2706
v -24.2879 35.8732 -18.1526
v -23.6178 38.0898 -16.8298
v -22.8155 40.2806 -15.3064
v 3.5274 50.6711 -17.2746
v -8.2855 52.4962 -15.6301
v -6.8094 58.9778 -16.6553
v -6.5418 56.2148 -16.8082
v 5.5575 66.8871 -15.6301
v -0.5261 66.7595 -16.3731
v 1.7049 64.8431 -17.0689
v -0.7901 13.3307 -16.0871
v -27.1300 21.1638 -16.0140
v -28.3616 23.8015 -15.5291
v -20.1012 27.7029 -17.2152
v -20.9395 28.4796 -17.4041
v -21.4273 30.2406 -16.5009
v -21.0144 29.8614 -15.1690
v -29.0618 31.7640 -15.1661
v -28.6467 32.1566 -16.3836
v -28.1034 34.0276 -15.7779
v 2.2610 46.1346 -15.4152
v -0.6889 48.4200 -16.3807
v -6.2801 52.3168 -16.3557
v -4.6120 51.6259 -16.6977
v 10.4381 56.5209 -16.0121
v -10.8972 1.2917 -15.6665
v -15.3416 1.8952 -15.4525
v -7.5665 2.8010 -15.9299
v -8.0728 0.9334 -14.8182
v -4.1722 5.4645 -15.9295
v -20.4124 6.0219 -14.6070
v -27.1159 19.5449 -14.8349
v -7.6969 24.8117 -15.2753
v -9.5149 24.1618 -16.9598
v -8.0398 24.1463 -16.2189
v -9.8017 25.2872 -15.9243
v -25.5872 37.6657 -15.7117
v -24.3923 39.5428 -14.7939
v -4.7846 49.1889 -15.8056
v 6.4745 49.2259 -16.2677
v -9.9564 54.0750 -15.1654
v -8.0143 57.4230 -16.2580
v -9.3528 58.2987 -15.6283
v -7.5388 63.1157 -15.7750
v -7.7834 64.9647 -15.1717
v -6.4817 64.2198 -15.9361
v -5.2372 65.7276 -15.9223
v -4.3140 64.1454 -16.6548
v 5.3954 68.6238 -14.8626
v -4.3420 67.1990 -15.5888
v -3.1352 68.0115 -15.4918
v -1.2532 68.1261 -15.7135
v -19.5263 6.8772 -15.8615
v 0.3172 12.6704 -14.5931
v -0.3972 10.2380 -14.9357
v -0.8811 17.1083 -15.4542
v -28.9605 28.2323 -16.2039
v -21.4229 33.3733 -15.5496
v -21.4765 31.6937 -15.2772
v -21.0644 34.7746 -15.1564
v -21.2181 33.5941 -13.7550
v 5.4426 46.0847 -15.0932
v -2.3499 47.2970 -15.5499
v -2.7243 45.5083 -14.3916
v 11.1889 55.0668 -15.5873
v 13.4670 56.6510 -14.4344
v 0.9138 67.3138 -16.1698
v -14.1054 0.0126 -14.6139
v -12.5375 -0.1285 -14.7673
v 0.0106 9.8386 -14.2339
v -0.3840 14.6307 -15.5356
v -29.2689 26.1455 -14.5160
v -10.4621 26.3803 -14.7391
v -18.2522 27.3742 -15.8571
v -18.6089 28.0750 -14.5696
v -19.7803 28.0048 -16.3029
v -19.1930 27.8931 -15.7256
v 2.7890 44.5080 -14.4507
v 8.3226 47.9508 -15.1714
v 10.8241 49.3771 -14.6653
v -6.6816 48.0035 -14.5569
v 11.2592 63.7402 -14.5193
v -7.6979 66.8153 -14.5236
v -3.5019 70.2102 -14.1130
v -22.3462 9.3695 -14.7981
v 0.4900 14.3485 -14.1295
v -0.1519 15.6159 -14.9326
v -3.1183 22.1554 -14.2073
v -16.2798 28.0220 -13.3611
v -13.4273 27.9111 -12.8909
v -20.9588 36.2035 -15.5791
v -20.3513 37.7914 -14.9034
v -20.5629 39.1612 -15.1725
v -21.2691 39.7172 -15.5074
v 4.0690 43.0252 -13.2923
v -3.3339 44.1193 -13.1906
v -7.9612 49.1438 -14.5733
v 12.2518 51.0523 -14.3998
v 11.0223 52.5906 -15.4075
v -9.9001 56.1585 -15.3892
v 15.1009 55.4683 -13.2926
v 10.6690 59.0719 -15.8490
v 12.9362 60.2500 -14.4817
v -9.1544 61.8405 -15.2844
v 8.3312 65.2950 -15.3331
v 9.8651 63.8529 -15.1854
v -8.3987 67.9249 -13.6168
v -17.9374 1.9495 -14.0776
v -3.1735 6.2230 -15.6873
v -2.2301 4.8861 -13.7289
v -0.5298 18.4847 -13.9665
v -1.3952 20.4295 -13.6338
v -19.8203 28.4911 -15.2468
v -20.6146 29.4363 -14.5008
v -29.3417 30.5170 -14.5391
v -22.0446 42.3228 -13.6650
v -20.5747 41.4338 -14.4195
v -0.6089 46.2859 -15.2998
v 1.3923 45.0528 -14.7644
v 8.4780 44.9399 -13.5470
v -6.6856 46.9822 -13.9541
v -9.4291 65.2903 -14.2295
v 6.4020 69.8206 -13.8461
v 1.5732 69.7345 -14.8514
v 0.9471 70.7671 -14.2720
v 2.6769 70.8375 -14.0622
v -10.2619 -0.0414 -14.7241
v -9.0748 -0.4358 -14.1979
v -6.4436 0.0136 -13.5431
v -6.7164 -1.2037 -12.8596
v -4.7947 2.5458 -14.2630
v -3.5629 2.7736 -13.6202
v -9.4533 26.4637 -14.0371
v -8.4144 25.9809 -14.1421
v -19.1681 28.5934 -13.5201
v -21.1121 30.1947 -13.9787
v -21.3845 31.0353 -14.2412
v -27.1441 36.4256 -14.3322
v -19.6004 39.9659 -14.1329
v -0.6936 42.8710 -12.8784
v -0.0928 44.3977 -14.1724
v -11.5322 57.1942 -14.5224
v -10.3311 67.0359 -12.9807
v -13.1672 -1.9272 -13.0384
v -9.0880 -1.6065 -13.2190
v -24.3190 11.6909 -13.8869
v -25.9345 16.4006 -14.6096
v -27.7095 19.6078 -13.4497
v -21.2733 33.8643 -12.6797
v -25.6361 38.2353 -14.8344
v -23.2759 41.0159 -14.1991
v -9.3695 50.2746 -14.4069
v -12.4728 50.7319 -12.8253
v -12.7805 53.7364 -13.5207
v 15.2435 53.4877 -12.8953
v 11.2260 67.2710 -13.1254
v 8.6803 69.0001 -13.4664
v -5.8036 69.5596 -13.8427
v -3.9916 71.5040 -13.0355
v 5.3037 70.9119 -13.4562
v -10.7906 -1.5683 -13.5899
v -12.2107 -2.3750 -12.4987
v -5.5799 0.7242 -13.5813
v -4.5682 1.7609 -13.6849
v -1.9599 2.9673 -12.5619
v -19.6969 3.3347 -13.4417
v -19.9951 1.3170 -11.6390
v 0.6073 15.5984 -13.4083
v 0.4781 17.2674 -12.5022
v 0.3581 19.7455 -9.8334
v -29.2898 25.2156 -12.1732
v -11.1510 27.2686 -13.4102
v -17.4837 27.9111 -14.1415
v -17.4113 28.3598 -12.6376
v -19.5749 37.7114 -12.6729
v -20.2818 36.1633 -12.8168
v -19.2708 39.4889 -13.6107
v -18.4410 40.0346 -12.1661
v -21.3896 43.8397 -12.5150
v -20.8642 43.3788 -13.1885
v -20.2316 42.7718 -13.6212
v -19.8599 44.2818 -12.7594
v -21.1602 50.9888 -12.5614
v -20.2572 50.6186 -12.6481
v -21.8955 50.7380 -12.3166
v -14.6610 51.8359 -12.0054
v 0.6369 72.4032 -13.1006
v -15.5633 -1.3990 -12.8101
v -17.4726 -0.2983 -12.7316
v -2.4593 3.8121 -13.2644
v 1.1914 10.7920 -12.3939
v -4.1562 23.4481 -13.8690
v -9.1910 27.3055 -11.6833
v -7.5977 26.2169 -12.8645
v -20.0628 29.0784 -13.5793
v -29.2947 30.0511 -12.8608
v -27.9395 35.2576 -13.6227
v -28.8059 32.6917 -13.2307
v -20.8478 34.7794 -12.8635
v -17.6369 41.3563 -11.4184
v 3.1992 41.7405 -12.2986
v 4.5522 41.8445 -12.2286
v -19.2388 42.6617 -13.3671
v -18.0322 44.0902 -12.4606
v -8.9963 47.5890 -13.2402
v -21.4513 48.0732 -11.6084
v -20.6434 48.7470 -12.1525
v -20.2925 50.0228 -12.5120
v -21.8096 49.4734 -12.1544
v -22.5978 50.3803 -11.9327
v -20.4535 52.4307 -12.0569
v -20.1026 51.9106 -12.3015
v 13.6727 50.9309 -13.4802
v 17.4712 55.6521 -11.3388
v 15.7022 58.5348 -12.8410
v -14.4746 64.2649 -11.5280
v -12.0704 -2.6808 -11.7969
v -4.6594 -1.3219 -12.2997
v -0.5352 -1.9405 -11.3590
v -0.0639 -1.3868 -11.6134
v -0.9256 -1.2647 -11.9028
v -2.4132 -0.1661 -12.4410
v -2.0821 0.5462 -12.4906
v -1.3577 1.6643 -12.2141
v -0.9511 2.8165 -11.8433
v -28.8884 23.6240 -13.7230
v -21.6608 31.2229 -12.8650
v -21.9774 32.4526 -12.0931
v -17.9462 41.9915 -12.3560
v -23.4933 41.3260 -13.3858
v -23.8979 41.3115 -12.5339
v 5.9937 42.5875 -12.6039
v 5.7489 40.6324 -10.7496
v 6.8360 44.4780 -13.7547
v -21.6798 44.3064 -11.7470
v -21.2446 45.2299 -11.4640
v -18.7692 45.3187 -12.3757
v -17.5981 46.3280 -11.9321
v 11.0862 45.2026 -12.5526
v 14.3941 46.0358 -10.9611
v -13.8660 48.3276 -11.3142
v 14.1889 49.3970 -12.6546
v -21.1690 47.2144 -11.3738
v -19.5368 48.9360 -12.1652
v -21.7501 51.5750 -12.2488
v -21.4650 53.1652 -11.5421
v -20.3202 53.0526 -11.6885
v -2.5558 73.2820 -11.9319
v -10.0874 -2.4926 -12.3058
v -0.3024 3.5064 -11.2521
v 0.7338 12.2008 -13.7858
v -4.2450 24.4052 -12.3227
v -29.3764 27.5271 -12.3630
v -29.1689 28.4823 -11.9307
v -22.0954 30.4394 -11.5588
v -22.1405 31.3699 -11.9389
v -28.1105 34.4780 -12.5274
v -27.3446 34.7693 -11.1835
v -25.0392 40.0150 -11.6952
v -25.7273 38.7735 -13.3184
v -5.3248 43.2836 -11.7435
v 11.5556 43.9866 -11.4705
v -16.9410 45.0466 -11.6366
v -18.4797 47.6532 -11.9246
v -17.6657 47.2870 -11.8355
v -23.2904 50.6937 -11.2946
v -18.8150 49.4397 -12.0729
v -18.6533 51.9098 -11.7706
v 17.2684 51.0502 -10.5848
v 14.4284 63.6544 -12.5817
v 10.1281 70.8984 -11.4921
v 5.0624 73.6848 -11.3476
v 6.4662 72.6687 -11.7483
v 1.4717 74.3385 -11.3216
v -10.1818 -2.8997 -11.2278
v -14.3859 -2.8843 -9.9174
v 0.1630 -2.3080 -10.6503
v -1.2351 -2.4840 -10.7752
v -1.1880 5.1847 -12.7196
v -0.0407 6.1196 -11.7659
v -29.0643 23.4049 -11.8412
v -28.9355 26.6338 -10.8778
v -28.8332 28.0536 -11.1232
v -21.7086 34.3391 -11.3796
v -26.9624 36.5398 -11.4108
v -25.8127 38.6822 -10.9216
v -24.4729 40.8799 -10.5845
v 10.6606 43.0659 -11.1619
v -12.4454 46.1374 -10.6650
v -19.4703 47.1846 -11.9305
v -19.4325 45.9881 -12.1066
v -19.1518 48.1860 -11.9926
v 15.3186 47.9070 -11.1716
v 16.3644 48.9686 -10.6898
v -16.1808 47.7455 -11.2888
v -16.5544 49.0798 -11.4489
v -18.0662 50.0856 -11.8162
v -14.9448 49.6718 -11.4532
v -23.0426 51.5991 -11.3445
v -15.4421 51.1274 -11.5946
v -16.3747 52.6013 -11.5271
v -14.5342 55.4191 -12.6515
v 15.2385 61.5043 -12.6734
v 14.9561 66.1855 -11.1601
v 3.9821 73.7981 -11.5183
v 1.4095 -1.2334 -10.7131
v -0.0550 4.5479 -10.9934
v -25.3936 12.8508 -13.0587
v -28.0221 27.5946 -10.0778
v -28.0647 29.5621 -10.7528
v -15.8177 28.7499 -10.9004
v -27.8873 31.6082 -11.0967
v 2.7630 39.9317 -10.3735
v 2.1224 40.9631 -11.4721
v -3.7221 42.6877 -11.8150
v -22.9953 42.6673 -11.8999
v -21.0695 46.2588 -11.2994
v -20.2434 46.4069 -11.7612
v -15.4349 48.1388 -11.0953
v -14.6884 48.0795 -11.0187
v -16.2572 50.9026 -11.4426
v -17.0967 50.5565 -11.5139
v -18.4913 52.6707 -11.5049
v -17.7744 51.6811 -11.5647
v -22.5421 53.0248 -10.9265
v -22.4851 52.6154 -11.3980
v -19.0744 53.5614 -11.2372
v -19.8202 54.2925 -10.8040
v -17.9398 53.2357 -11.2768
v -17.3640 53.8308 -11.2612
v -17.1101 61.9696 -10.6817
v 15.9580 62.6484 -11.7293
v -8.7094 72.0952 -10.1884
v -4.8569 -1.9532 -11.8616
v -4.8650 -2.5867 -10.9988
v 1.9775 -1.1034 -10.2559
v 1.3561 0.5669 -10.8319
v 1.6152 1.0779 -10.3914
v 0.0556 2.7191 -11.1566
v 1.8344 10.1324 -9.8695
v 0.7235 18.7842 -9.6560
v -28.0422 19.7253 -12.4081
v -28.6288 21.6166 -11.9475
v -2.3278 23.4414 -10.8924
v -2.8513 24.1985 -10.3276
v -27.3194 33.8207 -10.9827
v -26.0961 35.9724 -10.2612
v 8.8338 41.8206 -10.8680
v -17.0704 42.3518 -10.8125
v -17.0583 42.1177 -9.3604
v -21.6994 46.1596 -10.5900
v -15.6508 45.9025 -10.6924
v -16.2684 44.2639 -10.6775
v -15.9428 46.7189 -11.0701
v -15.0093 46.3359 -10.4619
v -13.2194 45.9618 -10.2540
v -22.1865 47.9680 -11.0093
v -23.3170 48.9329 -10.5907
v -20.6253 54.6531 -10.3606
v -16.5939 54.0276 -11.4719
v -17.1763 56.1269 -11.1382
v -16.3045 63.6812 -10.6430
v -14.1435 68.6643 -9.3274
v -9.6824 70.4009 -11.1844
v -7.5868 -2.5766 -11.6548
v -6.4455 -2.8903 -10.3645
v -18.9631 -1.2251 -10.3189
v -19.4300 -0.7998 -10.2659
v -20.9140 0.2145 -9.0301
v 0.8962 9.0030 -12.1304
v 1.0434 6.3060 -9.9081
v -23.3292 6.0246 -10.8803
v -25.1107 7.8771 -9.2270
v 1.5293 15.7622 -8.8126
v 1.1666 16.9251 -9.7141
v -24.9558 29.6111 -9.9022
v -23.7753 29.8554 -10.1959
v -25.7269 31.9877 -10.3707
v -24.0124 30.6708 -10.4785
v -22.8734 31.2669 -11.1842
v -24.0383 31.5327 -10.6044
v -26.5142 32.1446 -10.4762
v -26.9469 33.0194 -10.6542
v -21.1617 36.0372 -10.5890
v -3.7517 41.6661 -10.8056
v 10.2521 39.7528 -7.5908
v -16.5125 43.1046 -10.1234
v -23.9968 49.4781 -9.7901
v -24.2485 50.7779 -9.7482
v -23.8515 51.1335 -10.4360
v -23.4211 52.9236 -9.8551
v -22.4902 53.9090 -9.9691
v -21.6697 54.1998 -10.3130
v 18.9312 57.2427 -9.8029
v 18.3966 59.5714 -10.1236
v -16.0163 65.6362 -10.0645
v -2.2338 74.2603 -11.0508
v 1.9360 0.2098 -10.2691
v 2.6461 -0.0143 -9.5739
v 1.0073 15.1832 -12.5120
v -28.9349 23.7546 -10.3035
v -28.5352 22.7183 -8.8620
v -28.6953 24.3493 -9.7358
v -5.9820 25.8733 -11.6031
v -27.4151 30.0937 -10.5018
v -26.7116 30.6940 -10.3836
v -22.9413 29.6669 -10.3336
v -24.3702 33.1844 -10.3797
v -22.8182 34.5724 -10.4013
v -19.3598 39.0388 -9.6015
v -21.1771 37.8959 -9.0355
v -19.3241 38.2019 -11.1314
v -23.2825 42.7952 -9.3611
v 14.8909 45.2062 -9.9680
v -14.4173 45.6806 -9.9575
v -14.6556 47.0923 -10.6576
v -19.1365 54.9417 -10.6170
v -20.6013 57.6516 -9.4885
v -20.3302 56.0503 -9.7989
v -18.3575 63.0569 -9.9526
v 15.1821 70.9946 -8.3454
v -6.7766 73.3262 -10.0185
v -3.3163 75.6658 -8.9429
v -15.6297 -2.7782 -9.7387
v -7.7983 -2.9609 -10.1436
v -19.9071 -1.8140 -7.2873
v -18.8544 -2.1650 -8.5386
v -16.8140 -1.9605 -11.3052
v -26.2782 29.3017 -9.8869
v -25.6226 34.0114 -10.2387
v -24.0292 34.2557 -10.1420
v -1.8121 40.8650 -10.6552
v -6.1623 40.3424 -8.1605
v -7.6056 41.4096 -8.7369
v 13.2090 43.8844 -10.2652
v -22.2261 44.4453 -10.5614
v -21.5683 55.4468 -9.3102
v -20.6605 55.3787 -9.8668
v -22.1040 59.1341 -8.7794
v -22.3583 62.4559 -8.6850
v 18.4452 61.1547 -9.7220
v 19.4207 61.5717 -8.4802
v 17.7655 62.8836 -9.9190
v 17.9361 67.7864 -7.7707
v -5.9259 74.4279 -9.2359
v 1.4379 5.7599 -8.7803
v -27.7673 14.8667 -8.4736
v -2.8761 25.5342 -6.6772
v -26.6533 27.5713 -9.0717
v -13.0319 28.7639 -9.4134
v -10.0818 28.0096 -10.0070
v -24.3134 35.6753 -9.6914
v -24.8124 36.8454 -9.4947
v -24.9094 37.6735 -9.3892
v 12.4260 41.9362 -8.9097
v -11.8751 43.9953 -9.0512
v -14.2064 44.5176 -8.9656
v -13.6431 45.0879 -9.5044
v -12.8731 44.7232 -9.3744
v -22.0674 45.6978 -9.9082
v -22.3420 46.6045 -9.4943
v -22.9185 47.5023 -9.1663
v -22.5313 47.5559 -10.2226
v -24.0433 49.0552 -8.4637
v -24.0431 51.6133 -9.8464
v -17.8716 66.4501 -8.9638
v -17.3191 -2.3715 -9.8518
v 3.8995 -1.1957 -8.1983
v 0.9074 3.8111 -9.8275
v -28.4836 18.9152 -6.9789
v -28.3631 19.7341 -10.7306
v 0.6818 22.1008 -7.0821
v -25.5876 28.8736 -9.5049
v -25.4274 27.9604 -8.6574
v -13.2749 29.0076 -8.1666
v -22.0821 38.6202 -8.3716
v -23.3347 36.8059 -9.2246
v -24.4199 39.0413 -8.8824
v -25.7885 38.3705 -10.3828
v -18.2985 40.5578 -9.2568
v -4.3974 39.2902 -7.5575
v -24.0447 41.2042 -9.2544
v -24.5759 40.1086 -9.3484
v 13.6434 42.5979 -8.6490
v -12.8960 43.7649 -8.2785
v -15.4722 43.9140 -9.1630
v -14.7589 43.8859 -8.4155
v -23.5186 48.2490 -8.7866
v -23.6675 48.6333 -7.4830
v -24.2199 49.6122 -9.3431
v -24.4296 50.0915 -8.3153
v 19.2993 54.7642 -9.1733
v -22.2622 54.6708 -9.3166
v -23.6028 57.2508 -7.3585
v -22.8642 57.2686 -8.0749
v -23.9188 59.5524 -7.6351
v -15.2739 67.5324 -9.4411
v -10.7198 72.3409 -8.3597
v 0.6046 76.8429 -8.2780
v 7.7771 77.9802 -5.3091
v -27.7036 12.9395 -6.2960
v -28.2823 17.4612 -8.2151
v -28.4139 17.4261 -6.8638
v -27.8237 26.1299 -9.1845
v -28.3033 25.1503 -9.3113
v 3.1852 37.8317 -7.3172
v 16.5500 45.1174 -8.2309
v -22.7813 64.0470 -8.3260
v -21.8384 65.5214 -8.3722
v -17.5064 -2.8101 -7.3320
v 1.7246 -2.2985 -9.4517
v -22.8756 2.2380 -7.3029
v -25.2628 27.2903 -7.7350
v -22.3097 28.6780 -8.4991
v 0.5558 38.7196 -8.5493
v 6.4820 39.8137 -9.5622
v 4.7051 38.8970 -8.8180
v -17.6591 41.8076 -8.3416
v -22.4421 44.6776 -9.3793
v -22.4609 44.6445 -8.3269
v 17.7925 48.9929 -9.2730
v -22.3814 55.4708 -8.6365
v -22.4420 56.3540 -8.3842
v 21.3499 58.7270 -6.1034
v 10.2606 75.1276 -7.8614
v 6.9044 74.9727 -9.4250
v -1.4312 76.6596 -8.1925
v -27.4991 11.9522 -5.8827
v 1.8314 14.8432 -7.6596
v 1.5311 17.3156 -8.1227
v 1.9431 16.8770 -7.4571
v 1.5255 18.6661 -7.8289
v 2.4517 18.5288 -6.5905
v -0.0870 22.4535 -7.8602
v -1.1999 23.6136 -8.1439
v -23.7538 39.3127 -8.4884
v -22.0428 41.7104 -7.1923
v -22.1268 40.4151 -7.6190
v -21.5557 43.5938 -6.5551
v -16.9948 42.8435 -7.1643
v -23.7629 41.3685 -8.6989
v -22.4914 43.0890 -7.3195
v -11.9188 42.4478 -6.9649
v 19.1243 46.0927 -5.6485
v -23.8239 53.2025 -8.1374
v 20.9636 56.6311 -6.8483
v -15.3251 68.7571 -8.5192
v 16.2239 71.2756 -7.5629
v -13.9551 72.1312 -5.6442
v -1.9710 -2.8915 -9.2322
v 0.4703 -2.9877 -7.2654
v 1.5941 3.9281 -8.8271
v 2.7416 4.4336 -6.7246
v -26.5664 9.2882 -6.1430
v -26.8114 10.7982 -7.5024
v 2.3911 11.5721 -6.8249
v -27.6860 24.8877 -8.2378
v -20.2863 41.2289 -7.2763
v 14.9211 42.7874 -7.5991
v 16.0443 43.4381 -7.1099
v -22.8453 47.2896 -8.0799
v -22.2254 46.6668 -6.6703
v 19.4824 49.2574 -7.3211
v 19.6216 51.6239 -8.0637
v -23.8936 53.4011 -7.1810
v -23.4758 54.6171 -7.4528
v -23.9781 64.0682 -7.7051
v 17.0050 70.1400 -7.5724
v 18.7402 68.6519 -6.7736
v -15.8239 69.9498 -7.1713
v -14.8620 70.1677 -7.4961
v -7.4712 75.1228 -6.9740
v 0.0158 78.2923 -5.4586
v -1.5765 -3.0097 -7.6084
v -21.9520 0.0567 -6.0577
v 2.8734 15.3040 -6.2270
v -27.7275 23.7981 -7.4211
v -25.8800 25.8639 -6.3790
v -24.6038 26.9274 -5.8905
v -0.6057 37.6807 -6.5378
v 9.3674 38.2869 -5.7674
v 12.0246 40.4291 -7.3051
v 14.3948 41.7526 -6.8950
v -20.4478 43.3513 -6.1727
v -24.2364 51.5820 -7.1064
v -24.0409 56.6067 -6.5772
v -24.5868 58.2686 -6.6301
v -27.4751 63.1875 -4.8597
v -25.4532 63.4630 -6.8063
v -25.6329 65.7487 -6.4786
v -22.7123 67.3064 -7.4990
v -22.4948 68.6202 -6.9825
v -21.0736 68.3678 -7.4373
v 15.0249 73.4566 -7.1245
v 16.4784 73.9738 -6.5440
v 13.8386 74.9720 -6.7026
v -3.6845 76.2671 -7.8148
v -19.8391 -2.1389 -5.8300
v -20.3951 -1.6422 -6.2512
v 5.3773 -0.7005 -6.4943
v 5.3608 0.6348 -6.1574
v 4.9132 1.8299 -5.9475
v 5.7186 1.3356 -5.6392
v 2.0444 5.5138 -7.2969
v 2.3633 12.4400 -6.6294
v 2.9306 10.0956 -5.4248
v 2.1755 13.0909 -6.8867
v 2.2770 13.9979 -6.6073
v 2.3244 15.1288 -6.8080
v -27.1075 24.7206 -7.1411
v -8.3061 27.6315 -8.7485
v -18.6684 41.8914 -7.3073
v -23.1469 48.2465 -6.7691
v -24.0686 52.5493 -6.7242
v -23.5579 55.4482 -7.0405
v -25.2381 59.1655 -6.3259
v -25.2640 61.5498 -6.8289
v 10.9708 76.4845 -6.2594
v -18.7191 -2.6633 -5.3441
v 2.8003 -2.4678 -8.2327
v 2.6294 -2.8739 -6.7987
v -25.7734 7.1070 -5.6979
v -25.4277 5.4632 -2.9503
v 2.4593 10.0060 -6.6772
v 2.2165 19.7431 -6.5734
v 1.0235 22.8028 -5.9124
v 1.8435 21.6498 -6.0423
v -9.5734 28.4447 -3.7252
v 6.4320 38.2250 -7.2430
v -3.2929 37.9512 -5.9157
v -19.9332 42.6894 -6.4294
v -19.1677 43.6450 -5.7025
v -21.2105 44.6026 -6.1068
v -21.3355 45.7642 -5.7708
v -22.1877 45.4840 -7.2626
v -21.8446 46.4547 -6.0549
v 20.3754 61.6319 -7.1183
v -25.6386 67.8807 -6.0016
v -23.9780 68.1241 -6.6963
v 20.4566 68.1714 -5.4844
v 20.2606 69.8087 -5.5556
v -23.5758 71.4893 -4.9188
v -17.8650 70.3771 -6.2354
v -16.9912 71.0858 -5.5915
v -16.8322 69.9371 -6.8298
v -14.9038 72.2458 -4.7713
v -10.7800 73.3299 -6.8781
v -9.3270 75.0802 -5.1866
v 17.0882 75.8997 -5.9059
v 18.6763 78.1635 -4.9946
v 12.6526 76.2678 -6.1031
v 14.0179 76.9093 -5.6108
v -1.7215 78.0971 -5.1647
v 4.6528 -2.4888 -6.1370
v 6.1293 -2.0270 -5.5191
v 2.5514 12.8368 -6.1748
v -1.1280 25.1988 -4.6498
v 17.2685 42.5463 -4.3595
v -13.0104 42.9931 -7.0432
v -14.1089 43.0245 -6.3911
v -21.5708 46.8581 -5.4200
v 22.8051 57.0328 -3.3318
v 20.0602 65.8236 -6.2473
v 20.4223 66.9294 -5.6492
v 21.3569 66.9846 -4.7185
v 18.8072 74.4620 -5.9457
v 20.7717 77.9168 -4.6093
v 8.7078 -1.4360 -4.6608
v 9.0150 -0.5517 -4.8447
v 10.1559 -0.2780 -4.6466
v 7.5591 -0.3456 -5.1974
v 6.0501 2.5274 -5.0234
v 7.0046 0.3415 -5.3167
v 6.8499 1.4430 -5.1235
v 4.6119 2.4100 -5.8219
v 2.2017 23.8445 -3.4924
v 1.1237 23.6486 -4.7435
v -0.0709 23.5866 -6.2983
v -26.4459 24.5662 -4.9411
v -26.3556 25.0369 -5.8588
v -19.6673 29.0451 -4.5682
v -18.8267 44.1563 -5.2004
v 21.5115 46.7925 -1.9438
v 21.6134 49.4612 -4.0151
v -23.3841 49.2154 -6.1829
v -23.7756 49.9229 -6.3191
v -22.9424 50.1556 -5.1209
v -23.6142 52.2852 -5.3089
v -23.7606 53.3254 -5.0879
v -23.9752 54.0584 -4.9485
v 21.9238 61.5459 -4.4834
v -28.3063 65.1287 -4.1286
v -25.5623 69.7745 -5.2866
v 15.4741 76.8631 -5.6528
v -19.0229 -2.6948 -2.7566
v 8.7831 1.4624 -4.6859
v 9.9740 0.6913 -4.6127
v 5.4151 3.9430 -4.7259
v 4.0385 5.8058 -4.8066
v 3.2078 9.2573 -5.0874
v 4.0052 15.7960 -5.1641
v 3.9724 19.8710 -4.8190
v 4.0460 18.6629 -5.0431
v 2.2014 36.2615 -4.4791
v -7.2739 38.5541 -4.2805
v -4.6193 37.1937 -3.6798
v -19.6681 45.1071 -4.9183
v 20.2499 46.5139 -4.2198
v 18.9225 44.0156 -3.7038
v -20.5653 45.5657 -5.2282
v -24.4145 56.2793 -5.8367
v -25.2904 71.3424 -4.5299
v 21.4989 73.0723 -4.9681
v 22.1873 75.3048 -4.5105
v 11.2803 77.2917 -5.4484
v 10.6228 78.7244 -3.8710
v 15.1141 78.3512 -4.8758
v 6.3536 -2.3812 -4.8961
v 8.5335 -2.1547 -4.1744
v 10.1979 -1.8835 -3.9113
v 3.5084 7.8736 -4.7918
v 2.8608 7.0282 -5.5644
v 3.8757 7.4692 -4.5627
v 6.1096 17.3799 -3.4640
v -28.3610 17.8433 -1.9275
v -28.1354 21.5834 -6.0796
v -28.1150 20.9515 -4.6916
v -27.3791 22.0722 -2.1112
v 2.9665 20.7171 -5.4179
v 6.1974 36.6340 -4.4702
v 7.5255 38.0402 -6.4557
v -11.4944 40.4080 -3.1777
v -16.6347 44.0403 -3.0787
v -18.7061 44.7504 -4.6358
v -17.7398 44.4291 -4.2570
v -16.8913 44.0267 -4.0979
v -20.1875 46.8541 -4.0503
v -21.4540 48.2819 -4.4081
v 21.4674 50.7425 -4.9170
v -23.3130 52.2739 -4.5335
v -27.1526 59.3828 -3.4234
v -27.6461 58.7898 -1.6586
v -4.3024 77.2231 -5.4092
v 21.2599 79.3213 -3.9949
v 6.6706 78.5133 -4.6651
v 4.4107 79.4102 -2.8194
v 15.4326 81.2118 -2.8449
v 15.1942 80.0209 -3.8360
v -17.8800 -2.8354 -1.1001
v -3.8129 -2.9041 -4.5922
v 10.8407 -1.2744 -4.1315
v 11.7384 0.7756 -3.4866
v 12.4014 -0.1945 -2.9379
v 9.4040 1.8496 -4.3525
v 7.8700 3.6126 -3.8887
v -0.8678 24.7343 -5.4033
v 3.8941 35.3825 -2.8385
v 11.2347 36.5254 -0.8522
v 13.8916 39.5718 -4.0549
v -18.6912 45.3301 -3.9958
v -19.1132 46.4626 -2.6957
v -19.5258 46.4561 -3.6620
v -21.8746 49.3455 -4.2115
v -22.3987 50.5477 -4.0789
v -22.7657 51.3960 -4.0463
v -24.2787 53.8842 -1.9995
v -24.6723 54.8414 -3.1979
v 22.7064 55.6588 -3.5162
v 21.6442 63.8158 -4.5398
v 22.0223 66.3635 -3.9872
v -17.3791 72.2985 -4.0025
v -16.0838 71.4254 -5.3787
v -3.4741 78.2628 -3.6111
v -8.1600 76.0090 -4.4130
v 1.6085 79.0615 -3.8009
v 20.7943 79.9754 -3.9590
v 21.3338 80.7475 -3.4613
v 17.0608 80.2442 -3.9950
v 18.9734 80.2591 -4.0414
v 1.7550 -3.0746 -0.5325
v 5.9952 -3.0328 -2.8558
v -24.2367 3.3421 -3.7718
v 4.7536 8.3725 -3.9833
v 4.3355 21.0395 -4.0164
v 3.8421 22.5943 -3.4183
v -14.2678 42.5249 -3.9509
v -20.1797 47.5831 -3.3229
v -29.1385 65.9787 -3.0356
v 22.4783 65.2810 -3.3250
v 22.4718 67.7147 -3.7352
v 22.6672 70.6292 -4.0632
v -18.9295 73.0362 -2.9393
v -16.7361 73.3055 -2.1277
v -13.7732 73.0010 -4.3672
v -0.1141 79.3166 -2.6044
v -21.7950 -0.7467 -3.6241
v 11.4145 2.0812 -3.0387
v 6.3286 5.1301 -3.8626
v 7.1094 5.6482 -3.2299
v -28.3849 15.7737 -4.1604
v 6.6344 19.3820 -2.7251
v -3.8479 26.3917 -4.6045
v -22.6779 27.9874 -4.9557
v -21.7523 28.3312 -4.4032
v -7.4251 27.8126 -2.9848
v -11.3486 28.8424 -3.1907
v 7.6054 36.0414 -2.7230
v 22.3374 49.8830 -2.7398
v -23.7401 53.3962 -3.2284
v 21.8113 52.5786 -4.9154
v -21.1213 73.0888 -3.3011
v -24.2396 72.7865 -3.6466
v -13.1164 74.1877 -2.4342
v 23.0402 74.6661 -4.0586
v 25.0691 74.8941 -2.5873
v 10.3708 79.4844 -2.6741
v 12.3861 79.1639 -3.6508
v 6.9116 -2.8559 -3.4259
v -6.3014 -2.8698 -3.8231
v 9.5267 2.7915 -3.7515
v 7.6573 6.2279 -2.6242
v -26.0039 6.4643 -1.3377
v 6.7654 9.1760 -2.5166
v 5.9174 9.1605 -3.1435
v -28.0270 17.9448 -0.0937
v 5.9630 21.1446 -2.6745
v 1.2345 24.7251 -3.1671
v 4.2447 24.1509 -2.0238
v -0.0679 25.0833 -3.6869
v 0.4525 25.2770 -2.9080
v -0.9098 26.1943 -1.8162
v 1.0293 25.6837 -1.9644
v -23.9021 26.2871 -1.1036
v 12.5119 36.2160 1.3823
v 24.4820 72.0425 -2.8007
v -28.0540 72.8287 -2.0654
v -26.9292 71.3787 -3.7179
v 26.1498 75.3403 -1.4621
v 14.0572 81.3253 -1.9239
v 17.9892 83.5451 -1.5717
v 18.9398 82.6321 -2.6529
v 20.1071 83.4681 -2.0301
v 8.0506 7.4612 -1.7272
v 8.9066 6.1017 -1.4437
v -3.0456 26.5340 -2.0780
v -22.0581 50.5279 -3.2737
v -21.2366 49.5064 -2.6870
v 22.9505 62.7544 -2.3366
v 23.5727 60.4236 -0.7735
v 23.3522 64.0654 -1.7607
v -29.1094 68.7478 -2.8932
v -28.7308 69.5231 -3.1086
v -28.4288 72.0596 -2.3140
v 24.0378 76.4411 -3.3003
v 23.2291 79.3904 -3.1133
v 24.5809 81.2437 -1.7054
v 24.8631 83.4154 -0.3951
v 22.0069 83.2981 -1.8614
v -0.6936 -2.9433 -1.5034
v 13.0896 -1.0539 -1.6612
v -26.8491 8.6518 -1.7429
v 7.5530 9.2171 -1.8014
v 7.3735 11.2619 -1.8607
v 7.2834 20.4392 -1.9399
v 23.1468 53.0098 -2.0248
v 22.8688 51.5896 -2.2366
v -29.2023 62.4710 -1.6641
v -28.1765 61.8600 -3.3305
v -30.1550 66.9571 -1.4014
v -30.1885 68.2211 -1.3663
v -25.1391 74.3425 -1.6721
v -11.6878 75.3528 -1.2172
v -7.7157 77.2449 -1.5803
v -6.9082 76.9060 -3.5890
v -16.7845 -2.7933 1.5976
v -18.7537 -2.6752 -1.0765
v -7.2144 -2.5582 -1.4848
v 12.5740 1.8402 -1.6251
v 13.2280 1.2833 -0.3938
v 8.0474 14.0115 -1.3866
v 8.7887 17.9428 -1.0586
v -21.1195 27.9195 -1.2295
v -17.3291 29.0420 -1.9292
v -16.5910 28.7321 -0.4296
v -14.8137 42.7162 -2.8029
v 23.8847 63.3455 -0.4640
v 23.4024 66.2923 -2.3911
v -27.8824 73.5059 -1.6399
v 8.8898 79.4968 -2.3644
v 20.6932 84.8352 -0.7431
v 21.1159 84.2093 -1.3487
v -7.7112 -2.7624 -1.8838
v 13.6069 -0.3039 0.3021
v 9.9001 4.9988 -1.1357
v 9.5627 5.9095 -0.5672
v -27.5558 11.4461 -4.4852
v -27.9842 12.9620 -0.4308
v -26.1884 24.1509 -1.9410
v 2.9933 25.2476 -1.6985
v 2.2940 26.4502 -0.8501
v 4.7498 34.3981 -1.2936
v 2.5629 33.9346 -0.8150
v 6.2625 34.9378 -1.6015
v 6.3956 34.0207 -0.5115
v -15.0187 42.6853 -1.5328
v -17.0124 44.3827 -1.6204
v 26.2479 71.1732 -0.4823
v -25.3576 75.2062 -0.0110
v -22.4820 74.3307 -1.5256
v 26.2400 77.4753 -1.2498
v 25.7855 80.5890 -0.9558
v 26.1228 82.5031 0.2311
v -10.0920 -2.9543 -0.7663
v 11.1437 -2.8517 0.1082
v -19.7352 -2.3497 -0.8992
v 11.5196 -2.1233 -2.7909
v 11.3138 -2.7420 -1.4023
v 13.0593 -1.6010 -1.0357
v 12.5501 -2.1005 -1.4219
v -21.4013 -1.2241 -2.2236
v -21.7377 -0.8845 -0.5989
v 13.4308 0.2119 -0.6472
v 11.1109 3.0288 -2.3751
v 10.8716 4.3480 -0.3912
v 8.2995 8.6506 -1.0070
v 8.8476 8.2007 -0.2358
v 5.5076 24.7018 -1.1953
v 6.3848 23.7908 -1.2788
v 1.1528 27.2895 -0.1033
v 2.9086 27.7548 0.0005
v 0.9869 33.8574 -0.4228
v 1.7716 32.7505 0.3914
v 6.1646 33.1755 0.0550
v -7.8346 37.2513 -0.6033
v 16.3115 39.8276 -0.8750
v 19.1497 42.4103 -0.4539
v 22.3565 47.8062 -0.8848
v -15.6197 73.8584 -0.7666
v -27.2760 74.4915 -0.8746
v 12.2329 81.0087 -0.9202
v 18.8669 84.8206 -0.4494
v 7.6674 -3.1203 -0.9260
v 9.2492 -3.0335 -0.9574
v -0.1182 27.0806 -0.0907
v -1.5777 26.6560 -0.7391
v -18.4990 28.8023 -1.6492
v -17.6995 45.0414 -0.4134
v -18.6925 46.2445 -0.8223
v -20.3472 48.2891 0.3704
v -20.2179 48.1530 -1.2761
v -30.2950 64.1466 0.0594
v 24.7876 64.9362 0.5765
v -30.7877 69.3961 0.0044
v -28.9105 71.4863 -2.1843
v -25.3291 75.4130 0.5887
v -1.0169 79.6357 -0.8960
v -1.2613 79.9838 0.9794
v 26.5359 79.2704 -0.5207
v 25.6639 83.5437 0.3849
v 26.8594 82.6834 1.2990
v 0.7974 -2.8777 1.6177
v -20.4796 -1.9465 -0.6934
v -21.0579 -1.1286 1.8568
v -23.0767 1.0778 0.1817
v -26.8252 8.8769 1.2024
v -27.1739 9.5642 -0.4570
v 8.7929 9.3760 0.0348
v 8.9805 10.9156 0.4187
v 8.9309 13.4561 -0.2637
v -28.2709 15.0692 -1.6112
v 10.5392 21.3529 0.8121
v -15.9397 28.1522 1.2932
v -14.9071 28.9012 -1.1638
v 6.9405 32.6324 0.5487
v 5.6309 32.2712 0.3587
v 7.5929 34.0170 -0.0564
v 8.8885 34.4402 0.2816
v 9.4832 35.4215 -0.5299
v -10.9272 39.3739 -0.9466
v 20.0777 42.9851 0.9017
v 21.0894 44.8052 0.0903
v 24.0804 55.6238 0.7828
v 23.5145 56.3436 -1.2748
v -29.6675 73.8549 0.4723
v -29.1170 74.4622 0.9613
v -14.7370 74.4505 0.7155
v -14.1838 73.9992 -1.5854
v -23.8634 75.3121 0.7380
v 27.0408 74.0615 0.1157
v -6.5324 78.4546 1.1190
v 3.2829 80.8340 3.8991
v 10.2550 80.2004 -1.1793
v 10.3904 80.6751 0.0787
v -7.7643 -2.1789 0.2409
v 11.8809 3.1444 -0.7563
v 9.3254 6.9464 0.0080
v 11.3851 23.0567 1.9687
v 8.9773 23.0449 -0.1261
v -25.8471 22.9715 1.3260
v -21.9679 27.5797 -1.4132
v 0.3086 27.6084 0.3916
v 6.5562 25.7073 -0.3766
v -0.5961 27.7560 0.9570
v 0.8995 28.4053 0.7627
v 4.9249 27.8787 0.1062
v 2.6662 31.0924 0.7581
v 6.1940 31.1569 0.7091
v 4.7463 31.6880 0.4318
v -4.5641 35.4568 -0.0282
v -4.0785 34.4817 1.5679
v 18.0827 40.2427 2.5881
v 23.7773 51.8083 0.6186
v -30.8116 65.3690 1.0889
v -30.7284 66.8157 0.0021
v -30.3589 73.0500 1.1595
v -30.3195 72.7719 0.4877
v -17.4166 74.3378 1.6049
v -17.3963 73.9113 -0.4996
v -8.9938 77.5622 2.4725
v 14.6385 82.2643 -1.0122
v 13.7597 82.4695 0.2496
v -24.9538 4.4023 0.5783
v 9.4850 12.4216 0.8754
v 10.0122 12.4551 1.8340
v 6.4588 29.2737 0.7092
v 6.5550 27.8682 0.4219
v 3.3522 29.1398 0.4663
v 3.5129 30.6587 0.6214
v 7.6592 30.4868 1.2045
v 1.5965 30.2931 1.1057
v 1.4006 32.0259 0.9014
v -1.0125 33.8718 0.3601
v 21.8913 45.4486 1.5478
v 23.0519 48.3536 0.8813
v -22.6473 50.8530 2.3627
v 24.4866 65.8370 -0.5867
v -30.7433 71.5089 0.7261
v -19.2492 74.3110 0.0650
v -27.1255 75.3477 0.7797
v 27.7158 75.6876 1.5169
v -4.1248 79.3102 1.0208
v 0.6349 80.3707 1.5017
v 7.6145 80.6992 2.1314
v 9.6138 80.8332 1.8417
v 10.6047 81.1121 1.4686
v 23.2211 85.0281 -0.1136
v 23.5492 85.8930 0.8105
v -10.3767 -2.6843 2.1947
v -11.6078 -2.9393 -0.1686
v 12.8815 -2.0216 0.1814
v 12.6916 -1.9920 1.8078
v -26.2280 23.2324 -0.0041
v -26.6987 22.2293 0.1908
v 2.1765 29.2534 0.7232
v 0.0622 29.4965 1.6848
v 1.1683 29.3454 1.0721
v 8.4036 32.6459 1.2082
v 8.9214 33.5843 1.0315
v 9.7225 32.8474 2.1157
v -28.5344 59.3635 0.4172
v -29.6392 61.8519 0.3675
v 24.1455 61.6673 0.8325
v 24.3698 62.8276 0.9470
v 25.9650 66.8524 1.8147
v 26.4423 69.8048 0.5379
v 27.4402 72.4534 1.5450
v 14.9247 83.0645 -0.0175
v 24.3898 84.8661 0.3628
v 12.3670 -2.4178 1.1708
v 13.4813 -0.5135 1.2285
v 13.4502 0.8061 -0.1690
v -23.3519 2.0730 2.2137
v 9.7723 7.1375 1.5496
v 10.4172 14.9937 1.2096
v 10.0164 17.9035 0.1344
v -27.1390 21.5104 -0.3281
v -12.4989 27.3614 3.1271
v -11.2011 27.9871 1.3323
v 7.9594 31.4963 1.2733
v -3.0611 33.7291 1.8650
v -3.7166 33.6032 2.7125
v -5.9548 35.3356 2.2240
v -23.5359 52.1033 1.2511
v -29.2047 74.3285 2.1080
v -28.6801 74.8429 1.6876
v 27.0236 79.2070 0.1180
v 27.4050 82.0753 1.9793
v 14.2079 83.2933 1.4479
v 15.0909 83.8777 1.3434
v 17.6029 85.4969 1.5187
v 11.7766 3.4939 0.0079
v 12.5131 2.4954 1.4468
v -27.9922 13.9553 0.5235
v -27.4813 12.4769 2.5852
v 9.8874 28.5200 2.3229
v -8.8703 27.2325 2.9973
v -18.9778 27.6624 1.5435
v -28.5155 58.7414 2.9978
v -30.8529 65.0753 2.2507
v -31.1774 70.1082 1.5310
v -31.1787 69.5038 2.2184
v -17.8858 74.4269 2.9323
v -16.9036 74.4144 3.0416
v -13.6091 74.9331 0.9077
v 27.8415 78.4863 1.8497
v 28.0579 77.0934 2.4330
v 11.9442 81.9187 1.9733
v 19.9031 85.9766 0.7016
v 21.4666 86.8783 1.6674
v 23.2198 87.7207 2.9114
v 23.8369 87.2185 2.3852
v 9.3236 7.8927 0.7212
v 9.5581 8.6672 1.8587
v 10.5288 12.7356 2.7457
v -27.6529 14.5914 2.4846
v -26.9741 14.8542 4.4389
v -27.5986 16.5447 2.4055
v 13.1001 20.1092 3.9801
v 12.7903 21.1247 3.4318
v -23.7333 24.5307 2.7422
v -19.5962 28.2128 -0.3894
v -14.8837 27.3715 3.1378
v 8.4432 30.4906 1.6134
v 9.6480 30.2576 2.4731
v -1.4274 32.7422 1.7952
v -0.2034 32.2868 1.4510
v -18.3181 45.5875 4.7745
v 24.4469 61.5875 2.0344
v 24.6803 61.4891 3.3242
v -31.2200 68.1942 2.0858
v -30.8365 71.3439 2.2450
v -30.4030 72.7779 1.9351
v -29.8577 73.6511 1.9804
v -29.3900 73.7289 2.7827
v -23.5669 75.2519 2.5199
v -22.4069 75.1726 1.3743
v 20.9878 87.0880 2.0651
v 4.4830 -3.1014 2.0750
v 2.8042 -3.0804 5.7309
v 10.6449 -2.8520 1.7891
v 8.3252 -3.0267 3.0191
v -18.5339 -2.4939 3.3377
v -19.8461 -2.1322 1.2591
v 11.9050 -1.6521 3.3758
v 13.0042 0.0431 2.5941
v 12.3333 2.3138 2.6058
v 11.0612 4.5709 2.1522
v 10.1426 6.2569 1.7232
v -25.1461 6.4159 4.3888
v 9.3172 9.8250 1.2410
v -26.3725 8.1793 2.4538
v 11.1006 13.9768 2.9684
v 12.4482 18.1040 3.2714
v -27.1678 18.6453 2.8594
v -26.5787 19.9829 3.2804
v -26.4744 21.4577 1.8323
v -25.9743 20.2858 4.2281
v 11.9010 25.4670 3.4161
v 10.5182 26.6559 2.2857
v -15.7917 27.1532 3.5187
v -17.3149 26.5698 4.1925
v 11.6578 34.8122 2.6533
v -21.9902 50.1438 3.3276
v -30.1363 62.5946 1.9062
v -30.4203 63.8478 3.1263
v 27.2244 69.9963 2.8191
v 27.6468 82.1204 2.6906
v 26.9568 83.4309 2.0008
v 8.4813 -2.8965 4.1931
v -20.1600 -1.6860 2.8879
v -20.1722 -1.4536 3.8382
v -21.7986 26.5410 1.6739
v -1.4881 27.6814 1.4922
v -1.1799 28.6202 2.2342
v -1.5268 30.0367 3.0434
v -2.4762 30.0604 4.0335
v -2.0099 31.2534 3.2289
v -1.5001 31.9283 2.4401
v 11.0911 29.8914 3.9716
v 10.0921 31.6189 2.8870
v 11.2378 33.9015 3.1607
v 10.6222 34.5785 1.6160
v 19.4381 41.9557 1.6192
v -29.9640 62.8702 3.6044
v -30.2717 64.6515 3.8157
v 26.1742 66.7272 2.5841
v -19.1839 74.4064 3.7317
v -21.8382 74.9132 3.2953
v -20.6947 74.4824 4.2197
v -27.0699 75.2174 2.3086
v -25.1617 75.3524 2.3675
v 20.2709 87.6052 3.5029
v 26.1086 85.7621 3.1832
v 25.2518 87.0157 3.8361
v 0.0595 -2.9710 5.9270
v -9.5547 -2.5154 1.6754
v -27.0572 10.4095 2.7242
v 10.5141 11.4293 4.3118
v 10.1597 10.6559 3.6840
v -7.6420 26.7960 4.7353
v -2.5235 27.9599 2.8437
v 20.9492 43.6608 2.3115
v 21.8310 44.3221 5.7656
v 24.7541 60.7254 5.3850
v -30.8675 67.9089 3.2711
v -30.5405 68.4199 3.5322
v -30.0931 71.3278 3.3058
v -30.3399 72.1307 2.7519
v -29.9505 72.6102 3.0639
v -26.3171 74.4688 3.5327
v -28.2872 73.9587 3.2600
v -25.7873 75.0483 3.0589
v 28.2786 76.5175 3.9009
v 0.6909 80.7373 5.8768
v 13.9057 83.4609 2.7810
v 16.2578 85.4477 4.5060
v -17.5745 -2.6130 5.6059
v 10.9393 4.1868 3.7860
v 11.6420 2.6217 3.7594
v 10.4366 5.6086 3.3661
v 10.2876 5.4220 4.4050
v -2.8167 32.4005 3.2291
v -3.7645 33.0588 3.7043
v -27.0386 56.3544 3.9783
v -29.5543 62.1992 4.2257
v -30.5732 67.2490 3.5188
v -23.2912 66.7323 4.1451
v -21.9523 68.8368 4.6407
v -28.7973 65.9569 4.1642
v -29.1825 68.3886 3.9403
v -28.3082 69.8286 3.9231
v -25.6736 68.4203 3.8534
v -24.2755 67.1323 3.9910
v -29.4023 69.1932 3.8977
v -24.8427 69.6375 3.9796
v -26.0867 72.0957 4.0812
v 27.7110 71.6746 4.6556
v -27.6424 73.6919 3.6433
v -24.1308 74.6403 3.7867
v -22.7828 73.9828 4.5442
v -10.1411 77.2163 5.2876
v -3.8017 79.7086 2.9557
v 24.2797 87.8086 4.0351
v 10.4253 -2.5166 3.6545
v -10.2493 -2.4595 3.4085
v -9.2651 -2.1172 5.0212
v 10.7033 -2.0406 4.3260
v 10.0600 -1.4277 5.4989
v -21.7677 1.5199 5.9161
v -24.8144 5.0046 3.1226
v 9.8244 5.8333 5.5769
v 9.6955 9.4562 2.3972
v 9.9880 8.9283 4.5675
v -26.5643 10.2360 4.4618
v 13.4002 21.3751 4.5369
v 24.5017 53.5594 3.6967
v -26.0179 54.9900 3.0223
v 24.4979 59.9007 3.2993
v -27.9578 57.8872 4.2414
v -27.2759 57.5330 5.2982
v -28.4781 59.2919 4.5473
v -29.2563 60.8787 4.2973
v -24.0760 60.1619 5.3470
v -24.2387 61.8574 4.7819
v -29.2934 62.8304 4.3919
v -29.4171 64.7305 4.1790
v -27.4563 62.3615 4.7222
v -29.6479 67.2100 3.9867
v -30.4493 66.5362 3.7230
v -22.1490 62.0782 5.1763
v -20.8957 62.6660 6.3333
v -22.4894 67.3345 4.3083
v -21.4715 64.7794 5.0448
v -24.8710 73.1806 4.2887
v -23.2383 72.2185 4.6960
v -22.0480 74.3454 4.4295
v -19.5220 73.6008 5.4367
v -16.1779 74.4503 4.2942
v -15.8212 74.5490 2.9747
v 8.7632 81.0747 5.0535
v 27.2538 83.8899 4.3318
v 26.2483 85.7581 4.1381
v 17.3589 86.1651 4.6241
v -0.3858 -2.5795 3.4389
v 9.4391 -1.3384 6.0682
v 10.6822 0.3125 5.4295
v 11.0825 12.2916 5.6508
v 13.7029 20.8911 5.2554
v -20.5811 26.5289 2.8140
v -3.2912 30.9994 5.1765
v -3.5746 32.1931 4.6373
v -4.4638 33.5654 4.2364
v 10.9775 33.0007 3.5074
v 11.7760 33.1937 4.8062
v 12.3669 34.8754 3.8781
v 24.1441 50.4521 4.1944
v 24.4731 51.7944 5.4889
v -28.7964 61.1815 4.6809
v -22.9376 61.1808 5.1477
v -22.3469 60.3371 5.7265
v -21.2088 68.6134 5.0596
v 27.8423 73.1941 5.5656
v 27.2701 70.0125 5.7404
v -22.6582 70.9589 4.7469
v -22.7208 73.1085 4.8129
v 28.0815 79.0581 4.9334
v 27.8516 81.5896 4.5175
v 7.5001 80.9734 4.9504
v 12.6894 82.6867 5.3819
v 11.7630 82.1085 4.3311
v 23.6104 88.0815 3.8821
v 23.6742 88.0268 4.5815
v -1.9785 -2.8262 6.4184
v 7.2587 -2.6981 6.2831
v -25.6646 19.8584 5.0145
v -24.6262 21.2171 5.3483
v -18.3012 25.9099 4.8347
v -17.2000 25.2718 5.9152
v -3.6418 31.2859 5.9706
v 23.6187 48.3602 4.9382
v 23.4236 47.4980 6.7416
v -20.4724 48.5555 4.5169
v -24.7040 53.9761 6.2894
v -28.7117 60.1758 4.7117
v 25.8014 65.4280 3.1900
v 24.9743 62.7003 3.6546
v -20.9040 66.6006 5.2726
v -20.6578 67.7172 5.5569
v -19.8471 69.3364 6.3156
v -18.6485 73.1400 6.0285
v -15.2744 74.5281 5.7605
v 24.0249 87.6905 5.3215
v 9.3017 -2.3736 5.1771
v 10.8269 1.5265 5.2642
v 9.1182 1.0285 6.9805
v 11.4228 1.8727 4.4627
v -22.2254 3.6021 7.3132
v -23.8156 4.9330 5.7548
v -24.4394 6.6737 6.2022
v 9.8643 7.3015 5.0837
v 9.7526 8.1256 6.1227
v 12.9034 15.9880 5.7959
v -23.6210 22.9161 4.8676
v -22.5923 23.9031 4.8204
v 13.3414 24.9304 5.7739
v 12.1907 29.9992 6.2487
v -3.4658 28.3632 4.5838
v -4.1261 28.4137 6.1999
v -23.6481 52.3065 5.4589
v 24.6390 57.2149 4.8911
v -25.7889 58.3072 5.9520
v -19.1852 70.2933 6.8189
v -20.5942 72.9874 5.4812
v -19.8779 73.1766 5.6343
v 19.3278 87.3102 4.9271
v 20.4425 87.8113 5.3903
v 22.0645 88.1180 5.6314
v -10.3248 -2.5832 5.8830
v -23.5175 6.7565 7.7245
v -25.5584 9.9014 6.4820
v 10.0822 9.8336 6.5668
v -25.2269 10.8360 7.2606
v 10.7682 11.5653 6.0542
v -26.0949 12.0193 6.1884
v -25.9694 15.2681 6.2170
v -20.4817 25.4371 4.5412
v -12.8154 25.2716 6.5788
v -13.6440 26.5226 4.6788
v -6.2619 27.1266 4.9343
v -3.6136 28.8862 5.5384
v -3.2507 29.6071 5.2246
v 11.5944 30.6240 5.0302
v 12.1385 31.1404 6.6258
v 12.1953 32.1864 6.7404
v 12.2752 33.1075 6.2901
v -6.1572 34.6986 6.3596
v -20.9159 49.3649 5.7674
v -24.3385 53.1957 5.6126
v 24.7560 55.6777 7.2361
v 24.7041 57.8793 8.7213
v -26.4674 57.2833 5.8579
v -27.8657 59.4865 5.2233
v -26.5890 59.2071 5.5981
v -21.5403 60.1696 6.6506
v -17.5220 74.1422 4.7491
v -16.6030 74.1634 5.3226
v -14.2502 74.9391 6.1942
v -13.9996 75.1621 5.1536
v 28.0852 76.2191 5.3479
v 27.5866 74.8634 6.3029
v -11.7778 76.2738 7.1665
v -7.6222 78.2211 9.9025
v -3.5122 79.9606 5.6803
v 27.1582 78.6405 6.1286
v 27.6106 80.4526 5.5700
v 9.2897 81.0656 6.7820
v 10.6414 81.4691 6.0326
v 26.7350 81.4947 6.0030
v 26.1405 84.2577 5.8574
v 26.9091 84.5816 4.7017
v 15.8577 84.9188 6.6201
v 17.9274 86.4820 5.5181
v 25.2820 86.4105 5.4828
v 23.7834 87.1276 6.0409
v 9.8545 3.3882 6.2122
v 9.6499 4.8394 6.2484
v -9.7506 25.5741 6.9269
v -10.0841 26.3529 5.2133
v -9.0013 26.2810 5.6793
v -3.8578 31.1810 7.0973
v -4.1490 32.2123 6.9333
v 13.2792 35.4284 4.8779
v 14.1713 36.5438 3.9768
v -9.5637 36.8957 6.8162
v -25.5602 55.5433 6.2071
v -25.8837 56.0986 6.0362
v 26.4279 66.9266 6.1704
v 20.5855 74.4010 7.0965
v 21.5310 77.5971 6.5127
v 23.9167 81.5402 6.4485
v 25.4573 82.4413 6.2983
v 24.1539 84.2387 6.4964
v 22.1712 84.4649 6.8999
v 20.4748 87.2825 6.4870
v -17.1305 -2.6000 7.5043
v -14.4270 -2.9053 9.1083
v -19.7216 -1.1971 6.4057
v 10.2391 10.8990 8.8432
v -9.2353 24.3146 9.2981
v 13.1861 28.1585 8.2483
v -3.7315 29.7058 6.6233
v -7.0546 35.1774 8.0851
v 19.9141 41.6798 6.2766
v 24.4837 51.6498 7.1429
v -24.4726 55.1958 6.8887
v -22.8976 57.8059 6.8248
v 24.7793 60.9676 7.0248
v 25.7737 64.8854 4.2703
v -18.9314 71.7474 6.6248
v -19.5258 72.3181 6.1017
v 20.0986 73.9856 7.3765
v 27.1377 73.1318 7.0066
v 19.7400 76.3913 6.8397
v 18.7928 77.5366 7.0593
v 27.2767 75.8656 6.4644
v 26.0009 76.9662 6.6405
v -4.8964 79.4914 4.3477
v 20.6024 79.9389 6.6462
v 12.0833 82.2137 6.0692
v 21.2515 82.2216 6.7774
v 18.4704 86.5694 6.4334
v 18.9364 86.3480 7.0856
v 22.0926 87.6413 6.2943
v -19.3537 -1.0773 7.7649
v 9.1912 3.7786 7.0399
v 7.8619 4.4944 8.8768
v 9.1701 5.9004 7.2288
v 9.3504 7.7016 7.5754
v 8.8461 7.6017 8.8557
v 11.8703 13.5236 6.9918
v 14.1590 21.4216 6.8106
v 14.2546 20.3767 7.6819
v 13.9088 23.4322 6.6035
v 14.1709 24.0861 8.4064
v -12.0919 24.6366 7.5204
v -5.0860 27.6080 6.1869
v -4.5078 28.2401 7.5733
v -4.5926 32.9864 7.2510
v -5.0253 33.8003 5.6289
v -5.1507 33.6618 9.7425
v -5.3423 33.8949 7.1036
v 12.8365 34.7511 5.2784
v 12.8092 33.8146 7.7406
v -19.9050 49.0060 8.7758
v -20.2272 48.6194 6.2655
v -23.5866 52.7130 6.4667
v -22.8645 54.3982 7.9428
v -22.9816 55.4181 7.7417
v -20.0407 63.6906 8.4794
v 23.2849 74.2094 7.1100
v 20.4698 71.9205 8.5304
v 18.9163 74.2251 7.9433
v 24.0005 74.8335 6.9794
v 17.7475 79.4447 7.6603
v 23.4822 85.2715 6.6458
v 22.8677 86.7778 6.6069
v -16.8396 -2.6090 9.0852
v -17.3831 -2.4302 8.4967
v 6.9804 -2.4351 7.2136
v 6.6391 -2.1910 7.9317
v 6.8332 -1.7579 8.1625
v 8.5455 -1.4925 6.7873
v -21.5852 3.8547 8.4387
v -23.6802 18.6456 7.9102
v -23.1650 20.6610 7.3152
v -19.8528 23.2769 7.2124
v -20.8554 24.1688 5.8670
v -7.3111 26.5431 6.4317
v -6.1390 27.0188 6.9026
v -3.8502 30.2912 7.7220
v -3.8994 30.8648 8.4328
v -19.4983 47.5863 6.2150
v -23.2448 53.0379 7.2542
v -22.4639 52.4615 7.8106
v -22.9255 56.3595 7.4937
v 25.7214 64.6809 6.5163
v 25.1310 64.3143 9.3685
v 26.7697 68.7262 7.0839
v 26.0663 67.5218 8.4568
v -18.5383 72.5042 6.5092
v -17.8419 72.6902 6.8310
v -16.7104 73.8292 6.1815
v -16.1529 73.2038 7.9967
v -14.6941 74.4175 7.5349
v 17.7414 75.2263 8.2804
v 18.0425 77.0895 7.4554
v 19.7541 83.6771 7.4977
v 19.8686 84.7909 7.5562
v 21.3541 86.1160 7.1237
v 18.5537 85.4789 7.6023
v -5.7443 -2.6821 8.6379
v 8.2377 2.9143 8.0811
v 8.0887 6.9129 9.7228
v 9.7761 10.4606 9.7854
v 12.2083 14.0690 8.7061
v -25.0249 16.5264 7.2646
v -24.1675 15.4518 8.4021
v -11.1052 23.4016 9.1896
v -10.1072 24.2528 8.7859
v 14.8373 36.8752 5.4210
v 15.1983 37.0812 7.3072
v 19.5543 41.2918 9.3478
v -22.5229 53.2468 8.1070
v 21.6959 71.1812 8.6318
v 26.7863 70.2489 7.5979
v 18.2677 82.5884 7.8590
v 17.0614 81.3699 8.2220
v 7.0621 80.7888 8.0502
v 9.1805 80.6326 9.2257
v 16.4808 84.9753 7.4105
v 17.1831 85.2169 7.5196
v 19.5970 85.5109 7.5571
v -20.2289 1.2274 8.9206
v -20.5263 21.8013 8.1140
v -17.5849 23.2479 7.8342
v -6.9211 26.2691 8.4410
v 13.4149 35.0242 9.0954
v 17.9548 39.6729 9.5293
v -14.5521 40.8866 8.5659
v -13.4552 39.8607 10.6832
v -15.3037 41.8064 10.2321
v -21.1969 50.1200 6.9710
v -20.6944 50.2585 8.6520
v -20.9782 59.4674 8.5505
v -20.6740 60.2417 9.0185
v -19.2386 68.3262 7.5170
v 26.3944 71.6089 7.7344
v 25.3267 72.7571 7.6028
v -17.0253 72.9017 7.3525
v 15.2024 79.0673 9.1158
v 9.0047 80.2442 10.5578
v 10.2251 80.4809 9.6149
v 12.7565 82.4500 6.9538
v 14.4060 82.8705 8.1045
v 15.6666 84.0013 7.7635
v 15.9079 83.3541 8.2661
v -24.1821 11.3628 8.6351
v -24.0192 12.8288 8.8287
v 13.6971 17.8361 6.6657
v 14.1051 18.2407 8.9094
v 14.1035 18.8144 7.6028
v -14.2219 23.0204 8.5209
v 13.8895 25.7443 8.9666
v 13.3605 28.0020 9.9010
v 14.2680 36.1047 7.9048
v 13.7364 35.7996 11.0545
v -21.1757 54.0133 9.8837
v 24.6974 61.6057 8.8429
v 24.1395 69.1038 9.2578
v 24.1790 70.4873 8.5808
v 25.4534 70.4038 8.3960
v 20.7998 71.2563 9.0279
v -15.2365 73.2048 9.6232
v -13.1991 75.3375 7.6275
v 4.6860 80.5917 9.9622
v 15.1352 82.0441 8.7848
v -20.4997 3.2837 9.5090
v -21.5643 4.6835 8.9196
v -23.1138 14.2062 9.5035
v -4.6998 33.0976 9.1541
v -19.4022 65.8807 8.9353
v -18.8630 67.0715 9.6311
v -18.3666 70.6439 7.5680
v -17.5391 71.8384 7.8138
v 16.8943 76.0028 8.7069
v 16.7584 75.0806 9.8321
v 15.2134 77.3774 9.5603
v 13.1691 81.6214 8.6373
v 13.3853 79.5958 9.7637
v 13.3650 80.8641 9.1620
v 15.5219 81.0695 8.8133
v 14.5203 80.9752 9.0411
v 0.4531 -3.0998 12.3203
v -12.2603 -2.9072 9.1950
v 5.6183 1.9173 10.9321
v -22.5508 6.5242 8.7964
v -21.5034 10.9808 10.7182
v 11.0188 12.1571 8.5989
v -17.3756 20.6941 9.6593
v -12.8818 23.0926 8.7682
v -12.9611 22.1535 9.3984
v -4.2961 28.7697 8.7767
v -4.0121 29.3614 8.1004
v -6.9101 35.1297 10.9226
v 24.6386 53.1973 8.9978
v -21.0696 56.0678 9.7510
v -21.0704 57.5307 9.3125
v 25.1928 66.7381 9.6620
v 25.1685 68.3060 9.2543
v 24.5748 66.4296 10.2880
v 20.0655 71.5592 9.4127
v 21.7673 69.6323 9.9224
v -5.7913 79.0786 9.1077
v -5.1239 79.4418 6.7013
v -2.7302 79.9224 9.7961
v 2.5907 -2.9635 10.2323
v 5.1378 -2.8143 7.7566
v -18.4660 -1.1369 10.0439
v 7.4245 6.1151 10.2105
v -20.8605 7.1482 10.5125
v -23.3390 8.8349 8.8922
v -19.7094 18.7474 10.1588
v -22.7214 18.9608 8.5387
v -13.2728 21.1292 9.8827
v -11.6983 22.5438 9.6294
v -10.6133 22.2424 10.4753
v -7.2786 25.7502 9.0736
v -6.6441 25.4706 10.8313
v 13.4914 26.9846 11.9375
v -4.0776 29.4570 9.5882
v -3.9392 30.5628 9.8293
v -5.6908 34.4025 11.7409
v -11.3916 38.1238 7.8302
v -20.0469 49.7945 9.7740
v -20.2362 50.9535 10.7199
v -19.2277 64.2596 12.0329
v 24.0842 67.4823 10.0985
v 17.4173 73.8403 10.7133
v -9.2606 77.0388 11.8591
v 12.0705 80.5577 9.4039
v 5.9496 -1.1903 9.4415
v 5.7444 -0.6271 9.9925
v 6.7295 0.4866 9.2470
v -19.9836 2.3510 9.8535
v -21.8133 15.6124 10.1310
v -20.8555 16.8452 10.3471
v -19.2414 20.6141 9.3200
v -8.1690 24.6347 9.8346
v -21.6869 53.8766 9.1106
v 14.1463 78.2427 10.0034
v 3.6024 -2.8082 9.9421
v 4.0699 -2.4853 10.5508
v -17.8639 -1.3139 11.4563
v -17.6881 -1.9806 10.1741
v -21.0736 10.2569 10.8714
v -15.0716 17.9361 11.0842
v -13.2283 17.8372 11.1560
v 12.4950 30.8812 8.1209
v 13.2059 28.3723 11.1133
v -4.0767 31.8829 10.8480
v -4.3123 32.4134 9.7688
v 25.1214 65.1693 9.7290
v 24.2072 62.8404 11.6574
v 23.5587 67.5918 10.3156
v 22.8034 67.8642 10.7294
v 21.1734 68.7394 12.1465
v 18.8380 73.3739 8.7714
v 19.1810 72.2957 9.6476
v 12.9633 78.8672 10.4498
v 13.0714 78.1236 11.1771
v 10.9850 80.0180 10.2485
v 11.8188 79.4325 10.6085
v -5.0409 -3.1259 14.4464
v -1.1688 -3.1423 10.9128
v 4.5626 -1.9685 10.7361
v 4.9005 -1.3617 10.7761
v -17.4864 -0.8699 12.9818
v -18.7242 4.1547 11.5263
v -17.8799 4.7883 12.1421
v -19.3670 4.8336 11.0939
v 8.3356 7.9969 10.1053
v 7.9630 8.5455 11.1675
v -20.3051 14.2588 11.1379
v -18.5310 17.6298 10.8756
v -12.4667 17.8942 11.2397
v -11.7168 18.1024 11.5308
v -3.8996 30.0767 10.9812
v -3.6753 30.2296 12.6061
v 12.7030 30.5490 10.3835
v -10.3926 37.4614 12.6901
v -7.9872 35.7662 10.3234
v 23.3410 47.3209 9.4705
v 22.4795 45.6500 10.3303
v -17.4833 46.6159 13.6796
v -20.6342 53.3447 10.9713
v 24.2149 52.3269 11.7353
v -13.2151 73.8352 13.0232
v 4.4787 80.2540 11.8732
v -19.3919 3.4094 10.8198
v -20.3348 8.0961 11.0596
v -20.4078 9.2979 11.1739
v 7.0412 8.6130 12.5321
v -11.7912 15.4415 11.7348
v -10.4248 20.5850 11.5972
v -11.5587 20.1368 11.0421
v 14.4643 20.5708 10.2003
v 14.3667 21.6171 11.5948
v -9.7365 21.7074 11.5139
v 14.3747 23.2815 10.1516
v -6.5655 24.5907 12.3490
v -5.6178 25.8282 12.4811
v -6.0448 26.8175 8.9228
v -4.9087 27.8212 9.6423
v 12.4628 31.8838 11.0857
v 12.6551 33.2911 9.9583
v -12.0697 38.6031 10.6997
v -13.3501 40.0966 13.2021
v 21.7085 44.3632 10.8363
v 21.7650 44.7734 11.7046
v -18.2541 49.1689 14.2661
v -20.3306 52.0471 11.2958
v 23.7864 48.9427 10.3744
v 23.8802 50.1857 11.7319
v -17.0700 70.9371 9.5774
v -16.8962 69.0998 13.1921
v -8.0511 -2.7084 9.2496
v -19.3605 2.0376 10.6439
v -10.1669 9.4683 12.3606
v 9.8330 11.1150 11.0200
v -11.6153 11.8272 12.1114
v -17.3086 13.7959 11.9475
v -11.2364 16.0451 11.9709
v -10.4261 14.4452 12.4812
v -10.8559 17.9540 12.1245
v -11.3478 18.9790 11.5622
v -8.8588 19.8876 13.2769
v -4.8315 27.6976 10.8180
v -4.6486 27.5393 12.0974
v -16.1895 43.2511 11.5306
v 21.4313 44.7732 13.5276
v 13.0309 77.5893 12.1065
v -8.7781 76.5775 14.2204
v -0.0900 80.4218 9.5884
v 0.4321 80.0062 12.2743
v -8.1479 -2.9250 12.3789
v -16.4329 -2.1673 12.5491
v -17.2921 -1.8992 11.4688
v -18.7935 0.2793 11.0490
v -18.5718 1.1291 11.7826
v 4.6792 2.8090 12.5302
v -16.7264 4.0044 13.1008
v -16.8621 4.9563 12.6638
v -17.1183 6.8728 12.3649
v -9.7526 8.3348 12.6347
v -9.4452 6.9652 13.1456
v -9.0731 7.9326 12.8781
v -19.1624 10.2938 11.8038
v -10.5747 11.6892 12.1307
v -11.2842 12.5721 12.0851
v 8.5793 9.2147 10.8433
v 11.9298 14.4795 11.9363
v -10.9435 13.7418 12.1502
v -10.0917 12.8632 12.5105
v -10.1984 16.8339 12.7523
v 14.2782 22.4306 11.9637
v 13.9138 21.8778 13.6662
v 13.2756 26.5056 13.5242
v 13.9369 24.3454 12.5287
v 10.8937 79.2893 11.5088
v -4.8509 78.5885 13.5600
v -16.4813 5.9437 12.5970
v -13.8338 7.2287 12.7857
v -13.4579 5.7319 13.2207
v -12.1092 6.3907 13.1197
v -11.1788 7.4814 12.8484
v -9.9358 8.8036 12.4755
v -8.3888 7.3850 13.2153
v -8.3889 8.3769 13.2153
v -9.1347 9.9245 12.7933
v -16.7697 9.0078 12.4716
v -9.9786 10.7383 12.3405
v -9.7313 11.6175 12.6098
v 13.7927 17.3015 10.2288
v 14.1604 19.2682 11.8106
v -7.4372 20.1711 14.7666
v -9.1774 22.8315 11.0586
v -8.6068 23.9098 10.3947
v -3.7860 31.2545 12.1710
v 15.0518 37.4936 12.4523
v 14.3135 37.2432 13.8191
v 23.3104 66.1579 11.5677
v 0.1067 79.6337 13.5983
v 2.9612 -2.5932 12.0735
v 2.9108 -2.1328 13.5075
v -18.1848 2.1008 12.3357
v -18.3887 3.1068 11.8946
v -8.4665 5.1212 14.3694
v -8.1896 6.0354 13.7750
v 5.2671 6.0098 13.0030
v -9.4321 13.3871 13.1641
v 12.1007 15.6157 13.8104
v 10.9865 14.8533 15.1100
v 13.9108 18.0658 11.6970
v 13.0307 25.9725 14.6249
v -3.7499 28.7529 13.4869
v -3.3318 29.3229 14.4425
v 11.7135 32.7589 13.4775
v 12.2148 32.9726 12.0813
v 13.1596 36.0309 13.5537
v 12.4400 35.0899 13.4408
v 18.8054 41.3374 13.7431
v 5.0925 79.0198 15.5820
v 6.1182 79.9273 12.6768
v 7.8062 79.4146 13.4285
v -16.6444 -0.9288 14.2448
v -17.2910 0.2607 13.9729
v -17.4926 2.6713 13.0650
v -16.5122 3.1795 13.7572
v -15.6006 3.4630 14.1686
v -15.2066 5.0711 13.1686
v -10.4978 5.6752 13.8590
v -7.6853 9.1242 13.9285
v -6.2982 9.1310 15.1904
v -3.6230 28.1223 14.6038
v -3.9580 32.0879 12.2430
v -4.1181 33.3066 13.4302
v -3.7399 33.9465 15.1074
v -4.4884 34.0572 13.9486
v -5.7102 34.9203 13.9120
v -19.9189 56.8699 13.6650
v -19.6493 56.8132 14.4654
v -19.5677 60.7353 13.7687
v 23.4977 62.1651 13.5378
v 23.8990 60.9614 12.6907
v 19.9035 70.8409 10.9513
v 20.1024 68.5474 15.1134
v 0.4104 -3.0142 14.4827
v -9.1034 -2.8731 13.0670
v -11.8217 -2.7231 13.6948
v -16.8261 -1.5905 13.1262
v -16.0349 -1.0211 14.7033
v 3.9732 1.8217 13.4932
v 3.0760 -0.1459 14.8489
v -12.0849 3.8279 15.0141
v 8.6980 10.5688 12.4585
v -6.8774 13.8735 15.8833
v -7.9523 23.2621 11.9095
v -2.8817 30.8163 14.9424
v 11.7734 33.9675 13.6437
v -19.6251 54.1725 14.0308
v 23.5308 53.8335 15.1092
v 22.9903 65.5635 12.5604
v 23.0881 63.4102 13.9200
v -7.3092 77.9024 12.4354
v -0.8324 79.0325 15.0951
v 3.6591 -1.8775 12.5444
v 3.0211 -1.4770 14.1819
v -17.8964 0.3965 12.9222
v 2.7824 4.4241 15.4114
v 6.0893 9.9697 15.0257
v 13.5804 20.4230 14.5489
v 12.5070 30.3743 12.3291
v 12.8092 27.6231 13.8918
v -2.3690 31.4908 15.7325
v -2.8649 31.7394 14.9562
v -3.3469 32.1435 14.1534
v 11.0685 31.6214 15.0306
v 10.7541 32.5724 15.2793
v -15.3901 44.0652 16.1811
v 21.7417 46.3150 15.5776
v -18.0606 67.2891 12.3517
v -18.2284 65.8202 13.7722
v 9.1318 77.9487 15.9832
v -2.2313 79.0556 14.4198
v -2.5632 78.3176 16.0653
v 3.1240 78.7526 16.3248
v -14.6219 -2.3748 14.0031
v -13.0063 -2.0907 15.4744
v -15.4802 -2.2572 13.5917
v -14.6674 -2.0034 14.7861
v -14.0106 5.0819 13.4010
v -14.6214 4.4074 13.7829
v -7.4425 5.7931 14.2782
v -5.5867 7.2307 15.4365
v 10.1421 14.4693 15.9714
v -5.8821 21.7123 16.0195
v -6.4863 23.6783 13.6245
v -5.3389 24.2393 15.0120
v -9.8957 37.6810 15.6409
v -15.2874 42.7743 14.2719
v -14.6362 41.6284 13.6131
v 22.5626 47.0192 13.7009
v 23.2319 48.6130 13.2472
v 23.7328 52.4255 14.2239
v 23.2496 52.0252 15.8638
v -18.7449 54.0048 15.8455
v -17.4168 65.7981 16.1110
v 14.5352 74.6746 15.6064
v 2.1167 -2.4842 14.1944
v -8.1401 3.7944 15.4972
v -8.9811 4.0732 15.1282
v 2.1062 5.6371 15.8239
v 3.0787 5.9451 15.1616
v 3.2403 6.6958 15.1591
v 12.8216 22.5751 16.4291
v 12.9060 24.2633 15.7872
v -6.8089 36.1149 16.3409
v -12.1856 39.6420 15.9468
v -12.6003 39.6432 14.4570
v -17.5439 48.2511 15.1562
v 22.9950 58.1361 15.9497
v 16.7693 71.7065 17.0429
v -8.1947 76.0226 16.2947
v -8.8995 -2.6948 14.8036
v -7.3855 -2.5107 16.3664
v -11.8048 -1.7817 15.7655
v 2.2011 -0.6798 16.4508
v 4.0775 8.0567 15.1493
v 3.6034 9.3106 16.2912
v 4.5318 9.0471 15.4811
v 11.0523 16.1503 16.6755
v 12.0149 18.0211 16.7505
v 13.3715 18.0011 13.6376
v 12.9250 18.3431 15.1960
v 12.6631 28.7079 13.4796
v 11.3387 29.0653 15.9182
v 10.5383 28.5789 17.4002
v -1.4604 31.9264 16.7890
v 10.2045 33.9491 16.0986
v 11.4756 34.5559 14.6930
v 10.9549 35.0613 15.8623
v 17.2894 40.1313 14.7092
v 20.1382 43.1696 14.3400
v -19.0343 60.4612 15.4572
v 20.7287 64.7589 17.8695
v 21.5414 60.9343 18.2727
v 21.1845 66.8229 15.0513
v -16.0388 70.3007 13.4936
v -15.5659 69.4086 16.0883
v -13.1595 72.9438 15.0572
v -12.1746 73.2314 16.1668
v 12.9423 74.7499 17.9512
v -10.4494 74.7188 15.9672
v -6.2594 76.8010 16.6425
v 1.7150 78.8978 15.9469
v -11.2013 -1.1627 16.1684
v -13.5354 -1.7802 15.5660
v -14.7463 -1.3549 15.4036
v -15.8607 2.2093 14.9863
v -8.4829 1.9184 16.6109
v -13.2271 1.4921 16.3556
v -9.2690 2.3242 16.1614
v 2.2567 3.0595 16.2109
v -5.7109 6.3749 15.3856
v -4.8736 6.5553 15.9524
v 13.4951 37.4764 16.0923
v -16.7493 46.2429 15.3202
v -15.9603 46.6103 17.0922
v -18.0751 49.8305 15.2166
v -0.6027 -2.8370 17.4245
v 1.2431 -2.5877 15.6452
v -10.1336 -1.9189 15.7828
v -8.9933 -2.1377 15.9249
v -10.6256 -0.4546 16.3383
v -12.6908 0.4148 16.5035
v -9.8169 -0.6736 16.3082
v -10.1112 0.1189 16.3872
v -9.3768 -1.4299 16.2205
v -9.1145 -0.4449 16.4850
v -8.6195 -0.5642 16.7555
v -14.9783 -0.6582 15.6789
v -15.2821 0.0875 15.7827
v 2.7168 1.6342 15.7435
v 0.9259 1.0347 18.3865
v -10.1998 2.5061 15.9812
v -12.0143 2.7626 15.7896
v -7.4121 3.5115 16.1080
v 1.0752 4.4306 16.7477
v 0.8541 5.1953 16.6120
v -4.1010 5.1356 16.9340
v -4.1527 5.9192 16.4686
v -3.3706 6.7011 16.5912
v -2.9898 8.2064 16.8370
v 2.3670 7.1981 15.8239
v 1.4649 7.9399 16.5697
v 8.6458 11.6198 14.0601
v -5.0795 16.9788 17.9061
v -5.4062 19.7253 17.2889
v -2.8207 29.4104 15.6376
v -2.3591 29.4464 16.4715
v 8.9885 31.2196 17.7190
v -1.8598 30.8696 16.5586
v -2.7747 32.8879 15.5176
v -2.8991 33.7190 15.9528
v -14.1428 43.1315 17.8728
v 18.4607 69.5953 17.1942
v 7.3013 77.7100 17.5255
v -5.2249 -2.9349 16.7208
v -14.4095 -0.1427 16.1136
v -12.0944 1.6053 16.2901
v -10.5247 0.9885 16.3862
v -11.1736 2.1497 16.1240
v -5.4549 3.9678 17.2006
v -6.8342 4.2622 15.7765
v 0.0692 5.6400 16.8660
v -2.0041 5.4890 17.2899
v -0.7050 6.0906 17.0107
v 0.7231 6.6482 16.5460
v -2.1814 7.1747 16.8766
v -1.3654 6.6925 16.9909
v 3.6584 10.5762 17.2468
v -4.8406 12.2004 17.2746
v 12.0311 25.6873 16.7312
v -2.8958 34.3691 16.6443
v 9.6311 34.9185 17.2187
v 20.4689 45.6470 18.1168
v -17.9842 54.1891 16.9584
v -16.2676 68.0203 16.3568
v -5.0279 4.9387 16.5706
v -3.1392 9.1935 17.1094
v 7.3410 13.6487 17.7375
v -12.2845 40.3935 17.6380
v 22.5153 48.6506 16.0496
v 22.7342 50.7969 16.9408
v 22.5378 51.3931 17.6421
v 20.6955 66.2822 16.6515
v -12.1097 71.7993 18.4558
v -4.4150 77.9916 15.6143
v -7.7842 2.6046 16.6197
v 1.3581 3.6419 16.8882
v 0.6349 3.2870 17.5847
v -2.7185 4.8943 17.5398
v 5.2871 10.4847 16.1585
v 9.3523 32.7454 16.9437
v -0.8909 32.6338 17.3039
v -1.3658 34.5617 18.0462
v -4.4054 35.1509 16.5200
v -3.0100 34.9166 17.3709
v 12.3231 37.0879 17.0684
v -5.7626 -2.6303 17.5482
v -6.5229 -2.0629 17.9749
v -6.9462 -1.7830 17.8957
v -8.2528 0.5494 17.1656
v -5.3837 3.1185 18.1938
v -1.3769 8.3265 17.2138
v 2.4052 9.3019 16.9287
v -1.9203 10.0854 17.8400
v 8.3904 15.0656 18.3692
v 7.5933 15.8072 19.5096
v -3.1462 24.2385 18.3196
v -0.3940 28.3520 19.2817
v -0.1045 31.2597 18.1573
v -0.7040 31.9933 17.4875
v -0.3435 33.3543 17.8503
v -2.0530 33.1916 16.4506
v 8.2851 33.1231 17.7660
v 8.1685 34.0120 17.9284
v 8.3420 34.8546 18.2223
v 10.7170 36.1671 17.4735
v 10.8505 36.9220 18.5341
v -10.7921 39.1454 17.9927
v -10.2814 39.1898 19.0116
v -14.1662 44.3421 18.8658
v 19.3807 42.6016 15.4478
v -15.6812 47.6720 17.8609
v 21.6494 48.8906 18.4875
v 20.4291 49.3642 21.0722
v -17.4293 58.9586 18.5169
v -17.3302 61.1415 18.6438
v -17.9454 62.2278 17.2472
v -13.1698 70.0353 19.2083
v 11.3250 75.6103 18.3216
v 13.6029 73.0849 19.4768
v 10.3589 76.1080 18.3632
v -0.9294 -2.5602 18.3364
v 0.7377 -2.3657 17.1627
v 0.9556 -1.7282 17.6793
v -2.8566 13.2946 18.9340
v -3.9918 15.4296 18.7360
v 11.2274 19.8771 18.5080
v 12.1803 22.2057 17.5367
v 11.9037 21.4893 17.9164
v 6.9716 35.0247 19.1291
v 8.4806 35.9715 19.1997
v -12.5849 41.4491 18.7921
v 18.6396 43.0369 18.1375
v 20.6694 60.8572 19.5660
v 21.8070 57.3945 18.6653
v -17.4847 59.8255 18.5166
v -16.3743 61.8243 19.7761
v -6.2165 75.8282 18.4601
v -9.1258 74.3381 18.2337
v -0.0997 -2.1757 18.3491
v -1.5757 -2.2099 19.0990
v -8.1039 1.3166 17.1248
v -0.9715 9.8737 17.8732
v 0.4124 9.1483 17.4565
v -1.8336 16.2050 20.2740
v -4.5252 18.6608 18.3501
v -3.1508 20.2685 19.4437
v 1.9152 32.8235 18.8177
v 1.3270 33.4180 18.6296
v 0.1071 34.1083 18.4290
v 4.3370 33.7604 19.2164
v 4.8798 33.0765 19.1610
v 5.6449 34.0473 19.1184
v -8.3267 37.4766 18.1391
v -9.6470 38.0993 17.5915
v 21.8877 53.8271 19.0723
v -16.2701 65.7776 18.3995
v -14.9849 66.1759 19.8880
v -1.9890 77.1120 18.5032
v 0.0144 77.3551 18.5134
v -0.2981 -0.5828 19.4594
v -5.2328 0.8241 19.7048
v -6.9298 0.4324 18.3698
v -5.4864 1.7098 19.1804
v 0.6102 0.0238 18.7141
v -4.7664 2.1990 19.2377
v -0.4706 4.4094 17.5651
v -2.0428 4.4006 17.9351
v 0.5088 28.7898 19.6558
v 0.7659 31.9221 18.5171
v 2.8784 33.7293 19.0885
v 3.6581 34.3314 19.4224
v 0.6517 34.6615 19.1171
v -13.7095 46.6929 20.1555
v -14.8533 51.2068 19.3815
v 21.9145 52.1493 19.0504
v 21.0992 56.2470 20.0014
v 17.7107 68.6179 19.3455
v 15.9231 71.3401 18.8518
v -6.0325 -1.5946 18.7820
v -6.1209 -0.7742 19.1053
v -0.4016 1.7126 19.1843
v -3.5317 1.7028 19.8863
v 0.4934 14.8197 20.4680
v 9.1684 18.1597 19.9634
v 11.0826 22.6852 18.8593
v 11.2200 24.4383 18.3502
v 7.0257 27.9292 20.3900
v 7.0911 31.4435 18.9124
v 7.0470 32.6799 18.5979
v 1.6931 31.2661 19.1672
v -7.3980 38.5498 21.3107
v -14.9471 52.4324 19.3462
v 19.5368 65.3772 19.2702
v -4.5081 75.8301 19.4182
v 9.6891 75.4970 19.6553
v -4.0910 -2.2161 19.3855
v -3.7216 -1.7812 19.7611
v -2.9469 -2.1184 19.5175
v 4.6134 12.9543 18.6646
v -1.9780 12.8267 19.0891
v 8.0990 17.6459 20.3771
v 6.2423 15.5497 19.9142
v 9.3076 17.1273 19.2697
v -1.9517 23.8396 19.7651
v 9.8254 25.3931 19.4402
v 10.2926 28.0653 17.9535
v 4.7571 31.0903 19.7203
v 3.7324 31.3096 19.6373
v 6.2354 31.8740 19.1573
v 2.2183 34.9485 19.7601
v 1.7699 35.7257 20.8071
v 4.3436 35.0317 19.9283
v -3.5265 36.2154 19.8563
v -8.5001 39.3660 21.4666
v 15.2764 40.4063 19.4894
v 18.1846 44.0305 20.4918
v -15.6868 60.8936 20.5321
v 19.8685 61.7797 20.2354
v 15.1789 70.7952 20.3003
v -10.5522 70.7825 21.1174
v -10.5228 72.3123 19.5748
v 4.9789 76.4005 20.0544
v 6.7400 75.5342 20.8044
v -4.3487 -1.6134 19.7324
v -1.0085 -0.5588 19.9142
v -0.6608 -0.0488 19.7935
v -0.8863 1.0063 19.6922
v -3.4399 0.9658 20.2040
v -2.8065 1.0814 20.2591
v 10.7016 24.3302 18.9838
v 8.2030 27.1935 20.0251
v 5.6447 34.9039 19.5664
v 6.7126 36.6212 21.2660
v 9.1972 36.6854 19.6932
v 9.9721 37.8829 21.1805
v -13.9268 50.0453 20.1431
v -13.9950 49.0885 20.0094
v -14.3080 57.1521 20.5954
v 19.5354 60.1766 20.7623
v -14.8315 64.6926 20.7207
v -13.5482 67.2382 20.9011
v 16.9911 65.2568 21.8176
v -8.8040 73.4509 19.7936
v -5.5853 73.8497 21.3862
v -3.8542 74.9191 20.8789
v 10.1154 74.1285 21.0558
v 11.1009 73.0450 21.5778
v 2.9580 76.9179 19.5250
v 2.6511 75.3658 21.4773
v -1.7811 -1.6179 19.7188
v -2.8436 0.0454 20.3471
v -2.7972 -0.8136 20.2418
v -2.2218 -0.6656 20.2087
v -0.3655 14.2015 20.0752
v 4.0706 14.0489 19.6519
v 9.8345 23.8734 19.8530
v 8.2636 22.5373 21.0834
v 1.4126 28.3162 20.3047
v 15.6434 41.6631 21.1293
v 20.2181 54.9746 21.2986
v 20.1364 57.6783 20.7825
v -15.1184 61.2620 20.9700
v -14.3191 60.9814 21.5815
v 16.8374 67.0196 21.3579
v 17.1839 68.2118 20.2934
v 16.7476 69.5094 19.7730
v -11.7574 69.2759 21.3073
v -7.8774 72.7035 21.2932
v 2.0446 16.0488 21.0957
v 4.5015 15.7924 20.6243
v -0.4923 17.3271 21.0372
v -0.4970 19.1543 21.2322
v -1.8046 18.9559 20.5023
v 9.8159 19.5755 19.9014
v 8.5674 20.8815 20.9327
v -0.1112 23.1229 21.0846
v 5.8761 27.2803 21.0071
v 4.8464 27.5884 21.1283
v -6.5837 39.2974 23.1662
v -11.7522 41.9119 20.6648
v 15.0503 43.6145 24.3377
v 16.1297 43.1552 22.5561
v -11.9065 44.2715 22.0709
v 19.8210 49.2386 21.9267
v 17.8711 60.0358 21.6770
v -13.2875 59.9316 22.1601
v 17.9612 62.9391 21.4289
v 11.6485 71.8143 22.2945
v 7.7438 19.8920 21.2323
v 1.1063 19.3272 21.7394
v 0.6734 22.7698 21.4516
v 2.1394 25.0184 21.6032
v 3.3344 26.3371 21.5653
v -12.3309 48.7402 21.2329
v 20.0983 50.8183 21.8160
v -11.6923 54.5730 21.4637
v -11.0056 56.1137 22.0916
v -13.3963 58.6987 21.6764
v 18.2564 61.6210 21.4122
v -12.8714 68.7178 20.6745
v 4.8973 17.6061 21.3663
v 6.1634 18.8776 21.4641
v 7.4108 24.5679 21.2093
v 5.2836 23.1247 21.9677
v 4.0134 26.0771 21.6544
v 0.9433 36.2990 21.7577
v -10.2856 44.4296 24.2745
v -12.5131 46.0409 21.6487
v 19.0422 46.8053 21.8595
v -11.6287 47.9822 22.1438
v -11.1287 47.4628 22.9254
v 18.6244 49.5972 23.5594
v 16.4547 65.0015 22.2119
v 12.5503 70.8768 22.3609
v 1.5263 17.8805 21.6336
v 2.1300 19.4907 21.9088
v 5.4779 19.9445 21.8535
v 4.5970 20.8034 21.9833
v 3.0907 24.7563 21.8878
v 3.7073 24.2778 21.9845
v -11.8743 46.9055 22.2466
v -10.8543 46.3644 23.6852
v 19.7537 51.4942 22.3514
v 19.1525 53.6588 22.6170
v 16.3628 57.9364 22.5563
v 15.1019 59.6089 22.7873
v 9.0841 72.3863 23.1155
v 8.8217 73.4504 22.3490
v 0.9920 76.3233 20.1755
v -2.2478 36.2226 20.6100
v 4.5799 37.0710 23.0003
v 4.5959 35.9668 21.0520
v 14.2867 41.1244 22.1590
v -9.4657 50.6400 23.6795
v 18.2192 52.5121 23.7294
v 18.5863 54.5074 22.7154
v 18.4262 56.7623 22.0069
v -1.5153 74.4267 22.0240
v 1.6857 75.0296 21.8238
v 2.8380 73.4780 23.3312
v -6.6657 40.6747 24.8999
v -4.0624 38.1339 23.2287
v -9.3247 55.5370 23.4064
v 12.6907 67.5694 23.7213
v -8.8567 68.0627 24.0351
v -8.4160 69.4828 23.5034
v 14.7697 69.4964 21.6751
v -7.2906 41.3901 25.1661
v -10.7850 62.0114 24.0826
v -14.3197 62.4661 21.6561
v 13.3285 69.2215 22.8144
v 11.9424 69.0626 23.6586
v 10.0017 71.4927 23.3340
v -5.5033 70.4936 24.1627
v -2.9999 73.2553 22.8475
v -4.0698 71.3781 24.0299
v -1.6423 37.2514 22.9898
v -0.2035 37.7908 24.4088
v 2.5823 36.9079 23.0774
v -9.9576 42.2040 23.1817
v -10.7324 48.5302 22.8189
v 17.0244 52.4254 24.6893
v -8.9277 56.5690 23.9425
v -9.4754 57.4821 23.7436
v 5.6366 73.0024 23.5065
v 14.5558 44.4864 25.5343
v 17.4022 48.7054 24.7455
v 17.5713 49.7916 24.7515
v 11.5356 59.0527 24.4666
v -10.6712 64.1580 24.0499
v 6.5009 71.3832 24.4970
v 1.6710 38.5092 25.7134
v 8.6925 38.4957 23.3249
v 9.6525 39.9944 24.9393
v 12.9087 41.3413 23.9743
v 10.9951 40.5779 24.6972
v 12.9881 55.7748 24.7321
v 14.0704 54.6966 24.7908
v 9.8447 59.8831 25.0361
v -10.0222 63.6456 24.5183
v 7.4226 68.2756 25.6852
v 9.0213 70.2760 24.3645
v -6.7204 68.9881 24.6098
v -3.2516 68.9030 25.6693
v 2.1488 71.6830 24.7224
v 8.4847 39.1433 24.5316
v 13.3588 42.8040 25.1293
v 16.0514 45.5637 24.7601
v 14.1326 45.9205 26.8160
v 15.7990 47.6131 26.0440
v 17.9536 54.8268 22.9220
v -7.4570 55.6439 25.3177
v 10.0296 58.4656 25.1935
v -8.8948 58.3680 24.4660
v -8.1597 66.7053 24.9334
v 10.1658 66.6073 25.1008
v 10.3966 67.8511 24.7465
v 0.8729 71.4607 24.7940
v -1.7478 71.8942 24.1949
v 3.4674 39.1529 26.5693
v -0.3171 38.6316 25.4488
v -0.3560 39.5645 26.4723
v -1.6085 38.6896 25.1368
v 16.5040 51.0073 25.7187
v 17.5621 51.3756 24.7133
v 15.4223 51.2582 26.4470
v 16.4828 52.9983 24.7255
v 15.3050 52.2244 26.0267
v -6.0235 55.8421 26.8944
v 11.5592 55.1622 25.9590
v 9.1895 57.7335 25.7841
v -8.8042 61.4125 25.1743
v 5.0535 70.4041 25.2677
v 3.2814 70.5774 25.3764
v 10.0022 40.9180 25.8168
v -7.6340 42.1304 25.5292
v -9.4717 42.6048 24.1221
v -9.3346 44.7703 25.4454
v -7.3060 57.1985 25.3613
v -6.2264 57.5112 26.2696
v 7.1276 60.3010 26.3043
v 6.7616 59.2525 26.7017
v -8.6603 62.5401 25.3195
v -8.7172 64.9657 25.0891
v -6.6516 66.6453 25.6042
v -4.2265 40.6687 26.3935
v -7.8382 52.2685 25.9404
v -7.8415 49.9318 27.0357
v 8.7107 66.1154 25.7464
v -4.0872 67.0255 26.2490
v -2.2641 64.9166 27.1499
v 5.2750 66.7912 26.5617
v 5.0873 68.2321 26.1641
v 3.9313 68.9329 26.0634
v -0.5480 70.2868 25.4112
v 10.5035 43.3315 27.6279
v -7.7771 45.5543 27.4473
v -9.0626 46.1366 26.0721
v -8.9992 47.4728 26.0723
v 7.9766 57.8354 26.4742
v 7.3101 57.6985 27.1040
v 7.2540 58.2856 26.7948
v -5.9593 60.1843 26.4733
v -7.3509 63.6375 25.9241
v 2.7504 69.3795 25.9712
v 1.1632 68.3758 26.3641
v 5.6079 39.5054 26.5184
v 6.9022 39.0999 25.4148
v 7.1131 40.4833 26.9278
v -2.5502 40.2139 26.5309
v 13.2276 51.9702 27.7503
v -5.7835 54.9099 27.7863
v -4.9734 59.3110 27.0018
v 4.6079 61.1906 27.3168
v 6.2000 65.3428 26.5978
v 8.9991 41.4048 26.8943
v 11.4569 51.0899 29.4247
v -5.2841 56.3640 27.5957
v -3.1604 61.2746 27.5657
v -4.1295 63.9643 26.9764
v 3.2346 61.3108 27.6727
v 3.9396 64.9342 27.1465
v -0.8295 61.5421 27.9404
v 0.7012 65.4800 27.2515
v 1.0831 66.6094 26.9532
v 3.0776 40.4617 27.8609
v 2.3762 41.1729 28.4076
v -0.2840 41.5787 28.1772
v -6.3373 42.6467 27.0792
v -6.2938 45.3481 28.8209
v 5.5679 57.7512 28.6377
v -3.8348 57.3670 28.6063
v -4.7132 58.4554 27.2838
v 5.5966 59.1907 27.3755
v 2.7804 59.8361 28.2850
v 1.0861 60.9033 28.1211
v -0.9780 60.4237 28.2677
v 13.5669 48.3833 28.0609
v -7.2106 48.9986 28.2305
v -8.3867 49.1706 26.4596
v 14.5578 48.3455 27.3072
v 15.6517 50.3676 26.5133
v -3.1642 59.0990 28.0531
v -3.3722 59.9482 27.7216
v -1.6207 59.1144 28.7927
v -1.9343 59.8164 28.2956
v 4.3046 42.1912 28.8710
v 11.4236 44.1417 27.6707
v 11.9523 45.5356 28.2317
v 12.9280 47.4257 28.3531
v 11.3707 48.2694 29.5874
v 4.6828 58.5331 28.5153
v 3.5450 58.3431 29.5246
v 3.4927 41.3240 28.4960
v 8.0448 43.7047 28.7647
v -4.0960 54.8042 30.5009
v -5.3179 54.6772 28.7573
v -3.1231 43.2345 29.1615
v -3.7877 44.2015 29.6231
v -2.5118 43.9097 29.7225
v 3.6769 43.8495 29.5210
v 5.0717 43.6238 29.3019
v 4.5343 44.9398 29.9282
v 0.4503 44.1368 29.7853
v 12.7807 50.3806 28.6901
v -4.5107 56.6741 28.3841
v -2.8360 57.8709 29.1532
v -5.9572 44.2285 28.5096
v -4.3060 46.4772 30.5409
v 11.3108 46.1040 28.9193
v -6.0158 48.4572 29.5919
v 7.6715 54.8403 29.9523
v -1.1085 58.6267 29.4870
v 7.5204 45.9575 30.3177
v -5.6658 52.8570 29.2188
v -5.5339 50.4106 29.8891
v 9.9278 51.8636 30.1907
v 10.3976 52.7594 29.3304
v 8.7071 53.2996 30.2375
v -3.0136 56.4238 30.7073
v -0.8584 57.8808 30.7294
v 2.3112 59.1480 29.0475
v 2.6996 58.2599 30.1866
v 0.6846 46.0292 30.7291
v 9.0692 48.2475 30.7819
v 9.8063 49.4056 30.6438
v -3.8836 52.4051 31.2116
v 8.9681 46.0884 29.9692
v 10.1216 50.7195 30.3942
v 4.6645 56.7751 30.7109
v 3.1711 57.0077 31.4230
v -3.5083 47.0522 30.9478
v -0.1352 47.5330 31.4558
v 1.3557 48.8150 31.6855
v 7.9023 47.3505 30.8755
v 6.0146 53.7926 31.6661
v -2.7136 45.4796 30.5185
v -2.6724 47.7510 31.3169
v -2.3543 49.0701 31.7079
v -0.1737 48.6752 31.7729
v -1.2926 48.8345 31.8105
v -1.8255 52.8518 32.1904
v -3.5605 53.5501 31.2904
v -3.3723 54.2032 31.3915
v -1.9574 54.8120 32.1492
v 5.1005 54.9347 31.7198
v 4.6666 55.5198 31.6374
v -2.2780 55.4737 31.7889
v -2.6469 56.1989 31.1758
v -1.5702 55.9513 32.0585
v 1.1182 56.7662 32.2360
v 3.7341 48.0474 31.5482
v 4.3639 50.0221 32.2109
v 6.7615 48.5704 31.4942
v 6.1251 50.3827 31.9675
v 0.8296 50.5053 32.1960
v -0.8434 50.0683 32.0017
v -0.4439 51.2763 32.2592
v 7.7936 50.5454 31.4862
v 5.7707 52.0732 32.0594
v 0.2500 56.6224 32.2778
v -0.7088 56.6114 32.0242
v 1.2916 51.5426 32.6110
v 2.9573 53.6647 32.8198
v 4.1224 54.8335 32.1952
v 1.4208 55.9960 32.6292
v 2.1617 51.8262 32.7312
v 1.1173 53.3458 32.9674
v 2.1477 53.2977 32.9132
v -0.1565 54.9868 32.8097
v -0.6191 55.7845 32.4963
v 0.1813 53.3061 32.8757
v 0.5386 54.1930 32.9618
v 0.8821 55.1187 32.8717
v 1.8212 55.4763 32.8440
v 5.9267 -0.9992 -6.0293
v 6.6538 -0.8986 -5.5172
v -0.7516 0.2934 -12.1139
v 0.3519 -0.7013 -11.6361
v 5.4073 -1.8490 -6.2805
v 4.3724 -0.2907 -7.5309
v 5.2652 -1.3660 -6.5445
v 3.3422 -1.9061 -8.4297
v -14.8577 42.9439 -4.7724
v -15.3818 43.4173 -7.7276
v -15.2873 43.1735 -5.8078
v -17.1762 43.8582 -4.8141
v -16.1857 43.1918 -6.5750
v -16.8189 43.5148 -5.3764
v 12.0461 -1.1643 -3.1808
v 10.5022 -0.7851 -4.3897
v -6.8059 -2.5513 8.4481
v -8.2369 -2.5462 8.2423
v -4.0663 -2.2173 2.4475
v -8.4443 -1.9180 3.4796
v -8.9568 -2.0517 3.0507
v -6.1087 -1.8942 0.9612
v -6.0865 -2.0638 5.5868
v -6.1120 -2.4876 -1.7892
v -4.7586 -2.3996 -0.9839
v -11.6767 28.9084 -5.5036
v -20.1904 29.0361 -11.1429
v -20.1897 29.1459 -12.5444
v -22.0744 29.6685 -10.7708
v -8.1013 27.9779 -0.4867
v -19.1691 28.8478 -10.9087
v -22.8991 28.8750 -9.2020
v -2.0584 26.9404 0.1579
v -21.1909 29.4178 -11.2126
v -4.5715 27.1288 0.3722
v -5.8482 27.3965 0.0931
v -20.4018 28.8871 -8.9445
v -4.1026 27.6439 3.8879
v -5.3581 27.3465 3.6166
v -6.9600 27.0847 3.9942
v -7.1099 27.7880 -1.2424
v -17.3343 29.2627 -7.8785
v -18.4188 29.2228 -3.9212
v -12.4450 28.5727 -0.3800
v -11.8243 28.6887 -1.1173
v -4.6269 27.3062 2.4825
v -3.0843 27.0284 0.7240
v -14.3591 29.1103 -2.5080
v -1.7311 27.2759 0.9040
v -23.3603 29.2692 -9.7903
v -24.0276 28.6244 -8.9039
v -12.3267 15.1858 -20.7300
v -13.2651 14.8777 -20.6807
v -10.7674 13.6761 -20.5944
v -10.2948 12.6476 -20.4305
v -8.6103 14.4610 -20.3878
v -16.7273 16.5758 -20.3847
v -9.3143 16.5340 -20.4084
v -12.3717 17.6962 -20.6619
v -11.1142 18.9007 -20.2777
v -10.5980 17.6366 -20.4530
v -10.7484 10.8465 -20.1043
v -6.7782 14.0378 -19.9171
v -6.6991 17.7494 -19.5325
v -19.3264 20.5605 -20.1863
v -21.4355 21.1893 -20.0199
v -22.7523 24.1410 -20.1445
v -22.4411 24.8435 -20.1146
v -25.4942 25.8761 -19.8066
v -24.3543 27.2363 -20.1489
v -23.9231 25.9062 -20.1593
v -26.6866 28.2852 -19.5380
v -23.3869 29.5141 -19.4931
v -24.4457 30.2237 -19.8299
v -11.1999 20.5616 -19.7752
v -21.4461 20.3526 -19.8828
v -25.3051 31.7308 -19.7555
v -10.6209 6.4495 -18.6296
v -9.8651 9.5955 -19.7406
v -8.9152 9.4521 -19.5726
v -13.7729 10.4574 -19.8255
v -21.2863 25.9494 -19.5187
v -23.9173 32.0134 -19.3000
v -14.4956 8.1052 -18.9210
v -23.7767 20.2245 -18.8874
v -24.5926 22.9732 -19.4106
v -22.2280 28.7895 -18.8109
v -24.1594 35.3664 -18.4216
v -6.8432 9.0943 -18.9213
v -27.6974 26.7237 -18.1656
v -27.1922 26.4211 -18.6930
v -15.1916 6.9458 -18.2364
v -9.0642 21.7800 -18.6208
v -16.1453 25.3634 -17.7798
v -13.5066 24.6342 -17.8138
v 0.4696 56.0117 -18.2228
v -5.1216 8.0559 -17.8397
v -3.8711 7.4588 -16.9326
v -3.4661 12.7419 -18.2267
v -26.8268 24.2204 -18.2174
v -22.5397 35.0114 -17.7388
v -1.8342 55.4721 -17.9410
v -10.8840 23.7296 -17.8640
v -28.6013 30.5729 -17.1506
v -2.6343 51.6652 -17.1511
v -23.4820 13.5038 -15.9489
v -21.8216 30.7989 -17.2112
v 8.7639 59.1241 -16.6069
v -11.4209 3.0508 -16.7993
v -26.0633 36.7056 -16.3099
v -22.4242 38.4265 -16.5909
v -22.0237 39.5104 -15.9199
v -24.1207 37.6408 -17.0315
v -23.2446 39.1895 -16.0894
v -23.0855 38.5596 -16.5795
v -27.4707 22.4740 -16.3299
v -27.9873 22.8455 -15.6402
v -20.3737 28.5093 -16.3771
v -27.8454 33.5795 -16.8080
v 0.4107 49.2876 -16.7946
v -18.4229 27.0122 -16.6135
v -0.1713 12.6552 -15.3220
v 0.2185 11.1974 -14.4989
v -21.4781 32.5452 -15.2786
v -21.1144 34.1604 -14.6597
v 1.2177 68.5558 -15.5384
v -28.6775 23.7445 -14.6575
v 11.3416 62.2857 -14.8986
v -6.4515 68.1082 -14.4477
v -1.9098 69.8923 -14.6436
v -16.5067 27.5661 -14.5675
v -21.4623 31.8110 -14.1627
v 2.4787 43.8802 -13.9716
v 12.6989 60.8895 -14.4736
v -1.0449 18.7180 -14.6506
v -20.3207 28.8812 -15.3123
v -23.0092 40.7354 -14.7733
v -20.2651 42.0601 -14.0708
v 7.2873 45.6634 -14.3597
v -0.4455 71.2643 -13.8675
v -21.5059 31.3080 -13.5653
v -28.0489 34.7657 -14.5739
v -20.0377 38.9102 -14.5876
v -14.6506 -1.6541 -12.9629
v -13.8044 -1.1480 -13.7798
v -26.4675 37.6057 -13.8651
v -24.2007 40.1194 -14.3555
v 12.4600 47.8029 -13.1852
v -11.4583 51.8410 -13.8009
v -12.6700 -1.7041 -13.4031
v -11.6432 -2.1157 -12.9920
v -5.5074 -0.3939 -12.9687
v -3.9193 1.4914 -13.2841
v -0.0861 18.6396 -12.7043
v -29.4344 25.8983 -12.3327
v -20.0116 36.9873 -13.4788
v -18.8580 39.6768 -12.9983
v -20.1798 43.8956 -13.0101
v -16.1839 -1.7366 -12.0975
v -8.7210 26.6298 -13.1172
v -7.8138 26.7043 -11.8607
v -29.3014 30.6511 -13.4901
v -29.0927 31.3562 -12.9919
v -28.5147 33.7663 -13.4841
v -28.5266 33.4586 -12.8389
v -20.2281 36.3664 -12.1697
v -17.4637 42.6247 -11.8903
v 4.1139 42.5044 -12.8562
v -19.0123 43.1520 -13.1758
v -10.3223 47.4251 -12.5254
v -21.7868 48.4452 -11.6932
v -20.3836 49.4272 -12.4604
v -22.2122 49.8965 -12.1933
v -6.0624 71.0685 -12.6147
v -11.3320 -2.4636 -12.4308
v -1.1370 -0.6708 -12.1586
v -1.9480 1.2763 -12.4773
v -1.7773 2.3101 -12.3964
v -28.7779 22.6192 -12.8339
v -21.7884 31.9029 -12.6099
v -19.1346 38.4170 -11.7937
v -17.5201 42.0328 -11.6910
v 5.4020 42.1776 -12.3606
v 5.0991 40.8660 -11.2162
v 7.3243 42.5358 -12.1381
v -19.6123 45.1491 -12.3838
v -21.5053 47.0453 -11.0217
v -8.1895 -2.3382 -12.1922
v -29.3951 28.8724 -12.7513
v -27.8908 34.3527 -11.8694
v -27.2939 35.6403 -11.4204
v -24.7263 40.2526 -12.7564
v -23.0331 49.9351 -11.5170
v 4.4690 73.1494 -11.9639
v -5.1979 72.3863 -11.8597
v -11.6076 -2.8682 -11.1447
v -12.1381 -2.9407 -10.5795
v -0.2180 5.2210 -11.4633
v -29.0458 23.4697 -11.0258
v -29.1985 24.1846 -11.9967
v -28.8140 27.3938 -10.8376
v -29.2396 27.8061 -11.6896
v -21.4700 33.9346 -12.0578
v -26.4511 37.3754 -10.9414
v -25.5097 39.2927 -11.3656
v -23.6695 50.9461 -10.9046
v -15.9027 54.9011 -11.7774
v 4.7852 74.6513 -10.4292
v 0.5924 4.4454 -10.1007
v -28.4777 28.8598 -10.9130
v 2.0318 40.2541 -10.6761
v 0.6502 41.7876 -12.1235
v -0.2105 40.7871 -10.9932
v -22.0867 44.0381 -11.4279
v -22.6648 43.5230 -10.9869
v -20.4023 47.0120 -11.7054
v -22.8806 52.3962 -11.1140
v -1.6000 -2.2346 -11.2309
v -1.0173 -2.7164 -10.1119
v 1.6879 -1.5256 -10.4272
v -10.8783 27.7736 -11.7868
v -27.4104 32.2180 -10.7994
v -26.7943 34.8789 -10.6665
v -16.2818 45.4822 -11.1205
v -15.8829 45.0976 -10.6100
v -22.6700 48.0958 -10.6787
v -21.1866 53.8777 -10.9092
v -18.2624 54.4559 -10.9421
v -5.5825 -2.7763 -10.6548
v -20.8556 1.3998 -10.5175
v 0.3820 8.6633 -12.9046
v 1.1296 17.7330 -9.1232
v -23.4415 31.3325 -10.8471
v -24.9445 31.9749 -10.4148
v -24.2374 32.3487 -10.5243
v -26.0889 33.1390 -10.3611
v -22.0491 35.1580 -10.5025
v -20.3828 36.8562 -10.7859
v -0.8924 40.1329 -10.0567
v 9.0258 40.4017 -9.2048
v -15.7780 44.1454 -9.8696
v -23.7538 49.1213 -10.1738
v -24.2656 51.4932 -9.3035
v -23.0025 53.1019 -10.3030
v -5.7176 -2.9328 -10.0806
v 2.1049 -0.4275 -10.2264
v -1.5437 21.8860 -11.9771
v -28.7467 23.4547 -9.5474
v -29.0068 25.5731 -10.5911
v -26.9316 29.5260 -10.1557
v -23.5387 34.0702 -10.3237
v -20.8870 37.3960 -9.5763
v -19.4429 38.3380 -10.3838
v -19.1668 56.5181 -10.2392
v -18.8958 61.8837 -9.9955
v -16.6690 66.7515 -9.2066
v -17.5175 -2.0270 -10.5746
v -16.8650 -2.2909 -10.6320
v -25.5920 29.3593 -9.8166
v -24.8252 33.9353 -10.1748
v -24.1909 35.0682 -9.8789
v -26.2338 10.7601 -9.3689
v 1.8817 13.5905 -9.5236
v -25.5451 36.5709 -9.8498
v -22.6738 47.0114 -8.5836
v -24.0280 49.0602 -9.1413
v -23.9286 52.6917 -8.8383
v -17.0904 65.1552 -9.7780
v -16.2681 -2.8452 -8.8110
v -28.4467 19.0759 -8.5312
v -24.6086 28.2736 -8.6119
v -21.9222 37.7242 -8.8662
v -24.3485 38.2463 -8.9688
v -24.9438 39.2334 -9.4172
v -17.7922 40.9872 -9.6899
v -14.4500 44.9014 -9.3655
v -23.9246 48.7750 -7.9828
v -22.9066 58.8043 -8.3169
v -22.4362 57.8385 -8.4574
v 3.7575 39.3876 -9.6260
v -23.0431 63.2715 -8.2657
v 2.5820 -2.2013 -8.9763
v -25.2437 6.5778 -6.9253
v -26.0713 27.1505 -8.3354
v 6.0986 38.8831 -8.4245
v -17.0939 42.2720 -8.5570
v -22.8014 43.8319 -9.2475
v -21.5815 56.0587 -9.0835
v 20.5717 58.2184 -7.4407
v 1.5513 -2.9497 -7.0796
v 1.1736 -3.0331 -6.1818
v 1.8950 18.9074 -7.1959
v -23.2939 39.7101 -8.1333
v -22.9957 41.3225 -7.7233
v -17.3769 42.3616 -7.7695
v -17.8312 42.4532 -7.1553
v -23.7066 41.0635 -8.4501
v -22.4655 43.6600 -7.4436
v -22.3575 44.5005 -7.6148
v 18.1927 46.3302 -7.2008
v -23.7279 54.5220 -6.7904
v 20.1940 54.9979 -7.9315
v -16.4680 68.7831 -7.9967
v -0.1390 -2.9789 -8.0950
v -20.3353 40.1913 -7.8702
v -12.1933 42.0866 -6.0860
v -22.6674 47.1999 -7.4016
v -22.6781 47.5449 -6.7608
v -23.8794 55.1873 -6.3167
v -25.5400 64.5626 -6.6957
v -24.7162 63.6982 -7.2982
v 17.1450 68.8177 -8.0093
v 18.1042 69.9560 -6.8851
v 1.0721 77.4754 -7.2428
v 2.1421 15.9924 -7.1478
v -28.3186 22.1912 -7.8127
v -25.5199 26.6420 -7.1103
v -1.1826 36.4614 -4.1051
v -21.0340 43.5502 -6.3079
v -24.2082 50.1832 -7.1274
v -26.1353 63.3655 -6.2448
v -25.3196 62.4963 -6.8841
v -26.3408 67.7187 -5.6077
v 15.4542 74.5201 -6.5688
v 13.7626 74.1697 -7.1862
v -20.3211 -1.9672 -5.3823
v 5.2388 -0.1332 -6.5340
v 2.6085 11.1852 -6.0966
v -19.2045 42.2431 -6.7685
v -23.5271 48.5479 -7.0415
v -23.8985 55.8570 -6.4990
v -25.5533 60.8661 -6.4524
v -24.3593 60.1881 -7.4761
v -19.0313 -2.4880 -6.2546
v 3.6355 -2.5351 -7.1307
v 2.5947 9.1451 -6.0437
v -28.2909 15.3025 -5.1008
v 1.9437 20.7616 -6.4879
v -20.5802 44.6191 -5.7005
v -25.6322 68.8731 -5.6536
v 19.4791 69.2461 -6.1030
v -22.7169 70.0259 -6.0903
v 17.7139 77.7880 -5.2537
v 12.7844 77.0406 -5.5455
v 5.5442 -2.2920 -5.7927
v -13.8569 42.5882 -5.3291
v 20.0169 76.7303 -5.1368
v 21.1920 76.0674 -4.8662
v 7.6166 -1.1388 -5.0729
v 0.0441 23.9851 -5.5257
v -22.4633 28.2921 -6.0578
v 20.8593 49.0215 -5.1072
v -26.2744 70.5903 -4.5176
v 3.3663 10.4587 -5.0023
v -24.8694 56.2749 -4.9835
v -25.0621 71.6584 -4.4399
v -24.4306 71.2382 -4.8806
v 9.9227 77.9232 -4.9349
v 14.9517 79.1169 -4.3829
v 16.3137 80.4918 -3.7408
v 7.4308 -2.2986 -4.4505
v 7.7804 -2.6258 -3.7282
v 9.4040 -1.7993 -4.2973
v 3.2957 8.6027 -4.8543
v -28.4655 18.8879 -5.2555
v -28.1913 19.7731 -3.4591
v -17.4909 44.5980 -3.4799
v -25.8205 58.5652 -5.1745
v 21.9980 78.4544 -3.9860
v 11.3509 -1.9394 -3.3468
v 11.1911 1.0370 -3.8281
v 8.4440 4.1599 -3.2760
v -18.4550 45.4705 -3.3636
v -24.2494 54.5484 -4.4809
v 22.2846 63.0980 -3.5947
v 21.5623 68.0249 -4.5730
v -16.6818 71.8674 -4.6543
v 3.1489 79.6472 -2.0447
v 19.0404 79.3122 -4.5063
v 20.5007 79.3898 -4.2040
v 18.0972 81.0744 -3.5849
v 4.5305 21.9666 -3.3370
v -17.6751 73.3086 -2.2158
v -20.9362 -1.6392 -3.3459
v 11.7057 2.2822 -2.5453
v 6.9597 3.9748 -4.0715
v -28.4253 16.3781 -3.2119
v -28.3615 15.4918 -2.8607
v -10.1879 28.6141 -4.3089
v 8.0535 35.3296 -1.3371
v -23.1033 52.3935 -3.1190
v -18.8811 72.5126 -3.7630
v 11.3557 79.1278 -3.4176
v 7.3534 -2.9729 -2.6762
v -6.2240 -2.7152 -2.6634
v 10.3208 3.1641 -2.9648
v -28.2300 17.5626 -1.0593
v 3.8073 23.2793 -2.9150
v 3.1939 24.1339 -2.5798
v -0.1778 25.7336 -2.4774
v 0.4973 26.0520 -1.6029
v 16.6309 41.3546 -3.5014
v -27.3818 72.2129 -2.9525
v -27.6040 71.5270 -3.2286
v -23.4774 1.7523 -2.6683
v 8.3295 6.0844 -2.1155
v -1.8879 26.3544 -1.8250
v -22.0607 50.7650 -2.4617
v 22.9945 65.2883 -2.6307
v 21.1769 82.2399 -2.7351
v -29.1555 63.2964 -2.2993
v -25.9786 73.7510 -2.1780
v 6.5287 21.8945 -1.9658
v 8.9419 79.0428 -3.3215
v 4.0911 80.0492 -0.6221
v 20.1915 84.0450 -1.5430
v 21.6636 83.8129 -1.5929
v 21.9722 84.7603 -0.7563
v 3.9601 24.9042 -1.6211
v 1.5187 26.2818 -1.1174
v 3.9985 34.6738 -1.7414
v 3.6659 34.0938 -1.0412
v 6.6989 34.5433 -0.9450
v -16.2820 43.7808 -2.3906
v -24.9367 74.7688 -0.9825
v -23.4444 74.8470 -0.6628
v 26.5114 80.9154 -0.0452
v 10.2754 -2.9817 -0.4166
v 12.1035 -2.1981 -2.0753
v 13.1118 -1.8628 -0.4305
v -21.0550 -1.5547 -1.4016
v 10.4447 4.2913 -1.3718
v 8.2842 9.9718 -0.8070
v 1.7272 26.8436 -0.5369
v 2.1951 27.3324 -0.1810
v 2.1667 33.3922 -0.2012
v 19.8106 43.7147 -1.3237
v 19.8079 84.9276 -0.5791
v -1.0331 26.8096 -0.3689
v -18.6192 46.0401 -2.1442
v -29.6522 62.5571 -0.5445
v 24.3020 64.0999 0.0720
v -30.5544 67.3707 -0.5536
v -29.7486 72.2176 -0.8218
v -19.5902 -2.3674 0.2476
v -21.4223 -1.0001 0.8020
v 9.6636 20.2526 -0.1509
v 9.6463 34.8031 0.4410
v -5.7527 35.6923 0.7489
v 21.6326 46.0504 -0.5418
v -14.9979 73.9497 -0.8688
v 27.1858 75.2487 0.1870
v 11.0805 80.4536 -1.1093
v -25.1953 23.9668 1.2572
v 8.5942 26.5228 0.7757
v 3.1798 28.4261 0.2701
v 3.9024 31.5229 0.4939
v 4.6836 30.9221 0.5428
v 5.4672 31.3976 0.5563
v -30.8169 66.2327 0.5037
v -30.4294 72.1086 0.2284
v -17.8576 74.2801 0.9306
v 5.7632 28.7915 0.4716
v 6.8967 30.7225 0.9265
v 1.6299 31.3032 1.0545
v -2.0006 33.6376 1.2381
v -30.9828 69.9760 0.6391
v -27.5086 75.1321 0.4247
v 27.4590 75.0491 0.8701
v 27.5944 74.2638 1.4186
v 9.6474 80.4324 -0.0717
v -11.9121 -2.8383 2.6335
v 12.9573 -1.9682 1.0108
v 7.8866 32.9045 0.8273
v 21.8554 44.5104 4.3992
v -29.6260 61.4020 1.4457
v 26.2629 68.0241 1.5126
v 11.7769 -2.7039 0.6705
v 11.5732 -2.6939 1.4831
v 13.5981 0.1034 0.6894
v 11.1162 16.9220 1.5793
v -24.4546 53.5401 0.0843
v -29.2533 74.5650 1.5648
v -27.9390 75.1267 1.9847
v -28.0189 75.1749 1.3407
v 27.5342 80.1176 1.3720
v 26.4042 83.7026 1.3301
v 10.9143 4.7804 1.3412
v -27.7695 13.2614 1.5868
v -27.6059 13.5618 2.5253
v -7.5855 27.3938 2.3279
v -17.8442 27.5429 2.2622
v -17.4504 28.1518 0.9856
v -27.9612 57.9838 1.6558
v -31.0123 65.6927 2.2260
v -31.0669 66.3697 2.2758
v -31.1009 70.7279 1.9458
v 28.0145 77.7763 2.3969
v 27.8051 77.1319 1.6596
v 11.0705 81.5889 2.8567
v 9.6675 7.8604 1.8654
v -27.3555 14.7578 3.4748
v -27.3168 15.7338 3.4666
v -27.5226 17.4558 2.3398
v -27.8277 17.2958 1.2653
v -22.3065 25.5970 2.8222
v 8.8716 28.8782 1.6679
v 24.9417 63.2172 2.6669
v -31.1344 68.0555 2.6674
v 19.9603 87.0824 2.5576
v 11.0383 -2.6691 2.5304
v -19.3088 -2.1950 3.1797
v 12.9519 -1.3894 2.1577
v 10.4865 5.5450 1.5611
v 10.4081 5.7919 2.6074
v -26.0144 7.1377 2.3218
v -26.7563 9.3427 2.6352
v -30.3136 63.1352 2.5182
v -30.5494 63.8306 2.1477
v 26.9821 68.8135 3.4924
v -24.1560 75.4125 2.1688
v 26.0534 84.7557 1.7729
v 25.5903 85.9074 2.4090
v -20.5118 -1.5635 2.2922
v -0.9841 29.1838 2.3640
v -1.7482 30.5799 3.2032
v -2.2407 31.7988 3.1556
v 10.3939 31.0884 3.2670
v 10.1888 32.4070 2.8012
v 23.1958 47.9239 2.4734
v -25.3077 54.0677 3.0238
v -30.3567 64.3388 3.6268
v 26.3946 67.0650 3.2404
v -18.1491 74.2544 4.1978
v -20.7055 74.6339 3.7529
v -20.3915 74.7005 3.1628
v -26.5155 75.2533 2.6547
v 25.6195 86.5135 3.3085
v 25.8661 86.4214 3.7914
v -26.9408 10.5728 3.4645
v -27.3004 11.3950 2.6490
v -8.6853 26.8242 4.2239
v -3.4427 27.8241 3.6846
v 24.6419 59.5072 4.9547
v -29.7747 72.2626 3.3093
v -28.9644 73.4303 3.2971
v -27.3752 74.2615 3.4098
v -25.5455 74.3420 3.8664
v 28.2499 77.6111 3.6370
v 3.5390 80.9008 4.9459
v -17.5751 -2.7020 3.4049
v 11.3036 3.4425 3.8250
v 13.3209 17.7628 5.3285
v -3.2333 32.9990 3.0227
v -3.2892 32.3931 3.8434
v -27.6642 57.2702 3.3612
v -27.5205 57.1042 4.1258
v -29.6625 61.7851 3.8882
v -23.9469 66.4052 3.9878
v -25.6431 67.1111 3.9062
v -24.1225 68.0881 3.9816
v -29.9584 70.1759 3.6653
v 27.9732 73.1230 3.9782
v 27.7693 71.8519 4.0637
v -23.4003 74.3266 4.2727
v 24.4117 87.6681 3.4984
v 9.9592 -2.3348 4.7614
v 11.4079 -1.4369 4.1457
v 9.9543 6.5788 4.7819
v 10.0076 9.9515 3.5178
v -25.7306 54.5627 3.7393
v -26.5546 55.6610 3.5944
v -27.6410 57.5941 4.8067
v -27.9137 58.2659 4.8848
v -29.2950 63.9819 4.3282
v -27.8179 64.0417 4.3968
v -29.8017 65.3303 4.0878
v -21.4041 63.3298 5.3552
v -21.7237 65.8451 4.6888
v -21.4302 74.5058 4.2861
v 27.5340 83.2029 3.8761
v 27.5675 82.9495 4.4527
v 26.8412 84.8103 4.2477
v 10.8382 -0.6512 5.0714
v -2.9213 29.8143 4.7107
v 11.1331 30.8806 4.2657
v -4.1801 33.0158 4.8007
v 24.1095 50.0220 5.9629
v -29.1931 61.6800 4.5335
v -22.6263 62.4738 4.8840
v 27.8000 72.3652 5.1385
v 27.6017 71.6011 5.6414
v -22.1897 72.7056 5.0767
v 28.2061 78.1889 4.6147
v 28.1155 77.6658 5.1587
v 27.9810 80.4695 4.7084
v 27.7174 81.2085 5.1542
v 6.1586 -2.9066 6.4726
v -24.9037 53.7876 5.5665
v -28.3930 59.8024 4.9573
v -20.5448 66.1909 5.8024
v -20.7615 68.6286 5.3802
v 23.0189 88.2135 4.8898
v 8.0812 -2.4258 6.2455
v 8.6059 -2.6007 5.5477
v -22.6039 22.7727 6.0213
v -3.9217 28.2791 5.3259
v -19.2822 69.3100 6.9705
v -23.9486 6.6655 7.0769
v -24.3592 7.6895 7.0830
v 9.8300 9.0241 6.7498
v -26.1315 14.2054 6.1070
v -26.8128 14.4370 4.9216
v -3.5745 29.4034 5.9376
v 12.4555 31.5756 8.1984
v -23.3158 52.1883 6.2174
v -26.5116 58.2834 5.8163
v -26.9975 59.5707 5.4973
v -21.9120 60.3455 6.0413
v -17.3180 73.9129 5.5615
v 28.0033 74.7502 5.4839
v 27.9083 75.5843 5.8030
v -9.9013 77.2030 8.4955
v -1.2514 80.4621 5.1283
v -1.4987 80.3898 5.7439
v 27.3834 79.6998 5.9101
v 27.2279 80.9672 5.8160
v 9.8944 81.2606 5.8296
v 26.5013 82.8981 5.9227
v 25.8531 83.4796 6.1169
v 26.2577 84.9217 5.5130
v 25.9540 85.7526 5.3431
v 17.5532 86.1063 6.4191
v -8.2789 26.3124 6.0201
v -25.6002 54.9493 5.7477
v 27.0406 69.3518 6.3949
v 20.6726 76.5627 6.6842
v 19.8998 77.7156 6.7000
v 24.6644 83.1239 6.3966
v 20.9995 87.7044 6.2229
v 21.2956 87.6058 6.4095
v -17.7738 -2.4280 7.6047
v 10.2012 10.3421 7.1769
v 10.5684 11.1981 7.4152
v -10.5350 24.9154 7.6569
v 12.8414 28.7852 7.3873
v 22.6041 45.6763 6.2220
v 25.9684 65.5255 6.5316
v -18.8547 70.9782 6.9268
v 26.6039 77.7237 6.4548
v 11.5951 81.8262 6.6481
v 19.4160 86.9757 6.5283
v 23.3692 87.6631 5.9609
v 22.2731 87.2125 6.6334
v 9.4639 5.6194 6.5311
v 9.2212 6.7844 7.4132
v 14.3320 21.5401 7.9023
v 14.0418 24.6269 8.0405
v -4.5094 27.9559 5.9063
v -4.9853 27.7584 7.7385
v 12.8244 34.1722 6.6886
v 12.4532 33.9465 5.6903
v -21.0727 61.0633 6.8536
v 22.3543 73.1735 7.4389
v 19.5730 73.9150 7.6159
v 18.9015 79.9699 7.1890
v -0.4916 80.5541 6.6362
v 22.3445 86.2857 6.9259
v 8.4226 -2.0568 6.5577
v -25.4754 15.8200 6.8651
v -23.1243 17.9397 8.6487
v -7.5408 26.1154 7.7234
v -22.4358 55.1001 8.1987
v 25.5340 64.6547 7.7823
v 24.7066 62.4957 9.8351
v 26.8221 69.5193 7.3926
v -16.7089 73.4645 6.8650
v 18.3151 74.1598 8.5537
v 17.7671 75.8331 7.9266
v 20.3724 85.8571 7.3825
v 18.0150 85.8046 7.3716
v -24.5869 15.9921 7.8792
v -24.5325 17.2833 7.5727
v -10.9326 24.0894 8.5523
v 20.9067 42.9760 8.4517
v -22.1286 53.7524 8.6110
v 22.3985 71.6022 8.1824
v 26.7865 72.3272 7.3825
v 8.8983 80.8857 7.9107
v 19.5201 86.1240 7.3704
v 13.0138 34.2178 8.4275
v 12.8768 33.9665 9.5378
v -21.3326 51.0265 8.2614
v -22.1076 51.5758 7.4474
v -19.0801 67.6878 8.3129
v 25.9396 72.3930 7.6520
v 25.9916 71.6144 7.9073
v 16.0028 80.7192 8.6594
v 7.5587 80.2165 11.1010
v 12.8008 82.0122 8.0135
v 15.1999 83.3665 8.1485
v 14.3614 19.7059 8.9137
v 14.0614 24.8863 8.6742
v 14.1858 24.5241 9.5626
v 13.5706 35.3795 10.0508
v -21.5197 54.8627 9.1788
v -21.3151 59.0002 7.9978
v 24.9166 62.1461 7.4196
v -11.7835 75.9860 9.2582
v -23.6727 13.6253 9.1177
v -24.1094 14.1575 8.6550
v 16.2586 38.3021 11.1493
v -19.9260 64.6457 7.8752
v 14.4232 78.8412 9.5769
v 12.4785 81.0781 8.9572
v 13.9224 80.2677 9.3660
v 1.6666 -3.0746 9.9589
v -22.6427 5.8157 8.2874
v -4.7320 28.0550 8.7568
v -17.6551 45.3357 10.0559
v -20.7960 57.1547 10.2830
v 25.6522 67.0302 9.0948
v 25.1720 65.9080 9.7658
v 25.3262 67.5358 9.3980
v 24.9343 67.3505 9.7154
v 20.8218 70.5290 9.8067
v 4.0134 -2.9412 8.6032
v -22.1224 7.3891 9.5866
v -21.4380 18.9520 9.3178
v -22.0770 17.6981 9.4405
v -14.4186 20.8496 9.8069
v -12.4093 21.1102 10.1873
v -7.7997 25.2382 9.2937
v 13.1073 28.7748 9.3321
v -5.9780 34.4085 9.8727
v -16.6545 43.6175 10.0865
v 5.5622 0.1841 10.5534
v -22.4086 13.1296 10.1243
v -22.0334 13.9058 10.2696
v 3.5383 -2.6794 11.0151
v 12.6633 30.6693 9.4203
v -4.1935 32.5142 11.7259
v 24.6756 63.9314 10.5409
v 21.8964 68.5459 11.1007
v 19.5892 72.1119 9.2087
v -18.6955 5.2556 11.6225
v -19.9983 5.3601 10.6935
v 5.7816 7.0491 12.9307
v 12.5391 31.7953 10.3421
v -8.9736 36.4590 11.8965
v 22.6841 45.8023 9.2493
v 24.1497 51.4083 11.5462
v 14.3576 19.7503 11.0633
v 14.3668 22.8302 11.0655
v 14.4446 21.9953 10.7342
v -5.4670 27.1426 9.9631
v 12.5231 32.6101 10.4691
v 12.4801 33.1327 11.0343
v 23.7676 49.2970 11.1544
v 23.5894 49.3995 12.5107
v -9.9576 -2.8930 10.9481
v -10.0811 10.1119 12.2520
v -5.4155 26.8140 11.1531
v -20.0733 60.0452 12.1880
v -15.5704 -2.4653 12.7798
v -18.3095 0.3048 12.1267
v -17.7068 4.1480 12.3879
v -9.5296 7.6888 12.8254
v 9.1474 9.8004 10.4613
v -17.0329 12.1585 12.1804
v 14.1391 23.3618 12.2410
v 13.7038 25.3004 12.8299
v -3.2210 79.1787 13.2468
v -16.0609 5.2322 12.8570
v -7.9386 7.5352 13.4485
v -9.4853 10.4194 12.5448
v 2.1453 79.9216 13.0631
v 3.0741 -2.3285 12.8175
v -8.2399 5.5337 14.0218
v 13.1527 16.9458 12.8173
v -3.9244 29.1742 12.1002
v 12.0679 33.5036 12.6782
v 13.9791 36.3131 11.9216
v -16.8310 2.1773 14.0918
v -4.0570 27.9661 13.4162
v -3.6392 31.9020 13.2375
v -5.0667 34.1868 12.9131
v -5.0027 34.5022 14.0009
v -18.6330 64.3258 14.0906
v -8.0430 -2.8984 13.9041
v -7.5098 22.8667 12.9037
v 23.8136 57.1220 13.7527
v 3.8755 5.9507 14.5118
v 6.7222 9.7652 14.1603
v 13.6513 21.6502 14.4948
v 12.6286 29.5167 12.8473
v -2.5654 32.1736 15.5029
v -12.2099 -2.5310 14.5344
v -6.8828 5.4137 14.7973
v -5.6411 8.1083 15.4917
v 22.8227 47.8962 14.0030
v -18.9692 52.9735 15.0403
v 1.3511 -2.7822 14.3732
v -15.0866 3.1122 14.8273
v 3.2608 7.5834 15.4383
v -4.9533 34.9272 15.2238
v -13.7323 40.7966 14.3562
v -17.6990 49.2884 15.5156
v -4.6443 -3.0792 16.2290
v -7.0306 -2.8297 15.6808
v -8.2753 -2.4843 15.9218
v 2.5351 -0.5548 15.8067
v -7.5176 14.8311 15.3589
v 12.9633 19.2810 15.6418
v 12.0688 27.9997 15.2994
v 10.5860 30.6961 16.2156
v 10.5695 33.2082 15.5098
v 9.4797 33.3241 16.7954
v 10.8189 34.2634 15.4429
v -19.1489 58.1799 15.6701
v 21.8697 62.3210 17.0940
v -10.7079 -1.7139 15.9629
v -14.1583 -1.6724 15.5372
v -15.4743 -1.1268 15.2190
v -16.1572 0.5130 15.2152
v -16.3385 46.3944 16.2846
v -17.0599 47.2350 15.3901
v -17.4323 49.5338 16.1005
v 0.5759 -2.6783 16.5641
v 0.9962 -2.4956 16.6500
v -11.8443 -0.6015 16.3776
v 1.8051 2.0872 17.0183
v 1.5344 5.2548 16.2098
v -4.8143 5.5411 16.2866
v -3.7676 6.2246 16.5018
v 0.9441 7.4612 16.6041
v -1.9222 29.3680 17.1794
v -14.9994 43.0384 15.7068
v -6.2950 -2.8409 16.3772
v -10.6555 1.6343 16.2937
v -6.5903 3.2635 16.9626
v 0.0855 4.9338 17.0857
v -1.4894 6.0215 17.0986
v 0.0004 6.4568 16.7992
v -1.2358 7.4398 17.0360
v -2.5730 27.3342 17.4528
v 10.5422 35.6211 16.9244
v -1.6984 -3.0567 16.6709
v 22.6184 49.4152 16.3512
v -17.7070 64.2812 16.6440
v -17.1675 64.3243 17.7138
v -3.2905 77.7838 16.7722
v 8.9801 32.2291 17.3862
v -2.2117 34.5121 17.3862
v -1.4609 35.0029 18.5619
v -3.1406 35.3568 18.1077
v -4.9646 -2.6447 18.2357
v -8.0054 -0.9768 17.1806
v 1.7345 9.8236 17.5043
v 9.7834 15.5894 17.6041
v 10.2670 16.6811 18.0390
v -1.0673 33.5293 17.4120
v -17.3887 57.8846 18.4197
v -14.5196 68.9272 18.4452
v -0.4453 -2.5986 18.0639
v 0.4643 -2.1211 18.0531
v 1.4940 -1.0478 17.3976
v 11.9705 19.7243 17.4960
v 8.6168 35.4651 18.5387
v 19.7593 44.2534 17.6568
v -0.8515 -2.0121 19.0645
v -0.3317 9.3118 17.6194
v 3.0864 33.1217 19.0723
v 0.5444 33.4352 18.3170
v 0.7878 33.7976 18.5197
v 5.1743 33.7680 19.0998
v 22.7476 53.7870 17.3386
v -3.1849 77.0787 18.0606
v -6.3243 0.7411 18.8661
v -6.1895 0.0574 19.1284
v -5.4394 2.3067 18.8510
v -0.2520 2.9488 18.4052
v -1.2597 3.2943 18.5933
v 1.8775 32.1793 18.9323
v 21.9117 55.9388 18.7418
v 21.4946 56.7801 19.3129
v -5.5142 -1.4140 19.3002
v 0.1971 1.8980 18.6982
v -3.9934 2.2193 19.5283
v -0.1898 11.4421 18.6908
v 11.7520 23.1750 17.9926
v -7.0416 37.7881 20.3238
v 3.5716 13.2383 19.2460
v -2.9160 21.9066 19.4443
v 9.3369 26.4967 19.5055
v 5.4163 30.9597 19.6734
v 4.6983 32.2656 19.3354
v 2.4902 35.3676 20.3138
v -10.0198 39.9592 20.6301
v -15.0566 62.8708 20.9491
v -1.5736 1.2449 19.9517
v -2.9461 19.1862 19.6870
v 5.7057 35.5236 20.1382
v 17.6633 65.9826 21.0502
v -13.6300 68.5791 19.9222
v -5.7665 74.8651 20.0956
v -1.6066 -0.7776 20.1413
v -3.9838 1.1815 20.0801
v 5.4142 15.6878 20.3044
v 8.6218 23.6590 20.7405
v 17.1163 43.1860 21.1238
v 20.6322 57.0005 20.4395
v 19.6324 58.3269 21.0324
v 15.5967 69.4542 20.9813
v 2.4272 16.8796 21.4024
v 4.7119 16.6897 21.0349
v 3.6303 15.8851 20.8368
v 9.1924 20.8175 20.5339
v -1.4346 22.7717 20.4100
v 6.6532 27.1804 20.8005
v 6.7194 26.2404 21.0995
v 19.7101 48.4477 21.8033
v 0.2629 20.7639 21.5095
v 2.3926 26.6617 21.2680
v 20.4374 50.3449 21.3232
v 2.0551 23.9485 21.7427
v 6.1779 24.6064 21.6297
v -11.6445 43.5657 22.1298
v 20.0433 49.9619 21.7906
v 19.4401 50.1926 22.6532
v -11.2903 56.9158 22.1655
v 3.8210 20.2495 22.0082
v 19.7211 54.2989 21.9534
v -8.8850 70.9175 22.2005
v -6.8607 72.2641 22.2500
v -0.1591 74.4921 22.1798
v -0.8008 74.9971 21.5340
v -0.3595 36.4021 21.7330
v 5.0031 36.4481 21.7215
v -3.6491 73.7407 22.2023
v 1.6126 74.0828 22.7616
v 12.9359 70.0453 22.6485
v 12.7170 68.7641 23.3461
v -3.6570 73.1370 22.7972
v -3.0724 72.1420 23.7331
v 3.5309 37.5731 24.1686
v 17.8382 45.8930 22.8112
v 18.0830 53.1882 23.6064
v 15.1571 54.1816 24.6181
v 0.3324 37.9710 24.7421
v -0.0575 38.2236 25.0891
v 8.3697 68.3842 25.3222
v 8.3431 71.4559 23.9660
v -0.4306 71.6963 24.5261
v -1.1539 71.1118 24.8228
v 2.9699 38.1122 25.1675
v -3.2743 39.3421 25.2545
v -6.2161 56.5336 26.4200
v 9.3575 57.0188 26.0108
v -5.2565 40.7797 25.9978
v -5.1261 41.7789 27.1131
v 8.2230 64.3607 25.9949
v -5.2529 66.0813 26.2501
v 6.2576 68.2776 25.9360
v -8.5210 45.0652 26.4766
v -8.4086 45.8540 26.8286
v -9.7131 46.4102 25.2229
v -8.9214 46.8620 26.2609
v 0.8987 67.5374 26.6571
v 4.1062 39.8297 27.2022
v -2.9190 41.1654 27.4197
v -6.4512 53.2697 27.6856
v 7.0624 41.1930 27.5383
v 14.6270 51.4086 27.0382
v 2.6917 64.6417 27.3321
v 4.9357 59.0629 27.8582
v 4.3516 59.5833 27.8322
v 2.0430 61.3531 27.8692
v -7.1500 45.3459 28.0120
v -7.9941 48.2580 27.3367
v -7.8225 49.1238 27.3570
v 13.6761 49.3189 28.1377
v -2.5661 59.8136 28.0685
v 0.0600 42.2389 28.6810
v 12.4052 48.4964 28.9617
v -6.6196 48.8471 28.9774
v -5.7388 49.4289 29.8007
v -1.8577 58.3662 29.3623
v -6.5532 50.4312 28.7684
v -0.1578 57.8615 31.0009
v 5.0622 46.4245 30.7219
v 10.6055 48.8992 30.1690
v 8.4178 46.7654 30.4800
v 10.0570 49.9900 30.5136
v 9.0299 50.9887 30.9564
v 3.9642 56.1465 31.7157
v 7.8386 48.3601 31.2170
v -2.5534 46.6613 31.0291
v -2.6795 46.0201 30.8375
v -2.2058 48.3011 31.5659
v -1.2454 57.1054 31.4446
v 1.9911 57.3894 31.5430
v 6.9238 49.3674 31.6452
v 5.6840 49.1135 31.8100
v 6.9073 51.3572 31.7615
v 6.8914 50.6556 31.7931
v 0.7552 56.3682 32.5424
v -13.2503 41.9526 -4.2473
v -16.1834 43.1149 -7.5224
v -15.7845 43.2727 -7.2094
v -14.4071 42.9025 -5.6308
v -16.1546 43.3459 -5.6275
v -7.3474 -1.8654 2.2586
v -19.6360 28.8953 -12.7526
v -20.6016 29.2842 -11.8732
v -22.7389 28.4357 -7.7525
v -2.3600 27.1070 0.9236
v -20.8885 28.9506 -9.8124
v -4.4585 27.4475 3.4085
v -5.7290 27.2962 4.4784
v -6.2021 27.2285 3.7682
v -16.0897 29.3153 -7.6373
v -16.3046 29.3324 -3.8292
v -5.0917 27.2695 1.9275
v -13.5655 15.7977 -20.7218
v -11.1619 14.8378 -20.6792
v -9.9238 11.5938 -20.2033
v -11.6498 13.1197 -20.5432
v -9.1533 12.3403 -20.2544
v -16.2736 14.5605 -20.1586
v -11.9257 17.0849 -20.6633
v -12.1475 19.4799 -20.2567
v -11.2704 17.4155 -20.6102
v -10.0946 18.6065 -20.1703
v -12.2795 12.8096 -20.4983
v -9.5936 10.4805 -19.9150
v -5.8003 12.7198 -19.4789
v -7.0965 12.6141 -19.8687
v -7.0272 16.4615 -19.8780
v -22.8554 23.3010 -20.0632
v -22.2277 22.2620 -20.0454
v -21.9615 23.7576 -20.1387
v -23.4490 24.5542 -20.1047
v -22.7473 25.9835 -20.0275
v -24.3774 23.9945 -19.7943
v -24.8626 25.4720 -19.9546
v -26.3285 25.5738 -19.2542
v -25.3244 26.8853 -19.9910
v -24.9628 27.7536 -20.0912
v -24.1777 25.0202 -20.0482
v -24.7493 29.5385 -19.9819
v -23.6346 26.6554 -20.1241
v -26.6135 26.1983 -19.1519
v -26.2031 28.2037 -19.7943
v -25.6147 28.0047 -19.9746
v -23.1165 27.6889 -19.8269
v -11.9444 20.8428 -19.8120
v -10.5946 21.0853 -19.4381
v -22.8898 22.3913 -19.9118
v -26.0904 31.4972 -19.6707
v -26.1657 29.7905 -19.8245
v -11.0277 9.9937 -19.9168
v -8.3171 9.9380 -19.5648
v -15.6448 10.5442 -19.3558
v -14.4576 10.2014 -19.5803
v -14.1812 11.5925 -20.0141
v -20.1414 25.4653 -19.1919
v -23.2803 32.3856 -18.8533
v -23.4089 30.6857 -19.2154
v -7.4788 11.5877 -19.7756
v -6.3878 10.7323 -19.2649
v -19.9898 15.9816 -19.2499
v -22.1022 17.2005 -18.5854
v -23.4700 22.0315 -19.6288
v -23.9484 22.6622 -19.6159
v -23.4913 16.3692 -17.3426
v -24.9181 23.6160 -19.5194
v -11.2737 21.7985 -19.2315
v -18.3875 23.9910 -19.3319
v -19.1739 25.3560 -18.7695
v -24.9060 33.3403 -19.2671
v -25.9727 32.7929 -19.2208
v -25.0931 34.9363 -18.5216
v -23.7221 35.3865 -18.2861
v -7.3384 10.4686 -19.4826
v -26.7328 25.1751 -18.7200
v -28.5416 26.8690 -16.8124
v -27.4502 27.9420 -18.8111
v -21.8598 27.0523 -19.3492
v -5.8312 18.6463 -18.8375
v -25.5384 34.4607 -18.5938
v 0.4909 53.9151 -18.0013
v 3.4006 52.9620 -17.7914
v -3.8130 8.9874 -17.5202
v -1.9132 11.6891 -16.9062
v -26.2478 23.8845 -18.6261
v -27.3891 24.5283 -17.6679
v -27.8609 25.8219 -17.5521
v -17.7390 25.9217 -17.7024
v -1.8615 60.4794 -17.7929
v -1.2778 62.7426 -17.5103
v -22.2278 15.8965 -18.0364
v -3.5937 19.8397 -16.7608
v -22.2270 30.0114 -18.2193
v -20.7975 28.8419 -16.6587
v -22.0504 32.1689 -17.3826
v -21.7605 33.7674 -16.8426
v 1.6220 50.7418 -17.3397
v 7.5070 51.5212 -16.6057
v -9.5706 2.7684 -16.4310
v -10.0130 4.3084 -17.4764
v -1.6920 18.2240 -15.8678
v -21.1669 29.4448 -16.6658
v -21.8609 36.3847 -16.8589
v -22.6538 37.2816 -17.1477
v -2.8855 7.8909 -16.4511
v -25.4001 36.6369 -17.0884
v -24.7690 38.0067 -16.2744
v -21.8608 38.8532 -16.1768
v -22.9067 37.8911 -16.9592
v -21.5608 40.4755 -15.2410
v -23.8010 36.2098 -17.9512
v -23.9721 36.9994 -17.5210
v -24.4870 36.5538 -17.6963
v -23.7824 38.6558 -16.3145
v -23.4302 37.3783 -17.2826
v -23.4423 39.7035 -15.5287
v -22.6692 39.7012 -15.8236
v -22.0844 40.1676 -15.5196
v 5.0136 65.1232 -16.4254
v -27.9218 24.7643 -16.9600
v -27.9743 23.8697 -16.3697
v -28.1433 22.1725 -14.7010
v -21.1894 29.9460 -15.9976
v -28.4874 33.4207 -15.3968
v -12.4838 1.3337 -15.7091
v -27.6609 20.9248 -14.8055
v -21.2769 34.9348 -15.9598
v -24.9587 38.9345 -14.9422
v -26.3208 37.0378 -15.4100
v -2.0158 48.4904 -16.1813
v -5.7246 50.8596 -16.1181
v 2.9688 67.6059 -15.8348
v -0.4591 11.6307 -15.4672
v -14.2332 26.9269 -15.1818
v -28.9917 29.4207 -16.3026
v -28.8169 26.9727 -16.1154
v -29.3464 28.8498 -15.0046
v -21.5848 31.8377 -15.9446
v -21.3786 32.9292 -14.5850
v -15.2383 0.1303 -14.2934
v -28.3591 24.5636 -16.1489
v -28.6759 24.7949 -15.4367
v -28.5887 22.7129 -13.8370
v -28.9468 24.6474 -14.5572
v 0.9219 13.6563 -13.2559
v -20.1875 37.4860 -14.4794
v -20.8704 37.8349 -15.6403
v 2.1688 44.7948 -14.5990
v 10.7957 65.5576 -14.1098
v -0.9179 20.1220 -13.0341
v -19.9757 28.8584 -14.3529
v -20.6142 29.4631 -12.6929
v -22.1795 40.8112 -15.0224
v -22.3900 41.3280 -14.5215
v -23.5959 40.1340 -14.9649
v -22.6449 41.6330 -14.0393
v -19.6957 41.5436 -13.9945
v -20.7601 42.1550 -14.0904
v 1.3950 71.2817 -13.8553
v -18.4328 28.4286 -13.0769
v -20.7571 29.6551 -13.6120
v -21.4539 30.7070 -13.0656
v -21.5801 31.8857 -13.2860
v -27.5318 35.6042 -14.8536
v -27.7019 35.5791 -14.0606
v -27.0499 36.7651 -13.5831
v -15.2599 -2.0111 -12.1217
v -14.9853 -1.0141 -13.4913
v -7.4638 -1.8068 -12.5593
v -27.9771 18.8342 -11.6951
v -20.5273 35.6260 -13.5207
v -20.8109 35.0792 -12.3746
v -25.2090 39.0342 -14.2800
v -25.8655 38.3596 -14.0473
v -26.5113 37.2404 -14.6646
v -26.2852 38.0199 -13.0319
v -23.4315 40.5940 -14.6429
v -24.1462 40.7762 -13.1747
v -22.7429 41.9772 -13.4739
v -11.1136 49.9799 -13.2962
v -13.3660 52.4238 -12.8232
v 9.9850 68.6387 -13.0431
v -2.7562 71.2655 -13.5431
v 4.0330 72.1633 -12.8476
v -13.9706 -2.4955 -11.8895
v -3.3949 0.8426 -12.8949
v -3.1248 2.4239 -13.2069
v -1.9647 3.6411 -12.7377
v 0.1686 17.2308 -13.3999
v 0.8948 16.8809 -11.3407
v -29.3239 26.2982 -11.6002
v -19.4481 38.4058 -13.2284
v -18.5411 39.5272 -11.5702
v -21.7563 41.8994 -14.2078
v -21.4566 42.7729 -13.5366
v -20.6390 44.1903 -12.6615
v -19.5569 43.4784 -13.1832
v -21.1332 42.4963 -13.8362
v -20.6707 50.5802 -12.6592
v -16.2856 -0.9807 -12.8900
v -15.9988 -2.1980 -11.4172
v -17.1670 -1.4701 -11.7982
v -29.0011 32.2613 -14.2949
v -29.0953 31.8267 -13.6809
v -29.4170 29.4490 -13.3556
v -28.7686 32.1552 -12.5942
v -27.5314 35.9937 -13.3816
v -28.1516 34.6594 -13.0778
v -28.4162 33.0693 -12.2477
v -18.4667 41.7190 -13.0008
v 3.8074 41.5595 -12.0485
v 3.1905 42.3058 -12.7524
v 4.8243 42.9117 -13.0714
v -18.0502 43.2655 -12.5931
v -17.7320 42.9127 -12.2944
v -20.6290 47.4681 -11.6944
v -21.2725 49.1027 -12.2697
v -20.9640 49.4819 -12.3935
v -19.1510 49.8169 -12.2389
v -22.5555 49.6060 -11.8025
v 16.7955 57.3194 -11.9725
v -13.3835 -2.4106 -12.2116
v -10.9790 -2.6629 -12.0153
v -10.6925 -2.8227 -11.4755
v -5.5539 -1.3177 -12.4615
v -1.6410 -1.3684 -12.0040
v -2.2713 -1.1834 -12.1180
v -2.5468 2.0908 -12.8066
v -28.8598 22.4834 -10.6900
v -28.8669 22.4575 -11.5010
v -29.0180 23.4915 -12.7643
v -29.1020 24.4777 -13.6579
v -21.6232 32.5493 -12.8894
v -22.5244 32.0766 -11.4858
v -19.7095 37.3780 -11.9976
v -22.6757 42.6233 -12.6163
v 5.1995 43.3582 -13.3678
v -21.1435 44.6069 -12.0286
v -18.8370 44.8456 -12.5804
v -20.1239 45.7287 -11.9970
v -3.7080 73.2313 -11.6278
v -9.7531 -2.7373 -11.7383
v -8.8901 -2.6202 -11.9125
v -9.0856 -2.3061 -12.4506
v -6.8799 -2.2793 -11.9033
v -29.0294 30.6916 -12.4216
v -29.2429 29.4221 -12.3842
v -29.4611 28.2750 -13.2050
v -29.2234 27.0707 -11.6188
v -21.7024 30.6695 -12.3648
v -23.0405 31.9605 -11.0790
v -27.6103 35.7569 -12.7004
v -27.6697 35.3272 -12.0790
v -27.9648 33.4454 -11.6076
v -26.6679 36.6077 -10.8606
v -25.6609 39.0585 -12.4194
v -24.3709 40.9077 -11.8934
v -25.1766 39.4156 -13.5268
v -17.5546 43.7294 -12.1528
v -18.3686 44.6413 -12.4967
v -22.9104 48.8663 -11.0863
v -12.9634 -2.7666 -11.2652
v -1.3064 -1.7718 -11.7320
v -0.1325 -2.6171 -10.1414
v -1.1309 4.4636 -12.2478
v -29.1850 24.3461 -12.7520
v -28.7945 22.6674 -9.8324
v -29.1852 24.3600 -11.4217
v -28.9783 29.9814 -11.9847
v -22.3115 32.7645 -11.5357
v -21.9021 33.2928 -11.7891
v -21.3827 33.2565 -13.1694
v -21.5957 33.2225 -12.4310
v -27.0850 36.6327 -12.0623
v -26.6581 37.3089 -11.5561
v -26.0114 37.6689 -10.3577
v -26.3551 37.9392 -11.8126
v 15.5693 46.0348 -9.9023
v -22.8984 50.9874 -11.6759
v -23.5300 51.3546 -10.9214
v -16.9724 58.0906 -11.2539
v 1.5126 75.2623 -10.3408
v 0.4928 -1.2441 -11.3983
v -0.6893 4.1954 -11.6805
v -28.7394 29.5763 -11.4419
v -27.5034 28.9869 -10.2207
v -28.3864 30.2472 -11.2054
v -27.8025 30.6216 -10.8052
v -21.7609 44.7418 -11.1466
v -20.6506 45.7314 -11.7254
v -15.7483 53.2313 -11.7753
v -17.7616 60.8579 -10.5804
v -4.2193 -2.3654 -11.3159
v -3.4998 -2.6352 -10.6938
v -4.1873 -2.7882 -10.2815
v -0.1477 -2.7893 -9.4224
v -2.8063 -2.7957 -9.9794
v 2.0178 -1.7993 -9.8853
v 2.6846 1.0507 -9.1155
v -28.0446 17.6912 -9.8493
v -28.3816 20.2690 -11.6161
v -28.6647 21.4090 -10.5519
v -27.6811 32.5688 -11.0456
v -27.1247 34.4165 -10.7875
v -28.0065 32.6913 -11.3792
v -26.5385 35.3431 -10.4484
v -26.8490 35.9141 -10.8851
v -16.9287 42.3032 -10.0642
v -16.5194 43.5130 -10.5910
v -16.6207 44.5267 -11.2547
v -15.4677 44.8824 -10.0611
v -18.5315 55.5274 -10.6302
v -17.2798 63.4359 -10.2596
v -8.4013 -2.7699 -11.3998
v -7.0004 -2.7691 -11.0418
v -5.5779 -2.2475 -11.6512
v -6.2261 -2.5630 -11.3261
v -5.0156 -2.8946 -9.9128
v 0.8659 -2.3424 -10.1504
v 0.3275 -2.7379 -9.7688
v 0.6109 5.9710 -10.5789
v 1.0713 18.8231 -8.6718
v -25.4215 31.1915 -10.3315
v -25.9972 30.7314 -10.2903
v -23.5321 32.1723 -10.7954
v -24.6255 30.7848 -10.3698
v -23.5756 32.9243 -10.6632
v -26.3450 33.5776 -10.3978
v -26.5204 33.9845 -10.4915
v -22.3342 33.3908 -11.2579
v -22.2672 34.1007 -10.9520
v -16.4407 42.9441 -9.4238
v -16.0576 43.5463 -9.6524
v -15.3222 44.4516 -9.5739
v -24.1587 52.2408 -8.6065
v -22.6009 53.4736 -10.4693
v -8.0653 -2.8864 -10.8574
v -4.1275 -2.9614 -8.8024
v 2.9537 -0.9203 -9.3521
v -29.1010 24.6211 -10.8914
v -28.2348 23.2100 -8.2204
v -28.7716 25.9903 -10.2649
v -5.0947 25.9462 -9.8194
v -26.0438 29.9751 -10.0979
v -22.9017 33.5011 -10.8125
v -23.4189 35.0752 -9.9824
v -21.6476 36.1660 -10.0740
v -18.6743 39.6425 -10.0629
v -19.9632 38.8527 -9.1173
v -14.3391 46.2372 -10.2298
v -15.0777 45.6488 -10.1801
v -19.9456 55.1992 -10.2571
v -20.5324 56.7657 -9.5612
v -18.5508 58.0778 -10.4356
v -16.4417 67.8326 -8.7002
v -4.7740 75.0731 -9.0769
v -14.0258 -2.6954 -11.1127
v -19.6109 -1.5614 -8.6575
v -16.1779 -2.4787 -10.6539
v -25.0170 34.9556 -9.9555
v -23.2663 35.9957 -9.6108
v -22.9020 43.5446 -9.8722
v -22.2895 45.7182 -9.0679
v -22.1314 44.9509 -10.1181
v -21.7777 57.9408 -8.8770
v -22.5940 60.2820 -8.5454
v -26.6919 26.5328 -8.3400
v -27.3377 26.8503 -9.1320
v -27.4369 28.0840 -9.8360
v -25.1242 35.5712 -9.8505
v -24.1005 36.7209 -9.3218
v -25.2749 36.0938 -9.8086
v -13.7908 45.9028 -10.0741
v -13.5266 44.4251 -8.8757
v -22.3891 46.3139 -8.7168
v -22.5106 46.5975 -8.0916
v -23.3053 48.0831 -9.4112
v -17.2536 -2.6346 -9.0023
v -15.3385 -2.6381 -10.6248
v -16.5021 -2.6225 -9.8283
v 3.6920 -0.7179 -8.4928
v 1.7500 2.7555 -9.3078
v 1.2775 4.4856 -9.1147
v -28.5192 20.2252 -9.4128
v 0.3135 20.6386 -9.0454
v 0.1423 21.5364 -8.4793
v -24.8582 28.6234 -9.1446
v -26.1773 28.2058 -9.2285
v -23.9458 28.2960 -8.2555
v -21.1659 38.9943 -8.3561
v -22.0250 39.5401 -7.9451
v -25.5706 37.4819 -9.8308
v -24.9976 39.4654 -9.5350
v -18.8101 40.4782 -8.6364
v -18.2698 40.1780 -9.9182
v -16.0053 43.3319 -8.9739
v -15.5320 43.5604 -8.5330
v -14.8780 44.4308 -9.1631
v -14.2085 43.5912 -7.7070
v -24.4493 50.6116 -8.4550
v -24.3765 51.3435 -8.5867
v -23.4171 56.4529 -7.3821
v -23.0222 59.3418 -8.2458
v -17.7893 67.3444 -8.5469
v 2.1414 39.5399 -9.8009
v 3.2006 39.0049 -9.0969
v 4.2156 38.5638 -8.3517
v -24.1775 63.1458 -7.6777
v -23.3537 65.3061 -7.8139
v -23.2753 64.2640 -8.0424
v 2.2896 -2.4598 -8.8699
v 2.8079 -1.8278 -9.1445
v 3.6533 -2.2650 -7.6671
v 2.2228 8.1974 -7.2796
v -26.0772 26.5884 -7.7687
v -24.6077 27.9017 -8.0356
v -21.6858 28.8696 -9.2430
v 5.5020 40.1445 -10.3060
v 18.6850 47.8364 -7.5953
v 1.7287 -2.8316 -7.9295
v 2.6803 -2.9744 -5.6992
v 1.9524 15.2478 -7.4031
v 1.3993 20.0081 -7.5670
v -23.0529 39.1672 -8.2618
v -18.1636 41.7649 -7.7948
v -16.6952 42.7706 -7.9967
v -18.3807 42.6277 -6.6585
v -13.2027 42.5814 -6.0826
v -23.5893 53.9358 -7.7843
v -17.6536 69.2119 -7.3102
v 17.5215 70.8256 -7.0218
v 14.9097 72.6627 -7.5641
v 0.6768 -2.8887 -8.2608
v 1.5814 5.0042 -8.4311
v -27.0606 24.1695 -6.2040
v -19.4613 41.0682 -7.6467
v 15.8175 42.4247 -6.1413
v -22.3508 46.3049 -7.4463
v 20.2954 50.2150 -6.5726
v -23.8959 53.9979 -6.4960
v -23.9232 53.8125 -5.8090
v -23.9419 53.3639 -6.4119
v -23.0280 55.2716 -7.9803
v -24.5958 62.5812 -7.4011
v -26.0220 64.8758 -6.3459
v -24.8198 64.8413 -7.1328
v -24.0916 65.1462 -7.4913
v 3.1318 77.5594 -7.0282
v 3.2909 4.9583 -5.8071
v -27.9888 22.6656 -6.9997
v -27.5499 23.3910 -6.4594
v -24.3472 27.6790 -7.3562
v -24.7487 27.1755 -6.8528
v -26.5269 25.7007 -7.2983
v 2.3150 38.5357 -8.4089
v -22.0653 43.4988 -6.9192
v -24.3800 50.9119 -7.3999
v -24.2358 50.8679 -6.8718
v -24.0361 51.1913 -6.4296
v -24.5480 61.6133 -7.4066
v -26.0093 62.2940 -6.2599
v -25.9874 67.1972 -6.0262
v -26.3441 68.7357 -5.2808
v -25.5840 66.8988 -6.3024
v -24.8954 65.9628 -6.9005
v -19.6485 68.5154 -7.5516
v 16.9806 71.9738 -6.9464
v 16.2287 72.9003 -6.9281
v 12.5999 75.4766 -6.6832
v -19.0807 -2.3589 -7.0943
v -20.4867 -1.8523 -4.8523
v -20.8537 -1.5994 -4.1208
v 5.8641 -0.3315 -6.0243
v -19.9213 41.9661 -6.8266
v -18.8646 43.1294 -6.0877
v -24.2325 55.5440 -5.7438
v -24.6035 60.7794 -7.2967
v -23.8066 60.5000 -7.8338
v 9.7617 77.1723 -5.8629
v -20.0307 -2.1556 -4.8058
v -19.3834 -2.4555 -5.1866
v 1.9544 -2.6278 -8.6008
v 2.7345 -2.7256 -7.5381
v 3.6625 -2.7336 -6.4836
v 3.7408 -2.8800 -5.6536
v -28.2717 14.8122 -3.7551
v 1.1965 21.0390 -7.2900
v 2.9911 21.6811 -4.8088
v 0.7488 20.8895 -8.0311
v -8.7878 28.2101 -2.3333
v -21.8292 45.5796 -6.4459
v -24.9529 66.9664 -6.6414
v -24.8419 67.9956 -6.3759
v -26.3922 69.6652 -4.8766
v -24.7979 68.9827 -6.0132
v -23.8249 68.9660 -6.3785
v -24.0616 70.5730 -5.4250
v -21.4618 69.9640 -6.3506
v -17.9291 71.4008 -5.1515
v 18.5718 72.6443 -6.2410
v 17.7542 73.6019 -6.3442
v 17.1965 72.8152 -6.6455
v 17.4936 78.4982 -4.9309
v 13.3885 77.6118 -5.1475
v 14.0283 75.7488 -6.2548
v 4.5568 -2.7506 -5.5077
v 5.2026 -2.7440 -5.1494
v -2.4475 25.7335 -5.0539
v -1.2648 25.4970 -4.0180
v 12.8032 39.9275 -5.8311
v -13.7002 43.3629 -7.3712
v 22.1760 58.2710 -4.5861
v -27.0789 68.8632 -4.7795
v 19.5038 67.5416 -6.4093
v 22.1821 76.6059 -4.3193
v 9.5934 -0.8842 -4.7048
v 9.0222 0.2663 -4.8787
v -2.5870 26.0013 -4.1781
v -18.4614 43.6726 -5.5561
v -24.6770 69.8036 -5.6536
v -25.4373 70.6027 -4.9177
v -27.0704 70.5666 -4.0510
v -26.1311 71.4434 -4.1000
v -19.6784 -2.3701 -4.0992
v 3.4451 6.3558 -5.1092
v -6.2156 38.5673 -5.1627
v -24.5166 55.4060 -4.9431
v -26.1334 72.5393 -3.3362
v 12.0086 77.7952 -4.9347
v 10.8593 78.0098 -4.7362
v 14.2128 79.1154 -4.2337
v 17.0703 80.9897 -3.4954
v 5.5698 -2.7231 -4.7434
v 6.7258 -2.6707 -4.1247
v 8.0925 -2.8221 -3.0167
v 9.4201 -2.2156 -3.8667
v 8.8881 -2.5618 -3.4107
v 3.7386 4.9846 -5.3505
v 3.7477 8.8163 -4.5952
v 3.2958 7.0135 -5.0887
v -28.5019 20.0485 -7.3990
v -28.4001 19.8611 -5.7065
v -27.6193 22.5890 -5.2576
v -28.3918 20.7118 -6.5954
v -15.7865 43.4118 -4.1699
v -28.2846 60.2709 -1.8382
v 10.8411 -2.1381 -3.3381
v 9.9604 -2.4167 -3.2636
v 11.3677 0.3392 -3.9351
v 10.9771 1.8868 -3.5143
v 9.2494 3.9574 -2.9587
v 22.1497 56.3844 -4.7277
v -15.6149 72.2383 -4.4126
v -20.9312 72.1861 -4.4196
v -21.4651 72.6538 -3.9508
v 20.8887 81.2673 -3.3409
v 22.0255 79.8885 -3.5208
v 18.0129 80.2946 -4.0405
v 18.9970 81.1344 -3.5810
v 19.7301 81.1274 -3.5766
v 5.6832 -2.8814 -4.0609
v 2.0432 34.9819 -2.1983
v 23.5174 70.2609 -3.3267
v -16.8554 72.8337 -3.1217
v -16.1404 72.5677 -3.7144
v -14.6455 73.4346 -2.6381
v -20.8942 -1.6668 -2.6905
v 12.2383 1.0011 -2.7937
v 12.0062 1.6717 -2.7049
v 7.9594 4.9473 -3.0706
v -28.2155 14.3303 -2.5830
v -28.2328 16.5082 -0.6670
v -28.3499 16.0116 -1.9305
v -23.7415 27.6339 -6.1612
v -10.2267 28.6766 -3.6904
v 22.7821 49.2501 -0.9765
v 22.4186 52.7086 -3.7178
v -23.4896 73.4058 -2.9815
v 24.3449 75.4539 -3.1738
v 11.7792 78.3785 -4.3633
v 8.4639 -2.9303 -2.3392
v 9.7132 4.2180 -2.3235
v -28.0735 16.9865 0.1565
v -28.1609 18.4965 -1.3908
v 2.8775 23.0595 -3.7741
v -0.8432 25.7471 -2.9363
v -28.0214 70.9968 -3.2265
v -27.7088 72.5711 -2.5691
v -26.6458 72.1796 -3.3371
v 8.6797 5.4094 -2.2273
v -2.7383 26.8104 -0.4317
v 25.7251 71.9201 -1.4158
v 24.9989 68.8220 -1.3050
v -27.7557 69.8662 -3.9009
v -29.9809 69.9649 -1.4123
v -29.7415 71.3654 -1.2114
v 24.5690 79.3133 -2.3069
v 24.1341 82.2041 -1.5625
v 22.5534 82.8783 -1.9462
v 21.7058 81.9153 -2.8069
v 13.4591 -0.9884 -0.1011
v 13.0952 -0.5137 -1.8034
v -26.5017 7.7610 -0.1969
v 7.9525 15.8928 -1.7280
v -21.6090 74.2944 -1.3230
v -18.3962 -2.7200 -0.0714
v -6.7449 -2.1874 -0.7255
v 12.5201 1.3633 -2.1413
v 12.7002 2.1764 -0.5835
v -20.4497 27.7310 0.2094
v -27.2278 72.8844 -2.5064
v 9.2828 80.0084 -1.2194
v 11.1096 79.9284 -2.1561
v 21.6485 85.1626 -0.3997
v 22.7729 83.7735 -1.2671
v 22.3698 84.3268 -1.0083
v 20.9965 83.2925 -2.0886
v 22.3151 85.6031 0.1621
v -9.7754 -2.8225 0.4532
v 13.6314 -0.1172 -0.1893
v 13.1956 0.8681 -1.0947
v 10.2458 5.0644 -0.3939
v 9.3373 5.4765 -1.3867
v -27.9555 12.6188 -2.3206
v 5.1228 23.5962 -1.9443
v 5.4280 25.6718 -0.7315
v 3.9201 25.8126 -1.0352
v 2.8340 25.9820 -1.1474
v 1.9988 25.4875 -1.8273
v 2.3877 34.3956 -1.3808
v 3.2872 33.4131 -0.3628
v 4.4646 33.7070 -0.6088
v 5.5193 34.1957 -0.9097
v -2.3020 34.8966 -0.5352
v 26.3961 73.7081 -0.8944
v -22.6620 74.7171 -0.6856
v 27.1268 76.3575 0.0074
v 10.6214 -2.7525 -1.9609
v 9.9097 -3.0122 -1.1853
v 11.2460 -2.8482 -0.6770
v -20.2720 -2.1544 -2.6340
v -19.1035 -2.6027 -0.2518
v 10.6718 -2.5116 -2.6779
v 11.4239 -2.5321 -2.0892
v 12.0015 -2.5076 -1.4574
v 11.8543 -2.6726 -0.9091
v 12.5039 -2.3303 -0.8168
v -20.6063 -1.8974 -1.8155
v 13.0449 1.7327 0.3812
v 9.4866 4.8634 -1.8430
v 10.0510 5.8300 0.4805
v 3.4018 26.4449 -0.7246
v 2.7894 26.9340 -0.4590
v 0.7154 26.7974 -0.5662
v -0.2606 33.4400 0.5107
v 1.0850 33.2837 0.1697
v 2.8167 32.9361 0.0762
v 5.3946 33.5841 -0.3767
v -16.5487 74.0439 0.1046
v -15.6622 73.5011 -1.7734
v -15.9187 73.0780 -2.7811
v -27.1531 73.5525 -1.9389
v -2.1929 79.1044 -1.9700
v -2.7742 79.3626 -0.5036
v 21.6221 85.6592 0.0706
v 9.6880 -2.9131 -1.7971
v -24.2249 25.4827 0.2471
v -30.0981 64.1322 -0.6325
v 24.7195 63.3876 1.6020
v -30.4262 66.0533 -0.5783
v -30.9813 68.9032 0.5346
v -30.8196 68.1352 0.0266
v -30.5869 68.6796 -0.5212
v -30.2984 69.2021 -0.9991
v -29.4426 72.8571 -0.8044
v -30.1040 71.8023 -0.4853
v 1.4309 79.6004 -2.0855
v -20.0420 -2.2386 -1.9963
v -18.9618 -2.5060 1.2521
v -20.2354 -2.0433 0.3073
v 9.6131 10.5048 1.8755
v -28.1452 13.5460 -1.6938
v -27.8584 12.9909 0.6868
v -28.1645 14.5683 -0.6491
v -28.2234 15.6577 -0.6819
v -13.7692 28.4657 0.2743
v 5.2469 33.0110 -0.0153
v 6.3236 31.9609 0.5996
v 8.2927 33.8491 0.4501
v 11.1192 35.4266 0.9982
v -15.7322 74.3717 1.3721
v -25.6417 75.4905 1.7399
v 3.6384 80.6381 2.1683
v 11.1638 80.9482 0.0114
v 12.0585 81.3903 0.0751
v 11.1067 4.3839 0.5434
v -24.5906 24.6255 1.2612
v -21.9348 27.0641 0.2891
v -22.6355 26.9409 -0.5162
v 5.6974 27.3902 0.0591
v 3.8497 27.1058 -0.3135
v 4.1300 27.8949 0.0437
v 4.2854 28.7129 0.3153
v 5.0230 29.1949 0.4583
v 4.5248 32.3406 0.2328
v -1.6799 34.3044 0.0971
v 0.2798 34.3015 -0.7792
v 23.4718 50.2358 0.5860
v -30.2230 64.7431 -0.5682
v -30.5364 65.4987 -0.0724
v -30.4335 71.1343 -0.2071
v -30.5916 72.5890 1.4064
v -30.6128 72.4003 0.9390
v 11.6226 15.9444 2.7281
v 5.6904 29.6879 0.6090
v 7.4238 27.6827 0.6378
v 3.9615 29.6737 0.5117
v 7.3548 28.7931 0.8953
v 7.0699 29.8248 0.9506
v 5.9499 30.3746 0.6896
v 0.7936 31.4447 1.3752
v 2.4560 31.7801 0.6867
v 3.4219 32.1048 0.3922
v 0.8286 32.5337 0.8486
v 2.7307 32.3890 0.4106
v -0.1593 31.6602 1.7465
v -30.5191 70.0219 -0.4170
v -30.7760 70.5991 0.2904
v -30.9687 70.8172 0.8730
v -20.0274 74.6437 1.2787
v -28.2043 75.0421 0.9421
v 27.2760 73.1995 0.7758
v 27.3630 73.7197 0.9069
v 27.5175 76.4043 0.9198
v 8.5077 80.1418 -0.4465
v 12.7273 -2.3194 0.7386
v 13.1283 -1.5352 1.4605
v 12.0873 -2.3918 1.9744
v 0.7335 30.8759 1.4866
v 0.7403 30.1336 1.4588
v 9.2013 32.0558 1.9698
v -29.2747 60.5559 1.9118
v -29.8483 61.8235 2.2412
v -29.9308 61.9816 1.6374
v 27.5265 71.4465 2.7485
v 9.9455 -3.0176 0.5241
v 10.8786 -2.8925 0.8948
v -24.2244 3.6274 2.4462
v 10.1209 6.6334 2.6986
v -27.1403 20.8200 0.5188
v -26.5465 22.0431 0.7846
v 7.7898 29.4785 1.1806
v 9.2665 30.8390 2.1832
v -4.7245 34.7148 1.8209
v -29.5219 74.2059 1.5459
v -28.4756 74.8696 2.2501
v -27.1719 75.3863 1.6004
v 27.3390 78.4175 0.6008
v 27.6292 79.1236 1.3520
v 27.8256 79.8139 2.1170
v 28.0094 79.1015 2.6406
v 27.2885 83.4529 2.9097
v -28.0699 14.9903 0.3899
v -27.8667 14.3249 1.4957
v -27.5922 12.1372 1.6823
v -29.0852 59.9882 2.5755
v -30.9632 66.9602 0.6259
v -31.0989 66.7313 1.7143
v -30.7416 64.4377 2.1636
v -31.0764 67.0387 2.6700
v -30.9531 71.1902 1.4248
v -19.1095 74.5134 2.8124
v -14.8135 74.7647 2.5516
v -13.9166 75.0761 2.4348
v 27.5972 77.8246 1.1028
v 28.1476 78.2229 3.1588
v 27.9744 75.8893 2.3108
v 27.7959 74.3253 2.0990
v 10.7122 81.5275 3.6776
v 12.1750 82.3105 3.4007
v 21.7539 87.6905 3.0456
v 22.7676 88.0136 3.6421
v 10.9703 12.9933 3.7007
v -27.8989 15.3470 1.4168
v -27.6458 15.5848 2.4504
v -26.9821 13.8410 4.4390
v -27.2528 16.6685 3.4105
v -27.0464 17.4060 3.7251
v -27.7068 18.2444 1.1978
v -27.8942 18.9240 -0.3824
v 12.5545 20.0771 3.0844
v 11.9891 21.7994 2.4359
v -21.3519 25.6948 3.5409
v 10.0457 29.6382 2.7306
v 24.9819 62.3189 4.7206
v -31.1004 69.5717 2.6319
v -30.6694 72.1148 2.1692
v -30.1962 73.3696 1.5713
v -22.6114 75.2025 2.1017
v 8.7783 80.9609 3.1132
v 18.7112 86.4386 2.3175
v 20.0383 87.6810 4.4022
v 2.4551 -3.0013 3.3767
v 9.7654 -2.9955 1.4357
v 9.2926 -2.9802 2.7513
v 11.1364 -2.4857 3.0100
v 9.6142 -2.8396 3.2510
v -19.4213 -2.3679 1.8553
v -19.2443 -2.1128 4.0231
v 12.4918 -1.8006 2.5758
v 13.2344 -0.9404 1.6405
v 12.5700 -1.1613 2.9559
v 12.0000 -0.8319 3.7599
v 12.5183 -0.4434 3.2711
v -26.1430 8.2510 3.5475
v -27.3351 10.9147 1.9899
v -26.5402 9.3885 3.6264
v 13.4936 18.9966 5.0948
v -27.2199 19.6188 1.8454
v -26.0093 21.3756 2.9474
v -27.2027 20.0847 1.2407
v -26.7877 20.5504 2.0100
v 12.4482 23.2392 3.3682
v -24.9252 22.2482 3.8807
v 11.9945 35.4880 2.0265
v -30.3779 63.1784 1.9894
v -30.0090 62.3850 2.8914
v -30.6966 64.4719 2.6206
v -30.9401 65.7527 2.6497
v 27.9163 80.5264 2.8642
v 26.2935 85.1913 2.5674
v -11.4675 -2.7583 3.4733
v -19.2348 -1.9007 5.1597
v -20.8328 -1.1382 2.7784
v -21.7053 -0.3169 2.1562
v -1.2132 28.2016 1.9164
v -1.9220 28.8844 3.1037
v -0.0042 30.2964 1.8866
v -0.6753 29.7543 2.2882
v -1.9138 29.5477 3.3494
v -0.7759 30.4410 2.4177
v -2.1081 32.3763 2.5844
v -1.0536 31.1218 2.4908
v 10.4208 30.4529 3.2586
v 10.6306 33.6326 2.6105
v 10.6283 32.2752 3.3751
v 10.8707 31.6940 3.8678
v -30.7870 65.1568 2.9622
v -30.6751 64.5815 3.0941
v -29.7108 61.5159 3.1481
v 25.9022 66.1103 2.5693
v -21.8849 74.7537 3.8020
v -18.8227 74.1383 4.6366
v -27.1204 74.6680 3.1669
v -24.3244 75.2505 2.8124
v 24.8265 87.0192 2.9632
v 25.6740 86.5971 4.4466
v 1.3247 -3.0348 5.5724
v -27.1289 11.5362 3.4686
v -27.2559 12.6718 3.5051
v 10.0929 11.1546 2.9605
v -7.5789 27.1176 3.4623
v -3.2485 27.5500 2.7324
v -4.0341 27.9448 4.7576
v -2.5941 28.4896 3.5409
v 11.6060 29.3458 4.5624
v 22.3331 45.3608 4.8919
v -30.8929 69.5903 3.0011
v -30.2158 68.8465 3.6895
v -30.4938 70.4162 3.3198
v -29.0780 72.6097 3.5083
v -28.9128 73.9193 3.0960
v -28.2844 73.0875 3.6204
v -27.4675 73.0738 3.8235
v -25.0166 74.9083 3.4870
v -24.7586 75.0689 3.1639
v 28.2061 78.5274 3.9460
v -17.7924 -2.6098 4.5729
v -18.5333 -2.4035 4.3629
v 10.1154 6.5598 3.6950
v 13.6831 18.4501 6.0544
v 13.3442 17.1818 5.9218
v -4.3453 33.8195 3.2191
v -28.1705 58.1598 3.6097
v -27.2442 56.8790 4.7703
v -29.3717 60.8589 3.6548
v -29.5471 61.6654 4.2209
v -30.8846 65.7969 3.0714
v -23.1613 65.5792 4.2361
v -23.1156 64.9651 4.2511
v -21.8401 67.2098 4.5747
v -29.2911 71.6418 3.6245
v -29.0299 70.8269 3.8024
v -28.1758 71.0969 3.8716
v 27.9286 72.8337 4.9246
v -27.3780 72.2780 3.9149
v -26.1096 73.2679 4.0716
v -25.6865 73.8749 3.9925
v -23.0582 74.5402 4.0951
v 24.7623 87.5514 3.8084
v 9.4488 -2.6741 4.2313
v 11.2774 -2.1511 3.5074
v -9.7611 -2.2399 4.2934
v 10.0438 -1.9798 5.0636
v 11.4125 -1.8533 3.8652
v 12.2683 0.3144 3.6327
v 11.8995 1.8462 3.9239
v 10.1665 3.9613 5.5717
v 9.9625 7.4108 4.0223
v 9.7933 8.5253 2.7841
v 9.8941 9.2169 3.3502
v 10.0826 9.5371 5.1469
v -26.7587 11.6075 4.6540
v -26.2403 55.2694 4.3204
v -26.7655 56.0995 4.6367
v -28.5844 58.9865 3.6698
v -28.2985 58.6048 4.3056
v -26.9475 56.7672 5.2523
v -28.9045 59.7846 3.8678
v -23.6795 63.4765 4.4788
v -23.6782 64.6885 4.2613
v -29.7140 63.4286 4.1549
v -28.2303 62.8093 4.6139
v -22.5614 63.4929 4.7013
v -21.8284 63.7502 4.9394
v -21.0571 64.5623 5.5257
v -22.2512 64.4419 4.6372
v -19.5481 74.1793 4.6811
v -20.2666 74.1860 4.7343
v -22.4984 74.7047 3.9241
v -16.5764 74.3878 2.1071
v 27.9062 81.3756 3.5134
v 27.7904 82.2081 4.0497
v 27.1448 84.1292 3.7394
v 27.5309 82.3631 4.9784
v 27.2292 83.5409 4.9068
v 9.6401 -0.4767 6.2454
v 12.4426 14.8026 6.3345
v -19.4994 26.2153 3.9417
v -19.6243 25.1115 5.3981
v -3.4719 30.7349 5.7839
v -3.2170 30.3337 5.2557
v -2.9370 30.6008 4.6548
v -2.6246 30.9391 4.0432
v 11.1354 32.3307 4.1083
v 13.3609 35.2001 6.0402
v -28.6449 62.1785 4.6514
v -23.1748 62.8999 4.6647
v -21.6725 62.1390 5.4706
v -21.9390 71.5291 5.1134
v 27.4664 70.4511 4.3569
v 27.4947 70.7679 5.1589
v 28.0036 73.9247 5.0881
v 27.3696 70.8920 6.1921
v -23.5355 73.6948 4.4951
v -21.0259 72.3867 5.4591
v 28.2165 76.0714 4.9493
v 28.2035 76.7116 4.8608
v 28.1285 79.4841 4.2924
v 27.9372 77.0288 5.6378
v 27.9213 78.4589 5.4608
v 27.8894 79.8368 5.2649
v 28.0110 80.8711 4.0483
v 27.3922 81.7319 5.4823
v 13.0349 82.8033 6.3259
v 10.9725 81.6794 5.0334
v 22.8987 88.1567 4.3062
v 24.8186 87.5180 4.2625
v -21.2379 -0.5828 3.1178
v -3.0838 31.3133 4.5510
v -3.4726 31.6570 5.0716
v -4.0050 32.3231 5.7863
v -19.5973 47.5406 5.0249
v -25.9645 55.1145 5.1317
v -24.1817 52.7026 4.1696
v -28.2962 60.3376 4.9778
v 25.4787 63.8993 4.9029
v -20.0103 67.6266 6.4008
v -19.7481 68.3949 6.6131
v -20.2845 70.0856 5.8956
v -20.9737 70.2287 5.4111
v -15.1765 74.7268 3.8216
v -15.6953 74.4849 5.0434
v -8.5918 77.9851 7.1750
v 24.4584 87.6770 4.7070
v 21.9780 88.1588 4.7841
v 23.3174 88.0530 5.3432
v 0.7512 -2.8889 4.5206
v 6.2837 -2.6510 7.3616
v 11.4003 1.2351 4.6947
v -24.7685 6.4291 5.2684
v 9.9160 8.1062 4.8255
v 9.9151 8.3040 3.6449
v 13.6143 26.1551 7.6728
v -3.8360 28.9714 6.3136
v -24.4237 58.0678 6.2050
v -20.1544 71.9968 5.8772
v 18.4894 86.8835 4.8289
v 18.6395 86.9820 5.2951
v 20.7455 87.9340 4.5602
v 21.8570 88.1482 5.2556
v -24.8542 7.5484 6.1387
v -24.5198 8.6751 7.3725
v 9.4074 8.4758 8.0275
v -24.2759 9.2969 8.0080
v -26.6095 12.4339 5.1983
v -25.2568 12.9737 7.4442
v 10.4540 10.8412 5.5341
v -25.5445 14.4723 6.9320
v -26.5409 14.8771 5.3355
v -26.9177 15.8367 4.4149
v -20.9586 23.0563 6.8762
v -5.4485 27.4067 5.5235
v -3.1171 28.9999 4.6613
v -3.4676 30.0581 5.8586
v 11.7738 31.2312 5.5985
v 11.8342 31.8904 5.7219
v 11.7319 32.5172 5.1963
v 12.4048 32.4410 7.6517
v -27.2527 58.5553 5.5417
v -27.2528 59.3042 5.4768
v -27.8136 60.2507 5.1633
v -27.3241 60.1210 5.2958
v -17.4594 73.6227 6.0798
v 27.6356 72.4678 6.0464
v 27.8063 74.0514 5.9395
v 28.1257 75.3990 5.0783
v 27.7407 76.3444 6.0193
v 26.4756 79.1521 6.3129
v 26.9182 80.1012 6.1043
v 27.6876 79.1709 5.6825
v 27.0082 82.3074 5.7034
v 9.3718 81.1607 4.3784
v 10.8949 81.4224 7.1372
v 26.3172 80.6018 6.2264
v 26.1350 82.0503 6.1570
v 26.7156 83.6397 5.6039
v 25.0921 84.0153 6.2893
v 14.4390 83.8464 6.4017
v 25.4268 84.8388 6.0906
v 25.6245 85.5099 5.7843
v 26.7838 84.2669 5.2173
v 16.9174 85.8169 5.8833
v 24.9709 86.0194 5.9841
v 24.6286 86.7193 5.9005
v 24.5542 87.4723 5.1897
v 8.9288 4.5150 7.4400
v -10.5648 25.5882 6.6040
v -8.8379 25.7079 7.2045
v -8.1079 25.9954 7.1947
v -24.6108 54.5206 6.6797
v -25.8277 57.4410 6.1114
v 26.1870 66.4489 7.0407
v 26.6388 67.8591 6.6730
v 27.0922 69.1282 5.1896
v 26.8783 68.4408 5.9062
v 27.1173 70.2047 6.7842
v 19.4292 75.7611 7.0394
v 25.5201 80.8973 6.3488
v 23.1294 83.0953 6.5872
v 21.3981 87.1436 6.7331
v -17.3229 -2.2865 10.0110
v 9.6946 9.3790 8.0156
v -9.0855 25.0224 8.2975
v 22.9711 46.4620 5.8695
v -23.9668 54.4721 7.1942
v -25.2017 55.7507 6.4785
v -25.3986 56.5521 6.3459
v -22.2429 58.4980 6.9038
v -23.7320 57.4517 6.6527
v 26.1472 65.9267 5.6006
v -19.7004 70.6268 6.3337
v -19.6926 71.3967 6.2412
v 26.7983 73.7107 7.0953
v 27.1597 74.4530 6.7831
v 27.5886 73.2763 6.3786
v 27.4222 73.8793 6.6415
v 27.4822 76.8193 6.2369
v 18.6156 76.6443 7.2002
v 26.7749 75.0450 6.8320
v 26.7015 76.3784 6.6288
v 27.1025 77.1987 6.3905
v 25.9119 78.2290 6.4842
v 10.2410 81.3837 4.8555
v 11.8352 81.7043 7.6177
v 15.0734 84.0799 7.0751
v 19.1324 87.0293 6.1524
v 19.6665 86.6384 7.0692
v 21.9113 86.7500 6.8744
v 24.3522 86.3663 6.1888
v 7.7458 1.5887 8.4191
v 10.0885 5.0356 5.2604
v 14.2989 23.4896 8.5453
v 13.1179 34.5364 7.3324
v 12.5767 33.4672 7.0594
v -19.2613 47.5743 7.7501
v -23.6008 53.3782 7.1648
v -24.2600 55.9182 6.9517
v -22.3053 57.3926 7.4346
v -23.8904 56.3646 7.0446
v 19.5398 73.3665 7.9530
v 20.0846 73.3169 7.6946
v 25.6765 73.6461 7.3077
v 25.6241 74.7556 7.0262
v 26.1746 75.4815 6.8721
v 25.0898 78.9295 6.4588
v 23.7304 86.2122 6.4340
v 6.0862 -2.5684 7.9477
v -24.8813 18.2145 6.8684
v -25.3852 17.1311 6.6338
v -26.4607 15.9025 5.2938
v -25.9041 16.4341 6.0994
v -25.0890 15.2082 7.4451
v -22.2839 20.1185 8.2313
v -6.6946 26.6227 7.5687
v -21.8421 52.7232 8.7900
v -22.2353 56.2127 8.0260
v 25.2574 63.2884 6.5239
v 25.0883 63.2529 8.3364
v 26.2900 67.1108 7.5390
v 26.4454 68.1097 7.7797
v 27.1116 70.9798 7.0760
v 26.4697 68.8558 7.9886
v 26.0739 68.2623 8.5465
v -18.1339 73.0538 6.3464
v -17.5393 73.2359 6.5429
v -16.6653 72.4471 8.3833
v -12.9371 74.9976 10.0026
v 18.3419 75.4608 7.6601
v 16.4450 77.1963 8.6400
v 18.9481 84.1886 7.8050
v 19.9830 86.0618 7.4150
v 17.6501 84.9807 7.8134
v 17.8609 85.4501 7.6557
v -6.3742 -2.7825 9.4627
v 8.5030 6.2399 8.6670
v 8.9629 8.6988 9.5375
v 9.8665 10.1041 8.6278
v -24.0685 16.7691 8.1941
v 14.9319 36.8801 9.1384
v 20.4588 42.5102 10.1177
v -23.3117 53.7053 7.5072
v -21.4072 52.8968 9.4476
v 20.9509 72.5259 7.8907
v 22.9577 69.9787 9.0518
v 26.4130 69.5817 8.0932
v 26.6576 70.9384 7.7109
v 27.3229 72.4814 6.8230
v 27.0173 71.6821 7.2764
v 26.3609 73.0520 7.3832
v 10.1235 81.1147 7.5968
v 14.6948 83.6566 7.3413
v 18.0522 84.1512 8.0649
v 17.2750 84.2121 8.0333
v 18.8910 84.7310 7.7645
v -20.3764 20.4914 8.9754
v -19.2200 22.2719 8.1901
v 12.5977 33.0309 8.1451
v 12.7563 33.5054 8.8332
v 13.6175 35.3007 7.9874
v 12.6825 33.7849 10.6409
v -21.5499 52.0274 8.8498
v 26.2660 70.2947 8.1121
v 25.9735 70.9950 8.0625
v 15.6156 79.7467 8.8407
v 16.8094 79.4996 8.2076
v 16.5627 81.9363 8.4553
v 10.1059 80.8742 8.5974
v 14.0416 83.0690 7.5375
v 12.1448 81.4561 8.3835
v 13.6750 82.2684 8.3225
v 14.8370 83.4580 7.8213
v 15.1166 82.8420 8.4524
v -24.5358 12.7365 8.3028
v -23.8047 9.6810 8.6099
v -23.5722 12.3343 9.2412
v 13.7250 17.3977 7.4423
v 14.0165 19.0359 7.0480
v 14.2806 18.9136 9.5778
v 14.2324 19.5115 7.9918
v 14.3674 22.8765 8.9274
v 14.3091 23.6990 9.2330
v 14.2210 24.1441 10.6455
v 13.5324 26.9041 8.3519
v 13.6864 26.6412 9.2533
v 13.9940 25.4050 9.8683
v 12.9761 34.4309 10.3326
v -21.4105 56.3800 8.9876
v 23.3139 69.0307 9.5266
v 25.8872 69.7368 8.4653
v 25.4423 69.2750 8.8089
v 20.9024 71.9545 8.3094
v 22.2259 69.8627 9.3046
v -15.8038 73.7995 7.3049
v -15.2459 73.7156 8.4639
v -15.9038 72.4565 9.7580
v -14.0641 74.0748 10.1241
v 16.4838 84.0545 8.0425
v -23.5822 13.1088 9.2630
v -23.6036 14.9796 8.9961
v -24.0548 16.1486 8.4100
v -4.9965 33.7518 11.6326
v -19.8559 66.7512 6.9447
v -20.2198 64.3951 7.3241
v -17.1107 71.6695 8.6134
v 17.1001 75.2340 9.0927
v 15.3168 76.8080 9.8470
v 11.6040 80.9639 8.8821
v 12.9173 80.2933 9.5223
v 13.9714 81.5836 8.8562
v 15.0095 80.1942 9.0608
v 16.4849 82.8137 8.3962
v 16.0776 81.5825 8.6715
v 1.2692 -2.9886 12.5996
v -23.7217 7.6558 7.9314
v -22.7373 9.8866 9.6908
v -5.3365 27.4164 9.1224
v -4.3673 28.6253 9.8699
v 26.0029 66.7783 8.2544
v 25.6102 66.2853 9.0300
v 25.7131 67.9115 9.0050
v 24.6430 64.9014 10.6016
v 24.7240 65.6513 10.4058
v 25.6418 68.5479 8.9224
v 21.7396 70.3609 9.2208
v 21.2058 70.0500 9.8970
v 21.0684 69.8991 10.3889
v -4.4091 79.6050 8.2764
v 1.8677 -3.0116 11.4749
v 4.3370 -2.9849 7.3340
v 4.5203 -2.6525 9.5366
v -21.0298 18.0081 9.9082
v -18.4896 20.1309 9.7840
v -12.2327 19.2921 11.0128
v -11.7280 21.3943 10.3656
v -7.3483 24.8145 10.7007
v 13.7715 26.3025 10.6544
v -3.9851 29.5000 11.0704
v -4.6764 33.1387 10.2458
v -20.9083 51.3054 9.4310
v 23.1428 68.3764 10.0311
v 10.8084 80.8291 8.9435
v 11.1828 80.5386 9.4708
v 11.6084 80.2090 9.8208
v 4.8761 -0.4570 11.3545
v -20.0976 4.0493 10.2411
v -22.5298 14.8452 9.8231
v -21.3973 13.1567 10.6905
v -20.8268 52.5597 10.3893
v 24.3911 65.2126 10.9951
v 4.8197 -2.2125 10.0267
v 12.5731 31.5952 9.5994
v 25.5324 65.5616 8.8343
v 24.1583 63.7826 11.6390
v 22.3629 68.8013 10.1765
v 22.4061 67.4591 11.6703
v 19.5751 71.7616 9.8653
v 12.0589 78.8480 11.1804
v 4.0034 -1.1775 12.5031
v -18.9207 6.3659 11.5840
v -19.5602 15.3847 11.2402
v 12.6307 30.4509 11.6081
v -19.6469 52.6633 13.3279
v 24.2221 51.0016 10.1515
v 23.7140 50.5189 13.1358
v 6.2229 8.1113 13.1342
v -10.0029 19.4165 12.3914
v 14.4622 21.3275 10.2227
v -8.5463 22.1443 12.3062
v 14.4465 22.5288 9.8588
v 14.2168 23.7146 11.3670
v 14.1347 20.5457 12.7441
v 12.2792 31.6387 12.1696
v 12.3514 32.4310 11.5381
v 12.5965 32.7287 9.3414
v 12.4117 33.6357 11.6951
v -14.7339 41.2504 10.7363
v 21.5516 43.9654 9.3829
v 22.3277 45.8793 11.9987
v 23.2912 47.7588 11.2281
v 23.4608 48.5553 11.9282
v 23.3233 49.4272 13.8325
v -8.7039 -2.8742 10.5848
v -18.3322 11.8836 12.0104
v -9.7171 9.9737 12.4383
v -17.7139 12.4737 12.0457
v -9.0969 21.1512 12.4306
v -4.7306 26.8053 13.1730
v 20.7734 43.2682 11.8131
v -15.9776 -2.2839 13.1343
v -16.3733 -1.7387 13.7065
v -16.9741 -2.0282 12.0909
v -18.1362 0.8860 12.6186
v -17.8462 1.1560 13.0689
v -16.0980 4.6323 13.0950
v -8.9028 7.3055 13.0360
v -17.4621 11.3366 12.2245
v -16.6582 13.1046 12.0755
v 14.1809 21.2461 12.6021
v 14.1257 22.1182 12.8258
v 13.9945 23.0722 13.0922
v 13.8059 22.7797 13.8576
v 13.7847 25.6563 11.9628
v 13.1354 27.4456 13.1451
v -17.4312 5.7022 12.3015
v -15.2091 5.7688 12.9131
v -13.9543 6.2588 12.9666
v -11.7995 7.9472 12.6955
v -9.2545 8.5150 12.6808
v -8.8021 9.3359 12.9421
v 13.7925 18.8340 12.9446
v 2.4973 -2.5613 13.1482
v 2.2063 -2.1649 15.1668
v -7.6464 6.4436 13.8519
v 4.2702 4.3275 13.6587
v 4.7790 6.7132 13.8953
v 12.7074 17.1527 14.5769
v 13.5461 18.9163 13.9278
v 13.3997 25.0654 14.1938
v -3.5939 29.5692 13.3245
v 11.4369 33.3311 14.0746
v 11.9297 32.0230 13.1227
v 12.3324 34.1200 12.4093
v 13.0625 34.8988 11.2077
v 13.1356 35.3660 12.1028
v 7.9676 79.8164 12.2802
v -3.9817 32.6950 12.9427
v -3.6319 32.7672 13.9670
v -4.3375 33.1579 12.4478
v -4.5989 33.6203 12.6166
v 24.3478 62.0609 11.2031
v 23.6332 63.4209 12.8197
v 1.2230 -2.9238 13.5432
v -12.4904 -2.7995 13.0109
v -11.2891 -2.8274 12.8383
v -10.5470 -2.7846 13.5118
v -11.1399 -2.6220 14.2871
v -9.7644 -2.7362 14.0116
v 2.5539 0.1708 15.9542
v -3.3457 30.3829 13.8594
v -3.0284 30.0196 14.8612
v 12.1256 34.4797 13.3118
v 12.6842 34.7366 12.2272
v 11.9728 35.5218 14.9740
v 23.3847 64.3542 12.8057
v 2.4793 79.3145 15.0362
v 3.6140 -0.9525 13.4081
v 2.4691 -2.0750 14.5399
v 3.6759 4.8927 14.5157
v 4.0893 6.9233 14.5806
v 3.0044 5.3358 15.1975
v 13.2353 20.6562 15.4878
v 13.9580 20.8690 13.4163
v 13.5186 22.6092 14.7120
v 11.9721 29.9205 14.2475
v -3.2029 31.3238 14.2103
v -3.1063 32.5355 14.8236
v -13.1056 -2.3924 14.8531
v -13.0471 -2.6072 14.0504
v -11.4862 -2.2774 15.1962
v -15.2684 -1.9983 14.4973
v -13.3134 -2.7347 13.3366
v -7.1313 6.5309 14.2280
v -6.7393 5.9530 14.6663
v -5.4915 5.8049 15.7166
v -4.8538 8.4132 16.0598
v -7.8930 20.9707 13.8343
v -7.0469 21.7953 14.4183
v 22.8251 48.6573 15.0913
v 23.0598 47.7682 12.6617
v 23.1647 50.8298 15.6347
v 23.9772 53.6668 13.3429
v -7.9548 4.2984 15.0928
v 2.3081 6.4288 15.7019
v -14.3392 40.9772 12.4009
v -14.0386 40.8043 13.0553
v -5.0962 -3.0623 15.6344
v -3.8798 -2.9558 17.5159
v -8.7084 -2.5737 15.3953
v -8.2595 -2.1821 16.3138
v 3.5841 -0.2180 13.7959
v 3.0534 -0.7990 14.6473
v 2.5051 -1.2352 15.5221
v 2.4553 -1.7628 15.1099
v 5.4514 8.8164 14.5892
v 6.8092 11.5810 16.0267
v 13.7000 19.8167 13.9099
v 11.5772 31.0585 14.3507
v -1.8821 31.5440 16.3507
v 10.0721 31.8757 16.4041
v 10.0416 32.6059 16.2359
v 11.4184 35.5869 15.8458
v 10.3048 34.5897 16.2812
v -18.7454 56.6425 16.4358
v -18.5767 60.3048 16.5281
v 18.6554 70.4134 15.2250
v -13.9634 -1.3049 15.7763
v -16.4430 1.0859 14.9102
v -15.7435 1.0266 15.5141
v -9.2042 1.4679 16.4626
v 3.2966 3.8693 14.8632
v 2.1104 2.4559 16.6364
v -4.9476 7.5740 15.8800
v -16.6731 47.4298 16.2895
v -16.9296 48.4611 16.3512
v -16.6608 49.7772 17.1669
v 19.8371 67.6934 16.8734
v -9.4955 -2.3834 15.3873
v -8.6334 -1.7942 16.3898
v -8.4683 -1.2024 16.7032
v -13.1517 -0.2729 16.3516
v -14.7196 0.3103 16.0661
v -14.9883 0.9014 15.9284
v 2.4084 1.5421 16.3220
v 2.8858 2.9495 15.4291
v 2.4028 2.1518 16.2123
v -4.1063 6.6759 16.2939
v -4.1457 7.2374 16.2656
v -3.2498 7.4919 16.6161
v -2.2157 6.4163 16.9581
v 0.2204 7.2601 16.8163
v 1.6021 6.9633 16.1818
v -13.9333 42.2262 17.0317
v 9.1780 77.3084 17.2091
v 5.6860 77.6772 18.0636
v -6.1057 -2.8270 16.9915
v -5.1974 -2.8296 17.6942
v -14.1971 0.7351 16.2266
v -13.3888 0.5654 16.4284
v -11.8953 0.8921 16.4626
v 0.7441 5.9247 16.5351
v -0.8594 5.4365 17.2252
v -0.5183 6.9802 16.9469
v -2.2269 7.9219 16.9610
v 11.8173 36.2860 16.3266
v 9.6325 35.5466 17.7687
v -3.3094 5.5263 16.9990
v 22.2512 48.8204 16.9024
v -17.0966 65.3916 17.1946
v -7.5802 1.9352 17.2360
v -4.0417 -2.8759 18.0620
v -5.4531 -2.3483 18.4942
v -5.7647 -2.0364 18.6654
v -6.7554 -1.4960 18.2636
v -8.4231 -0.0945 16.9740
v 0.5466 8.0717 16.9608
v 0.9958 8.8393 17.1774
v 9.1925 16.1568 18.6763
v 10.0341 17.6935 18.9249
v 0.0977 31.9667 18.0857
v 7.8641 32.3314 18.1765
v -16.4607 58.4525 19.4226
v 12.1463 74.6176 18.9592
v -2.4233 -2.9148 17.7827
v 1.5383 -1.6514 16.9562
v 1.9607 -1.6255 16.2103
v 10.9297 20.6535 18.9585
v 11.2129 18.7257 18.1534
v 6.9926 35.4605 19.4995
v 7.1663 34.4241 18.6845
v -13.1402 42.6600 19.2069
v -7.7315 74.6261 19.1257
v -1.8748 -2.6946 18.3112
v 2.8763 11.1817 18.0286
v 1.1332 32.7141 18.5391
v 2.1572 33.4684 18.8724
v 1.0655 34.0925 18.7948
v 6.3349 34.5296 19.0982
v -6.2697 36.7118 18.6508
v 21.3747 58.1094 19.2098
v 22.2726 58.6142 17.5099
v -16.0594 64.2271 19.4486
v -0.5308 76.1047 20.2222
v 1.6101 77.9014 17.8074
v 0.1788 -0.2551 19.1976
v -6.7119 1.3989 18.2416
v -6.4138 1.8452 18.3561
v -4.9752 1.6770 19.5094
v 1.6771 0.7580 17.4253
v -5.0079 2.8355 18.6991
v -1.0200 1.9709 19.3384
v -2.7542 2.5013 19.4051
v 0.4143 26.5256 20.4970
v 2.6653 32.5701 19.0573
v 3.9772 33.0967 19.1678
v 3.6271 33.6237 19.1673
v -0.7682 34.0187 17.9141
v 2.1419 34.5325 19.3605
v -0.4914 34.7073 18.6916
v -13.9021 47.8620 19.9620
v 22.1649 50.7518 18.3023
v 21.4988 55.4389 19.5255
v 21.0134 57.6089 19.8369
v 4.3924 77.1836 19.0206
v -5.2318 -0.6803 19.6738
v -0.1655 1.1354 19.2682
v -3.3776 2.3768 19.5007
v 1.5932 14.0707 20.1138
v 10.3104 18.9613 19.2344
v 10.7583 24.9019 18.6995
v -0.8095 26.6420 19.6170
v 6.2506 32.6629 18.9528
v 2.6788 31.5923 19.3531
v 18.8870 64.1220 20.4359
v 7.9447 76.0179 19.8113
v -3.0974 -2.5205 18.9481
v -2.4252 -2.6054 18.7195
v -2.4187 -2.3421 19.2369
v -2.2401 -2.0010 19.5941
v 2.8499 13.4440 19.5565
v 4.9932 13.8530 19.1937
v -1.5559 14.6506 19.9539
v 6.5000 14.1108 18.7158
v 8.9603 25.7218 20.0359
v 5.5196 32.3990 19.1964
v 5.7229 33.2549 19.0165
v -0.1728 35.1688 19.4330
v 0.9067 35.2554 19.8981
v 3.3819 34.9925 19.9133
v 15.1107 69.9172 21.1245
v 10.8112 74.9100 19.6627
v -4.1968 -1.1897 19.9289
v -1.5613 0.6774 20.1243
v -2.1677 20.6994 20.1915
v 10.2564 24.4979 19.3222
v 5.7845 35.9779 20.6909
v 4.0675 35.4900 20.4678
v 20.3118 60.6535 20.0004
v 19.7396 61.0513 20.4557
v 3.7962 74.7972 22.0560
v -1.9015 -1.1694 20.0754
v -1.1404 -1.1775 19.7815
v 3.1269 14.2751 20.0154
v 4.2857 14.9118 20.1587
v 6.1288 14.6608 19.3191
v 5.1956 14.7423 19.7715
v 5.5474 16.6645 20.7971
v 7.7497 21.8804 21.3233
v 9.2666 22.3567 20.4642
v 21.0790 54.8990 20.2421
v 20.6788 55.6425 20.6543
v 20.5013 58.4047 20.2755
v 20.2015 56.3190 21.0241
v 19.7262 55.6035 21.5990
v 19.6789 56.9645 21.2897
v 20.2368 59.7913 20.2462
v 19.9918 59.0406 20.6213
v 14.5206 70.2997 21.3043
v 15.8410 68.7036 21.2598
v -10.2570 70.0170 21.9350
v 3.0664 14.9927 20.4588
v 5.7165 17.5783 21.1630
v 3.8569 16.7636 21.2120
v 8.9081 19.8754 20.6578
v -1.0058 24.0304 20.3845
v 0.0768 25.2744 20.7097
v 5.9903 28.3053 20.6013
v 5.2561 26.3669 21.4482
v 5.4384 29.1720 20.3799
v -12.4595 44.3172 21.4154
v 20.1750 47.9445 20.7963
v 18.7842 47.5976 22.6775
v 19.1924 57.6792 21.4212
v -13.8379 61.1683 22.0126
v -13.2090 61.7397 22.4833
v 6.6854 20.1490 21.5579
v 7.2317 18.5425 21.0773
v 1.4335 21.9775 21.7496
v 1.0395 25.8400 20.9509
v 19.4496 51.0497 22.6669
v 4.0225 17.6698 21.5113
v 5.0966 18.5297 21.6000
v 5.8552 20.3422 21.7841
v 2.7542 23.3405 21.9370
v 6.9251 22.9653 21.5956
v 0.0614 35.6202 20.2368
v -9.4374 41.3492 22.9371
v -10.4555 43.2373 23.3874
v -13.2748 47.4546 20.6392
v -12.4245 46.9838 21.6587
v 19.0228 49.1422 23.0365
v 19.2891 49.4877 22.7340
v 18.6188 50.5048 23.6251
v 12.8895 71.3763 21.8191
v 11.7281 70.4980 23.0520
v 1.7072 20.9780 21.8612
v 2.6870 20.9710 21.9903
v 4.1355 18.6544 21.7389
v 5.7955 21.3192 21.8416
v 3.4231 21.9156 22.0421
v 4.4358 22.6721 22.0565
v 3.5698 23.0140 22.0347
v -10.3399 47.3295 24.1168
v 19.5951 52.9286 22.3558
v 20.6162 54.2846 20.9436
v 20.1307 53.6404 21.6518
v 19.1321 55.0801 22.2062
v -1.9423 74.7928 21.5936
v 0.5838 73.9710 22.7625
v 0.4925 75.0940 21.6216
v 19.0309 52.4679 23.0200
v 19.1117 53.0624 22.8796
v 14.5556 65.5457 23.0962
v -2.0178 73.7292 22.6478
v -2.9407 74.3617 21.7705
v 3.1652 74.5807 22.2772
v -8.6408 55.8434 24.1217
v -9.9709 66.3159 24.0173
v 15.0348 68.6674 21.9334
v 14.0218 69.4754 22.2522
v 13.3662 71.0496 21.6652
v 13.7125 70.2447 22.0063
v 12.1580 69.7059 23.2468
v 14.4420 69.0768 22.2112
v 11.4018 69.3095 23.7774
v -2.3676 72.6247 23.5223
v -2.4612 71.4040 24.3893
v -7.9802 56.1683 24.7577
v -7.9566 57.9194 24.9483
v 0.9718 72.9883 23.6663
v 3.9337 72.3900 24.1435
v 18.4736 48.8684 23.5740
v -0.5454 38.1142 24.7288
v 11.9773 41.6389 25.0946
v 11.6397 55.7241 25.5350
v 11.5872 57.5670 24.7812
v 10.0283 69.3328 24.3806
v 8.1917 69.1166 25.1319
v 9.2849 67.7108 25.2030
v 10.3118 70.1031 23.9473
v 0.4138 72.2650 24.1847
v -7.7684 65.3788 25.4706
v -1.8701 70.5907 25.0151
v 1.3770 70.6929 25.2875
v 0.1114 70.9053 25.0964
v -1.0404 72.4505 23.8830
v 16.4440 49.8234 25.8554
v 8.8789 56.7087 26.5894
v -8.6936 44.2672 25.9328
v 5.6962 60.7091 26.9536
v 4.2484 66.7177 26.7439
v 5.2649 67.5104 26.3799
v 5.9434 67.2518 26.3352
v 5.5584 69.3061 25.6729
v 4.6962 67.2358 26.5755
v -0.3874 67.5081 26.5849
v -9.9544 45.0456 24.7885
v -9.1880 45.4222 25.8093
v -7.8583 44.7123 27.0271
v -8.2860 46.6341 27.0690
v -9.9602 45.7625 24.8961
v -8.1478 47.4302 27.2320
v 7.6973 58.8175 26.2878
v -0.1527 66.1783 27.0194
v 2.0296 67.5810 26.6546
v -2.5383 41.8861 28.1444
v 9.2048 42.8300 27.8423
v -5.0140 55.8632 28.3239
v -6.4605 58.3520 26.0774
v 6.5111 63.0554 26.5922
v 5.2756 65.9216 26.7310
v -5.3789 43.2929 28.2145
v 1.2912 59.2045 29.1670
v 3.7171 60.1521 27.8147
v 1.7080 59.7469 28.5976
v 1.8717 60.3611 28.2028
v 2.8146 60.5948 27.9251
v 0.8963 60.1028 28.4718
v 0.1846 60.6684 28.2431
v 4.9512 41.3867 28.2433
v -7.1766 44.5067 27.5863
v -7.0474 46.1857 28.3773
v -7.6627 46.3827 27.7670
v -8.5814 48.3808 26.4537
v -7.3702 48.0868 28.1610
v -2.4284 59.1081 28.4174
v -2.3197 58.6353 28.7896
v -0.1184 59.9599 28.5626
v -1.0289 59.8017 28.5222
v -1.9972 60.6785 27.9986
v 13.5895 45.3750 26.9554
v 11.5482 47.6194 29.3399
v 12.1000 47.6269 28.9526
v 11.7374 48.8693 29.4466
v 3.0584 41.8026 28.7961
v -4.4817 53.7845 30.4166
v -2.0025 45.8287 30.7499
v -1.8497 45.2091 30.4959
v -2.6064 57.1760 30.3129
v -5.0299 45.0955 29.5946
v -7.0272 49.9728 28.2146
v -6.3786 49.8038 29.0885
v -6.7458 47.9552 28.8697
v -4.9575 50.0083 30.4280
v 6.1309 55.1238 30.9787
v -0.6211 59.3267 28.9363
v 6.2996 45.8549 30.4001
v -6.9033 47.0507 28.6611
v -5.7783 47.5348 29.7959
v -5.1105 48.8098 30.3373
v -4.3737 50.7944 30.8764
v -0.3344 58.9079 29.4506
v 0.5181 58.9650 29.5144
v 4.1140 57.7214 29.9219
v 8.4868 48.8900 31.1190
v 9.4773 48.8082 30.7301
v 10.9323 47.6816 29.6934
v 10.2169 48.2964 30.2689
v 10.9065 49.5005 30.0248
v -3.7084 50.7315 31.3141
v 8.6541 52.0152 30.8880
v 7.2894 47.2828 31.0100
v 9.1057 47.1951 30.4198
v 8.9738 49.4196 31.0220
v 9.0582 50.1036 31.0040
v 7.9807 51.3120 31.3454
v 4.0332 57.0133 30.8394
v -3.5761 45.9073 30.5198
v -4.6798 47.9904 30.5875
v -0.3012 46.4163 31.0240
v 7.2954 47.8250 31.1885
v 9.6956 47.7377 30.3598
v 8.5019 47.7883 30.8598
v -2.0045 47.1056 31.2561
v -3.9833 47.7328 30.9028
v -3.5332 48.4663 31.1819
v -1.6190 47.8017 31.5038
v -3.4501 49.7072 31.3639
v -3.1319 50.6003 31.6034
v -1.9810 56.9831 31.0968
v -0.6158 57.2712 31.5706
v 2.6289 56.5618 32.0528
v 4.0763 57.4000 30.4212
v 3.4678 50.8649 32.4206
v 6.0220 48.0282 31.4202
v 5.1581 50.1393 32.1109
v 6.7823 52.1410 31.6894
v 5.8902 51.2556 32.0717
v 4.8769 51.1482 32.2849
v 4.7282 52.0132 32.3458
v -0.2126 56.2732 32.4685
v 0.4486 57.0867 31.9427
v 3.8010 53.1467 32.5805
v 3.2237 52.9556 32.7639
v 3.9380 -1.7629 -7.8860
v -15.6206 43.2912 -5.2069
v -17.6440 42.8593 -6.6851
v -16.0517 43.1717 -8.2643
v -15.3584 43.2805 -6.8309
v -17.6253 43.6258 -5.4346
v -17.3120 43.3935 -5.7746
v -17.1249 43.1352 -6.3774
v -16.6866 43.3135 -5.9553
v -14.8241 43.1973 -6.4512
v 12.7880 -0.1547 -2.2798
v 11.1350 -0.9041 -4.0710
v -21.1511 29.7158 -12.0377
v -21.0043 29.0999 -10.5012
v -7.0835 27.5856 1.1159
v -4.2620 26.9867 -1.0369
v -21.5698 30.1638 -12.0828
v -21.6246 29.8779 -11.5445
v -5.6591 27.3158 1.3378
v -19.7802 28.8979 -10.2818
v -3.2918 27.2953 1.8828
v -5.8618 27.3046 2.7697
v -4.9644 27.4776 4.3184
v -6.8045 27.2436 3.0859
v -23.1587 28.4982 -8.3195
v -10.9849 12.8772 -20.5571
v -21.8576 21.7765 -20.0778
v -22.2280 38.9842 -16.3343
v -27.8812 23.1674 -16.1743
v -22.7933 41.2856 -14.4124
v -26.2111 37.8345 -14.4903
v -28.4403 34.0568 -12.9899
v 3.9740 42.0396 -12.5408
v -28.9865 22.9874 -12.2505
v -29.4548 29.4238 -12.9042
v -27.6922 35.0374 -11.6870
v -25.0244 40.0143 -12.2498
v -6.2351 -2.8301 -10.8464
v -26.9714 13.0393 -9.4693
v 2.0409 -2.9861 -6.5659
v -25.8104 62.7764 -6.5825
v -28.3344 19.8092 -4.5795
v 18.2233 78.9160 -4.7670
v 21.8720 84.3154 -1.2211
v -27.6510 11.2301 -2.1663
v -27.7969 14.0113 2.0168
v -27.6635 17.8945 1.7784
v -30.5659 63.7922 2.5949
v -27.9170 57.6367 3.8795
v 27.9020 80.5909 5.2366
v 8.6781 -2.4693 5.7998
v -26.9994 58.6560 5.7197
v 27.9264 74.8741 5.8886
v 27.3851 80.3177 5.9192
v 26.0942 82.8014 6.1694
v -26.0710 55.3640 5.5734
v 26.8900 68.6076 6.5440
v 25.9485 65.2090 5.7561
v 26.7333 77.0708 6.5993
v -25.5445 16.3933 6.7463
v 26.7973 71.6033 7.5785
v 13.5397 27.2473 8.9314
v -23.6282 14.3671 9.1424
v 25.4342 66.3835 9.4708
v -22.5360 14.2197 9.9688
v 14.4374 22.1644 11.3831
v 23.7411 49.3862 11.8326
v 13.6494 25.9839 12.5580
v -13.8700 40.7066 13.6850
v 22.4221 49.3851 16.9748
v 21.5527 56.1242 19.4240
v 4.8294 15.2509 20.2731
v 16.1048 69.0586 20.8520
v 19.7237 53.6635 22.1668
v -3.0047 73.8324 22.3689
v 2.5022 74.4158 22.4956
v 13.4620 69.7902 22.5343
v 8.7798 68.8298 25.0806
v -0.5354 71.0010 25.0250
v 5.6319 67.9549 26.2255
v -8.7837 45.6380 26.4128
v -9.3331 46.6032 25.7868
v -8.2326 48.7472 26.9352
v -2.6223 44.8459 30.2735
v -6.2011 49.0459 29.4993
v 10.0895 48.9319 30.5305
v 9.5544 50.4550 30.8147
v 7.9017 47.8266 31.1100
v 5.7382 49.7601 32.0236
v -9.5648 12.7985 -20.4366
v -11.7320 18.8555 -20.4011
v -22.5659 22.8378 -20.0993
v -23.1900 23.9657 -20.1202
v -24.6651 24.7913 -19.9349
v -25.4499 25.2132 -19.7256
v -23.7251 25.3003 -20.1907
v -23.3345 22.8190 -19.9103
v -6.8406 11.2104 -19.5808
v -24.1691 23.2645 -19.7308
v -24.0101 35.7055 -18.3280
v -26.5054 24.5113 -18.7107
v -22.5540 37.8748 -16.9502
v -23.6284 39.2363 -15.9332
v -22.4300 40.3046 -15.4449
v -27.8364 22.1611 -15.4966
v -23.1922 40.2875 -15.1838
v -23.0488 41.5320 -13.8371
v -25.5799 38.8641 -13.8805
v -26.7321 37.3647 -13.3177
v -21.6008 42.4397 -13.8700
v -21.1331 41.8879 -14.3673
v -27.9623 35.1802 -12.9178
v -28.7312 32.8113 -12.7598
v -10.4388 -2.7593 -11.9075
v -29.2143 30.0067 -12.3989
v -27.3715 36.0935 -11.8806
v -28.1976 33.8206 -12.0673
v -24.8397 39.9348 -13.3711
v -28.7252 30.5311 -11.6752
v -26.4754 37.0630 -10.6487
v -28.4795 29.7012 -11.0853
v -4.9128 -2.3541 -11.5347
v -27.6292 33.1909 -11.0257
v -28.0760 32.1758 -11.2906
v -7.6782 -2.8175 -11.2352
v -6.2163 -2.2694 -11.8288
v -4.8109 -2.8284 -10.4636
v -28.9423 23.0190 -10.2387
v -16.5264 -2.3020 -11.0632
v -15.9137 -2.7043 -10.2271
v -23.4217 59.9248 -8.0895
v 2.6894 39.2495 -9.4933
v -23.6813 64.7920 -7.8027
v 1.1109 -2.9528 -7.7305
v 0.2857 -2.8909 -8.8560
v -20.2837 -2.1071 -4.1165
v -24.1619 61.0139 -7.6753
v 2.3349 -2.7514 -8.1070
v 4.1699 -2.7759 -6.0180
v -25.0964 70.2541 -5.2998
v -26.7752 70.1017 -4.4905
v 6.2412 -2.7218 -4.4758
v 3.1042 6.5099 -5.2572
v 20.6082 78.8367 -4.4004
v -28.3335 15.8070 -1.3518
v -27.3446 71.0195 -3.7146
v -22.1469 74.5411 -1.0689
v 21.5471 83.3645 -1.9868
v -18.4064 -2.7268 0.5679
v -21.0692 -1.6133 -2.0741
v 4.7036 33.0998 -0.0658
v 8.9299 -2.9871 -2.0024
v -30.6052 69.3531 -0.4926
v 0.0100 79.7011 -1.2695
v -0.9431 79.4102 -1.9003
v -30.3574 65.3792 -0.5884
v -29.5974 61.1390 2.1433
v 10.3808 -2.9908 1.2482
v 27.6305 78.4487 1.1125
v -28.0203 14.7218 0.9427
v -27.7530 12.4898 1.1554
v -27.4983 13.1968 2.9992
v 27.5707 77.1485 0.9515
v 28.0639 78.5085 2.5484
v -27.8035 16.0135 1.9107
v -27.4143 17.1065 2.9231
v -18.8701 -2.3949 3.8203
v -26.5302 8.7654 3.0316
v -30.1090 62.4036 2.4175
v -19.0031 -2.1507 4.8499
v -23.9505 75.2141 3.0890
v -27.4961 11.7817 2.1842
v -26.8383 9.9000 3.2380
v 13.5401 18.3480 5.4929
v -27.1981 56.5909 4.4215
v -28.8151 71.5333 3.8408
v 9.5467 -2.0537 5.5938
v -28.6757 59.1966 4.1314
v 27.9967 81.5284 4.0593
v 27.3159 69.8755 5.1627
v 27.9743 79.2314 5.3953
v 28.1256 80.2121 4.1904
v 6.7756 -2.7126 6.8433
v 18.0234 86.6808 4.8071
v -25.3795 57.6063 6.2549
v 27.7792 73.2955 5.9991
v 28.1055 74.6329 5.0857
v 27.9973 76.3631 5.7307
v 26.3094 81.3291 6.2208
v 26.9457 83.0089 5.6727
v 25.7212 84.2119 6.1360
v 26.6247 84.3411 5.5857
v -10.9397 -2.7057 4.8864
v 26.4543 67.1550 6.8661
v 27.2470 70.1273 6.3018
v 22.5056 45.5078 5.4970
v 25.9868 65.7976 7.2756
v 27.4559 73.2869 6.7402
v 26.8177 75.7408 6.7704
v 26.6128 78.4386 6.4256
v -25.6078 15.1422 6.8764
v 26.2656 67.4399 8.0453
v 26.5887 70.2247 7.9330
v 27.2692 71.7509 6.9681
v 26.8638 73.0144 7.2649
v 16.9930 82.6453 8.3425
v 25.9796 70.3661 8.2881
v 13.8730 18.3340 6.7126
v 14.2174 19.7158 7.3878
v 14.4337 23.1169 9.4871
v 25.8894 67.5710 8.8558
v 5.1678 -2.5088 9.0498
v 14.5213 21.9505 10.0047
v 14.3534 23.4337 10.7878
v -7.9867 77.2922 13.4227
v 14.1051 21.4666 13.1073
v 13.7651 22.3123 14.2434
v -17.3266 48.8637 15.9869
v 22.8373 49.3866 15.7427
v -2.5206 -2.8566 18.3136
v 21.4667 57.4275 19.2893
v 10.2921 25.1799 19.1589
v 20.0110 60.4062 20.3945
v 3.7000 14.5792 20.1256
v 5.5682 14.1871 19.2561
v 20.7167 55.0212 20.7788
v 19.6898 57.6119 21.1824
v 20.4032 59.1197 20.2755
v 4.5511 18.1629 21.6505
v 19.0592 50.0275 23.1606
v 19.7665 54.9315 21.8014
v 13.9674 70.7293 21.4848
v 12.3911 70.3591 22.8494
v -1.7032 72.5769 23.7211
v 18.2603 50.0939 24.0656
v 10.8260 69.3084 24.0755
v -1.7693 71.1934 24.7177
v 0.7311 70.7932 25.2420
v -0.3041 72.4090 24.0402
v -9.5796 45.2332 25.3441
v -8.2301 44.4579 26.5755
v -8.0307 46.1169 27.3717
v -10.1529 46.2206 24.6889
v -7.5255 44.9365 27.5372
v -7.7635 47.7505 27.7505
v -7.4381 49.5633 27.8302
v -6.9755 48.4138 28.6783
v 11.1985 48.9122 29.8614
v 9.0600 46.6355 30.2670
v 6.6760 47.9607 31.3909
v 9.1432 47.7362 30.6429
v -1.9825 46.3622 31.0237
v -2.1631 47.6027 31.4582
v 7.4816 51.7674 31.5149
v 5.3079 51.6598 32.2610
v -12.8767 15.5611 -20.8031
v -12.6241 14.5093 -20.7233
v -11.4065 13.9987 -20.7017
v -10.7429 18.3095 -20.4172
v -10.9687 11.4271 -20.2726
v -22.4279 23.6610 -20.1874
v -25.1249 26.2364 -20.0705
v -24.1508 26.6262 -20.2344
v -26.4631 27.6820 -19.6917
v -10.5334 20.4902 -19.7368
v -11.2443 21.3100 -19.5150
v -14.8994 10.8668 -19.6994
v -27.5057 26.0307 -18.3021
v -26.7983 23.6129 -17.9995
v -27.0797 24.8117 -18.2654
v -24.3433 37.2269 -17.3642
v -23.8031 37.5838 -17.2193
v -23.4382 38.6693 -16.4970
v -22.8882 39.1475 -16.2538
v -28.7722 24.3269 -15.0461
v -28.9926 24.1685 -14.1143
v -22.2258 41.8668 -14.1286
v -26.8322 37.0786 -14.1534
v -29.2926 30.7243 -13.0148
v -28.8786 23.1393 -13.2973
v -8.2154 -2.6457 -11.8304
v -12.3315 -2.8667 -11.2439
v -29.1905 23.8644 -11.5087
v -29.1272 24.0581 -10.9011
v -26.2920 37.9803 -11.1959
v -26.1719 37.8971 -10.6381
v -25.1156 39.9726 -11.1312
v -6.8744 -2.6206 -11.4976
v 3.7298 38.7567 -8.7666
v -25.1554 64.0914 -7.0459
v -25.2263 65.2567 -6.8694
v 3.3405 -2.5968 -7.6313
v 3.2103 -2.7980 -7.0247
v -25.3060 68.5329 -6.0209
v -25.2195 69.4351 -5.6655
v -25.9484 70.2154 -4.9273
v -25.8132 71.0572 -4.5543
v 17.5531 80.6837 -3.8199
v 18.5071 80.7593 -3.8473
v -28.4386 16.2201 -2.5632
v -28.4094 15.5683 -3.5477
v -28.1206 18.2686 -0.6982
v 21.3848 84.6788 -0.9554
v -30.8264 67.4767 0.0313
v -30.6220 68.0407 -0.5480
v -20.0372 -2.2592 -0.2040
v -21.5393 -0.8246 1.4457
v -26.7772 8.3728 -0.5292
v -28.1208 14.2532 -0.0545
v -30.6998 66.1521 0.0206
v 27.4430 74.4744 0.8129
v 27.6957 75.0345 1.4598
v -27.9261 13.6344 1.0513
v 27.8034 76.4872 1.5894
v -27.5469 15.2107 2.9869
v -27.1779 15.3131 3.9904
v -27.9546 17.6804 0.6478
v -20.6654 -1.2151 3.2535
v -30.2597 63.6358 3.6716
v -27.1738 11.0203 3.1197
v -26.1430 55.0230 3.7462
v -28.0483 58.0991 4.6388
v -20.8794 74.4021 4.5620
v 27.6839 71.4991 5.1497
v 27.7605 72.3811 5.6109
v 28.2741 77.5154 4.7021
v 28.1492 78.4534 5.0695
v 28.0954 79.8295 4.8598
v -24.5172 7.1724 6.5976
v -23.9680 7.1836 7.4282
v 27.9684 73.9863 5.5403
v 26.8992 80.8025 6.0902
v 26.7011 82.2184 5.9912
v 26.6859 67.6595 6.0355
v 26.2255 66.1966 6.3417
v 27.2997 75.2170 6.6503
v 27.2637 76.6483 6.4858
v -16.8187 -2.6955 8.2146
v 26.6897 68.8187 7.6134
v 26.6717 69.5377 7.8202
v 20.1326 85.3907 7.5595
v -24.5564 16.6548 7.8214
v 26.9570 70.9593 7.4620
v 14.2439 24.3072 8.9464
v 14.0832 25.1394 9.2677
v 13.7426 26.3503 8.6536
v -24.1224 14.8483 8.6022
v -23.1403 6.2829 7.9877
v 25.3879 65.6819 9.4072
v 20.4527 71.0182 9.5388
v -20.9370 9.5379 10.9295
v 23.3925 48.5871 12.6192
v -17.2228 12.8282 12.1046
v 14.1922 22.6779 12.5343
v 14.0107 23.6939 12.8115
v 13.8974 25.0131 12.2479
v 12.9795 27.0180 14.0456
v 23.1411 48.6249 13.8765
v 2.8153 -0.7727 15.2719
v -16.7763 46.8324 15.8089
v -16.3992 47.0444 16.6526
v 3.5376 13.6987 19.6080
v 4.6504 14.3674 19.7375
v 20.6922 56.3597 20.5743
v 20.2011 57.0188 20.9243
v 20.0996 58.3619 20.7263
v 15.2506 69.1320 21.5681
v 4.1956 16.3181 21.0202
v 4.4107 17.2260 21.3624
v 5.4120 17.9727 21.4428
v 19.7709 49.6865 22.2093
v 19.7905 50.4700 22.2697
v -0.8662 74.4513 22.1578
v -0.0881 75.1293 21.5497
v 14.2378 69.9130 21.8847
v -3.0262 72.6931 23.3731
v 1.4840 71.3479 24.9335
v 0.1925 71.5971 24.6956
v -8.8840 44.8766 26.0600
v 1.4467 67.1059 26.8551
v 4.7988 66.5029 26.7538
v -8.3980 47.9245 26.8931
v 13.2056 46.2241 27.6799
v 12.9772 48.0461 28.4893
v 9.6667 48.3288 30.5961
v 8.4497 50.3142 31.3078
v 8.4947 48.3834 31.0860
v 7.3935 50.9860 31.6637
v 6.3728 50.9536 32.0066
v -10.1367 10.6690 -20.0497
v -22.9461 24.8118 -20.1971
v -24.4403 25.7761 -20.1416
v -25.8018 26.5047 -19.8317
v -23.9264 24.2815 -20.0188
v -24.8223 27.1150 -20.1850
v -23.3725 26.0321 -20.1936
v -11.1369 19.7645 -20.0676
v -23.0848 21.6290 -19.7070
v -24.1748 22.0703 -19.3627
v -11.9685 22.0797 -19.2600
v -23.4573 35.8742 -18.0691
v -7.7988 9.6958 -19.4221
v -26.9577 25.7844 -18.8344
v -27.6424 25.1174 -17.6629
v -23.0525 37.1949 -17.3581
v -21.7529 40.0508 -15.6141
v -22.3207 39.6372 -15.9306
v -23.6154 36.8025 -17.6797
v -24.1557 36.5256 -17.8748
v -23.9903 38.2241 -16.6815
v -23.2788 37.9718 -16.9948
v -22.7500 38.4570 -16.6806
v -23.0271 39.7753 -15.7259
v -21.7534 40.7758 -15.1273
v -28.3706 23.2920 -15.1912
v -28.6837 23.2786 -14.2948
v 1.8544 44.1126 -14.1825
v -21.9456 41.4123 -14.6310
v -22.5877 40.8662 -14.9252
v -23.8919 39.6649 -15.2933
v -27.4181 36.2398 -13.8532
v -26.0163 37.6704 -15.1716
v -26.1561 38.1710 -13.6347
v -12.8025 -2.4566 -12.3896
v -15.4377 -2.4036 -11.4238
v -18.9969 28.6008 -12.8712
v -29.0750 31.9880 -13.1978
v -28.9458 31.4389 -12.4900
v -28.3593 32.5195 -11.7961
v -12.8310 -2.6711 -11.8276
v -10.7041 -2.5377 -12.4482
v -28.7383 22.1129 -12.3698
v -28.6247 21.4112 -9.3451
v -29.1214 23.9658 -13.1679
v -29.1745 23.8487 -12.2688
v -23.3724 41.7903 -12.8770
v 4.7382 42.3260 -12.6608
v -9.0839 -2.8058 -11.5866
v -9.4681 -2.6093 -12.1750
v -7.4851 -2.3282 -12.1147
v -29.0973 29.2199 -11.8787
v -29.4796 28.2344 -12.6612
v -27.1124 36.1224 -11.2189
v -27.2228 35.3638 -11.0701
v -26.7153 37.4066 -12.0647
v -25.3593 39.3739 -13.0888
v -11.4423 -2.7949 -11.6693
v -28.9902 22.9013 -11.1938
v -29.2513 25.0517 -11.4391
v -28.8103 28.9097 -11.2770
v -25.9727 38.6101 -11.5847
v -28.2694 30.9766 -11.2296
v -23.1226 52.7022 -10.7431
v -5.6565 -1.8332 -12.1577
v -4.1640 -2.6623 -10.9060
v -3.4595 -2.8320 -10.1928
v -27.7493 34.0670 -11.4159
v -26.5752 36.3418 -10.5939
v -7.1248 -2.9123 -10.6028
v -5.5070 -2.6267 -11.1669
v -14.7717 -2.7053 -10.8733
v -25.6348 35.5367 -9.9654
v -16.7312 -2.5036 -10.2901
v 2.0815 2.1115 -9.3128
v -23.5204 63.6025 -8.0268
v 1.4161 -2.7322 -8.9208
v 3.1361 -2.9045 -6.2972
v -22.1906 43.9188 -6.9710
v -2.7792 -2.9315 -9.3402
v 1.2439 5.0289 -9.0119
v 2.8771 5.2942 -6.0168
v -25.8710 63.8366 -6.5241
v -24.4108 64.4208 -7.4621
v -24.5038 65.5838 -7.2303
v -24.9983 61.9459 -7.1540
v -25.0387 62.9574 -7.1411
v -25.2701 66.4019 -6.6437
v -25.3016 67.5007 -6.3465
v -19.4966 -2.3546 -6.4241
v 2.1684 -2.8873 -7.4178
v 4.2077 -2.5424 -6.6804
v -28.3068 14.9203 -4.4797
v -26.0574 68.2844 -5.6577
v -26.0552 69.2968 -5.2832
v -24.4795 68.6714 -6.3429
v -24.3189 69.4664 -6.0082
v -24.9485 70.9845 -4.9173
v -26.5912 71.0294 -4.1611
v 6.4377 -2.8768 -3.7745
v 8.8352 -2.8049 -2.9347
v 16.4576 81.1982 -3.2470
v 18.4771 79.8862 -4.2818
v -28.3538 15.1793 -2.3543
v 7.6250 -2.8546 -3.3060
v -28.3495 16.8026 -1.5363
v -28.1938 17.3185 -0.4524
v -27.1355 71.8488 -3.3825
v 21.0378 83.7860 -1.7623
v 22.3238 83.8674 -1.4381
v 22.2186 85.1684 -0.3751
v 10.5528 -3.0011 0.3370
v 10.1262 -2.7295 -2.7115
v -26.7730 73.2947 -2.4313
v -17.7563 45.0873 -1.8780
v -30.5307 66.7017 -0.5706
v -30.8778 68.7818 0.0689
v -30.1721 71.2150 -0.7623
v -20.2175 -2.1724 -1.3118
v -28.1926 15.3117 -0.1869
v -30.5008 64.8340 0.0752
v -30.8694 70.0333 0.1597
v 27.5223 75.8033 0.8634
v 27.5385 73.6272 1.3556
v -26.8811 21.4838 0.6484
v 27.8762 79.1658 1.9099
v 28.0186 79.8157 2.7107
v -27.8169 15.0191 1.9501
v -27.6754 12.9096 2.0935
v -31.0814 66.3727 2.6753
v 27.8640 77.8822 1.7463
v 28.1809 79.0723 3.5764
v -27.5428 14.2156 2.9748
v -27.2238 14.3415 3.9579
v -27.4891 16.1699 2.9662
v -27.1033 16.2794 3.9667
v -27.7484 16.9706 1.8623
v -27.8360 18.6065 0.4685
v 12.2642 -0.2873 3.7646
v -27.0416 20.6767 1.1867
v -30.8816 65.1178 2.6437
v -19.7371 -1.9257 3.5639
v -21.2838 -0.8080 2.4718
v -30.2567 63.0792 3.0717
v -22.6038 74.9114 3.6066
v -20.1076 74.3363 4.5199
v -27.3758 12.1202 3.0503
v -27.9928 72.6373 3.8567
v -24.0999 75.0968 3.3634
v 28.1704 74.8777 4.0208
v -18.1312 -2.6220 3.8998
v -18.1861 -2.5012 4.9671
v 13.5398 17.6542 5.9041
v -28.3485 58.4959 3.9715
v -27.3883 56.7783 3.6960
v -26.8607 56.3964 5.1215
v -26.6852 55.7862 4.1601
v -26.4341 55.5916 4.8976
v -29.1086 60.0471 3.4421
v -27.6488 57.3832 4.5504
v -27.3173 57.1376 5.1476
v -28.1269 61.9994 4.7996
v -21.3230 74.6536 4.0265
v -22.0748 74.6579 4.1671
v 28.0558 80.5381 3.4602
v 27.8051 82.3436 4.5415
v 9.5904 -1.8034 5.7619
v -23.1035 63.6415 4.4708
v 27.4703 70.7809 5.6942
v 27.5400 71.6870 6.1272
v 28.2196 78.8896 4.4680
v 28.1517 77.0193 5.2702
v 27.9860 77.8142 5.5739
v 27.7122 79.8112 5.6776
v 27.3646 82.4127 5.3908
v -19.6855 67.5935 6.8729
v -24.8971 7.0748 5.7388
v -20.2958 71.0245 5.8927
v -24.1511 8.0993 7.6594
v -26.7493 15.4157 4.9520
v -27.6552 59.6714 5.3771
v -27.6826 60.6464 5.1494
v -26.2159 58.5856 5.8465
v 27.6719 74.1147 6.3422
v 28.0946 75.5264 5.4301
v 27.7583 77.0285 6.0168
v 26.4538 79.8690 6.3096
v 27.0869 79.3989 6.1784
v 27.6881 78.4839 5.8636
v 27.1978 81.6641 5.7855
v 27.5823 81.1381 5.5314
v 26.4092 83.6184 5.9183
v 24.8755 84.7378 6.3344
v 25.2658 85.5008 6.1137
v 26.0195 84.9520 5.8591
v 27.0840 83.6722 5.2731
v 26.6004 68.0380 7.2925
v 27.1063 69.1978 5.8223
v 27.2865 70.9879 6.6808
v 25.3175 83.3550 6.3085
v 26.8492 74.4154 6.9989
v 27.2373 73.8959 6.9151
v 27.5288 72.5435 6.4762
v 27.7227 75.6642 6.1896
v 27.2148 77.9486 6.3035
v 14.4635 83.7520 6.9621
v 21.2404 86.7592 7.0916
v -25.0023 17.1261 7.1679
v 26.9855 69.4888 6.9503
v 27.0179 70.2640 7.2555
v 26.3051 68.1645 8.2528
v 26.2749 68.8849 8.3503
v -17.8704 73.5050 6.0772
v -25.0902 15.8277 7.3864
v -24.6245 15.3235 8.0078
v 26.3857 70.9174 7.9510
v 27.1417 72.4178 7.1632
v 26.1782 69.6277 8.3527
v 26.4524 72.2439 7.5919
v -23.9473 12.2190 8.9487
v 13.9281 25.4699 8.3681
v 14.3304 23.8973 9.8636
v 14.1558 24.7486 10.1760
v 13.8774 26.0341 9.5587
v 25.8019 69.1528 8.7211
v 21.3416 70.7435 9.0217
v -24.0813 13.5222 8.7848
v -23.3283 7.1423 8.2169
v -4.5191 28.2791 9.2622
v 25.7936 66.1542 8.5689
v 25.8648 66.8591 8.7718
v 24.9295 65.3185 10.2258
v 24.9486 66.1291 10.1113
v 25.4566 67.1807 9.4001
v 25.4923 67.9613 9.2280
v 22.8965 68.8804 9.7346
v 14.4725 22.6492 10.4468
v 14.2847 21.7565 12.2481
v 22.1984 45.3618 11.3854
v 23.1884 47.7149 12.0401
v 23.5815 48.5275 11.3191
v 23.5004 49.4166 13.1893
v 14.2908 23.0211 11.6725
v 14.1251 23.9836 11.9513
v 14.0007 22.4639 13.3881
v 13.7848 24.6950 13.1063
v 13.8441 19.3751 13.4179
v -11.1669 -2.7765 13.6897
v -10.4438 -2.6918 14.3203
v 3.9516 -0.7184 12.9537
v 13.8726 21.3448 13.9759
v -12.4071 -2.7063 14.0558
v 22.9926 47.7969 13.2874
v 1.0069 -2.9474 14.1540
v -5.6805 -3.0088 16.2622
v 3.3597 -0.9430 14.0573
v 2.7989 -1.4220 14.9120
v 2.2839 -1.7610 15.6639
v -17.0693 47.8460 15.8768
v 5.3764 13.2937 18.6171
v 21.1425 55.6244 20.1049
v 21.9623 56.5968 18.6081
v 2.5665 13.9551 19.9546
v 4.4833 13.4964 19.1746
v 6.1184 28.8744 20.3733
v 3.9254 15.4570 20.5950
v 5.7017 15.0865 19.8767
v 21.0725 56.9707 19.9491
v 20.6002 57.7440 20.3762
v 20.2435 55.6635 21.1818
v 19.7148 56.2804 21.4751
v -14.7352 61.6364 21.3474
v -15.0081 60.5074 21.0689
v 5.0248 16.1415 20.7179
v 5.2375 17.0368 21.1133
v 6.2420 27.7339 20.8073
v 18.8326 51.9848 23.3456
v 6.3717 20.7678 21.7623
v 2.3937 21.6043 22.0258
v 3.0347 22.5655 22.0694
v 20.2507 54.3426 21.4544
v 0.4858 74.5809 22.2046
v 19.1973 54.2792 22.4460
v 13.1807 70.5968 22.2079
v 11.5557 69.9547 23.4594
v 12.6975 69.5055 23.1042
v -2.3898 71.9818 24.0546
v 18.3022 49.2778 23.9437
v 1.0093 72.1288 24.3737
v 1.9600 72.5660 24.0776
v -1.1050 71.8094 24.4013
v -9.4767 45.9262 25.5748
v -8.1419 45.3029 27.0340
v -8.5420 47.1305 26.7961
v -8.6701 46.3813 26.6296
v 0.3512 67.0409 26.8389
v 1.1078 59.6501 28.6922
v -7.4316 45.7996 27.9564
v -7.2974 46.6472 28.2718
v -7.6113 48.6235 27.8372
v 11.9586 48.2349 29.2448
v -6.8193 49.3693 28.7202
v -7.1378 47.5097 28.5007
v -4.1546 50.0178 31.0993
v 9.7174 51.3770 30.5131
v 10.5850 50.2696 30.2399
v 10.9403 51.9268 29.5026
v 10.3902 47.6598 30.0190
v 10.8210 48.2954 29.9789
v 10.3873 49.5319 30.3855
v 8.5135 50.9215 31.2312
v -4.3564 48.6489 30.9244
v 8.5285 47.2067 30.6701
v 5.4287 50.7569 32.1937
v 4.0638 51.4905 32.5034
v 6.3845 51.7128 31.9482
f 5052 7038 4080
f 5055 4081 6808
f 4085 1346 1345
f 4087 5061 7041
f 5065 4090 5064
f 5068 1356 6809
f 4094 4095 5069
f 4096 5075 7044
f 4097 5079 7045
f 4099 1373 5081
f 1361 4100 5083
f 4102 5085 7047
f 5092 5093 4108
f 1410 5094 4109
f 5096 4110 5095
f 1173 890 5098
f 1400 1401 5108
f 1428 522 411
f 4117 5115 4118
f 1389 4119 1412
f 1429 4124 1430
f 1502 1436 1438
f 1446 5128 5127
f 1448 1447 341
f 1457 4131 1460
f 339 600 4132
f 1479 4135 622
f 4137 5145 5144
f 4138 6810 5146
f 5151 7053 5150
f 4141 5155 7056
f 375 16 362
f 1098 339 1511
f 30 5157 1091
f 1502 1503 4145
f 1504 301 5161
f 1508 1246 4146
f 549 362 16
f 5163 1514 1557
f 1519 1573 45
f 956 1524 1143
f 4148 1562 658
f 1510 1551 5168
f 1535 342 1536
f 1535 1538 342
f 1539 1540 1470
f 4149 4150 5171
f 1545 5175 5173
f 1546 4151 5176
f 4153 70 5170
f 4154 5182 7057
f 1564 1601 1565
f 1509 16 1566
f 1107 1568 1153
f 1585 152 1569
f 475 4155 780
f 1594 4155 475
f 4156 427 142
f 5186 1566 4160
f 1590 1591 350
f 1594 5187 1570
f 1601 4163 5189
f 1603 1506 867
f 4164 6812 5192
f 4167 5197 1613
f 594 1615 1649
f 913 1620 1619
f 1715 5200 4168
f 4169 5203 5202
f 162 4170 1665
f 4171 5206 4172
f 1616 1618 1633
f 5213 4173 6813
f 1526 4174 5215
f 1645 5220 111
f 1647 5221 1572
f 4177 4178 1632
f 4180 4179 1652
f 1678 5226 5225
f 5227 4181 1657
f 336 4182 552
f 1662 1577 1661
f 1604 1667 5233
f 1696 5237 1672
f 1673 1733 1671
f 4186 5240 5238
f 239 1858 4258
f 4187 4188 1682
f 4189 4190 5242
f 4191 4192 6814
f 1664 4193 5210
f 1109 5231 650
f 5253 998 4194
f 5250 4195 6815
f 4196 1692 5252
f 4198 1697 5255
f 4202 7213 5261
f 1707 1709 1708
f 5268 6816 4206
f 1715 4207 1744
f 1723 1724 5276
f 1670 4213 5277
f 1731 4214 1694
f 1733 1814 1734
f 1699 1734 1735
f 166 972 683
f 5282 4215 5281
f 1684 6817 5285
f 1743 1744 1868
f 4217 6818 5291
f 5295 4219 6819
f 434 1752 1753
f 1698 4220 1754
f 1700 1756 1328
f 5279 1647 4222
f 4223 4224 7064
f 1707 1765 1766
f 4226 5306 7065
f 1770 4228 4229
f 5311 4230 5309
f 1773 4231 5313
f 626 1775 7069
f 799 1335 1117
f 1806 1778 1779
f 1778 1780 1752
f 1726 1783 187
f 1784 1785 1810
f 1786 1809 1788
f 4233 1878 5318
f 491 1702 302
f 1708 4031 5321
f 1957 1738 4236
f 1662 221 1799
f 1801 4238 1802
f 4239 4240 1337
f 1805 1731 4243
f 1812 721 1810
f 4244 1813 1814
f 1815 1735 1816
f 4245 5332 5331
f 1794 1824 4247
f 1827 1112 1826
f 4248 1681 725
f 1800 4249 5341
f 1776 55 807
f 1724 765 1805
f 4251 4252 5348
f 1840 1842 251
f 1844 54 1777
f 1881 1847 4254
f 5350 1848 4255
f 5355 4256 6820
f 1765 267 5357
f 1858 5359 4258
f 1894 5362 1870
f 4263 1918 5366
f 1772 4264 5369
f 4265 1872 1772
f 5347 4268 5371
f 4270 1953 1877
f 1813 4271 5374
f 1880 1981 426
f 4273 1887 5377
f 1770 4276 5380
f 506 5381 826
f 4277 1917 5382
f 1895 1865 4077
f 1903 1843 5388
f 1905 1847 5390
f 1906 4281 5391
f 952 1908 4282
f 1914 5396 1915
f 1916 4285 4284
f 1961 1864 4286
f 4287 4288 5398
f 1925 1907 1926
f 1945 4303 1946
f 1946 1844 1947
f 1948 1949 1839
f 1951 1950 5415
f 1876 4293 1978
f 4294 676 1879
f 4283 1884 4295
f 5418 4296 5416
f 5377 1887 5419
f 1112 1957 5420
f 837 2022 5424
f 4078 5425 4298
f 4300 2024 1966
f 1898 5432 5387
f 1109 4302 5433
f 1970 1971 2029
f 1973 1944 167
f 1974 1975 5435
f 5436 930 4303
f 1981 2010 1925
f 1931 1272 728
f 631 722 1997
f 4307 5445 7071
f 5448 1996 4308
f 1999 4309 5449
f 2009 5457 1019
f 433 4315 2011
f 4316 2034 1013
f 4317 6822 4318
f 4322 4323 5463
f 4324 4325 2029
f 2123 2008 4326
f 2054 5467 4328
f 63 2043 4289
f 280 199 2044
f 4328 1097 4336
f 4337 5484 7072
f 4339 4340 2057
f 205 2021 666
f 4343 5488 5379
f 4344 2067 5491
f 4347 5496 5495
f 5499 4348 6823
f 2082 4351 5506
f 159 2061 21
f 2089 2090 2091
f 2102 2073 383
f 4359 5515 4360
f 5519 4361 2107
f 4362 5522 7075
f 1828 4363 5452
f 4364 696 371
f 1960 2115 5525
f 4367 5533 7076
f 4371 5543 2139
f 2141 435 2061
f 2143 4372 4032
f 2092 180 2210
f 5466 1072 4373
f 4043 5554 2158
f 4029 2161 2159
f 2091 2160 2162
f 2161 2162 86
f 2163 596 2186
f 2114 2165 903
f 1180 4378 2169
f 218 121 2196
f 2176 2228 2177
f 2177 588 2178
f 4380 5561 7079
f 2188 2094 4381
f 118 2190 2191
f 538 1228 4345
f 2170 2222 1178
f 2195 108 2198
f 4386 4387 430
f 4388 4389 5572
f 4390 2208 5574
f 610 2242 2184
f 5580 4392 6824
f 1110 4394 2221
f 2222 2223 2248
f 4039 2224 2223
f 320 2172 2227
f 2253 265 2228
f 4397 2404 5585
f 4398 2240 5587
f 2243 4399 2308
f 2186 2187 2286
f 2145 163 2244
f 2250 2275 2225
f 2226 476 2251
f 4403 2258 2153
f 4408 5597 7081
f 2275 611 476
f 4410 5602 2259
f 2285 4412 5607
f 4413 2287 5608
f 5611 7082 4415
f 2067 1004 5612
f 2256 2353 5615
f 2299 2280 4419
f 2307 4422 2380
f 2309 854 276
f 352 2314 2352
f 4427 4428 2320
f 459 2321 2067
f 122 808 2276
f 5626 4430 4431
f 621 2328 2235
f 2342 13 310
f 1031 2343 5635
f 1076 507 5636
f 5638 4437 5637
f 5645 2482 2365
f 936 5647 2366
f 2434 49 2371
f 2324 391 2376
f 2377 2304 4441
f 4444 6826 5654
f 112 2380 324
f 5667 4447 5666
f 4448 4449 5668
f 2391 4450 5671
f 785 2246 2466
f 1279 2438 2335
f 4452 4453 878
f 5677 5678 4455
f 4456 5683 5682
f 4457 2538 5685
f 4458 513 2409
f 5659 2367 2559
f 2383 2484 5689
f 4461 4462 5691
f 2419 4463 5694
f 4464 2424 897
f 5697 5698 2506
f 2596 5703 4465
f 547 771 2394
f 4468 233 5706
f 5710 5711 7087
f 2442 4471 5713
f 2268 2449 2347
f 4472 2631 5718
f 4473 1330 2409
f 2457 2511 742
f 2385 5722 5720
f 2464 2465 5727
f 2472 2473 649
f 4479 2477 5673
f 2480 5732 4480
f 425 2485 2459
f 5737 266 5736
f 2489 2491 2492
f 4483 5741 5740
f 2496 4485 4484
f 5745 2520 5744
f 597 331 5746
f 2501 4487 5748
f 5751 2504 4488
f 4490 2514 5738
f 2515 62 5755
f 5758 4491 5757
f 4492 5760 2494
f 2614 5762 2519
f 828 299 48
f 4494 5767 5766
f 4495 2527 26
f 4496 4497 7093
f 4498 2532 2533
f 2401 4499 2537
f 2538 4500 5774
f 5778 2518 2544
f 262 2462 4501
f 4503 5782 2549
f 2440 4504 2552
f 2556 810 778
f 4505 4506 5785
f 2381 4507 2558
f 2560 755 5786
f 2564 5789 2541
f 2473 4510 2573
f 4511 5795 4512
f 4513 5798 5797
f 4514 2656 2448
f 4515 2635 612
f 4516 4517 6828
f 4519 2460 4520
f 4522 4523 5806
f 4525 2594 4526
f 4527 5818 2595
f 2449 2772 93
f 4529 4530 7097
f 4531 6829 4532
f 5829 2607 2606
f 266 4533 2660
f 4534 2612 5832
f 4535 2814 2617
f 4536 5834 2618
f 2619 2696 5835
f 2503 2620 5836
f 2621 2622 2572
f 4538 5845 5843
f 4540 5850 5848
f 1067 2580 2634
f 2453 4544 5854
f 5860 2643 5858
f 2485 2646 5861
f 2485 2667 2646
f 801 2783 5863
f 4545 6830 4546
f 4549 4550 5869
f 1164 2537 87
f 2451 4551 5872
f 2710 5880 4554
f 1131 547 739
f 4557 1002 41
f 2673 5887 4559
f 724 789 5839
f 4565 2682 4566
f 4567 5897 7102
f 2688 5900 4569
f 2692 4571 2746
f 2693 2714 2694
f 2699 5910 4573
f 2699 2726 4574
f 4575 2727 5913
f 2706 2708 2709
f 4580 5920 605
f 4581 2710 4582
f 4583 4584 6831
f 2750 5925 4585
f 4587 2720 314
f 4587 4588 2720
f 2722 2718 2719
f 2727 4592 5937
f 4593 5938 5894
f 5943 2632 4595
f 2742 189 5951
f 4598 5952 7103
f 4600 4601 7104
f 4607 761 7105
f 4608 4609 5971
f 2769 4610 2888
f 2772 35 93
f 2736 4611 5975
f 2743 151 2776
f 2854 5978 5977
f 5980 5981 4612
f 4613 5904 2667
f 2787 2758 4617
f 4618 4619 7106
f 1154 2792 574
f 4621 4622 7108
f 4623 4624 6832
f 72 2796 2479
f 928 249 2804
f 2807 6010 6009
f 2870 6014 4627
f 2817 6018 4629
f 4630 2845 6025
f 2821 6833 4632
f 249 4633 2831
f 2835 4634 2858
f 547 139 771
f 2843 6036 6037
f 5840 2844 6038
f 4636 4637 7111
f 4639 6048 4640
f 3040 386 2865
f 4644 6834 6058
f 2873 4647 2874
f 4648 4649 6835
f 2879 4650 6022
f 4653 6836 6068
f 4656 4657 6837
f 4658 4659 6079
f 2889 4660 6081
f 2891 6084 6083
f 2895 2896 6086
f 2807 2898 2899
f 993 6838 2903
f 6094 4663 6839
f 4664 4665 2931
f 2907 6144 633
f 2973 2911 6098
f 4667 2912 4668
f 3017 6102 4672
f 4673 6032 2834
f 2904 2903 6105
f 2925 519 689
f 6109 4675 6840
f 2930 6115 7373
f 2932 3004 6117
f 6120 4677 6841
f 6004 4678 2937
f 2912 4679 6126
f 2941 4681 4680
f 4685 6131 2951
f 495 357 2953
f 4686 4687 2955
f 2956 2958 2959
f 4688 6133 4689
f 4643 386 2964
f 2923 2965 6136
f 6140 4692 6139
f 3046 6141 2971
f 2972 617 4693
f 909 1 2980
f 6150 4697 6842
f 4698 3121 2982
f 4699 6153 2986
f 4700 561 6155
f 4703 6161 7121
f 2998 2999 6163
f 3165 2970 4705
f 413 3007 4707
f 3029 6172 4708
f 2947 3011 6174
f 4709 6177 7124
f 6187 4715 6843
f 6170 1206 4717
f 2979 1 3139
f 3031 127 653
f 4718 4719 6197
f 4722 635 812
f 4727 6209 6207
f 6210 3052 4728
f 3059 3058 6215
f 3097 640 1092
f 4730 4731 7126
f 2918 6844 6222
f 4733 3065 6226
f 3107 6229 416
f 279 3074 6211
f 4737 6845 4738
f 812 6243 3082
f 6168 4741 3085
f 3087 4743 6247
f 4744 6267 3091
f 2955 4746 3100
f 2989 3129 916
f 4749 6846 6258
f 4751 3107 4752
f 2942 3116 512
f 6270 4756 4757
f 4760 6274 3126
f 4761 3157 3062
f 1053 4748 1129
f 3138 6281 6282
f 3167 3170 6296
f 4774 3198 3118
f 315 4775 3117
f 3183 229 3184
f 4776 3360 6300
f 6301 3193 3219
f 116 144 3113
f 4781 6848 4782
f 3210 4783 6255
f 4784 4785 6312
f 4786 6849 6319
f 321 1285 731
f 3225 3247 540
f 3226 4789 178
f 3257 3260 1296
f 4792 3377 6328
f 4793 3356 6331
f 3093 601 3248
f 3249 3250 4794
f 3253 3254 4795
f 3256 3257 3228
f 4796 1145 3343
f 3260 3261 3231
f 3232 229 3262
f 4798 6339 7136
f 3127 6850 6341
f 4801 3318 6344
f 236 6346 3274
f 3209 850 6326
f 3242 4804 514
f 3291 4805 6350
f 3296 3381 6352
f 4807 3421 6355
f 3186 4808 6358
f 3305 4809 6359
f 4810 3307 6363
f 3315 4811 3316
f 3316 3317 670
f 4813 6366 6365
f 4814 4815 3327
f 3330 1193 480
f 4818 3385 437
f 3350 150 6383
f 3290 3353 6384
f 4820 6389 6387
f 3359 4822 6390
f 4824 3491 6395
f 518 3188 123
f 479 3371 995
f 6397 4825 6396
f 3377 3375 6399
f 438 1012 675
f 140 3388 3389
f 4828 1161 6407
f 3459 657 4830
f 1314 3380 4831
f 6411 3295 3399
f 3215 4834 6851
f 3218 4835 3457
f 3411 764 3240
f 4837 4838 6417
f 3445 3376 1322
f 4839 6421 7141
f 6356 4841 3422
f 192 1301 781
f 4844 4845 6429
f 3429 6431 4846
f 829 397 3396
f 4852 6437 6436
f 3448 1211 3450
f 3449 1314 439
f 3450 955 3473
f 777 1301 3386
f 4853 6442 7142
f 4855 659 3457
f 4856 3459 4857
f 3460 3461 3466
f 3464 3465 3462
f 3466 3467 3464
f 3497 6450 3470
f 3465 68 3499
f 6454 4859 6452
f 3517 3478 4861
f 4862 3480 6455
f 6460 3483 4863
f 3488 4864 3490
f 680 384 6432
f 3413 4866 6464
f 6449 3463 6467
f 1172 3368 3514
f 4876 6852 6476
f 4877 4878 6477
f 150 3524 3433
f 3426 3551 3533
f 4881 3534 4882
f 3535 4883 328
f 272 948 3514
f 4884 3648 6480
f 598 6483 4885
f 3544 4886 6485
f 4887 4888 6486
f 3555 3513 3556
f 1298 96 6444
f 6493 3415 4894
f 6496 4895 3578
f 3581 4896 6497
f 6500 684 3590
f 3573 3591 4898
f 4899 1203 4917
f 4900 3622 6504
f 4901 3600 4902
f 457 6509 3586
f 4905 1006 3610
f 3612 957 6513
f 3542 4908 6518
f 3530 6520 3619
f 3622 6524 3623
f 3534 3601 6527
f 4912 4913 6853
f 4914 6533 3632
f 4915 3633 6534
f 6536 4917 1203
f 4918 3638 3637
f 1298 3626 3644
f 6543 232 389
f 3650 6546 6547
f 3652 6550 3576
f 3655 6487 3636
f 3659 3660 849
f 4923 6553 4924
f 3662 4925 6556
f 3662 6526 6557
f 78 3689 27
f 353 415 3673
f 3677 3612 3678
f 3681 6561 4928
f 4929 6562 3598
f 4930 6565 3664
f 3686 3558 3687
f 61 948 859
f 6 1020 3690
f 6567 3670 3691
f 4933 3696 3697
f 3701 6568 3674
f 6569 6570 4934
f 3613 208 4935
f 3704 3705 3703
f 6574 4936 6854
f 6577 4937 3709
f 4939 6581 7146
f 6587 3717 6855
f 3720 3696 517
f 3721 4942 176
f 4943 6591 7150
f 3724 483 3725
f 4945 3727 6592
f 4946 6593 3656
f 496 3643 3666
f 3565 4949 6599
f 6605 366 3741
f 3687 607 3825
f 4952 792 3775
f 3767 351 176
f 3755 4954 6613
f 4956 4957 7153
f 6634 4960 6856
f 4963 6638 7156
f 3787 6640 4975
f 6642 6643 6857
f 4968 6858 3701
f 3749 720 287
f 3778 701 231
f 406 365 42
f 946 1333 6641
f 6650 4969 6859
f 3805 524 3779
f 4971 4972 7158
f 3815 3871 6657
f 402 4976 3830
f 157 3831 668
f 6666 4979 6860
f 3834 4980 82
f 213 3900 667
f 3841 3818 986
f 246 531 4976
f 979 484 120
f 6673 4981 6861
f 4983 3824 106
f 3867 736 3826
f 796 6678 3873
f 3877 664 646
f 4987 4988 864
f 709 1046 3882
f 6681 4991 6862
f 4992 4993 6863
f 4994 6864 3891
f 6693 3898 4996
f 84 1085 3940
f 3925 3905 6697
f 3906 3907 285
f 3918 3919 977
f 977 3920 1290
f 933 40 3924
f 3926 5003 155
f 6704 6705 5005
f 6707 400 3915
f 3922 6710 5006
f 5007 5008 6865
f 752 3945 3944
f 3946 3939 6723
f 6695 179 31
f 1135 297 37
f 297 3953 1254
f 1103 3951 6728
f 37 1254 148
f 5013 6867 6730
f 5016 3968 630
f 6701 1069 3974
f 6746 5019 6868
f 3966 5020 6750
f 5021 6869 6753
f 3982 3983 5023
f 15 3976 6758
f 6761 5024 6870
f 5025 3984 5026
f 1170 3992 3986
f 6767 3991 3994
f 3996 3997 4000
f 4000 4002 4001
f 3973 5028 6769
f 6770 3983 5029
f 5030 6871 5031
f 5032 6776 7171
f 4023 6779 4014
f 4024 22 939
f 4016 289 2
f 3994 22 1021
f 4013 5034 4003
f 4019 4021 4020
f 4016 2 4021
f 4024 4020 4025
f 4025 4026 4022
f 4028 5511 4029
f 4030 759 4031
f 95 4032 4034
f 4028 4034 2088
f 1072 5035 4373
f 5036 4037 5037
f 334 4039 4041
f 4041 6791 5039
f 2241 2348 4042
f 4043 6794 2239
f 25 5040 4049
f 4055 5042 5041
f 4056 581 1895
f 1259 5043 6807
f 4060 4074 5044
f 1743 4056 6800
f 4064 6802 5045
f 5047 5048 2857
f 5051 4074 5629
f 2491 23 2661
f 1343 4080 1281
f 4079 960 5053
f 5054 4082 6872
f 4081 5053 1341
f 5056 1342 1292
f 1341 960 4083
f 4083 1345 4090
f 960 5058 5060
f 185 1349 4086
f 4086 1156 5059
f 5060 4088 4085
f 5054 5063 7172
f 5097 1292 5065
f 1183 1413 4091
f 4091 5117 1380
f 1356 211 4092
f 4092 504 1354
f 5086 5067 6874
f 1356 5069 211
f 5067 6875 4094
f 5072 6876 5077
f 5075 5082 5076
f 5077 4098 6878
f 5076 5078 4097
f 5079 5083 5071
f 893 5074 6877
f 5115 1075 4099
f 5081 5088 5082
f 4100 1364 5096
f 5091 1366 1367
f 5085 5105 727
f 1369 1370 1156
f 1374 5087 4104
f 1375 4104 193
f 4105 865 1472
f 1376 5089 4106
f 1390 4108 1351
f 4111 5091 5092
f 5064 1353 1433
f 4090 579 1353
f 579 5066 1379
f 1380 1015 1381
f 1075 1457 1459
f 1459 907 1421
f 4110 1365 193
f 5095 1386 4128
f 493 1388 7183
f 1428 4119 4111
f 5097 6880 5112
f 1394 235 4103
f 5100 4112 235
f 686 6879 5102
f 5102 4113 6881
f 4112 1277 5103
f 1382 1406 7182
f 726 1383 5106
f 5094 312 5107
f 5083 1398 5116
f 1399 4114 566
f 1166 5110 5118
f 193 5108 1386
f 4115 6882 5111
f 5090 5112 7184
f 4116 890 4124
f 1407 5107 1408
f 1419 5126 4121
f 5113 7185 5080
f 5125 5114 4117
f 5116 1410 4109
f 1399 566 1410
f 1410 1438 5094
f 1159 804 5131
f 1477 5133 4134
f 5117 1414 1015
f 1414 1416 1454
f 1368 4120 1414
f 1401 5109 1420
f 1420 1166 5118
f 1421 4146 1422
f 1422 1246 4137
f 1230 5120 1424
f 1424 1423 881
f 4129 4123 5119
f 4123 1425 1423
f 458 128 1428
f 1430 4125 1518
f 4124 5121 4125
f 4125 5143 1597
f 1432 1392 1412
f 1433 4126 1434
f 1261 1475 4126
f 5123 4127 6883
f 5124 5158 7186
f 1436 312 1438
f 1502 1438 566
f 4128 5141 1035
f 339 1469 600
f 318 1443 1446
f 1449 1091 1445
f 5128 1449 1447
f 128 1450 4119
f 1430 497 60
f 890 1434 5121
f 1405 1005 1404
f 1261 1452 1475
f 1452 1485 511
f 377 1455 1522
f 727 1406 1455
f 5115 1456 1457
f 1456 5173 4131
f 566 1458 1503
f 4114 1159 5131
f 1503 5140 5132
f 804 1462 1411
f 1462 5134 5133
f 5135 1492 362
f 1492 1465 375
f 4147 1464 5135
f 1464 600 5119
f 5120 1230 1465
f 339 1495 1469
f 1536 1471 1446
f 342 1470 1471
f 1471 715 5128
f 1208 1473 1516
f 1473 1208 5137
f 1516 60 497
f 1541 1005 1432
f 5130 704 1476
f 1476 704 5139
f 1143 5172 956
f 970 5140 5161
f 1494 1481 1443
f 1443 1061 1446
f 1482 5157 1244
f 458 4136 5163
f 411 5138 1427
f 1519 1541 1197
f 5143 1431 1484
f 1431 5122 844
f 1416 1486 902
f 377 1523 1486
f 700 1439 5146
f 5142 5147 6884
f 4139 5156 7188
f 5149 5150 7190
f 5110 1166 5151
f 4140 5145 7192
f 5153 7193 5147
f 5152 6885 4141
f 5155 6886 5156
f 1498 1555 30
f 1499 1559 4149
f 1500 1635 1520
f 5158 5159 5179
f 4144 6887 5160
f 485 1502 1564
f 1502 566 1503
f 907 1507 4146
f 4131 867 1507
f 1507 1506 5162
f 1464 1510 5168
f 1138 1512 4132
f 5169 1511 1512
f 1107 5136 34
f 672 1515 5178
f 1515 458 1556
f 1521 1524 9
f 4130 1143 1522
f 1437 485 4148
f 5134 5165 775
f 5165 813 1548
f 5145 1525 5166
f 4137 1246 5167
f 5166 1638 5211
f 57 1528 1567
f 1528 5136 1107
f 1527 152 5169
f 152 1493 1511
f 464 1588 1529
f 1630 1531 1588
f 1531 126 1494
f 1532 1533 1534
f 1534 1533 1535
f 30 5170 1496
f 1496 1537 606
f 1538 427 1539
f 913 1518 1597
f 1619 497 1518
f 5122 5171 844
f 5139 4162 1544
f 1544 914 1575
f 5114 5174 1545
f 4151 5177 4159
f 5177 4152 1549
f 467 1550 1722
f 1550 57 4166
f 1551 172 1552
f 432 1553 1587
f 1553 350 1554
f 4172 1556 1557
f 4150 239 1558
f 511 1485 1559
f 1521 1000 196
f 5160 5181 7198
f 5182 5270 1560
f 1561 1660 1621
f 5179 1560 5174
f 1560 552 5175
f 1562 485 1565
f 1563 1565 263
f 485 1564 1565
f 4145 4163 1601
f 1565 1601 263
f 1539 1572 4157
f 4157 5221 4167
f 4150 1739 239
f 1739 5183 834
f 1574 1575 1656
f 4158 1577 1578
f 5141 5185 1580
f 5185 4170 1580
f 700 1582 5195
f 1605 1582 5148
f 1224 4160 5250
f 107 1586 1701
f 34 1587 1586
f 1554 1029 307
f 126 125 1592
f 1592 39 1532
f 158 1593 1594
f 1244 606 1593
f 1533 1571 142
f 1610 1631 1571
f 1571 1595 4156
f 1597 1223 1598
f 4133 1474 1191
f 4181 1599 5188
f 5227 914 1599
f 4162 704 1600
f 1600 1576 4274
f 1121 5190 5199
f 5191 5192 7200
f 5154 5193 6888
f 5194 1639 6889
f 1669 4165 5196
f 841 4196 5235
f 1149 1722 1608
f 4166 1567 1153
f 989 1609 212
f 1609 1569 212
f 1153 1568 4175
f 1758 1066 683
f 1537 1611 1645
f 1537 1648 1611
f 5197 295 1614
f 677 1651 1517
f 1620 5225 4180
f 1621 4187 1622
f 420 1562 1661
f 1661 1563 5198
f 970 1505 1602
f 1602 1624 5199
f 1624 301 1625
f 4168 4159 5201
f 5162 969 4169
f 5203 5245 7203
f 393 1627 5248
f 4239 1628 1224
f 1630 153 125
f 5223 5205 4171
f 5206 5238 5178
f 1649 1633 5282
f 1634 1796 1635
f 343 5208 1636
f 1636 1157 5164
f 4152 5209 1549
f 5211 5212 6890
f 5167 1246 5213
f 4173 5204 6891
f 1718 4174 5216
f 198 5217 5274
f 584 4175 164
f 1701 481 1730
f 4176 1642 313
f 4201 4222 1647
f 1648 1614 5222
f 5223 1632 5260
f 4172 594 4177
f 1618 4179 5263
f 1619 1652 1651
f 913 1598 1678
f 624 4257 1336
f 5183 1888 1270
f 1888 5228 1270
f 1741 4182 5229
f 5172 1578 1660
f 1578 4248 1660
f 813 4183 5209
f 5184 5230 4183
f 1663 5273 4193
f 1665 4184 5230
f 393 4209 4184
f 5232 6892 5236
f 1584 1337 1803
f 5235 1669 4185
f 4185 1668 5234
f 10 1671 5237
f 1671 79 1672
f 10 1673 1671
f 1673 744 1733
f 1671 1733 79
f 1185 1704 69
f 1631 1239 767
f 1151 1675 4167
f 1151 1762 1675
f 5205 5239 4186
f 1767 5303 5226
f 1576 196 1680
f 263 1683 1623
f 1603 5243 4189
f 4190 5284 7210
f 969 5241 4191
f 4192 6895 5247
f 1717 393 5248
f 4195 1583 5251
f 5252 5297 5253
f 1777 4197 1609
f 54 1729 4197
f 1695 5255 5256
f 1695 5256 4199
f 1732 4199 5257
f 10 1697 4200
f 1698 4200 5258
f 1673 1698 744
f 1672 79 1700
f 1589 307 1702
f 5259 1703 330
f 5187 111 1644
f 1644 5220 166
f 1650 4178 4202
f 5261 6896 5262
f 1822 1706 5265
f 1822 5263 1706
f 267 1707 1708
f 5301 1100 5264
f 1708 1709 117
f 1711 4030 4203
f 5264 5265 4203
f 1321 1711 5224
f 4030 1713 759
f 4204 5266 4205
f 4205 1653 1713
f 5340 5267 5268
f 5269 5304 7216
f 1121 5200 5288
f 5201 5271 4207
f 1264 5272 5308
f 5273 4208 1900
f 4208 5231 1900
f 1804 5295 4242
f 5251 1720 4210
f 1723 5327 1724
f 1667 5276 835
f 1779 4213 5278
f 841 5277 5298
f 107 1701 1730
f 1694 1845 4198
f 748 1780 1732
f 79 1733 1734
f 1733 744 1814
f 572 1734 1814
f 634 1699 1735
f 1699 79 1734
f 5280 5281 7220
f 4215 5207 7222
f 745 129 1655
f 1112 1827 1738
f 624 1336 282
f 51 1833 1740
f 5284 6897 5307
f 5243 5286 4216
f 581 1743 1868
f 6799 1121 5288
f 1264 5289 5272
f 5247 5292 6899
f 4218 5345 7225
f 4219 5216 6900
f 1749 1335 989
f 1149 1727 1750
f 1726 1692 5298
f 1726 434 1753
f 1726 1753 359
f 359 1753 748
f 744 1698 5317
f 5258 5299 4220
f 748 1755 1785
f 1755 5257 1785
f 1081 1672 1328
f 1700 634 1756
f 1643 491 481
f 481 302 1757
f 1758 647 1820
f 5220 1759 103
f 1759 1011 103
f 1761 1760 719
f 1151 1885 456
f 5279 273 1885
f 1885 273 1060
f 5223 5300 5395
f 1100 5301 4245
f 1707 267 1765
f 5303 4225 5322
f 4225 5359 1795
f 5304 7217 4227
f 5267 5305 6910
f 5306 7066 5378
f 51 1892 5381
f 1799 729 846
f 5308 5309 5368
f 5271 5310 5311
f 4230 1637 5210
f 5312 5313 7227
f 5293 6902 4231
f 5315 7233 5294
f 55 1750 1923
f 1806 4243 1778
f 1779 1778 434
f 584 164 1728
f 1728 1781 5316
f 434 1778 1752
f 1752 1780 748
f 1726 359 1783
f 1842 1783 251
f 1730 1782 1781
f 251 1783 1807
f 1783 359 1784
f 1786 1808 814
f 1784 359 1785
f 1810 1785 1328
f 744 5317 1787
f 1754 372 4233
f 1787 5318 109
f 2009 1757 1226
f 1782 481 1757
f 1788 1674 637
f 330 1791 1820
f 267 1708 5321
f 1794 4031 8
f 1738 543 5322
f 5323 4237 6903
f 1771 4228 4237
f 1797 5407 5324
f 5325 1798 5326
f 5324 1084 4277
f 1689 1802 4239
f 4211 4307 1801
f 4238 5443 1133
f 5327 1723 4241
f 198 5274 4241
f 835 5328 5278
f 1808 896 1904
f 1781 1782 1019
f 1328 1812 1810
f 814 1810 1809
f 1756 634 1811
f 744 1787 1814
f 1787 109 4244
f 1811 634 1815
f 1817 1815 1044
f 1734 572 4254
f 1789 1848 5329
f 5259 132 1702
f 1852 1821 88
f 1822 5331 6904
f 5332 5335 7238
f 5302 5334 4246
f 4246 2038 5335
f 267 4247 5336
f 4181 551 1658
f 5208 5338 1959
f 278 5342 5367
f 1127 6906 7211
f 1746 5344 7226
f 650 1837 5346
f 4209 5347 1837
f 5346 5370 1838
f 835 1724 5328
f 1805 1839 4214
f 930 5349 5389
f 1846 5299 4253
f 1846 1951 14
f 1881 426 1847
f 5350 4281 1849
f 1819 1850 1185
f 5352 6907 5375
f 5283 6908 5355
f 4256 6909 5356
f 1765 5357 5358
f 1856 1116 1857
f 1270 1863 1862
f 1862 1863 4259
f 4259 1829 5360
f 1867 5364 226
f 1867 1865 581
f 625 1894 1870
f 5363 4260 5289
f 1868 4260 581
f 685 1866 4261
f 5361 5364 4261
f 4262 5363 5365
f 625 1870 1871
f 1871 5366 5367
f 5368 5369 5383
f 1872 5385 4264
f 1149 1776 1836
f 1749 1873 1117
f 5370 5371 5434
f 4268 5349 5372
f 1846 14 4269
f 5439 5373 4270
f 1878 1953 109
f 1880 676 1981
f 330 1883 132
f 330 1929 1883
f 5351 4295 1850
f 5356 5376 4272
f 1824 8 4273
f 5188 4274 551
f 1658 551 5423
f 603 5378 4276
f 1889 6910 4275
f 1993 943 5380
f 1071 1993 5379
f 1832 1833 2023
f 1833 51 1010
f 625 1893 1894
f 29 1895 4077
f 1895 581 1865
f 4077 1865 374
f 5365 5383 4278
f 4278 1897 5384
f 5385 4279 1327
f 4279 5387 1899
f 1900 4280 4265
f 1900 5386 4280
f 1775 1901 5400
f 1903 930 5389
f 1904 1843 251
f 1847 426 1926
f 5390 1926 417
f 1928 4282 5330
f 166 1909 972
f 5395 1764 7243
f 4224 451 1764
f 1764 451 4296
f 5397 4285 6911
f 4284 1855 5240
f 1917 4286 5382
f 1940 5408 5398
f 4288 5384 5399
f 322 4266 2003
f 1921 1922 170
f 1902 1923 1728
f 1923 455 1972
f 5400 1924 4242
f 2008 770 5401
f 1924 5402 765
f 302 797 1226
f 797 1980 2052
f 426 1925 1926
f 4315 5391 1907
f 1926 1907 417
f 4339 1792 528
f 398 1986 75
f 452 1933 273
f 1933 220 5394
f 4310 63 1861
f 1859 1102 1934
f 51 5381 1936
f 358 5405 5406
f 5406 1937 5407
f 1938 1939 4248
f 5408 5409 5410
f 5409 5429 905
f 1942 5430 4291
f 1941 4291 5410
f 807 1943 2070
f 815 1945 5412
f 896 5411 5388
f 815 5412 1973
f 5411 896 1844
f 765 1948 1839
f 5401 770 5413
f 1200 1949 1951
f 5413 5414 4292
f 14 1951 5415
f 1976 1950 4292
f 1952 1041 1979
f 1915 5416 449
f 5397 5417 6912
f 1956 5419 4033
f 1957 4236 5421
f 1991 4392 1958
f 5423 5424 5527
f 826 1939 2099
f 4298 5454 5427
f 1938 1963 1939
f 1327 4299 5399
f 1899 5428 4299
f 626 1967 5431
f 5314 5430 4301
f 4301 1966 4324
f 1968 5386 5433
f 1158 1921 1969
f 227 1922 1921
f 167 1922 227
f 5434 5435 6786
f 5372 930 5436
f 4037 1975 1307
f 1945 815 1975
f 14 1976 4293
f 1976 174 4304
f 1952 4304 1041
f 372 1978 1877
f 5438 5495 5439
f 426 1981 1925
f 1981 676 2010
f 1982 1983 5440
f 1983 782 4305
f 631 2081 1954
f 1954 5504 5442
f 5393 4330 2035
f 75 1986 1821
f 1060 2015 1987
f 215 5486 379
f 5443 6914 5493
f 5445 2005 1994
f 1995 5316 1019
f 5485 5447 6915
f 1996 952 1928
f 5447 822 1997
f 1997 2079 631
f 2059 407 398
f 1760 2014 719
f 4296 451 1998
f 2108 5520 5449
f 5336 5450 4309
f 931 5451 6783
f 5405 5453 4311
f 1259 5454 5490
f 5043 4378 1180
f 5456 4312 2005
f 1969 1921 322
f 1968 4302 4313
f 2006 5463 5432
f 2008 4314 124
f 168 2010 5481
f 5394 220 2085
f 1060 1911 2015
f 2015 2085 159
f 5471 5458 6916
f 1935 1989 371
f 113 2016 1989
f 702 2095 2096
f 2096 2017 5460
f 5360 1252 2020
f 2019 4319 205
f 2020 5461 4319
f 2025 4321 4320
f 2026 4320 5462
f 794 2025 2026
f 4321 5494 2030
f 4313 5464 4322
f 4323 6785 5465
f 1973 2147 5549
f 2147 4333 5466
f 4326 124 4325
f 676 2033 5467
f 1980 4329 104
f 2125 2151 326
f 1930 728 2151
f 5469 2036 5505
f 2036 1909 5470
f 1986 2037 2135
f 2013 1163 2106
f 5334 6917 4331
f 4331 4318 636
f 5421 5472 2040
f 5489 5473 2065
f 2098 5492 358
f 883 4332 5428
f 694 5474 4332
f 1964 2046 5429
f 2047 455 2048
f 2101 4357 4334
f 4334 5414 5476
f 5457 2051 218
f 2009 1226 2051
f 2052 104 5477
f 5478 5480 5479
f 2102 383 5480
f 2103 5481 2054
f 5482 4338 5446
f 5484 5503 7256
f 2058 1080 407
f 1987 21 4341
f 2062 636 5376
f 1857 1116 2063
f 527 2041 5487
f 1188 2096 2064
f 2097 5460 4342
f 2064 4342 205
f 2021 2113 118
f 5488 5581 5489
f 5490 5491 5612
f 5453 5492 4344
f 1033 1874 2069
f 4267 2070 1874
f 740 2070 5548
f 1972 2071 248
f 2071 5475 53
f 2025 794 4346
f 4346 2072 4366
f 2073 5496 5497
f 2074 240 2075
f 5498 7257 5482
f 4359 2076 5499
f 4348 958 5483
f 5551 5501 4350
f 5502 5530 7259
f 5505 5506 5540
f 711 4352 5470
f 1011 5507 4352
f 2084 5543 4351
f 2085 811 2231
f 1915 5508 1914
f 4353 5509 5510
f 5511 2088 4354
f 2088 4033 4354
f 4354 4033 3
f 553 2089 2091
f 2089 3 2090
f 2091 2090 66
f 5472 1934 2092
f 2094 4355 270
f 2093 2144 270
f 5473 2167 2168
f 2119 794 5512
f 5474 2100 4356
f 4356 5465 5513
f 2102 1325 2073
f 383 5497 2176
f 2074 5440 4358
f 4336 5514 4358
f 782 2104 4360
f 5515 5498 6919
f 4371 2203 5567
f 5507 311 2106
f 904 2107 1998
f 5562 5518 5519
f 4361 5508 449
f 5520 6920 5458
f 2108 5451 7074
f 5522 6921 5523
f 66 2090 2163
f 527 2163 3
f 638 2111 2110
f 2110 2111 1274
f 2043 2042 2016
f 63 2110 2042
f 1141 5524 7264
f 205 666 2189
f 2113 4365 2217
f 5461 5525 4365
f 4365 2115 5526
f 1033 2069 2219
f 1969 2118 5564
f 2122 2198 450
f 2124 2050 5529
f 1016 2125 4316
f 5530 5531 822
f 5501 5532 7266
f 5533 5558 7268
f 4340 678 4368
f 4368 2129 2128
f 5536 934 5468
f 419 5537 2131
f 2037 2134 2282
f 2136 2262 2060
f 5538 5539 2154
f 4351 2137 2083
f 2138 569 4370
f 2137 2182 4370
f 4370 2182 5541
f 379 1988 5517
f 790 2143 95
f 4032 95 2143
f 270 2144 1188
f 2144 702 1188
f 5546 5556 5547
f 5475 2146 4429
f 2148 1307 5549
f 973 2122 5529
f 2122 450 2149
f 2034 2012 5590
f 5483 958 160
f 2151 5552 2152
f 2159 86 5555
f 790 4029 4376
f 4029 553 2161
f 2091 66 2160
f 2162 2160 610
f 66 2163 2186
f 2163 527 596
f 2165 4377 163
f 2165 2114 2166
f 4377 1010 2244
f 656 919 2167
f 404 2386 459
f 5513 915 5557
f 915 6788 5557
f 121 4379 2172
f 4379 5477 2227
f 4357 2174 4347
f 104 2298 2227
f 2298 5615 320
f 383 2176 2177
f 2176 869 2228
f 2177 2228 588
f 2177 2178 5479
f 2125 2257 2012
f 843 122 2076
f 2257 1051 4402
f 5558 6922 5535
f 5532 6923 4380
f 5561 5627 4383
f 2182 2205 430
f 2205 5542 4386
f 5562 2183 5679
f 1199 2307 112
f 2185 2242 599
f 66 2186 2160
f 453 2187 2211
f 2187 5576 5563
f 2094 270 1188
f 2190 118 2217
f 227 2193 463
f 1158 5564 2193
f 2170 409 2222
f 2195 2222 108
f 4327 218 2032
f 1178 2195 4366
f 4382 5514 5565
f 4383 2300 2130
f 2201 2302 876
f 2202 5553 2342
f 5567 5568 5618
f 5571 6924 5599
f 2207 4388 790
f 4389 5575 5573
f 2156 454 4390
f 5574 5586 5575
f 5577 2209 4391
f 5578 6925 2210
f 4391 2210 4363
f 779 6925 5563
f 2189 422 2212
f 2191 2190 2289
f 5579 5580 5582
f 5581 2216 656
f 587 2219 2218
f 334 5583 2224
f 2222 409 2223
f 2248 4394 4400
f 409 4039 2223
f 4039 334 2224
f 450 108 2225
f 450 2225 476
f 2226 450 476
f 869 2253 2228
f 2228 265 588
f 2104 240 4395
f 4382 2229 4395
f 5553 4396 1031
f 4396 5595 2343
f 2305 2236 5569
f 2236 2235 4387
f 454 2239 2208
f 5585 5681 5586
f 2241 1124 5587
f 599 5588 4398
f 2240 5606 2241
f 610 2160 4413
f 1994 2245 2192
f 740 5548 2247
f 2250 108 2248
f 108 2250 2225
f 2225 2275 476
f 2251 476 611
f 2254 4401 2297
f 2353 2256 2471
f 5537 2259 4404
f 4404 5603 5591
f 5593 5616 2299
f 811 2262 2362
f 2362 2262 2361
f 2231 2261 2141
f 5541 430 6825
f 327 5594 5598
f 5570 2329 4408
f 5459 5599 644
f 325 1164 264
f 2307 510 4422
f 638 2270 2111
f 638 408 2270
f 2270 613 2111
f 4440 4409 1212
f 4409 5526 2273
f 2246 2247 2322
f 4395 2356 843
f 5584 2355 2356
f 2356 4438 843
f 2180 2276 503
f 2277 2258 473
f 4403 2279 2278
f 2278 5601 92
f 5602 5699 5603
f 2284 2409 875
f 5606 5607 5646
f 4412 2411 936
f 131 1113 230
f 5609 4415 5524
f 5723 5610 6927
f 5556 2333 254
f 2292 1004 2488
f 4057 4068 5528
f 5613 1088 5528
f 2295 785 4417
f 53 4429 241
f 2172 2296 121
f 2296 309 5614
f 588 4418 2297
f 2130 2300 934
f 5566 4439 2300
f 2302 5617 876
f 5617 310 2303
f 5618 4420 2305
f 539 4441 2204
f 4420 5651 591
f 2307 2380 112
f 2308 4423 5588
f 5589 5620 4423
f 1144 5608 5628
f 230 2351 2312
f 5577 466 2312
f 5610 5621 7278
f 5622 5828 1268
f 903 2164 5623
f 2165 2315 2164
f 1212 4425 5663
f 2273 5623 4425
f 5547 254 5624
f 2315 2320 5667
f 2146 897 4429
f 5565 4401 692
f 5601 2323 92
f 5625 4431 6928
f 4430 5649 5627
f 137 2327 2235
f 5598 2329 327
f 987 2369 2212
f 2212 5642 1113
f 254 4434 5624
f 2333 5629 4434
f 2277 4436 1051
f 473 2375 4436
f 862 5630 92
f 92 880 5631
f 5633 5634 2442
f 2344 5636 2345
f 507 5637 5653
f 1076 2265 5638
f 2406 1255 2348
f 577 5641 2310
f 2350 2331 276
f 2352 2486 425
f 2194 5672 2497
f 291 819 2523
f 5615 2354 320
f 5706 808 4438
f 2276 2358 2339
f 2358 5712 5633
f 5643 6929 536
f 5616 2359 878
f 2301 2360 935
f 999 2592 2360
f 2360 2592 290
f 2361 769 2261
f 1076 2344 2343
f 264 2363 2237
f 2237 840 5644
f 5646 2366 5659
f 2351 2368 742
f 2368 5642 1059
f 4440 1134 134
f 2370 5736 5648
f 897 2424 98
f 1051 2338 2336
f 2338 2374 717
f 338 5631 2524
f 5649 2376 5700
f 105 2235 2328
f 2328 621 203
f 327 2330 5655
f 105 4465 4443
f 5653 5654 2534
f 4437 5655 6930
f 4445 5652 7282
f 5639 2348 5658
f 5640 671 5659
f 2381 5658 223
f 623 5660 5689
f 5688 5628 5661
f 5662 847 2385
f 4426 2387 4446
f 4446 5665 5664
f 5665 5666 5690
f 2245 247 4448
f 4449 5670 5669
f 5670 5671 5696
f 2221 4451 2394
f 500 2373 4451
f 2394 2393 547
f 2171 2425 4477
f 2438 819 4435
f 2230 692 48
f 48 2255 828
f 5630 5673 2395
f 2398 346 5675
f 2344 687 2399
f 112 2401 2537
f 2401 112 5657
f 5704 5676 5677
f 5678 2405 5684
f 5679 2183 5716
f 2364 2183 2237
f 5681 5682 5676
f 2407 4456 1255
f 5683 5685 5684
f 2406 5639 4457
f 5605 5686 6932
f 223 2410 2559
f 2367 5647 5687
f 2411 4459 936
f 5620 5688 4459
f 4459 5660 2412
f 5690 5691 5739
f 4447 5692 4461
f 4462 1216 2418
f 5745 5668 2419
f 4463 5669 5695
f 2421 2464 56
f 241 98 2423
f 309 2500 5746
f 2353 1054 2500
f 5700 2427 4439
f 2376 649 2427
f 862 2326 5673
f 2428 5733 2509
f 203 1078 2596
f 90 5735 5705
f 5705 266 2321
f 4060 23 4466
f 2355 766 4468
f 4469 2440 5707
f 5708 7287 2357
f 5711 6935 5712
f 2472 391 5713
f 5634 5714 4471
f 536 4453 2476
f 4452 26 2396
f 2283 5701 6937
f 2444 5702 2445
f 346 2574 5796
f 2398 2399 2446
f 2574 4454 879
f 4454 2400 2448
f 2400 2447 4514
f 2447 2345 778
f 2345 507 2556
f 5680 5717 4472
f 2450 5718 513
f 2409 513 4473
f 5641 2453 2454
f 2454 5854 847
f 4460 742 2456
f 5662 5720 5609
f 5722 5801 7291
f 987 4474 2369
f 2372 2460 5724
f 750 6933 5743
f 2421 56 2462
f 2463 2462 5726
f 2546 4501 5727
f 886 2465 4475
f 2465 2466 4475
f 4475 1049 5728
f 2422 4476 2570
f 2422 388 2220
f 2467 739 583
f 2424 2468 2671
f 4464 2469 2468
f 787 5729 4478
f 4478 2474 2475
f 2443 836 5730
f 290 2478 2361
f 5651 4480 2428
f 5650 4498 2480
f 788 324 2482
f 788 2482 990
f 5647 2579 612
f 2579 2412 5734
f 2414 2455 2600
f 90 2487 4481
f 1229 4482 1134
f 2488 2321 5737
f 5692 294 2432
f 5664 5738 2490
f 1134 5754 1229
f 2489 2432 2491
f 5739 5740 2493
f 5741 5755 5742
f 4484 5761 5743
f 2463 5726 4486
f 5758 4485 4486
f 4476 2497 5792
f 5747 5748 6938
f 5749 4488 5714
f 2503 5751 5750
f 5768 138 4489
f 4489 2505 5697
f 2578 203 2555
f 2512 2511 99
f 2457 1059 2562
f 5742 5753 4490
f 2514 5756 5754
f 4483 2542 2515
f 5756 5757 5790
f 2517 4491 2567
f 5777 5759 4492
f 5760 5763 5761
f 5694 2420 5762
f 5695 750 5763
f 2519 5759 5764
f 5744 4493 182
f 5693 1155 4493
f 4493 2613 378
f 4477 41 2521
f 2425 2522 41
f 5614 5746 2522
f 2522 331 4557
f 5765 5766 5749
f 5709 2588 4494
f 5767 2588 5809
f 2553 296 4504
f 2624 138 5768
f 2527 4495 5769
f 4479 5772 7294
f 2478 980 2529
f 175 5838 2532
f 5732 2533 2595
f 5656 660 2535
f 2535 2599 810
f 2539 4500 5775
f 2492 559 2544
f 2542 2544 2518
f 5876 5777 5778
f 2546 886 2547
f 98 2671 2499
f 5584 2548 766
f 2548 5804 5780
f 5780 6939 4503
f 5782 5864 233
f 629 2550 2616
f 717 2374 2550
f 5784 5785 6940
f 2557 4505 5774
f 4506 5776 4538
f 5657 324 2684
f 2381 223 4507
f 223 2559 1067
f 5687 2580 1067
f 5689 165 4541
f 662 5787 4528
f 2216 2541 2540
f 5789 2644 2487
f 5790 2611 4534
f 2611 1248 5791
f 5792 2498 5921
f 2254 4509 828
f 649 2473 5769
f 2572 4510 5793
f 2573 5794 4511
f 5796 5797 6941
f 879 2575 4513
f 5798 5868 7298
f 2575 2656 5800
f 5818 983 2703
f 1078 2578 5839
f 2578 2577 724
f 2580 2635 77
f 5801 6942 5822
f 5721 6943 4516
f 4517 6944 924
f 4534 2583 4482
f 2548 48 4521
f 4521 299 4583
f 5805 5806 2618
f 2501 5807 4522
f 4523 5867 7301
f 5809 2588 4524
f 4524 2589 5834
f 2505 2590 5969
f 138 5810 2590
f 5813 4526 6945
f 5799 5814 6946
f 2532 5817 4527
f 5703 2597 660
f 2596 4537 2625
f 5819 5820 2598
f 165 2600 2561
f 2600 369 4528
f 5899 2512 2602
f 5822 5823 6947
f 924 5824 7305
f 4530 6049 7307
f 5825 5826 6948
f 5830 5861 2607
f 2585 516 4519
f 2616 2617 2746
f 5808 2693 4536
f 32 2619 5835
f 2620 2696 145
f 521 2503 5836
f 2503 5750 2620
f 2621 2620 145
f 521 2621 5793
f 2621 145 2622
f 1101 5794 5910
f 5837 4563 138
f 5812 468 2507
f 2680 733 5819
f 5845 5939 2657
f 840 5846 5717
f 5917 5847 6949
f 5846 2658 4551
f 1287 2539 5848
f 5775 5849 4540
f 5850 5852 5851
f 1286 2558 5849
f 2558 1067 2633
f 2633 5944 5852
f 2708 77 4542
f 4543 1125 5853
f 662 4528 5948
f 4544 6950 5855
f 2602 99 2640
f 5752 2641 605
f 2641 2606 5856
f 5788 5859 7311
f 5735 2608 266
f 1082 5862 2608
f 2608 2832 4533
f 2460 2648 2610
f 4519 2649 2648
f 2499 830 3018
f 5864 4546 5807
f 5781 5865 6951
f 5866 5886 7312
f 4548 2679 5893
f 2655 5970 5868
f 2681 568 5869
f 5872 6007 7314
f 516 2777 5977
f 567 2660 2777
f 2661 1008 2689
f 5874 5903 5875
f 5876 5877 5879
f 4552 5875 5878
f 5879 4553 5881
f 4553 5982 2665
f 5764 1204 5881
f 5832 5882 1280
f 5791 2668 4555
f 4555 5885 4613
f 5779 4556 2668
f 2781 4556 5883
f 5884 5983 5885
f 5863 2670 5728
f 2670 2669 5883
f 560 2690 412
f 5886 5887 5926
f 2552 5889 2813
f 2675 5891 4561
f 4562 5966 5891
f 5795 4564 5730
f 2700 4564 5892
f 271 6953 7320
f 4550 5894 4565
f 2770 4566 5895
f 2363 283 2914
f 641 5870 2733
f 2733 2536 4048
f 5854 4568 6954
f 4567 6955 2742
f 5897 5951 5898
f 5821 255 2686
f 2686 6046 364
f 5900 6806 4518
f 5901 4065 4570
f 4065 5902 4570
f 2690 4502 412
f 5833 444 2692
f 756 5906 5908
f 5930 5909 4572
f 2696 2697 145
f 2622 145 2697
f 4573 5909 5911
f 5912 2726 5911
f 5936 471 4575
f 4574 2698 5892
f 2700 5913 5914
f 5916 2705 7323
f 2363 87 283
f 2634 77 4579
f 5787 662 5918
f 5856 6956 4580
f 5920 6215 2830
f 2570 642 537
f 2423 1289 2901
f 4584 6957 5923
f 5924 4585 5888
f 2672 2713 5960
f 929 4604 2673
f 2673 2757 5926
f 1073 4586 4587
f 5959 5927 4586
f 2760 1154 4588
f 5907 2722 4589
f 4589 5931 5930
f 1213 6958 5932
f 2720 2723 81
f 2723 574 2724
f 5932 81 5934
f 2725 4590 5933
f 5934 5935 5912
f 2726 5935 5936
f 2764 5968 5937
f 2875 390 2729
f 2599 395 4593
f 5938 2731 6006
f 5939 2732 4594
f 5844 1287 5940
f 4594 2735 5942
f 1130 6959 7338
f 2735 5940 5943
f 4595 5851 4611
f 5944 5945 6028
f 2707 5945 2634
f 899 5946 4579
f 102 755 2560
f 5947 4596 5918
f 2828 442 4596
f 5948 5949 6031
f 5719 5899 4597
f 4597 364 5950
f 5952 6012 7329
f 5954 5955 6960
f 5923 5956 7332
f 4601 2748 1025
f 5957 2750 5924
f 2749 1025 4627
f 2750 2812 410
f 2751 2787 2752
f 2752 5986 5958
f 216 2752 2755
f 5958 5959 1073
f 5960 2753 4602
f 5985 5961 4602
f 204 4603 2717
f 5961 2755 4603
f 2756 4604 2717
f 746 2757 2756
f 5962 5963 5965
f 5987 1250 4605
f 4605 2759 5964
f 5929 4606 237
f 5928 5965 4606
f 2761 5964 4628
f 2793 5993 2762
f 1256 4620 5988
f 5966 5967 858
f 5890 5968 7335
f 5969 2767 5729
f 2591 300 2767
f 2767 6020 5811
f 5838 1225 6071
f 5970 5971 6961
f 5800 5972 4608
f 4609 5974 5973
f 5974 2888 6080
f 5972 568 4610
f 5821 2830 255
f 5856 2776 1305
f 5831 669 2854
f 6053 5979 5980
f 5981 6008 5982
f 1215 5921 642
f 5983 2782 6056
f 2782 2669 303
f 2783 2960 4689
f 801 2901 2900
f 2713 5925 4616
f 2753 4616 5985
f 5986 4617 5962
f 5929 2789 2716
f 2716 6019 5988
f 5989 5990 6962
f 4619 6063 7341
f 471 5993 4592
f 2728 2841 761
f 5915 5997 7342
f 4622 5999 7344
f 5999 6963 6069
f 5997 6964 4623
f 4624 5973 6002
f 983 5818 2798
f 5820 6005 2799
f 1276 6006 6023
f 43 472 2801
f 2801 472 35
f 6268 747 4625
f 5826 1311 441
f 441 6147 928
f 5858 2645 5862
f 5978 2806 2805
f 6008 6009 2779
f 388 2902 753
f 753 2902 143
f 4557 331 2808
f 2865 2963 3040
f 6012 4626 4662
f 1262 6013 4626
f 2870 6060 6014
f 2812 2786 410
f 2813 2926 4535
f 4628 6241 6016
f 6016 6017 2817
f 761 2842 2765
f 2842 207 2818
f 6020 6021 468
f 6021 250 2819
f 1276 6023 6084
f 6005 6024 4630
f 2820 6025 4680
f 2772 6026 2683
f 2802 2657 4632
f 2977 4631 4696
f 5975 2774 2823
f 2774 2822 488
f 6029 1125 2637
f 2828 6030 2829
f 5947 6031 6030
f 2830 115 5976
f 151 2833 2951
f 673 275 2833
f 2833 6032 853
f 183 5903 6052
f 5902 4686 4634
f 2858 2836 6033
f 2523 119 6013
f 2837 386 4643
f 2744 2746 2838
f 2752 216 2751
f 6018 2817 6110
f 6017 3044 4635
f 4635 812 3081
f 5994 6035 2841
f 2842 2928 207
f 789 2771 6966
f 733 6038 6024
f 2844 20 4667
f 4637 6253 7350
f 6042 4638 6101
f 4638 5950 2849
f 6041 6043 2848
f 2851 225 4671
f 6044 4640 5824
f 6045 6047 4639
f 6048 6149 7351
f 2985 4633 6050
f 2806 495 2855
f 183 6052 4612
f 2858 6033 4641
f 2859 4641 6053
f 2861 2834 6054
f 6054 428 6055
f 2863 2782 4689
f 2866 2964 222
f 242 2867 3103
f 1025 2869 6058
f 6090 2839 4644
f 6059 6061 7352
f 216 6061 4645
f 1094 2788 2787
f 6107 2872 4646
f 4646 1250 5987
f 300 2873 2766
f 3000 4647 6062
f 6063 6968 6114
f 5991 6969 4648
f 4649 6970 6066
f 4652 1263 4694
f 3073 932 3026
f 6067 6068 7358
f 2883 4653 7345
f 4654 6002 7361
f 6071 4655 6122
f 4655 6189 6072
f 6073 6971 6097
f 6070 6972 4656
f 4657 6973 6076
f 6078 6079 7365
f 6075 6080 6974
f 4659 2888 5895
f 2939 4660 609
f 20 6037 6125
f 6082 6083 6128
f 2649 2806 1165
f 2688 4661 2986
f 4569 2896 2897
f 4661 6087 6088
f 5984 3018 370
f 376 6089 2811
f 2748 5956 2904
f 2869 6106 6090
f 6091 6976 6158
f 4663 6977 6095
f 4665 633 2936
f 1202 2934 2907
f 6144 6097 633
f 4666 6076 2910
f 2941 4668 6099
f 2363 2914 217
f 4669 602 5871
f 6101 4670 6176
f 2849 6046 4670
f 2988 154 2919
f 2988 3101 414
f 2864 2920 2902
f 5905 6103 6978
f 6089 376 6104
f 6105 6136 6106
f 1094 6034 6108
f 444 4735 2925
f 4675 6091 6979
f 6110 4676 6111
f 2840 3081 4676
f 2927 4676 367
f 6111 2928 6035
f 2927 367 2998
f 260 2906 6096
f 6112 6113 7372
f 6186 6114 6980
f 917 6116 7357
f 6096 6117 6167
f 4665 617 2932
f 6118 6981 6143
f 2933 6116 7119
f 4677 6982 6121
f 633 2938 2936
f 6003 2937 3051
f 6004 6122 2885
f 4678 6072 6123
f 348 2938 3005
f 530 2889 6081
f 6077 6124 2889
f 6125 2939 4679
f 6127 4681 6099
f 6145 1169 6128
f 102 2915 2942
f 6129 3010 1079
f 3010 6085 2944
f 6130 2894 5946
f 4682 2945 6085
f 2945 4683 6174
f 442 2829 4683
f 2946 6042 2947
f 151 2951 2949
f 6131 6219 4684
f 1162 2836 2955
f 920 6010 2956
f 642 2957 2864
f 920 2956 2957
f 2956 24 2958
f 5984 6132 4688
f 6133 6196 6057
f 139 224 3037
f 2991 6135 2964
f 2966 2965 4700
f 6107 6137 1219
f 6108 6138 2924
f 6137 6155 561
f 1250 4690 2759
f 2872 4734 4690
f 2968 2971 1202
f 2970 762 6139
f 6182 984 6140
f 4692 2929 260
f 3024 4693 348
f 2974 6127 4695
f 4695 2973 6145
f 217 321 2975
f 2976 2975 6100
f 695 2978 2979
f 2979 4696 1
f 2980 2773 5975
f 102 2942 512
f 127 2981 2825
f 1311 6149 6150
f 4697 6983 6151
f 3121 4756 6152
f 928 2982 2983
f 6195 3033 2984
f 2984 571 5978
f 6153 3210 2987
f 2988 414 2989
f 2898 2989 916
f 143 3131 1131
f 376 6135 6180
f 2964 4721 2992
f 2992 6200 6154
f 6156 6157 4735
f 6158 6159 6984
f 6095 6160 7381
f 6161 6184 7383
f 207 2998 2818
f 2998 367 2999
f 250 4704 6232
f 6062 6164 4704
f 3002 6235 6166
f 3166 4705 863
f 3003 2970 6167
f 863 3003 6244
f 4706 3004 6168
f 3024 3005 6191
f 3005 2911 413
f 3030 4707 6170
f 2940 609 4708
f 3008 6172 6171
f 1206 6126 4717
f 1 909 2823
f 2737 512 653
f 3010 2823 488
f 177 3012 2916
f 3012 6176 2916
f 2916 4671 3096
f 2850 6212 6045
f 225 3013 3096
f 6151 968 7386
f 6177 6239 4698
f 2953 4711 4672
f 4711 922 3017
f 376 6180 6104
f 6154 6181 4713
f 6182 4714 984
f 6231 6183 4714
f 6184 6985 6201
f 6160 6986 6187
f 4715 6987 6188
f 4716 6206 6189
f 6124 7377 6190
f 3028 3053 387
f 6191 6171 6192
f 695 2979 3139
f 615 3032 6050
f 962 6194 3032
f 495 571 3033
f 1227 3125 4699
f 6196 6197 6313
f 6132 6198 4718
f 4719 6225 6199
f 224 3038 3037
f 3040 3041 4720
f 4720 6278 6200
f 6228 6201 6989
f 6165 3082 6243
f 6164 7384 6163
f 3048 6203 6249
f 4725 3025 6251
f 1190 6206 6280
f 6123 6208 4727
f 6209 3086 279
f 6190 6207 6210
f 3054 4728 6211
f 6043 6213 3055
f 3055 945 6214
f 5919 6216 6990
f 6216 1305 6991
f 4729 4684 3204
f 6219 6220 6992
f 853 6032 7392
f 4731 6224 7394
f 4673 4761 2918
f 6223 6275 7395
f 6225 4732 6362
f 4732 6178 3064
f 3065 4733 3147
f 561 6226 4734
f 2925 3066 519
f 6227 3067 6183
f 6228 6229 7396
f 4724 1052 3068
f 6232 6233 3002
f 6165 6234 3071
f 6250 1198 6192
f 3076 6284 186
f 6212 4738 968
f 6238 1177 6239
f 708 6240 6277
f 224 3131 3214
f 3131 2902 975
f 1293 6242 4740
f 3080 1038 3369
f 367 3081 3082
f 6244 6245 3084
f 6246 4742 6208
f 3088 3138 6247
f 3090 4743 994
f 279 6248 3074
f 6205 6250 6251
f 127 3142 3075
f 3031 942 3142
f 3094 3119 7399
f 6254 4755 431
f 6271 258 3097
f 1162 2955 3100
f 4687 6255 4746
f 703 6256 3235
f 3101 1162 3100
f 703 3128 6256
f 2989 414 3129
f 2920 674 3189
f 6134 4747 101
f 2759 2967 6242
f 570 3043 2967
f 6257 6258 7401
f 6162 6259 6993
f 4750 6261 7403
f 6259 6262 7406
f 3108 4752 3135
f 6263 7397 6264
f 2969 762 4772
f 514 947 3241
f 43 542 6173
f 3149 4754 6269
f 3246 942 971
f 2944 6174 3117
f 186 4774 4755
f 3144 3120 6270
f 3145 1092 6195
f 959 6272 4759
f 414 3128 3129
f 3128 6276 3185
f 3129 3185 85
f 3159 24 916
f 708 6277 3159
f 2958 4762 674
f 4763 3237 4747
f 101 3192 741
f 1120 3079 3080
f 344 3135 3162
f 3135 6227 6279
f 256 3195 6235
f 3084 333 3136
f 6280 6281 6246
f 3174 3173 3139
f 4764 3141 3093
f 3197 3142 3225
f 1177 6285 3143
f 3281 3058 298
f 258 6271 3120
f 3120 6194 4756
f 6102 3146 4760
f 6181 6287 3065
f 3167 707 3148
f 305 3149 4767
f 6269 1077 6994
f 4767 3150 323
f 3150 6269 6289
f 695 3173 6289
f 28 3151 3245
f 945 3095 4765
f 842 3155 3154
f 716 4768 4761
f 4642 6290 4768
f 4770 6260 6292
f 344 3162 3163
f 6279 7407 6293
f 6265 3164 4771
f 4771 1334 6294
f 6295 3333 921
f 991 6282 3170
f 3169 995 3267
f 323 3173 3354
f 3174 6283 6297
f 602 3152 3116
f 4773 918 6298
f 3198 6298 3199
f 3179 3180 315
f 6175 4796 3258
f 3144 6299 809
f 1221 3154 3182
f 3155 3183 959
f 3183 356 229
f 85 3185 3186
f 6276 4808 3186
f 3188 4777 438
f 975 3189 4777
f 186 6284 3178
f 3176 3294 4794
f 3198 3199 431
f 3199 3255 3095
f 1296 562 3201
f 356 3201 229
f 3201 562 3230
f 3233 6305 3203
f 3203 3202 6273
f 6217 4780 298
f 4780 6310 3282
f 827 3206 3124
f 6325 6307 3206
f 6308 4782 6995
f 6221 6309 6996
f 3205 6337 6310
f 6274 437 3208
f 1194 4790 4783
f 6311 6312 6360
f 4776 6313 4784
f 4785 6199 6314
f 3214 3188 518
f 3214 3215 3038
f 3038 6413 6315
f 6318 6319 7411
f 4787 6303 7413
f 6235 3195 806
f 3352 116 3111
f 3279 4789 6323
f 3012 3227 4796
f 855 228 1296
f 1296 3260 562
f 6324 3229 6322
f 3230 562 3231
f 3184 229 3232
f 3235 3236 703
f 6317 681 3238
f 1053 3330 4791
f 3136 333 1316
f 333 3239 3396
f 3137 6997 3352
f 3241 144 3242
f 3244 6328 6329
f 28 3245 6330
f 3244 6330 731
f 6283 3248 857
f 3269 156 486
f 3226 3274 1114
f 3253 424 6334
f 3252 3254 6347
f 3251 3255 918
f 3255 6335 308
f 228 3270 236
f 3228 236 178
f 228 855 3229
f 562 3260 3231
f 3231 3298 1324
f 6337 6338 6998
f 6309 1308 7415
f 6275 6341 1308
f 3157 6342 3127
f 4799 6357 7417
f 3168 3239 333
f 6296 52 3239
f 52 3267 397
f 202 3372 4800
f 918 6343 3251
f 3250 6333 4801
f 6345 6346 3270
f 3273 3272 47
f 178 236 3274
f 3274 3273 4795
f 3254 6334 3275
f 6347 3276 6348
f 910 3256 3280
f 3279 6323 4803
f 83 3301 4807
f 3301 3282 6349
f 6325 3234 6405
f 6305 489 3234
f 3234 906 3283
f 6307 4818 3345
f 1194 3126 4790
f 3158 85 3286
f 344 3289 901
f 3397 305 6350
f 3296 424 3253
f 4806 3253 1146
f 424 3296 3275
f 3296 4806 3381
f 6352 6401 4802
f 601 3117 3297
f 3297 4775 6354
f 3259 4807 3299
f 3299 6355 818
f 3421 6349 6356
f 3186 6358 6378
f 781 3304 3322
f 4809 6314 6361
f 6362 6363 6381
f 3314 4793 3175
f 447 3314 3313
f 394 3315 3316
f 394 3316 3249
f 3271 6345 6344
f 47 3319 3253
f 3262 470 489
f 6326 192 4812
f 3303 4812 3322
f 4769 6365 6367
f 708 6367 6368
f 3324 573 3325
f 6240 6368 4814
f 4815 3326 4833
f 4810 3287 3307
f 6292 6370 3331
f 3091 3335 871
f 6252 6371 3335
f 6374 6376 7420
f 6376 4817 3412
f 4817 3171 181
f 28 3338 3175
f 3338 6329 3313
f 627 3342 3319
f 3342 955 1146
f 3343 3484 65
f 3346 6379 735
f 6361 6381 6380
f 3308 3307 6382
f 6301 4829 3348
f 3268 3352 764
f 3292 4805 3354
f 6297 6385 3354
f 887 6351 6422
f 3314 927 6332
f 6354 6388 4820
f 6304 4821 6423
f 6425 6391 3359
f 4822 6999 6392
f 1139 6378 6394
f 3363 3362 4824
f 1139 6394 4813
f 3364 6395 6366
f 4843 3365 6428
f 6426 6360 3365
f 3366 6359 4844
f 3238 3368 1172
f 3369 1232 3223
f 3290 144 3372
f 4825 6375 6398
f 4792 6400 3375
f 3378 3375 169
f 627 1314 3342
f 6401 6402 3452
f 3381 1288 4826
f 4826 738 6403
f 4827 6441 6404
f 4818 6406 777
f 3368 6407 3521
f 3390 6408 7424
f 3394 659 3515
f 1038 3370 3369
f 305 4830 6371
f 3397 6351 3459
f 100 1314 4831
f 1211 3398 3399
f 3402 6412 3401
f 6412 3482 6460
f 6388 3416 4832
f 563 6390 3403
f 3403 6392 3404
f 3403 3404 988
f 3404 3302 3511
f 3406 3520 140
f 4835 7000 4855
f 3239 397 829
f 3171 6415 181
f 3412 6417 6446
f 3461 4838 6418
f 6419 6420 7427
f 6421 6494 7429
f 955 1211 3399
f 3416 6423 3418
f 1028 6424 3358
f 3344 4840 1324
f 3383 3419 4887
f 3419 1284 4888
f 1301 3488 781
f 6426 3365 6393
f 3424 3425 3511
f 735 3490 3362
f 3362 6427 1064
f 3427 663 4846
f 6382 6430 3429
f 3288 3430 545
f 3430 3309 608
f 965 6327 3431
f 3329 6432 4847
f 4847 304 6433
f 3351 4848 1189
f 3351 3433 4848
f 4816 4877 3395
f 3395 6477 392
f 1334 3334 3435
f 3334 6445 3435
f 3436 3437 38
f 997 3438 3439
f 997 3439 3441
f 3441 3411 3240
f 3526 1338 4879
f 3443 6512 3374
f 3414 6398 4849
f 3444 4849 7
f 3378 169 4850
f 3446 4850 6435
f 3469 447 4851
f 3446 4851 6399
f 927 6436 4811
f 3470 4852 447
f 6437 6451 439
f 3450 6438 3448
f 751 3450 3473
f 3450 1211 955
f 6439 3357 6453
f 3528 3357 699
f 655 6440 3528
f 961 6441 6456
f 675 3405 3605
f 3192 4854 3408
f 3455 1148 4853
f 3494 616 6445
f 3411 684 3442
f 243 3458 3574
f 3459 4856 657
f 7 3460 3466
f 3460 74 6446
f 1032 6447 6418
f 1322 4858 6449
f 3444 7 3462
f 4858 3462 89
f 7 3464 3462
f 3464 68 3465
f 7 3466 3464
f 6447 1032 6448
f 3464 3467 68
f 3467 3468 6483
f 6435 6449 3497
f 6450 6466 6451
f 3499 68 751
f 3467 1137 68
f 751 68 6438
f 3500 4867 3473
f 3398 1211 3527
f 3475 3527 4868
f 3476 699 4860
f 3517 214 3478
f 620 4862 6475
f 738 4861 6403
f 6456 6457 961
f 6457 3507 6472
f 6459 4863 6484
f 735 3487 3488
f 3425 4843 817
f 573 3491 3492
f 3492 3553 502
f 3388 4865 197
f 140 6461 4865
f 3330 1053 3432
f 3410 6434 1316
f 3538 3539 6464
f 4837 181 4866
f 6466 6467 3449
f 3449 3463 6468
f 3449 3474 1314
f 3498 6468 4867
f 6411 3475 3502
f 3503 6470 4869
f 3477 4869 3476
f 335 6469 4860
f 3508 6458 4870
f 3505 4870 6470
f 1132 4872 6471
f 3503 6469 4871
f 4871 6459 6471
f 6472 3507 4872
f 4886 3544 6502
f 6404 961 245
f 245 710 3510
f 1284 3420 6496
f 818 6355 3420
f 3420 4841 4895
f 3548 4873 1301
f 651 4864 4873
f 3512 712 3325
f 6430 6473 4874
f 4874 3557 6474
f 680 3394 384
f 3437 3516 1037
f 3223 1232 3516
f 6416 4875 6492
f 4868 421 3542
f 1028 462 6424
f 3406 3559 3520
f 3520 996 3583
f 3521 6476 3564
f 1161 6409 7001
f 3564 3522 6529
f 3522 3393 3523
f 4878 758 3608
f 38 3525 3439
f 3373 423 3353
f 1211 3448 3527
f 3529 3528 499
f 688 3530 6475
f 820 4880 6489
f 817 6428 4880
f 3512 502 4881
f 6462 3572 337
f 6463 389 3495
f 3495 232 6462
f 1032 3539 3540
f 6465 6479 4884
f 3539 6480 6481
f 598 6482 3632
f 3631 3539 6481
f 3468 6448 4885
f 3545 191 3543
f 3594 3543 4899
f 6484 6485 3595
f 3519 3546 6551
f 3546 6486 3547
f 3384 3548 777
f 3551 6488 286
f 3533 286 3552
f 4845 1304 3555
f 1003 3555 6498
f 3556 6474 4896
f 288 545 3667
f 6499 3561 3493
f 3493 1148 3367
f 1174 823 3563
f 948 3564 6599
f 384 3515 982
f 3515 96 982
f 304 3566 3587
f 384 982 4890
f 4890 1266 6490
f 1193 3568 4877
f 6433 3567 3568
f 306 3569 3525
f 4891 4932 3569
f 3570 6559 6491
f 1243 6492 7002
f 243 3574 4893
f 4857 887 6493
f 4893 3575 957
f 4894 3415 697
f 563 3580 4895
f 3580 3637 6495
f 123 3606 3559
f 675 3605 3606
f 3606 3605 3560
f 3520 3583 6461
f 3562 1172 4897
f 4897 3514 61
f 3563 1298 6444
f 1243 7002 6545
f 3573 4892 3591
f 3593 6514 6478
f 445 3577 3485
f 1128 4929 3597
f 3597 4921 3486
f 286 6503 3600
f 3600 6504 354
f 502 4889 6525
f 3601 4902 6505
f 238 3602 4903
f 6523 691 4924
f 4903 3603 6554
f 238 3604 3684
f 3581 6506 6498
f 3581 6497 4930
f 3405 6507 3605
f 6508 3586 786
f 3608 3609 1037
f 1006 6511 3610
f 3612 6513 33
f 6533 3613 4907
f 4906 6515 6514
f 3615 3613 6516
f 33 3616 3472
f 697 6517 3472
f 3615 4908 6515
f 3617 3615 6516
f 6519 4909 4910
f 3618 4909 499
f 3550 3549 3620
f 3549 6539 6521
f 3599 6503 4911
f 4911 6541 6522
f 4900 6523 6524
f 3623 3602 238
f 6505 354 6526
f 6527 6555 4882
f 3558 436 58
f 3563 823 3625
f 1087 3689 6528
f 1298 27 3626
f 3626 27 772
f 3523 4904 3627
f 3627 3607 792
f 3607 6530 6578
f 4904 457 4912
f 4913 7003 6531
f 3410 1283 3630
f 3630 1326 3671
f 3589 6500 4933
f 6463 6532 3674
f 3631 949 4914
f 33 3472 6534
f 688 6518 4916
f 3634 4916 91
f 6496 6537 6487
f 6495 487 3726
f 3726 6592 3636
f 1320 820 3683
f 820 6489 3640
f 4951 849 6541
f 3605 4919 496
f 6507 253 4919
f 3626 772 3644
f 6 3644 645
f 1338 3646 4905
f 3646 3697 1006
f 3675 171 6543
f 3649 3676 3648
f 6479 6544 3648
f 3649 3650 244
f 6545 6546 6544
f 3650 6547 244
f 6536 6548 7434
f 1203 6502 4920
f 4920 3651 7435
f 6551 3547 6573
f 966 4921 3656
f 4921 6562 4946
f 6539 3656 6594
f 6597 4923 3659
f 6553 6540 6554
f 6555 6556 6614
f 3623 238 3664
f 6557 6565 4925
f 3560 496 4926
f 3667 3785 436
f 4938 3584 3668
f 772 403 505
f 403 772 3688
f 645 3644 505
f 6 645 1020
f 758 3588 6510
f 1009 3630 3718
f 3718 3671 6558
f 3571 6491 824
f 3572 232 3647
f 3674 3675 389
f 6568 870 3675
f 3649 244 3704
f 6560 208 6533
f 3677 6570 3612
f 381 3678 6561
f 3678 33 3679
f 4928 6519 1249
f 91 4935 3634
f 3681 1249 6520
f 6550 3706 490
f 891 3653 6605
f 3637 3708 6577
f 6538 1222 7004
f 3708 6552 4937
f 501 6552 3683
f 238 3684 3664
f 1001 3686 3685
f 3686 3687 3685
f 772 27 3688
f 71 645 505
f 645 71 1278
f 1020 645 1278
f 1007 4927 3802
f 3739 3751 3691
f 6584 6566 7005
f 3609 3692 3693
f 355 3694 4931
f 3694 6542 4931
f 4931 3645 3717
f 3569 3752 3719
f 1275 3695 3590
f 415 3720 3695
f 6559 3698 824
f 3698 524 3699
f 3677 381 4934
f 3705 244 6569
f 381 3681 3703
f 490 3635 176
f 6571 7006 6589
f 6549 7007 6574
f 4936 891 6575
f 3620 3710 3642
f 59 3665 3782
f 3711 3734 3785
f 6578 6579 7008
f 6531 6580 7440
f 6581 6583 7442
f 6583 7009 6601
f 6580 7010 6585
f 6647 3716 6587
f 353 3719 3672
f 6575 6590 7446
f 6591 6609 4942
f 490 176 3723
f 3723 351 3724
f 487 6577 4945
f 3727 6576 3741
f 501 4948 3755
f 3639 6595 7447
f 4948 6596 4954
f 3745 3730 849
f 3730 6595 6597
f 882 575 4955
f 3561 6598 1181
f 403 1087 209
f 209 3746 141
f 4949 6619 6600
f 1023 6 3690
f 3789 6601 1309
f 3739 42 3751
f 4932 3609 3693
f 1326 824 6622
f 483 4950 3728
f 3724 3742 4950
f 4950 6624 6606
f 6606 4953 3743
f 6607 4951 6521
f 3762 3813 141
f 71 403 3748
f 380 3719 3752
f 418 6588 3719
f 6609 7011 6626
f 6590 6605 3754
f 3754 6604 6611
f 3744 6607 6594
f 937 6596 3757
f 3663 884 3758
f 436 3785 19
f 996 575 3732
f 1090 6615 575
f 859 3761 4974
f 948 6599 3761
f 3746 1087 6618
f 3813 6631 1297
f 3748 209 720
f 4958 120 3750
f 701 3737 42
f 3765 3694 355
f 3699 524 3740
f 3740 3805 6623
f 3768 6625 6624
f 6625 4959 6628
f 877 6626 4959
f 3770 6611 6627
f 6628 6629 6630
f 6627 6613 3756
f 3756 4954 937
f 6612 6630 3772
f 3775 6632 6639
f 792 6633 6634
f 4960 7013 6635
f 3777 1309 3778
f 701 42 365
f 3739 3694 3765
f 415 4961 3720
f 6588 3798 4961
f 3696 4962 912
f 4962 293 912
f 3779 3780 509
f 3780 171 870
f 884 3784 4966
f 4966 6564 3685
f 3785 3827 19
f 141 469 643
f 4 209 643
f 3843 6635 3789
f 3789 3777 1251
f 668 701 365
f 1007 3802 1195
f 6641 80 3765
f 4971 4967 3696
f 1090 3731 3793
f 3643 253 3731
f 720 4 3795
f 3795 4 6645
f 277 1251 985
f 985 3778 231
f 231 701 668
f 3797 3835 3798
f 6586 7014 6650
f 4969 7015 6651
f 363 4987 3793
f 4 643 3786
f 6603 484 3801
f 946 6652 4970
f 4970 6651 3804
f 6642 6654 7016
f 4972 3808 6655
f 4965 3810 3809
f 6615 3800 3869
f 46 3786 760
f 6645 6656 3815
f 3816 3846 120
f 6658 3792 4968
f 3792 3817 6568
f 3818 3733 173
f 679 3820 6675
f 1022 6660 3819
f 1251 3829 531
f 1195 3822 6646
f 6659 281 3817
f 3810 106 4977
f 4978 3824 3854
f 607 3826 3838
f 3838 736 3900
f 607 3828 3826
f 3828 6662 3867
f 1295 4 46
f 3829 1269 6663
f 157 1299 3831
f 484 3864 3801
f 3801 3875 3832
f 82 3833 6666
f 3835 3806 293
f 6669 7460 6658
f 6672 3866 3837
f 3837 3866 6659
f 6662 3839 84
f 3839 3818 1085
f 3818 173 3840
f 3842 3819 679
f 3879 200 46
f 46 3844 1295
f 3863 3845 1299
f 3863 6664 3845
f 3845 3821 3831
f 446 3876 3832
f 3848 3796 3849
f 3849 6653 7018
f 509 3823 4980
f 6671 4982 7019
f 749 6672 7020
f 4981 6669 7021
f 4973 667 4983
f 363 4984 3878
f 4976 402 3859
f 3814 3859 564
f 3875 3895 3896
f 157 1218 316
f 6670 3877 3847
f 3847 646 3797
f 6682 82 3865
f 3759 795 6677
f 776 329 3862
f 3862 402 3830
f 6657 3871 6697
f 6656 3844 3872
f 3872 3844 4985
f 3874 6691 1299
f 3896 11 6670
f 3862 6663 4986
f 796 4989 6698
f 11 4990 3877
f 11 709 4990
f 4990 3882 664
f 4991 3833 6682
f 3882 3836 664
f 565 6683 3886
f 3836 3887 6671
f 736 3908 3901
f 3867 84 3908
f 3908 6695 5000
f 6685 7022 6689
f 6677 7023 4992
f 4993 7024 6688
f 3774 6689 7025
f 4995 6688 7465
f 6676 3893 3923
f 3863 6691 3892
f 3893 3894 3926
f 3895 3905 967
f 967 11 3896
f 6692 7467 6684
f 3898 3897 749
f 3824 3852 977
f 4997 3899 1235
f 3899 3900 3901
f 4998 3950 4988
f 3879 4999 200
f 3914 6679 565
f 5000 6708 1235
f 3909 757 5001
f 3903 5001 3860
f 40 3910 3958
f 3910 40 898
f 3911 184 3912
f 5005 3913 5002
f 3913 285 3914
f 796 6698 3906
f 3912 3883 709
f 4997 3946 3918
f 3921 4988 6700
f 795 3960 6709
f 3960 6728 3922
f 329 963 161
f 898 40 3925
f 360 3935 3936
f 5004 5003 3926
f 1306 6701 7468
f 6706 6703 6704
f 6705 6702 3913
f 6716 6706 6707
f 6709 5006 7026
f 6710 6736 7470
f 515 5012 5009
f 6690 7027 5007
f 5008 7028 3880
f 3933 6675 5009
f 3957 5009 757
f 3923 3964 776
f 3938 5010 6714
f 5010 6718 3911
f 933 6715 6714
f 6734 6716 6717
f 3929 3915 6718
f 3939 895 114
f 179 3940 3941
f 3941 1085 6719
f 3944 6742 3923
f 3919 3946 6723
f 114 895 3947
f 3950 3952 3951
f 3950 5011 1135
f 37 297 1254
f 3953 297 3954
f 1135 37 3956
f 5009 3957 515
f 3909 3903 161
f 933 3924 3959
f 3924 40 3958
f 3947 31 3966
f 6729 6730 5016
f 6713 6731 7029
f 5014 6738 6732
f 3959 5015 6715
f 3965 6740 6734
f 3956 595 15
f 5018 6735 705
f 6736 6737 6731
f 6737 6757 6738
f 3968 6732 6739
f 5022 7476 3969
f 385 3972 3948
f 926 3949 3948
f 6740 5017 6741
f 1069 5029 3975
f 3975 6771 6742
f 15 595 3976
f 6743 6744 6752
f 6760 7479 6746
f 5019 7030 6747
f 6739 6748 3979
f 6749 405 1014
f 3970 3964 3971
f 3972 6768 6727
f 5020 7031 6751
f 5018 4004 148
f 6752 3978 6753
f 6747 515 7477
f 6754 7482 6749
f 5023 6770 1247
f 6728 3961 783
f 3984 3961 6756
f 3961 6763 6757
f 3985 974 6758
f 3985 3976 149
f 149 4004 3986
f 3986 4004 44
f 705 6759 7032
f 6751 6760 7033
f 5024 6743 5030
f 3984 6756 5026
f 6725 7034 5025
f 3984 6764 6763
f 6764 3991 6766
f 6762 6765 7035
f 974 3993 6765
f 149 3986 3985
f 6748 6766 6767
f 3948 6724 3996
f 3948 3996 385
f 385 3996 4000
f 3999 3998 6733
f 385 4000 4001
f 4000 1214 4002
f 6768 5028 64
f 6769 6780 5017
f 3983 6755 6771
f 6773 5031 44
f 6774 6777 4005
f 44 6772 4019
f 3986 4008 1170
f 793 4009 4010
f 6754 7036 5032
f 6776 7037 6777
f 4010 1170 4008
f 939 4008 4015
f 6778 4012 6781
f 6775 1014 289
f 1214 4023 4002
f 4023 773 6779
f 1205 4010 939
f 939 22 1205
f 6782 944 6781
f 2 289 1247
f 773 4018 5034
f 4027 1247 6770
f 4003 5029 6780
f 939 4015 4019
f 939 4019 4020
f 4019 944 6782
f 4020 4021 190
f 4021 2 190
f 1205 22 3994
f 22 1214 3997
f 1214 22 4022
f 4023 4022 773
f 190 2 4027
f 4027 2 1247
f 22 4024 4025
f 4024 939 4020
f 4025 4020 190
f 22 4025 4022
f 4025 190 4026
f 4022 4026 773
f 4026 4018 773
f 4029 95 4028
f 4031 1825 8
f 931 4034 4032
f 4028 95 4034
f 872 2088 4034
f 1956 872 6783
f 500 4036 2274
f 4036 5583 6784
f 915 6785 6790
f 5464 6786 5036
f 4040 5037 6787
f 4038 6792 2148
f 409 6788 4039
f 6790 6791 6789
f 6787 1307 6792
f 5039 4038 6784
f 1124 4042 6794
f 4042 1255 4397
f 4050 43 737
f 894 4045 3224
f 4046 219 93
f 5040 25 4047
f 4048 4047 2734
f 4049 147 4046
f 472 93 35
f 1963 4053 1034
f 6795 5042 5190
f 4061 448 6796
f 448 4056 29
f 1895 29 4056
f 4518 6797 130
f 130 4057 1088
f 5455 448 4059
f 23 4060 4076
f 5044 6803 1008
f 6799 6800 6795
f 1743 581 4056
f 6801 4063 6797
f 4062 6798 4063
f 4070 2169 923
f 950 4058 6802
f 4058 661 4054
f 4065 5046 6805
f 5901 6803 5046
f 4073 5051 6804
f 4067 2688 2857
f 6051 6805 5047
f 5048 6804 6806
f 1180 2169 713
f 4069 713 5049
f 5049 110 133
f 5049 221 4069
f 774 5050 2371
f 5455 4064 5045
f 4053 18 2294
f 559 2491 5874
f 29 4077 4059
f 4077 374 4078
f 4078 5427 6807
f 5052 1339 7038
f 4080 4079 7039
f 1350 5055 6808
f 5055 1340 7040
f 4082 4081 1341
f 1341 4083 1342
f 1339 4086 5058
f 5058 4086 1347
f 1347 4087 7041
f 4087 1348 5061
f 4088 5061 1346
f 4089 1377 5089
f 1352 5065 5064
f 5065 1342 4090
f 5064 4090 1353
f 1367 714 1344
f 1356 4092 1355
f 1371 5068 6809
f 5068 1357 1356
f 1357 7043 5069
f 4094 7173 4095
f 5069 4095 1372
f 1359 6877 5073
f 4096 7175 5075
f 5073 7044 1360
f 1360 4097 7045
f 4097 1361 5079
f 4098 5079 7178
f 1362 4099 7046
f 5081 1363 7046
f 1361 1364 4100
f 5083 4100 1398
f 4101 1365 1364
f 1365 4101 1375
f 1348 4102 7047
f 4102 1396 7048
f 4103 235 1371
f 1369 1372 1384
f 1385 5088 1373
f 5088 1385 1374
f 1374 4104 1375
f 411 1376 4105
f 1376 4106 4107
f 1390 5092 4108
f 1379 1380 1381
f 1383 1384 5094
f 4109 5094 1384
f 1385 1459 1420
f 1159 5096 5095
f 5096 1365 4110
f 5095 4110 1386
f 1388 1386 1387
f 1352 1173 5098
f 5098 890 1391
f 1392 1405 1366
f 235 4112 1395
f 1395 1417 7181
f 1383 1407 5106
f 1398 4114 1399
f 1402 5108 1401
f 1402 4115 1387
f 1428 1390 522
f 1404 5100 1405
f 1407 1419 195
f 1419 1407 1408
f 1409 7050 4118
f 4117 1456 5115
f 4118 5115 1362
f 804 1411 1477
f 1392 1389 1412
f 1419 4121 4122
f 4121 1143 4122
f 1441 1425 4123
f 60 1429 1430
f 4127 5124 7052
f 1408 1436 1437
f 1388 1439 4128
f 600 1440 4129
f 1446 1471 5128
f 5127 5128 1448
f 1425 1448 341
f 341 1447 1445
f 1450 268 1412
f 1455 4130 1522
f 1458 1478 1503
f 1459 1457 1460
f 1462 5133 1411
f 1512 339 4132
f 4132 600 1464
f 1483 5138 1473
f 5103 4133 206
f 4134 1478 1477
f 1478 4134 1504
f 1479 1480 4135
f 1541 1432 268
f 1422 4137 5144
f 4137 1525 5145
f 5144 5145 1487
f 1439 4138 5146
f 4138 1488 6810
f 5146 4139 1582
f 1489 5151 7191
f 5151 1487 7053
f 5150 4140 7054
f 1490 7055 4142
f 4141 7195 5155
f 4142 7056 1488
f 1492 375 362
f 1493 1098 1511
f 1530 1494 1495
f 1449 1498 1091
f 30 1496 5157
f 1091 5157 1482
f 715 1470 1497
f 1497 1555 1498
f 1435 4143 6811
f 5159 6811 1501
f 1502 4145 1564
f 5161 301 1505
f 1507 1508 4146
f 4146 1246 1422
f 1509 549 16
f 549 1510 362
f 1464 4147 1510
f 34 432 1587
f 622 1590 1513
f 1557 1514 1615
f 1486 1523 1521
f 1522 1524 1523
f 956 1561 1524
f 1437 4148 658
f 658 1562 420
f 1462 1579 5165
f 1525 1638 5166
f 5168 1551 1527
f 1481 1592 1532
f 1534 1535 1536
f 342 1538 1539
f 1499 4149 5171
f 4149 1542 4150
f 5171 4150 1543
f 1545 1560 5175
f 5173 5175 867
f 1461 1546 5176
f 5176 4151 1547
f 1546 1548 4152
f 432 1513 1553
f 1555 4153 5170
f 4153 1612 70
f 5170 70 1537
f 1543 1558 1484
f 1559 1544 1575
f 1501 4154 7057
f 4154 1714 7058
f 5180 5182 1560
f 1562 1565 1563
f 1566 16 1550
f 1153 1567 1107
f 1107 34 1568
f 1569 152 1527
f 1480 475 780
f 158 1594 475
f 1594 1570 4155
f 1571 4156 142
f 4156 1646 427
f 142 427 1538
f 1540 4157 1058
f 1058 4157 1613
f 1542 1574 1739
f 704 541 1576
f 420 4158 5172
f 5172 4158 1578
f 301 1547 1625
f 4159 1625 1547
f 1579 1580 5184
f 700 1581 5185
f 1581 700 1627
f 1607 5186 7199
f 4160 467 1583
f 1552 1584 212
f 1640 1493 152
f 1640 152 1585
f 464 1630 1588
f 1029 350 1591
f 1573 1474 4133
f 1599 1544 4162
f 1599 4162 1600
f 4163 1602 5189
f 1683 5189 1602
f 1491 4164 7201
f 4164 1639 6812
f 5192 5194 7059
f 1691 4165 1669
f 1606 1607 1629
f 1722 1550 4166
f 1722 4166 1608
f 1608 1153 1727
f 1568 1586 107
f 1610 1571 1533
f 4167 1675 5197
f 1649 1615 1616
f 1517 1617 1618
f 1619 1620 1652
f 1621 1622 9
f 9 1622 1521
f 1505 1624 1602
f 1624 1625 5200
f 4168 5200 1625
f 1508 4169 5202
f 4169 1685 5203
f 5202 5203 1626
f 4170 1627 1665
f 1628 1584 172
f 1628 172 1629
f 39 69 1610
f 1632 4171 4172
f 4171 1676 5206
f 4172 5206 1556
f 1474 282 1634
f 1796 619 1635
f 1636 619 343
f 1549 1687 1637
f 5213 1626 7060
f 5212 4173 7205
f 4174 1639 5215
f 1639 4174 1718
f 1642 1790 464
f 606 1645 111
f 111 5220 1644
f 1646 1647 1572
f 4177 1649 4178
f 1632 4178 1650
f 1617 1651 4179
f 4180 978 4179
f 1652 4179 1651
f 1620 1678 5225
f 5225 5226 1653
f 1654 1655 624
f 1656 1657 1888
f 5227 1599 4181
f 1657 4181 1658
f 336 1659 4182
f 552 4182 1741
f 4183 1663 1664
f 1667 1668 5233
f 1669 1668 4185
f 1671 1672 5237
f 1641 1674 5219
f 508 1185 69
f 1676 4186 5238
f 4186 1916 5240
f 5238 5240 1677
f 745 1677 129
f 1598 1767 1678
f 1558 239 4258
f 239 1679 1858
f 1622 4187 1682
f 4187 1681 4188
f 1683 5041 1623
f 5041 1683 4055
f 1603 4189 5242
f 4189 1684 7061
f 5242 4190 7209
f 1685 4191 5246
f 4191 1686 4192
f 1687 1664 5210
f 5210 4193 396
f 1666 1688 5231
f 650 5231 1688
f 805 5253 1717
f 4194 1717 5253
f 5250 1583 4195
f 5249 6815 1690
f 1691 4196 805
f 5252 805 4196
f 1694 4198 1695
f 5255 1695 4198
f 1695 4199 1732
f 1673 4200 1698
f 767 88 4201
f 767 4201 1646
f 1650 4202 1705
f 5261 1705 4202
f 1711 4203 1710
f 1711 4204 4030
f 4204 1712 4030
f 1712 4205 1713
f 1831 5268 7214
f 5268 1769 6816
f 4206 5269 7062
f 4207 1716 1744
f 1663 1666 4208
f 4209 1837 1688
f 1804 7218 1719
f 1690 4210 4211
f 4210 1720 4211
f 1720 1722 4212
f 1723 5276 1667
f 4213 1725 5277
f 1725 4213 1779
f 164 1730 1781
f 4214 1845 1694
f 1644 166 683
f 1737 5282 7221
f 5282 1633 4215
f 5281 4215 7063
f 1713 1738 1827
f 4216 1742 5285
f 1742 4216 7224
f 1745 4217 5291
f 4217 1746 6818
f 5291 4218 6898
f 1747 5295 6819
f 5295 1719 4219
f 5294 4219 7228
f 1749 1117 1335
f 5297 1692 1751
f 4220 372 1754
f 683 1792 1758
f 1648 4221 1761
f 4221 1760 1761
f 452 5279 4222
f 5279 1736 1647
f 295 1762 1793
f 1705 4223 7064
f 4223 1763 4224
f 5300 4224 1764
f 1767 1768 4225
f 1769 4226 7065
f 4226 1889 7066
f 4227 5306 1659
f 4228 1771 4229
f 1742 4229 1771
f 1716 5311 5309
f 5311 1637 4230
f 5309 4230 1772
f 7068 1774 7067
f 1774 626 4232
f 4232 7069 1747
f 799 1777 1335
f 187 1783 1842
f 1783 1784 1807
f 1786 1729 1808
f 1754 5318 1787
f 5318 1754 4233
f 1788 1789 1674
f 302 1702 797
f 1762 456 5320
f 1762 5320 723
f 1794 5321 4031
f 4236 1738 1795
f 4237 1797 1798
f 1798 1893 5326
f 1689 1801 1802
f 1628 4239 1337
f 4239 1802 4240
f 1803 1873 1749
f 4241 1804 4242
f 4241 4242 1924
f 1805 4243 1806
f 1808 1904 1807
f 1810 721 1809
f 1756 1811 1812
f 1787 4244 1814
f 1811 1815 1817
f 153 1819 1185
f 1758 1820 1791
f 1822 4245 5331
f 4245 1766 5332
f 5331 5332 7237
f 4247 267 1794
f 1825 1826 1886
f 1679 280 1828
f 5228 1658 1829
f 1830 1959 5339
f 1832 1740 1833
f 1660 4248 725
f 4248 1939 1681
f 4249 1871 5341
f 1834 6905 1871
f 1834 5342 1746
f 5344 1746 4250
f 1836 1776 807
f 1837 1875 5346
f 765 1839 1805
f 1751 4251 5348
f 4251 1840 4252
f 5348 4252 1841
f 1840 251 1843
f 1846 4253 1951
f 4254 1847 1816
f 1905 5350 4255
f 4255 1848 1818
f 1908 5351 1819
f 5351 1850 1819
f 135 1851 1239
f 1759 210 1011
f 1761 719 210
f 1853 7070 5353
f 5355 7242 4256
f 5353 6820 1854
f 5357 267 1999
f 129 1855 1856
f 1858 1859 5359
f 4258 5359 1768
f 1863 1829 4259
f 1864 1865 226
f 1867 226 1865
f 5362 1866 1870
f 4260 1869 1867
f 4261 1869 4262
f 4261 4262 1896
f 1870 4263 1871
f 5366 1871 4263
f 1772 1872 4264
f 5369 4264 1897
f 396 4265 1772
f 1337 4266 1920
f 1033 4267 1874
f 1875 5347 5371
f 5347 1841 4268
f 5371 4268 1974
f 1846 4269 372
f 1877 1953 1878
f 4271 1880 5374
f 1880 4271 1879
f 1880 426 1881
f 132 1882 1980
f 1850 1884 1704
f 1851 925 1852
f 1885 1060 456
f 1824 4273 5377
f 4273 1886 1887
f 4276 1993 5380
f 1993 4276 1891
f 1833 1010 2023
f 826 5381 1892
f 1893 4277 1894
f 5382 1894 4277
f 1896 4278 1919
f 1872 1898 4279
f 1775 1970 1901
f 5388 1843 1904
f 5390 1847 1926
f 1906 1849 4281
f 5391 4281 1907
f 1928 952 4282
f 1884 4283 1985
f 1933 5394 273
f 5394 1911 273
f 1855 1915 5396
f 1955 4284 4285
f 4284 1955 1915
f 1961 4286 1917
f 1918 4287 5398
f 4287 1919 4288
f 5398 4288 1940
f 1721 534 2004
f 534 1033 2004
f 2007 5402 1924
f 5402 2007 1948
f 1883 1929 1930
f 1929 1931 728
f 398 75 925
f 1270 1862 4290
f 1992 5406 1797
f 1940 1965 5409
f 1942 4291 1941
f 1117 1922 1944
f 4303 1903 1946
f 1949 4292 1950
f 5415 1950 1976
f 1952 1978 4293
f 1953 4294 1879
f 4294 2033 676
f 1954 4283 4295
f 711 103 1011
f 1955 5418 5416
f 5418 1912 4296
f 5416 4296 1998
f 1956 5377 5419
f 5419 1887 4033
f 5420 1957 2040
f 1990 1958 4297
f 551 837 5424
f 5424 2022 1960
f 1961 1962 5425
f 4298 5425 1962
f 4299 1964 1965
f 1942 4300 1966
f 1967 4301 5431
f 1898 1968 5432
f 5387 5432 694
f 4302 1968 5433
f 1973 1947 1944
f 5435 1975 4037
f 1975 5436 1945
f 4303 1945 5436
f 1976 4304 1952
f 1978 5438 1877
f 5438 1978 1979
f 1983 4305 4306
f 4305 1984 5441
f 4306 4305 1927
f 1931 647 1272
f 1997 722 1908
f 1985 2035 1851
f 723 215 379
f 113 1989 1935
f 1992 1993 2045
f 1801 4307 5444
f 4307 2005 5445
f 5444 7071 1994
f 2048 455 1995
f 455 1902 1995
f 2055 5448 7247
f 4308 1996 1928
f 4235 379 2014
f 4309 2108 5449
f 2108 4309 4035
f 1861 2000 4310
f 1102 1828 5452
f 4311 1962 1937
f 1962 4311 2001
f 4313 2006 1968
f 2007 4314 2008
f 2009 2051 5457
f 4315 2010 2011
f 719 2014 2013
f 1911 2085 2015
f 2039 4317 4318
f 4317 2109 6822
f 2095 2017 2096
f 2019 2018 2020
f 4319 2113 2021
f 2022 2023 590
f 590 2023 2166
f 2025 4320 2026
f 2025 2027 4321
f 2006 4322 5463
f 4322 2028 4323
f 5463 4323 2100
f 4324 2030 4325
f 2029 4325 124
f 1973 2031 2147
f 4326 2008 124
f 1995 1019 4327
f 2033 2053 5467
f 4328 5467 2053
f 4329 2034 1291
f 4329 1291 104
f 4330 2058 2035
f 2058 4330 2133
f 311 2013 2106
f 2038 4331 2062
f 2040 2092 2041
f 1861 63 4289
f 63 2042 2043
f 2065 2098 2045
f 4332 2046 1964
f 2047 2048 5475
f 5475 2048 2146
f 2101 4334 4335
f 4335 4334 2050
f 2053 1325 2102
f 2054 4328 2103
f 4336 2103 4328
f 2077 4337 7072
f 4337 2078 7073
f 4338 5484 7255
f 1932 4339 2057
f 4339 2056 4340
f 2058 407 2059
f 220 2060 811
f 1987 4341 851
f 4341 2061 851
f 2063 852 408
f 527 3 2041
f 2097 4342 2064
f 666 2021 118
f 1890 4343 5379
f 4343 2214 5488
f 5379 5488 2065
f 2001 4344 5491
f 4344 2066 2067
f 2068 4345 2118
f 1874 2070 740
f 1874 740 2069
f 2070 1943 248
f 1972 2047 2071
f 2027 4346 2121
f 1979 4347 5495
f 4347 2174 5496
f 5495 5496 2073
f 2074 2075 1982
f 782 1982 2075
f 2105 5499 4349
f 5499 2076 4348
f 4349 6823 2077
f 160 4350 5500
f 4350 2126 5500
f 5500 5502 2078
f 2079 2127 2080
f 2036 2082 5506
f 5506 4351 2083
f 4352 2084 2082
f 2087 1914 2086
f 852 2087 4353
f 852 4353 2284
f 2092 1934 180
f 4355 2044 2093
f 702 2093 2095
f 2093 702 2144
f 2098 2168 2066
f 2046 4356 5512
f 5512 4356 2119
f 4357 2101 2173
f 2074 4358 2199
f 2104 4359 4360
f 4359 2105 5515
f 2139 2106 2203
f 5519 2086 4361
f 2108 7074 5521
f 4362 7263 5522
f 5521 7075 2109
f 5452 4363 180
f 4364 2288 696
f 371 696 1991
f 1960 2114 2115
f 1027 1034 2293
f 1034 2116 2293
f 2072 2119 2120
f 4366 2198 2121
f 2122 2121 2198
f 2126 4367 7076
f 4367 2181 7077
f 5531 5533 7267
f 2057 4368 2128
f 2131 2132 2133
f 2135 2136 2060
f 4371 2140 5543
f 2139 5543 2084
f 2142 4372 5545
f 5545 4372 2206
f 4372 931 4032
f 1936 5546 2145
f 2071 53 248
f 2147 5466 2148
f 4373 2148 5466
f 2122 2149 2124
f 2151 2152 326
f 2152 2128 2153
f 2154 4374 4375
f 4374 2155 4375
f 2156 4376 2157
f 2159 2157 4376
f 2157 2158 5554
f 903 2165 2164
f 2165 2166 4377
f 919 2386 2167
f 2168 2167 404
f 4378 2292 2169
f 1178 2120 2170
f 2196 121 2171
f 218 2051 4379
f 2173 2175 2174
f 2181 7078 5559
f 4380 7270 5561
f 5559 7079 2200
f 2182 2140 2205
f 2107 904 2183
f 4381 2094 1188
f 2068 538 4345
f 538 2192 1228
f 4345 1228 1147
f 1178 2222 2195
f 2032 2196 2197
f 108 450 2198
f 240 2199 4382
f 2201 2202 2302
f 2203 4385 5568
f 4385 1988 539
f 5568 4385 2204
f 2205 4386 430
f 4386 2236 4387
f 2206 4388 5572
f 4388 2207 4389
f 5572 4389 2306
f 2156 4390 2207
f 5574 2207 4390
f 2162 610 2184
f 527 5576 596
f 4391 2209 2210
f 4392 2213 4393
f 2190 2217 2272
f 2218 2219 2295
f 1331 798 463
f 2221 4394 2224
f 2149 450 2226
f 320 2296 2172
f 2129 2201 876
f 2129 876 2279
f 2155 2232 4396
f 137 2235 2236
f 904 451 264
f 904 264 2237
f 2239 5585 2208
f 5585 2239 4397
f 2185 4398 5587
f 5587 2240 2241
f 2242 2243 2308
f 2145 2317 163
f 2250 4400 2249
f 4400 2250 2248
f 2175 2251 2252
f 2253 2252 2334
f 2255 4401 2254
f 2179 2257 4402
f 2179 4402 2336
f 4403 2278 2258
f 407 2260 2134
f 934 2300 5593
f 2232 4407 2264
f 2266 7080 5596
f 4408 2329 5597
f 5596 7081 2267
f 636 644 2268
f 453 2271 854
f 2271 453 2211
f 2314 2272 4409
f 2192 2245 5600
f 2279 2323 5601
f 2279 5601 2278
f 2280 4410 2259
f 4410 2281 5602
f 535 2475 2301
f 2061 2283 2263
f 4411 2408 2284
f 2240 2285 5607
f 5607 4412 2366
f 2243 4413 5608
f 4413 2286 2287
f 2458 5611 7275
f 5611 2213 7082
f 4415 4414 7083
f 2290 1027 2333
f 5612 1004 2291
f 4068 12 2293
f 1034 2294 4416
f 4416 5613 2116
f 2295 4417 2391
f 2247 241 319
f 4418 291 2297
f 2298 2256 5615
f 2302 2342 5617
f 2204 2304 4420
f 4422 2365 2380
f 510 2238 2347
f 4423 2411 2285
f 854 2312 276
f 2311 276 2312
f 4424 2313 7084
f 2289 352 2352
f 4425 2164 4426
f 4425 4426 2316
f 2317 2318 2315
f 2318 4427 2320
f 4427 2319 4428
f 404 459 2067
f 4429 897 241
f 2276 808 2357
f 2341 5626 4431
f 4431 4430 7279
f 2323 2303 862
f 862 2303 2326
f 2235 2327 621
f 2329 105 2330
f 4432 408 875
f 4432 875 613
f 4433 2331 2332
f 4434 2433 2319
f 2334 2335 4435
f 4436 2375 2338
f 160 2339 2340
f 2340 2442 5625
f 5625 2442 2341
f 2342 1031 5635
f 5635 2343 2344
f 2344 1076 5636
f 5636 507 2345
f 1076 5638 5637
f 5637 4437 2346
f 510 2347 1310
f 2413 2331 2350
f 2311 2351 2350
f 230 2368 2351
f 2355 4438 2356
f 2280 2397 5643
f 2300 4439 2359
f 4439 2427 2359
f 2344 2399 5635
f 4051 5645 2365
f 936 2483 5647
f 2366 5647 2367
f 5642 2212 2369
f 2352 4440 2486
f 2292 2488 2370
f 2371 49 2372
f 2377 2480 2304
f 1096 175 4442
f 4443 2379 2330
f 2379 4443 2378
f 2346 4444 7281
f 4445 6826 7085
f 5654 4445 2534
f 2348 2410 5658
f 2382 5661 2383
f 2332 2383 5661
f 919 2540 2386
f 90 2386 2540
f 2316 4446 2415
f 2387 5667 5666
f 5667 2320 4447
f 5666 4447 2388
f 2245 4448 5668
f 4448 2389 4449
f 5668 4449 2390
f 2389 2391 5671
f 5671 4450 2392
f 388 2467 2220
f 4451 2393 2394
f 611 1279 2335
f 2359 4452 878
f 4452 2396 4453
f 878 4453 2397
f 2399 2400 4454
f 2399 4454 2446
f 2431 5677 4455
f 5677 2405 5678
f 4455 5678 2402
f 2403 2183 2364
f 2404 4456 5682
f 4456 2407 5683
f 5682 5683 2405
f 2406 5685 2407
f 5685 2406 4457
f 2408 4458 2409
f 4458 2450 513
f 2410 5659 2559
f 5689 2484 165
f 2413 2455 2414
f 2455 2413 4460
f 2415 2490 2416
f 2388 4461 5691
f 4461 2417 4462
f 5691 4462 2418
f 2419 2390 4463
f 5694 4463 2420
f 2392 2464 2421
f 2197 4464 897
f 5697 2426 5698
f 2506 5698 2281
f 5701 5702 2444
f 2327 2428 2508
f 2508 2428 2509
f 2429 2596 4465
f 4465 5703 2378
f 2430 2431 1233
f 4060 4466 2433
f 2355 4468 5706
f 4468 2549 233
f 5706 233 2439
f 2374 4469 2551
f 2502 7086 4470
f 5710 7288 5711
f 4470 7087 2358
f 4471 2504 5713
f 2472 5713 2504
f 2443 2476 2396
f 2283 2444 6936
f 2398 2446 2574
f 2403 7088 2450
f 5718 7088 4472
f 4473 2451 7089
f 2409 1330 2452
f 2455 2456 2638
f 742 2511 2456
f 2385 2581 7091
f 5720 5722 2458
f 2421 2462 2463
f 2546 5727 2465
f 73 2171 4477
f 73 4477 2469
f 2472 649 391
f 2326 4479 5673
f 5673 2477 2395
f 2480 2481 5732
f 4480 5732 2428
f 2483 2412 2579
f 2414 2600 2484
f 4481 2608 5735
f 4481 5735 90
f 2488 5737 5736
f 5737 2321 266
f 2417 2432 2489
f 2490 2514 1134
f 2418 4483 5740
f 4483 2515 5741
f 5740 5741 2493
f 2516 4484 4485
f 4484 2516 2494
f 2463 4486 2496
f 1147 5745 5744
f 5745 2419 2520
f 2500 597 5746
f 597 2784 331
f 5746 331 2522
f 2470 555 1054
f 1054 555 2500
f 2439 2501 7292
f 5748 4487 7092
f 2525 5751 4488
f 5751 2503 2504
f 2526 4489 2506
f 2452 2560 2510
f 2493 4490 5738
f 4490 2513 2514
f 2515 2542 62
f 5755 62 2516
f 2513 5758 5757
f 5758 2495 4491
f 5757 4491 2517
f 2518 4492 2494
f 4492 2519 5760
f 2420 2519 5762
f 291 2523 2571
f 2441 4494 7293
f 4494 2588 5767
f 5766 5767 2525
f 2476 2624 536
f 536 2624 2526
f 2427 4495 26
f 26 2527 2443
f 2477 4496 7093
f 4496 2528 7094
f 5771 4497 7295
f 2507 888 2478
f 2481 4498 2533
f 2534 2535 2556
f 2401 2536 4499
f 4500 2557 5774
f 2557 4500 2539
f 2540 2541 2487
f 2492 2544 2542
f 2543 5778 2544
f 2567 262 2545
f 4501 2545 262
f 2546 2547 2545
f 319 2423 2322
f 2521 4502 2690
f 2469 2690 2468
f 2548 4503 2549
f 2550 2551 2616
f 2576 2577 2555
f 2345 2556 778
f 2402 4505 5785
f 4505 2557 4506
f 5785 4506 2628
f 324 788 2684
f 4507 1067 2558
f 5786 755 2738
f 2636 165 2561
f 2564 7296 5789
f 2565 2584 2566
f 2611 2517 2567
f 182 2568 2498
f 2569 2498 2568
f 2570 537 388
f 4510 2572 2573
f 2573 4511 4512
f 4511 2678 5795
f 4512 5795 2527
f 2574 4513 5797
f 4513 2655 5798
f 5797 5798 7297
f 2448 2656 2575
f 2449 219 1310
f 2579 4515 612
f 612 2635 2580
f 2581 7095 5802
f 4516 7300 4517
f 5802 6828 2603
f 2583 2647 134
f 2585 4519 4520
f 4519 2648 2460
f 2548 4521 2586
f 2501 4522 5806
f 5806 4523 2618
f 2588 2589 4524
f 2474 2767 5811
f 2474 5811 2592
f 2593 4525 7302
f 4526 5815 7096
f 2533 4527 2595
f 4527 2798 5818
f 2596 2625 2597
f 2600 4528 2561
f 2603 4529 7097
f 4529 2604 7098
f 5823 4530 7306
f 2605 4531 7308
f 4531 2642 6829
f 2313 7099 7309
f 2641 5829 2606
f 266 2608 4533
f 2609 567 2585
f 2583 4534 5832
f 4534 2611 2612
f 2666 2613 2614
f 1155 2614 2613
f 2616 4535 2617
f 4536 2693 5834
f 2618 5834 2589
f 5835 2696 2620
f 5836 2620 2621
f 2623 2676 5837
f 1096 1225 2531
f 4537 2680 2625
f 2628 4538 5843
f 4538 2732 5845
f 2630 4539 5846
f 4539 2658 5846
f 2539 4540 5848
f 4540 2633 5850
f 5848 5850 2632
f 2635 4541 4542
f 4541 2636 4542
f 76 2637 4543
f 2601 2638 2740
f 2453 2639 4544
f 5854 4544 2685
f 5857 2642 2643
f 5858 2643 2645
f 5861 2646 673
f 2485 2647 2667
f 2322 801 5863
f 5863 2783 2650
f 1242 2810 2651
f 2652 4545 5864
f 4545 2653 6830
f 4546 5866 5807
f 4548 194 2679
f 2656 4549 5869
f 4549 778 4550
f 5869 4550 2681
f 2658 5872 4551
f 5872 2658 7100
f 2661 2689 5874
f 2543 4552 5877
f 5877 4552 2663
f 2663 2664 4553
f 2666 4554 5880
f 4554 2666 2665
f 2612 4555 5882
f 5882 4555 2667
f 4556 2781 5884
f 4556 5884 2668
f 2670 2650 2669
f 2499 2671 560
f 2522 4557 41
f 41 1002 2521
f 2571 4558 299
f 4558 2745 299
f 2653 4559 5887
f 4559 2653 7101
f 2675 4561 2590
f 2676 4562 4563
f 4563 4562 2675
f 2679 4564 2700
f 2578 724 5839
f 5839 789 2680
f 2681 4566 2770
f 4566 2681 4565
f 2685 4567 7102
f 4567 2742 5897
f 4568 5897 7318
f 2602 2686 5899
f 5899 2686 2687
f 2688 4067 5900
f 4569 5900 2584
f 4570 2835 2689
f 4502 2691 412
f 2617 2692 2746
f 2695 4572 2696
f 2697 2696 4572
f 2622 4573 5910
f 4573 2622 2697
f 4574 2726 2698
f 2698 4575 2700
f 5913 2700 4575
f 2702 4577 2479
f 2703 983 2704
f 4578 2705 5916
f 4578 5916 7322
f 2634 4579 2707
f 4580 7324 5920
f 605 5920 2830
f 2856 1150 2565
f 1150 2896 2565
f 2569 4581 2711
f 4582 2711 4581
f 2586 4583 5922
f 4583 7326 4584
f 5922 6831 2747
f 5925 2713 4585
f 2672 4585 2713
f 2756 2717 2718
f 2717 4587 314
f 314 2720 2719
f 4587 2721 4588
f 2720 4588 2723
f 2694 4589 5908
f 5908 4589 2695
f 4590 2725 4591
f 2724 574 5935
f 574 2762 5935
f 4592 2728 5937
f 2764 5937 2728
f 2876 2729 888
f 2599 4593 5894
f 4593 2731 5938
f 5894 5938 2682
f 2732 2735 4594
f 5941 2733 4048
f 2735 4595 2736
f 4595 2735 5943
f 4596 2739 2709
f 2740 4597 5949
f 5949 4597 2741
f 2742 2848 189
f 2745 4598 7103
f 4598 1262 5952
f 4599 5952 7328
f 2747 4600 7104
f 4600 2748 4601
f 5955 4601 2749
f 2749 2812 2750
f 4603 2755 1073
f 4603 1073 2717
f 2757 4604 2756
f 2758 4605 5963
f 5963 4605 2761
f 4606 2761 2815
f 574 2763 2762
f 2793 2762 2763
f 2677 4607 7105
f 4607 2764 761
f 5967 761 2765
f 1225 2796 2768
f 2655 4608 5971
f 4608 2769 4609
f 5971 4609 7337
f 2888 4610 2770
f 724 2704 2771
f 2773 2736 5975
f 5975 4611 2774
f 2606 2743 2776
f 2777 2854 5977
f 5977 5978 2805
f 2859 5980 4612
f 5980 2778 5981
f 4612 5981 2664
f 4613 2860 5904
f 2711 4614 2780
f 4614 2711 2779
f 2782 2781 2669
f 2780 2957 642
f 2783 2900 2960
f 2713 4616 2753
f 2787 2788 2758
f 2725 4618 7106
f 4618 2790 7107
f 5990 4619 7340
f 574 2792 2763
f 2793 2841 2728
f 2841 2793 4620
f 4621 2794 7109
f 5996 4622 7343
f 2794 7110 6000
f 4623 2795 4624
f 6000 6832 2883
f 2797 2798 2937
f 2731 2799 2800
f 2659 2915 102
f 2645 2803 2804
f 928 2983 249
f 2805 2806 2649
f 2778 2807 6009
f 6009 6010 2779
f 2810 2963 2865
f 6014 2812 4627
f 2812 6014 2786
f 2926 6015 2814
f 2815 4628 2816
f 2816 2817 4629
f 4629 6018 2789
f 2765 2842 2818
f 2766 2874 6021
f 2800 6025 2820
f 6025 2800 4630
f 35 2683 2801
f 4631 2802 4632
f 2802 4631 2977
f 2824 2893 2822
f 2737 653 2826
f 653 2825 2826
f 2826 2827 6029
f 2826 6029 2637
f 6030 2741 2829
f 249 615 4633
f 2833 275 2834
f 4634 2836 2858
f 830 2921 188
f 2744 2838 2867
f 2751 2839 1094
f 2817 4635 2840
f 2842 2841 2928
f 2771 2890 6966
f 6037 6036 2890
f 2680 5840 6038
f 5840 2843 2844
f 2844 2845 6039
f 2846 2734 1201
f 2827 4636 7111
f 4636 2847 7112
f 6040 4637 2848
f 2946 2829 4638
f 2686 2775 2851
f 2852 4639 4640
f 4639 2853 6048
f 2854 669 2985
f 669 2832 2985
f 2806 2855 1165
f 1165 2855 2856
f 2857 2987 6051
f 6051 2987 2954
f 2858 4641 2859
f 2861 4642 3156
f 4642 2861 2862
f 2782 2863 6056
f 2862 6056 2863
f 2865 386 2837
f 4643 2964 2837
f 2866 2837 2964
f 2869 4644 6058
f 4644 2871 6834
f 6058 6059 2870
f 4645 2871 216
f 2839 216 2871
f 4647 3000 2874
f 2819 2875 2876
f 2790 7113 6064
f 4648 7356 4649
f 6064 6835 2878
f 2729 2879 6022
f 639 4651 2702
f 3073 3026 947
f 2882 4653 7359
f 4653 2883 6836
f 6068 4654 7114
f 2768 2884 4655
f 2886 7115 6074
f 4656 7363 4657
f 6074 6837 2909
f 2887 4658 7366
f 4658 2888 4659
f 6079 4659 2891
f 4660 2890 6081
f 2890 4660 2939
f 6084 2892 6083
f 2892 6084 2820
f 2943 2893 2894
f 2895 2897 2896
f 2688 2897 4661
f 2900 2901 3018
f 560 412 2921
f 2903 4662 2811
f 2748 2904 2869
f 2905 7116 6092
f 6094 7369 4663
f 6092 6839 2996
f 2906 4664 2931
f 4664 2907 4665
f 2908 4666 2910
f 2910 2973 6098
f 2845 4668 2941
f 4668 2845 4667
f 2705 217 2913
f 4669 2976 602
f 3152 602 2976
f 2915 602 2942
f 4670 2851 4671
f 4670 4671 2916
f 3017 2917 6102
f 4672 6102 2895
f 2988 2919 3101
f 2691 4674 1126
f 4674 97 1126
f 2785 2744 242
f 6105 2903 2923
f 2788 1094 2924
f 2692 2925 689
f 2926 6109 6840
f 6109 2905 7117
f 2928 2927 2998
f 6115 2878 6113
f 2933 7118 2878
f 2931 2932 6117
f 2933 7119 6119
f 6120 7376 4677
f 6119 6841 2934
f 2936 2938 348
f 6004 2885 4678
f 2937 4678 3051
f 2938 2911 3005
f 2939 2940 4679
f 6126 4679 2940
f 2974 4680 4681
f 4680 2974 2892
f 2739 4682 2894
f 4683 2946 2947
f 2949 4684 2950
f 4685 2952 6131
f 2951 6131 2949
f 2855 495 2953
f 2836 4686 2955
f 4686 2954 4687
f 2899 24 2956
f 2959 2864 2957
f 2960 4688 4689
f 4688 2961 6133
f 4689 6133 2863
f 2990 6134 1099
f 2990 1099 2963
f 2965 2966 6136
f 2924 2993 6137
f 4690 3042 570
f 570 2967 2759
f 4691 2968 2906
f 2969 6140 6139
f 6140 2929 4692
f 6139 4692 2970
f 2968 3046 2971
f 2971 6141 6142
f 2972 2932 617
f 4693 617 348
f 2913 7120 2976
f 2977 4696 2978
f 2978 4696 2979
f 441 6150 6148
f 6150 2853 4697
f 6148 6842 3014
f 2982 3121 2983
f 4699 3034 6153
f 2986 6153 2987
f 2988 2989 2898
f 2991 2992 3021
f 2966 6155 2993
f 6155 2966 4700
f 4701 2995 6157
f 2996 4703 7121
f 4703 3023 7122
f 6159 6161 7382
f 2998 6163 2818
f 3001 4704 3047
f 2875 3002 3072
f 4705 2970 3003
f 3003 4706 3083
f 3006 7123 3030
f 4707 7123 413
f 6172 3008 4708
f 2940 4708 3008
f 1 2823 3141
f 2823 3010 6129
f 2947 3179 3011
f 3014 4709 7124
f 4709 3015 6239
f 4710 6177 2982
f 2983 962 615
f 3021 4713 2965
f 4714 3068 1052
f 3023 7125 6185
f 6187 7388 4715
f 6185 6843 3045
f 3030 4717 3008
f 4717 3030 6170
f 3125 1194 3034
f 3210 3034 1194
f 2961 4718 6197
f 4718 3035 4719
f 6197 4719 3213
f 3037 3038 3039
f 3040 4720 4721
f 4721 4720 2992
f 3044 4722 812
f 4722 3080 635
f 3069 6202 4724
f 6202 3045 4724
f 4724 4723 3046
f 3082 3047 2999
f 3048 6204 6203
f 3027 3049 3050
f 3049 3027 4726
f 3051 4727 6207
f 4727 3086 6209
f 6207 6209 3052
f 3053 4728 3054
f 4728 3053 6210
f 3057 3059 6215
f 3059 6218 4729
f 6218 2950 4729
f 1092 640 3060
f 3060 3098 495
f 2952 4730 7126
f 4730 3061 7127
f 6220 4731 7393
f 2918 3062 6844
f 6222 6223 7128
f 561 4733 6226
f 6226 3065 3104
f 4734 3105 3042
f 4735 3066 2925
f 3069 3067 6229
f 416 6229 3067
f 2969 3070 6230
f 3022 6230 3070
f 3001 3071 6233
f 2879 3072 4736
f 3054 6211 3074
f 2981 3075 3076
f 3056 4737 7398
f 4737 3077 6845
f 4738 6238 7129
f 1293 4740 1120
f 3081 812 3082
f 812 635 6243
f 3083 3085 6245
f 6168 3048 4741
f 3085 4741 3148
f 3138 3088 4742
f 3086 4742 3088
f 4743 3088 6247
f 3088 4743 3090
f 3089 3074 3090
f 3074 3089 6251
f 1079 2944 3093
f 3076 3094 4745
f 4745 3094 7130
f 3055 3119 6254
f 3098 3099 3123
f 4746 3211 7400
f 3101 3100 3128
f 3104 4748 3105
f 2997 4749 7402
f 4749 3106 6846
f 6258 4750 7131
f 3106 4752 3108
f 4752 3106 4751
f 3070 4753 6264
f 4753 3070 7132
f 3111 6022 2880
f 6266 3111 3113
f 3144 6270 4757
f 6270 3120 4756
f 4757 4756 3121
f 6271 3097 3145
f 548 3122 4758
f 640 4758 3122
f 3122 4759 3099
f 3016 3123 922
f 3124 922 3123
f 3125 4760 3126
f 4760 3146 6274
f 3128 3185 3129
f 3078 24 3159
f 2958 3130 4762
f 4762 3130 3102
f 586 4763 2990
f 2962 101 3132
f 3328 1053 1129
f 953 806 3137
f 3050 3169 6281
f 6282 6281 3169
f 3174 3139 3140
f 3075 3142 6284
f 3197 6284 3142
f 3077 4765 6847
f 3143 3181 3144
f 3281 115 3058
f 2917 3285 3146
f 3036 3020 1238
f 3167 3148 3087
f 3173 323 3150
f 3151 3152 3245
f 916 3158 3159
f 4769 3159 3158
f 908 3220 3190
f 2995 3160 4770
f 3110 4771 6293
f 6293 4771 3163
f 3165 3166 4772
f 3167 6296 3168
f 3169 3267 3170
f 3173 3174 3354
f 3176 4773 3178
f 4773 3176 3177
f 4774 3178 3198
f 3117 4775 3297
f 3179 3258 3180
f 3181 36 6299
f 1221 3182 809
f 356 3183 3155
f 3187 4776 6300
f 4776 3212 3360
f 4778 3190 3191
f 197 3192 101
f 3043 480 2967
f 514 3196 3073
f 3197 3294 3176
f 3201 3230 229
f 3204 3205 4780
f 3206 3284 3124
f 3207 4781 7408
f 4781 3263 6848
f 3126 3208 3209
f 4783 3211 6255
f 3211 4783 3235
f 3212 4784 6312
f 4784 3213 4785
f 6312 4785 3306
f 6316 3191 3216
f 3220 4786 7412
f 4786 3221 6849
f 6319 4787 7134
f 3195 997 806
f 3137 3352 2880
f 2975 321 731
f 894 3224 6321
f 3293 540 3247
f 3199 918 3255
f 4789 3279 178
f 3256 178 3279
f 3229 809 36
f 3230 3231 3262
f 3184 3232 3233
f 3202 3234 6325
f 3202 6325 3206
f 3235 4790 3236
f 4790 3209 3236
f 3237 3389 197
f 4791 480 3043
f 731 4792 3244
f 6328 3244 4792
f 3338 6330 3244
f 3246 4793 3247
f 6331 3247 4793
f 4794 3250 3177
f 3269 486 3251
f 4795 3254 3252
f 3251 3278 3255
f 3258 4796 3343
f 177 3259 3227
f 4797 6336 7135
f 3263 4798 7136
f 4798 3266 7137
f 6338 6339 7416
f 3127 3265 6850
f 6341 4799 7138
f 3239 52 397
f 3268 4800 116
f 3250 4801 3269
f 6344 3269 4801
f 3271 3272 6345
f 6346 3273 3274
f 3254 3275 3276
f 4802 3276 3275
f 6348 3276 3320
f 3278 486 1056
f 3279 4803 3280
f 3284 3345 3285
f 3158 3286 3323
f 3242 3290 4804
f 514 4804 3196
f 4805 3292 6350
f 3397 6350 3292
f 3293 3315 3294
f 3315 3293 927
f 4806 3296 3253
f 3296 6352 3275
f 3280 3298 3261
f 3299 4807 6355
f 4807 3301 3421
f 3265 3361 7139
f 4808 3303 6358
f 3304 6358 3303
f 3305 3306 4809
f 6359 4809 3347
f 3064 4810 6363
f 6363 3307 3308
f 3196 401 3311
f 3049 4726 6364
f 4726 3311 6364
f 3314 3175 3313
f 4811 3447 3316
f 3316 670 3249
f 3379 3271 3318
f 3323 4813 6365
f 4813 3364 6366
f 6365 6366 3324
f 3324 3325 3326
f 3130 4814 3327
f 4814 3326 4815
f 3328 3348 3329
f 3161 3331 3332
f 480 4816 3134
f 4816 3370 3134
f 6373 6374 7419
f 3345 4818 437
f 437 3385 3208
f 3304 3487 6379
f 6380 3308 3428
f 6384 3353 3443
f 3292 3354 3355
f 601 4820 6387
f 4820 3401 6389
f 6387 6389 3357
f 3200 65 4821
f 3359 7422 4822
f 6390 4822 3403
f 3346 3362 3363
f 3363 6395 3364
f 6395 3363 4824
f 3365 3305 3366
f 123 3188 3387
f 3238 3390 3368
f 3312 479 995
f 3353 3372 3373
f 3375 6397 6396
f 6397 7423 4825
f 6396 4825 3376
f 3375 3378 6399
f 3379 3380 627
f 3381 4826 6402
f 6402 4826 3452
f 3321 4827 784
f 3320 690 3344
f 3383 3300 3419
f 3385 777 3386
f 675 1012 3327
f 3390 4828 6407
f 4828 3391 7140
f 3348 4829 3394
f 4829 3457 3394
f 3397 3459 4830
f 4830 657 3335
f 4831 3380 3317
f 3398 6411 3399
f 3402 4832 3482
f 3327 4833 3405
f 123 3406 3407
f 3215 3407 4834
f 6414 6851 3389
f 3218 3408 4835
f 6415 4836 3496
f 3412 4837 6417
f 4837 3413 4838
f 6417 4838 3461
f 1322 3376 3414
f 3341 4839 7141
f 4839 3415 6421
f 6420 6421 7428
f 955 3399 1146
f 3416 3418 3417
f 3358 3531 3418
f 3421 6356 3422
f 6356 3359 4841
f 3322 192 781
f 3490 6427 3362
f 3366 4844 6429
f 4844 3427 4845
f 6429 4845 3532
f 3428 3429 4846
f 4846 6431 3427
f 3309 3431 3562
f 3329 4847 1053
f 1053 4847 3432
f 3396 397 3440
f 3441 3590 3411
f 3414 4849 3444
f 3378 4850 3446
f 3469 4851 3446
f 3314 4852 6436
f 4852 3470 6437
f 6436 6437 3447
f 439 1314 100
f 3451 3357 3528
f 3382 3452 3453
f 3455 4853 7142
f 4853 3456 7143
f 4854 6442 7430
f 150 3435 3524
f 3458 4856 3574
f 4857 3574 4856
f 4858 3444 3462
f 3469 3497 3470
f 3471 6454 6452
f 6454 3451 6440
f 6452 4859 3472
f 3474 3500 3473
f 3398 3527 3475
f 3476 4860 3477
f 4861 3478 3479
f 3479 6455 3453
f 6455 3479 4862
f 3480 3507 6457
f 3506 6460 4863
f 6460 3482 3483
f 906 3486 1267
f 3658 3425 3489
f 3490 4864 440
f 3491 3553 3492
f 4865 3493 3367
f 384 3566 304
f 3330 3432 1193
f 3371 3495 6462
f 3371 6462 337
f 3310 1303 6463
f 3310 6463 3495
f 3538 6464 3496
f 3497 6449 6467
f 6467 3463 3449
f 3498 4867 3500
f 3475 4868 3502
f 4868 3501 3502
f 3503 4869 3477
f 3508 4870 3505
f 3503 4871 3505
f 4872 3507 3508
f 3544 3417 3509
f 784 3510 690
f 3404 3511 988
f 988 3511 3638
f 4873 3488 1301
f 3512 3325 3492
f 3429 4874 3513
f 3516 392 1037
f 3437 306 38
f 871 3335 4875
f 3478 214 688
f 4876 3522 6852
f 3395 4877 6477
f 4877 3568 4878
f 6477 4878 3608
f 3526 4879 3373
f 4879 423 3373
f 3448 6478 3527
f 6478 3448 3593
f 3531 3519 252
f 4880 3532 3554
f 3512 4881 3536
f 4882 3536 4881
f 3535 3536 4883
f 3537 3454 288
f 3538 6480 3539
f 6480 3538 4884
f 3540 3539 6482
f 3631 6482 3539
f 3540 598 4885
f 598 3541 6483
f 4885 6483 3468
f 3501 3542 214
f 3545 3543 3594
f 3483 3544 6485
f 6485 4886 3595
f 856 3518 3545
f 3546 4887 6486
f 4887 3419 4888
f 6486 4888 3655
f 440 3549 3550
f 3550 3621 6488
f 3550 6488 3551
f 3533 4889 3553
f 4889 3533 3552
f 3554 1003 3641
f 1003 3554 3555
f 3557 3537 3558
f 3559 3560 3520
f 3562 3584 608
f 6444 96 659
f 306 1037 4891
f 306 4891 3569
f 337 3572 3570
f 3458 4892 3573
f 3574 3575 4893
f 3575 4894 957
f 4894 3575 6493
f 3518 3652 3576
f 6496 3420 4895
f 3578 4895 3580
f 3579 3637 3580
f 1267 966 3548
f 3581 3556 4896
f 6497 4896 3582
f 3583 3732 6499
f 3583 6499 3493
f 3434 3585 786
f 3434 786 3586
f 3566 259 3587
f 3695 6500 3590
f 6500 3589 684
f 3573 4898 3592
f 3541 3614 3593
f 3594 4899 4917
f 4899 3595 1203
f 3509 252 3651
f 3599 6504 3600
f 6504 3599 4900
f 3552 4901 3601
f 4902 3601 4901
f 3602 3603 4903
f 3604 6506 3684
f 3581 3684 6506
f 3561 1181 823
f 4904 3607 3627
f 4905 3646 1006
f 6513 957 3616
f 4907 3613 4906
f 4907 4906 3614
f 4908 3617 6518
f 3617 4908 3615
f 3633 4915 4909
f 4915 3529 4909
f 3621 3642 4911
f 6524 3602 3623
f 6527 3601 3624
f 3537 288 436
f 3563 3625 78
f 3523 3627 706
f 3607 4912 6530
f 4912 7433 4913
f 6530 6853 3628
f 1303 3700 6532
f 6532 3700 3674
f 3631 4914 3632
f 4914 3676 6533
f 3472 4915 6534
f 6534 3633 3679
f 3530 4916 6535
f 6535 4916 3634
f 6536 3635 4917
f 3578 3726 6537
f 6537 3726 3636
f 3637 3638 3682
f 651 6539 3549
f 820 3640 3639
f 3640 3641 3661
f 3710 6541 3642
f 3675 6543 389
f 6543 3647 232
f 389 232 3495
f 3649 3648 3650
f 3592 6547 6546
f 6547 3592 3702
f 1203 4920 6548
f 6548 4920 7144
f 3576 6550 3596
f 3547 3653 891
f 3547 891 3654
f 651 3548 3656
f 3657 1222 4922
f 1222 3658 4922
f 3730 3659 849
f 3659 4923 4924
f 4923 3661 6553
f 4924 6553 3603
f 3624 3662 6556
f 6556 4925 3663
f 3623 6557 6526
f 6557 3623 3664
f 3668 3584 61
f 3588 3669 4927
f 3588 4927 3692
f 3525 353 3673
f 353 3672 415
f 3649 6560 3676
f 6560 3649 3704
f 3678 3679 6561
f 4928 6561 3679
f 3680 3681 3634
f 4929 3725 6562
f 3682 6563 3708
f 6563 3657 3708
f 3684 4930 3664
f 4930 3784 6565
f 859 948 3761
f 27 3689 3688
f 3691 3670 3739
f 1007 1195 3692
f 3569 4932 3752
f 4932 3693 3752
f 3646 4933 3697
f 3781 550 3700
f 3705 6569 4934
f 6569 3702 6570
f 4934 6570 3677
f 208 3680 4935
f 3680 208 3703
f 3706 3635 490
f 3707 7145 6572
f 6574 7438 4936
f 6572 6854 3722
f 3727 6577 3709
f 6577 3708 4937
f 3667 3711 3785
f 4938 3734 3711
f 3628 4939 7146
f 4939 3713 7147
f 6579 6581 7441
f 3713 7148 4940
f 6585 3691 4940
f 3714 3715 7443
f 3799 7149 4941
f 4941 6855 3718
f 3695 3720 517
f 3635 3721 176
f 3722 4943 7150
f 4943 3753 7151
f 4944 6591 3721
f 490 3723 3596
f 3596 3724 3725
f 3726 4945 6592
f 6592 3727 3741
f 4946 3728 6593
f 3639 4947 4948
f 4947 3729 4948
f 3666 3643 3731
f 3733 3734 173
f 3565 3736 4949
f 6599 4949 3761
f 1309 274 3737
f 3738 6602 3715
f 824 3699 3740
f 3754 6605 3741
f 6605 3653 366
f 3743 3744 3728
f 607 58 19
f 3762 141 3746
f 3747 4952 3775
f 4952 3627 792
f 176 351 3723
f 3753 7152 6610
f 6610 3754 3769
f 3771 3744 4953
f 3709 3755 6613
f 6613 4954 3756
f 3757 3730 3745
f 3735 4955 3759
f 3762 3763 3813
f 3736 4956 7153
f 4956 3747 7154
f 6620 4957 7012
f 3748 720 3749
f 3767 3768 3742
f 4959 3769 3770
f 3770 3756 6629
f 6629 3756 3772
f 3771 3772 3757
f 3773 3774 3763
f 6631 3763 3774
f 3775 6634 6632
f 6634 7452 4960
f 6632 6856 3776
f 80 42 3765
f 4961 3798 293
f 4961 293 3720
f 3790 7155 4964
f 4963 7453 6638
f 6640 3776 4975
f 3788 4975 3776
f 985 3777 3778
f 4958 3816 120
f 257 1195 380
f 3807 6642 6857
f 6642 3790 6636
f 4967 6643 3697
f 4968 3792 6858
f 3794 363 3731
f 3795 287 720
f 287 3795 3815
f 946 3796 1333
f 6641 1333 316
f 380 3797 418
f 380 418 3719
f 3799 7157 6648
f 6650 7455 4969
f 6648 6859 3803
f 3738 120 484
f 3802 1245 1195
f 1245 3822 1195
f 3796 4970 3804
f 3805 3740 524
f 3806 3808 912
f 3807 4971 7158
f 4971 3808 4972
f 6654 4972 7458
f 3783 4973 3811
f 173 1022 3840
f 3761 1022 4974
f 4975 3814 3787
f 3857 3787 3814
f 4 3786 46
f 6657 3816 3815
f 3837 6659 3792
f 6659 3817 3792
f 3819 7459 3820
f 3830 4976 531
f 1251 277 3829
f 985 231 3821
f 4977 3824 4978
f 6661 4978 3853
f 3828 19 3827
f 1299 3845 3831
f 3834 6666 6665
f 6666 3833 4979
f 6665 6860 3849
f 3834 3805 4980
f 82 4980 3823
f 3806 3835 1257
f 3850 7159 3837
f 213 3838 3900
f 986 3818 3840
f 1022 3819 3842
f 3859 246 4976
f 246 3843 531
f 200 3844 46
f 3846 979 120
f 3887 6673 6861
f 6673 3850 7160
f 4982 4981 7462
f 3811 4983 106
f 4983 3852 3824
f 3855 3853 3854
f 4984 3855 3902
f 3820 3856 6675
f 3934 6675 3856
f 3857 564 3856
f 564 3858 3856
f 4986 3863 3892
f 3873 157 796
f 3881 316 3848
f 3886 3865 3866
f 3828 3867 3826
f 3874 1299 3873
f 3875 3896 446
f 446 3896 3876
f 3847 3877 646
f 3793 4987 864
f 4987 3878 4988
f 3879 3880 992
f 4989 3881 1108
f 709 3883 1046
f 3884 6681 6680
f 6681 3833 4991
f 6680 6862 3885
f 1046 3898 3887
f 3870 7161 6686
f 4992 7464 4993
f 6686 6863 3890
f 4994 3890 6864
f 3892 3894 3893
f 3894 3874 3926
f 3917 7162 4996
f 6693 3897 3898
f 3852 3899 4997
f 3852 4997 3918
f 3902 4998 3878
f 3888 84 3940
f 3860 402 3903
f 402 329 3903
f 4999 3949 3904
f 3861 3904 3910
f 3872 3925 6697
f 3906 1108 3907
f 3907 6699 3914
f 6699 3884 7163
f 3908 5000 3901
f 926 3958 6696
f 3910 6696 3958
f 967 3936 3911
f 3911 3912 11
f 3915 3916 3883
f 3915 3883 184
f 3918 3946 3919
f 3854 977 1290
f 3868 864 3921
f 40 360 3925
f 360 40 3935
f 752 3944 5003
f 155 5003 3944
f 3974 752 3927
f 5004 3927 752
f 3928 6704 5005
f 6704 3927 6705
f 5005 6705 3913
f 3929 6707 3915
f 6707 3928 400
f 3922 783 6710
f 5006 6710 7469
f 3891 7164 6712
f 5007 7471 5008
f 6712 6865 3932
f 3923 3982 3964
f 3935 5010 3936
f 3937 6717 3938
f 3929 3938 6717
f 5011 3920 3919
f 3954 3939 114
f 3841 7165 6719
f 6721 5012 7472
f 6723 3939 297
f 3947 6695 31
f 6695 3888 179
f 3967 3948 3949
f 3952 3950 1135
f 3953 3954 3955
f 3924 3972 3959
f 6727 3959 3972
f 3960 1103 6728
f 6728 3951 3961
f 3980 179 1168
f 1168 179 3962
f 3931 5013 7473
f 5013 3963 6867
f 6730 5014 3968
f 3982 6733 3964
f 5015 3965 3937
f 6735 114 3966
f 3967 5016 630
f 630 3968 3979
f 3981 3909 3969
f 3969 3970 3971
f 3965 3973 5017
f 3955 5018 148
f 3977 7167 6744
f 6746 7480 5019
f 6744 6868 3978
f 405 3971 3964
f 3966 3980 5020
f 6750 5020 3987
f 3978 5021 6753
f 4011 7168 7482
f 5023 3999 3982
f 6758 3976 3985
f 3987 6761 6870
f 6761 3977 7169
f 6759 5024 4006
f 3988 405 3998
f 5025 3990 3984
f 3990 5027 3991
f 5027 3993 3991
f 3992 3985 3986
f 3994 1021 6767
f 4017 3998 3999
f 4002 4014 5028
f 6769 5028 4014
f 4003 6770 5029
f 5029 3983 3975
f 4006 5030 5031
f 5030 4007 6871
f 5031 6774 4005
f 4011 7170 5033
f 5032 7487 6776
f 5033 7171 4007
f 4010 4008 939
f 6779 4013 4014
f 1021 22 3997
f 4018 4003 5034
f 1214 4022 4023
f 4026 4027 4018
f 5511 553 4029
f 4031 759 1825
f 4035 1024 1956
f 1024 4035 5450
f 5035 2274 4373
f 4036 4373 2274
f 2028 5036 4040
f 5037 4040 5036
f 4038 5038 4036
f 5038 4038 2148
f 4040 5039 6791
f 5039 4040 4038
f 4042 2239 6794
f 4044 3224 4045
f 147 1310 219
f 4046 472 4050
f 788 4047 4048
f 472 4046 93
f 5040 990 4049
f 1332 17 4051
f 147 4052 510
f 1963 133 4053
f 4061 4054 5042
f 5041 5042 4054
f 5043 2002 6807
f 4059 6807 2002
f 4060 5044 4076
f 6800 4056 4061
f 4058 4054 6802
f 5045 6802 4054
f 5046 4073 4066
f 5047 4066 5048
f 2857 5048 4067
f 2566 130 4071
f 4071 130 4072
f 4068 4057 4063
f 4069 950 4064
f 4062 5051 5629
f 5051 4073 4074
f 4075 18 5050
f 4053 133 18
f 2461 4071 4075
f 23 4076 2661
f 4077 4078 4059
f 1281 4080 7039
f 5052 185 1339
f 1340 4079 5053
f 4079 1339 960
f 5054 7042 4082
f 1350 5062 5055
f 5055 5062 1340
f 4081 7040 5053
f 1341 5053 960
f 5056 6872 1342
f 4083 960 1345
f 1342 4083 4090
f 4090 1345 579
f 1318 1355 714
f 579 1345 5066
f 5066 1345 1346
f 1345 960 4085
f 960 1339 5058
f 1339 185 4086
f 4086 1349 1156
f 1347 4086 6873
f 960 5060 4085
f 4085 4088 1346
f 5059 1156 5084
f 6873 5059 7179
f 1346 5061 1183
f 5061 1348 1183
f 1349 504 1156
f 5093 5062 4108
f 4089 7172 1377
f 1351 5089 522
f 1173 1352 5064
f 1352 5097 5065
f 5065 1292 1342
f 5066 1346 4091
f 5066 4091 1380
f 1346 1183 4091
f 4091 1413 5117
f 1380 5117 1015
f 185 1354 1349
f 1349 1354 504
f 4093 1356 1355
f 1355 4092 1354
f 4092 211 504
f 1318 4103 1355
f 1371 5086 5068
f 5086 6879 5067
f 5068 6874 1357
f 1356 1357 5069
f 211 5069 1372
f 1357 5067 7043
f 5067 686 6875
f 4094 5070 7173
f 1372 4095 5071
f 4095 1358 5071
f 686 5072 7176
f 5072 1359 6876
f 5077 5073 7174
f 4096 5074 7175
f 1360 5075 7177
f 5075 1363 5082
f 5076 5082 604
f 686 7176 5070
f 5077 7174 4098
f 5070 6878 1358
f 1360 7177 4097
f 5076 604 5078
f 4097 5078 1361
f 1358 7178 5071
f 5079 1361 5083
f 5071 5083 1115
f 5080 1363 5074
f 1363 5080 1362
f 1362 5115 4099
f 4099 1075 1373
f 1363 5081 5082
f 5081 1373 5088
f 5082 5088 604
f 1361 5078 1364
f 1398 4100 1159
f 1159 4100 5096
f 5096 1364 1365
f 1364 5078 4101
f 4101 5078 1375
f 193 1365 1375
f 5057 1343 1378
f 1378 5091 1367
f 1183 1348 1368
f 1348 7179 4102
f 4102 5084 1396
f 1368 5085 727
f 5085 7048 5105
f 504 1369 1156
f 1369 726 1370
f 504 211 1369
f 5086 1371 7180
f 211 1372 1369
f 1372 1115 1384
f 1115 1372 5071
f 1369 1384 726
f 1075 1385 1373
f 1385 5087 1374
f 5088 1374 604
f 604 1375 5078
f 1375 604 1374
f 5087 825 4104
f 1400 4104 825
f 4104 1400 193
f 411 522 1376
f 4105 1376 865
f 865 1376 4107
f 865 4107 1403
f 1376 522 5089
f 4106 5089 1377
f 1403 4107 5090
f 4107 4106 5063
f 522 1390 1351
f 1390 4111 5092
f 4111 477 5091
f 5092 5091 7049
f 1173 5064 1433
f 1353 579 1379
f 1433 1353 1261
f 1353 1379 1261
f 1261 1379 1381
f 1379 5066 1380
f 1381 1015 860
f 1382 1397 195
f 1383 726 1384
f 4109 1384 1115
f 825 1385 1420
f 1385 825 5087
f 1385 1075 1459
f 1420 1459 1421
f 804 1159 5095
f 1386 4110 193
f 804 5095 4128
f 4128 1386 1388
f 5111 1388 1387
f 1390 1428 4111
f 1428 128 4119
f 4111 4119 1389
f 4111 1389 477
f 5097 1352 6880
f 5112 5098 1391
f 477 1392 1366
f 1393 5100 1394
f 714 1394 1318
f 1318 1394 4103
f 1394 5100 235
f 5100 1277 4112
f 235 1395 7180
f 5102 5101 7181
f 686 5102 6881
f 5072 4113 5104
f 5104 1417 1418
f 1396 1382 7182
f 5105 1406 727
f 1383 5107 1407
f 5107 1383 5094
f 5106 1407 195
f 1115 5083 5116
f 5116 1398 1399
f 1398 1159 4114
f 4114 1458 566
f 5108 193 1400
f 1400 5109 1401
f 5109 1400 825
f 1402 5118 5110
f 5118 1402 1401
f 5108 1402 1386
f 1387 1386 1402
f 1402 5110 4115
f 4115 5110 1489
f 1387 4115 5111
f 4115 1489 6882
f 5111 5149 7183
f 865 1403 4116
f 865 4116 1429
f 1403 5090 7184
f 4116 5112 1391
f 1429 4116 4124
f 4116 1391 890
f 1005 1405 1392
f 1405 1393 5099
f 1382 195 1406
f 4130 4122 1143
f 5107 312 1408
f 1419 1408 5126
f 4121 5126 658
f 893 5113 5074
f 5113 1409 7185
f 5080 4118 1362
f 1409 5125 7050
f 5125 1315 5114
f 4117 5114 1456
f 1115 5116 4109
f 5116 1399 1410
f 1410 566 1438
f 5094 1438 312
f 5131 804 1477
f 1477 1411 5133
f 4134 5133 1282
f 1392 477 1389
f 5117 1413 1414
f 1413 1183 1414
f 1414 1415 1416
f 1454 1416 902
f 1416 1415 377
f 1183 1368 1414
f 1414 4120 1415
f 1368 727 4120
f 4120 727 1455
f 1415 4120 377
f 4120 1455 377
f 1417 4112 1418
f 195 1419 4122
f 4121 658 1143
f 825 1420 5109
f 1401 1420 5118
f 1420 1421 1166
f 1166 1421 1422
f 1421 907 4146
f 1423 1424 5120
f 146 1424 1426
f 1426 1424 881
f 600 4129 5119
f 4129 1441 4123
f 5119 4123 1423
f 1441 382 1425
f 1423 1425 881
f 1426 881 341
f 881 1425 341
f 411 1427 458
f 411 458 1428
f 60 865 1429
f 497 1430 1518
f 1430 4124 4125
f 4124 890 5121
f 4125 5121 1431
f 1518 4125 1597
f 4125 1431 5143
f 1597 5143 1223
f 268 1432 1412
f 1173 1433 1434
f 1433 1261 4126
f 1434 4126 5122
f 4126 1475 5122
f 893 5123 6883
f 5113 4127 7052
f 1409 5124 7186
f 5125 5158 5179
f 312 1436 1408
f 1437 1436 485
f 1408 1437 5126
f 658 5126 1437
f 485 1436 1502
f 804 4128 1035
f 1439 1388 493
f 4128 1439 5141
f 1442 1440 318
f 1440 1469 318
f 1442 318 1446
f 1444 146 1426
f 1444 1426 341
f 341 1445 1444
f 1444 1445 866
f 1425 382 1448
f 1445 1447 1449
f 1448 5128 1447
f 5128 715 1449
f 4119 1450 1412
f 1450 494 268
f 890 1173 1434
f 1277 5129 5103
f 5103 1404 1451
f 1261 1381 1452
f 1381 860 1452
f 1452 860 1485
f 860 1015 1453
f 1453 1015 1454
f 1453 1454 5130
f 1454 541 5130
f 1454 1015 1414
f 541 1454 902
f 1075 5115 1457
f 1456 5114 1545
f 1457 1456 4131
f 1456 1545 5173
f 4131 5173 867
f 1458 5131 1478
f 5131 1458 4114
f 1503 1478 5140
f 5132 5140 970
f 907 1459 1460
f 5134 1461 5133
f 1461 5134 775
f 1282 5133 1461
f 1035 1462 804
f 5135 1463 1492
f 1463 5120 1492
f 1492 5120 1465
f 362 4147 5135
f 5135 1464 1463
f 1464 1138 4132
f 1463 1464 5119
f 5120 1463 1423
f 1423 1463 5119
f 375 1465 1528
f 1528 1465 5136
f 5136 1465 1468
f 5136 1468 1466
f 1465 1230 1468
f 1230 1424 1468
f 1424 146 1468
f 1468 146 1467
f 1467 622 1466
f 339 1098 1495
f 1469 1495 318
f 1467 146 1479
f 1479 146 1444
f 1479 1444 866
f 1061 1536 1446
f 1536 342 1471
f 1471 1470 715
f 1208 1514 5137
f 5137 4136 1483
f 5137 1483 1473
f 5138 411 4105
f 5138 4105 1472
f 865 60 1473
f 1516 1473 60
f 128 494 1450
f 677 1516 497
f 1541 45 1005
f 1432 1005 1392
f 206 4133 1191
f 1475 1452 511
f 860 1453 1476
f 1453 5130 1476
f 5130 541 704
f 1143 658 420
f 5131 1477 1478
f 4134 1282 1504
f 1478 1504 5140
f 5161 5140 1504
f 5141 1439 700
f 5142 1439 493
f 1479 866 1480
f 622 4135 1590
f 4135 1480 1590
f 318 1494 1443
f 1494 126 1481
f 1443 1481 1061
f 866 1445 1482
f 866 1482 1244
f 1445 1091 1482
f 1427 5138 1483
f 1197 1541 268
f 1223 5143 1484
f 1431 5121 1434
f 1484 1431 844
f 1431 1434 5122
f 1485 860 1476
f 1485 1476 5139
f 1416 377 1486
f 1166 1422 5144
f 1166 5144 1487
f 700 5146 1582
f 1439 5142 6884
f 5142 493 7187
f 4138 5147 7194
f 1582 4139 7188
f 4139 1488 7189
f 5148 5156 7196
f 493 5149 7190
f 5149 1489 7191
f 5153 5150 7054
f 1489 5110 5151
f 5151 1166 1487
f 1490 4140 7192
f 4140 1487 5145
f 5152 5145 892
f 493 5153 7187
f 5153 1490 7193
f 5147 4142 7194
f 1490 5152 7055
f 5152 892 6885
f 4141 5154 7195
f 1488 5155 7189
f 5155 1491 6886
f 5156 5191 7196
f 5136 1466 432
f 1495 1494 318
f 1449 715 1498
f 1091 1498 30
f 5157 1496 1244
f 715 1497 1498
f 1555 5170 30
f 292 1404 1005
f 292 1005 45
f 5122 1475 1499
f 1475 511 1499
f 1499 511 1559
f 4149 1559 5
f 1500 1191 1635
f 1520 1635 619
f 5158 1435 5159
f 4143 1500 6887
f 1501 4144 7197
f 4145 1503 5132
f 4145 5132 970
f 970 5161 1505
f 1504 1282 301
f 907 1460 1507
f 1460 4131 1507
f 1507 867 1506
f 5162 1506 969
f 1507 5162 1508
f 362 1510 4147
f 1138 1464 5168
f 5169 152 1511
f 1512 1511 339
f 34 5136 432
f 1513 1590 350
f 158 475 1480
f 1480 866 158
f 866 1244 158
f 1244 1593 158
f 594 1557 1615
f 672 494 1515
f 1515 494 128
f 1515 128 458
f 1517 1516 677
f 1519 624 1573
f 45 1573 292
f 5160 5164 1157
f 1521 1523 1524
f 377 1522 1523
f 1522 1143 1524
f 1524 1561 9
f 4148 485 1562
f 5134 1462 5165
f 775 5165 1548
f 1579 1462 1035
f 5165 1579 813
f 892 5166 1526
f 5166 892 5145
f 1525 5167 7204
f 5167 1525 4137
f 1526 5211 478
f 5211 1526 5166
f 1138 5168 1527
f 1527 1551 212
f 16 375 57
f 57 375 1528
f 1567 1528 1107
f 1138 1527 1512
f 1512 1527 5169
f 1493 313 1529
f 1493 1529 1098
f 1630 125 1531
f 1588 1531 1530
f 1529 1588 1098
f 1588 1530 1098
f 1530 1531 1494
f 1061 1481 1532
f 1481 126 1592
f 1061 1532 1534
f 1532 39 1533
f 1535 1533 142
f 1061 1534 1536
f 1244 1496 606
f 1496 5170 1537
f 342 1539 1470
f 1470 1540 1497
f 1497 1540 1555
f 913 1619 1518
f 1619 677 497
f 45 1541 1519
f 5122 1499 5171
f 844 5171 1543
f 4149 5 1542
f 1485 5139 1544
f 5139 704 4162
f 1545 5174 1560
f 5176 1282 1461
f 1461 775 1546
f 1547 4151 4159
f 4151 1546 5177
f 4159 5177 1192
f 1192 5177 1549
f 5177 1546 4152
f 1546 775 1548
f 4152 1548 813
f 1550 16 57
f 212 1551 1552
f 1551 1606 172
f 432 1466 1513
f 1587 1553 802
f 802 1553 1554
f 1553 1513 350
f 594 4172 1557
f 1556 5178 1515
f 1557 1556 5163
f 5163 1556 458
f 1223 1484 873
f 844 1543 1484
f 1543 4150 1558
f 1484 1558 873
f 5 1559 1575
f 1559 1485 1544
f 541 902 196
f 902 1486 196
f 1486 1521 196
f 5179 5180 1560
f 1501 7197 4154
f 4154 7198 1714
f 5182 7058 5270
f 1560 5270 336
f 9 1561 1621
f 1561 956 1660
f 1621 1660 725
f 1315 5179 5174
f 1560 336 552
f 1564 4145 1601
f 4145 970 4163
f 467 1566 1550
f 212 1569 1527
f 1590 1480 780
f 780 4155 4161
f 1535 142 1538
f 4156 767 1646
f 1540 1539 4157
f 1539 427 1572
f 1613 4157 4167
f 4157 1572 5221
f 4167 5221 1151
f 1573 4133 292
f 4150 1542 1739
f 1542 5 1574
f 1739 1574 5183
f 5183 1574 1656
f 1574 5 1575
f 1656 1575 914
f 1576 541 196
f 1578 1577 846
f 301 5176 1547
f 5176 301 1282
f 813 1579 5184
f 1580 1579 1035
f 5184 1580 162
f 1035 5141 1580
f 5141 700 5185
f 5185 1581 4170
f 1580 4170 162
f 4170 1581 1627
f 1627 700 805
f 805 700 5195
f 5195 1582 1605
f 5148 900 1605
f 1224 1607 7199
f 5250 4160 1583
f 1552 172 1584
f 212 1584 989
f 1640 313 1493
f 1586 1587 802
f 464 1790 1630
f 1790 1057 1630
f 802 1554 1589
f 1554 350 1029
f 1589 1554 307
f 126 1531 125
f 1592 125 508
f 1029 1591 1791
f 1592 508 39
f 5187 1594 111
f 1594 1593 111
f 1593 606 111
f 1610 69 1631
f 1571 1631 1595
f 4156 1595 767
f 1197 268 1596
f 268 494 1596
f 1596 494 672
f 913 1597 1598
f 1598 1223 873
f 551 4181 5188
f 5188 1599 1600
f 1599 914 1544
f 1600 704 1576
f 4274 1576 1300
f 263 5189 1683
f 5189 263 1601
f 4163 970 1602
f 1683 5199 5190
f 5199 1683 1602
f 867 5175 1603
f 5175 552 1603
f 1506 1603 5241
f 1506 5241 969
f 900 5191 7200
f 5191 1491 7201
f 5232 5192 7059
f 1491 5154 6888
f 5154 892 7202
f 4164 5193 5215
f 1604 5217 198
f 5217 1604 5194
f 5195 1605 4165
f 5195 4165 1691
f 1605 5196 4165
f 5196 1605 6893
f 1691 5235 4196
f 5235 1691 1669
f 172 1606 1629
f 1629 1607 1224
f 5275 467 1722
f 1149 1608 1727
f 1608 4166 1153
f 4166 57 1567
f 1609 1693 1569
f 1609 989 1335
f 1568 34 1586
f 683 1066 1570
f 683 1570 5187
f 39 1610 1533
f 606 1537 1645
f 1537 70 1648
f 70 1612 1614
f 1058 1613 4153
f 5197 1675 295
f 1208 1615 1514
f 1517 1651 1617
f 1652 1620 4180
f 4180 5225 1321
f 1519 1197 1596
f 1621 725 4187
f 1521 1622 1000
f 1562 1563 1661
f 1563 263 1623
f 1563 1623 5198
f 661 5198 7208
f 1505 301 1624
f 5199 1624 1121
f 5200 1121 1624
f 1715 4168 5201
f 4168 1625 4159
f 5201 4159 1192
f 1246 1508 5202
f 1246 5202 1626
f 1508 5162 4169
f 4169 969 1685
f 1626 5203 7203
f 393 1665 1627
f 5248 1627 805
f 1224 1628 1629
f 1628 1337 1584
f 307 1029 1703
f 1630 1057 153
f 39 508 69
f 1595 1631 767
f 1632 5223 4171
f 5223 1323 5205
f 4171 5205 1676
f 1556 5206 5178
f 5206 1676 5238
f 5178 5238 672
f 1260 1649 5282
f 1649 1616 1633
f 1615 1208 1517
f 1633 1618 5207
f 1596 672 1677
f 1596 1677 745
f 1796 343 619
f 619 1636 1520
f 1520 1636 5164
f 1636 1830 1157
f 1192 1549 5310
f 5310 1549 1637
f 4152 813 5209
f 1549 5209 1687
f 1637 1687 5210
f 478 5211 5296
f 5211 1638 5212
f 5296 6890 1748
f 1638 7204 6813
f 5213 1246 1626
f 1748 7205 5214
f 4173 7060 5204
f 5214 6891 874
f 892 1526 7202
f 5215 5193 1526
f 1526 478 4174
f 5216 4174 478
f 1639 1718 6889
f 5274 5217 1718
f 584 1153 4175
f 164 4175 107
f 4175 1568 107
f 313 1640 4176
f 1641 4176 5218
f 1586 802 1701
f 313 1642 1529
f 5219 1253 1642
f 1529 1642 464
f 802 1589 1643
f 1643 1589 491
f 5220 1645 1759
f 1759 1645 1140
f 1645 1611 1140
f 427 1646 1572
f 1646 4201 1647
f 1140 1611 1648
f 1648 70 1614
f 5260 1632 7206
f 1632 4172 4177
f 4177 594 1649
f 4178 1649 1260
f 718 1618 5263
f 1618 1617 4179
f 5263 4179 1706
f 1706 4179 978
f 677 1619 1651
f 4180 1321 5224
f 4180 5224 978
f 1321 5225 5266
f 5266 5225 1653
f 1620 913 1678
f 1653 5226 543
f 834 5183 1270
f 5183 1656 1888
f 1656 914 5227
f 1656 5227 1657
f 1888 1657 5228
f 5228 1657 1658
f 5286 552 1741
f 956 5172 1660
f 1578 846 4248
f 420 1661 4158
f 4158 1661 1577
f 1661 5198 1662
f 5198 661 1662
f 5209 4183 1664
f 813 5184 4183
f 5184 162 5230
f 4183 5230 1663
f 1664 1663 4193
f 4193 5273 593
f 162 1665 5230
f 5230 4184 1666
f 1665 393 4184
f 4184 4209 1666
f 900 5232 6893
f 5232 1604 6892
f 5236 5233 1668
f 1604 198 1667
f 1668 1667 5234
f 835 5234 1667
f 841 5235 1670
f 4185 1670 5235
f 1669 5236 1668
f 5236 1669 5196
f 1670 5234 835
f 5234 1670 4185
f 10 5237 1696
f 1696 1672 1081
f 1641 637 1674
f 1253 5219 1674
f 508 125 153
f 508 153 1185
f 767 1239 1852
f 88 767 1852
f 1151 456 1762
f 1675 1762 295
f 672 5238 1677
f 1676 5205 4186
f 5205 1323 7207
f 4186 5239 1916
f 1677 5240 525
f 129 1677 525
f 1598 873 1767
f 1678 1767 5226
f 5226 5303 543
f 873 1558 4258
f 1858 1679 1102
f 1680 1300 1576
f 1680 196 1000
f 1000 1622 1682
f 4187 725 1681
f 4188 1681 826
f 1577 1662 846
f 221 1662 661
f 1683 5190 4055
f 1623 5041 7208
f 5241 1603 5242
f 5241 5242 1686
f 1603 552 5243
f 4189 5243 1684
f 1686 7209 5244
f 4190 7061 5284
f 5244 7210 1127
f 874 5245 6898
f 5245 1685 6894
f 1685 969 4191
f 4191 5241 1686
f 4192 1686 6895
f 5247 5244 7211
f 1687 5209 1664
f 396 4193 593
f 1666 4209 1688
f 1717 5248 805
f 4211 1689 5249
f 4211 5249 1690
f 1689 1224 5250
f 1690 4195 7219
f 5251 467 5275
f 5195 1691 805
f 1692 4196 841
f 805 5252 5253
f 5252 1692 5297
f 5253 5297 998
f 1335 1777 1609
f 1609 4197 1693
f 1777 54 4197
f 4197 1729 1182
f 5254 1695 340
f 1695 5254 1694
f 1697 4198 544
f 5255 1697 5256
f 10 5256 1697
f 1732 340 1695
f 5256 1696 4199
f 1696 5256 10
f 4199 1696 5257
f 1081 5257 1696
f 10 4200 1673
f 1697 5258 4200
f 5258 1697 544
f 1700 79 1699
f 1700 1699 634
f 802 1643 1701
f 1701 1643 481
f 491 1589 1702
f 1702 307 5259
f 132 5259 330
f 5259 307 1703
f 69 1704 1631
f 683 5187 1644
f 166 5220 103
f 4201 88 452
f 7212 5260 7206
f 4178 1260 4202
f 1737 7213 1260
f 1705 5261 7229
f 5261 1737 6896
f 5262 5280 1763
f 1100 1822 5265
f 1822 7236 5263
f 1707 5301 1709
f 5264 1709 5301
f 5265 1706 978
f 5265 978 1710
f 1710 978 5224
f 117 4203 4030
f 4203 117 1709
f 1709 5264 4203
f 5264 1100 5265
f 4203 5265 1710
f 5224 1711 1710
f 1711 1321 4204
f 4030 1712 1713
f 1712 4204 4205
f 4204 1321 5266
f 4205 5266 1653
f 1713 1653 543
f 1157 1831 7214
f 5181 4206 7062
f 5268 5267 7230
f 1714 5269 7216
f 5269 1769 7217
f 5270 5304 336
f 5200 1715 5288
f 1744 5288 1715
f 1715 5201 4207
f 5201 1192 5271
f 4207 5271 1716
f 1744 1716 5272
f 5308 5272 1716
f 593 5273 1900
f 5273 1663 4208
f 1663 5230 1666
f 4208 1666 5231
f 1900 5231 1109
f 393 1717 4209
f 1717 4194 4209
f 4194 998 4209
f 1688 1837 650
f 5274 1718 7218
f 1718 5216 1719
f 1804 1719 5295
f 1690 7219 4210
f 1721 4211 534
f 4211 1720 534
f 534 1720 4212
f 534 4212 1836
f 1720 5275 1722
f 1836 4212 1149
f 4212 1722 1149
f 1667 198 1723
f 5327 765 1724
f 835 5276 1724
f 5277 841 1670
f 1670 835 4213
f 5278 4213 835
f 1725 1779 434
f 5277 1725 5298
f 1726 5298 1725
f 1725 434 1726
f 187 1692 1726
f 1727 1153 584
f 1182 1729 1641
f 1641 1729 637
f 164 107 1730
f 1694 5254 1731
f 1845 4214 1200
f 4198 1845 544
f 748 1732 1755
f 1780 340 1732
f 5257 1755 1732
f 5221 1736 1151
f 492 5280 7220
f 5280 1737 7221
f 5352 5281 7063
f 5282 1737 1260
f 1853 4215 7222
f 4215 1633 5207
f 5283 5207 718
f 1827 759 1713
f 1738 1713 543
f 239 1739 1679
f 1739 834 1679
f 1000 1740 1680
f 1680 1740 1300
f 1127 5284 6901
f 5284 1684 6897
f 5307 5285 7223
f 1684 5243 6817
f 5243 552 5286
f 4216 5286 7224
f 1742 1741 4229
f 5229 5287 1741
f 1743 5288 1744
f 5288 1743 6799
f 1868 5272 5289
f 5272 1868 1744
f 5290 6894 5291
f 6814 5247 6899
f 4217 5292 7239
f 1773 4218 7225
f 4218 1746 7226
f 5293 5345 7240
f 874 7227 5214
f 5214 5294 1748
f 1747 1184 5295
f 1748 7228 5296
f 5296 6900 478
f 1750 1727 584
f 998 5297 5348
f 5348 5297 1751
f 5298 1692 841
f 1751 1692 187
f 5317 1698 1754
f 1698 5258 4220
f 5258 544 5299
f 4220 5299 372
f 5257 1081 1785
f 1328 1785 1081
f 1672 1700 1328
f 481 491 302
f 1047 153 5319
f 5319 153 1057
f 1758 1792 647
f 1140 1648 1761
f 1648 5222 4221
f 452 273 5279
f 1647 1736 5221
f 1151 1736 1885
f 1736 5279 1885
f 1793 1762 723
f 1323 5223 5395
f 5223 7212 5300
f 5395 5300 1764
f 1705 7229 4223
f 5301 1707 4245
f 1766 4245 1707
f 1766 1765 5302
f 5358 5302 1765
f 543 5303 5322
f 5303 1767 4225
f 5322 4225 1795
f 1767 873 1768
f 4225 1768 5359
f 1795 5359 1234
f 336 5304 1659
f 4227 1659 5304
f 1769 7230 4226
f 7215 1048 5305
f 1659 5306 7231
f 5378 603 7231
f 51 1740 1892
f 1740 1000 1892
f 1892 1000 1682
f 1892 1682 4188
f 603 1770 5229
f 4229 5287 1770
f 4228 1770 943
f 5323 7223 7232
f 1264 5308 5368
f 5308 1716 5309
f 5368 5309 1772
f 1716 5271 5311
f 5271 1192 5310
f 5311 5310 1637
f 1772 4230 396
f 5210 396 4230
f 5312 1773 5313
f 1773 5293 4231
f 5293 1142 6902
f 4231 5314 7068
f 626 1774 1967
f 5315 7067 7233
f 1747 1775 1184
f 55 1776 1750
f 1776 1149 1750
f 584 1923 1750
f 1779 5278 1806
f 4243 340 1778
f 1902 1728 5316
f 5316 1781 1019
f 1778 340 1780
f 164 1781 1728
f 1730 481 1782
f 1784 814 1807
f 896 1729 54
f 637 1729 1786
f 896 1808 1729
f 359 748 1785
f 814 1784 1810
f 637 1786 1788
f 1786 814 1809
f 1788 1809 1789
f 721 1789 1809
f 5317 1754 1787
f 372 1878 4233
f 5318 1878 109
f 2009 1782 1757
f 1674 1789 5329
f 330 1703 1791
f 1703 1029 1791
f 683 972 1792
f 1119 135 1631
f 1631 135 1239
f 295 4221 5222
f 1793 723 4235
f 5320 456 215
f 267 5321 1794
f 1708 117 4031
f 1112 1738 1957
f 1738 5322 1795
f 4236 1795 1234
f 614 343 1796
f 614 1796 282
f 1127 6901 7234
f 5323 7232 4237
f 5325 6903 1798
f 4228 1797 4237
f 1797 4228 943
f 1798 1797 5324
f 5324 5407 1084
f 1799 846 1662
f 1799 221 729
f 5326 1800 7234
f 1798 5324 1893
f 4277 1893 5324
f 1800 5326 625
f 1893 625 5326
f 1224 1689 4239
f 1689 4211 1801
f 4211 848 4307
f 1802 4238 1133
f 4238 1801 5443
f 1337 4240 4266
f 4240 1802 1133
f 989 1584 1749
f 1584 1803 1749
f 765 5327 1924
f 4241 1924 5327
f 1723 198 4241
f 4241 5274 1804
f 5328 1806 5278
f 1806 5328 1805
f 1805 4214 1731
f 4243 1731 5254
f 4243 5254 340
f 1904 251 1807
f 1808 1807 814
f 1019 1782 2009
f 1328 1756 1812
f 1812 1817 721
f 1817 1812 1811
f 4244 109 7235
f 572 1814 1813
f 634 1735 1815
f 1735 4254 1816
f 4254 1735 1734
f 1815 1816 1044
f 721 1818 1789
f 1818 721 1817
f 1817 4255 1818
f 4255 1817 1044
f 1789 1818 1848
f 5329 1848 4234
f 1702 132 797
f 153 1047 5330
f 153 5330 1819
f 1820 647 1931
f 1820 1931 330
f 1852 75 1821
f 88 1821 452
f 718 7236 5354
f 5354 6904 1823
f 1822 1100 4245
f 1823 7237 5333
f 5332 1766 5335
f 5333 7238 345
f 1766 5302 4246
f 5302 5358 5334
f 4246 5334 2038
f 1766 4246 5335
f 5335 2038 7251
f 1794 8 1824
f 4247 1824 5336
f 1024 5336 1824
f 8 1825 1886
f 1886 1826 5337
f 5337 1826 941
f 941 1826 7246
f 5420 1826 1112
f 1826 1825 1827
f 1825 759 1827
f 1102 1679 1828
f 1679 834 280
f 1252 1829 1658
f 1830 5208 1959
f 1831 5339 5268
f 837 4274 1832
f 1832 1300 1740
f 1681 1939 826
f 5341 5343 6906
f 1800 625 4249
f 1871 4249 625
f 1834 5367 5342
f 5367 1834 1871
f 5343 6905 5292
f 1746 7239 1834
f 5342 278 4250
f 1835 5344 278
f 5344 1835 5345
f 1142 7240 1835
f 650 5346 1838
f 4209 998 5347
f 1837 5347 1875
f 5346 1875 5370
f 1838 5370 347
f 5328 1724 1805
f 4214 1839 1200
f 998 5348 1841
f 1751 187 4251
f 1841 4252 5349
f 4252 1840 5349
f 5349 1840 5389
f 1843 5389 1840
f 1840 4251 1842
f 187 1842 4251
f 799 1844 1777
f 54 1844 896
f 544 4253 5299
f 4253 544 1845
f 1845 1951 4253
f 1951 1845 1200
f 572 1881 4254
f 4255 1044 1905
f 5350 1905 417
f 1848 5350 1849
f 5350 417 4281
f 1047 5319 5392
f 1908 722 5351
f 1759 1140 210
f 1140 1761 210
f 492 5352 5375
f 5352 1853 6907
f 5375 5353 7241
f 1853 5283 7070
f 5283 718 6908
f 5355 5354 7242
f 1854 4256 4272
f 4256 1823 6909
f 5356 5333 345
f 267 5336 1999
f 5357 399 5358
f 399 5357 1999
f 1855 129 525
f 1856 1855 1116
f 1655 129 4257
f 1856 4257 129
f 4257 1856 1857
f 873 4258 1768
f 5359 1859 1234
f 2017 1862 1068
f 4259 1068 1862
f 1068 4259 2018
f 1863 1270 5228
f 1863 5228 1829
f 2018 4259 5360
f 1864 374 1865
f 5362 226 5361
f 5362 5361 1866
f 1870 1866 4263
f 685 4263 1866
f 1264 5363 5289
f 5363 1869 4260
f 5289 4260 1868
f 1869 5364 1867
f 4260 1867 581
f 685 4261 1896
f 1866 5361 4261
f 5361 226 5364
f 4261 5364 1869
f 1896 4262 5365
f 4262 1869 5363
f 5365 5363 1264
f 1918 4263 685
f 5366 1918 5367
f 278 5367 1918
f 1264 5368 5383
f 5368 1772 5369
f 5383 5369 1897
f 1897 4264 1327
f 396 593 4265
f 4264 5385 1327
f 1033 534 4267
f 4267 534 1836
f 4267 1836 807
f 347 5370 5434
f 5370 1875 5371
f 5434 5371 1974
f 5347 998 1841
f 1974 4268 5372
f 4268 1841 5349
f 5372 5349 930
f 372 5299 1846
f 4269 14 1876
f 372 4269 1876
f 372 1877 1878
f 1877 5439 4270
f 5439 1325 5373
f 4270 5373 1953
f 572 1813 5374
f 1813 7235 4271
f 1879 4271 109
f 1880 1879 676
f 5374 1881 572
f 1881 5374 1880
f 797 132 1980
f 1980 1882 1013
f 1185 1850 1704
f 5351 722 4295
f 1850 4295 1884
f 1704 1884 1119
f 1239 1851 1852
f 456 1060 215
f 492 5375 1913
f 5375 7241 1913
f 5356 345 5376
f 4272 5376 1199
f 5377 1024 1824
f 4273 8 1886
f 1887 1886 5337
f 280 834 1270
f 5188 1600 4274
f 4274 1300 1832
f 551 4274 837
f 1252 1658 5423
f 1891 4276 1889
f 5305 1890 4275
f 1891 4275 5379
f 4275 1890 5379
f 5379 1993 1891
f 837 1832 2023
f 4188 826 1892
f 1917 4277 1084
f 1894 5382 5362
f 5362 5382 226
f 685 1896 4287
f 1919 4287 1896
f 1896 5365 4278
f 5365 1264 5383
f 4278 5383 1897
f 1919 4278 5384
f 5384 1897 1327
f 5385 1872 4279
f 1327 4279 1899
f 1872 4265 1898
f 4279 1898 5387
f 1899 5387 883
f 593 1900 4265
f 4265 4280 1898
f 1900 1109 5386
f 4280 5386 1898
f 1184 1775 5400
f 1970 1775 626
f 1901 1970 124
f 896 5388 1904
f 1903 5389 1843
f 1044 1816 1905
f 1847 1905 1816
f 1905 5390 417
f 433 1906 5391
f 1906 5392 1849
f 1907 4281 417
f 1882 132 1883
f 1013 1882 1016
f 1882 1883 1016
f 1047 1928 5330
f 1119 1884 135
f 1985 135 1884
f 4283 5393 1985
f 972 1909 528
f 452 1821 1910
f 1910 1821 460
f 273 1911 1060
f 1323 5395 7243
f 5417 1764 1912
f 1912 1764 4296
f 451 4224 325
f 4224 1763 325
f 325 1913 1199
f 1116 1855 5396
f 1116 5396 1914
f 5397 7245 4285
f 5239 6911 1916
f 1916 4284 5240
f 4284 1915 1855
f 5240 1855 525
f 1084 1961 1917
f 1864 1961 374
f 4286 1864 5382
f 226 5382 1864
f 278 5398 5408
f 5398 278 1918
f 4287 1918 685
f 1940 4288 5399
f 4288 1919 5384
f 5399 5384 1327
f 322 1920 4266
f 2003 4266 1133
f 848 1721 5456
f 170 1922 1117
f 55 1923 1972
f 1728 1923 584
f 1923 1902 455
f 1184 5400 4242
f 5400 2007 1924
f 2007 5401 1948
f 5401 2007 2008
f 5402 1948 765
f 2052 1980 104
f 1925 4315 1907
f 4315 433 5391
f 5392 1906 1928
f 1906 433 5403
f 1906 5403 1927
f 5404 1928 1927
f 1045 1928 6913
f 1016 1883 1930
f 1930 1929 728
f 1929 330 1931
f 4339 1932 1792
f 1932 647 1792
f 528 1792 972
f 925 75 1852
f 452 1910 1933
f 1910 460 1933
f 1933 460 220
f 1234 1859 1934
f 1859 1858 1102
f 1934 1102 180
f 1220 343 1935
f 1862 199 4290
f 1010 51 1936
f 1936 5381 506
f 943 1992 1797
f 1992 358 5406
f 5406 5405 1937
f 1797 5406 5407
f 5407 1937 1084
f 846 1938 4248
f 278 5408 7244
f 5408 1940 5409
f 5410 5409 1941
f 1940 5399 1965
f 1941 5409 905
f 5409 1965 5429
f 1142 4291 5430
f 4291 1142 1835
f 1835 5410 4291
f 5410 1835 7244
f 1942 905 4300
f 905 1942 1941
f 807 55 1943
f 1943 1972 248
f 799 1117 1944
f 1944 1922 167
f 5412 1945 1946
f 1903 4303 930
f 1946 1903 5411
f 5388 5411 1903
f 5412 1947 1973
f 1947 5412 1946
f 1946 5411 1844
f 1947 1844 799
f 1948 5401 1949
f 5413 1949 5401
f 1839 1949 1200
f 1951 1949 1950
f 1949 5413 4292
f 5413 770 5414
f 4292 5414 2049
f 174 4292 2049
f 14 5415 1976
f 1976 4292 174
f 14 4293 1876
f 1952 1979 1978
f 1876 1978 372
f 1879 109 1953
f 1953 5373 4294
f 4294 5373 2033
f 722 1954 4295
f 1954 5442 4283
f 647 1932 1272
f 1909 166 711
f 711 166 103
f 1915 1955 5416
f 449 5416 1998
f 1955 7245 5418
f 5397 7207 5417
f 5418 6912 1912
f 872 1956 4033
f 1956 1024 5377
f 4033 1887 5337
f 941 7246 5420
f 2040 1957 5421
f 5421 4236 1234
f 5338 1990 4297
f 1990 1991 1958
f 1991 696 4392
f 1252 5423 5527
f 5423 551 5424
f 5527 5424 1960
f 1960 2022 590
f 506 826 2099
f 374 5425 4078
f 5425 374 1961
f 1961 5426 1962
f 5426 1961 1084
f 4078 4298 5427
f 4298 1962 5454
f 846 729 1938
f 1327 1899 4299
f 5399 4299 1965
f 1899 883 5428
f 4299 5428 1964
f 1965 1964 5429
f 1966 5430 1942
f 2024 4300 905
f 885 1966 2024
f 1967 5314 4301
f 5314 1142 5430
f 4301 5430 1966
f 1971 4301 4324
f 4324 1966 885
f 883 5387 694
f 1898 5386 1968
f 5433 5386 1109
f 1109 650 4302
f 1158 227 1921
f 1971 1970 626
f 2029 1971 4324
f 1943 55 1972
f 2047 1972 455
f 1944 1947 799
f 347 5434 6786
f 5434 1974 5435
f 6786 5435 4037
f 1974 5436 1975
f 5436 1974 5372
f 1307 1975 5437
f 815 5437 1975
f 4293 1976 1952
f 4304 174 1977
f 4304 1977 1041
f 1877 5438 5439
f 5438 1979 5495
f 5439 5495 1325
f 1757 302 1226
f 1226 797 2052
f 4315 1925 2010
f 433 2011 4306
f 1983 4306 2011
f 2011 168 1983
f 5440 1983 168
f 1983 1982 782
f 433 4306 5403
f 5403 4306 1927
f 1984 4305 782
f 5441 1984 6913
f 952 1997 1908
f 722 631 1954
f 135 1985 1851
f 1985 5393 2035
f 1851 2035 925
f 1821 1986 460
f 215 1060 1987
f 1987 2015 21
f 723 5320 215
f 723 379 4235
f 1988 379 5486
f 215 1987 5486
f 1199 5376 636
f 1857 429 4257
f 1990 5338 1935
f 1991 1990 371
f 1990 1935 371
f 358 1992 2045
f 1992 943 1993
f 2045 1993 1071
f 1133 5443 2003
f 5443 1801 6914
f 4307 848 2005
f 1994 2005 587
f 1294 2048 1995
f 1995 1902 5316
f 2055 5485 6915
f 5448 5447 1996
f 952 1996 1997
f 1996 5447 1997
f 1997 822 2079
f 925 2059 398
f 449 1998 2107
f 1998 451 904
f 399 1999 7248
f 5449 5520 1999
f 1999 5336 4309
f 5336 1024 5450
f 4309 5450 4035
f 2108 4035 5451
f 6783 5451 4035
f 63 4310 2110
f 1861 429 2000
f 2110 4310 638
f 4310 2000 638
f 180 1102 5452
f 1084 1937 5426
f 5426 1937 1962
f 1937 5405 4311
f 5405 358 5453
f 4311 5453 2001
f 1962 2001 5454
f 5490 5454 2001
f 1180 5455 2002
f 2002 5043 1180
f 5043 1259 4378
f 538 2068 2003
f 2068 322 2003
f 848 5456 2005
f 5456 2004 4312
f 2004 1033 4312
f 4312 1033 2117
f 2005 2117 587
f 322 1921 170
f 650 1838 4302
f 4313 4302 1838
f 1838 347 4313
f 1968 2006 5432
f 5432 5463 694
f 2007 5400 4314
f 4314 5400 1901
f 4314 1901 124
f 2010 168 2011
f 676 5481 2010
f 1013 1016 4316
f 2013 1011 210
f 1011 2013 311
f 210 719 2013
f 2013 2014 1163
f 1911 5394 2085
f 21 2015 159
f 2039 5471 6916
f 5471 399 7248
f 4317 5458 7262
f 5459 2109 7249
f 2000 408 638
f 371 1989 1141
f 1989 2016 1141
f 2095 199 2017
f 1862 2017 199
f 1068 5460 2017
f 1068 2018 2019
f 2018 5360 2020
f 2019 2020 4319
f 205 4319 2021
f 2020 1252 5461
f 4319 5461 2113
f 2022 837 2023
f 2166 2023 1010
f 885 4320 4321
f 4320 885 2024
f 2024 5462 4320
f 5462 2024 905
f 905 5429 5462
f 5462 5429 2026
f 2026 5429 794
f 167 227 2031
f 2031 227 4333
f 4333 227 463
f 885 4321 2030
f 4321 2027 5494
f 2030 5494 7250
f 694 5463 2100
f 2006 4313 4322
f 4313 347 5464
f 4322 5464 2028
f 2100 4323 5465
f 4323 2028 6785
f 5465 6785 915
f 2029 124 1970
f 4324 885 2030
f 4325 2030 7250
f 815 1973 5549
f 1973 167 2031
f 2147 2031 4333
f 5466 4333 1072
f 770 2008 2123
f 2123 4326 973
f 4325 973 4326
f 1294 1995 4327
f 1294 4327 2032
f 4327 1019 5457
f 4327 5457 218
f 676 5467 2054
f 2033 1325 2053
f 1325 2033 5373
f 4328 2053 5478
f 4328 5478 1097
f 1980 1013 4329
f 4329 1013 2034
f 2125 1930 2151
f 2151 728 1272
f 925 2035 2059
f 2059 2035 2058
f 4330 1329 5468
f 4330 5468 2133
f 1080 2058 2133
f 1171 5469 5505
f 5469 2056 2036
f 2056 528 2036
f 2036 528 1909
f 5470 1909 711
f 460 1986 2135
f 1986 398 2037
f 2135 2037 2282
f 2106 1163 5517
f 2038 5334 4331
f 5334 399 6917
f 4331 2039 4318
f 1857 2063 2000
f 2063 408 2000
f 941 5420 2041
f 5420 2040 2041
f 5421 1234 7252
f 2040 5472 2092
f 2041 2092 7253
f 1074 2112 4355
f 4355 2112 2044
f 1071 2065 2045
f 5489 656 5473
f 2065 5473 2098
f 2045 2098 358
f 883 694 4332
f 5428 4332 1964
f 4332 5474 2046
f 794 5429 2046
f 1072 4333 798
f 798 4333 463
f 2146 2048 1294
f 1210 2101 4335
f 1210 4335 2050
f 4357 174 4334
f 2049 4334 174
f 2050 4334 5476
f 4334 2049 5414
f 5476 5414 770
f 2051 1226 2052
f 2051 2052 5477
f 1097 5478 5479
f 5478 2053 5480
f 5479 5480 383
f 2102 5480 2053
f 168 5481 2103
f 5481 676 2054
f 5482 7258 4338
f 2077 7254 4337
f 4337 5483 2078
f 2055 7255 5485
f 5484 7073 5503
f 5485 7256 822
f 1272 1932 2057
f 4339 528 2056
f 4340 2056 5469
f 4340 5469 678
f 220 460 2060
f 5486 1987 851
f 4341 21 2061
f 345 7251 5376
f 2063 1116 852
f 3 5337 2041
f 5337 941 2041
f 5487 2041 7253
f 2096 2097 2064
f 5460 1068 4342
f 2019 4342 1068
f 4342 2019 205
f 1071 5379 2065
f 1890 1048 4343
f 2214 4343 1048
f 2065 5488 5489
f 5488 2214 5581
f 5489 5581 656
f 1259 5490 5612
f 5490 2001 5491
f 5612 5491 2067
f 2001 5453 4344
f 5453 358 5492
f 4344 5492 2066
f 2067 2066 404
f 322 2068 2118
f 2118 4345 1147
f 2003 1994 538
f 4267 807 2070
f 5548 2070 248
f 2071 2047 5475
f 973 2027 2121
f 2027 973 5494
f 2027 2025 4346
f 4346 794 2072
f 2121 4346 4366
f 4366 2072 1178
f 1325 5495 2073
f 1979 1041 4347
f 5496 2174 5497
f 498 5497 2174
f 1982 5440 2074
f 5498 2105 7257
f 5482 4349 7258
f 2105 4359 5499
f 4359 843 2076
f 2077 4348 7254
f 4348 2076 958
f 5483 160 5500
f 5483 5500 2078
f 160 5551 4350
f 4350 5501 7265
f 2078 5502 7259
f 5502 2126 7260
f 5503 5530 822
f 631 2079 2081
f 2081 2079 2080
f 2079 822 2127
f 2080 2127 5534
f 2080 201 4369
f 2080 4369 5536
f 1171 5505 5540
f 5505 2036 5506
f 5540 5506 2083
f 2036 5470 2082
f 711 1011 4352
f 5470 4352 2082
f 1011 311 5507
f 4352 5507 2084
f 2082 2084 4351
f 4351 5543 1083
f 159 2085 2231
f 2085 220 811
f 1116 1914 2087
f 1915 449 5508
f 1914 5508 7261
f 5518 5509 4353
f 852 1116 2087
f 2284 4353 5510
f 5510 5509 6918
f 553 5511 2089
f 4354 2089 5511
f 2088 872 4033
f 3 2089 4354
f 5472 7252 1934
f 2044 199 2093
f 2095 2093 199
f 4355 2093 270
f 702 2096 1188
f 2096 5460 2097
f 5492 2098 2066
f 2098 5473 2168
f 5473 656 2167
f 2066 2168 404
f 5512 794 2046
f 2046 5474 4356
f 5474 694 2100
f 2119 4356 5513
f 4356 2100 5465
f 5513 5465 915
f 174 4357 1977
f 2173 2101 1210
f 1977 4357 1041
f 383 2073 5497
f 2176 5497 498
f 168 2103 5440
f 4358 5440 2103
f 2103 4336 4358
f 4336 1097 5514
f 4358 5514 2199
f 2074 2199 240
f 4360 1984 782
f 2104 843 4359
f 1984 4360 5516
f 5515 2105 5498
f 4371 2139 2203
f 2139 5507 2106
f 2203 2106 5517
f 2107 5562 5519
f 5562 1070 6918
f 5519 5518 2086
f 2107 4361 449
f 4361 2086 7261
f 5520 2108 6920
f 5458 5521 7262
f 5451 931 4362
f 2142 7263 931
f 2109 5522 7249
f 5522 2142 6921
f 2090 3 2163
f 2042 2110 1274
f 371 1141 4364
f 4364 7264 2288
f 2064 205 2189
f 118 2113 2217
f 2113 5461 4365
f 5461 1252 5525
f 2217 4365 5526
f 1252 5527 5525
f 5527 1960 5525
f 1960 590 2114
f 2115 2114 903
f 2293 2116 5528
f 2117 1033 2219
f 1158 1969 5564
f 1969 322 2118
f 2072 794 2119
f 2119 5513 2120
f 1178 2072 2120
f 973 2121 2122
f 770 2123 5476
f 2050 5476 2123
f 2123 5529 2050
f 5529 2123 973
f 1210 2050 2124
f 1016 1930 2125
f 5530 7260 5531
f 822 5531 2127
f 2126 7265 4367
f 5501 5551 5532
f 4367 7266 2181
f 2127 7267 5534
f 5533 7077 5558
f 5534 7268 201
f 1272 2057 5552
f 5552 2057 2128
f 2057 4340 4368
f 4368 678 2129
f 2128 2129 592
f 5504 2081 5536
f 5468 2131 2133
f 2131 5537 2132
f 1080 2133 2132
f 398 407 2037
f 2134 2037 407
f 678 1171 5538
f 678 5538 269
f 460 2135 2060
f 2135 2282 2136
f 2282 535 2136
f 2060 2262 811
f 269 5538 2154
f 5538 1171 5539
f 1171 5540 5539
f 4351 1083 2137
f 2083 2137 4370
f 2137 1083 2182
f 2138 4370 5541
f 5541 2182 430
f 5507 2139 2084
f 4371 5567 5542
f 4371 5542 2140
f 5543 2140 1083
f 851 2061 2263
f 2061 159 2141
f 1163 379 5517
f 67 5544 5545
f 5544 2142 5545
f 5571 5545 2206
f 4372 2142 931
f 2206 2143 790
f 2143 2206 4372
f 2210 779 2092
f 2210 180 4363
f 1010 1936 2244
f 2244 1936 2145
f 2145 5546 5547
f 248 53 5548
f 53 5475 4429
f 815 5549 5437
f 5437 5549 1307
f 2148 5549 2147
f 2124 5529 2122
f 2124 2149 1210
f 2176 498 869
f 2104 782 2075
f 2075 240 2104
f 2152 821 326
f 1095 5551 160
f 2151 1272 5552
f 2152 5552 2128
f 2153 2128 4403
f 4403 2128 592
f 269 2154 4375
f 269 4375 2202
f 2154 569 4374
f 2202 4375 5553
f 4375 2155 5553
f 2233 5486 851
f 454 2156 5554
f 2157 5554 2156
f 2156 790 4376
f 454 5554 4043
f 2157 5555 2158
f 5555 2157 2159
f 4043 2158 1124
f 4376 4029 2159
f 86 2159 2161
f 2162 553 2091
f 2185 86 2162
f 2161 553 2162
f 2064 2189 131
f 131 1188 2064
f 163 4377 2244
f 2114 590 2166
f 4377 2166 1010
f 404 2167 2386
f 923 2169 2292
f 2069 740 785
f 2120 5557 2170
f 5557 2120 5513
f 409 5557 6788
f 5557 409 2170
f 73 2196 2171
f 121 218 4379
f 2172 4379 2227
f 4379 2051 5477
f 2227 5477 104
f 1041 4357 4347
f 4357 2173 2174
f 2174 2175 498
f 869 498 2175
f 104 1291 2298
f 2227 2298 320
f 383 2177 5479
f 5479 2178 1097
f 4316 2125 2012
f 2125 326 2257
f 2012 2257 2179
f 2076 122 2180
f 2076 2180 958
f 326 821 2257
f 2257 821 1051
f 201 5558 5535
f 5558 2181 6922
f 5535 5559 7269
f 2181 5532 7078
f 5532 1095 6923
f 4380 5560 7270
f 2200 5561 4383
f 5561 2325 5627
f 4383 5627 5566
f 2182 1083 2140
f 2205 2140 5542
f 4386 5542 940
f 1070 5562 5679
f 5562 2107 2183
f 1199 636 2307
f 1124 2158 2185
f 2158 5555 2185
f 5555 86 2185
f 2185 2184 2242
f 2211 2187 5563
f 2187 596 5576
f 5563 5576 779
f 1074 2094 2188
f 2094 1074 4355
f 2188 4381 466
f 113 2043 2016
f 2016 2042 2384
f 2042 1274 2384
f 666 118 2191
f 1228 2192 5600
f 1331 463 2193
f 227 1158 2193
f 1294 2032 2197
f 2032 218 2196
f 4366 2195 2198
f 692 4382 5565
f 4382 2199 5514
f 5565 5514 1097
f 5535 7269 4384
f 5535 4384 2130
f 4383 5566 2300
f 678 269 2201
f 2201 269 2202
f 2302 2202 2342
f 2342 5553 1031
f 940 5567 5618
f 5567 2203 5568
f 5618 5568 2204
f 2203 5517 4385
f 4385 5517 1988
f 2204 4385 539
f 4386 5569 2236
f 5570 4387 7273
f 1164 1199 112
f 67 5571 5599
f 5571 2206 6924
f 5599 5572 7271
f 2206 790 4388
f 2306 4389 7276
f 4389 2207 5575
f 5573 5575 7272
f 2207 790 2156
f 2208 4390 454
f 2207 5574 5575
f 5574 2208 5586
f 5575 5586 1086
f 2185 2162 2184
f 2242 2308 599
f 527 5487 5576
f 5487 779 5576
f 466 5577 2188
f 4391 2188 5577
f 2209 5578 2210
f 2188 4363 1074
f 4363 2188 4391
f 5578 2211 5563
f 2211 5578 2209
f 2209 5577 2211
f 4381 131 466
f 131 4381 1188
f 1113 2189 2212
f 2189 666 422
f 422 666 2191
f 422 2191 2289
f 2289 2190 352
f 656 2216 919
f 352 2190 2272
f 2272 2217 5526
f 247 2218 2295
f 2295 2219 2069
f 1331 2193 2194
f 2194 5564 2118
f 5583 2221 2224
f 2221 5583 500
f 108 2222 2248
f 2248 2223 4394
f 4400 4394 1110
f 4394 2223 2224
f 1210 2149 2251
f 2251 2149 2226
f 240 4382 4395
f 4382 692 2229
f 2104 4395 843
f 2229 692 2230
f 2229 2230 5584
f 592 2129 2279
f 2201 2129 678
f 2231 811 2261
f 5553 2155 4396
f 1031 4396 2343
f 4396 2232 5595
f 2343 5595 1076
f 2305 137 2236
f 4387 2235 7273
f 2404 4397 1255
f 2208 5585 5586
f 5585 2404 5681
f 5586 5681 7284
f 5587 1124 2185
f 2185 599 4398
f 4398 5588 2240
f 2241 5606 671
f 2242 610 2243
f 2308 4399 5589
f 5589 4399 1144
f 2160 2186 4413
f 2286 4413 2186
f 2187 2186 596
f 2286 2187 854
f 2187 453 854
f 2145 5547 2317
f 538 1994 2192
f 1994 587 2245
f 2245 2218 247
f 2246 740 2247
f 2247 5548 53
f 897 2146 2197
f 2146 1294 2197
f 2196 73 2197
f 2197 73 4464
f 2275 2249 1279
f 2249 2275 2250
f 2249 4400 4467
f 4467 4400 1110
f 2252 869 2175
f 2175 2173 2251
f 2173 1210 2251
f 611 2252 2251
f 265 2253 2334
f 2253 869 2252
f 2334 2252 611
f 1097 2178 4401
f 2178 588 4401
f 2297 4401 588
f 763 2179 2336
f 958 503 160
f 821 2153 2258
f 2153 821 2152
f 2258 2278 473
f 1080 2132 2260
f 4404 2260 2132
f 2132 5537 4404
f 5537 419 2259
f 2260 4404 5591
f 4404 2259 5603
f 5591 5603 1258
f 2260 407 1080
f 2134 2260 5591
f 2134 5591 1258
f 419 934 5592
f 5593 2300 5616
f 2299 5616 878
f 2261 811 2362
f 159 2231 2141
f 2141 2261 435
f 4406 2138 6825
f 4406 430 7274
f 1076 5595 2265
f 5595 2232 2265
f 2155 569 2138
f 6926 2138 4406
f 430 5596 7274
f 2266 5570 7080
f 5570 911 2329
f 2267 5597 5598
f 5597 2329 5598
f 451 325 264
f 2307 636 2238
f 2307 2238 510
f 4422 510 1332
f 5577 2271 2211
f 466 131 230
f 4440 2314 4409
f 1212 4409 2273
f 2314 352 2272
f 4409 2272 5526
f 2273 5526 903
f 785 740 2246
f 2322 2247 319
f 500 2274 2373
f 2373 2274 583
f 2275 1279 611
f 4395 2229 2356
f 2229 5584 2356
f 5584 766 2355
f 843 4438 122
f 958 2180 503
f 2180 122 2276
f 1051 821 2277
f 821 2258 2277
f 4403 592 2279
f 473 2278 92
f 2279 876 2323
f 419 4419 2259
f 4419 2280 2259
f 2280 1062 4410
f 2259 5602 5603
f 5602 2281 5699
f 5603 5699 1258
f 535 5604 2475
f 2301 2475 999
f 2061 435 2283
f 2263 2283 5715
f 2284 5510 4411
f 5510 1070 4411
f 4411 5605 2408
f 2284 2408 2409
f 671 5606 5646
f 5606 2240 5607
f 5646 5607 2366
f 2240 5588 2285
f 2366 4412 936
f 4412 2285 2411
f 1144 4399 5608
f 4399 2243 5608
f 2243 610 4413
f 2287 2286 854
f 131 2189 1113
f 1141 5609 5524
f 5609 2458 7275
f 5524 4415 7083
f 2458 5723 6927
f 5723 558 5610
f 5611 5610 7277
f 2288 4414 696
f 422 2289 987
f 5556 2290 2333
f 2333 1027 6798
f 2333 6798 1265
f 1259 5612 2291
f 2292 4378 2291
f 4378 1259 2291
f 2292 2291 1004
f 1088 4057 5528
f 5528 4068 2293
f 2116 5613 5528
f 5613 2294 1088
f 247 2295 2391
f 2247 53 241
f 2296 320 2354
f 2296 2354 309
f 4418 588 265
f 4418 265 291
f 2297 291 2254
f 2298 1291 2256
f 2353 2471 1054
f 160 5632 1095
f 419 5592 4419
f 5592 2299 4419
f 5566 981 4439
f 2301 999 2360
f 2262 2301 935
f 876 5617 2303
f 5617 2342 310
f 940 5618 2305
f 5618 2204 4420
f 2204 4441 2304
f 2305 4420 591
f 4420 2304 5651
f 2305 591 137
f 2269 5599 7271
f 4421 2306 7276
f 5619 5573 7272
f 4422 1332 4051
f 4422 4051 2365
f 2380 2365 324
f 408 852 2284
f 2284 875 408
f 599 2308 5588
f 5588 4423 2285
f 2308 5589 4423
f 5589 1144 5620
f 4423 5620 2411
f 5608 2309 5628
f 2309 5608 2287
f 2309 2287 854
f 2311 2312 2351
f 854 2271 2312
f 2271 5577 2312
f 2312 466 230
f 4424 7278 2313
f 5622 7084 5828
f 987 2289 2352
f 2352 2314 4440
f 2165 163 2315
f 2164 546 4426
f 546 2164 2315
f 1212 2273 4425
f 5663 4425 2316
f 2273 903 5623
f 4425 5623 2164
f 163 2317 2315
f 2317 5624 2318
f 5624 2317 5547
f 546 2315 5667
f 2315 2318 2320
f 2318 5624 4427
f 4427 5624 2319
f 4428 2319 294
f 2067 2321 1004
f 5565 1097 4401
f 692 4401 2255
f 92 2323 862
f 1095 5632 5560
f 5560 6928 2325
f 2341 2324 5626
f 2324 2341 391
f 2325 7279 5627
f 4430 5626 5649
f 5627 5649 981
f 2323 876 2303
f 2326 2303 310
f 327 2329 2330
f 2329 911 105
f 613 2270 4432
f 2270 408 4432
f 5628 2309 4433
f 5628 4433 2332
f 2309 2331 4433
f 2331 2309 276
f 576 2332 2331
f 422 987 2212
f 254 2333 4434
f 5624 4434 2319
f 2333 1265 5629
f 4434 5629 2433
f 2319 2433 294
f 1072 798 5035
f 5035 2220 583
f 265 2334 4435
f 2334 611 2335
f 291 4435 819
f 763 2336 2337
f 4402 1051 2336
f 2337 2336 717
f 1051 4436 2338
f 2277 473 4436
f 2338 2375 338
f 5632 160 2340
f 160 503 2339
f 2340 2339 5633
f 5632 2340 5625
f 2340 5633 2442
f 5633 951 5634
f 391 2341 2442
f 13 2342 5635
f 687 2344 2345
f 507 1076 5637
f 5653 5637 2346
f 2347 636 2268
f 2348 5639 2406
f 5640 2348 6793
f 5640 6793 671
f 2510 577 2310
f 2413 576 2331
f 2413 2350 4460
f 742 4460 2350
f 2350 276 2311
f 2350 2351 742
f 230 1113 5642
f 230 5642 2368
f 987 2352 425
f 2497 5672 182
f 4435 291 265
f 5615 2353 2354
f 2354 2353 309
f 2355 5706 4438
f 4438 808 122
f 503 2276 2339
f 2276 2357 2358
f 2339 2358 5633
f 1062 2280 5643
f 2280 2299 2397
f 2299 878 2397
f 1062 5643 536
f 5643 2397 6929
f 5616 2300 2359
f 26 2359 2427
f 935 2360 290
f 2362 2361 2261
f 5635 2399 13
f 137 591 2327
f 2364 2237 5644
f 2237 2363 840
f 5644 840 6931
f 2482 5645 990
f 324 2365 2482
f 671 5646 5659
f 5659 2366 2367
f 742 2368 2457
f 2457 2368 1059
f 1059 5642 2369
f 4440 1212 2416
f 2486 4440 134
f 4440 2416 1134
f 923 2292 2370
f 2370 2488 5736
f 5648 5736 567
f 774 2371 2372
f 2371 923 2434
f 2373 583 2393
f 241 897 98
f 2338 338 2374
f 2336 2338 717
f 338 2375 5631
f 2524 5631 880
f 473 92 2375
f 2375 92 5631
f 981 5649 7285
f 5649 2324 2376
f 2376 391 649
f 2377 5650 2480
f 2304 2480 5651
f 1096 4442 4405
f 621 2508 203
f 105 2328 2429
f 105 911 2235
f 2429 2328 203
f 5655 2330 7280
f 2330 105 4443
f 4443 4465 2378
f 2379 2378 7085
f 5703 5652 2378
f 507 5653 2534
f 5653 2346 7281
f 2346 4437 6930
f 4444 5655 7280
f 2534 4445 7282
f 5656 5652 5703
f 324 5657 112
f 1286 5639 2381
f 5658 2381 5639
f 2348 5640 2410
f 5659 2410 5640
f 5658 2410 223
f 5660 2383 5689
f 2383 5660 2382
f 2382 5688 5661
f 5688 1144 5628
f 5661 5628 2332
f 2383 2332 576
f 1141 2384 5662
f 2384 1274 2349
f 459 2386 90
f 5663 2316 2415
f 2316 4426 4446
f 4426 546 2387
f 2415 4446 5664
f 4446 2387 5665
f 5664 5665 1319
f 1319 5665 5690
f 5665 2387 5666
f 5690 5666 2388
f 2387 546 5667
f 4447 2320 4428
f 4447 4428 294
f 1228 5600 5668
f 5600 2245 5668
f 4448 247 2389
f 2390 4449 5669
f 4449 2389 5670
f 5669 5670 750
f 750 5670 6933
f 5670 2389 5671
f 5696 5671 2392
f 2389 247 2391
f 4450 2391 4417
f 4450 4417 556
f 5672 2194 1147
f 556 4417 2466
f 4417 785 2466
f 2466 2246 1049
f 388 753 2467
f 1110 2221 2394
f 2221 500 4451
f 4451 2373 2393
f 2171 121 2425
f 4477 2425 41
f 2335 2438 4435
f 48 692 2255
f 2337 717 2550
f 2337 2550 629
f 880 92 2395
f 92 5630 2395
f 5630 862 5673
f 2359 26 4452
f 2397 4453 5674
f 5674 4453 536
f 310 13 2398
f 2399 687 2400
f 1164 112 2537
f 5657 465 2401
f 5784 4455 7283
f 2431 5704 5677
f 5704 1086 7284
f 5677 5676 2405
f 2402 5678 50
f 5684 50 5678
f 5716 2183 2403
f 2237 2183 904
f 5681 2404 5682
f 5676 5682 2405
f 2404 1255 4456
f 2405 5683 5684
f 5683 2407 5685
f 5684 5685 50
f 2407 1255 2406
f 5639 2538 4457
f 2538 5639 1286
f 50 5685 2538
f 2408 5605 6932
f 5605 1070 5679
f 4458 5686 2450
f 2559 2367 5687
f 5687 5647 612
f 936 4459 2412
f 2411 5620 4459
f 5620 1144 5688
f 4459 5688 2382
f 4459 2382 5660
f 2412 5660 623
f 2383 576 2484
f 2414 576 2413
f 1212 5663 2416
f 5663 2415 2416
f 2415 5664 2490
f 2416 2490 1134
f 1319 5690 5739
f 5690 2388 5691
f 5739 5691 2418
f 2388 4447 4461
f 4447 294 5692
f 4461 5692 2417
f 4462 2417 1216
f 1155 5693 5694
f 5693 2419 5694
f 5745 1228 5668
f 2419 5668 2390
f 2420 4463 5695
f 4463 2390 5669
f 5696 2421 5725
f 2421 5696 2392
f 4450 2464 2392
f 2464 4450 556
f 1331 2422 798
f 319 241 2423
f 2425 121 2296
f 2425 2296 5614
f 309 2353 2500
f 1062 2506 4410
f 4410 2506 2281
f 5697 787 2426
f 981 7285 4439
f 5700 2376 2427
f 2326 310 2398
f 2326 2398 5675
f 435 2261 5701
f 2529 5702 769
f 2730 5702 2529
f 639 2445 2730
f 621 2327 2508
f 2327 591 2428
f 2509 5733 1241
f 2429 203 2596
f 105 2429 4465
f 5619 1086 6934
f 2430 6934 2431
f 459 90 2321
f 2321 90 5705
f 5705 5735 266
f 2433 5629 4060
f 4466 23 2432
f 2433 4466 294
f 4466 2432 294
f 923 2370 2609
f 923 2609 2434
f 2370 5648 2609
f 2434 2609 49
f 583 739 2393
f 2393 739 547
f 1110 2394 7286
f 1279 2249 4467
f 2437 2438 2436
f 2435 4467 7286
f 2438 2437 819
f 5747 5706 2439
f 4468 766 2549
f 2374 338 4469
f 4469 338 2440
f 2551 4469 5707
f 5707 2440 1018
f 5708 2502 7287
f 2502 665 7086
f 5710 5709 7288
f 5711 2441 6935
f 5712 5765 5633
f 5713 391 2442
f 2442 5634 4471
f 5634 951 7289
f 4471 5714 2504
f 4453 2396 2476
f 2396 26 2443
f 5715 6936 1096
f 2445 2530 2444
f 2283 435 5701
f 346 2398 2574
f 2398 13 2399
f 2574 2446 4454
f 879 4454 2448
f 2400 687 2447
f 2448 2400 4514
f 4514 2447 778
f 2447 687 2345
f 1310 2347 2449
f 2268 644 2626
f 5716 2403 7290
f 2450 5686 7290
f 2403 5680 4472
f 5680 6931 5717
f 4472 5717 2631
f 513 5718 2631
f 875 2409 2452
f 2451 4473 513
f 1330 7089 5873
f 875 2452 613
f 613 2452 2510
f 2349 5641 7090
f 5641 577 2453
f 2454 2453 5854
f 369 2455 2638
f 2455 4460 2456
f 2638 2456 5719
f 5719 2456 1039
f 2456 2511 1039
f 1141 5662 5609
f 5609 5720 2458
f 2458 5722 5723
f 5722 7091 5801
f 5723 7291 558
f 1059 2369 2563
f 2563 2369 1240
f 987 425 4474
f 4474 425 2459
f 2369 4474 1240
f 4474 2459 1240
f 774 2372 2461
f 2372 49 4520
f 2372 4520 2460
f 2461 2372 5724
f 5725 2463 5743
f 2463 5725 2421
f 262 5726 2462
f 56 5727 4501
f 5727 56 2464
f 2464 556 2465
f 886 2546 2465
f 4475 2670 886
f 2465 556 2466
f 2670 4475 5728
f 4475 2466 1049
f 388 2422 2570
f 2422 1331 4476
f 1215 2570 4476
f 798 2422 2220
f 2467 753 739
f 98 2424 2671
f 2424 4464 2468
f 4464 73 2469
f 2671 2468 2690
f 555 2470 2746
f 2470 1054 2471
f 629 2470 2337
f 2473 2472 521
f 1258 5698 5604
f 5604 4478 2475
f 2426 787 4478
f 4478 5729 2474
f 2475 2474 999
f 2476 2443 194
f 5730 194 2443
f 2326 5675 4479
f 2395 5770 693
f 5770 2395 2477
f 2361 2478 769
f 2530 639 2479
f 1096 2530 5731
f 2530 2479 5731
f 591 5651 2428
f 5651 2480 4480
f 5650 1179 5773
f 2480 4498 2481
f 2428 5732 5733
f 5733 5732 1241
f 5647 2483 2579
f 2483 936 2412
f 5734 2412 623
f 2484 576 2414
f 2484 2600 165
f 1240 2459 2485
f 2485 425 839
f 425 2486 839
f 2486 134 839
f 2487 1082 4481
f 4481 1082 2608
f 134 1134 4482
f 567 5736 2660
f 2660 5736 266
f 2488 1004 2321
f 2489 1216 2417
f 2417 5692 2432
f 5664 1319 5738
f 2490 5738 2514
f 1134 2514 5754
f 1216 2489 2492
f 2432 23 2491
f 559 2492 2491
f 1319 5739 2493
f 5739 2418 5740
f 2418 1216 4483
f 2493 5741 5742
f 5741 2515 5755
f 5742 5755 373
f 373 2516 4485
f 2494 2516 62
f 2496 4484 5743
f 4484 2494 5761
f 5743 5761 750
f 262 2495 5726
f 4486 5726 2495
f 2495 5758 4486
f 5758 373 4485
f 4486 4485 2496
f 2463 2496 5743
f 182 5672 5744
f 5672 1147 5744
f 1147 1228 5745
f 2520 2419 5693
f 1215 4476 5792
f 5792 2497 2498
f 2497 1331 2194
f 2498 2497 182
f 1289 2423 98
f 1289 98 2499
f 2436 586 1242
f 808 5747 6938
f 5747 2439 7292
f 5708 5748 7092
f 2439 233 2501
f 2502 4487 5805
f 4487 2501 5805
f 951 5749 7289
f 5749 2525 4488
f 5714 4488 2504
f 2525 32 5751
f 5750 5751 32
f 2504 2503 2472
f 521 2472 2503
f 1062 2526 2506
f 2526 5768 4489
f 4489 138 2505
f 2506 4489 5697
f 5697 2505 787
f 290 2592 2507
f 2555 203 2508
f 2510 2560 5786
f 2510 5786 76
f 2510 76 577
f 1039 2511 2512
f 2511 2457 99
f 99 2457 2562
f 2640 99 5752
f 99 2562 5752
f 1319 2493 5738
f 2493 5742 4490
f 5742 373 5753
f 4490 5753 2513
f 2514 2513 5756
f 5754 5756 1229
f 373 5755 2516
f 4483 1216 2542
f 1229 5756 5790
f 5756 2513 5757
f 5790 5757 2517
f 2513 5753 5758
f 5753 373 5758
f 4491 262 2567
f 262 4491 2495
f 2494 62 2518
f 2518 5777 4492
f 5777 1204 5759
f 4492 5759 2519
f 2494 5760 5761
f 5760 2519 5763
f 1155 5762 2614
f 5762 1155 5694
f 5763 2420 5695
f 2614 2519 5764
f 5744 2520 4493
f 182 4493 2568
f 2520 5693 4493
f 4493 1155 2613
f 2568 4493 378
f 2469 4477 2521
f 2425 5614 2522
f 5614 309 5746
f 338 2524 2440
f 2524 880 2440
f 951 5765 5749
f 5765 2441 7293
f 5749 5766 2525
f 2441 5709 4494
f 5709 665 2588
f 2525 5809 32
f 5809 2525 5767
f 880 2395 2553
f 880 2553 2440
f 2395 693 2553
f 2440 2553 4504
f 1062 536 2526
f 2624 2476 194
f 2526 2624 5768
f 2427 649 4495
f 5769 4495 649
f 836 2443 2527
f 693 5770 2554
f 5770 2477 5771
f 2477 4479 4496
f 4479 5675 5772
f 4496 7294 2528
f 4497 7094 5816
f 290 2507 2478
f 2478 888 980
f 769 2478 2529
f 2529 980 2730
f 5773 175 2532
f 175 2531 5838
f 5732 2481 2533
f 4498 5773 2532
f 507 2534 2556
f 2534 5656 2535
f 2556 2535 810
f 2536 2401 465
f 4499 2536 5870
f 50 2538 5774
f 2538 1286 4500
f 5775 4500 1286
f 2557 2539 5776
f 1287 5776 2539
f 90 2540 2487
f 2542 1216 2492
f 2542 2518 62
f 559 2543 2544
f 2543 5876 5778
f 5876 1204 5777
f 5778 5777 2518
f 1248 2567 5779
f 2545 5779 2567
f 56 4501 2462
f 2545 4501 2546
f 2545 2547 5779
f 2322 2423 801
f 2521 1002 4502
f 5584 2230 2548
f 2230 48 2548
f 766 2548 2549
f 2548 5780 4503
f 4503 5781 5782
f 2549 5782 233
f 5782 2652 5864
f 2550 2374 2551
f 2616 2551 5707
f 1018 2440 2552
f 296 2553 2554
f 2553 693 2554
f 5783 2554 1026
f 2576 724 2577
f 2555 2577 2578
f 1050 2449 5841
f 5784 7283 5785
f 5842 6940 2628
f 2402 50 4505
f 5774 4505 50
f 2628 4506 4538
f 4506 2557 5776
f 4538 5776 1287
f 2684 465 5657
f 2558 1286 2381
f 4507 223 1067
f 2559 5687 1067
f 5687 612 2580
f 76 5786 2738
f 623 5689 4541
f 4541 165 2636
f 2636 2561 5787
f 4528 5787 2561
f 5752 2562 4508
f 5752 4508 2641
f 2562 1059 4508
f 4508 1059 2563
f 2641 4508 1240
f 4508 2563 1240
f 919 2216 2540
f 2216 2564 2541
f 2564 5788 7296
f 2541 5789 2487
f 368 2565 2566
f 130 2566 2584
f 1229 5790 4534
f 5790 2517 2611
f 2611 2567 1248
f 1215 5792 5921
f 5921 2498 2569
f 2569 2568 378
f 828 4509 2571
f 2254 291 4509
f 4509 291 2571
f 5769 2473 2573
f 2473 5793 4510
f 5793 2473 521
f 5794 2573 2572
f 5769 2573 4512
f 5769 4512 2527
f 5794 1101 4511
f 2678 4511 1101
f 2527 5795 836
f 5796 2574 5797
f 5813 6941 2593
f 2574 879 4513
f 4513 2575 2655
f 2593 7297 5799
f 5798 2655 5868
f 5799 7298 361
f 879 2448 2575
f 4514 778 4549
f 4514 4549 2656
f 568 5800 2656
f 2595 5818 2703
f 1078 203 2578
f 2363 264 1164
f 2363 1164 87
f 2579 5734 4515
f 5734 623 4515
f 5801 2581 6942
f 5822 5802 7299
f 2581 5721 7095
f 5721 847 6943
f 4516 5803 7300
f 2603 4517 7304
f 4517 2582 6944
f 1229 4534 4482
f 4482 2583 134
f 2583 1280 2647
f 134 2647 839
f 130 2584 4518
f 49 2585 4520
f 5804 2548 2586
f 2586 4521 4583
f 4521 48 299
f 665 5805 2618
f 5805 2501 5806
f 2501 233 5807
f 4522 5807 2587
f 2618 4523 5808
f 4523 4522 5867
f 5808 7301 1175
f 32 5809 2619
f 4524 2619 5809
f 2588 665 2618
f 2588 2618 2589
f 2619 4524 756
f 5834 756 4524
f 787 2505 5969
f 5969 2590 2591
f 2505 138 2590
f 2591 2590 300
f 999 2474 2592
f 2474 5729 2767
f 2592 5811 5812
f 5812 5811 468
f 346 5813 6945
f 5813 2593 7302
f 5772 4526 7096
f 2593 5799 6946
f 5799 361 7303
f 2533 2532 4527
f 2532 1236 5817
f 4527 5817 2798
f 5703 2596 2597
f 2596 1078 4537
f 2597 2625 5819
f 2598 660 2597
f 2597 5819 2598
f 5819 733 5820
f 2598 5820 2799
f 2598 395 2599
f 395 2598 2799
f 810 2599 5894
f 2535 660 2599
f 2599 660 2598
f 219 2449 93
f 2449 1050 2772
f 4528 369 2601
f 5899 1039 2512
f 2602 2512 99
f 5822 7299 5823
f 558 6947 2605
f 2603 7304 4529
f 4529 7305 2604
f 2605 7306 5825
f 4530 7098 6049
f 5825 7307 1311
f 558 2605 7308
f 5621 4532 7099
f 2605 5825 6948
f 5825 1311 5826
f 4531 5826 2642
f 5827 2642 5857
f 2641 1240 5829
f 5829 1240 2607
f 2606 2607 2743
f 2743 2607 673
f 1240 2485 5830
f 1240 5830 2607
f 5830 2485 5861
f 2607 5861 673
f 2660 4533 5831
f 5831 4533 669
f 49 2609 2585
f 2609 5648 567
f 2585 567 516
f 368 2610 2565
f 2610 1165 2856
f 1280 2583 5832
f 2612 2611 5791
f 5764 2666 2614
f 2666 5880 2613
f 378 2613 5880
f 2616 5707 4535
f 2617 2814 5833
f 2618 5808 4536
f 5808 1175 2693
f 5834 2693 5906
f 5834 5906 756
f 32 5835 2620
f 2619 756 2696
f 521 5836 2621
f 5750 32 2620
f 5793 2621 2572
f 2572 5910 5794
f 5910 2572 2622
f 194 5837 2624
f 5837 194 2623
f 2623 271 2676
f 2624 5837 138
f 5837 2676 4563
f 2592 5812 2507
f 2507 468 888
f 2531 175 1096
f 2531 1225 5838
f 1078 5839 4537
f 5839 2680 4537
f 5840 2680 789
f 2625 2680 5819
f 2430 1233 2629
f 5842 2628 5843
f 4538 1287 5844
f 4538 5844 2732
f 2629 5845 2657
f 5845 2732 5939
f 2657 5939 618
f 840 2630 5846
f 2630 5917 6949
f 5917 1196 6952
f 4539 5847 7313
f 2631 4551 513
f 4551 2631 5846
f 1287 5848 2632
f 2539 5775 4540
f 5775 1286 5849
f 4540 5849 2633
f 2632 5850 5851
f 5850 2633 5852
f 5851 5852 7310
f 2633 5849 2558
f 5852 5944 7310
f 77 2634 2580
f 4542 77 2635
f 2635 4515 4541
f 4515 623 4541
f 2708 4542 5787
f 4542 2636 5787
f 577 76 4543
f 76 2738 2637
f 2639 4543 5853
f 4543 2637 1125
f 369 2638 2601
f 2638 5719 2740
f 2601 5948 4528
f 5948 2601 2740
f 2453 577 4543
f 2453 4543 2639
f 2685 4544 6955
f 4544 2639 6950
f 5855 5853 1125
f 5821 2602 2640
f 2640 5752 605
f 605 2641 5856
f 1268 7309 2564
f 2642 5826 441
f 2642 441 2643
f 1082 2644 5858
f 2644 5788 7311
f 5860 5859 5857
f 2645 2643 441
f 2608 5862 2831
f 2608 2831 2832
f 4533 2832 669
f 673 2646 5904
f 5904 2646 2667
f 2667 2647 1280
f 4519 516 2649
f 2610 2648 1165
f 2499 560 830
f 819 2437 2523
f 2651 2810 119
f 2523 2437 2651
f 2523 2651 119
f 233 5864 5807
f 2652 5781 6951
f 6939 791 5888
f 4545 5865 7315
f 2587 5866 7312
f 5866 2653 5887
f 5867 5886 5926
f 296 2554 2654
f 5783 1026 4591
f 194 4548 2623
f 194 5730 2679
f 2623 5893 6953
f 5893 2623 4548
f 2575 5800 2655
f 5868 5970 7336
f 5869 568 2656
f 4550 778 810
f 840 2363 217
f 87 4499 5870
f 513 4551 2451
f 5871 2659 7313
f 2451 5872 7314
f 5873 6007 102
f 516 567 2777
f 2777 2660 5831
f 559 5874 2662
f 2662 5874 5875
f 5874 2689 5903
f 5875 5903 183
f 1204 5876 5879
f 5876 2543 5877
f 5879 5877 2663
f 2543 559 4552
f 2662 4552 559
f 2663 4552 5878
f 4552 2662 5875
f 5878 5875 183
f 1204 5879 5881
f 5879 2663 4553
f 5881 4553 2665
f 5878 2664 2663
f 2664 5878 183
f 4553 2664 5982
f 2665 5982 652
f 378 5880 2710
f 2666 5881 2665
f 5881 2666 5764
f 2710 4554 652
f 2665 652 4554
f 5832 2612 5882
f 1280 5882 2667
f 2612 5791 4555
f 5791 1248 2668
f 2667 4555 4613
f 4555 2668 5885
f 4613 5885 428
f 1248 5779 2668
f 5779 2547 4556
f 2547 5883 4556
f 5883 2547 886
f 2668 5884 5885
f 5884 2781 5983
f 5885 5983 428
f 1049 2322 5728
f 5863 2650 2670
f 2650 2783 2669
f 303 2669 2783
f 5883 886 2670
f 560 2671 2690
f 828 2571 299
f 5926 5887 2673
f 2653 7315 2672
f 5888 2672 5865
f 4559 929 2673
f 929 4559 7101
f 1018 2552 2813
f 2552 4504 2674
f 4504 296 2674
f 2926 4560 1093
f 2590 5810 2675
f 2873 5891 858
f 4561 300 2590
f 300 4561 2873
f 138 4563 5810
f 5810 4563 2675
f 2676 271 7316
f 4562 5890 7334
f 2675 4562 5891
f 4562 2677 7317
f 5891 5966 858
f 836 5795 5730
f 5795 2678 4564
f 5730 4564 2679
f 2678 5892 4564
f 5892 2678 1101
f 2679 5914 5893
f 5914 2679 2700
f 2770 568 2681
f 2681 4550 4565
f 4550 810 5894
f 4565 5894 2682
f 4566 2682 5895
f 1276 5895 2682
f 6026 1050 5896
f 5870 2536 2733
f 2684 2536 465
f 2536 2684 4048
f 788 4048 2684
f 847 5854 5803
f 5803 6954 2582
f 2582 7318 5898
f 5897 2742 5951
f 5898 5951 924
f 2602 5821 2686
f 2687 2686 364
f 526 4569 2584
f 2584 5900 4518
f 5900 4067 6806
f 4518 6806 964
f 1008 5901 2689
f 4570 2689 5901
f 4065 461 5902
f 4570 5902 2835
f 2689 2835 5903
f 673 5904 275
f 2617 5833 2692
f 4571 2692 689
f 5906 2694 5908
f 2694 5906 2693
f 2714 2693 1175
f 2694 746 5907
f 746 2694 2714
f 5908 2695 756
f 2696 756 2695
f 2695 5930 4572
f 5930 1213 5909
f 4572 5909 2697
f 1101 5910 2699
f 2699 4573 5911
f 4573 2697 5909
f 5911 5909 1213
f 1213 7319 5911
f 5911 2726 2699
f 2726 5936 2698
f 4575 2698 5936
f 2699 4574 1101
f 5892 1101 4574
f 2700 5892 2698
f 2727 4575 471
f 5913 2727 5914
f 271 7320 2727
f 523 2701 5995
f 2701 523 7321
f 5915 7108 4576
f 5814 4576 2594
f 639 2702 2479
f 2702 947 4577
f 724 2703 2704
f 840 4578 2630
f 840 217 4578
f 4578 217 2705
f 2630 7322 5917
f 5917 7323 1196
f 283 5870 641
f 2706 4579 77
f 899 4579 2706
f 2708 2706 77
f 2708 5918 2709
f 5918 2708 5787
f 2706 2709 899
f 605 5856 4580
f 4580 5919 7324
f 5920 3057 6215
f 2830 6215 115
f 2565 2896 526
f 2711 5921 2569
f 2569 378 4581
f 2710 4581 378
f 652 4582 2710
f 2570 1215 642
f 801 2423 2901
f 2901 1289 2499
f 2901 2499 3018
f 791 5804 7330
f 5954 5922 7325
f 4583 299 7326
f 2747 4584 7331
f 4584 2712 6957
f 5923 5953 7327
f 791 5924 5888
f 5924 2750 4585
f 5888 4585 2672
f 5925 2750 410
f 2672 5960 929
f 2673 4604 2757
f 2714 2757 746
f 2757 1175 5926
f 1175 2757 2714
f 4587 4586 2721
f 1073 5959 4586
f 5959 529 5928
f 4586 5927 2715
f 4588 2721 2715
f 5928 2760 5927
f 2715 5927 2760
f 2760 5929 2716
f 2715 2760 4588
f 2760 2716 1154
f 746 2756 2718
f 2718 2717 314
f 4587 2717 1073
f 2719 2720 81
f 2723 4588 1154
f 2694 5907 4589
f 5907 746 2722
f 2695 4589 5930
f 4589 2722 5931
f 5930 5931 6958
f 5931 2719 5932
f 2719 5931 2722
f 2718 2722 746
f 314 2719 2718
f 81 2723 2724
f 2723 1154 574
f 2719 81 5932
f 1213 5932 5934
f 5934 81 2724
f 1026 5933 4590
f 4547 2654 5989
f 1213 5934 7319
f 5934 2724 5935
f 5912 5935 2726
f 5935 2762 5936
f 471 5936 2762
f 271 5937 5968
f 5937 271 2727
f 4592 2727 471
f 761 2764 2728
f 468 2876 888
f 2876 2875 2729
f 980 888 2935
f 980 2935 2730
f 4593 395 2731
f 2682 6006 1276
f 6006 2682 5938
f 618 5939 2821
f 4594 2821 5939
f 2732 5940 2735
f 5940 2732 5844
f 2821 5942 6959
f 5942 2821 4594
f 641 5941 2734
f 5941 641 2733
f 5941 4048 2734
f 2736 5942 2735
f 5940 2632 5943
f 2632 5940 1287
f 2736 4595 4611
f 4595 2632 5851
f 4611 5851 332
f 332 5944 6028
f 5944 2633 5945
f 6028 5945 2824
f 2633 1067 5945
f 2634 5945 1067
f 2824 2707 5946
f 4579 5946 2707
f 1330 102 2560
f 102 2737 755
f 2637 2738 755
f 662 5947 5918
f 5947 2828 4596
f 5918 4596 2709
f 4596 442 2739
f 2709 2739 6130
f 2709 6130 899
f 662 5948 6031
f 5948 2740 5949
f 6031 5949 2741
f 2740 5719 4597
f 5719 1039 5899
f 4597 5899 2687
f 2741 4597 5950
f 4597 2687 364
f 924 5951 6044
f 6044 5951 189
f 2742 1125 2848
f 2743 673 151
f 673 2833 151
f 597 555 2744
f 299 2745 4599
f 299 4599 2712
f 2745 4558 4598
f 2712 7328 5953
f 5952 1262 6012
f 5953 7329 993
f 5954 7325 5955
f 5957 6960 2749
f 2747 7331 4600
f 5923 7327 5956
f 4600 7332 2748
f 2749 4601 1025
f 791 7330 5924
f 5957 2749 2750
f 2749 4627 2812
f 2751 1094 2787
f 2752 2787 5986
f 5958 5986 7339
f 2755 2752 1073
f 2752 5958 1073
f 5958 529 5959
f 929 4602 2754
f 4602 929 5960
f 2753 5985 4602
f 5985 938 7333
f 4602 5961 204
f 204 2754 4602
f 204 5961 4603
f 5961 7333 2755
f 929 2754 4604
f 2754 204 4604
f 2717 4604 204
f 529 5962 5965
f 5962 2758 5963
f 5965 5963 2761
f 2758 5987 4605
f 4605 1250 2759
f 2761 4605 5964
f 5964 2759 1293
f 5929 2760 4606
f 237 4606 2815
f 2760 5928 4606
f 5928 529 5965
f 4606 5965 2761
f 2815 2761 4628
f 4628 5964 1293
f 471 2762 5993
f 5966 7317 5967
f 858 5967 2765
f 2677 7334 4607
f 5890 7316 5968
f 4607 7335 2764
f 787 5969 5729
f 5969 2591 2767
f 2767 300 2766
f 2767 2766 6020
f 5811 6020 468
f 1236 5838 6071
f 6071 1225 2768
f 2768 2796 72
f 361 7336 6964
f 5970 2655 5971
f 6001 6961 2795
f 2655 5800 4608
f 5800 568 5972
f 4608 5972 2769
f 2795 7337 5973
f 4609 2769 5974
f 5973 5974 1106
f 1106 5974 7367
f 5974 2769 2888
f 2769 5972 4610
f 4610 568 2770
f 2888 2770 5895
f 2771 789 724
f 2736 2773 7338
f 2774 4611 332
f 5821 2640 2830
f 255 2830 2775
f 2640 605 2830
f 2775 2830 5976
f 5856 2606 2776
f 2777 5831 2854
f 183 4612 2664
f 2859 6053 5980
f 6053 154 5979
f 5980 5979 2778
f 2664 5981 5982
f 5981 2778 6008
f 5982 6008 652
f 2860 4613 428
f 5904 2860 275
f 5921 2780 642
f 2780 5921 2711
f 2711 4582 2779
f 4582 652 2779
f 4614 2779 6010
f 4614 6010 920
f 428 5983 6056
f 5983 2781 2782
f 2781 5883 2669
f 2780 4614 2957
f 4614 920 2957
f 303 2783 4689
f 2783 801 2900
f 2960 2900 5984
f 331 2784 2808
f 410 4616 5925
f 4616 410 2786
f 2786 5985 4616
f 5985 2786 938
f 2713 2753 5960
f 529 7339 5962
f 5986 2787 4617
f 5962 4617 2758
f 2758 2788 5987
f 1154 2716 2792
f 5929 237 2789
f 2792 2716 5988
f 2716 2789 6019
f 5988 6019 1256
f 6093 6962 2791
f 2725 5933 4618
f 4618 5933 2790
f 2791 7340 5992
f 4619 7107 6063
f 5992 7341 954
f 2763 2792 5988
f 5993 2728 4592
f 2728 5993 2793
f 4620 5994 2841
f 523 5995 6065
f 6065 5995 2877
f 5915 7303 5997
f 4621 7342 2794
f 2877 7343 5998
f 4622 7109 5999
f 5998 7344 917
f 917 5999 7360
f 5999 2794 6963
f 6069 6000 7345
f 2794 5997 7110
f 4623 6001 2795
f 2883 4624 7362
f 4624 2795 5973
f 6002 5973 7346
f 1225 2479 2796
f 6003 2797 2937
f 2797 983 2798
f 2937 2798 6004
f 6004 5817 6122
f 395 2799 2731
f 5820 733 6005
f 2799 6005 2800
f 2731 6023 6006
f 6023 2731 2800
f 6146 3115 4625
f 6007 7100 102
f 2659 5871 2915
f 102 512 2737
f 2803 441 928
f 1082 5858 5862
f 5862 2645 2804
f 2645 441 2803
f 2804 2803 928
f 5862 2804 249
f 516 5977 2649
f 5977 2805 2649
f 5978 571 2806
f 2648 2649 1165
f 652 6008 2779
f 6008 2778 6009
f 2778 5979 2807
f 5979 154 2807
f 388 537 2902
f 1131 739 143
f 739 753 143
f 2809 6103 2808
f 1002 4557 2808
f 119 2810 2865
f 2810 1242 6011
f 3040 2963 1099
f 993 6012 6838
f 6012 1262 4626
f 4662 4626 2811
f 4626 6013 2866
f 4626 222 2811
f 222 4626 2866
f 1025 2870 4627
f 6060 938 6014
f 2786 6014 938
f 1018 2813 4535
f 4535 2926 2814
f 2814 6015 5833
f 444 5833 6015
f 237 2815 2816
f 2816 4628 6016
f 4628 1293 6241
f 6016 6241 7347
f 237 2816 2789
f 4629 2789 2816
f 2816 6016 2817
f 2789 6018 6019
f 6019 6018 7349
f 858 2765 2818
f 6020 2766 6021
f 468 6021 2819
f 6021 2874 250
f 888 2729 6022
f 6023 2820 6084
f 2820 6023 2800
f 2800 6005 4630
f 6005 733 6024
f 4630 6024 2845
f 6025 578 4680
f 578 6025 2845
f 35 2772 2683
f 2801 2683 542
f 618 4632 2657
f 2821 1130 6833
f 4696 4631 1130
f 2802 2977 6965
f 909 5975 2823
f 2774 332 6028
f 2774 6028 2822
f 488 2823 2774
f 2822 6028 2824
f 2824 5946 2893
f 2822 2893 488
f 755 2737 2826
f 2826 2825 732
f 755 2826 2637
f 2826 732 4636
f 2826 4636 2827
f 6029 2827 7348
f 442 2828 2829
f 2828 5947 6030
f 5947 662 6031
f 6030 6031 2741
f 2829 2741 5950
f 5862 249 2831
f 2832 2831 4633
f 2951 2833 853
f 6032 2833 2834
f 5903 2835 6052
f 2858 6052 2835
f 2835 5902 4634
f 5902 461 4686
f 4634 4686 2836
f 6033 2836 1162
f 830 560 2921
f 1262 2523 6013
f 6013 119 2837
f 242 2744 2867
f 2744 555 2746
f 2751 216 2839
f 1094 2839 6034
f 6034 2839 6967
f 6110 2817 2840
f 2817 6017 4635
f 6017 7347 3044
f 2840 4635 3081
f 4635 3044 812
f 761 2841 2842
f 5994 1256 6035
f 2841 6035 2928
f 789 6036 2843
f 2771 2704 2890
f 2843 6037 20
f 733 2680 6038
f 6024 6038 2844
f 2843 5840 789
f 20 2844 2843
f 6024 2844 6039
f 6024 6039 2845
f 2844 4667 2845
f 641 6975 283
f 2846 894 283
f 283 894 3092
f 43 2801 542
f 641 2734 6975
f 2734 580 1201
f 1125 7348 6040
f 1125 6040 2848
f 2848 4637 6041
f 4637 7112 6253
f 6041 7350 1118
f 6042 2946 4638
f 6101 4638 2849
f 4638 2829 5950
f 2849 5950 364
f 6041 1118 6043
f 6044 189 2852
f 2852 189 2850
f 2852 2850 6045
f 6046 2686 2851
f 2686 255 2775
f 2851 2775 225
f 924 6044 5824
f 6044 2852 4640
f 2852 6045 4639
f 6045 968 6047
f 4639 6047 2853
f 2604 6048 7351
f 6048 2853 6149
f 6049 6149 1311
f 5978 2854 2985
f 2985 2832 4633
f 6050 4633 615
f 2856 2855 1150
f 461 6051 2954
f 2857 1089 2987
f 2986 2987 1089
f 2954 2987 1030
f 6052 2859 4612
f 2859 6052 2858
f 6033 2919 4641
f 2919 6033 1162
f 4641 2919 6053
f 154 6053 2919
f 275 2860 2834
f 2860 6054 2834
f 6054 2860 428
f 2834 2861 716
f 716 2861 3156
f 2861 6055 2862
f 6055 2861 6054
f 4642 2862 6057
f 4642 6057 1104
f 428 6056 6055
f 6055 6056 2862
f 4689 2782 303
f 6057 2862 2863
f 642 2864 537
f 97 2809 908
f 119 2865 2837
f 6013 2837 2866
f 1025 6058 2870
f 2869 6090 4644
f 6090 1065 6967
f 4644 2839 7354
f 2870 6059 7352
f 6059 2871 4645
f 6060 6061 7353
f 216 938 7353
f 2788 6107 4646
f 6107 1219 2872
f 2788 4646 5987
f 4646 2872 1250
f 2766 2873 2874
f 2873 858 4647
f 6062 4647 858
f 2874 3000 250
f 468 2819 2876
f 954 6063 7374
f 6063 2790 6968
f 6114 6064 7355
f 2790 5991 7113
f 5991 523 6969
f 4648 6065 7356
f 2878 4649 7375
f 4649 2877 6970
f 6066 5998 7357
f 2729 390 2879
f 2702 4652 4694
f 4577 947 72
f 947 3026 72
f 734 6067 7358
f 6067 2882 7359
f 6073 6068 7114
f 2882 6069 4653
f 6069 2882 7360
f 2886 4654 7361
f 4654 2883 7362
f 6070 6002 7346
f 1236 6071 6122
f 6071 2768 4655
f 6122 4655 2885
f 2768 72 2884
f 2885 4655 6072
f 4655 2884 6189
f 6072 6189 1190
f 734 6073 6097
f 6073 2886 6971
f 6097 6074 2909
f 2886 6070 7115
f 6070 1106 6972
f 4656 6075 7363
f 2909 4657 7371
f 4657 2887 6973
f 6076 6078 7364
f 983 2797 530
f 983 530 2704
f 2797 6003 530
f 1169 6078 7365
f 6078 2887 7366
f 6082 6079 2891
f 2887 6075 6974
f 6075 1106 7367
f 4658 6080 2888
f 2891 5895 1276
f 5895 2891 4659
f 530 6081 2704
f 2704 6081 2890
f 2889 609 4660
f 2890 2939 6037
f 6125 6037 2939
f 1169 6082 6128
f 6082 2891 6083
f 6128 6083 2892
f 2891 1276 6084
f 4680 2892 2820
f 2846 1201 894
f 6085 2943 2894
f 2943 488 2893
f 2894 2893 5946
f 2806 571 495
f 1150 6086 2896
f 2895 6087 2897
f 1089 2688 2986
f 2688 4569 2897
f 4569 526 2896
f 2986 4661 6088
f 4661 2897 6087
f 2899 6010 2807
f 2807 154 2898
f 2899 2898 916
f 5984 2900 3018
f 143 2902 3131
f 2921 412 2691
f 2811 222 376
f 2903 2811 6089
f 2869 1025 2748
f 5956 993 2904
f 2869 2904 6106
f 6090 6106 1065
f 768 6091 6158
f 6091 2905 6976
f 6158 6092 7368
f 2905 1093 7116
f 6094 6093 7369
f 2996 4663 7380
f 4663 2791 6977
f 6095 5992 7370
f 6096 2906 2931
f 2906 1202 4664
f 4664 1202 2907
f 617 4665 2936
f 4665 2907 633
f 6098 633 2908
f 6098 2908 2910
f 2909 2908 6097
f 4666 2909 7371
f 2910 6076 7364
f 2910 1169 2973
f 2911 2973 413
f 578 2845 2941
f 2912 4667 20
f 4668 2912 6099
f 1206 6099 2912
f 1196 2705 4669
f 217 2914 321
f 6100 3152 2976
f 1196 4669 5871
f 5871 602 2915
f 861 6101 6176
f 6101 2849 4670
f 6176 4670 2916
f 2849 364 6046
f 4670 6046 2851
f 1150 4672 6086
f 6086 4672 2895
f 3017 922 2917
f 2895 6102 6087
f 6087 6102 1227
f 2834 716 4673
f 2919 1162 3101
f 537 2864 2902
f 2864 674 2920
f 1126 4712 2691
f 2691 5905 6978
f 993 2903 2904
f 2903 6089 2923
f 6104 2923 6089
f 2904 6105 6106
f 6105 2923 6136
f 6106 6136 1065
f 6107 2788 2924
f 2924 1094 6108
f 6108 6034 1065
f 2868 689 519
f 2692 444 2925
f 444 6015 6156
f 6109 1093 2905
f 4675 7117 6091
f 4701 6979 768
f 1256 7349 6111
f 6110 2840 4676
f 6111 4676 2927
f 4676 3081 367
f 1256 6111 6035
f 6111 2927 2928
f 2928 2998 207
f 260 2929 2906
f 2929 984 2906
f 845 6112 7372
f 6112 2930 7373
f 6118 6113 7118
f 2930 6186 6980
f 6186 954 7374
f 6115 6114 7355
f 2933 6066 6116
f 6066 2933 7375
f 260 6096 6167
f 6096 2931 6117
f 6167 6117 3004
f 2931 4665 2932
f 845 6118 6143
f 6118 2933 6981
f 6116 917 6120
f 2882 7376 917
f 4677 2882 6982
f 2730 2881 4651
f 617 2936 348
f 889 6003 3051
f 3051 4678 6123
f 4678 2885 6072
f 6123 6072 1190
f 2938 633 6098
f 2938 6098 2911
f 530 6077 2889
f 6077 889 7377
f 2889 6124 3028
f 2889 3028 609
f 20 4679 2912
f 4679 20 6125
f 2939 609 2940
f 2912 6126 1206
f 1206 7378 6099
f 6127 2974 4681
f 6099 4681 2941
f 2974 6145 2892
f 6128 2892 6145
f 2941 4680 578
f 1079 3010 2944
f 3010 488 2943
f 3010 2943 6085
f 2944 6085 1055
f 899 6130 5946
f 6130 2739 2894
f 2739 442 4682
f 4682 442 2945
f 2894 4682 6085
f 6085 2945 1055
f 1055 2945 6174
f 6174 4683 2947
f 2945 442 4683
f 4683 2829 2946
f 225 2775 2948
f 2948 2775 5976
f 2948 5976 115
f 1305 2776 2949
f 1305 2949 2950
f 2776 151 2949
f 2951 853 4685
f 2949 6131 4684
f 4684 6219 1187
f 1150 2855 2953
f 4686 461 2954
f 4687 2954 1030
f 6010 2899 2956
f 916 24 2899
f 2864 2959 674
f 2957 2956 2959
f 2959 2958 674
f 2960 5984 4688
f 5984 370 6132
f 4688 6132 2961
f 2863 6133 6057
f 6133 2961 6196
f 6057 6196 1104
f 139 547 224
f 547 1131 224
f 771 139 586
f 6134 101 2962
f 222 6135 376
f 6135 222 2964
f 1065 6136 6138
f 2923 6104 2965
f 4700 2965 730
f 6107 2924 6137
f 6108 1065 6138
f 2924 6138 2993
f 1219 6137 561
f 6137 2993 6155
f 1250 2872 4690
f 2759 4690 570
f 2872 1219 4734
f 4690 4734 3042
f 570 3042 3043
f 984 1052 4691
f 984 4691 2906
f 4691 1052 2968
f 2906 2968 1202
f 6139 762 2969
f 2969 6182 6140
f 6140 984 2929
f 260 2970 4692
f 2968 1052 3046
f 6142 845 6143
f 734 6144 6121
f 3024 2972 4693
f 2972 1273 3004
f 2972 3004 2932
f 1206 3007 7378
f 4695 6127 3007
f 3007 413 4695
f 4695 413 2973
f 2974 4695 6145
f 6145 2973 1169
f 2705 2913 4669
f 2976 4669 2913
f 2913 217 7120
f 731 6100 2975
f 1077 2978 695
f 2978 1077 6146
f 2977 2978 6146
f 4696 2980 1
f 4696 1130 2980
f 2773 2980 1130
f 5975 909 2980
f 653 127 2825
f 2825 2981 732
f 6147 441 6148
f 6147 6148 7379
f 441 1311 6150
f 6150 6149 2853
f 3014 4697 7385
f 4697 2853 6983
f 6151 6047 968
f 928 6147 2982
f 4698 1177 4757
f 4698 4757 3121
f 2983 3121 6152
f 6152 4756 962
f 249 2983 615
f 6050 2984 2985
f 6195 1092 3033
f 2984 3033 571
f 2985 2984 5978
f 2986 6088 4699
f 6088 1227 4699
f 6153 3034 3210
f 2987 3210 1030
f 154 2988 2898
f 2615 586 2990
f 6135 2991 6180
f 3021 6180 2991
f 2991 2964 2992
f 2964 386 4721
f 3021 2992 6154
f 6154 6200 1302
f 561 4700 730
f 3066 4735 6157
f 4701 768 2995
f 1217 3066 4702
f 768 6158 6257
f 6158 7368 6159
f 6257 6984 2997
f 2996 7380 4703
f 6095 7370 6160
f 4703 7381 3023
f 2997 7382 6162
f 6161 7122 6184
f 6162 7383 317
f 2818 6163 858
f 250 3000 4704
f 6232 4704 3001
f 3000 6062 4704
f 6062 858 7384
f 4704 6164 3047
f 6165 3001 3047
f 390 2875 3072
f 2875 2819 3002
f 2819 250 3002
f 3072 3002 6166
f 806 6166 6235
f 3166 3165 4705
f 863 4705 3003
f 3165 762 2970
f 6167 2970 260
f 6244 3003 3083
f 3003 6167 4706
f 4706 6167 3004
f 3083 4706 6168
f 6168 3004 1273
f 3024 348 3005
f 3006 3005 413
f 3030 6193 3006
f 4707 1206 6170
f 1206 4707 3007
f 4708 609 3029
f 3029 6171 6172
f 6171 3029 387
f 2940 4717 6126
f 4717 2940 3008
f 6173 4044 3009
f 4044 737 3009
f 3009 737 43
f 3141 2823 6129
f 653 512 3031
f 3031 512 942
f 2947 861 6175
f 2947 6175 3179
f 3011 3179 315
f 3012 861 6176
f 177 2916 3096
f 3096 4671 225
f 2850 189 2848
f 2848 6043 2850
f 2850 6043 3055
f 2850 3055 6212
f 225 2948 3013
f 2948 115 3013
f 3096 3013 582
f 6147 7379 4710
f 6147 4710 2982
f 3014 7385 4709
f 4709 7386 3015
f 2982 6177 4698
f 4698 6239 1177
f 2983 6152 962
f 1150 2953 4672
f 4672 4711 3017
f 2953 357 4711
f 4711 357 3016
f 4711 3016 922
f 3063 3019 6178
f 3020 6179 965
f 6180 2965 6104
f 2965 6180 3021
f 3021 6154 4713
f 6154 1302 6181
f 4713 6181 3147
f 2965 4713 730
f 3147 730 4713
f 6182 3022 4714
f 984 4714 1052
f 3022 6231 4714
f 4714 6183 3068
f 317 6184 7389
f 6184 3023 6985
f 6201 6185 7387
f 3023 6160 7125
f 6160 954 6986
f 6187 6186 7388
f 3045 4715 7390
f 4715 2930 6987
f 1273 2972 6204
f 72 3026 4716
f 72 4716 2884
f 3026 932 4716
f 4716 932 3027
f 2884 4716 6189
f 4716 3027 6206
f 6189 6206 1190
f 609 3028 3029
f 3028 6124 3053
f 6190 3053 6124
f 3029 3028 387
f 1198 6191 6192
f 6191 3008 6171
f 6192 6171 387
f 3008 6193 3030
f 6193 3008 6191
f 615 962 3032
f 6050 3032 2984
f 2984 3032 6195
f 3060 495 3033
f 3060 3033 1092
f 3125 3034 4699
f 1104 6196 6313
f 6196 2961 6197
f 6313 6197 3213
f 2961 6132 4718
f 6132 370 6198
f 4718 6198 3035
f 3213 4719 6199
f 4719 3035 6225
f 6199 6225 1317
f 830 188 3019
f 3019 188 6178
f 139 3037 586
f 586 3037 3039
f 3039 3038 6315
f 386 3040 4721
f 3040 1099 3041
f 2992 4720 6200
f 4720 3041 6278
f 6200 6278 1302
f 3043 3042 532
f 3044 1120 4722
f 1052 4724 3046
f 3069 6228 6989
f 6228 317 7389
f 6202 6201 7387
f 4723 3045 7390
f 234 6165 6243
f 6165 3047 3082
f 3047 6164 2999
f 6163 2999 6164
f 3082 2999 367
f 994 3048 6249
f 6249 6203 4725
f 3048 1273 6204
f 6206 3050 6280
f 3050 6206 3027
f 3027 932 4726
f 3050 3049 995
f 889 3051 6207
f 3051 6123 4727
f 6123 1190 6208
f 4727 6208 3086
f 3052 6209 279
f 387 3053 6236
f 3054 6236 3053
f 3053 6190 6210
f 6190 889 6207
f 6210 6207 3052
f 4728 3052 6211
f 279 6211 3052
f 968 6045 6212
f 3056 7391 6214
f 83 3013 115
f 3057 5919 6990
f 3058 3059 6217
f 3058 6217 298
f 6217 3059 4729
f 6217 4729 3204
f 6218 6991 2950
f 4729 2950 4684
f 3204 4684 1187
f 3097 548 4758
f 3097 4758 640
f 3060 640 3099
f 3060 3099 3098
f 495 3098 357
f 1187 6219 6308
f 6219 6131 6220
f 6308 6992 3207
f 2952 4685 4730
f 4730 7392 3061
f 3207 7393 6221
f 4731 7127 6224
f 6221 7394 1308
f 6032 6222 7128
f 4673 716 4761
f 2918 4761 3062
f 3061 6223 7395
f 1317 6225 6362
f 6225 3035 4732
f 6362 4732 3064
f 3035 6198 3063
f 4732 3063 6178
f 3064 6178 1040
f 561 730 4733
f 3147 4733 730
f 3104 3065 1129
f 1219 561 4734
f 4734 6226 3105
f 3042 3105 532
f 1271 6227 6183
f 6183 3067 3068
f 317 6228 7396
f 6228 3069 6229
f 6262 6229 3107
f 3069 3068 3067
f 3068 3069 4724
f 6182 2969 6230
f 6182 6230 3022
f 3022 6263 6231
f 6263 3022 7397
f 250 6232 3002
f 6232 3001 6233
f 3001 6165 3071
f 3002 6233 6235
f 4650 2879 953
f 953 4736 6166
f 4736 3072 6166
f 947 514 3073
f 3074 6250 3054
f 6192 3054 6250
f 387 6236 6192
f 6236 3054 6192
f 732 2981 3076
f 3075 2981 127
f 3076 3075 6284
f 6212 3056 7398
f 968 4738 7129
f 3056 6214 6237
f 6214 945 6237
f 4737 6237 3077
f 3015 6238 6239
f 6238 3077 1177
f 3013 83 582
f 2958 24 3078
f 2958 6277 6240
f 6277 2958 3078
f 224 1131 3131
f 3287 4739 1238
f 4739 3036 1238
f 6241 1293 1120
f 480 3134 2967
f 635 3080 3369
f 6243 635 3222
f 6243 3222 234
f 6244 3083 6245
f 3083 6168 3085
f 3084 6245 707
f 707 3085 3148
f 3085 707 6245
f 6168 1273 3048
f 4741 3048 994
f 1190 6246 6208
f 6246 3138 4742
f 6208 4742 3086
f 6247 3138 991
f 3086 6248 279
f 6248 3086 3088
f 991 3087 6247
f 3087 994 4743
f 3088 3090 6248
f 3074 6248 3090
f 6249 3090 994
f 3090 6249 3089
f 6205 6988 6250
f 6251 6250 3074
f 3172 3091 871
f 3092 894 4788
f 127 3031 3142
f 3142 942 3225
f 3093 2944 601
f 732 3076 4745
f 732 4745 7130
f 3076 186 3094
f 2847 3094 7399
f 945 3055 6254
f 945 6254 3095
f 3055 6213 3119
f 6213 1118 3119
f 3095 6254 431
f 6254 3119 4755
f 177 3096 582
f 3097 258 548
f 3123 357 3098
f 3123 3099 6273
f 3123 6273 827
f 2955 4687 4746
f 4687 1030 6255
f 4746 6255 3211
f 3100 7400 6256
f 3235 6256 3211
f 414 3101 3128
f 6256 3128 3100
f 916 3129 85
f 975 2920 3189
f 3189 674 3102
f 6134 2990 4747
f 101 4747 197
f 242 3103 2922
f 1176 3194 3103
f 3103 3194 6302
f 6226 3104 3105
f 3104 1129 4748
f 3105 4748 532
f 1293 2759 6242
f 768 6257 7401
f 6257 2997 7402
f 6291 6258 7131
f 2997 6162 6993
f 6162 317 6259
f 4749 6259 7405
f 3160 4750 7403
f 4750 3106 7404
f 6260 6261 6288
f 6261 3108 6288
f 3108 6261 7404
f 3106 7405 4751
f 4751 7406 3107
f 4752 416 3135
f 416 4752 3107
f 1271 6231 3110
f 6264 3110 6263
f 3070 2969 3109
f 4772 3109 2969
f 3110 6264 6265
f 4753 7132 921
f 1263 3113 3241
f 2881 6266 3113
f 3113 3111 116
f 3009 43 6173
f 3172 542 2627
f 2914 283 3092
f 321 2914 1285
f 6267 3114 305
f 3149 305 3114
f 3114 4744 4754
f 4744 747 4754
f 602 3116 2942
f 3116 971 512
f 971 3116 3151
f 971 942 512
f 601 2944 3117
f 2944 1055 6174
f 3117 6174 3011
f 3117 3011 315
f 3119 3094 4755
f 4755 4774 3118
f 4755 3118 431
f 3144 809 3120
f 6194 3145 3032
f 3032 3145 6195
f 3145 3097 1092
f 548 959 3122
f 640 3122 3099
f 3122 959 4759
f 4759 6272 3203
f 3099 4759 6273
f 4759 3203 6273
f 3016 357 3123
f 3124 3123 827
f 1194 3125 3126
f 3125 1227 4760
f 6274 3146 437
f 3128 703 6276
f 3078 3159 6277
f 674 4762 3102
f 2958 6240 3130
f 975 3214 3131
f 3214 3038 224
f 4763 3039 3237
f 2990 4763 4747
f 4747 3237 197
f 3132 101 741
f 1099 2962 3041
f 4748 1053 532
f 3079 2967 3134
f 3080 3134 1038
f 3067 3135 416
f 3162 3135 6279
f 3135 3067 6227
f 6279 6227 7407
f 3071 256 6235
f 3084 707 333
f 953 6166 806
f 3137 806 654
f 1190 6280 6246
f 6280 3050 6281
f 6246 6281 3138
f 3050 995 3169
f 3138 6282 991
f 695 3139 3173
f 3140 3139 1
f 6283 3174 3140
f 6283 3140 4764
f 6283 4764 3093
f 3140 3141 4764
f 3141 3140 1
f 3197 3225 540
f 3077 6237 4765
f 6237 945 4765
f 4766 4765 6286
f 1177 3143 4757
f 4757 3143 3144
f 6847 6286 3181
f 83 115 3281
f 6215 3058 115
f 809 3182 3120
f 3182 258 3120
f 3120 6271 3145
f 3120 3145 6194
f 4756 6194 962
f 258 3154 548
f 1227 6102 4760
f 6102 2917 3146
f 2917 922 3285
f 437 3146 3285
f 1238 3020 965
f 3147 6181 3065
f 6181 1302 6287
f 3065 6287 3193
f 3065 3193 1129
f 901 6288 344
f 3108 344 6288
f 3108 3135 344
f 4741 3087 3148
f 3087 4741 994
f 3167 3087 991
f 4767 3291 305
f 3291 4767 323
f 1077 695 6994
f 6289 6269 695
f 6289 3173 3150
f 3245 3152 731
f 6100 731 3152
f 3095 431 3153
f 3154 3155 548
f 959 548 3155
f 716 3156 4768
f 3156 4642 4768
f 4642 1104 6290
f 4768 6290 3187
f 916 85 3158
f 3159 4769 708
f 97 908 3190
f 3190 3220 6318
f 1217 4702 6369
f 3161 4770 6292
f 344 3163 3289
f 3162 6279 3163
f 6293 3163 6279
f 3289 3163 6294
f 3289 6294 1334
f 1271 3110 6293
f 3110 6265 4771
f 6265 921 3164
f 3163 4771 6294
f 4771 3164 1334
f 762 3165 4772
f 3109 6295 921
f 6295 3166 3333
f 3168 707 3167
f 3170 3167 991
f 6282 3169 3170
f 3170 3267 6296
f 6296 3267 52
f 3171 542 3172
f 3354 3174 6297
f 6297 6283 857
f 3116 3152 3151
f 3175 3151 28
f 971 3151 3175
f 186 3178 4774
f 3176 4794 3177
f 3178 4773 6298
f 4773 3177 918
f 431 3118 3198
f 3198 3178 6298
f 3199 6298 918
f 4775 315 6304
f 1160 4775 6304
f 3179 6175 3258
f 3180 3258 65
f 3144 3181 6299
f 6299 36 809
f 3182 3154 258
f 3155 842 356
f 959 3183 6272
f 3184 6272 3183
f 85 3186 3286
f 3185 6276 3186
f 6276 703 4808
f 3286 3186 1139
f 554 6300 3360
f 3187 6290 4776
f 3360 3212 6311
f 3360 6311 6360
f 3188 975 4777
f 438 4777 1012
f 4777 3189 1012
f 1126 97 4778
f 3190 4778 97
f 1302 3219 6287
f 6287 3219 3193
f 3219 816 6301
f 6302 4779 3220
f 234 1167 256
f 6284 3197 3178
f 3176 3178 3197
f 3197 540 3294
f 394 4794 3294
f 431 3199 7133
f 3153 3199 3095
f 1160 6304 6423
f 6304 315 3200
f 3200 315 3180
f 3200 3180 65
f 1296 3201 356
f 1296 356 855
f 842 855 356
f 6272 3233 3203
f 3233 489 6305
f 3203 6305 3202
f 6273 3202 827
f 6217 3204 4780
f 298 4780 3282
f 3204 1187 6306
f 3204 6306 3205
f 4780 3205 6310
f 3282 6310 1231
f 3206 6307 3284
f 3124 3284 922
f 1187 6308 6995
f 6308 3207 7408
f 6306 4782 3205
f 3207 6221 6996
f 4781 6309 7414
f 3205 3263 7409
f 3126 6274 3208
f 3209 3208 850
f 1030 3210 6255
f 3210 1194 4783
f 4783 4790 3235
f 6311 3212 6312
f 6360 6312 3306
f 3212 4776 4784
f 4776 1104 6313
f 4784 6313 3213
f 3306 4785 6314
f 4785 3213 6199
f 6314 6199 1317
f 3214 975 3188
f 3214 518 3215
f 3038 3215 6413
f 4712 1126 6316
f 3217 3191 7410
f 6317 3191 681
f 1302 3133 3219
f 681 6318 7411
f 6318 3220 7412
f 6408 6319 7134
f 3391 4787 7413
f 4787 3221 6303
f 3066 1176 519
f 3222 635 3223
f 806 997 654
f 953 3137 2880
f 2880 3352 3111
f 3225 942 3247
f 3293 6332 927
f 6332 3293 3247
f 1136 3255 6322
f 3226 6323 4789
f 6323 3226 1114
f 3012 177 3227
f 3228 1296 228
f 3257 910 3260
f 3181 1136 36
f 1136 6322 36
f 308 6324 6322
f 6322 3229 36
f 3229 1221 809
f 1221 3229 842
f 229 3230 3262
f 3262 3231 1324
f 3233 6272 3184
f 3233 3232 489
f 827 3202 3206
f 3202 6305 3234
f 3236 3209 6326
f 197 3389 3388
f 6327 3217 3238
f 6327 3238 3431
f 3217 6317 3238
f 3431 3238 1172
f 532 1053 4791
f 532 4791 3043
f 4791 3330 480
f 3396 3239 829
f 3137 3240 6997
f 514 3241 3242
f 3241 3113 144
f 542 3171 3243
f 731 1285 4792
f 6328 3377 6329
f 284 6329 3377
f 28 6330 3338
f 3245 731 6330
f 6329 3338 3244
f 3247 942 3246
f 3246 971 4793
f 3247 6331 6332
f 6331 3356 6332
f 6283 3093 3248
f 1186 3248 6353
f 6353 3248 601
f 4794 394 3249
f 3249 6333 3250
f 6333 3249 670
f 3177 6343 918
f 6343 3177 3250
f 178 3274 3226
f 3274 4795 3252
f 3274 3252 1114
f 47 3253 4795
f 3253 6334 3254
f 3252 6347 1114
f 3251 486 3278
f 3255 3278 6335
f 228 1056 3270
f 228 236 3228
f 3228 178 3256
f 3257 3256 910
f 1296 3228 3257
f 65 3258 3343
f 177 582 3259
f 3227 3259 1145
f 6324 4797 7135
f 6336 228 3229
f 3260 910 3261
f 3231 3261 3298
f 3232 3262 489
f 1231 6310 6391
f 6337 7409 6338
f 6391 6998 3264
f 3263 7414 4798
f 6309 6221 1308
f 4798 7415 3266
f 3264 7416 6340
f 6339 7137 682
f 1308 6341 7138
f 3266 4799 7417
f 707 3168 333
f 3168 6296 3239
f 397 3267 337
f 3268 202 4800
f 116 4800 144
f 4800 3372 144
f 6343 3269 3251
f 3269 6343 3250
f 6333 3318 4801
f 3318 6333 670
f 3269 6344 156
f 486 156 1056
f 156 3270 1056
f 156 6345 3270
f 3271 627 3272
f 6345 3272 6346
f 3270 6346 236
f 3273 6346 3272
f 3272 627 3319
f 3272 3319 47
f 4795 3273 47
f 3276 6347 3254
f 6334 424 3275
f 1114 6348 3277
f 6348 1114 6347
f 3276 4802 3320
f 585 3320 4802
f 3277 6348 136
f 6348 3320 136
f 6335 3278 1056
f 3256 3279 3280
f 6323 3277 4803
f 3277 6323 1114
f 3280 4803 136
f 4803 3277 136
f 3259 582 83
f 83 3281 3301
f 3281 298 3301
f 3301 298 3282
f 6349 3282 1231
f 1017 6325 6405
f 6405 3234 3283
f 3234 489 906
f 922 3284 3285
f 3284 6307 3345
f 6307 1017 4818
f 3285 3345 437
f 3126 3209 4790
f 192 6326 850
f 4769 3158 3323
f 3323 3286 4813
f 4813 3286 1139
f 1040 4739 3287
f 3287 1238 3430
f 3287 3430 3288
f 3289 1334 3350
f 3289 3350 901
f 3242 144 3290
f 3196 4804 401
f 6350 305 3291
f 4805 3291 323
f 3397 6386 6351
f 6386 3397 3292
f 3294 540 3293
f 3294 3315 394
f 1288 4806 3295
f 1146 3295 4806
f 4806 1288 3381
f 3275 6352 4802
f 6352 3381 6401
f 4802 6401 585
f 601 3297 6354
f 3261 910 3280
f 3280 136 3298
f 1145 3259 3299
f 1145 3299 3300
f 3259 83 4807
f 3300 3299 818
f 3421 3301 6349
f 6356 6349 7418
f 3265 6342 3361
f 3302 7139 261
f 1139 3186 6378
f 6378 6358 3304
f 4808 703 3303
f 3322 3304 3303
f 663 6359 3347
f 3305 6360 3306
f 3347 4809 6361
f 4809 3306 6314
f 6361 6314 1317
f 1317 6362 6381
f 6362 3064 6363
f 6381 6363 3308
f 1238 965 3309
f 3309 3562 608
f 337 3267 3371
f 3371 3267 995
f 3312 3310 479
f 995 3049 6364
f 995 6364 3312
f 971 3175 4793
f 3315 927 4811
f 3316 3447 100
f 3316 100 3317
f 670 3380 3318
f 3379 3318 3380
f 627 3271 3379
f 3318 3271 6344
f 6344 6345 156
f 3319 1146 3253
f 3320 585 3321
f 3262 1324 470
f 906 489 470
f 703 3236 4812
f 703 4812 3303
f 3236 6326 4812
f 4812 192 3322
f 708 4769 6367
f 4769 3323 6365
f 6367 6365 3324
f 3324 6366 573
f 6367 3324 6368
f 3326 6368 3324
f 712 3326 3325
f 1012 3130 3327
f 3130 6240 4814
f 6240 708 6368
f 4814 6368 3326
f 3327 4815 4833
f 4833 3326 712
f 3454 3288 545
f 4810 1040 3287
f 3328 1129 3193
f 3328 3193 3348
f 3329 3348 680
f 480 1193 4816
f 3134 3370 1038
f 921 3333 3164
f 3091 6252 3335
f 3335 6371 7425
f 4788 6321 3243
f 3337 7419 6375
f 6374 3336 6376
f 6375 7420 74
f 74 6376 3412
f 6376 3336 4817
f 3412 4817 181
f 4817 3243 3171
f 3175 3338 3313
f 6329 284 3313
f 3339 3313 284
f 447 3313 3339
f 857 3340 6419
f 3341 3340 1186
f 6377 6452 697
f 3342 1314 3474
f 3319 3342 1146
f 3342 3474 955
f 3343 1145 3484
f 65 3484 1028
f 3298 136 3344
f 3208 3385 850
f 6378 3304 6379
f 6378 6379 3346
f 3487 3304 781
f 6379 3487 735
f 663 3347 3428
f 6380 3428 3347
f 3347 6361 6380
f 6361 1317 6381
f 6380 6381 3308
f 3428 3308 6382
f 3193 6301 3348
f 6301 816 4829
f 3350 1334 3435
f 3268 116 3352
f 401 4804 6384
f 4804 3290 6384
f 3443 3353 423
f 323 3354 4805
f 6297 857 7421
f 3354 6385 3355
f 3292 3355 6386
f 6422 6386 3355
f 3356 4793 3314
f 3356 3314 6332
f 6353 601 6387
f 6439 6387 3357
f 601 6354 4820
f 6354 1160 6388
f 3357 6389 699
f 6304 3200 4821
f 6423 4821 3358
f 3358 4821 1028
f 4821 65 1028
f 6425 1231 6391
f 3359 6391 7422
f 3403 4822 6392
f 4822 3264 6999
f 6392 6340 682
f 554 3360 4823
f 6378 3346 6394
f 3363 6394 3346
f 3346 735 3362
f 4824 3362 1064
f 6394 3364 4813
f 3364 6394 3363
f 3491 4824 1064
f 6395 573 6366
f 573 6395 3491
f 817 4843 6428
f 6428 3365 3366
f 6426 1043 6360
f 3365 6360 3305
f 3366 3305 6359
f 4844 6359 663
f 3387 3188 438
f 197 3367 3455
f 197 3455 3192
f 3367 1148 3455
f 3238 681 3390
f 3331 6370 3351
f 6370 901 6383
f 635 3369 3223
f 3369 3370 1232
f 3353 3290 3372
f 3373 3372 202
f 169 6396 3376
f 6396 169 3375
f 3375 6400 6397
f 6397 6372 7423
f 3376 4825 6398
f 4825 3337 6375
f 6398 6375 74
f 6399 284 3377
f 3377 4792 3375
f 627 3380 1314
f 585 6401 3452
f 6401 3381 6402
f 4826 1288 3502
f 3452 4826 6403
f 4826 3502 738
f 3321 585 4827
f 4827 585 3382
f 784 4827 6404
f 4827 3382 6441
f 6404 6441 961
f 136 3320 3344
f 3320 3321 690
f 3383 1145 3300
f 3419 3300 818
f 1017 6405 6406
f 6406 3283 3384
f 850 3385 3386
f 3385 4818 777
f 4818 1017 6406
f 438 675 3387
f 1111 6413 3389
f 272 3368 3521
f 3368 3390 6407
f 3390 681 6408
f 4828 7424 3391
f 3521 6407 1161
f 1161 7140 6320
f 1161 6303 6409
f 680 3348 3394
f 3394 3457 659
f 3370 4816 3395
f 3370 3395 1232
f 305 3397 4830
f 6371 4830 7425
f 6351 887 3459
f 100 4831 3317
f 3317 3380 670
f 3295 6411 1288
f 1146 3399 3295
f 335 3400 6412
f 3401 6412 3400
f 3400 6389 3401
f 6389 3400 699
f 335 6412 6460
f 6412 3402 3482
f 3402 6388 4832
f 3482 4832 831
f 4832 3416 831
f 988 3579 3403
f 3579 563 3403
f 3404 6392 682
f 3404 682 6357
f 3404 6357 3302
f 3511 3302 261
f 4833 712 3535
f 518 123 3407
f 3407 3406 140
f 3215 518 3407
f 3389 4834 140
f 4834 3407 140
f 3457 4835 4855
f 4835 3408 7000
f 4855 6443 1174
f 4819 457 349
f 3409 3332 3331
f 333 3396 1316
f 181 6415 7426
f 3496 4836 6416
f 4836 871 6416
f 74 3412 6446
f 6446 6417 3461
f 3412 181 4837
f 4838 3413 6418
f 1032 6418 3413
f 169 3376 3445
f 3376 6398 3414
f 6419 3341 6420
f 6385 7427 3355
f 3341 6377 4839
f 6377 697 3415
f 3355 7428 6422
f 6421 3415 6494
f 6422 7429 887
f 831 3416 3417
f 3416 1160 6423
f 3417 3418 3531
f 3417 3531 252
f 6423 3358 3418
f 3358 6424 3531
f 1324 4840 470
f 3344 445 4840
f 462 3383 4887
f 3419 818 3420
f 3419 3420 1284
f 6355 3421 3422
f 6356 7418 6425
f 6356 6425 3359
f 4841 3359 6390
f 4841 6390 563
f 1301 192 850
f 4842 3424 3511
f 1043 6426 6393
f 3490 440 6427
f 3426 6427 440
f 6427 3426 1064
f 6428 3366 6429
f 6428 6429 3532
f 4844 663 3427
f 1304 4845 3427
f 4846 663 3428
f 3428 6382 3429
f 3427 6431 1304
f 545 3430 608
f 3430 1238 3309
f 3309 965 3431
f 3562 3431 1172
f 3329 680 6432
f 4847 6432 304
f 3432 4847 6433
f 1189 4848 3434
f 3351 150 3433
f 3434 4848 474
f 4848 3433 474
f 1232 3395 392
f 4816 1193 4877
f 1334 3164 3334
f 3164 6434 3334
f 1167 3436 38
f 3436 3223 3437
f 3437 3223 3516
f 256 1167 38
f 997 3195 3438
f 3195 256 3438
f 38 3438 256
f 654 997 3441
f 3441 3439 1275
f 1283 3396 3440
f 654 3441 3240
f 3441 1275 3590
f 3411 3590 684
f 202 3268 3526
f 3268 764 3526
f 3526 764 3442
f 3526 3442 1338
f 401 6384 3310
f 3310 6384 3374
f 3444 1322 3414
f 6398 3460 4849
f 3460 6398 74
f 4849 3460 7
f 3446 6399 3378
f 4850 169 3445
f 4850 3445 6435
f 1322 6435 3445
f 4851 447 3339
f 3339 6399 4851
f 6399 3339 284
f 3469 3446 6435
f 927 3314 6436
f 4811 6436 3447
f 3314 447 4852
f 3447 6437 439
f 6437 3470 6451
f 751 6438 3450
f 6438 1137 3448
f 3447 439 100
f 6453 3357 3451
f 3451 3528 6440
f 6441 3453 6456
f 3453 6441 3382
f 3382 585 3452
f 3453 3452 6403
f 850 3386 1301
f 675 3327 3405
f 3454 545 288
f 741 3192 3218
f 3192 3455 4854
f 4853 1148 3456
f 3408 7430 6443
f 6442 7143 1174
f 816 3457 4829
f 4855 6444 659
f 3524 3435 6445
f 6434 3494 3334
f 3334 3494 6445
f 764 3411 3442
f 3458 657 4856
f 887 4857 3459
f 3460 6446 3461
f 3466 3461 6447
f 6418 6447 3461
f 1322 3444 4858
f 6449 4858 3463
f 3463 4858 89
f 89 3462 3465
f 3466 6448 3467
f 6448 3466 6447
f 3467 6448 3468
f 3467 6483 1137
f 447 3469 3470
f 3469 6435 3497
f 6435 1322 6449
f 3470 6450 6451
f 6450 3497 6466
f 6451 6466 439
f 89 3465 3499
f 6438 68 1137
f 697 6452 6517
f 6517 6452 3472
f 6454 6453 3451
f 3472 4859 655
f 6440 655 4859
f 4867 751 3473
f 3474 3473 955
f 3475 6411 3398
f 3400 4860 699
f 335 4860 3400
f 738 3517 4861
f 3479 6475 4862
f 6475 3479 3478
f 4861 3453 6403
f 3453 4861 3479
f 3480 4862 620
f 3453 6455 6456
f 6455 3480 6456
f 6456 3480 6457
f 961 6457 3481
f 3480 6458 3507
f 6458 3480 620
f 3481 6472 191
f 6472 3481 6457
f 1132 6459 6484
f 6459 3506 4863
f 6484 4863 3483
f 3506 335 6460
f 3483 3482 831
f 1028 3484 3383
f 3484 1145 3383
f 1028 3383 462
f 470 4840 3485
f 4840 445 3485
f 470 3485 803
f 906 470 803
f 3283 906 1267
f 906 803 3486
f 3487 781 3488
f 1320 3658 3489
f 3489 3425 817
f 3490 735 3488
f 440 4864 651
f 3491 1064 3553
f 197 4865 3367
f 3388 140 4865
f 4865 6461 3493
f 6432 384 304
f 1193 3432 6433
f 3410 1009 3494
f 3410 3494 6434
f 3371 479 3495
f 1032 3413 3539
f 6464 3539 3413
f 3413 4837 4866
f 4866 181 7426
f 439 6466 3449
f 6466 3497 6467
f 89 6468 3463
f 3449 6468 3498
f 3449 3498 3474
f 3500 3474 3498
f 6468 89 4867
f 3499 4867 89
f 751 4867 3499
f 1288 6411 3502
f 3502 3501 738
f 833 3618 6470
f 4869 6470 3618
f 3618 499 4869
f 3476 4869 499
f 3503 3477 6469
f 4860 6469 3477
f 620 3504 6458
f 4870 6458 3504
f 3504 6470 4870
f 6470 3504 833
f 3508 6471 4872
f 6471 3508 3505
f 3505 6470 3503
f 6469 3506 4871
f 3506 6469 335
f 3505 4871 6471
f 4871 3506 6459
f 6471 6459 1132
f 191 6472 3543
f 4872 3543 6472
f 3507 6458 3508
f 3543 4872 1132
f 1203 4886 6502
f 6502 3544 3509
f 3544 831 3417
f 3509 3417 252
f 784 6404 245
f 3321 784 690
f 784 245 3510
f 3420 6355 3422
f 3420 3422 4841
f 4895 4841 563
f 3548 651 4873
f 4873 4864 3488
f 3492 3325 573
f 502 3512 3492
f 1304 6431 3513
f 3429 3513 6431
f 3429 6430 4874
f 6430 1063 6473
f 4874 6473 3557
f 3513 4874 6474
f 6474 3557 698
f 3514 3368 272
f 3515 384 3394
f 306 3437 1037
f 3516 1232 392
f 1243 6416 6492
f 6416 871 4875
f 6492 4875 3458
f 4875 3335 3458
f 657 3458 3335
f 3501 3517 738
f 3542 3501 4868
f 3517 3501 214
f 688 6475 3478
f 961 3481 3518
f 961 3518 245
f 3481 191 3518
f 6424 462 3519
f 3406 123 3559
f 272 3521 3564
f 3521 1161 7001
f 4876 6409 3522
f 3522 6409 3393
f 3523 3393 349
f 392 6477 3608
f 4878 3568 758
f 3524 616 3433
f 3438 38 3439
f 3439 3525 1275
f 202 3526 3373
f 4879 1338 4905
f 4879 4905 423
f 3593 3448 1137
f 3527 6478 421
f 655 3528 3529
f 3528 699 3476
f 3528 3476 499
f 3619 3504 3530
f 3504 3619 833
f 3530 620 6475
f 620 3530 3504
f 3531 6424 3519
f 252 3519 1207
f 3344 690 445
f 445 3510 710
f 820 3489 4880
f 6489 4880 3554
f 3489 817 4880
f 4880 6428 3532
f 3554 3532 4845
f 1064 3426 3533
f 3426 440 3551
f 3533 3551 286
f 3536 712 3512
f 3534 4881 502
f 3536 4882 4883
f 4883 4882 1209
f 3535 712 3536
f 474 3433 3645
f 6462 232 3572
f 3538 6465 4884
f 4884 6479 3648
f 6480 949 6481
f 949 6480 3648
f 598 3540 6482
f 3632 6482 3631
f 3631 6481 949
f 1032 4885 6448
f 4885 1032 3540
f 6483 3541 1137
f 214 3542 688
f 6518 688 3542
f 4899 3543 1132
f 3545 3594 856
f 1132 6484 3595
f 6484 3483 6485
f 3483 831 3544
f 3595 4886 1203
f 3518 191 3545
f 1207 3519 6551
f 6551 3546 3547
f 3519 462 3546
f 3547 6486 632
f 632 6486 3655
f 3546 462 4887
f 3655 4888 6487
f 6487 4888 1284
f 777 3548 1301
f 440 651 3549
f 440 3550 3551
f 3550 1313 3621
f 286 6488 3621
f 1064 3533 3553
f 3553 4889 502
f 6489 3554 3641
f 3555 3554 4845
f 3556 6498 3555
f 3513 3555 1304
f 3556 3513 6474
f 4896 6474 698
f 698 3557 3558
f 3557 6473 3537
f 3520 3560 996
f 3667 545 1105
f 545 608 1105
f 6499 882 3561
f 3493 3561 1148
f 1174 3456 823
f 3456 1148 823
f 948 272 3564
f 6599 3564 3565
f 3565 3564 706
f 659 96 3515
f 982 96 589
f 3566 384 4890
f 3566 4890 6490
f 4890 982 1266
f 1193 6433 3568
f 6433 304 3567
f 3568 3567 758
f 38 306 3525
f 4891 1037 4932
f 1283 3440 3571
f 3440 397 3570
f 3571 3440 6491
f 3440 3570 6491
f 397 337 3570
f 3570 3572 6559
f 6491 6559 824
f 6492 3458 6501
f 3573 6501 3458
f 243 4892 3458
f 243 4893 3591
f 3574 6493 3575
f 6493 3574 4857
f 957 3591 4893
f 6493 887 6494
f 6493 6494 3415
f 957 4894 697
f 245 3518 3576
f 3518 856 3652
f 445 690 3510
f 3576 710 245
f 3577 1128 3485
f 3485 1128 3597
f 3485 3597 803
f 6495 3578 3580
f 563 3579 3580
f 3579 988 4918
f 3579 4918 3637
f 6495 3637 487
f 3384 1267 3548
f 1267 4921 966
f 1320 3489 820
f 1001 6497 3582
f 3581 6498 3556
f 3582 4896 698
f 123 3387 3606
f 3387 675 3606
f 3559 3606 3560
f 3560 3605 496
f 140 3520 6461
f 6461 3583 3493
f 3583 996 3732
f 3584 3562 4897
f 4897 1172 3514
f 3584 4897 61
f 1174 3563 6444
f 3563 78 1298
f 1189 3434 3586
f 3434 474 3585
f 304 3587 3567
f 3566 6490 259
f 3587 259 3567
f 3588 3567 259
f 3567 3588 758
f 6501 3592 6545
f 3592 6501 3573
f 4892 243 3591
f 957 4898 3591
f 1137 3541 3593
f 3614 3541 598
f 3593 3614 6514
f 6478 6514 421
f 856 3594 4917
f 4899 1132 3595
f 6502 3509 3651
f 3651 252 7431
f 445 710 3577
f 3577 710 3596
f 3577 3596 1128
f 803 3597 3486
f 3597 4929 3598
f 3597 3598 4921
f 3486 4921 1267
f 3600 6503 3599
f 3599 6522 4900
f 6522 691 4900
f 6504 3622 354
f 4889 3552 6525
f 3601 6525 3552
f 3552 286 4901
f 3600 4901 286
f 4902 3600 6505
f 354 6505 3600
f 238 4903 3604
f 3602 6523 3603
f 4924 3603 6523
f 3604 6554 1003
f 6554 3604 4903
f 3604 1003 6506
f 6498 6506 1003
f 3684 3581 4930
f 4930 6497 1001
f 1148 3561 823
f 96 1298 3644
f 96 3644 589
f 3586 6509 1189
f 6509 3409 1189
f 392 3608 1037
f 3608 758 6510
f 3608 6510 3609
f 3525 3569 353
f 423 3610 3611
f 423 3611 6512
f 957 697 3616
f 6513 3616 33
f 598 4907 3614
f 4907 598 3632
f 3632 6533 4907
f 6533 208 3613
f 3614 4906 6514
f 4906 3613 6515
f 3615 6515 3613
f 3613 91 6516
f 3616 697 3472
f 3542 6515 4908
f 6515 3542 421
f 3617 6516 91
f 1249 6519 4910
f 6519 3633 4909
f 4910 4909 3618
f 3529 4915 655
f 4909 3529 499
f 3618 833 4910
f 3619 4910 833
f 3619 6520 4910
f 4910 6520 1249
f 1313 3550 3620
f 3620 3549 6521
f 286 3621 6503
f 4911 6503 3621
f 3621 1313 3642
f 3599 4911 6522
f 4911 3642 6541
f 6522 6541 691
f 354 3622 3623
f 3622 4900 6524
f 4900 691 6523
f 6524 6523 3602
f 502 6525 3534
f 3601 3534 6525
f 3601 6505 3624
f 6526 3624 6505
f 3534 6527 4882
f 6527 3624 6555
f 3558 3537 436
f 78 3625 6528
f 78 6528 3689
f 27 1298 78
f 6529 3523 706
f 3523 349 4904
f 982 589 1266
f 589 6 1266
f 792 3607 6578
f 6578 6530 7432
f 3607 4904 4912
f 4912 457 7433
f 3628 4913 7439
f 4913 3586 7003
f 3629 616 1009
f 1009 616 3494
f 1009 3410 3630
f 1338 3442 3589
f 3442 684 3589
f 4933 6500 517
f 389 6463 3674
f 6463 1303 6532
f 3674 3700 3701
f 4914 949 3676
f 33 6534 3679
f 3472 655 4915
f 3679 3633 6519
f 6520 3530 6535
f 6520 6535 3634
f 3530 688 4916
f 4916 6518 3617
f 4916 3617 91
f 4917 3635 856
f 1284 6496 6487
f 6496 3578 6537
f 6487 6537 3636
f 3578 6495 3726
f 3636 6592 366
f 4918 988 3638
f 3683 820 3639
f 3639 3640 557
f 557 3640 3661
f 3640 6489 3641
f 3661 3641 6540
f 1003 6540 3641
f 3710 4951 6541
f 6541 849 3660
f 6541 3660 691
f 496 4919 3643
f 3605 6507 4919
f 3643 4919 253
f 505 3644 772
f 589 3644 6
f 1266 1023 6490
f 259 6490 1023
f 1338 3589 3646
f 3589 4933 3646
f 6543 171 3647
f 949 3648 3676
f 6479 1243 6544
f 3648 6544 3650
f 1243 6545 6544
f 6545 3592 6546
f 6544 6546 3650
f 3592 4898 3702
f 6547 3702 244
f 533 6536 7434
f 6536 1203 6548
f 6571 6548 7144
f 4920 6502 3651
f 3707 4920 7435
f 6549 3651 7431
f 710 3576 3596
f 1207 6551 6573
f 6573 3547 3654
f 3547 632 3653
f 6550 490 3596
f 3636 632 3655
f 3656 4921 4946
f 4921 3598 6562
f 4946 6562 483
f 1122 6539 6594
f 6539 651 3656
f 966 3656 3548
f 6552 3657 4922
f 6552 4922 3683
f 3683 4922 1320
f 4922 3658 1320
f 3730 6597 3659
f 6597 557 4923
f 691 3660 4924
f 3660 3659 4924
f 4923 557 3661
f 3603 6553 6554
f 6553 3661 6540
f 6554 6540 1003
f 1209 6555 6614
f 6555 3624 6556
f 3624 6526 3662
f 3663 4925 884
f 354 3623 6526
f 3662 6557 4925
f 6557 3664 6565
f 4925 6565 884
f 4883 1209 3665
f 996 3560 4926
f 996 4926 575
f 4926 496 3666
f 575 4926 1090
f 4926 3666 1090
f 288 3667 436
f 859 3668 61
f 4938 1105 3584
f 6510 3588 3692
f 3585 474 3670
f 3670 474 3645
f 3670 3645 6542
f 3670 6542 754
f 616 3629 3717
f 3629 1009 3718
f 3718 3630 3671
f 1275 3525 3673
f 1326 3630 3571
f 1326 3571 824
f 3630 1283 3571
f 6559 3572 3647
f 3674 6568 3675
f 3675 870 171
f 3676 6560 6533
f 6560 3704 208
f 3678 381 3677
f 6570 957 3612
f 3678 3612 33
f 381 6561 3681
f 3681 4928 1249
f 4928 3679 6519
f 4935 3680 3634
f 3634 3681 6520
f 6550 3652 3706
f 3652 856 3706
f 3706 856 3635
f 3653 632 3636
f 3636 366 3653
f 4929 1128 3725
f 487 3637 6577
f 3637 3682 3708
f 6563 7004 3657
f 3708 3657 6552
f 4937 6552 501
f 3639 501 3683
f 4930 1001 6564
f 4930 6564 3784
f 6565 3784 884
f 1001 3582 3686
f 3582 698 3686
f 3685 3687 213
f 3686 698 3558
f 3687 3558 58
f 61 3514 948
f 3688 1087 403
f 3688 3689 1087
f 403 71 505
f 1266 6 1023
f 259 3669 3588
f 259 1023 3669
f 3669 1023 7444
f 3669 3714 4927
f 3802 4927 3714
f 274 3691 3751
f 3691 6584 7005
f 6567 6566 3670
f 3739 3670 754
f 3692 4927 1007
f 257 3692 1195
f 3609 6510 3692
f 3693 3692 257
f 355 4931 3716
f 3694 754 6542
f 4931 6542 3645
f 3716 4931 3717
f 3717 3645 616
f 353 3569 3719
f 1275 3673 3695
f 3673 415 3695
f 4933 517 3696
f 6559 3647 3698
f 824 3698 3699
f 3647 171 3698
f 4934 381 3705
f 6569 244 3702
f 6570 3702 4898
f 6570 4898 957
f 4935 91 3613
f 3680 3703 3681
f 3703 208 3704
f 3704 244 3705
f 381 3703 3705
f 3635 533 3721
f 533 6571 6589
f 6571 3707 7006
f 6589 6572 7437
f 3707 6549 7145
f 6549 1207 7007
f 6574 6573 7438
f 3722 4936 7445
f 4936 3654 891
f 6576 3727 3709
f 3709 4937 3755
f 3755 4937 501
f 1313 3620 3642
f 3620 6521 3710
f 3665 59 253
f 976 3794 3809
f 3667 1105 3711
f 3785 3734 443
f 1105 4938 3711
f 4938 3668 3734
f 792 6578 6633
f 6578 7432 6579
f 6633 7008 3712
f 3628 7439 4939
f 6531 786 6580
f 4939 7440 3713
f 3712 7441 6582
f 6581 7147 6583
f 6582 7442 482
f 6583 3713 7009
f 6601 4940 274
f 3713 6580 7148
f 6580 786 7010
f 6585 6584 3691
f 4940 3691 274
f 3802 3714 7443
f 1023 3715 7444
f 3802 3715 6602
f 355 3716 946
f 1326 6586 3671
f 6586 3799 6558
f 3799 6647 7149
f 6647 946 3716
f 6587 3716 3717
f 3672 3719 6588
f 6500 3695 517
f 3721 533 6589
f 176 4942 877
f 6589 7437 4944
f 6589 4944 3721
f 3722 7445 4943
f 6575 891 6590
f 4943 7446 3753
f 3721 6591 4942
f 6591 7151 6609
f 4942 6609 877
f 1128 3596 3725
f 3596 3723 3724
f 3725 483 6562
f 366 6592 3741
f 3726 487 4945
f 4945 6577 3727
f 3741 6576 1237
f 4946 483 3728
f 3656 6593 6594
f 6593 3728 6594
f 501 3639 4948
f 4947 7447 3729
f 3755 4948 4954
f 4948 3729 6596
f 4954 6596 937
f 3730 6596 3729
f 3730 3729 6595
f 6597 6595 7436
f 1090 3666 3731
f 6499 3732 882
f 882 3732 575
f 3733 443 3734
f 173 3734 3668
f 173 3668 859
f 3561 882 6598
f 3746 209 1087
f 3761 4949 6600
f 4949 3736 6619
f 6600 6619 1022
f 3690 1020 1278
f 3777 3789 1309
f 1309 6601 274
f 1023 3750 3738
f 1023 3738 3715
f 3750 120 3738
f 6602 3738 6603
f 3693 380 3752
f 4932 1037 3609
f 380 3693 257
f 6622 824 3740
f 1237 6604 3741
f 6604 3754 3741
f 483 3724 4950
f 3728 4950 3743
f 3724 351 3742
f 3743 4950 6606
f 4950 3742 6624
f 6606 6624 7450
f 6606 832 4953
f 3743 4953 3744
f 3728 3744 6594
f 1122 6607 6521
f 6607 3744 4951
f 6521 4951 3710
f 3744 94 4951
f 3745 4951 94
f 4951 3745 849
f 3687 58 607
f 19 58 436
f 3813 469 141
f 6608 3747 3775
f 4952 706 3627
f 3748 403 209
f 71 3748 1278
f 287 4958 3749
f 1023 3690 3750
f 3690 1278 4958
f 3690 4958 3750
f 3751 3737 274
f 3737 3751 42
f 176 877 3767
f 877 6609 6626
f 6609 3753 7011
f 6626 6610 3769
f 3753 6590 7152
f 6590 891 6605
f 6611 6604 7449
f 832 6612 4953
f 6612 3771 4953
f 3771 94 3744
f 1237 6576 6613
f 6576 3709 6613
f 3745 94 3757
f 3757 6596 3730
f 1209 6614 3782
f 3758 884 3811
f 3758 3811 106
f 1181 3735 3759
f 3735 6598 882
f 3759 4955 6616
f 6616 4955 575
f 6617 3625 3760
f 3625 1181 3760
f 1181 3625 823
f 3813 3763 6631
f 1022 6619 6660
f 6619 3736 6620
f 6660 6619 3764
f 3736 3565 4956
f 4957 7154 6608
f 7012 6608 7448
f 1278 3748 3749
f 1278 3749 4958
f 701 1309 3737
f 6649 6622 3766
f 3766 3740 6623
f 6623 3805 1042
f 351 3767 3742
f 3767 877 3768
f 3742 3768 6624
f 832 7450 6628
f 6625 3768 4959
f 6628 4959 3770
f 3768 877 4959
f 4959 6626 3769
f 6627 6611 7449
f 832 6628 7451
f 6628 3770 6629
f 6630 6629 3772
f 3770 6627 3756
f 6627 1237 6613
f 3772 3756 937
f 94 3771 3757
f 3771 6612 3772
f 6612 832 7451
f 3757 3772 937
f 6618 3773 3762
f 3763 3762 3773
f 3773 3760 3774
f 6639 6632 6640
f 3775 792 6634
f 6634 6633 7452
f 3776 4960 7454
f 4960 3712 7013
f 3778 1309 701
f 42 3739 3765
f 3739 754 3694
f 415 3672 4961
f 3672 6588 4961
f 6588 418 3798
f 3696 3720 4962
f 4962 3720 293
f 3779 524 3780
f 3780 524 3698
f 3780 3698 171
f 6511 1006 6636
f 3790 868 7155
f 4963 6637 7453
f 3781 6638 3791
f 3781 3791 550
f 3780 870 509
f 3758 106 4965
f 3782 4965 59
f 3809 59 4965
f 3783 884 4966
f 4966 3784 6564
f 3685 6564 1001
f 3785 443 3827
f 643 209 141
f 643 469 3786
f 246 4975 3843
f 3843 4975 3788
f 3787 6639 6640
f 6639 3787 7448
f 6635 3788 7454
f 1251 3843 3789
f 3843 3788 6635
f 3789 6635 482
f 1251 3777 985
f 3816 4958 287
f 946 6641 3765
f 6641 406 80
f 946 3765 355
f 912 4971 3696
f 3696 4967 3697
f 3697 6636 1006
f 550 3791 3701
f 3791 6637 4968
f 6637 868 6658
f 3701 6644 6568
f 3793 3731 363
f 253 3794 3731
f 3794 976 363
f 209 4 720
f 6645 4 1295
f 3795 6645 3815
f 1218 365 406
f 42 80 406
f 406 6641 316
f 380 1195 6646
f 380 6646 3797
f 418 3797 3798
f 3797 646 3835
f 946 6647 6652
f 6647 3799 6652
f 6652 6648 3803
f 3799 6586 7157
f 6586 1326 7014
f 6650 6649 7455
f 3803 4969 7457
f 4969 3766 7015
f 6651 6623 7456
f 1090 3793 3800
f 3793 864 3800
f 1245 6603 3801
f 6603 3738 484
f 1218 668 365
f 3796 946 4970
f 4970 6652 3803
f 4970 3803 7457
f 6653 6651 7456
f 509 4980 3779
f 4980 3805 3779
f 6668 1042 3805
f 293 3806 912
f 6674 7016 3851
f 4971 912 3808
f 3851 7458 6655
f 6655 3808 1257
f 4965 106 3810
f 884 3783 3811
f 3783 667 4973
f 575 3812 6616
f 3869 6616 3812
f 3812 6615 3869
f 6615 1090 3800
f 3869 3800 3868
f 3869 3868 795
f 173 859 4974
f 173 4974 1022
f 3761 6600 1022
f 3813 1297 469
f 469 1297 3786
f 760 3786 1297
f 520 3787 3857
f 4975 246 3859
f 4975 3859 3814
f 564 3857 3814
f 531 3843 1251
f 287 3815 3816
f 3815 6656 3871
f 3816 6657 3846
f 979 3846 6657
f 1218 406 316
f 6658 7461 3792
f 6568 3817 870
f 679 3819 3820
f 3819 6660 7459
f 3820 3764 7017
f 3820 7017 3857
f 277 1269 3829
f 277 985 3821
f 1218 157 668
f 3822 1245 3832
f 3817 281 3823
f 870 3817 509
f 3817 3823 509
f 4977 106 3824
f 3853 4978 3854
f 3854 3824 977
f 3825 607 3838
f 3838 3826 736
f 607 19 3828
f 3828 3827 6662
f 3867 6662 84
f 3827 443 3839
f 3827 3839 6662
f 531 3829 3830
f 277 3821 6664
f 277 6664 1269
f 668 3821 231
f 1245 3801 3832
f 3801 3864 3875
f 3832 3875 446
f 1042 6668 6665
f 3834 82 6666
f 3849 4979 6667
f 6667 3833 3881
f 646 664 3835
f 3798 3835 293
f 3834 6668 3805
f 3808 3806 1257
f 3836 1257 664
f 1257 3835 664
f 868 6669 6658
f 6669 3850 7460
f 6658 3837 7461
f 3850 6672 7159
f 6672 749 3866
f 6659 3866 281
f 213 3825 3838
f 3839 443 3733
f 84 3839 1085
f 3839 3733 3818
f 1085 3818 6719
f 6719 3818 3841
f 46 760 3879
f 3863 1269 6664
f 3845 6664 3821
f 3831 3821 668
f 3832 3876 3822
f 3876 6670 3847
f 3822 3876 6646
f 3876 3847 6646
f 3881 3848 6667
f 3848 1333 3796
f 3849 3796 3804
f 3849 3804 6653
f 6665 7018 1042
f 3823 281 3865
f 3823 3865 82
f 1257 6671 6655
f 6671 3887 4982
f 6655 7019 3851
f 6673 7020 3850
f 3851 7462 6674
f 4981 7160 6669
f 6674 7021 868
f 3811 4973 4983
f 4983 667 3852
f 3878 4984 3902
f 363 976 4984
f 4984 976 3855
f 3856 3858 3934
f 757 3934 3858
f 3859 402 3860
f 564 3859 3860
f 3844 200 4985
f 4985 200 3861
f 4985 3861 898
f 6676 3862 4986
f 6676 4986 3892
f 4986 1269 3863
f 3875 3864 3895
f 3896 3895 967
f 796 157 316
f 6646 3847 3797
f 6670 11 3877
f 3848 316 1333
f 749 3897 3866
f 3897 3886 3866
f 3886 6682 3865
f 3866 3865 281
f 3868 3800 864
f 3759 6616 3869
f 3870 3759 6677
f 3759 3869 795
f 6663 3862 3829
f 3829 3862 3830
f 3862 329 402
f 979 6657 6697
f 6697 3871 3872
f 3871 6656 3872
f 3872 4985 898
f 1123 3874 3873
f 484 979 3864
f 3864 979 3895
f 1123 3873 6678
f 1299 157 3873
f 3876 3896 6670
f 4987 363 3878
f 3879 760 3880
f 6676 776 3862
f 4986 6663 1269
f 6698 4989 1108
f 796 316 4989
f 4989 316 3881
f 4990 709 3882
f 3877 4990 664
f 565 6679 6683
f 6679 3884 6683
f 6683 6680 3885
f 3885 4991 6682
f 6682 3833 82
f 3882 1046 3836
f 3897 565 3886
f 3886 6683 3885
f 3886 3885 6682
f 1257 3836 6671
f 3836 1046 3887
f 1046 6684 3898
f 3887 3898 749
f 736 3867 3908
f 3908 84 3888
f 3908 3888 6695
f 5000 6695 895
f 1181 3759 6689
f 6685 3870 7022
f 6689 6686 7463
f 3870 6677 7161
f 6677 795 7023
f 4992 6687 7464
f 3890 4993 7466
f 4993 3889 7024
f 6688 6711 800
f 3774 1181 6689
f 4994 6689 7463
f 3891 4995 7465
f 4995 3890 7466
f 6690 6688 800
f 776 6676 3923
f 6676 3892 3893
f 3863 1299 6691
f 3892 6691 3894
f 3926 155 3893
f 3894 6691 3874
f 3926 3874 1123
f 3895 979 3905
f 967 3905 360
f 3912 709 11
f 6692 3917 7467
f 6684 4996 3898
f 3917 565 7162
f 6693 565 3897
f 977 3852 3918
f 3852 667 3899
f 1235 3899 3901
f 3899 667 3900
f 3901 3900 736
f 3902 1290 4998
f 3878 4998 4988
f 4988 3950 1103
f 179 3888 3940
f 3879 992 4999
f 200 4999 3904
f 898 3861 3910
f 3861 200 3904
f 3910 3904 6696
f 6696 3904 3949
f 979 6697 3905
f 3872 898 3925
f 360 3905 3925
f 3906 6698 1108
f 285 3907 3914
f 6699 6681 3884
f 3914 7163 6679
f 3901 5000 1235
f 5000 895 6708
f 3903 3909 5001
f 3858 5001 757
f 5001 3858 3860
f 564 3860 3858
f 329 776 963
f 967 360 3936
f 967 3911 11
f 400 5005 5002
f 5002 3913 3914
f 3913 1123 3906
f 3913 3906 285
f 1123 6678 3906
f 6678 796 3906
f 3915 400 3916
f 3912 184 3883
f 400 5002 3916
f 3916 5002 565
f 5002 3914 565
f 3917 3916 565
f 4997 1235 3946
f 795 3868 3921
f 3921 864 4988
f 6700 4988 1103
f 795 3921 3960
f 6709 3960 3922
f 3921 6700 3960
f 3922 6728 783
f 161 963 3970
f 1152 3982 3923
f 3923 3893 155
f 40 933 3935
f 1123 5004 3926
f 5004 752 5003
f 6701 3974 6703
f 3927 6703 3974
f 3927 5004 6702
f 6702 5004 1123
f 400 3928 5005
f 3928 6706 6704
f 6706 1306 7468
f 6704 6703 3927
f 6705 3927 6702
f 3929 6716 6707
f 6716 1306 6706
f 6707 6706 3928
f 6709 3922 5006
f 6687 7026 3889
f 3889 7469 6711
f 6710 783 6736
f 6711 7470 800
f 3933 3842 679
f 3930 5009 5012
f 3891 6690 7164
f 6690 800 7027
f 5007 6713 7471
f 3932 5008 3880
f 5008 3931 7028
f 3880 6729 992
f 3933 679 6675
f 5009 6675 3934
f 757 5009 3934
f 776 3964 963
f 3935 6714 5010
f 6714 3935 933
f 3936 5010 3911
f 5010 3938 6718
f 3911 6718 184
f 6715 3937 6714
f 3938 6714 3937
f 3937 6734 6717
f 6734 1306 6716
f 6717 6716 3929
f 3938 3929 6718
f 6718 3915 184
f 3920 977 3919
f 1135 5011 297
f 3919 297 5011
f 297 3939 3954
f 3939 6708 895
f 743 3954 114
f 3962 179 3941
f 3941 3940 1085
f 3942 3841 3842
f 6745 6720 3943
f 3942 3842 3933
f 3943 7472 6722
f 6722 5012 515
f 3923 155 3944
f 3944 3945 6742
f 3923 6742 1152
f 6723 297 3919
f 3946 1235 6708
f 3946 6708 3939
f 3947 895 6695
f 3967 6724 3948
f 1103 3950 3951
f 3951 3952 628
f 628 3952 6866
f 3920 3950 6694
f 6866 3952 6726
f 6726 3956 15
f 3956 6726 3952
f 3955 1254 3953
f 3955 3954 743
f 3956 37 595
f 515 3957 3909
f 3957 757 3909
f 3924 3958 926
f 3924 926 3972
f 3959 6727 64
f 3960 6700 1103
f 3961 3951 628
f 595 37 148
f 114 3947 3966
f 3980 31 179
f 992 6729 5016
f 6729 3931 7473
f 5016 6730 3968
f 3931 6713 7029
f 6713 800 7474
f 5013 6731 3963
f 3968 5014 6732
f 5014 3963 6738
f 6732 6738 1036
f 933 3959 6715
f 6715 5015 3937
f 3959 64 5015
f 5015 64 3965
f 3937 3965 6734
f 6734 6740 1306
f 974 6726 15
f 5018 3955 6735
f 705 6735 3966
f 3955 743 6735
f 114 6735 743
f 800 6736 7474
f 6736 783 6737
f 6731 6737 3963
f 3963 6737 6738
f 6737 783 6757
f 6738 6757 7483
f 6724 3967 630
f 3979 3968 6739
f 6739 6732 7475
f 5022 6869 7476
f 3981 7477 3909
f 3969 3909 7478
f 6749 3969 3971
f 3969 7478 3970
f 3972 926 3948
f 1306 6740 6741
f 6740 3965 5017
f 6741 5017 1069
f 3965 64 3973
f 6701 1306 6741
f 6701 6741 1069
f 752 3974 3945
f 3975 3945 3974
f 3974 1069 3975
f 3945 3975 6742
f 1254 3955 148
f 595 148 3976
f 148 149 3976
f 838 6743 6752
f 6743 3977 6744
f 6752 6744 3978
f 3977 6760 7167
f 6746 6745 7480
f 3978 5019 7481
f 5019 3943 7030
f 6747 6722 515
f 630 3979 3995
f 3979 6748 1021
f 3995 3979 1021
f 6749 3971 405
f 3970 963 3964
f 405 3964 6733
f 3972 385 4001
f 3972 4001 6768
f 6727 6768 64
f 705 3966 6750
f 3980 3966 31
f 3987 5020 7484
f 5020 3980 7031
f 5018 705 4004
f 148 4004 149
f 838 6753 7168
f 6753 838 6752
f 3978 7481 5021
f 3999 6733 3982
f 3982 6755 3983
f 3999 5023 1247
f 5023 3983 6770
f 6756 3961 628
f 783 3961 6757
f 3961 3984 6763
f 6758 974 15
f 705 6750 6759
f 6773 7032 4006
f 3987 7484 6761
f 6761 7033 3977
f 4006 5024 5030
f 5024 7169 6743
f 5030 6743 838
f 289 3988 3998
f 3988 1014 405
f 3992 974 3985
f 628 3989 6756
f 5026 6756 3989
f 3989 6725 5026
f 5025 6762 3990
f 3984 3990 6764
f 6763 6764 7483
f 1036 6764 6766
f 6764 3990 3991
f 3990 6762 7035
f 5027 6765 3993
f 974 3992 3993
f 3992 1170 3993
f 4009 3993 1170
f 3993 4009 3991
f 793 3991 4009
f 3986 44 4008
f 1021 6748 6767
f 6748 7475 6766
f 6767 6766 3991
f 793 3994 3991
f 630 3995 6724
f 3996 6724 3995
f 3995 1021 3996
f 3996 1021 3997
f 4000 3997 1214
f 289 3998 4017
f 6733 3998 405
f 1247 4017 3999
f 4001 4002 6768
f 6768 4002 5028
f 64 5028 3973
f 3973 6769 5017
f 6769 4014 6780
f 5017 6780 1069
f 3975 3983 6771
f 4004 705 44
f 44 4005 6772
f 6772 4005 7486
f 705 6773 44
f 6773 4006 5031
f 44 5031 4005
f 5030 838 5033
f 5030 5033 4007
f 6774 4007 7485
f 4019 6772 944
f 4009 1170 4010
f 793 4010 1205
f 838 4011 5033
f 4011 6754 7170
f 6775 7036 1014
f 5032 6775 7487
f 4007 6776 7485
f 6776 4012 7037
f 6777 6778 7486
f 4015 4008 44
f 944 6778 6781
f 6781 4012 289
f 4012 6775 289
f 289 1014 3988
f 1205 3994 793
f 4002 4023 4014
f 6779 773 4013
f 4014 4013 6780
f 4016 6781 289
f 6781 4016 6782
f 289 4017 1247
f 773 5034 4013
f 4018 6770 4003
f 6770 4018 4027
f 4013 4003 6780
f 6780 5029 1069
f 4019 4015 44
f 6782 4021 4019
f 4021 6782 4016
f 190 4027 4026
f 95 4029 790
f 4031 117 4030
f 4034 931 872
f 3 4033 5337
f 2088 5511 4028
f 931 6783 872
f 1956 6783 4035
f 4036 500 5583
f 6784 5583 334
f 6785 2028 6790
f 4040 6790 2028
f 2028 5464 5036
f 5464 347 6786
f 5036 6786 4037
f 5037 4037 6787
f 1307 6787 4037
f 4036 6784 4038
f 2148 6792 1307
f 4036 5038 4373
f 5038 2148 4373
f 6788 4041 4039
f 4041 6788 6789
f 6789 6788 915
f 915 6790 6789
f 6790 4040 6791
f 6789 6791 4041
f 4040 6787 4038
f 6792 4038 6787
f 4041 5039 334
f 6784 334 5039
f 4042 1124 2241
f 2241 671 6793
f 2241 6793 2348
f 1255 4042 2348
f 1124 6794 4043
f 4042 4397 2239
f 4043 2239 454
f 4050 472 43
f 6173 3224 4044
f 4044 580 737
f 580 4044 4045
f 4045 894 1201
f 4045 1201 580
f 147 17 4052
f 1332 4052 17
f 25 4046 4050
f 4046 147 219
f 788 5040 4047
f 580 2734 4047
f 25 4049 4046
f 4049 17 147
f 510 1310 147
f 788 990 5040
f 4049 990 17
f 4047 25 580
f 580 25 4050
f 580 4050 737
f 990 5645 17
f 17 5645 4051
f 510 4052 1332
f 1121 6795 5190
f 6795 4061 5042
f 5190 5042 4055
f 4061 6796 4054
f 5041 4054 661
f 4518 964 6797
f 130 6797 4057
f 661 4058 221
f 4058 950 221
f 2002 5455 4059
f 29 4059 448
f 6798 1027 12
f 1027 2293 12
f 4060 5629 4074
f 4076 5044 1008
f 5044 4074 6803
f 1121 6799 6795
f 6799 1743 6800
f 6795 6800 4061
f 4061 4056 448
f 964 6801 6797
f 6801 4062 4063
f 4062 1265 6798
f 4063 6798 12
f 4070 713 2169
f 2371 4070 923
f 950 6802 4064
f 5045 4054 6796
f 5045 6796 448
f 461 4065 6805
f 6805 5046 4066
f 4065 5901 5046
f 5901 1008 6803
f 5046 6803 4073
f 4066 4073 6804
f 6804 5051 6801
f 1089 2857 2688
f 2857 6051 5047
f 6051 461 6805
f 5047 6805 4066
f 4067 5048 6806
f 5048 4066 6804
f 6806 6804 964
f 4064 1180 713
f 368 2566 4071
f 4072 130 1088
f 5049 713 110
f 729 5049 133
f 12 4068 4063
f 4063 4057 6797
f 713 4069 4064
f 5049 729 221
f 4069 221 950
f 774 4075 5050
f 2371 5050 4070
f 4070 5050 713
f 5050 110 713
f 18 4072 2294
f 2294 4072 1088
f 1265 4062 5629
f 4062 6801 5051
f 4074 4073 6803
f 448 5455 5045
f 5455 1180 4064
f 5050 18 110
f 110 18 133
f 774 2461 4075
f 2461 5724 4071
f 4075 4071 4072
f 4075 4072 18
f 1034 4053 2294
f 5874 2491 2661
f 1008 2661 4076
f 4059 4078 6807
f 6807 5427 1259
f 7038 4079 4080
f 6808 4081 4082
f 1343 4084 1354
f 7041 5061 4088
f 4089 1351 7042
f 6809 1356 4093
f 4096 7044 5073
f 7045 5079 4098
f 7047 5085 1368
f 1435 4127 7051
f 4127 1435 5124
f 1451 4133 5103
f 6810 4139 5146
f 7053 4140 5150
f 4141 7056 4142
f 4143 4144 6811
f 1520 5164 1500
f 7057 5182 5180
f 1566 467 4160
f 1591 4161 1791
f 6812 5194 5192
f 6813 4173 5212
f 4191 6814 5246
f 5250 6815 5249
f 7213 1737 5261
f 6816 5269 4206
f 6817 4216 5285
f 6818 4218 5291
f 6819 4219 5294
f 7064 4224 5300
f 7065 5306 4227
f 626 7069 4232
f 4235 1760 4221
f 5355 6820 5353
f 113 6821 4289
f 133 1963 729
f 4307 7071 5444
f 6822 5459 4318
f 280 2044 2112
f 7072 5484 4338
f 5499 6823 4349
f 4362 7075 5521
f 7076 5533 5531
f 934 5536 4369
f 506 5546 1936
f 4380 7079 5559
f 6824 4392 4393
f 2216 2214 2215
f 5590 2150 2256
f 934 5593 5592
f 4405 2234 2263
f 4408 7081 5596
f 7082 4414 4415
f 2294 5613 4416
f 4424 5622 2213
f 175 1179 4442
f 6826 4445 5654
f 2261 5702 5701
f 5710 7087 4470
f 2555 2508 2509
f 7093 4497 5771
f 4516 6828 5802
f 2594 5815 4526
f 7097 4530 5823
f 6829 5827 4532
f 6830 5866 4546
f 2674 4560 5889
f 7102 5897 4568
f 4583 6831 5922
f 7103 5952 4599
f 7104 4601 5955
f 7105 761 5967
f 7106 4619 5990
f 7108 4622 5996
f 4623 6832 6000
f 4632 6833 4631
f 7111 4637 6040
f 6834 6059 6058
f 4648 6835 6064
f 6836 4654 6068
f 4656 6837 6074
f 6838 4662 2903
f 6094 6839 6092
f 2909 4666 2908
f 2785 242 2922
f 6840 4675 2994
f 7373 6115 6113
f 6120 6841 6119
f 6143 2934 1202
f 6150 6842 6148
f 7121 6161 6159
f 7124 6177 4710
f 4712 6179 3020
f 6187 6843 6185
f 6204 4725 6203
f 7126 4731 6220
f 6844 6223 6222
f 6845 6238 4738
f 6846 4750 6258
f 3091 3172 2627
f 4765 4766 6847
f 3166 6295 4772
f 6848 3205 4782
f 3218 816 3133
f 6849 4787 6319
f 1056 6336 4797
f 7136 6339 6338
f 6850 4799 6341
f 6373 3336 6374
f 6409 3392 3393
f 3215 6851 6414
f 7141 6421 6420
f 7142 6442 4854
f 6852 3564 6476
f 4905 3610 423
f 4912 6853 6530
f 6574 6854 6572
f 7146 6581 6579
f 6587 6855 4941
f 7150 6591 4944
f 7153 4957 6620
f 6634 6856 6632
f 4963 7156 4964
f 6857 6643 4967
f 6858 6644 3701
f 6650 6859 6648
f 7158 4972 6654
f 4977 4978 6661
f 6666 6860 6665
f 6861 4981 4982
f 1297 3880 760
f 6681 6862 6680
f 4992 6863 6686
f 6864 4995 3891
f 5007 6865 6712
f 7166 5012 3942
f 6721 3942 5012
f 3920 5011 3950
f 6867 5014 6730
f 6746 6868 6744
f 6869 5022 6753
f 6870 5024 6759
f 6871 6774 5031
f 5032 7171 5033
f 5054 6872 5056
f 5054 7172 4089
f 4084 1355 1354
f 5086 6874 5068
f 6875 5070 4094
f 6876 5073 5077
f 4096 6877 5074
f 5077 6878 5070
f 5057 1378 1367
f 5059 5084 4102
f 5101 6879 5086
f 1156 1370 5084
f 7183 1388 5111
f 6880 5098 5112
f 6879 5101 5102
f 6881 4113 5072
f 7182 1406 5105
f 5106 195 1397
f 6882 5149 5111
f 7184 5112 4116
f 1406 4122 4130
f 7185 4118 5080
f 893 1418 5123
f 1418 206 1435
f 195 4122 1406
f 6883 4127 5113
f 7186 5158 5125
f 1442 1441 1440
f 5127 1442 1446
f 5129 1404 5103
f 1404 292 4133
f 1467 1479 622
f 4136 5137 1514
f 6884 5147 4138
f 7188 5156 5148
f 7190 5150 5153
f 7192 5145 5152
f 7193 4142 5147
f 6885 5154 4141
f 6886 5191 5156
f 1435 1500 4143
f 1208 1516 1517
f 5160 7198 4154
f 1607 1509 5186
f 1590 780 1591
f 1191 1474 1634
f 7200 5192 5232
f 6888 5193 4164
f 5194 6889 5217
f 1569 1693 1585
f 7203 5245 5204
f 1616 1615 1517
f 1596 745 1654
f 1474 1573 282
f 1634 282 1796
f 5211 6890 5296
f 4173 6891 5214
f 6892 5233 5236
f 5196 6893 5236
f 4190 7210 5244
f 5245 6894 5290
f 6895 5244 5247
f 1583 467 5251
f 4197 1182 1693
f 1704 1119 1631
f 6896 5280 5262
f 1157 4206 5181
f 7216 5304 5270
f 7220 5281 5352
f 7222 5207 5283
f 6897 5285 5307
f 6898 5290 5291
f 6899 5292 4217
f 7225 5345 5293
f 4219 6900 5296
f 1752 748 1753
f 295 1793 4221
f 5262 1763 4223
f 7217 1769 4227
f 5267 6910 4226
f 7066 1889 5378
f 5323 6901 5307
f 7227 5313 5315
f 6902 5314 4231
f 7233 4232 5294
f 5323 6903 5325
f 1822 6904 5354
f 5332 7238 5333
f 5339 1959 5340
f 5422 5340 1959
f 5341 6905 5343
f 6906 5343 7211
f 5292 7211 5343
f 7226 5344 5345
f 1849 5392 5319
f 6907 5353 5375
f 6908 5354 5355
f 6909 5333 5356
f 1860 429 1861
f 1337 1920 1873
f 1920 322 170
f 280 1270 4290
f 6910 5305 4275
f 7243 1764 5417
f 5397 6911 5239
f 5397 6912 5418
f 1959 5338 4297
f 4297 7215 5422
f 7215 4297 5579
f 1939 1963 1034
f 5441 6913 5404
f 6914 5444 5493
f 5446 4308 1928
f 6915 5447 5448
f 2014 379 1163
f 4312 2117 2005
f 6916 5458 4317
f 6917 5471 4331
f 5484 7256 5485
f 7257 4349 5482
f 7259 5530 5503
f 5518 6918 5509
f 1027 2099 1034
f 5515 6919 5516
f 6920 5521 5458
f 7074 5451 4362
f 6921 5544 5523
f 1141 7264 4364
f 5501 7266 4367
f 5533 7268 5534
f 2154 2083 569
f 1988 2233 539
f 1988 5486 2233
f 2233 851 2234
f 2099 2290 506
f 6922 5559 5535
f 6923 5560 4380
f 6924 5572 5599
f 6925 779 2210
f 6925 5578 5563
f 1268 2215 4393
f 2254 828 2255
f 6825 430 4406
f 6926 2155 2138
f 2282 5604 535
f 6927 5610 5611
f 535 2301 2136
f 4421 5573 5619
f 5610 7278 4424
f 1049 2246 2322
f 5625 6928 5560
f 798 2220 5035
f 2510 2310 2111
f 6929 5674 536
f 6930 5655 4444
f 7282 5652 5656
f 935 290 2361
f 1233 4455 5784
f 5644 6931 5680
f 6932 5686 4458
f 5725 6933 5696
f 2500 555 597
f 5619 6934 2430
f 1242 2651 2437
f 7287 4470 2357
f 665 5709 5710
f 6935 5765 5712
f 2530 6936 2444
f 6937 5701 2444
f 5686 5679 5716
f 5722 7291 5723
f 6933 5725 5743
f 1331 2497 4476
f 2471 763 2337
f 763 2471 2150
f 5698 4478 5604
f 5731 1225 1096
f 2455 369 2600
f 6938 5748 5708
f 4479 7294 4496
f 4497 5816 2554
f 5773 1179 175
f 6939 5781 4503
f 2449 2268 5841
f 2626 5841 2268
f 2430 2626 644
f 5784 6940 5842
f 5796 6941 5813
f 5798 7298 5799
f 6942 5802 5822
f 6943 5803 4516
f 6944 5898 924
f 4523 7301 5808
f 6945 4526 5772
f 6946 5814 4525
f 5822 6947 558
f 924 7305 4529
f 4530 7307 5825
f 558 4532 5621
f 6948 5826 4531
f 5827 5857 7309
f 2610 2856 2565
f 747 2430 2629
f 6949 5847 4539
f 6950 5853 5855
f 7311 5859 5860
f 2460 2610 368
f 6951 5865 4545
f 7312 5886 5867
f 296 2654 2674
f 5847 6952 5871
f 7314 6007 5873
f 2676 5890 4562
f 6953 5893 7320
f 5914 7320 5893
f 5854 6954 5803
f 5855 2742 6955
f 2701 1026 5815
f 5915 4576 5814
f 5916 7323 5917
f 6956 5919 4580
f 2586 5922 5954
f 6957 5953 5923
f 6958 5931 5932
f 4590 4591 1026
f 888 3112 2935
f 2935 2881 2730
f 6959 2736 7338
f 2736 6959 5942
f 4558 1262 4598
f 5952 7329 5953
f 2838 2746 4571
f 5954 6960 5957
f 5923 7332 4600
f 5890 7335 4607
f 5970 6961 6001
f 5989 6962 6093
f 4619 7341 5992
f 5915 7342 4621
f 4622 7344 5998
f 6963 6000 6069
f 6964 6001 4623
f 2798 5817 6004
f 4625 6965 6027
f 908 2808 4615
f 2977 6146 6027
f 789 6966 6036
f 4637 7350 6041
f 7351 6149 6049
f 7352 6061 6060
f 6968 6064 6114
f 6969 6065 4648
f 6970 5998 6066
f 4651 639 2730
f 7358 6068 6073
f 7345 4653 6069
f 7361 6002 6070
f 6971 6074 6097
f 6972 6075 4656
f 6973 6078 6076
f 6003 6077 530
f 7365 6079 6082
f 6974 6080 4658
f 283 6975 2846
f 6976 6092 6158
f 1093 6093 6094
f 6977 5992 6095
f 2920 975 2902
f 6978 6103 4674
f 2785 2784 2744
f 6015 2994 6156
f 2926 1093 6109
f 4675 6979 4701
f 7372 6113 6118
f 6980 6114 6115
f 7357 6116 6066
f 6981 6119 6143
f 7119 6116 6120
f 6982 6067 6121
f 2934 6121 6144
f 6983 6047 6151
f 6158 6984 6257
f 6095 7381 4703
f 6161 7383 6162
f 6169 6191 3005
f 6193 6191 6169
f 6151 7386 4709
f 370 3063 6198
f 188 3020 3036
f 6985 6185 6201
f 6986 6186 6187
f 6987 6112 6188
f 6988 3025 3024
f 7377 889 6190
f 3039 4763 586
f 6989 6201 6202
f 4723 6188 6141
f 7384 858 6163
f 3025 6205 6251
f 6990 6216 3059
f 6216 6991 6218
f 6219 6992 6308
f 853 7392 4730
f 4731 7394 6221
f 7395 6275 6224
f 7396 6229 6262
f 3091 6267 6252
f 7399 3119 6253
f 7401 6258 6291
f 6993 6259 4749
f 7403 6261 6260
f 6259 7406 4751
f 7397 3070 6264
f 4753 921 6265
f 3091 2627 4744
f 3130 1012 3102
f 2962 3132 3041
f 3187 6300 3157
f 6369 4702 4770
f 7407 1271 6293
f 2922 6302 3220
f 6995 4782 6306
f 6996 6309 4781
f 7410 3191 6317
f 7411 6319 6408
f 7413 6303 6320
f 3222 3223 234
f 2914 3336 6372
f 3255 308 6322
f 1111 3389 3237
f 654 3240 3137
f 6997 764 3352
f 542 3243 1312
f 6335 4797 6324
f 6337 6998 6391
f 6309 7415 4798
f 6339 682 6340
f 7417 6357 682
f 3196 3311 4726
f 3311 3310 3312
f 3307 3288 3454
f 3307 3287 3288
f 6374 7420 6375
f 3341 1186 3471
f 6410 1176 1217
f 6410 1217 4819
f 4819 1217 3332
f 6351 6386 6422
f 6353 6387 6439
f 6999 6340 6392
f 3351 6370 6383
f 3374 1303 3310
f 6400 6372 6397
f 6405 3283 6406
f 3390 7424 4828
f 3535 328 3405
f 6413 6414 3389
f 7000 6443 4855
f 457 4819 3409
f 3171 871 4836
f 6419 7427 6385
f 6377 3415 4839
f 6421 7429 6422
f 261 4842 3511
f 3365 3424 6393
f 3511 3425 3658
f 6442 1174 6443
f 3471 6453 6454
f 6416 6479 6465
f 7001 6409 4876
f 7002 6492 6501
f 7002 6501 6545
f 3610 6511 3611
f 7003 6508 6531
f 3700 550 3701
f 7434 6548 6571
f 7435 3651 6549
f 3585 3670 6566
f 3629 3718 3717
f 6538 7004 6563
f 7005 6566 6567
f 7006 6572 6589
f 7007 6573 6574
f 3794 59 3809
f 6578 7008 6633
f 6531 7440 4939
f 6581 7442 6582
f 7009 4940 6601
f 7010 6584 6585
f 3802 6603 1245
f 6575 7446 4943
f 3639 7447 4947
f 7011 6610 6626
f 3746 6618 3762
f 3565 4952 4956
f 7012 4957 6608
f 7013 6582 6635
f 6511 6636 4964
f 868 6637 4963
f 3782 6614 4965
f 6643 6636 3697
f 7014 6649 6650
f 7015 6623 6651
f 3804 6651 6653
f 6642 7016 6674
f 3810 6661 3855
f 4979 3833 6667
f 7460 3837 6658
f 3849 7018 6665
f 6671 7019 6655
f 749 7020 6673
f 4981 7021 6674
f 3902 3854 1290
f 7022 6686 6689
f 7023 6687 4992
f 7024 6711 6688
f 6631 3891 1297
f 7025 6689 4994
f 7465 6688 6690
f 7467 4996 6684
f 992 3967 4999
f 3907 6681 6699
f 7468 6701 6703
f 6709 7026 6687
f 6710 7470 6711
f 7027 6713 5007
f 7028 6729 3880
f 7029 6731 5013
f 7479 6745 6746
f 7030 6722 6747
f 7031 1168 6751
f 6747 7477 5021
f 6749 7482 5022
f 705 7032 6773
f 6751 7033 6761
f 7034 6762 5025
f 7035 6765 5027
f 7036 6775 5032
f 7037 6778 6777
f 1312 3224 6173
f 1343 5052 4080
f 7038 1339 4079
f 7039 4079 1340
f 1350 6808 4082
f 5055 7040 4081
f 1347 7041 4088
f 1350 7042 1351
f 4089 5089 1351
f 1371 6809 4093
f 7043 4094 5069
f 7173 1358 4095
f 6877 4096 5073
f 7175 1363 5075
f 7044 5075 1360
f 1360 7045 4098
f 4098 7178 1358
f 1362 7046 1363
f 5081 7046 4099
f 1348 7047 1368
f 4102 7048 5085
f 5092 7049 5093
f 1370 1397 1382
f 1393 1394 714
f 7181 1417 4113
f 5104 4113 1417
f 5084 1382 1396
f 1405 5100 1393
f 7050 4117 4118
f 1418 1435 7051
f 7052 5124 1409
f 4129 1440 1441
f 1455 1406 4130
f 5138 1472 1473
f 1427 1483 4136
f 6810 1488 4139
f 7191 5151 5150
f 7053 1487 4140
f 7054 4140 1490
f 7055 4141 4142
f 7195 1491 5155
f 7056 5155 1488
f 1435 6811 5159
f 4143 6887 4144
f 6811 4144 1501
f 1501 7057 5180
f 4154 7058 5182
f 7199 5186 4160
f 7201 4164 5192
f 6812 1639 5194
f 7059 5194 1604
f 1613 5197 1614
f 1519 1596 1654
f 1638 6813 5212
f 5213 7060 4173
f 5212 7205 1748
f 4189 7061 4190
f 5242 7209 1686
f 5246 6814 1745
f 1689 5250 5249
f 6815 4195 1690
f 7214 5268 4206
f 6816 1769 5269
f 7062 5269 1714
f 1718 1719 7218
f 7221 5282 5281
f 7063 4215 1853
f 282 1336 1860
f 1742 7224 1741
f 6818 1746 4218
f 6898 4218 1773
f 1747 6819 5294
f 5294 7228 1748
f 1705 7064 5300
f 1769 7065 4227
f 4226 7066 5306
f 4231 7067 5313
f 7067 4231 7068
f 1774 7068 1967
f 7069 1775 1747
f 1849 1057 4234
f 1790 4234 1057
f 1793 4235 4221
f 5331 7237 1823
f 1830 5339 1157
f 1157 5339 1831
f 6905 5341 1871
f 5342 4250 1746
f 7070 5355 5353
f 7242 1823 4256
f 6820 4256 1854
f 1854 4272 1913
f 1889 4275 1891
f 1763 1913 325
f 1928 1906 1927
f 4289 2043 113
f 113 1935 6821
f 343 6821 1935
f 1958 5579 4297
f 4297 5422 1959
f 5431 4301 1971
f 4305 5441 1927
f 7071 5445 1994
f 7247 5448 4308
f 4316 2012 2034
f 6822 2109 5459
f 4318 5459 644
f 2077 7072 4338
f 4337 7073 5484
f 4338 7255 2055
f 5493 1994 2003
f 6823 4348 2077
f 5500 2126 5502
f 2081 5504 1954
f 7074 4362 5521
f 7263 2142 5522
f 7075 5522 2109
f 1828 2112 4363
f 2126 7076 5531
f 4367 7077 5533
f 5531 7267 2127
f 4369 2130 934
f 2012 5550 2150
f 7078 4380 5559
f 7270 2325 5561
f 7079 5561 2200
f 5564 2194 2193
f 2200 4383 4384
f 2130 4384 4383
f 430 4387 2266
f 1958 4392 5580
f 5580 6824 2215
f 2377 2233 2234
f 587 2218 2245
f 5592 5593 2299
f 2264 4406 2267
f 2232 2264 2265
f 7080 4408 5596
f 7081 5597 2267
f 7275 5611 4415
f 7082 2213 4414
f 7083 4414 2288
f 2269 2306 4421
f 2430 2269 4421
f 4424 7084 5622
f 4431 7279 2325
f 7281 4444 5654
f 4444 2379 6826
f 7085 6826 2379
f 2384 2349 6827
f 2349 2454 6827
f 2394 771 2435
f 7086 5710 4470
f 7288 2441 5711
f 7087 5711 2358
f 7088 5718 2450
f 7088 2403 4472
f 4473 7089 1330
f 7090 2454 2349
f 2385 7091 5722
f 2470 2471 2337
f 2435 586 2436
f 7292 2501 5748
f 7092 4487 2502
f 7293 4494 5766
f 2477 7093 5771
f 4496 7094 4497
f 5771 7295 2554
f 2521 2690 2469
f 7296 2644 5789
f 5797 7297 2593
f 2576 2595 2703
f 7095 4516 5802
f 7300 2582 4517
f 6828 4517 2603
f 7302 4525 4526
f 7096 5815 2528
f 2603 7097 5823
f 4529 7098 4530
f 5823 7306 2605
f 7308 4531 4532
f 6829 2642 5827
f 4532 5827 7099
f 7309 7099 5827
f 2627 2626 747
f 5843 5845 2629
f 2644 5860 5858
f 5864 4545 4546
f 6830 2653 5866
f 5807 5866 2587
f 2654 4547 2674
f 747 2629 2657
f 7100 2658 2659
f 7101 2653 2672
f 2552 2674 5889
f 5889 4560 2813
f 2627 2683 5896
f 2685 7102 4568
f 4568 7318 2582
f 1026 2701 7321
f 5815 2594 2701
f 4576 2701 2594
f 4578 7322 2630
f 7324 3057 5920
f 7326 2712 4584
f 6831 4584 2747
f 2721 4586 2715
f 2824 5945 2707
f 2745 7103 4599
f 4599 7328 2712
f 2747 7104 5955
f 2677 7105 5967
f 5971 7337 2795
f 4615 2784 2785
f 2784 4615 2808
f 2725 7106 5990
f 4618 7107 4619
f 5990 7340 2791
f 2701 7108 5996
f 4621 7109 4622
f 5996 7343 2877
f 7110 4623 6000
f 6832 4624 2883
f 2657 2802 4625
f 6965 4625 2802
f 6966 2890 6036
f 2827 7111 6040
f 4636 7112 4637
f 4640 6048 2604
f 3103 2867 2868
f 6834 2871 6059
f 7113 4648 6064
f 7356 2877 4649
f 6835 4649 2878
f 4652 4651 2881
f 4651 4652 2702
f 7359 4653 6068
f 6836 2883 4654
f 7114 4654 2886
f 7115 4656 6074
f 7363 2887 4657
f 6837 4657 2909
f 7366 4658 6079
f 7116 6094 6092
f 7369 2791 4663
f 6839 4663 2996
f 2934 6144 2907
f 4673 2918 6032
f 2926 6840 2994
f 6109 7117 4675
f 7118 6113 2878
f 7119 6120 6119
f 7376 2882 4677
f 6841 4677 2934
f 2881 2935 3112
f 7120 2975 2976
f 6842 4697 3014
f 2994 4701 6157
f 4702 6157 2995
f 3066 6157 4702
f 2996 7121 6159
f 4703 7122 6161
f 6159 7382 2997
f 6169 3005 3006
f 7123 4707 3030
f 7123 3006 413
f 3014 7124 4710
f 4709 6239 6177
f 3018 3019 3063
f 7125 6187 6185
f 7388 2930 4715
f 6843 4715 3045
f 2972 3024 3025
f 4724 3045 4723
f 4725 6204 3025
f 3055 7391 3056
f 2952 7126 6220
f 4730 7127 4731
f 6220 7393 3207
f 6844 3062 6223
f 7128 6223 3061
f 3035 3063 4732
f 7398 4737 4738
f 6845 3077 6238
f 7129 6238 3015
f 2868 519 1176
f 6267 4744 3114
f 7130 3094 2847
f 4746 7400 3100
f 7402 4749 6258
f 6846 3106 4750
f 7131 4750 3160
f 7132 3070 3109
f 3241 947 2702
f 3114 4754 3149
f 3062 3157 3127
f 3132 3133 3041
f 3079 3134 3080
f 3077 6847 6285
f 6285 6847 3143
f 3149 3150 4767
f 4768 3187 3157
f 4772 6295 3109
f 3194 6303 4779
f 6303 3194 3392
f 3221 4779 6303
f 7133 3199 3153
f 7408 4781 4782
f 6848 3263 3205
f 3217 3216 3191
f 3133 816 3219
f 7412 4786 6319
f 6849 3221 4787
f 7134 4787 3391
f 3092 4788 3336
f 6321 4788 894
f 3436 1167 234
f 3166 3136 3333
f 1316 3333 3136
f 857 3248 3340
f 1056 228 6336
f 7135 6336 3229
f 3263 7136 6338
f 4798 7137 6339
f 6338 7416 3264
f 6850 3265 4799
f 7138 4799 3266
f 3265 7139 3302
f 401 3310 3311
f 3312 6364 3311
f 6373 7419 3337
f 4817 3336 3243
f 6383 150 3351
f 7422 3264 4822
f 7423 3337 4825
f 4828 7140 1161
f 3392 3349 3393
f 4833 3535 3405
f 6851 4834 3389
f 3171 4836 6415
f 3341 7141 6420
f 6420 7428 3355
f 3423 4842 261
f 3365 4843 3424
f 4843 3425 3424
f 3455 7142 4854
f 4853 7143 6442
f 4854 7430 3408
f 6454 6440 4859
f 6464 4866 3496
f 3521 4876 6476
f 6852 3522 3564
f 457 3409 6509
f 7433 3586 4913
f 6853 4913 3628
f 7144 4920 3707
f 3781 3700 3611
f 7145 6574 6572
f 7438 3654 4936
f 6854 4936 3722
f 3628 7146 6579
f 4939 7147 6581
f 6579 7441 3712
f 7148 6585 4940
f 7443 3715 3802
f 7149 6587 4941
f 6855 3717 3718
f 3722 7150 4944
f 4943 7151 6591
f 6598 3735 1181
f 7152 3754 6610
f 4955 3735 882
f 6618 3760 3773
f 3736 7153 6620
f 4956 7154 4957
f 6620 7012 3764
f 7452 3712 4960
f 6856 4960 3776
f 7155 4963 4964
f 7453 3791 6638
f 3781 7156 6638
f 3783 4966 3685
f 3807 6857 4967
f 6642 6636 6643
f 3791 4968 3701
f 6858 3792 6644
f 7157 6650 6648
f 7455 3766 4969
f 6859 4969 3803
f 3807 7158 6654
f 6654 7458 3851
f 7459 3764 3820
f 3810 4977 6661
f 6860 4979 3849
f 3848 3849 6667
f 3887 6861 4982
f 6673 7160 4981
f 4982 7462 3851
f 1297 3932 3880
f 6862 4991 3885
f 7161 4992 6686
f 7464 3889 4993
f 6863 4993 3890
f 3774 4994 3891
f 6864 3890 4995
f 7162 6693 4996
f 6699 7163 3914
f 5006 7469 3889
f 7164 5007 6712
f 7471 3931 5008
f 6865 5008 3932
f 7165 3941 6719
f 3941 7165 3942
f 7166 3942 3930
f 6721 7472 3943
f 3952 1135 3956
f 7473 5013 6730
f 6867 3963 5014
f 7167 6746 6744
f 7480 3943 5019
f 6868 5019 3978
f 5021 3981 6869
f 6753 7482 7168
f 7482 6753 5022
f 3987 6870 6759
f 6761 7169 5024
f 6871 4007 6774
f 7170 5032 5033
f 7487 4012 6776
f 7171 6776 4007
f 1281 7039 1340
f 1343 185 5052
f 5056 1292 5054
f 7042 1350 4082
f 1341 6872 4082
f 5062 1281 1340
f 7040 1340 5053
f 6872 1341 1342
f 185 1343 1354
f 4084 1343 5057
f 4084 714 1355
f 5060 5058 1347
f 6873 4086 5059
f 5060 1347 4088
f 1347 6873 4087
f 4087 7179 1348
f 7179 4087 6873
f 5093 1281 5062
f 1351 5062 1350
f 5062 1351 4108
f 4089 7042 5054
f 5054 1292 5063
f 4107 5063 1292
f 7172 5063 1377
f 1344 5057 1367
f 5057 1344 4084
f 1344 714 4084
f 4103 4093 1355
f 4103 1371 4093
f 6879 686 5067
f 6874 5067 1357
f 7043 5067 4094
f 6875 686 5070
f 7173 5070 1358
f 7176 5072 5077
f 6876 1359 5073
f 7174 5073 1360
f 1359 893 6877
f 7175 5074 1363
f 7177 5075 5076
f 7176 5077 5070
f 7174 1360 4098
f 6878 4098 1358
f 7177 5076 4097
f 7178 5079 5071
f 1281 1378 1343
f 5091 477 1366
f 1367 1366 714
f 7179 5059 4102
f 7048 1396 5105
f 235 7180 1371
f 5086 7180 5101
f 4106 1377 5063
f 7049 5091 1378
f 7049 1378 5093
f 5093 1378 1281
f 1397 1370 726
f 5112 1292 5097
f 6880 1352 5098
f 5099 1393 714
f 5129 1277 5100
f 7180 1395 5101
f 7181 5101 1395
f 686 6881 5072
f 5102 7181 4113
f 5072 5104 1359
f 1395 4112 1417
f 893 1359 5104
f 5104 1418 893
f 1382 5084 1370
f 1396 7182 5105
f 726 5106 1397
f 6882 1489 5149
f 7183 5149 493
f 1403 7184 4116
f 5090 1292 5112
f 1292 5090 4107
f 1404 5129 5100
f 5099 1366 1405
f 1366 5099 714
f 5074 5113 5080
f 7185 1409 4118
f 7050 5125 4117
f 1418 4112 5103
f 893 6883 5113
f 5123 7051 4127
f 7051 5123 1418
f 5113 7052 1409
f 1409 7186 5125
f 5124 1435 5158
f 5125 5179 1315
f 600 1469 1440
f 382 1441 1442
f 1442 5127 382
f 1448 382 5127
f 4133 1451 1404
f 1468 1467 1466
f 1473 1472 865
f 5103 206 1418
f 1143 420 5172
f 458 1427 4136
f 5163 4136 1514
f 1439 6884 4138
f 5142 7187 5147
f 4138 7194 1488
f 1582 7188 5148
f 4139 7189 5156
f 5148 7196 900
f 493 7190 5153
f 5149 7191 5150
f 5153 7054 1490
f 1490 7192 5152
f 7187 5153 5147
f 7193 1490 4142
f 7194 4142 1488
f 7055 5152 4141
f 6885 892 5154
f 7195 5154 1491
f 7189 5155 5156
f 6886 1491 5191
f 7196 5191 900
f 1495 1098 1530
f 206 1191 1500
f 1501 5179 5159
f 1435 206 1500
f 7197 4144 5160
f 5160 6887 1500
f 1606 1510 549
f 1500 5164 5160
f 1525 7204 1638
f 1555 1540 1058
f 5114 1315 5174
f 1510 1606 1551
f 1466 622 1513
f 4153 1555 1058
f 5179 1501 5180
f 7197 5160 4154
f 5160 1157 5181
f 7198 5181 1714
f 7058 1714 5270
f 1607 549 1509
f 1693 1182 1585
f 4161 1066 1791
f 1066 4161 4155
f 4155 1570 1066
f 1224 7199 4160
f 5186 1509 1566
f 1182 1640 1585
f 1591 780 4161
f 900 7200 5232
f 5191 7201 5192
f 5232 7059 1604
f 1491 6888 4164
f 5154 7202 5193
f 4164 5215 1639
f 6893 1605 900
f 1606 549 1607
f 4153 1613 1612
f 1612 1613 1614
f 1616 1517 1618
f 1655 1654 745
f 7208 5198 1623
f 1626 7203 5204
f 5203 1685 5245
f 5204 5245 874
f 5207 1618 718
f 1191 1634 1635
f 343 1220 5208
f 1636 5208 1830
f 6890 5212 1748
f 7204 5213 6813
f 5213 7204 5167
f 7205 4173 5214
f 7060 1626 5204
f 6891 5204 874
f 7202 1526 5193
f 6889 1718 5217
f 5218 1640 1182
f 1640 5218 4176
f 4176 5219 1642
f 5219 4176 1641
f 1642 1253 1790
f 5222 1614 295
f 7206 1632 1650
f 1573 624 282
f 1519 1654 624
f 624 1655 4257
f 603 5229 1659
f 4182 1659 5229
f 6893 5232 5236
f 6892 1604 5233
f 1182 1641 5218
f 5205 7207 5239
f 7208 5041 661
f 7209 4190 5244
f 7061 1684 5284
f 7210 5284 1127
f 5245 5290 6898
f 5246 6894 1685
f 1745 6894 5246
f 5247 6814 4192
f 6895 1686 5244
f 7211 5244 1127
f 7219 4195 5251
f 5260 7212 5223
f 1705 7212 1650
f 7206 1650 7212
f 7213 4202 1260
f 7229 5261 5262
f 6896 1737 5280
f 1763 5280 492
f 7236 718 5263
f 1157 7214 4206
f 5181 7062 1714
f 5340 7215 5267
f 5268 7230 1769
f 1714 7216 5270
f 5269 7217 5304
f 5274 7218 1804
f 4242 5295 1184
f 848 4211 1721
f 7219 5251 4210
f 5251 5275 1720
f 492 7220 5352
f 5280 7221 5281
f 5352 7063 1853
f 1853 7222 5283
f 6901 5284 5307
f 6897 1684 5285
f 7223 5285 1742
f 6817 5243 4216
f 7224 5286 1741
f 4229 1741 5287
f 874 6898 5312
f 6894 1745 5291
f 5312 6898 1773
f 1745 6814 4217
f 6899 4217 6814
f 5247 7211 5292
f 4217 7239 1746
f 1773 7225 5293
f 4218 7226 5345
f 5293 7240 1142
f 7227 5294 5214
f 7228 4219 5296
f 4219 1719 5216
f 6900 5216 478
f 4222 4201 452
f 7212 1705 5300
f 7229 5262 4223
f 7230 5267 4226
f 5267 7215 5305
f 4226 6910 1889
f 1659 7231 603
f 5378 7231 5306
f 5229 1770 5287
f 5307 7223 5323
f 7223 1742 7232
f 1771 7232 1742
f 7227 874 5312
f 7067 5315 5313
f 6902 1142 5314
f 7068 5314 1967
f 5294 7227 5315
f 7067 1774 7233
f 4232 7233 1774
f 5294 4232 1747
f 1253 1674 5329
f 1253 4234 1790
f 1849 5319 1057
f 1758 1791 1066
f 282 648 614
f 614 4289 343
f 6821 343 4289
f 6901 5325 7234
f 5325 6901 5323
f 7232 1771 4237
f 6903 4237 1798
f 1127 7234 1800
f 5326 7234 5325
f 1133 4266 4240
f 4244 7235 1813
f 5329 4234 1253
f 7236 1822 5354
f 6904 5331 1823
f 7237 5332 5333
f 7238 5335 345
f 5358 399 5334
f 5335 7251 345
f 7246 1826 5420
f 5208 1220 5338
f 5339 5340 5268
f 5340 5422 7215
f 1127 1800 6906
f 5341 6906 1800
f 6905 1834 5292
f 7239 5292 1834
f 5344 4250 278
f 7240 5345 1835
f 1849 4234 1848
f 5330 1908 1819
f 6907 1853 5353
f 7241 5353 1854
f 7070 5283 5355
f 6908 718 5354
f 7242 5354 1823
f 4272 4256 5356
f 6909 1823 5333
f 282 1860 648
f 4257 1860 1336
f 429 1860 4257
f 5360 1829 1252
f 1873 1920 170
f 1117 1873 170
f 1803 1337 1873
f 7235 109 4271
f 7241 1854 1913
f 1913 4272 1199
f 4276 5378 1889
f 1890 5305 1048
f 5380 943 1770
f 1770 603 4276
f 5330 4282 1908
f 4283 1329 5393
f 1323 7243 5417
f 1763 492 1913
f 5239 7207 5397
f 7245 1955 4285
f 6911 4285 1916
f 1860 1861 648
f 648 1861 614
f 4289 614 1861
f 2004 5456 1721
f 1047 5392 1928
f 5404 6913 1928
f 280 4290 199
f 7244 5408 5410
f 7244 1835 278
f 5442 1329 4283
f 7245 5397 5418
f 7207 1323 5417
f 6912 5417 1912
f 7215 5579 1048
f 2099 1939 1034
f 5427 5454 1259
f 1938 729 1963
f 626 5431 1971
f 1927 5441 5404
f 6913 1984 5516
f 1045 6913 5516
f 1329 5442 5504
f 5393 1329 4330
f 1220 1935 5338
f 2003 5443 5493
f 6914 1801 5444
f 5493 5444 1994
f 5446 7247 4308
f 2055 6915 5448
f 5485 822 5447
f 1760 4235 2014
f 7248 1999 5520
f 2034 5590 1291
f 2039 6916 4317
f 5471 7248 5458
f 4317 7262 2109
f 5459 7249 5523
f 5459 5523 67
f 7250 5494 973
f 4325 7250 973
f 2062 7251 2038
f 6917 399 5471
f 4331 5471 2039
f 2062 4331 636
f 1857 2000 429
f 5421 7252 5472
f 7253 2092 779
f 2112 1828 280
f 1045 5446 1928
f 5446 1045 5482
f 7258 2077 4338
f 5446 2055 7247
f 2055 5446 4338
f 7254 5483 4337
f 7255 5484 5485
f 7073 2078 5503
f 7256 5503 822
f 678 5469 1171
f 7251 2062 5376
f 5487 7253 779
f 6919 5498 1045
f 5482 1045 5498
f 7257 2105 4349
f 7258 4349 2077
f 7254 4348 5483
f 4350 7265 2126
f 2078 7259 5503
f 5502 7260 5530
f 2080 5534 201
f 2080 5536 2081
f 2134 1258 2282
f 1914 7261 2086
f 2087 2086 4353
f 5518 4353 2086
f 5510 6918 1070
f 7252 1234 1934
f 4360 5515 5516
f 5516 6919 1045
f 5562 6918 5518
f 4361 7261 5508
f 5458 7248 5520
f 6920 2108 5521
f 7262 5521 2109
f 7263 4362 931
f 7249 5522 5523
f 6921 2142 5544
f 5523 5544 67
f 4363 2112 1074
f 7264 5524 2288
f 4365 5525 2115
f 5526 2115 903
f 7260 2126 5531
f 7265 5501 4367
f 5551 1095 5532
f 7266 5532 2181
f 7267 5533 5534
f 7077 2181 5558
f 7268 5558 201
f 4369 201 5535
f 5535 2130 4369
f 1329 5504 5536
f 5468 1329 5536
f 2131 5468 934
f 2131 934 419
f 2154 5539 2083
f 5540 2083 5539
f 4370 569 2083
f 5567 940 5542
f 67 5545 5571
f 5546 506 5556
f 5547 5556 254
f 5590 2012 2150
f 2150 5550 763
f 4374 569 2155
f 2099 1027 2290
f 506 2290 5556
f 2012 2179 5550
f 6922 2181 5559
f 7269 5559 2200
f 7078 5532 4380
f 6923 1095 5560
f 7270 5560 2325
f 5566 5627 981
f 325 1199 1164
f 2016 2384 1141
f 7269 2200 4384
f 4386 940 5569
f 2266 4387 5570
f 5570 7273 911
f 6924 2206 5572
f 7271 5572 2306
f 7276 4389 5573
f 7272 5575 1086
f 5582 1048 5579
f 5580 5579 1958
f 2215 5582 5580
f 4392 696 2213
f 6824 4393 2215
f 2216 5581 2214
f 2214 1048 5582
f 2214 5582 2215
f 2215 1268 2216
f 2564 2216 1268
f 587 2117 2219
f 2295 2069 785
f 2194 2118 1147
f 2155 6926 2232
f 539 2233 4441
f 4441 2233 2377
f 2377 2234 1179
f 940 2305 5569
f 7273 2235 911
f 5586 7284 1086
f 2150 2471 2256
f 5590 2256 1291
f 5550 2179 763
f 2361 2262 935
f 851 2263 2234
f 5715 1096 4405
f 4405 4442 2234
f 6825 2138 5541
f 4406 7274 2267
f 5598 2264 2267
f 2232 6926 4407
f 4407 4406 2264
f 4406 4407 6926
f 2265 5594 4437
f 2265 5598 5594
f 5598 2265 2264
f 4437 5594 327
f 430 2266 5596
f 7274 5596 2267
f 7080 5570 4408
f 644 636 4318
f 5459 67 5599
f 2269 644 5599
f 2274 5035 583
f 2282 1258 5604
f 2263 5715 4405
f 4411 1070 5605
f 5609 7275 4415
f 5524 7083 2288
f 2458 6927 5611
f 5611 7277 2213
f 4414 2213 696
f 1034 4416 2116
f 2136 2301 2262
f 644 2269 2430
f 2269 7271 2306
f 4421 7276 5573
f 5619 7272 1086
f 2347 2238 636
f 2111 2310 1274
f 7277 4424 2213
f 4424 7277 5610
f 5610 558 5621
f 7278 5621 2313
f 2213 1268 4393
f 1268 2213 5622
f 7084 2313 5828
f 5632 5625 5560
f 5625 2341 4431
f 6928 4431 2325
f 7279 4430 5627
f 5626 2324 5649
f 5638 2265 4437
f 2111 613 2510
f 2310 5641 2349
f 6929 2397 5674
f 7285 5649 5700
f 2377 1179 5650
f 4442 1179 2234
f 7280 2330 2379
f 7085 2378 5652
f 5653 7281 5654
f 2346 6930 4444
f 4437 327 5655
f 4444 7280 2379
f 2534 7282 5656
f 4445 7085 5652
f 5656 5703 660
f 2384 6827 5662
f 5662 2454 847
f 2454 5662 6827
f 6933 5670 5696
f 2220 2467 583
f 1233 2431 4455
f 7283 4455 2402
f 5704 7284 5676
f 2403 2364 5680
f 5644 5680 2364
f 5676 7284 5681
f 2408 6932 4458
f 5605 5679 5686
f 5695 5669 750
f 2281 5698 5699
f 5699 5698 1258
f 7285 5700 4439
f 2261 769 5702
f 5702 2730 2445
f 2430 4421 5619
f 6934 1086 5704
f 6934 5704 2431
f 7286 2394 2435
f 1279 2436 2438
f 2436 1279 4467
f 7286 4467 1110
f 4467 2435 2436
f 2437 2436 1242
f 808 5706 5747
f 808 5708 2357
f 7287 2502 4470
f 2357 4470 2358
f 7086 665 5710
f 7288 5709 2441
f 2358 5711 5712
f 6935 2441 5765
f 5633 5765 951
f 5634 7289 5714
f 1096 6936 2530
f 5715 2283 6936
f 2283 6937 2444
f 5716 7290 5686
f 2450 7290 2403
f 6931 840 5717
f 7089 2451 5873
f 2560 2452 1330
f 1274 2310 2349
f 7090 5641 2454
f 5662 2385 5720
f 2385 847 5721
f 2385 5721 2581
f 7091 2581 5801
f 7291 5801 558
f 5724 2460 368
f 5698 2426 4478
f 5650 5773 4498
f 2435 771 586
f 2615 1242 586
f 808 6938 5708
f 5747 7292 5748
f 5708 7092 2502
f 2502 5805 665
f 7289 5749 5714
f 5761 5763 750
f 2420 5763 2519
f 5764 5759 1204
f 2571 2523 1262
f 5765 7293 5766
f 5770 5771 2554
f 5675 346 5772
f 7294 5772 2528
f 7295 4497 2554
f 7094 2528 5816
f 2554 5816 1026
f 639 2530 2445
f 2595 1241 5732
f 5780 5804 791
f 6939 5780 791
f 5782 5781 2652
f 2509 1241 2576
f 2509 2576 2555
f 2626 2430 747
f 1233 5842 5843
f 5842 1233 5784
f 7283 2402 5785
f 6940 5785 2628
f 7296 5788 2644
f 2487 2644 1082
f 2565 526 2584
f 5813 346 5796
f 6941 5797 2593
f 7297 5798 5799
f 7298 5868 361
f 2576 1241 2595
f 724 2576 2703
f 558 5801 5822
f 6942 2581 5802
f 7299 5802 2603
f 7095 5721 4516
f 5803 6943 847
f 7300 5803 2582
f 7304 4517 924
f 6944 2582 5898
f 4522 2587 5867
f 7301 5867 1175
f 346 6945 5772
f 5813 7302 4526
f 5772 7096 2528
f 2593 6946 4525
f 5799 7303 5814
f 2594 4525 5814
f 2528 5815 5816
f 1026 5816 5815
f 7299 2603 5823
f 6947 5823 2605
f 7304 924 4529
f 7305 5824 2604
f 7306 4530 5825
f 7098 2604 6049
f 7307 6049 1311
f 558 7308 4532
f 5621 7099 2313
f 2605 6948 4531
f 2313 7309 5828
f 5828 7309 1268
f 2746 629 2616
f 5707 1018 4535
f 2532 5838 1236
f 5841 2626 2627
f 5717 5846 2631
f 2630 6949 4539
f 5917 6952 5847
f 4539 7313 2658
f 5851 7310 332
f 7310 5944 332
f 6955 4544 5855
f 6950 2639 5853
f 7309 5857 2564
f 5859 2564 5857
f 2644 7311 5860
f 5788 2564 5859
f 5860 5857 2643
f 2485 839 2647
f 2652 6951 4545
f 5781 5888 5865
f 5888 5781 6939
f 4545 7315 2653
f 2587 7312 5867
f 5866 5887 5886
f 5867 5926 1175
f 2554 5783 2654
f 4591 2654 5783
f 2674 4547 4560
f 4560 4547 1093
f 2623 6953 271
f 5868 7336 361
f 747 2657 4625
f 5843 2629 1233
f 4499 87 2537
f 2658 7313 2659
f 5871 7313 5847
f 2451 7314 5873
f 5872 7100 6007
f 5873 102 1330
f 2322 5863 5728
f 2571 1262 4558
f 7315 5865 2672
f 929 7101 2672
f 5891 2873 4561
f 2676 7316 5890
f 4562 7334 2677
f 4562 7317 5966
f 5896 1050 5841
f 5896 5841 2627
f 6026 5896 2683
f 5854 2685 4568
f 6954 4568 2582
f 2685 6955 4567
f 5855 1125 2742
f 7318 5897 5898
f 4502 1002 5905
f 4502 5905 2691
f 7319 5912 5911
f 7320 5914 2727
f 7321 523 1026
f 2701 4576 7108
f 7303 5915 5814
f 5731 2479 1225
f 7322 5916 5917
f 7323 2705 1196
f 283 87 5870
f 5856 5919 6956
f 5919 5856 1305
f 7324 5919 3057
f 5804 2586 7330
f 5954 7330 2586
f 7325 5922 2747
f 7326 299 2712
f 7331 4584 5923
f 6957 2712 5953
f 7327 5953 993
f 5959 5928 5927
f 5930 6958 1213
f 5933 1026 523
f 5989 2654 4591
f 5989 4591 2725
f 1093 4547 5989
f 7319 5934 5912
f 2821 6959 1130
f 7328 5952 5953
f 7329 6012 993
f 689 2838 4571
f 629 2746 2470
f 5957 7330 5954
f 7325 2747 5955
f 6960 5955 2749
f 7331 5923 4600
f 7327 993 5956
f 7332 5956 2748
f 7330 5957 5924
f 5958 7339 529
f 938 216 2755
f 5985 7333 5961
f 7333 938 2755
f 4620 2793 2763
f 5988 4620 2763
f 7317 2677 5967
f 7334 5890 4607
f 7316 271 5968
f 7335 5968 2764
f 7336 6001 6964
f 6001 7336 5970
f 6961 5971 2795
f 7337 4609 5973
f 7367 5974 6080
f 7338 2773 1130
f 2922 908 4615
f 7339 5986 5962
f 1093 5989 6093
f 5989 2725 5990
f 6962 5990 2791
f 5933 523 5991
f 5933 5991 2790
f 7340 4619 5992
f 7107 2790 6063
f 7341 6063 954
f 4620 1256 5994
f 5995 2701 5996
f 5995 5996 2877
f 4621 7108 5915
f 7303 361 5997
f 7342 5997 2794
f 7343 4622 5998
f 7109 2794 5999
f 7344 5999 917
f 7360 5999 6069
f 6963 2794 6000
f 7345 6000 2883
f 7110 5997 4623
f 5997 361 6964
f 7362 4624 6002
f 7346 5973 1106
f 2479 4577 72
f 6122 5817 1236
f 6268 4625 3115
f 3115 6146 1077
f 4625 6027 6146
f 7100 2659 102
f 6952 1196 5871
f 2808 6103 1002
f 2810 6011 2963
f 6838 6012 4662
f 2926 2813 4560
f 7347 6241 1120
f 6016 7347 6017
f 6019 7349 1256
f 1050 6026 2772
f 4632 618 2821
f 6833 1130 4631
f 6965 2977 6027
f 6029 7348 1125
f 2838 689 2867
f 6034 6967 1065
f 6110 7349 6018
f 7347 1120 3044
f 6975 2734 2846
f 7348 2827 6040
f 4636 732 2847
f 7112 2847 6253
f 7350 6253 1118
f 861 6042 6101
f 5824 4640 2604
f 2604 7351 6049
f 97 6103 2809
f 2809 2808 908
f 6090 6967 2839
f 4644 7354 2871
f 2870 7352 6060
f 6059 4645 6061
f 6060 7353 938
f 216 7353 6061
f 7354 2839 2871
f 7374 6063 6114
f 6968 2790 6064
f 7355 6064 2878
f 7113 5991 4648
f 6969 523 6065
f 7356 6065 2877
f 7375 4649 6066
f 6970 2877 5998
f 7357 5998 917
f 4650 2880 6022
f 2880 4650 953
f 4652 2881 1263
f 734 7358 6073
f 6067 7359 6068
f 6073 7114 2886
f 7360 2882 917
f 2886 7361 6070
f 4654 7362 6002
f 6070 7346 1106
f 6971 2886 6074
f 7115 6070 4656
f 6972 1106 6075
f 7363 6075 2887
f 7371 4657 6076
f 6973 2887 6078
f 7364 6078 1169
f 6003 889 6077
f 1169 7365 6082
f 6078 7366 6079
f 2887 6974 4658
f 6075 7367 6080
f 6088 6087 1227
f 6976 2905 6092
f 7368 6092 2996
f 7116 1093 6094
f 7369 6093 2791
f 7380 4663 6095
f 6977 2791 5992
f 7370 5992 954
f 6097 6144 734
f 2908 633 6097
f 4666 7371 6076
f 2910 7364 1169
f 188 2921 3020
f 2691 4712 2921
f 2691 6978 4674
f 5905 1002 6103
f 4674 6103 97
f 4615 2785 2922
f 2784 597 2744
f 6015 2926 2994
f 2994 4675 4701
f 7117 2905 6091
f 6979 6091 768
f 6111 7349 6110
f 845 7372 6118
f 6112 7373 6113
f 6118 7118 2933
f 2930 6980 6115
f 6186 7374 6114
f 6115 7355 2878
f 7375 2933 2878
f 6981 2933 6119
f 6143 6119 2934
f 7376 6120 917
f 2934 4677 6121
f 6982 2882 6067
f 6121 6067 734
f 6077 7377 6124
f 7378 6127 6099
f 3141 6129 1079
f 2947 6042 861
f 2963 6011 2990
f 6134 2962 1099
f 6138 6136 2966
f 6142 6141 845
f 2971 6143 1202
f 2971 6142 6143
f 7378 3007 6127
f 7120 217 2975
f 7379 6148 3014
f 7385 4697 6151
f 6983 2853 6047
f 6011 1242 2615
f 2990 6011 2615
f 2993 6138 2966
f 444 6156 4735
f 6156 2994 6157
f 7368 2996 6159
f 6984 6159 2997
f 7380 6095 4703
f 7370 954 6160
f 7381 6160 3023
f 7382 6161 6162
f 7122 3023 6184
f 7383 6184 317
f 6062 7384 6164
f 6191 1198 3024
f 6169 3006 6193
f 7379 3014 4710
f 7385 6151 4709
f 7386 968 3015
f 370 3018 3063
f 2921 4712 3020
f 3216 6179 4712
f 965 6179 3216
f 6231 1271 6183
f 7389 6184 6201
f 6985 3023 6185
f 7387 6185 3045
f 7125 6160 6187
f 6986 954 6186
f 7388 6186 2930
f 7390 4715 6188
f 6987 2930 6112
f 6188 6112 845
f 6204 2972 3025
f 1198 6988 3024
f 3018 830 3019
f 188 3036 6178
f 4739 1040 6178
f 3039 6315 1111
f 3069 6989 6202
f 6228 7389 6201
f 6202 7387 3045
f 3046 4723 6141
f 4723 7390 6188
f 6141 6188 845
f 6249 4725 3089
f 3089 4725 6251
f 6205 3025 6988
f 6212 3055 3056
f 6043 1118 6213
f 7391 3055 6214
f 3057 6990 3059
f 5919 1305 6216
f 3059 6216 6218
f 6991 1305 2950
f 6131 2952 6220
f 6992 6220 3207
f 4685 853 4730
f 7392 6032 3061
f 7393 4731 6221
f 7127 3061 6224
f 7394 6224 1308
f 6032 2918 6222
f 6032 7128 3061
f 3061 7395 6224
f 6223 3062 6275
f 6224 6275 1308
f 317 7396 6262
f 7397 3022 3070
f 6165 234 6234
f 6233 3071 6235
f 953 2879 4736
f 2879 390 3072
f 6212 7398 4738
f 968 7129 3015
f 3056 6237 4737
f 6178 3036 4739
f 2868 2867 689
f 1120 4740 3079
f 4740 6242 2967
f 2967 3079 4740
f 3084 863 6244
f 6988 1198 6250
f 6252 6267 305
f 3092 3336 2914
f 732 7130 2847
f 2847 7399 6253
f 6253 3119 1118
f 7400 3211 6256
f 3189 3102 1012
f 2868 1176 3103
f 6302 2922 3103
f 768 7401 6291
f 6257 7402 6258
f 6291 7131 3160
f 2997 6993 4749
f 4749 7405 3106
f 3160 7403 6260
f 4750 7404 6261
f 6260 6288 901
f 3108 7404 3106
f 7405 6259 4751
f 6259 317 6262
f 7406 6262 3107
f 6231 6263 3110
f 6264 4753 6265
f 7132 3109 921
f 1263 2881 3113
f 2881 3112 6266
f 6266 3112 3111
f 3112 888 6022
f 3112 6022 3111
f 1263 3241 4694
f 4694 3241 2702
f 6173 542 1312
f 2683 2627 542
f 2627 747 4744
f 6268 4754 747
f 3115 4754 6268
f 1077 6269 3115
f 4754 3115 6269
f 3094 186 4755
f 6275 3062 3127
f 3039 1111 3237
f 3132 741 3133
f 3041 3133 6278
f 6278 3133 1302
f 4722 1120 3080
f 7407 6227 1271
f 256 6234 234
f 6234 256 3071
f 863 3084 3136
f 3093 3141 1079
f 1177 3077 6285
f 6286 6847 4766
f 4765 3095 6286
f 3181 3143 6847
f 3149 6269 3150
f 6994 695 6269
f 6286 3095 1136
f 1221 842 3154
f 4761 4768 3157
f 3157 6300 554
f 3190 6318 681
f 2995 4770 4702
f 4770 3161 6369
f 2995 768 6291
f 2995 6291 3160
f 4770 3160 6260
f 6292 6260 901
f 871 3171 3172
f 6175 861 4796
f 6286 1136 3181
f 6290 1104 4776
f 3360 6360 1043
f 681 3191 3190
f 6302 3194 4779
f 3220 4779 3221
f 3073 3196 932
f 431 7133 3153
f 6325 1017 6307
f 1187 6995 6306
f 6308 7408 4782
f 3207 6996 4781
f 4781 7414 3263
f 3205 7409 6337
f 6315 6413 1111
f 965 3216 6327
f 6327 3216 3217
f 6316 3216 4712
f 6316 1126 4778
f 6316 4778 3191
f 3217 7410 6317
f 741 3218 3133
f 681 7411 6408
f 6318 7412 6319
f 6408 7134 3391
f 908 2922 3220
f 4786 3220 3221
f 3391 7413 6320
f 6320 6303 1161
f 1176 3066 1217
f 6372 1285 2914
f 6321 3224 1312
f 3095 3255 1136
f 861 3012 4796
f 4796 3227 1145
f 3229 855 842
f 234 3223 3436
f 3136 3166 863
f 6997 3240 764
f 3340 3248 1186
f 308 6335 6324
f 6335 1056 4797
f 6324 7135 3229
f 6310 6337 6391
f 7409 3263 6338
f 6998 6338 3264
f 7414 6309 4798
f 7415 1308 3266
f 7416 6339 6340
f 7137 3266 682
f 6275 3127 6341
f 1308 7138 3266
f 3157 554 6342
f 3127 6342 3265
f 3266 7417 682
f 4799 3265 6357
f 6354 4775 1160
f 7418 6349 1231
f 6357 3265 3302
f 6342 554 3361
f 7139 3361 261
f 4810 3064 1040
f 4726 932 3196
f 1053 3328 3329
f 3332 1217 6369
f 3332 6369 3161
f 3331 3161 6292
f 6370 6292 901
f 3333 1316 3164
f 6252 305 6371
f 6372 3336 6373
f 6372 6373 3337
f 3243 3336 4788
f 6321 1312 3243
f 7419 6374 6375
f 7420 6376 74
f 7421 857 6419
f 6419 3340 3341
f 3341 3471 6377
f 6377 3471 6452
f 1324 3298 3344
f 6382 3307 1063
f 3349 6410 4819
f 901 3350 6383
f 3350 3435 150
f 6297 7421 6385
f 1186 6353 6439
f 4820 6388 3401
f 7422 6391 3264
f 6999 3264 6340
f 554 4823 3423
f 554 3423 3361
f 3360 1043 4823
f 6393 4823 1043
f 3423 4823 6393
f 261 3361 3423
f 1189 3331 3351
f 6400 1285 6372
f 7423 6372 3337
f 4792 1285 6400
f 777 6406 3384
f 3283 1267 3384
f 7424 6408 3391
f 7140 3391 6320
f 6303 3392 6409
f 6410 3392 3194
f 3392 6410 3349
f 3393 3349 349
f 7425 4830 3335
f 6388 3402 3401
f 6388 1160 3416
f 3405 328 6507
f 6413 3215 6414
f 816 3218 3457
f 7000 3408 6443
f 1176 6410 3194
f 349 3349 4819
f 3409 4819 3332
f 3331 1189 3409
f 3410 1316 3396
f 3410 3396 1283
f 7426 6415 3496
f 6479 6416 1243
f 6385 7421 6419
f 7427 6420 3355
f 7428 6421 6422
f 7429 6494 887
f 7418 1231 6425
f 3423 6393 4842
f 3424 4842 6393
f 3511 3658 1222
f 6382 1063 6430
f 3164 1316 6434
f 6384 3443 3374
f 3374 6512 1303
f 1186 6439 6453
f 3307 3454 1063
f 3192 3408 3218
f 7430 6442 6443
f 7143 3456 1174
f 4855 1174 6444
f 3524 6445 616
f 3471 1186 6453
f 3495 479 3310
f 4866 7426 3496
f 6465 3538 3496
f 6416 6465 3496
f 3527 421 4868
f 3521 7001 4876
f 3564 6529 706
f 6529 3522 3523
f 328 4883 3665
f 3537 1063 3454
f 3433 616 3645
f 6473 1063 3537
f 608 3584 1105
f 7431 252 1207
f 349 457 4904
f 6512 3443 423
f 6514 6515 421
f 6521 6539 1122
f 4882 6555 1209
f 6528 3625 6617
f 6528 6617 1087
f 7432 6530 3628
f 7433 457 3586
f 7439 4913 6531
f 7003 3586 6508
f 6531 6508 786
f 3682 3638 6538
f 6538 3638 1222
f 3511 1222 3638
f 6507 328 253
f 533 7434 6571
f 6571 7144 3707
f 3707 7435 6549
f 6549 7431 1207
f 6614 6556 3663
f 253 328 3665
f 3782 3665 1209
f 786 3585 6566
f 3635 6536 533
f 3682 6538 6563
f 7004 1222 3657
f 7436 3639 557
f 213 3687 3825
f 3669 7444 3714
f 3691 7005 6567
f 6584 786 6566
f 7156 3781 6511
f 6511 3781 3611
f 3611 3700 6512
f 6512 3700 1303
f 7006 3707 6572
f 7437 6572 3722
f 7145 6549 6574
f 7007 1207 6573
f 7438 6573 3654
f 7445 4936 6575
f 59 3794 253
f 7432 3628 6579
f 7008 6579 3712
f 7439 6531 4939
f 7440 6580 3713
f 7441 6581 6582
f 7147 3713 6583
f 7442 6583 482
f 482 6583 6601
f 7009 3713 4940
f 7148 6580 6585
f 7010 786 6584
f 3714 7444 3715
f 3802 6602 6603
f 3671 6586 6558
f 6558 3799 4941
f 6558 4941 3718
f 7149 6647 6587
f 7437 3722 4944
f 7445 6575 4943
f 7446 6590 3753
f 7151 3753 6609
f 3639 7436 6595
f 7447 6595 3729
f 6597 7436 557
f 3789 482 6601
f 6606 7450 832
f 3775 7448 6608
f 7011 3753 6610
f 7152 6590 3754
f 3769 3754 6611
f 7449 6604 1237
f 6594 6607 1122
f 3758 6614 3663
f 575 6615 3812
f 1087 6617 6618
f 6617 3760 6618
f 6619 6620 3764
f 3565 706 4952
f 4956 4952 3747
f 3764 7012 6621
f 7154 3747 6608
f 6621 7448 520
f 7448 6621 7012
f 1326 6622 6649
f 6622 3740 3766
f 6624 6625 7450
f 7450 6625 6628
f 3770 3769 6611
f 6627 7449 1237
f 7451 6628 6630
f 6612 7451 6630
f 3760 1181 3774
f 6639 7448 3775
f 6640 6632 3776
f 7452 6633 3712
f 7454 4960 6635
f 7013 3712 6582
f 6635 6582 482
f 6636 3790 4964
f 7156 6511 4964
f 7155 868 4963
f 7453 6637 3791
f 6614 3758 4965
f 667 3783 3685
f 7448 3787 520
f 7454 3788 3776
f 4971 3807 4967
f 6642 868 3790
f 6637 6658 4968
f 6644 3792 6568
f 6652 3799 6648
f 7157 6586 6650
f 7014 1326 6649
f 7455 6649 3766
f 7457 4969 6651
f 7015 3766 6623
f 7456 6623 1042
f 4970 7457 6651
f 6653 7456 1042
f 6674 868 6642
f 6642 3807 6654
f 7016 6654 3851
f 7458 4972 6655
f 3809 3810 976
f 667 3685 213
f 3840 1022 986
f 3842 986 1022
f 6645 1295 6656
f 7461 3837 3792
f 7459 6660 3764
f 7017 3764 6621
f 7017 6621 3857
f 520 3857 6621
f 976 3810 3855
f 3855 6661 3853
f 6668 3834 6665
f 1108 3881 3833
f 7460 3850 3837
f 7159 6672 3837
f 7018 6653 1042
f 7019 4982 3851
f 3887 749 6673
f 7020 6672 3850
f 7462 4981 6674
f 7160 3850 6669
f 868 7021 6669
f 3902 3855 3854
f 3820 3857 3856
f 6685 3759 3870
f 6656 1295 3844
f 6683 3884 6680
f 3759 6685 6689
f 7022 3870 6686
f 7463 6686 3890
f 7161 6677 4992
f 7023 795 6687
f 7464 6687 3889
f 7466 4993 6688
f 7024 3889 6711
f 6631 3774 3891
f 3774 7025 4994
f 4994 7463 3890
f 3891 7465 6690
f 4995 7466 6688
f 1046 6692 6684
f 7467 3917 4996
f 7162 565 6693
f 4998 1290 6694
f 4998 6694 3950
f 3903 329 161
f 4999 3967 3949
f 6696 3949 926
f 3907 1108 6681
f 3833 6681 1108
f 7163 3884 6679
f 3883 3916 6692
f 3883 6692 1046
f 6692 3916 3917
f 6706 7468 6703
f 3913 6702 1123
f 795 6709 6687
f 7026 5006 3889
f 7469 6710 6711
f 7470 6736 800
f 5009 3930 3933
f 1297 3891 6712
f 1297 6712 3932
f 7164 6690 5007
f 7027 800 6713
f 7471 6713 3931
f 7028 3931 6729
f 986 3842 3841
f 7165 3841 3942
f 3942 3962 3941
f 1168 3962 6745
f 6720 6745 3962
f 6720 3962 6721
f 3942 6721 3962
f 6720 6721 3943
f 3942 3933 3930
f 7472 5012 6722
f 7166 3930 5012
f 3967 992 5016
f 628 6866 3989
f 3989 6726 6725
f 6726 3989 6866
f 6725 6726 974
f 6694 1290 3920
f 6729 7473 6730
f 3931 7029 5013
f 6713 7474 6731
f 7474 6736 6731
f 6738 7483 1036
f 7475 6732 1036
f 3969 6749 5022
f 6869 3981 7476
f 3969 7476 3981
f 7477 515 3909
f 7478 3909 161
f 7478 161 3970
f 6742 6771 1152
f 7167 6760 6746
f 6745 7479 1168
f 7480 6745 3943
f 7481 5019 6747
f 7030 3943 6722
f 6739 7475 6748
f 7484 5020 6751
f 7031 3980 1168
f 838 7168 4011
f 7481 6747 5021
f 5021 7477 3981
f 4011 7482 6754
f 6754 6749 1014
f 3982 1152 6755
f 7483 6757 6763
f 6750 3987 6759
f 7032 6759 4006
f 7484 6751 6761
f 6751 1168 6760
f 7479 6760 1168
f 7033 6760 3977
f 7169 3977 6743
f 5026 6725 5025
f 6725 974 7034
f 7483 6764 1036
f 3990 7035 5027
f 6762 974 6765
f 974 6762 7034
f 7475 1036 6766
f 6771 6755 1152
f 6772 7486 944
f 6774 7485 6777
f 4005 6777 7486
f 7170 6754 5032
f 6754 1014 7036
f 7487 6775 4012
f 7485 6776 6777
f 7037 4012 6778
f 7486 6778 944
f 6804 6801 964
f 4071 5724 368
