v 0.5512 -0.0007 -0.8348
v 0.5342 0.0283 0.8453
v -0.5555 -0.0154 0.8320
v -0.8701 -0.4937 0.0091
v -0.8370 0.5474 0.0282
v 0.8453 0.5342 0.0283
v 0.8400 -0.5430 0.0009
v 0.0283 -0.8453 0.5342
v 0.0287 -0.8460 -0.5329
v -0.0007 0.8348 -0.5512
v 0.0151 0.8314 0.5564
v -0.3080 -0.4812 -0.8210
v 0.3284 -0.4890 -0.8084
v 0.1789 -0.2746 -0.9451
v -0.0204 -0.5209 -0.8539
v -0.1473 -0.2496 -0.9575
v -0.0803 -0.3780 -0.9226
v -0.0210 -0.2569 -0.9665
v 0.1013 -0.3869 -0.9169
v 0.0602 -0.3456 -0.9368
v -0.0073 -0.3841 -0.9237
v -0.0617 -0.3341 -0.9408
v -0.0103 -0.3176 -0.9484
v 0.1211 -0.3126 -0.9424
v 0.1024 -0.2562 -0.9615
v 0.0425 -0.2907 -0.9562
v -0.0399 -0.4422 -0.8964
v 0.0225 -0.4758 -0.8797
v 0.0386 -0.4213 -0.9064
v -0.0716 -0.2832 -0.9566
v -0.1244 -0.3111 -0.9426
v -0.1681 -0.4385 -0.8833
v -0.1394 -0.3856 -0.9124
v -0.1015 -0.4507 -0.8872
v -0.1991 -0.3702 -0.9077
v -0.2347 -0.4072 -0.8829
v -0.1343 -0.5107 -0.8495
v -0.1975 -0.4936 -0.8473
v -0.2516 -0.4995 -0.8294
v -0.2550 -0.4481 -0.8570
v -0.0790 -0.5024 -0.8613
v -0.1782 -0.3149 -0.9325
v -0.0285 -0.1836 -0.9830
v -0.0397 -0.1051 -0.9941
v 0.0407 -0.2222 -0.9745
v 0.0603 -0.1451 -0.9879
v 0.0103 -0.1504 -0.9888
v 0.1021 -0.1914 -0.9765
v 0.0399 -0.0917 -0.9952
v -0.0024 -0.0444 -0.9993
v -0.1439 -0.1859 -0.9723
v -0.0821 -0.2220 -0.9719
v 0.1683 -0.4727 -0.8652
v 0.1327 -0.5058 -0.8530
v 0.2171 -0.4407 -0.8714
v 0.1685 -0.4124 -0.8957
v 0.0991 -0.4509 -0.8874
v 0.2221 -0.3123 -0.9240
v 0.1618 -0.3509 -0.9227
v 0.0557 -0.5130 -0.8569
v 0.2819 -0.4727 -0.8357
v 0.2125 -0.5014 -0.8390
v 0.4171 -0.2701 -0.8681
v 0.2793 -0.1588 -0.9475
v 0.3450 -0.1191 -0.9314
v 0.3706 -0.1797 -0.9116
v 0.2522 -0.1121 -0.9614
v 0.3322 -0.2180 -0.9179
v 0.2771 -0.2132 -0.9371
v 0.2498 -0.2535 -0.9348
v 0.2099 -0.2114 -0.9549
v 0.3559 -0.2941 -0.8878
v 0.3995 -0.2293 -0.8878
v 0.2444 -0.0469 -0.9688
v 0.2990 -0.0652 -0.9525
v 0.4155 -0.0183 -0.9098
v 0.4742 -0.1131 -0.8735
v 0.4739 -0.0326 -0.8806
v 0.4055 -0.1418 -0.9033
v 0.3658 -0.0661 -0.9285
v 0.4180 -0.0843 -0.9048
v 0.5218 -0.0508 -0.8518
v 0.4518 -0.1787 -0.8745
v 0.4761 -0.2203 -0.8519
v 0.3380 -0.0077 -0.9417
v 0.1222 0.0131 -0.9927
v 0.2044 -0.1450 -0.9684
v 0.1421 -0.1166 -0.9833
v 0.0946 -0.0805 -0.9925
v 0.1980 -0.0804 -0.9771
v 0.1567 -0.0412 -0.9873
v 0.1552 -0.1789 -0.9718
v 0.1592 -0.2316 -0.9599
v 0.0610 -0.0182 -0.9984
v 0.1850 0.0178 -0.9829
v 0.2613 0.0315 -0.9655
v 0.3639 -0.3917 -0.8460
v 0.2362 -0.3678 -0.8997
v 0.3013 -0.2641 -0.9162
v 0.2785 -0.3107 -0.9090
v 0.2780 -0.4028 -0.8724
v 0.3073 -0.3476 -0.8861
v 0.4101 -0.3473 -0.8438
v 0.3616 -0.4465 -0.8188
v 0.1390 -0.7105 -0.6902
v -0.1390 -0.7105 -0.6902
v -0.0206 -0.6297 -0.7769
v -0.0802 -0.6501 -0.7559
v -0.0588 -0.6901 -0.7223
v 0.0177 -0.6613 -0.7503
v 0.0189 -0.7080 -0.7065
v 0.0412 -0.6056 -0.7950
v 0.0803 -0.6443 -0.7610
v 0.1389 -0.6689 -0.7306
v 0.0801 -0.6942 -0.7156
v 0.0377 -0.5575 -0.8296
v -0.0208 -0.5829 -0.8126
v -0.1381 -0.6693 -0.7304
v -0.0796 -0.6048 -0.7927
v -0.2627 -0.5958 -0.7594
v -0.2158 -0.5616 -0.7992
v -0.1461 -0.5579 -0.8174
v -0.1620 -0.6141 -0.7734
v -0.2711 -0.5382 -0.7984
v -0.0772 -0.5564 -0.8276
v -0.1893 -0.6685 -0.7194
v -0.2335 -0.6408 -0.7317
v -0.0881 -0.7967 -0.5985
v 0.0793 -0.7719 -0.6312
v 0.0506 -0.7397 -0.6712
v 0.0074 -0.7714 -0.6370
v -0.0383 -0.7359 -0.6764
v 0.1009 -0.7413 -0.6639
v 0.0385 -0.8078 -0.5886
v -0.0194 -0.8250 -0.5653
v -0.0304 -0.7947 -0.6064
v -0.0937 -0.7585 -0.6460
v 0.2563 -0.5993 -0.7588
v 0.1501 -0.6276 -0.7641
v 0.1154 -0.5769 -0.8095
v 0.1942 -0.5479 -0.8140
v 0.1971 -0.6103 -0.7680
v 0.1893 -0.6685 -0.7194
v 0.2927 -0.5542 -0.7798
v 0.2448 -0.5469 -0.8008
v -0.4011 -0.2627 -0.8784
v -0.2747 -0.1868 -0.9437
v -0.2640 -0.2427 -0.9338
v -0.3173 -0.2518 -0.9146
v -0.2635 -0.0978 -0.9602
v -0.3341 -0.1294 -0.9344
v -0.3223 -0.0496 -0.9455
v -0.2467 -0.0466 -0.9682
v -0.4165 -0.1816 -0.8912
v -0.3488 -0.2114 -0.9133
v -0.2093 -0.2091 -0.9555
v -0.2136 -0.2730 -0.9382
v -0.3783 -0.4014 -0.8344
v -0.3134 -0.3856 -0.8684
v -0.3359 -0.3035 -0.8919
v -0.2687 -0.3160 -0.9105
v -0.2705 -0.3660 -0.8907
v -0.3250 -0.4333 -0.8408
v -0.3818 -0.3363 -0.8613
v -0.0986 -0.1452 -0.9848
v -0.1879 -0.1432 -0.9722
v -0.1547 0.0253 -0.9882
v -0.1980 -0.0804 -0.9771
v -0.0946 -0.0805 -0.9925
v -0.1461 -0.0872 -0.9857
v -0.2238 0.0000 -0.9748
v -0.1760 -0.0334 -0.9840
v -0.0939 -0.0275 -0.9957
v -0.0184 0.0126 -1.0000
v -0.4976 -0.0954 -0.8628
v -0.4155 -0.0184 -0.9098
v -0.3658 -0.0661 -0.9285
v -0.4382 -0.1317 -0.8894
v -0.4708 -0.0328 -0.8823
v -0.4167 -0.0850 -0.9054
v -0.3534 0.0048 -0.9360
v -0.2920 -0.0131 -0.9566
v -0.4871 -0.1743 -0.8562
v -0.4661 -0.2285 -0.8550
v -0.3842 -0.1482 -0.9115
v -0.5318 -0.0190 -0.8469
v 0.3208 0.4835 -0.8150
v -0.0204 0.5212 -0.8537
v 0.1789 0.2746 -0.9451
v -0.1789 0.2746 -0.9451
v 0.0205 0.2562 -0.9668
v -0.0804 0.4208 -0.9039
v 0.0803 0.4209 -0.9039
v 0.0198 0.4107 -0.9119
v 0.0408 0.3118 -0.9496
v -0.0395 0.3111 -0.9499
v 0.0103 0.3513 -0.9364
v -0.0309 0.3843 -0.9229
v 0.0212 0.4735 -0.8809
v -0.0307 0.4487 -0.8934
v 0.1014 0.2548 -0.9620
v 0.1277 0.3134 -0.9414
v 0.0810 0.3555 -0.9315
v -0.0418 0.2445 -0.9690
v -0.0807 0.3556 -0.9314
v -0.1018 0.2547 -0.9620
v -0.1233 0.3123 -0.9423
v -0.0012 0.1698 -0.9860
v -0.0614 0.1907 -0.9800
v -0.0407 0.0997 -0.9947
v 0.0611 0.2025 -0.9778
v 0.0386 0.1124 -0.9932
v 0.0221 0.0591 -0.9983
v 0.1517 0.2035 -0.9679
v -0.1499 0.2042 -0.9679
v -0.1602 0.4264 -0.8905
v -0.2092 0.3755 -0.9034
v -0.2169 0.4417 -0.8709
v -0.1400 0.3851 -0.9125
v -0.2054 0.4991 -0.8424
v -0.1418 0.4688 -0.8722
v -0.0781 0.5452 -0.8351
v -0.0797 0.4838 -0.8719
v -0.2744 0.4665 -0.8412
v -0.1809 0.3283 -0.9273
v 0.1890 0.4395 -0.8783
v 0.2179 0.4003 -0.8904
v 0.1972 0.4927 -0.8479
v 0.1411 0.4574 -0.8785
v 0.1418 0.3856 -0.9121
v 0.0592 0.5429 -0.8384
v 0.0797 0.4839 -0.8719
v 0.1978 0.3457 -0.9176
v 0.2497 0.4990 -0.8302
v 0.2543 0.4383 -0.8624
v 0.1602 0.7186 -0.6771
v -0.1390 0.7105 -0.6902
v -0.0219 0.6514 -0.7590
v -0.0189 0.7080 -0.7065
v 0.0551 0.6878 -0.7246
v -0.0794 0.6366 -0.7675
v 0.0794 0.6366 -0.7675
v 0.0187 0.6279 -0.7784
v 0.0316 0.5839 -0.8117
v -0.0416 0.5910 -0.8059
v 0.1204 0.6845 -0.7196
v -0.1607 0.6632 -0.7318
v -0.0909 0.7182 -0.6901
v -0.0803 0.6812 -0.7280
v -0.1002 0.7799 -0.6183
v 0.0885 0.7964 -0.5989
v -0.0222 0.7901 -0.6129
v 0.0383 0.7359 -0.6764
v -0.0610 0.7479 -0.6615
v -0.0001 0.7626 -0.6473
v 0.0371 0.8057 -0.5917
v -0.0603 0.8162 -0.5750
v 0.1432 0.7635 -0.6308
v 0.0819 0.7495 -0.6575
v -0.1353 0.7544 -0.6427
v -0.2482 0.6267 -0.7394
v -0.1375 0.5269 -0.8390
v -0.1293 0.5843 -0.8017
v -0.1942 0.5479 -0.8140
v -0.1388 0.6224 -0.7706
v -0.1969 0.5942 -0.7802
v -0.2527 0.5591 -0.7901
v -0.2984 0.5149 -0.8041
v 0.2630 0.5957 -0.7594
v 0.1375 0.5273 -0.8388
v 0.1352 0.6026 -0.7876
v 0.1942 0.5479 -0.8140
v 0.1798 0.6592 -0.7307
v 0.2335 0.6408 -0.7317
v 0.2079 0.5990 -0.7735
v 0.2927 0.5465 -0.7850
v 0.2448 0.5469 -0.8008
v 0.4692 0.2420 -0.8500
v 0.2586 0.1660 -0.9518
v 0.2383 0.1226 -0.9637
v 0.3175 0.1490 -0.9366
v 0.3643 0.1495 -0.9196
v 0.2765 0.2116 -0.9377
v 0.3316 0.2189 -0.9179
v 0.3448 0.2884 -0.8939
v 0.3808 0.1972 -0.9036
v 0.3999 0.2427 -0.8842
v 0.2283 0.2438 -0.9428
v 0.2086 0.1864 -0.9604
v 0.3368 0.0526 -0.9405
v 0.2856 0.1092 -0.9524
v 0.0986 0.1451 -0.9848
v 0.0946 0.0805 -0.9925
v 0.1688 0.1332 -0.9768
v 0.1980 0.0804 -0.9771
v 0.1450 0.0858 -0.9860
v 0.0725 0.0334 -0.9970
v 0.4811 0.1519 -0.8640
v 0.4164 0.1479 -0.8973
v 0.4612 0.0808 -0.8839
v 0.3874 0.0495 -0.9208
v 0.4197 0.0893 -0.9035
v 0.4450 0.1845 -0.8766
v 0.5125 0.0839 -0.8549
v 0.4403 0.0330 -0.8974
v 0.5020 0.0316 -0.8644
v 0.3539 0.0991 -0.9302
v 0.3783 0.4014 -0.8344
v 0.2840 0.2737 -0.9192
v 0.2801 0.3408 -0.8978
v 0.2888 0.3948 -0.8725
v 0.3369 0.3642 -0.8685
v 0.3970 0.3073 -0.8652
v 0.4093 0.3567 -0.8400
v 0.2331 0.3051 -0.9236
v 0.3839 0.4440 -0.8103
v 0.3173 0.4295 -0.8457
v -0.4017 0.2683 -0.8762
v -0.2934 0.1541 -0.9438
v -0.2151 0.1941 -0.9576
v -0.2466 0.1153 -0.9627
v -0.2777 0.2096 -0.9378
v -0.3335 0.2261 -0.9157
v -0.3216 0.1005 -0.9419
v -0.3639 0.1498 -0.9197
v -0.3919 0.2137 -0.8953
v -0.2641 0.0468 -0.9639
v -0.2398 0.2478 -0.9388
v -0.0986 0.1452 -0.9848
v -0.0946 0.0805 -0.9925
v -0.1980 0.0804 -0.9771
v -0.1688 0.1332 -0.9768
v -0.1461 0.0872 -0.9857
v -0.0725 0.0334 -0.9970
v -0.2842 0.2740 -0.9191
v -0.3359 0.3035 -0.8919
v -0.2780 0.4028 -0.8724
v -0.2933 0.3472 -0.8913
v -0.3817 0.3371 -0.8611
v -0.3246 0.4523 -0.8310
v -0.3337 0.3999 -0.8538
v -0.2332 0.3050 -0.9236
v -0.4263 0.1624 -0.8903
v -0.3874 0.0673 -0.9202
v -0.4526 0.0870 -0.8878
v -0.4690 0.1412 -0.8721
v -0.4403 0.0330 -0.8974
v -0.5023 0.0443 -0.8638
v -0.5003 0.8045 -0.3218
v -0.6869 0.5909 -0.4247
v -0.4127 0.6826 -0.6036
v -0.5859 0.4295 -0.6882
v -0.5162 0.5462 -0.6602
v -0.6470 0.4960 -0.5796
v -0.5796 0.6470 -0.4960
v -0.5932 0.5871 -0.5516
v -0.5470 0.6178 -0.5653
v -0.5989 0.5263 -0.6041
v -0.5454 0.5720 -0.6132
v -0.6666 0.5686 -0.4826
v -0.6405 0.5515 -0.5350
v -0.6238 0.6102 -0.4889
v -0.4889 0.6238 -0.6102
v -0.4863 0.5861 -0.6484
v -0.4644 0.6637 -0.5869
v -0.5190 0.6545 -0.5504
v -0.5605 0.5079 -0.6544
v -0.6040 0.4707 -0.6436
v -0.4409 0.5701 -0.6939
v -0.4668 0.5162 -0.7185
v -0.4173 0.5121 -0.7513
v -0.3677 0.5610 -0.7423
v -0.3673 0.4993 -0.7851
v -0.3789 0.6601 -0.6492
v -0.4388 0.6210 -0.6499
v -0.5228 0.4272 -0.7382
v -0.5210 0.4880 -0.7007
v -0.6954 0.4384 -0.5702
v -0.7357 0.3787 -0.5620
v -0.6885 0.5024 -0.5236
v -0.7348 0.4346 -0.5214
v -0.7391 0.4752 -0.4785
v -0.7115 0.5301 -0.4617
v -0.7724 0.4000 -0.4940
v -0.7712 0.3453 -0.5353
v -0.6492 0.3789 -0.6600
v -0.6499 0.4389 -0.6210
v -0.5236 0.7345 -0.4325
v -0.4784 0.7391 -0.4752
v -0.5729 0.7285 -0.3760
v -0.5704 0.6955 -0.4379
v -0.5236 0.6885 -0.5024
v -0.6600 0.6492 -0.3789
v -0.6211 0.6499 -0.4388
v -0.4435 0.7109 -0.5467
v -0.5370 0.7628 -0.3610
v -0.4928 0.7727 -0.4008
v -0.7298 0.6637 -0.1675
v -0.7712 0.5852 -0.2512
v -0.8012 0.5561 -0.2226
v -0.7764 0.5505 -0.3081
v -0.7377 0.6322 -0.2390
v -0.7095 0.6329 -0.3108
v -0.7469 0.5909 -0.3055
v -0.7114 0.6030 -0.3616
v -0.7400 0.5615 -0.3707
v -0.6855 0.6878 -0.2421
v -0.8362 0.4603 -0.2990
v -0.8413 0.4867 -0.2363
v -0.8168 0.5088 -0.2729
v -0.7854 0.6168 -0.0585
v -0.8180 0.5682 -0.0924
v -0.7811 0.5992 -0.1778
v -0.8492 0.4973 -0.1809
v -0.8174 0.5591 -0.1406
v -0.8250 0.5653 -0.0185
v -0.8570 0.5136 -0.0488
v -0.8456 0.5242 -0.1027
v -0.7522 0.6518 -0.0993
v -0.7781 0.6160 -0.1244
v -0.7741 0.5187 -0.3636
v -0.7811 0.4692 -0.4127
v -0.7919 0.4192 -0.4446
v -0.8101 0.4759 -0.3435
v -0.8315 0.4081 -0.3784
v -0.7447 0.5227 -0.4156
v -0.8228 0.3634 -0.4377
v -0.8084 0.3284 -0.4890
v -0.5844 0.7767 -0.2364
v -0.6168 0.6936 -0.3728
v -0.6558 0.6860 -0.3165
v -0.5977 0.7334 -0.3245
v -0.6245 0.7322 -0.2727
v -0.6641 0.7315 -0.1583
v -0.6226 0.7546 -0.2081
v -0.5638 0.7739 -0.2894
v -0.2461 0.8576 -0.4522
v -0.3029 0.7471 -0.5923
v -0.2619 0.7194 -0.6437
v -0.2544 0.7625 -0.5953
v -0.2615 0.7967 -0.5453
v -0.3456 0.7779 -0.5259
v -0.2958 0.8268 -0.4796
v -0.1976 0.8471 -0.4947
v -0.3742 0.7324 -0.5693
v -0.3520 0.7097 -0.6105
v -0.1991 0.7395 -0.6437
v -0.2136 0.6981 -0.6838
v -0.3223 0.6824 -0.6568
v -0.3724 0.6170 -0.6936
v -0.3245 0.5977 -0.7334
v -0.2680 0.6736 -0.6891
v -0.3021 0.6380 -0.7087
v -0.2988 0.5675 -0.7674
v -0.2135 0.8042 -0.5552
v -0.1244 0.8553 -0.5038
v -0.1206 0.8234 -0.5557
v -0.1735 0.7815 -0.5998
v -0.0505 0.8519 -0.5217
v -0.3785 0.8313 -0.4085
v -0.3435 0.8101 -0.4759
v -0.4127 0.7811 -0.4692
v -0.4446 0.7919 -0.4192
v -0.3063 0.8578 -0.4131
v -0.4156 0.7447 -0.5227
v -0.4383 0.8232 -0.3620
v -0.5836 0.3144 -0.7495
v -0.5146 0.3179 -0.7969
v -0.6447 0.2778 -0.7125
v -0.5601 0.2666 -0.7847
v -0.6071 0.2385 -0.7583
v -0.6304 0.1487 -0.7627
v -0.6838 0.2136 -0.6981
v -0.6482 0.2253 -0.7276
v -0.4979 0.2556 -0.8292
v -0.4595 0.3012 -0.8358
v -0.6100 0.3554 -0.7089
v -0.5444 0.3768 -0.7496
v -0.4710 0.4574 -0.7546
v -0.3785 0.4015 -0.8343
v -0.4192 0.4446 -0.7919
v -0.4660 0.3532 -0.8115
v -0.4940 0.3930 -0.7758
v -0.4466 0.4022 -0.7996
v -0.3714 0.4501 -0.8123
v -0.4191 0.3600 -0.8337
v -0.6936 0.3729 -0.6168
v -0.6891 0.2680 -0.6736
v -0.7334 0.3245 -0.5977
v -0.6714 0.3252 -0.6661
v -0.7100 0.3009 -0.6372
v -0.7315 0.2337 -0.6409
v -0.7798 0.2927 -0.5542
v -0.7588 0.2563 -0.5993
v -0.5858 0.2018 -0.7852
v -0.5143 0.1810 -0.8387
v -0.5580 0.1356 -0.8191
v -0.6771 0.1602 -0.7186
v -0.5985 0.0880 -0.7967
v -0.4657 0.2144 -0.8589
v -0.5446 0.2094 -0.8123
v -0.5141 0.1004 -0.8521
v -0.5511 0.0634 -0.8322
v -0.7970 -0.3100 -0.5188
v -1.0000 0.0184 0.0126
v -0.9451 -0.1789 -0.2746
v -0.9450 0.1679 -0.2823
v -0.8466 0.0196 -0.5324
v -0.9169 0.1013 -0.3869
v -0.9227 -0.0807 -0.3779
v -0.9667 -0.0202 -0.2562
v -0.9469 -0.0563 -0.3179
v -0.9470 0.0299 -0.3212
v -0.9214 -0.0207 -0.3890
v -0.9258 0.0422 -0.3766
v -0.9561 -0.1000 -0.2764
v -0.9372 -0.1407 -0.3200
v -0.9376 0.1023 -0.3328
v -0.9558 0.1010 -0.2773
v -0.9679 0.0306 -0.2503
v -0.8975 0.0414 -0.4399
v -0.8966 -0.0408 -0.4416
v -0.8750 0.0017 -0.4848
v -0.8958 0.1692 -0.4120
v -0.8875 0.0996 -0.4505
v -0.8531 0.1328 -0.5056
v -0.8658 0.1796 -0.4679
v -0.8693 0.2424 -0.4317
v -0.8391 0.2137 -0.5007
v -0.8314 0.2741 -0.4840
v -0.9240 0.2221 -0.3123
v -0.9227 0.1618 -0.3509
v -0.8584 0.0695 -0.5086
v -0.8765 -0.1723 -0.4508
v -0.8531 -0.1328 -0.5056
v -0.8880 -0.1003 -0.4494
v -0.9121 -0.1418 -0.3856
v -0.8904 -0.2180 -0.4003
v -0.9176 -0.1978 -0.3457
v -0.8633 -0.2533 -0.4371
v -0.8392 -0.2133 -0.5007
v -0.8298 -0.2714 -0.4881
v -0.8518 -0.0503 -0.5223
v -0.9892 0.0279 -0.1471
v -0.9946 -0.0405 -0.1004
v -0.9837 -0.0380 -0.1777
v -0.9797 0.0206 -0.2005
v -0.9679 -0.1499 -0.2042
v -0.9719 -0.0822 -0.2220
v -0.9679 0.1516 -0.2035
v -0.9719 0.0822 -0.2220
v -0.9950 0.0409 -0.0941
v -0.9989 0.0092 -0.0503
v -0.9424 -0.3077 -0.1341
v -0.9199 -0.3460 -0.1856
v -0.9294 -0.2983 -0.2186
v -0.9635 -0.2311 -0.1389
v -0.9459 -0.2689 -0.1825
v -0.9553 -0.2084 -0.2109
v -0.9388 -0.2398 -0.2478
v -0.9647 -0.2574 -0.0640
v -0.9455 -0.3223 -0.0496
v -0.9006 -0.3590 -0.2466
v -0.8873 -0.4123 -0.2077
v -0.9093 -0.3917 -0.1441
v -0.8862 -0.4605 -0.0538
v -0.9299 -0.3596 -0.0821
v -0.9042 -0.4188 -0.0874
v -0.8562 -0.5157 -0.0433
v -0.8736 -0.4741 -0.1130
v -0.9100 -0.4150 -0.0183
v -0.9566 -0.2920 -0.0131
v -0.9314 -0.3657 0.0134
v -0.8641 -0.4698 -0.1836
v -0.9192 -0.2840 -0.2737
v -0.8978 -0.2801 -0.3408
v -0.8725 -0.2888 -0.3948
v -0.8917 -0.3348 -0.3053
v -0.8674 -0.3381 -0.3658
v -0.9236 -0.2331 -0.3051
v -0.8399 -0.3349 -0.4280
v -0.8698 -0.3976 -0.2939
v -0.9848 -0.0986 -0.1452
v -0.9768 -0.1688 -0.1332
v -0.9771 -0.1980 -0.0804
v -0.9925 -0.0946 -0.0805
v -0.9857 -0.1461 -0.0872
v -0.9840 -0.1760 -0.0334
v -0.9956 -0.0953 -0.0268
v -0.9997 -0.0274 -0.0167
v -0.8707 0.4310 -0.2381
v -0.9315 0.3132 -0.1864
v -0.9131 0.3245 -0.2482
v -0.9389 0.2450 -0.2439
v -0.9197 0.3639 -0.1498
v -0.9473 0.3062 -0.1006
v -0.9492 0.2590 -0.1803
v -0.9629 0.2441 -0.1181
v -0.9682 0.2467 -0.0466
v -0.9604 0.2086 -0.1864
v -0.9009 0.3809 -0.2093
v -0.8850 0.3852 -0.2621
v -0.8998 0.2358 -0.3680
v -0.8725 0.2888 -0.3948
v -0.9008 0.2892 -0.3252
v -0.8917 0.3348 -0.3053
v -0.8674 0.3381 -0.3658
v -0.8457 0.3173 -0.4295
v -0.8656 0.3971 -0.3061
v -0.8735 0.4742 -0.1130
v -0.9270 0.3672 -0.0798
v -0.8862 0.4605 -0.0541
v -0.8903 0.4264 -0.1625
v -0.9035 0.4202 -0.0872
v -0.9383 0.3445 -0.0330
v -0.9566 0.2920 -0.0131
v -0.9097 0.4157 -0.0181
v -0.9848 0.0986 -0.1452
v -0.9771 0.1980 -0.0804
v -0.9768 0.1688 -0.1332
v -0.9925 0.0946 -0.0805
v -0.9857 0.1461 -0.0872
v -0.9882 0.1545 -0.0254
v -0.9970 0.0725 -0.0334
v -0.7610 0.0411 -0.6481
v -0.7784 -0.0209 -0.6279
v -0.7558 -0.0803 -0.6502
v -0.7065 0.0189 -0.7080
v -0.7129 -0.0490 -0.7001
v -0.7441 -0.0203 -0.6680
v -0.7216 -0.1280 -0.6811
v -0.7120 0.0707 -0.6989
v -0.7464 0.1002 -0.6582
v -0.7129 0.1231 -0.6908
v -0.8134 -0.0191 -0.5819
v -0.8093 0.0303 -0.5869
v -0.7927 0.0794 -0.6048
v -0.8140 0.1942 -0.5479
v -0.7706 0.1388 -0.6224
v -0.8102 0.1384 -0.5702
v -0.7806 0.1947 -0.5942
v -0.8008 0.2448 -0.5469
v -0.7310 0.1798 -0.6589
v -0.8278 0.0780 -0.5561
v -0.7927 -0.0798 -0.6048
v -0.7696 -0.1379 -0.6239
v -0.8140 -0.1942 -0.5479
v -0.8099 -0.1385 -0.5706
v -0.7692 -0.1944 -0.6095
v -0.7901 -0.2527 -0.5591
v -0.8277 -0.0779 -0.5562
v -0.6764 -0.0383 -0.7359
v -0.6632 0.0742 -0.7455
v -0.6309 0.0111 -0.7765
v -0.6504 -0.1087 -0.7525
v -0.6387 -0.0609 -0.7671
v -0.5653 0.0185 -0.8250
v -0.6064 -0.0304 -0.7947
v -0.4890 -0.8084 -0.3284
v -0.4254 -0.7022 -0.5715
v -0.6826 -0.6036 -0.4127
v -0.5720 -0.4247 -0.7021
v -0.6224 -0.5294 -0.5775
v -0.5321 -0.5505 -0.6437
v -0.5796 -0.6470 -0.4960
v -0.5515 -0.5912 -0.5888
v -0.5910 -0.5968 -0.5434
v -0.5852 -0.5204 -0.6224
v -0.4663 -0.6454 -0.6056
v -0.4782 -0.6813 -0.5547
v -0.5104 -0.6013 -0.6152
v -0.5333 -0.6407 -0.5530
v -0.6547 -0.5516 -0.5174
v -0.6637 -0.5869 -0.4644
v -0.6238 -0.6102 -0.4889
v -0.6181 -0.4532 -0.6428
v -0.5678 -0.4824 -0.6675
v -0.6787 -0.4560 -0.5766
v -0.6885 -0.5024 -0.5236
v -0.7080 -0.3925 -0.5875
v -0.7391 -0.4753 -0.4784
v -0.7344 -0.4318 -0.5243
v -0.7718 -0.4008 -0.4942
v -0.7573 -0.3620 -0.5444
v -0.7115 -0.5301 -0.4617
v -0.6627 -0.4055 -0.6300
v -0.4475 -0.5460 -0.7087
v -0.4771 -0.4772 -0.7386
v -0.4169 -0.5000 -0.7594
v -0.5017 -0.5248 -0.6881
v -0.4618 -0.5895 -0.6632
v -0.3960 -0.5518 -0.7343
v -0.3984 -0.6079 -0.6875
v -0.4195 -0.6520 -0.6320
v -0.3280 -0.5428 -0.7735
v -0.3664 -0.4982 -0.7862
v -0.5301 -0.4617 -0.7115
v -0.5612 -0.7033 -0.4377
v -0.5506 -0.7345 -0.3976
v -0.4900 -0.7452 -0.4529
v -0.5230 -0.6899 -0.5012
v -0.4643 -0.7257 -0.5083
v -0.6600 -0.6492 -0.3789
v -0.6210 -0.6499 -0.4388
v -0.4938 -0.7724 -0.4002
v -0.5326 -0.7737 -0.3439
v -0.2461 -0.8576 -0.4522
v -0.2644 -0.7593 -0.5953
v -0.2615 -0.7967 -0.5453
v -0.2919 -0.7078 -0.6441
v -0.3132 -0.7740 -0.5508
v -0.3551 -0.7351 -0.5784
v -0.3807 -0.6885 -0.6176
v -0.2958 -0.8268 -0.4796
v -0.2273 -0.8397 -0.4935
v -0.2137 -0.6975 -0.6844
v -0.1746 -0.7414 -0.6484
v -0.2223 -0.7371 -0.6385
v -0.2012 -0.8159 -0.5430
v -0.1244 -0.8553 -0.5038
v -0.0853 -0.8329 -0.5472
v -0.1737 -0.7817 -0.5995
v -0.1413 -0.8182 -0.5578
v -0.0514 -0.8510 -0.5231
v -0.1806 -0.8688 -0.4621
v -0.3314 -0.6577 -0.6775
v -0.3358 -0.5904 -0.7345
v -0.2580 -0.6688 -0.6974
v -0.2865 -0.6316 -0.7205
v -0.4014 -0.8344 -0.3783
v -0.3636 -0.7741 -0.5187
v -0.4127 -0.7811 -0.4692
v -0.3435 -0.8101 -0.4759
v -0.4446 -0.7919 -0.4192
v -0.3716 -0.8240 -0.4285
v -0.4156 -0.7447 -0.5227
v -0.3063 -0.8578 -0.4131
v -0.3272 -0.8735 -0.3619
v -0.4468 -0.8186 -0.3616
v -0.6961 -0.6954 -0.1800
v -0.8576 -0.4522 -0.2461
v -0.7584 -0.5681 -0.3205
v -0.7981 -0.5236 -0.2995
v -0.7916 -0.5661 -0.2315
v -0.7574 -0.5949 -0.2701
v -0.7120 -0.6382 -0.2945
v -0.7234 -0.6586 -0.2096
v -0.7588 -0.6187 -0.2047
v -0.7117 -0.6023 -0.3622
v -0.7400 -0.5615 -0.3707
v -0.8226 -0.5081 -0.2563
v -0.8362 -0.4603 -0.2990
v -0.7741 -0.5187 -0.3636
v -0.8315 -0.4084 -0.3782
v -0.7919 -0.4192 -0.4446
v -0.7811 -0.4692 -0.4127
v -0.8115 -0.4660 -0.3532
v -0.8107 -0.3565 -0.4652
v -0.7447 -0.5227 -0.4156
v -0.7099 -0.5636 -0.4227
v -0.7798 -0.6183 -0.1004
v -0.7853 -0.5966 -0.1667
v -0.8148 -0.5709 -0.1035
v -0.8318 -0.5304 -0.1675
v -0.7318 -0.6714 -0.1192
v -0.7581 -0.6362 -0.1445
v -0.8080 -0.5883 -0.0387
v -0.8456 -0.5242 -0.1027
v -0.8337 -0.5529 0.0189
v -0.6170 -0.6936 -0.3724
v -0.6100 -0.7491 -0.2604
v -0.6722 -0.6900 -0.2694
v -0.6661 -0.6714 -0.3252
v -0.5904 -0.7345 -0.3358
v -0.6381 -0.7087 -0.3019
v -0.6352 -0.7470 -0.1980
v -0.6688 -0.7091 -0.2240
v -0.5465 -0.7850 -0.2927
v -0.6771 -0.1602 -0.7186
v -0.6119 -0.2865 -0.7377
v -0.5671 -0.3216 -0.7586
v -0.5140 -0.3113 -0.7996
v -0.5874 -0.2117 -0.7816
v -0.5615 -0.2676 -0.7833
v -0.5067 -0.2567 -0.8233
v -0.4595 -0.3012 -0.8358
v -0.6213 -0.1603 -0.7676
v -0.6838 -0.2136 -0.6981
v -0.6396 -0.2231 -0.7360
v -0.5615 -0.3707 -0.7400
v -0.6037 -0.3611 -0.7111
v -0.6478 -0.3143 -0.6943
v -0.7355 -0.2535 -0.6293
v -0.7334 -0.3245 -0.5977
v -0.6801 -0.2655 -0.6839
v -0.6933 -0.3271 -0.6427
v -0.7674 -0.2988 -0.5675
v -0.7194 -0.1893 -0.6685
v -0.6488 -0.3674 -0.6668
v -0.6115 -0.4044 -0.6803
v -0.5187 -0.3636 -0.7741
v -0.4479 -0.3668 -0.8161
v -0.4192 -0.4446 -0.7919
v -0.4692 -0.4127 -0.7811
v -0.3714 -0.4501 -0.8123
v -0.5227 -0.4156 -0.7447
v -0.5989 -0.0885 -0.7964
v -0.5356 -0.2020 -0.8203
v -0.5612 -0.1370 -0.8167
v -0.5576 -0.0535 -0.8287
v 0.2896 -0.5110 0.8096
v -0.0204 -0.5212 0.8537
v 0.1789 -0.2746 0.9451
v -0.1789 -0.2746 0.9451
v 0.0205 -0.2562 0.9668
v -0.1016 -0.3878 0.9165
v 0.1013 -0.3869 0.9169
v -0.0199 -0.3880 0.9218
v 0.0419 -0.3131 0.9491
v -0.0408 -0.3117 0.9497
v 0.0103 -0.3513 0.9364
v 0.0222 -0.4749 0.8802
v -0.0813 -0.4314 0.8987
v -0.0307 -0.4487 0.8934
v 0.0394 -0.4210 0.9065
v 0.1018 -0.2547 0.9620
v 0.1211 -0.3125 0.9425
v 0.0719 -0.3505 0.9340
v -0.0418 -0.2445 0.9690
v -0.0719 -0.3505 0.9340
v -0.1018 -0.2547 0.9620
v -0.1210 -0.3126 0.9424
v 0.0009 -0.1698 0.9860
v -0.0613 -0.1906 0.9801
v -0.0386 -0.1124 0.9932
v 0.0613 -0.2029 0.9777
v 0.0405 -0.0999 0.9947
v -0.0222 -0.0587 0.9983
v 0.1505 -0.2036 0.9680
v -0.1505 -0.2036 0.9680
v -0.1796 -0.4050 0.8968
v -0.2230 -0.4374 0.8717
v -0.1392 -0.4553 0.8799
v -0.2063 -0.4993 0.8421
v -0.0781 -0.5452 0.8351
v -0.0797 -0.4838 0.8719
v -0.2717 -0.4630 0.8440
v -0.2221 -0.3123 0.9240
v -0.1618 -0.3509 0.9227
v 0.1686 -0.4125 0.8956
v 0.2168 -0.4406 0.8715
v 0.1683 -0.4727 0.8652
v 0.1329 -0.5056 0.8531
v 0.0996 -0.4505 0.8875
v 0.0503 -0.5223 0.8518
v 0.2221 -0.3123 0.9240
v 0.1618 -0.3509 0.9227
v 0.2150 -0.5016 0.8383
v 0.2732 -0.4660 0.8419
v 0.1960 -0.6988 0.6887
v 0.0242 -0.6509 0.7595
v -0.0590 -0.6897 0.7226
v 0.0189 -0.7080 0.7065
v -0.0804 -0.6422 0.7628
v -0.0187 -0.6283 0.7781
v 0.0802 -0.6501 0.7559
v 0.0191 -0.5819 0.8134
v -0.0411 -0.5912 0.8058
v 0.1392 -0.6676 0.7317
v 0.0924 -0.6971 0.7115
v -0.1312 -0.6731 0.7280
v 0.1004 -0.7798 0.6183
v 0.0232 -0.7965 0.6054
v 0.0604 -0.7488 0.6605
v -0.0278 -0.7473 0.6646
v -0.0195 -0.8252 0.5649
v -0.0586 -0.7855 0.6167
v 0.1192 -0.7318 0.6714
v -0.0910 -0.7377 0.6692
v -0.1390 -0.7105 0.6902
v -0.1375 -0.5269 0.8390
v -0.1293 -0.5839 0.8020
v -0.1942 -0.5479 0.8140
v -0.1388 -0.6224 0.7706
v -0.1969 -0.5942 0.7802
v -0.2527 -0.5591 0.7901
v -0.2896 -0.5110 0.8096
v -0.1782 -0.6597 0.7306
v 0.2527 -0.5901 0.7675
v 0.0798 -0.6048 0.7927
v 0.1532 -0.5753 0.8042
v 0.1379 -0.6239 0.7696
v 0.1942 -0.5479 0.8140
v 0.0779 -0.5562 0.8277
v 0.1968 -0.6356 0.7470
v 0.2548 -0.5506 0.7953
v 0.4310 -0.2381 0.8707
v 0.2582 -0.1800 0.9495
v 0.2384 -0.1226 0.9637
v 0.3054 -0.1047 0.9471
v 0.3034 -0.1959 0.9330
v 0.3639 -0.1498 0.9197
v 0.3175 -0.2512 0.9146
v 0.3905 -0.2898 0.8745
v 0.4354 -0.1730 0.8842
v 0.3662 -0.2185 0.9048
v 0.2499 -0.2540 0.9347
v 0.2058 -0.1999 0.9584
v 0.2641 -0.0468 0.9639
v 0.0986 -0.1452 0.9848
v 0.0946 -0.0805 0.9925
v 0.1688 -0.1332 0.9768
v 0.1980 -0.0804 0.9771
v 0.1461 -0.0872 0.9857
v 0.0818 -0.0179 0.9968
v 0.0184 -0.0126 1.0000
v 0.1566 -0.0258 0.9878
v 0.2238 -0.0000 0.9748
v 0.4740 -0.1130 0.8736
v 0.4829 -0.0473 0.8750
v 0.3672 -0.0798 0.9270
v 0.4172 -0.0865 0.9050
v 0.4156 -0.0182 0.9098
v 0.3445 -0.0330 0.9383
v 0.3670 0.0198 0.9305
v 0.2920 0.0131 0.9566
v 0.2362 -0.3678 0.8997
v 0.3638 -0.3918 0.8459
v 0.3348 -0.3053 0.8917
v 0.2785 -0.3107 0.9090
v 0.2780 -0.4028 0.8724
v 0.3073 -0.3476 0.8861
v 0.4093 -0.3567 0.8400
v 0.3246 -0.4523 0.8310
v -0.2582 -0.1800 0.9495
v -0.2384 -0.1226 0.9637
v -0.3035 -0.1959 0.9330
v -0.3187 -0.2521 0.9140
v -0.3054 -0.1047 0.9471
v -0.3639 -0.1498 0.9197
v -0.4351 -0.1720 0.8846
v -0.3849 -0.2710 0.8826
v -0.3667 -0.2186 0.9046
v -0.2641 -0.0468 0.9639
v -0.2499 -0.2540 0.9347
v -0.2058 -0.1999 0.9584
v -0.0986 -0.1452 0.9848
v -0.1549 0.0318 0.9880
v -0.0946 -0.0805 0.9925
v -0.1980 -0.0804 0.9771
v -0.1688 -0.1332 0.9768
v -0.1461 -0.0872 0.9857
v -0.0807 0.0167 0.9970
v -0.0915 -0.0311 0.9957
v -0.0274 0.0167 0.9997
v -0.2238 0.0000 0.9748
v -0.1760 -0.0334 0.9840
v -0.2357 -0.3681 0.8997
v -0.3623 -0.3270 0.8734
v -0.3083 -0.3814 0.8722
v -0.2940 -0.3111 0.9041
v -0.3173 -0.4295 0.8457
v -0.4156 0.0182 0.9098
v -0.3672 -0.0798 0.9270
v -0.4517 -0.0477 0.8913
v -0.4166 -0.0876 0.9052
v -0.4310 -0.2381 0.8707
v -0.4742 -0.1130 0.8736
v -0.3534 -0.0048 0.9360
v -0.3928 -0.0330 0.9190
v -0.2920 0.0131 0.9566
v -0.4823 -0.0120 0.8762
v -0.5110 -0.8096 0.2896
v -0.6956 -0.5714 0.4364
v -0.4247 -0.7021 0.5720
v -0.5720 -0.4247 0.7021
v -0.4957 -0.5791 0.6477
v -0.6600 -0.5170 0.5456
v -0.5457 -0.6600 0.5170
v -0.6088 -0.5647 0.5579
v -0.5255 -0.6055 0.5982
v -0.5657 -0.5393 0.6243
v -0.5684 -0.5851 0.5787
v -0.6451 -0.6048 0.4678
v -0.6544 -0.5605 0.5079
v -0.6011 -0.6152 0.5107
v -0.4524 -0.6420 0.6195
v -0.4835 -0.6657 0.5688
v -0.5363 -0.6335 0.5581
v -0.5169 -0.5365 0.6673
v -0.6152 -0.5094 0.6023
v -0.5693 -0.4830 0.6657
v -0.6181 -0.4532 0.6428
v -0.4650 -0.5518 0.6923
v -0.4778 -0.5060 0.7184
v -0.4311 -0.5224 0.7362
v -0.4362 -0.6015 0.6700
v -0.4116 -0.5656 0.7148
v -0.3626 -0.5597 0.7455
v -0.4031 -0.4940 0.7707
v -0.3435 -0.5153 0.7855
v -0.3891 -0.6685 0.6347
v -0.5228 -0.4272 0.7382
v -0.5210 -0.4881 0.7007
v -0.7215 -0.4221 0.5492
v -0.7080 -0.3926 0.5875
v -0.6647 -0.4605 0.5888
v -0.7120 -0.4664 0.5256
v -0.7592 -0.4166 0.5006
v -0.7382 -0.5228 0.4272
v -0.7007 -0.5210 0.4881
v -0.7849 -0.3674 0.4995
v -0.7483 -0.3609 0.5571
v -0.6627 -0.4055 0.6300
v -0.5156 -0.7195 0.4660
v -0.4994 -0.7595 0.4175
v -0.5519 -0.7343 0.3960
v -0.5567 -0.7002 0.4474
v -0.6078 -0.6875 0.3985
v -0.5889 -0.6636 0.4620
v -0.6606 -0.6280 0.4125
v -0.4272 -0.7382 0.5228
v -0.4881 -0.7007 0.5210
v -0.5443 -0.7727 0.3272
v -0.4983 -0.7864 0.3659
v -0.7105 -0.6902 0.1391
v -0.7637 -0.5938 0.2543
v -0.8005 -0.5567 0.2234
v -0.7927 -0.5257 0.3105
v -0.7582 -0.5670 0.3227
v -0.7334 -0.6156 0.2892
v -0.7112 -0.6033 0.3616
v -0.7480 -0.5519 0.3694
v -0.6834 -0.7000 0.2103
v -0.7413 -0.6485 0.1742
v -0.7373 -0.6382 0.2230
v -0.8358 -0.4595 0.3012
v -0.8310 -0.4958 0.2538
v -0.7985 -0.5971 0.0802
v -0.8253 -0.5526 0.1221
v -0.7811 -0.5992 0.1778
v -0.8408 -0.5066 0.1928
v -0.8644 -0.4969 0.0833
v -0.7561 -0.6491 0.0878
v -0.7781 -0.6160 0.1244
v -0.8591 -0.4901 0.1494
v -0.7546 -0.4710 0.4574
v -0.7758 -0.4940 0.3930
v -0.7919 -0.4192 0.4446
v -0.8115 -0.4660 0.3532
v -0.7996 -0.4466 0.4022
v -0.8175 -0.3537 0.4555
v -0.8343 -0.3785 0.4015
v -0.8438 -0.4101 0.3473
v -0.5911 -0.7667 0.2528
v -0.6946 -0.6475 0.3144
v -0.6424 -0.6933 0.3275
v -0.6825 -0.6816 0.2653
v -0.5904 -0.7345 0.3358
v -0.6321 -0.7267 0.2696
v -0.6667 -0.6488 0.3675
v -0.6280 -0.7526 0.1991
v -0.5506 -0.7953 0.2548
v -0.2461 -0.8576 0.4522
v -0.3087 -0.7503 0.5856
v -0.2504 -0.7325 0.6338
v -0.2112 -0.7812 0.5881
v -0.2553 -0.7901 0.5580
v -0.3204 -0.7954 0.5152
v -0.2990 -0.8362 0.4603
v -0.2563 -0.8226 0.5081
v -0.3674 -0.7480 0.5533
v -0.3616 -0.7113 0.6031
v -0.1848 -0.7381 0.6494
v -0.2136 -0.6981 0.6838
v -0.3223 -0.6824 0.6568
v -0.2482 -0.6267 0.7394
v -0.3724 -0.6170 0.6936
v -0.3245 -0.5977 0.7334
v -0.2680 -0.6736 0.6891
v -0.3021 -0.6380 0.7087
v -0.2988 -0.5675 0.7674
v -0.1412 -0.8721 0.4690
v -0.1911 -0.8235 0.5346
v -0.1393 -0.8186 0.5578
v -0.1323 -0.7714 0.6234
v -0.1845 -0.8766 0.4450
v -0.2007 -0.8491 0.4890
v -0.1355 -0.8478 0.5130
v -0.0659 -0.8540 0.5172
v -0.0838 -0.8151 0.5734
v -0.4574 -0.7546 0.4710
v -0.4015 -0.8343 0.3785
v -0.3532 -0.8115 0.4660
v -0.3930 -0.7758 0.4940
v -0.4446 -0.7919 0.4192
v -0.4015 -0.7990 0.4482
v -0.3063 -0.8578 0.4131
v -0.3272 -0.8735 0.3619
v -0.3600 -0.8337 0.4190
v -0.4523 -0.8310 0.3246
v -0.4501 -0.8123 0.3714
v -0.5867 -0.2982 0.7537
v -0.5162 -0.3268 0.7920
v -0.6338 -0.2499 0.7327
v -0.5310 -0.2591 0.8075
v -0.5873 -0.2117 0.7816
v -0.6461 -0.1854 0.7408
v -0.6838 -0.2136 0.6981
v -0.4678 -0.2828 0.8380
v -0.6030 -0.3616 0.7114
v -0.5533 -0.3674 0.7480
v -0.4710 -0.4574 0.7546
v -0.3785 -0.4015 0.8343
v -0.4192 -0.4446 0.7919
v -0.4660 -0.3532 0.8115
v -0.4940 -0.3930 0.7758
v -0.4466 -0.4022 0.7996
v -0.3537 -0.4555 0.8175
v -0.4131 -0.3063 0.8578
v -0.4191 -0.3600 0.8337
v -0.6478 -0.3143 0.6943
v -0.6891 -0.2680 0.6736
v -0.7334 -0.3245 0.5977
v -0.6933 -0.3271 0.6427
v -0.7356 -0.2537 0.6290
v -0.7970 -0.3100 0.5188
v -0.7726 -0.2812 0.5699
v -0.6488 -0.3674 0.6668
v -0.6115 -0.4044 0.6803
v -0.6051 -0.1575 0.7806
v -0.5346 -0.1911 0.8235
v -0.5399 -0.0958 0.8367
v -0.5589 -0.1426 0.8172
v -0.6771 -0.1602 0.7186
v -0.6387 -0.1205 0.7603
v -0.5989 -0.0885 0.7964
v -0.4941 -0.1825 0.8505
v -0.5226 -0.0506 0.8514
v -0.9451 0.1789 0.2746
v -0.9571 -0.1594 0.2430
v -0.8466 -0.0195 0.5324
v -0.9038 -0.0804 0.4211
v -0.9104 0.0614 0.4099
v -0.9666 -0.0212 0.2567
v -0.9363 0.0041 0.3525
v -0.9494 -0.0404 0.3125
v -0.9113 -0.0180 0.4121
v -0.9421 0.1228 0.3129
v -0.9615 0.1024 0.2562
v -0.9317 0.0815 0.3546
v -0.9558 0.0430 0.2920
v -0.9314 -0.0807 0.3557
v -0.9425 -0.1238 0.3116
v -0.9622 -0.1001 0.2543
v -0.8824 0.0265 0.4708
v -0.8747 -0.0412 0.4836
v -0.8841 -0.1499 0.4431
v -0.9125 -0.1400 0.3851
v -0.8737 -0.1065 0.4755
v -0.8584 -0.1960 0.4747
v -0.9019 -0.2118 0.3777
v -0.8843 -0.1992 0.4227
v -0.8638 -0.2527 0.4365
v -0.8256 -0.2646 0.4997
v -0.9347 -0.1844 0.3053
v -0.8351 -0.0781 0.5452
v -0.8824 0.1654 0.4413
v -0.8532 0.1577 0.4978
v -0.8873 0.1018 0.4505
v -0.9118 0.1412 0.3864
v -0.8712 0.2362 0.4311
v -0.9012 0.2178 0.3756
v -0.9236 0.1798 0.3393
v -0.8430 0.2728 0.4642
v -0.8384 0.2149 0.5015
v -0.8541 0.0958 0.5117
v -0.9861 -0.0030 0.1692
v -0.9933 -0.0379 0.1122
v -0.9779 -0.0611 0.2025
v -0.9878 0.0602 0.1452
v -0.9745 0.0407 0.2222
v -0.9765 0.1021 0.1914
v -0.9723 -0.1439 0.1859
v -0.9955 0.0390 0.0900
v -0.9983 -0.0222 0.0587
v -0.9428 0.3077 0.1316
v -0.9197 0.3468 0.1852
v -0.9116 0.3330 0.2420
v -0.9329 0.2891 0.2153
v -0.9613 0.2527 0.1122
v -0.9501 0.2576 0.1772
v -0.9549 0.2099 0.2114
v -0.9388 0.2398 0.2478
v -0.9682 0.2467 0.0466
v -0.9515 0.3040 0.0530
v -0.8883 0.3853 0.2509
v -0.8847 0.4340 0.1744
v -0.9164 0.3732 0.1459
v -0.8916 0.4510 0.0481
v -0.9296 0.3603 0.0822
v -0.9047 0.4176 0.0872
v -0.8756 0.4834 0.0127
v -0.8736 0.4739 0.1137
v -0.9304 0.3672 0.0199
v -0.8707 0.4310 0.2381
v -0.9191 0.2842 0.2738
v -0.9027 0.2628 0.3412
v -0.8751 0.2919 0.3870
v -0.8930 0.3263 0.3111
v -0.8675 0.3385 0.3651
v -0.9239 0.2330 0.3043
v -0.8408 0.3250 0.4333
v -0.8652 0.3970 0.3073
v -0.9684 0.2044 0.1450
v -0.9833 0.1421 0.1166
v -0.9771 0.1980 0.0804
v -0.9925 0.0946 0.0805
v -0.9871 0.1581 0.0390
v -0.9718 0.1552 0.1789
v -0.9599 0.1592 0.2316
v -0.9748 0.2238 -0.0000
v -0.9968 0.0818 0.0179
v -0.8681 -0.4171 0.2701
v -0.9312 -0.3084 0.1971
v -0.9197 -0.3639 0.1498
v -0.9469 -0.3054 0.1059
v -0.9494 -0.2586 0.1797
v -0.9637 -0.2384 0.1226
v -0.9639 -0.2641 0.0468
v -0.9604 -0.2083 0.1866
v -0.9426 -0.2289 0.2442
v -0.8967 -0.3887 0.2135
v -0.9019 -0.3524 0.2508
v -0.9192 -0.2840 0.2737
v -0.8725 -0.2888 0.3948
v -0.8978 -0.2801 0.3408
v -0.8917 -0.3348 0.3053
v -0.8676 -0.3390 0.3643
v -0.8457 -0.3173 0.4295
v -0.9236 -0.2331 0.3051
v -0.8722 -0.3800 0.3085
v -0.9270 -0.3672 0.0798
v -0.8975 -0.4394 0.0442
v -0.8901 -0.4319 0.1477
v -0.9037 -0.4197 0.0880
v -0.8722 -0.4442 0.2060
v -0.9848 -0.0986 0.1452
v -0.9882 -0.1547 0.0254
v -0.9771 -0.1980 0.0804
v -0.9768 -0.1688 0.1332
v -0.9925 -0.0946 0.0805
v -0.9857 -0.1461 0.0872
v -0.9748 -0.2238 0.0000
v -0.9970 -0.0725 0.0334
v -0.7781 -0.0187 0.6283
v -0.7587 -0.0677 0.6488
v -0.7602 0.0236 0.6501
v -0.7558 0.0803 0.6502
v -0.7065 -0.0189 0.7080
v -0.7129 0.0490 0.7001
v -0.7216 0.1280 0.6811
v -0.7105 -0.0907 0.6984
v -0.7304 -0.1381 0.6693
v -0.8140 0.0207 0.5810
v -0.8059 -0.0416 0.5910
v -0.8388 -0.1376 0.5274
v -0.8213 -0.1952 0.5367
v -0.7696 -0.1379 0.6239
v -0.8047 -0.1097 0.5838
v -0.7955 -0.1620 0.5843
v -0.7876 -0.2265 0.5733
v -0.7194 -0.1893 0.6685
v -0.7584 -0.1891 0.6240
v -0.7927 0.0798 0.6048
v -0.7696 0.1379 0.6239
v -0.8140 0.1942 0.5479
v -0.8099 0.1385 0.5706
v -0.7692 0.1945 0.6095
v -0.8086 0.2817 0.5168
v -0.7900 0.2542 0.5586
v -0.8277 0.0779 0.5562
v -0.8432 0.0296 0.5372
v -0.6764 0.0383 0.7359
v -0.6624 -0.0740 0.7462
v -0.6124 -0.0219 0.7906
v -0.6475 0.0004 0.7624
v -0.6575 0.0819 0.7495
v -0.5918 0.0374 0.8057
v -0.8084 0.3284 0.4890
v -0.5110 0.8096 0.2896
v -0.4247 0.7021 0.5720
v -0.7021 0.5720 0.4247
v -0.5720 0.4247 0.7021
v -0.6311 0.5129 0.5824
v -0.5322 0.5506 0.6436
v -0.5797 0.6470 0.4960
v -0.5515 0.5912 0.5888
v -0.6105 0.5659 0.5547
v -0.5844 0.5164 0.6267
v -0.5806 0.6053 0.5449
v -0.4673 0.6448 0.6054
v -0.4782 0.6813 0.5547
v -0.5098 0.6031 0.6140
v -0.5334 0.6415 0.5519
v -0.6547 0.5516 0.5174
v -0.6632 0.5864 0.4657
v -0.6238 0.6102 0.4889
v -0.6182 0.4535 0.6425
v -0.5547 0.4782 0.6813
v -0.7066 0.4494 0.5472
v -0.6653 0.4612 0.5877
v -0.6885 0.5024 0.5236
v -0.7085 0.3914 0.5877
v -0.7297 0.4873 0.4802
v -0.7595 0.4374 0.4821
v -0.7419 0.3964 0.5412
v -0.7737 0.3825 0.5056
v -0.7733 0.3280 0.5431
v -0.7115 0.5301 0.4617
v -0.6626 0.4060 0.6298
v -0.4467 0.5494 0.7066
v -0.4528 0.4900 0.7453
v -0.5012 0.5229 0.6899
v -0.4628 0.5878 0.6640
v -0.3975 0.5499 0.7350
v -0.3978 0.6087 0.6871
v -0.4125 0.6607 0.6279
v -0.3358 0.5269 0.7816
v -0.4025 0.4937 0.7712
v -0.5084 0.4643 0.7256
v -0.5589 0.7091 0.4316
v -0.4900 0.7452 0.4529
v -0.5230 0.6899 0.5012
v -0.4643 0.7256 0.5084
v -0.6685 0.6347 0.3891
v -0.6211 0.6499 0.4388
v -0.4946 0.7713 0.4013
v -0.5598 0.7455 0.3626
v -0.5155 0.7855 0.3433
v -0.2701 0.8681 0.4171
v -0.2537 0.7640 0.5936
v -0.2637 0.7913 0.5520
v -0.2616 0.7194 0.6438
v -0.3090 0.7384 0.5999
v -0.3113 0.7997 0.5139
v -0.3180 0.7669 0.5577
v -0.3707 0.7400 0.5615
v -0.3611 0.7111 0.6037
v -0.3012 0.8358 0.4595
v -0.2551 0.8296 0.4975
v -0.1960 0.6988 0.6887
v -0.1975 0.7393 0.6444
v -0.2135 0.8042 0.5552
v -0.1084 0.7918 0.6021
v -0.1413 0.8722 0.4689
v -0.1196 0.8370 0.5344
v -0.1786 0.8401 0.5128
v -0.1715 0.7934 0.5849
v -0.0597 0.8610 0.5062
v -0.0603 0.8162 0.5750
v -0.2141 0.8591 0.4654
v -0.1192 0.7318 0.6714
v -0.1445 0.7581 0.6362
v -0.2527 0.5901 0.7675
v -0.3145 0.6942 0.6478
v -0.3194 0.6369 0.7024
v -0.3358 0.5904 0.7345
v -0.2680 0.6736 0.6891
v -0.3675 0.6673 0.6482
v -0.2548 0.5506 0.7953
v -0.2896 0.5110 0.8096
v -0.1974 0.6357 0.7467
v -0.2431 0.6446 0.7250
v -0.3909 0.8464 0.3638
v -0.3636 0.7741 0.5187
v -0.4103 0.7905 0.4560
v -0.3532 0.8115 0.4660
v -0.4446 0.7919 0.4192
v -0.4156 0.7447 0.5227
v -0.3473 0.8438 0.4101
v -0.4523 0.8310 0.3246
v -0.4501 0.8123 0.3714
v -0.7186 0.6772 0.1602
v -0.7594 0.5658 0.3219
v -0.7997 0.5139 0.3112
v -0.8112 0.5332 0.2418
v -0.7806 0.5621 0.2743
v -0.7816 0.5873 0.2117
v -0.7364 0.6071 0.2991
v -0.7325 0.6340 0.2500
v -0.7123 0.6702 0.2100
v -0.7489 0.6405 0.1712
v -0.7110 0.6038 0.3611
v -0.7400 0.5615 0.3707
v -0.8381 0.4676 0.2829
v -0.7741 0.5187 0.3636
v -0.8344 0.3783 0.4014
v -0.7919 0.4192 0.4446
v -0.7911 0.4559 0.4094
v -0.8115 0.4660 0.3532
v -0.8123 0.3714 0.4501
v -0.7447 0.5227 0.4156
v -0.8400 0.4093 0.3567
v -0.7852 0.6170 0.0590
v -0.7715 0.6231 0.1335
v -0.8179 0.5682 0.0934
v -0.8235 0.5346 0.1911
v -0.8167 0.5600 0.1409
v -0.8533 0.5148 0.0873
v -0.8505 0.4941 0.1825
v -0.6168 0.6936 0.3728
v -0.6096 0.7672 0.2024
v -0.7014 0.6408 0.3126
v -0.6722 0.6900 0.2694
v -0.6556 0.6860 0.3170
v -0.5977 0.7334 0.3245
v -0.6233 0.7330 0.2732
v -0.6700 0.7137 0.2060
v -0.5591 0.7901 0.2527
v -0.5675 0.7674 0.2988
v -0.6771 0.1602 0.7186
v -0.6115 0.2904 0.7364
v -0.5682 0.3196 0.7587
v -0.5093 0.2959 0.8087
v -0.6068 0.2380 0.7587
v -0.5531 0.2627 0.7911
v -0.4935 0.2273 0.8397
v -0.4603 0.2990 0.8362
v -0.6312 0.1455 0.7628
v -0.6686 0.2236 0.7099
v -0.5615 0.3707 0.7400
v -0.6037 0.3611 0.7111
v -0.6478 0.3145 0.6942
v -0.7383 0.2361 0.6324
v -0.7345 0.3358 0.5904
v -0.6801 0.2655 0.6839
v -0.7024 0.3194 0.6369
v -0.7542 0.2806 0.5939
v -0.7194 0.1893 0.6685
v -0.6482 0.3675 0.6673
v -0.6115 0.4044 0.6803
v -0.5187 0.3636 0.7741
v -0.3785 0.4015 0.8343
v -0.4465 0.3648 0.8178
v -0.4192 0.4446 0.7919
v -0.4692 0.4127 0.7811
v -0.4131 0.3063 0.8578
v -0.3623 0.3270 0.8734
v -0.3243 0.4442 0.8356
v -0.3714 0.4501 0.8123
v -0.5227 0.4156 0.7447
v -0.5989 0.0885 0.7964
v -0.4743 0.1130 0.8735
v -0.5858 0.2018 0.7852
v -0.5335 0.1994 0.8224
v -0.5400 0.0958 0.8367
v -0.5589 0.1413 0.8174
v -0.4872 0.1743 0.8562
v -0.4522 0.2461 0.8576
v -0.5226 0.0505 0.8514
v 0.1789 0.2746 0.9451
v 0.0195 0.5324 0.8466
v -0.1594 0.2429 0.9571
v -0.1014 0.3869 0.9169
v 0.0003 0.2903 0.9572
v 0.0804 0.4208 0.9039
v 0.0369 0.3556 0.9342
v 0.0201 0.4106 0.9119
v -0.0269 0.3521 0.9361
v 0.1225 0.2861 0.9507
v 0.0595 0.2788 0.9588
v 0.0994 0.3461 0.9333
v -0.0391 0.4227 0.9058
v -0.0387 0.4844 0.8743
v 0.0222 0.4726 0.8813
v -0.1023 0.3328 0.9376
v -0.0597 0.2792 0.9587
v -0.1214 0.2867 0.9506
v -0.1691 0.4121 0.8958
v -0.1010 0.4515 0.8869
v -0.2351 0.4313 0.8714
v -0.1577 0.4978 0.8532
v -0.1787 0.4563 0.8719
v -0.2151 0.5016 0.8383
v -0.2717 0.4630 0.8440
v -0.0959 0.5117 0.8541
v -0.2113 0.2983 0.9315
v -0.1619 0.3508 0.9227
v -0.0639 0.1606 0.9857
v -0.0304 0.2151 0.9766
v 0.0404 0.2240 0.9741
v 0.0203 0.1437 0.9898
v 0.0790 0.1629 0.9840
v 0.1342 0.2238 0.9658
v 0.0393 0.0927 0.9952
v -0.0394 0.0905 0.9954
v 0.0092 0.0503 0.9989
v -0.1114 0.2158 0.9703
v 0.1421 0.4683 0.8724
v 0.1963 0.4938 0.8475
v 0.2173 0.4405 0.8714
v 0.1602 0.4264 0.8905
v 0.2092 0.3755 0.9034
v 0.1400 0.3851 0.9125
v 0.1809 0.3283 0.9273
v 0.0781 0.5452 0.8351
v 0.0797 0.4839 0.8719
v 0.2892 0.4555 0.8423
v 0.2506 0.5002 0.8292
v 0.4229 0.2441 0.8731
v 0.3362 0.1841 0.9241
v 0.3091 0.1237 0.9432
v 0.2575 0.1529 0.9544
v 0.2881 0.2157 0.9334
v 0.2398 0.2478 0.9388
v 0.2099 0.2114 0.9549
v 0.3618 0.2451 0.8999
v 0.4330 0.1745 0.8852
v 0.2559 0.0660 0.9650
v 0.3223 0.0496 0.9455
v 0.3723 0.1437 0.9172
v 0.4739 0.1137 0.8736
v 0.4510 0.0481 0.8916
v 0.3596 0.0821 0.9299
v 0.4177 0.0872 0.9047
v 0.5148 0.0872 0.8533
v 0.4832 0.0130 0.8757
v 0.2044 0.1450 0.9684
v 0.1421 0.1166 0.9833
v 0.0946 0.0805 0.9925
v 0.2104 0.0861 0.9742
v 0.1569 0.0375 0.9874
v 0.1552 0.1789 0.9718
v 0.0725 0.0334 0.9970
v 0.3729 0.3632 0.8541
v 0.2840 0.2737 0.9192
v 0.2802 0.3409 0.8977
v 0.3348 0.3053 0.8917
v 0.2780 0.4028 0.8724
v 0.3236 0.3825 0.8658
v 0.2331 0.3051 0.9236
v 0.3970 0.3056 0.8658
v 0.1602 0.7186 0.6771
v -0.0305 0.6338 0.7731
v -0.0802 0.6501 0.7559
v -0.0305 0.6789 0.7338
v 0.0296 0.6788 0.7343
v 0.0214 0.6285 0.7779
v 0.0794 0.6368 0.7673
v 0.1173 0.6719 0.7320
v 0.0999 0.7129 0.6945
v 0.0416 0.5910 0.8059
v -0.0207 0.5810 0.8140
v -0.0904 0.6971 0.7118
v -0.1392 0.6676 0.7317
v -0.0798 0.6048 0.7927
v -0.1942 0.5479 0.8140
v -0.1532 0.5753 0.8042
v -0.1379 0.6239 0.7696
v -0.0779 0.5562 0.8277
v -0.0296 0.5372 0.8432
v -0.0214 0.7151 0.6990
v 0.0406 0.7309 0.6818
v 0.0219 0.7906 0.6124
v -0.0604 0.7488 0.6605
v -0.0010 0.7634 0.6464
v 0.0878 0.7561 0.6491
v -0.0304 0.7947 0.6064
v 0.1375 0.5273 0.8388
v 0.1379 0.6239 0.7696
v 0.1097 0.5838 0.8047
v 0.1942 0.5479 0.8140
v 0.1610 0.5841 0.7958
v 0.1891 0.6240 0.7584
v 0.2380 0.5625 0.7924
v -0.2773 0.2118 0.9374
v -0.3187 0.2521 0.9140
v -0.2792 0.1559 0.9481
v -0.3606 0.1940 0.9130
v -0.3450 0.1191 0.9314
v -0.3223 0.0496 0.9455
v -0.2467 0.0466 0.9682
v -0.2862 0.0881 0.9544
v -0.3924 0.2545 0.8845
v -0.2083 0.2114 0.9552
v -0.2502 0.2538 0.9346
v -0.2357 0.3681 0.8997
v -0.3085 0.3804 0.8726
v -0.2940 0.3111 0.9041
v -0.2044 0.1450 0.9684
v -0.2104 0.0861 0.9742
v -0.0946 0.0805 0.9925
v -0.1421 0.1166 0.9833
v -0.1552 0.1789 0.9718
v -0.3658 0.0661 0.9285
v -0.4055 0.1418 0.9033
v -0.4233 0.0818 0.9026
v -0.4355 0.1802 0.8821
v -0.4724 0.0448 0.8805
v 0.7970 0.3100 0.5188
v 0.3100 0.5188 0.7970
v 0.4273 0.6856 0.5905
v 0.6036 0.4126 0.6826
v 0.7022 0.5715 0.4254
v 0.6316 0.5127 0.5822
v 0.5456 0.6600 0.5170
v 0.4960 0.5796 0.6470
v 0.5383 0.6240 0.5669
v 0.5888 0.5515 0.5912
v 0.5898 0.5953 0.5462
v 0.5449 0.5807 0.6053
v 0.4839 0.6650 0.5694
v 0.4889 0.6238 0.6102
v 0.5940 0.4954 0.6342
v 0.6188 0.4537 0.6417
v 0.5554 0.4775 0.6813
v 0.5509 0.5350 0.6411
v 0.6408 0.5528 0.5333
v 0.6131 0.6183 0.4924
v 0.6664 0.5689 0.4826
v 0.6545 0.6191 0.4346
v 0.6732 0.4602 0.5796
v 0.6895 0.5008 0.5238
v 0.7431 0.4734 0.4736
v 0.7220 0.4338 0.5397
v 0.7591 0.4160 0.5012
v 0.7080 0.3926 0.5875
v 0.7483 0.3609 0.5571
v 0.7849 0.3674 0.4995
v 0.6621 0.4056 0.6306
v 0.7121 0.5220 0.4701
v 0.5492 0.7215 0.4221
v 0.5869 0.7081 0.3934
v 0.5895 0.6642 0.4605
v 0.5253 0.7122 0.4666
v 0.4974 0.7639 0.4121
v 0.4272 0.7382 0.5228
v 0.4881 0.7007 0.5210
v 0.5601 0.7464 0.3603
v 0.5105 0.7870 0.3472
v 0.6313 0.6625 0.4040
v 0.4324 0.5325 0.7279
v 0.4527 0.4901 0.7453
v 0.3760 0.5729 0.7285
v 0.4382 0.5712 0.6947
v 0.5012 0.5230 0.6899
v 0.3789 0.6601 0.6492
v 0.4388 0.6211 0.6499
v 0.5076 0.4648 0.7258
v 0.3610 0.5372 0.7627
v 0.4013 0.4927 0.7725
v 0.2820 0.7766 0.5638
v 0.2234 0.8005 0.5567
v 0.2217 0.7520 0.6218
v 0.3369 0.7822 0.5251
v 0.2710 0.7155 0.6445
v 0.3098 0.7399 0.5976
v 0.3433 0.7066 0.6193
v 0.3744 0.7309 0.5711
v 0.2136 0.6981 0.6838
v 0.2990 0.8362 0.4603
v 0.1920 0.8465 0.4983
v 0.2731 0.8164 0.5092
v 0.0883 0.7964 0.5988
v 0.0958 0.8367 0.5399
v 0.1674 0.7852 0.5966
v 0.1406 0.8181 0.5581
v 0.0510 0.8513 0.5227
v 0.1445 0.7581 0.6362
v 0.2461 0.8576 0.4522
v 0.4574 0.7546 0.4710
v 0.3930 0.7758 0.4940
v 0.4446 0.7919 0.4192
v 0.3532 0.8115 0.4660
v 0.4007 0.7995 0.4480
v 0.4501 0.8123 0.3714
v 0.4014 0.8344 0.3783
v 0.3567 0.8400 0.4093
v 0.2478 0.6287 0.7378
v 0.3724 0.6170 0.6936
v 0.3252 0.6661 0.6714
v 0.2680 0.6736 0.6891
v 0.3245 0.5977 0.7334
v 0.3021 0.6380 0.7087
v 0.1893 0.6685 0.7194
v 0.2816 0.5702 0.7722
v 0.5997 0.3094 0.7383
v 0.6345 0.2407 0.7352
v 0.5873 0.2117 0.7816
v 0.5612 0.2971 0.7732
v 0.5332 0.2418 0.8112
v 0.5139 0.3112 0.7997
v 0.4678 0.2828 0.8380
v 0.5710 0.3730 0.7317
v 0.6105 0.3520 0.7097
v 0.6272 0.1434 0.7665
v 0.6838 0.2136 0.6981
v 0.6478 0.3143 0.6943
v 0.7334 0.3245 0.5977
v 0.6933 0.3271 0.6427
v 0.6801 0.2655 0.6839
v 0.7308 0.2584 0.6327
v 0.7726 0.2812 0.5699
v 0.6488 0.3674 0.6668
v 0.5346 0.1911 0.8235
v 0.5682 0.0934 0.8179
v 0.5600 0.1409 0.8167
v 0.4941 0.1825 0.8505
v 0.6771 0.1602 0.7186
v 0.5187 0.3636 0.7741
v 0.4660 0.3532 0.8115
v 0.4692 0.4127 0.7811
v 0.4192 0.4446 0.7919
v 0.4166 0.3774 0.8276
v 0.5227 0.4156 0.7447
v 0.5636 0.4227 0.7099
v 0.3623 0.4395 0.8224
v 0.3361 0.4828 0.8089
v 0.7669 0.5577 0.3180
v 0.7997 0.5139 0.3113
v 0.7318 0.5995 0.3250
v 0.7581 0.5942 0.2697
v 0.7191 0.6442 0.2615
v 0.8064 0.5354 0.2532
v 0.7816 0.5873 0.2117
v 0.7501 0.6291 0.2047
v 0.7152 0.6698 0.2016
v 0.8393 0.4652 0.2834
v 0.6886 0.6176 0.3807
v 0.7331 0.5696 0.3723
v 0.7741 0.5187 0.3636
v 0.7919 0.4192 0.4446
v 0.8115 0.4660 0.3532
v 0.7905 0.4560 0.4103
v 0.8175 0.3537 0.4555
v 0.8343 0.3785 0.4015
v 0.8438 0.4101 0.3473
v 0.7447 0.5227 0.4156
v 0.7014 0.6408 0.3126
v 0.6722 0.6900 0.2694
v 0.5934 0.7477 0.2991
v 0.6616 0.6712 0.3358
v 0.6212 0.7066 0.3396
v 0.6321 0.7267 0.2696
v 0.6688 0.7091 0.2240
v 0.5465 0.7848 0.2930
v 0.7720 0.6199 0.1437
v 0.8235 0.5346 0.1911
v 0.8171 0.5693 0.0937
v 0.8173 0.5591 0.1412
v 0.8491 0.4890 0.2007
v 0.8592 0.4900 0.1492
v 0.8456 0.5242 0.1027
v 0.4812 0.8210 0.3080
v 0.4890 0.8084 -0.3284
v -0.0126 1.0000 0.0184
v 0.2746 0.9451 -0.1789
v 0.2430 0.9571 0.1594
v 0.5324 0.8466 0.0195
v 0.4211 0.9038 0.0804
v 0.4099 0.9104 -0.0613
v 0.2561 0.9668 0.0204
v 0.3118 0.9497 -0.0393
v 0.3244 0.9460 0.0212
v 0.4121 0.9113 0.0180
v 0.3680 0.9300 0.0000
v 0.2768 0.9559 -0.1008
v 0.3202 0.9370 -0.1415
v 0.3529 0.9324 -0.0822
v 0.2503 0.9679 -0.0306
v 0.3555 0.9315 0.0809
v 0.3191 0.9374 0.1420
v 0.2998 0.9507 0.0819
v 0.2545 0.9622 0.1003
v 0.4705 0.8826 -0.0267
v 0.4836 0.8747 0.0416
v 0.4403 0.8829 0.1659
v 0.3854 0.9124 0.1397
v 0.4758 0.8735 0.1078
v 0.4931 0.8478 0.1967
v 0.3709 0.9076 0.1982
v 0.4072 0.8829 0.2346
v 0.4481 0.8570 0.2550
v 0.4990 0.8302 0.2497
v 0.3005 0.9306 0.2119
v 0.5452 0.8351 0.0781
v 0.4364 0.8857 -0.1604
v 0.4978 0.8532 -0.1577
v 0.4515 0.8869 -0.1010
v 0.3866 0.9121 -0.1390
v 0.4084 0.8820 -0.2364
v 0.3709 0.9076 -0.1981
v 0.3123 0.9240 -0.2221
v 0.4642 0.8430 -0.2728
v 0.4521 0.8653 -0.2174
v 0.5015 0.8384 -0.2149
v 0.5117 0.8541 -0.0959
v 0.1412 0.9901 0.0211
v 0.2037 0.9775 0.0615
v 0.1050 0.9941 -0.0397
v 0.1858 0.9827 -0.0243
v 0.2042 0.9679 -0.1500
v 0.2220 0.9719 -0.0822
v 0.1859 0.9723 0.1439
v 0.0932 0.9951 0.0411
v 0.0436 0.9994 -0.0019
v 0.1861 0.9312 -0.3143
v 0.1648 0.9179 -0.3613
v 0.1182 0.9316 -0.3447
v 0.2425 0.9120 -0.3317
v 0.2550 0.9304 -0.2657
v 0.1454 0.9513 -0.2730
v 0.1543 0.9629 -0.2230
v 0.1991 0.9444 -0.2616
v 0.2109 0.9553 -0.2084
v 0.0466 0.9682 -0.2467
v 0.0461 0.9492 -0.3121
v 0.0875 0.9545 -0.2860
v 0.2621 0.8850 -0.3852
v 0.2090 0.9011 -0.3806
v 0.0873 0.9032 -0.4211
v 0.0338 0.9312 -0.3647
v 0.1418 0.9033 -0.4055
v 0.0445 0.8885 -0.4576
v 0.1130 0.8735 -0.4743
v 0.1802 0.8821 -0.4355
v 0.2381 0.8707 -0.4310
v 0.3164 0.9041 -0.2881
v 0.4177 0.8529 -0.3149
v 0.3053 0.8917 -0.3348
v 0.3651 0.8675 -0.3385
v 0.3659 0.8905 -0.2713
v 0.3073 0.8652 -0.3970
v 0.1451 0.9848 -0.0986
v 0.1332 0.9768 -0.1688
v 0.0861 0.9742 -0.2104
v 0.0805 0.9925 -0.0946
v 0.0858 0.9860 -0.1450
v 0.0334 0.9840 -0.1760
v 0.0334 0.9970 -0.0725
v 0.0131 0.9927 -0.1222
v 0.2112 0.9378 0.2766
v 0.2180 0.9180 0.3322
v 0.1797 0.9116 0.3706
v 0.1600 0.9466 0.2816
v 0.1191 0.9314 0.3450
v 0.1226 0.9637 0.2384
v 0.0466 0.9682 0.2467
v 0.0364 0.9364 0.3510
v 0.0882 0.9544 0.2860
v 0.2005 0.9583 0.2058
v 0.2538 0.9346 0.2502
v 0.2632 0.8984 0.3520
v 0.2426 0.8841 0.4001
v 0.2959 0.9050 0.3081
v 0.4177 0.8529 0.3149
v 0.3651 0.8675 0.3385
v 0.3649 0.8909 0.2714
v 0.3073 0.8652 0.3970
v 0.1130 0.8735 0.4743
v 0.0536 0.8862 0.4606
v 0.1418 0.9033 0.4055
v 0.0893 0.9042 0.4184
v 0.0131 0.9566 0.2920
v 0.0184 0.9098 0.4155
v 0.0136 0.8758 0.4830
v 0.1802 0.8821 0.4355
v 0.1452 0.9848 0.0986
v 0.0804 0.9771 0.1980
v 0.1332 0.9768 0.1688
v 0.0805 0.9925 0.0946
v 0.0872 0.9857 0.1461
v 0.0258 0.9878 0.1568
v 0.0179 0.9968 0.0818
v 0.6880 0.7084 0.1589
v 0.6633 0.7484 0.0202
v 0.6280 0.7762 0.0602
v 0.6410 0.7678 -0.0284
v 0.7057 0.7093 -0.0012
v 0.6939 0.7159 -0.0809
v 0.6578 0.7468 -0.1004
v 0.6968 0.7121 0.0900
v 0.6587 0.7460 0.1006
v 0.5810 0.8140 -0.0207
v 0.5910 0.8059 0.0416
v 0.5273 0.8388 0.1375
v 0.5977 0.7703 0.2241
v 0.5479 0.8140 0.1942
v 0.5997 0.7895 0.1359
v 0.5469 0.8008 0.2448
v 0.6452 0.7409 0.1889
v 0.6048 0.7927 -0.0794
v 0.6331 0.7600 -0.1503
v 0.5479 0.8140 -0.1942
v 0.5702 0.8102 -0.1384
v 0.5931 0.7812 -0.1959
v 0.7033 0.6978 -0.1390
v 0.5168 0.8086 -0.2817
v 0.5586 0.7900 -0.2542
v 0.5561 0.8278 -0.0780
v 0.5372 0.8432 -0.0296
v 0.7718 0.6314 0.0792
v 0.7359 0.6764 -0.0383
v 0.7440 0.6659 0.0598
v 0.7714 0.6370 0.0073
v 0.7525 0.6504 -0.1087
v 0.7671 0.6387 -0.0609
v 0.7318 0.6714 0.1192
v 0.8079 0.5885 0.0385
v 0.7947 0.6064 -0.0304
v 0.8250 0.5652 -0.0195
v 0.6043 0.4241 -0.6751
v 0.4254 0.7022 -0.5715
v 0.6885 0.5859 -0.4290
v 0.5796 0.6470 -0.4960
v 0.6602 0.5162 -0.5462
v 0.5326 0.5507 -0.6432
v 0.5750 0.5301 -0.6235
v 0.5447 0.5898 -0.5967
v 0.6043 0.5988 -0.5261
v 0.5640 0.6116 -0.5552
v 0.6142 0.5449 -0.5715
v 0.5687 0.4807 -0.6680
v 0.6484 0.4863 -0.5861
v 0.6102 0.4889 -0.6238
v 0.5190 0.6545 -0.5504
v 0.4656 0.6638 -0.5858
v 0.4923 0.6145 -0.6170
v 0.6544 0.5605 -0.5079
v 0.6436 0.6040 -0.4707
v 0.5400 0.7066 -0.4577
v 0.5236 0.6885 -0.5024
v 0.5788 0.6942 -0.4286
v 0.5500 0.7358 -0.3960
v 0.4802 0.7297 -0.4873
v 0.4821 0.7595 -0.4374
v 0.5056 0.7737 -0.3825
v 0.5431 0.7733 -0.3280
v 0.4617 0.7115 -0.5301
v 0.6600 0.6492 -0.3789
v 0.6210 0.6499 -0.4388
v 0.7185 0.4668 -0.5163
v 0.7513 0.4173 -0.5121
v 0.6939 0.4409 -0.5701
v 0.7423 0.3677 -0.5610
v 0.6492 0.3789 -0.6600
v 0.6500 0.4388 -0.6210
v 0.7849 0.3674 -0.4995
v 0.7382 0.5228 -0.4272
v 0.7007 0.5210 -0.4880
v 0.4471 0.5458 -0.7091
v 0.3969 0.5500 -0.7352
v 0.3984 0.6079 -0.6875
v 0.4381 0.4850 -0.7572
v 0.4877 0.4804 -0.7293
v 0.4626 0.5884 -0.6637
v 0.5029 0.5231 -0.6885
v 0.5419 0.4539 -0.7077
v 0.4195 0.6520 -0.6320
v 0.3905 0.4999 -0.7733
v 0.3428 0.5321 -0.7745
v 0.5876 0.2879 -0.7570
v 0.5880 0.2112 -0.7812
v 0.5440 0.2623 -0.7973
v 0.6450 0.2780 -0.7122
v 0.6111 0.3437 -0.7137
v 0.5159 0.3272 -0.7921
v 0.5515 0.3536 -0.7558
v 0.5565 0.4040 -0.7263
v 0.4603 0.2990 -0.8362
v 0.5010 0.2816 -0.8186
v 0.6838 0.2136 -0.6981
v 0.6465 0.1991 -0.7372
v 0.5474 0.1341 -0.8267
v 0.5356 0.2020 -0.8203
v 0.6051 0.1575 -0.7806
v 0.5607 0.0549 -0.8265
v 0.5989 0.0885 -0.7964
v 0.6466 0.0940 -0.7580
v 0.6936 0.3724 -0.6170
v 0.6714 0.3252 -0.6661
v 0.7334 0.3245 -0.5977
v 0.6891 0.2680 -0.6736
v 0.7087 0.3021 -0.6380
v 0.7726 0.2812 -0.5699
v 0.7379 0.2478 -0.6285
v 0.7970 0.3100 -0.5188
v 0.4956 0.4027 -0.7702
v 0.4660 0.3532 -0.8115
v 0.4316 0.3968 -0.8101
v 0.4539 0.4361 -0.7773
v 0.3156 0.7749 -0.5481
v 0.2656 0.7836 -0.5621
v 0.2115 0.7806 -0.5886
v 0.3116 0.7106 -0.6313
v 0.2762 0.7415 -0.6119
v 0.2137 0.6975 -0.6844
v 0.2226 0.7373 -0.6383
v 0.3807 0.6885 -0.6176
v 0.3551 0.7353 -0.5782
v 0.2363 0.8413 -0.4867
v 0.2990 0.8362 -0.4603
v 0.2714 0.8164 -0.5103
v 0.3636 0.7741 -0.5187
v 0.4014 0.8344 -0.3783
v 0.4446 0.7919 -0.4192
v 0.4094 0.7911 -0.4559
v 0.3435 0.8101 -0.4759
v 0.4501 0.8123 -0.3714
v 0.4156 0.7447 -0.5227
v 0.3567 0.8400 -0.4093
v 0.0958 0.8367 -0.5400
v 0.1987 0.8223 -0.5339
v 0.1414 0.8174 -0.5590
v 0.0501 0.8514 -0.5226
v 0.1743 0.8562 -0.4872
v 0.2824 0.6791 -0.6785
v 0.3421 0.6522 -0.6773
v 0.3358 0.5904 -0.7345
v 0.2865 0.6316 -0.7205
v 0.7573 0.5951 -0.2701
v 0.7118 0.6391 -0.2932
v 0.7577 0.5688 -0.3208
v 0.7954 0.5152 -0.3204
v 0.7816 0.5873 -0.2117
v 0.8107 0.5272 -0.2571
v 0.8362 0.4603 -0.2990
v 0.7368 0.6470 -0.1990
v 0.6843 0.6986 -0.2117
v 0.7482 0.5519 -0.3690
v 0.7118 0.6020 -0.3626
v 0.6171 0.6936 -0.3724
v 0.6247 0.7442 -0.2376
v 0.5904 0.7345 -0.3358
v 0.6722 0.6900 -0.2694
v 0.6661 0.6714 -0.3252
v 0.6385 0.7089 -0.3004
v 0.5939 0.7542 -0.2806
v 0.7543 0.4711 -0.4578
v 0.8115 0.4660 -0.3532
v 0.7919 0.4192 -0.4446
v 0.7758 0.4940 -0.3930
v 0.8000 0.4465 -0.4015
v 0.8400 0.4093 -0.3567
v 0.8175 0.3537 -0.4555
v 0.8343 0.3785 -0.4015
v 0.7967 0.5985 -0.0881
v 0.8235 0.5346 -0.1911
v 0.7806 0.6051 -0.1575
v 0.8329 0.5472 -0.0854
v 0.8181 0.5576 -0.1424
v 0.8491 0.4890 -0.2007
v 0.8576 0.4522 -0.2461
v 0.8553 0.5037 -0.1242
v 0.8510 0.5231 -0.0514
v 0.9523 -0.1597 -0.2628
v 0.8466 -0.0195 -0.5324
v 0.9571 0.1594 -0.2430
v 0.9169 0.1016 -0.3868
v 0.9667 -0.0202 -0.2562
v 0.9039 -0.0804 -0.4209
v 0.9418 -0.0228 -0.3367
v 0.9120 -0.0202 -0.4103
v 0.9498 0.0410 -0.3114
v 0.9292 0.0412 -0.3677
v 0.9424 -0.1218 -0.3126
v 0.9566 -0.0716 -0.2832
v 0.9317 -0.0803 -0.3550
v 0.9058 0.0391 -0.4227
v 0.8743 0.0387 -0.4844
v 0.8813 -0.0222 -0.4726
v 0.9443 0.0922 -0.3165
v 0.9690 0.0418 -0.2446
v 0.9370 0.1419 -0.3202
v 0.9622 0.1001 -0.2543
v 0.8841 0.1499 -0.4431
v 0.8869 0.1011 -0.4515
v 0.9117 0.1679 -0.3761
v 0.8843 0.1992 -0.4227
v 0.8524 0.1585 -0.4988
v 0.8589 0.2071 -0.4688
v 0.8256 0.2646 -0.4997
v 0.8648 0.2520 -0.4349
v 0.8541 0.0958 -0.5117
v 0.9315 0.2088 -0.2997
v 0.9854 -0.0121 -0.1734
v 0.9801 0.0613 -0.1906
v 0.9932 0.0386 -0.1124
v 0.9947 -0.0405 -0.0999
v 0.9723 -0.1439 -0.1859
v 0.9719 -0.0822 -0.2220
v 0.9983 0.0222 -0.0587
v 0.9723 0.1439 -0.1859
v 0.8726 -0.1400 -0.4686
v 0.8580 -0.1952 -0.4758
v 0.8715 -0.2355 -0.4308
v 0.8905 -0.1602 -0.4264
v 0.9009 -0.2181 -0.3760
v 0.9118 -0.1412 -0.3864
v 0.9237 -0.1797 -0.3393
v 0.8351 -0.0781 -0.5452
v 0.8719 -0.0797 -0.4839
v 0.8435 -0.2737 -0.4628
v 0.8198 -0.2531 -0.5142
v 0.9375 -0.3203 -0.1401
v 0.9638 -0.2379 -0.1225
v 0.9518 -0.2586 -0.1660
v 0.9217 -0.3235 -0.2149
v 0.9375 -0.2765 -0.2122
v 0.9429 -0.2283 -0.2436
v 0.9597 -0.2109 -0.1871
v 0.9020 -0.3520 -0.2509
v 0.9036 -0.3808 -0.1972
v 0.8842 -0.3999 -0.2427
v 0.9647 -0.2574 -0.0640
v 0.9354 -0.3536 -0.0413
v 0.9289 -0.3533 -0.1130
v 0.8975 -0.4394 -0.0442
v 0.9044 -0.4010 -0.1482
v 0.9041 -0.4188 -0.0884
v 0.8796 -0.4768 0.0062
v 0.8786 -0.4708 -0.0823
v 0.8766 -0.4450 -0.1845
v 0.8643 -0.4805 -0.1520
v 0.9566 -0.2920 -0.0131
v 0.9848 -0.0986 -0.1452
v 0.9768 -0.1688 -0.1332
v 0.9925 -0.0946 -0.0805
v 0.9771 -0.1980 -0.0804
v 0.9857 -0.1461 -0.0872
v 0.9970 -0.0725 -0.0334
v 0.9882 -0.1547 -0.0253
v 1.0000 -0.0184 -0.0126
v 0.9192 -0.2840 -0.2737
v 0.8978 -0.2801 -0.3408
v 0.8917 -0.3348 -0.3053
v 0.8725 -0.2888 -0.3948
v 0.8685 -0.3369 -0.3642
v 0.9236 -0.2331 -0.3051
v 0.8652 -0.3970 -0.3073
v 0.8457 -0.3173 -0.4295
v 0.6902 0.1390 -0.7105
v 0.7731 0.0305 -0.6338
v 0.7559 0.0802 -0.6501
v 0.7297 0.0216 -0.6841
v 0.7065 -0.0189 -0.7080
v 0.7793 -0.0215 -0.6267
v 0.7484 -0.0584 -0.6611
v 0.7552 -0.1414 -0.6412
v 0.7121 -0.0899 -0.6968
v 0.8050 -0.0399 -0.5924
v 0.8139 0.0204 -0.5811
v 0.7156 0.0794 -0.6944
v 0.7304 0.1381 -0.6693
v 0.7927 0.0798 -0.6048
v 0.8213 0.1952 -0.5367
v 0.8099 0.1386 -0.5706
v 0.7717 0.1606 -0.6164
v 0.7876 0.2265 -0.5733
v 0.8277 0.0780 -0.5562
v 0.8432 0.0296 -0.5372
v 0.7194 0.1893 -0.6685
v 0.6605 -0.0604 -0.7488
v 0.6124 0.0219 -0.7906
v 0.6764 0.0383 -0.7359
v 0.6454 -0.0018 -0.7642
v 0.6714 -0.1192 -0.7318
v 0.5865 -0.0488 -0.8091
v 0.8388 -0.1376 -0.5273
v 0.7802 -0.0811 -0.6202
v 0.8047 -0.1097 -0.5838
v 0.8213 -0.1952 -0.5367
v 0.7957 -0.1610 -0.5842
v 0.7085 -0.1589 -0.6880
v 0.7744 -0.2222 -0.5934
v 0.9449 0.2726 -0.1836
v 0.9205 0.3009 -0.2513
v 0.9638 0.2379 -0.1225
v 0.9203 0.3452 -0.1856
v 0.9425 0.3080 -0.1330
v 0.9492 0.3121 -0.0461
v 0.9644 0.2587 -0.0635
v 0.8873 0.4123 -0.2077
v 0.8932 0.3785 -0.2447
v 0.9597 0.2109 -0.1872
v 0.9430 0.2281 -0.2433
v 0.8998 0.2358 -0.3680
v 0.8725 0.2888 -0.3948
v 0.8917 0.3348 -0.3053
v 0.9008 0.2896 -0.3249
v 0.8678 0.3385 -0.3644
v 0.8457 0.3173 -0.4295
v 0.8652 0.3970 -0.3073
v 0.9848 0.0986 -0.1452
v 0.9771 0.1980 -0.0804
v 0.9925 0.0946 -0.0805
v 0.9768 0.1688 -0.1332
v 0.9857 0.1461 -0.0872
v 0.9840 0.1760 -0.0334
v 0.9957 0.0915 -0.0311
v 0.9164 0.3732 -0.1459
v 0.9296 0.3603 -0.0822
v 0.8827 0.4432 -0.1601
v 0.8972 0.4401 -0.0433
v 0.9051 0.4167 -0.0878
v 0.9304 0.3672 -0.0199
v 0.8786 0.4708 -0.0823
v 0.8754 0.4843 -0.0001
v 0.8466 0.0196 0.5324
v 0.9573 -0.1586 0.2428
v 0.9571 0.1594 0.2430
v 0.9667 -0.0202 0.2562
v 0.9169 0.1013 0.3869
v 0.9197 -0.0610 0.3886
v 0.9221 0.0175 0.3873
v 0.9416 -0.0182 0.3377
v 0.9374 0.0607 0.3439
v 0.8743 -0.0010 0.4860
v 0.8972 0.0423 0.4402
v 0.8968 -0.0398 0.4412
v 0.9566 -0.0716 0.2832
v 0.9510 -0.1213 0.2856
v 0.9336 -0.1008 0.3448
v 0.9531 0.0410 0.3005
v 0.9690 0.0417 0.2446
v 0.9622 0.1001 0.2543
v 0.9427 0.1218 0.3115
v 0.9856 -0.0113 0.1726
v 0.9800 0.0614 0.1907
v 0.9946 0.0405 0.1004
v 0.9940 -0.0409 0.1056
v 0.9989 -0.0092 0.0503
v 0.9723 -0.1439 0.1859
v 0.9719 -0.0821 0.2220
v 0.9723 0.1439 0.1859
v 0.8950 0.1837 0.4076
v 0.8841 0.1499 0.4431
v 0.8875 0.0996 0.4505
v 0.8584 0.1963 0.4747
v 0.8540 0.1292 0.5049
v 0.8584 0.0695 0.5086
v 0.8256 0.2646 0.4997
v 0.8648 0.2520 0.4350
v 0.9314 0.2097 0.2994
v 0.9227 0.1619 0.3508
v 0.8815 -0.1685 0.4421
v 0.8829 -0.2346 0.4073
v 0.9077 -0.1991 0.3701
v 0.8473 -0.1975 0.4936
v 0.8527 -0.1301 0.5068
v 0.9127 -0.1401 0.3846
v 0.8881 -0.1003 0.4493
v 0.8518 -0.0503 0.5223
v 0.9325 -0.1782 0.3149
v 0.8294 -0.2516 0.4995
v 0.8570 -0.2550 0.4481
v 0.7254 -0.0008 0.6889
v 0.7499 0.0585 0.6594
v 0.7783 0.0182 0.6280
v 0.7613 -0.0569 0.6469
v 0.8137 -0.0213 0.5813
v 0.8093 0.0303 0.5869
v 0.7155 -0.1425 0.6850
v 0.7094 -0.0579 0.7027
v 0.7608 0.1307 0.6366
v 0.7095 0.0579 0.7027
v 0.7129 0.1231 0.6908
v 0.6170 0.0590 0.7852
v 0.6317 -0.0072 0.7757
v 0.6698 -0.0293 0.7425
v 0.6764 0.0383 0.7359
v 0.5800 0.0233 0.8146
v 0.5831 -0.0556 0.8112
v 0.6692 -0.0910 0.7377
v 0.6314 -0.0792 0.7718
v 0.6692 0.0910 0.7377
v 0.7574 0.2163 0.6165
v 0.7927 0.0794 0.6048
v 0.8102 0.1385 0.5702
v 0.8213 0.1952 0.5367
v 0.7918 0.2037 0.5765
v 0.8278 0.0780 0.5561
v 0.7307 0.1787 0.6595
v 0.7927 -0.0796 0.6048
v 0.8174 -0.1461 0.5579
v 0.7763 -0.1528 0.6125
v 0.7992 -0.2158 0.5616
v 0.8276 -0.0772 0.5564
v 0.7472 -0.1975 0.6351
v 0.7984 -0.2711 0.5382
v 0.9490 -0.2596 0.1801
v 0.9638 -0.2379 0.1225
v 0.9465 -0.3069 0.1061
v 0.9301 -0.3192 0.1838
v 0.9293 -0.2745 0.2479
v 0.9126 -0.3276 0.2462
v 0.8827 -0.3836 0.2722
v 0.8965 -0.3893 0.2137
v 0.9412 -0.2223 0.2564
v 0.9597 -0.2109 0.1872
v 0.9639 -0.2641 0.0468
v 0.9848 -0.0986 0.1452
v 0.9925 -0.0946 0.0805
v 0.9768 -0.1688 0.1332
v 0.9771 -0.1980 0.0804
v 0.9857 -0.1461 0.0872
v 0.9957 -0.0941 0.0273
v 0.9748 -0.2238 0.0000
v 0.9840 -0.1760 0.0334
v 0.9097 -0.4157 0.0181
v 0.9168 -0.3729 0.1443
v 0.8913 -0.4291 0.1484
v 0.9040 -0.4198 0.0847
v 0.9270 -0.3672 0.0798
v 0.8724 -0.4438 0.2060
v 0.8786 -0.4708 0.0823
v 0.9383 -0.3445 0.0330
v 0.8919 -0.3359 0.3035
v 0.9104 -0.2686 0.3161
v 0.8684 -0.3135 0.3855
v 0.8910 -0.2706 0.3652
v 0.8613 -0.3818 0.3363
v 0.8408 -0.3250 0.4333
v 0.8210 -0.3080 0.4812
v 0.8681 0.4171 0.2701
v 0.9566 0.2920 0.0131
v 0.9442 0.2696 0.1918
v 0.9629 0.2441 0.1181
v 0.9076 0.3359 0.2543
v 0.9469 0.3075 0.1002
v 0.9286 0.3261 0.1787
v 0.8975 0.3877 0.2121
v 0.9682 0.2467 0.0466
v 0.9346 0.2502 0.2538
v 0.9583 0.2058 0.2005
v 0.9848 0.0986 0.1452
v 0.9878 0.1567 0.0258
v 0.9925 0.0946 0.0805
v 0.9771 0.1980 0.0804
v 0.9768 0.1688 0.1332
v 0.9857 0.1461 0.0872
v 0.9970 0.0807 0.0167
v 0.9997 0.0274 0.0167
v 0.9748 0.2238 0.0000
v 0.8997 0.2361 0.3678
v 0.8966 0.3080 0.3204
v 0.8725 0.2888 0.3948
v 0.8722 0.3800 0.3085
v 0.8610 0.3496 0.3699
v 0.8457 0.3173 0.4295
v 0.9097 0.4157 0.0182
v 0.9168 0.3729 0.1443
v 0.8913 0.4291 0.1484
v 0.9199 0.3856 0.0782
v 0.8812 0.4682 0.0748
v 0.8724 0.4438 0.2060
v 0.9383 0.3445 0.0330
v -0.2626 0.9526 0.1581
v -0.2746 0.9451 -0.1789
v -0.5324 0.8466 -0.0195
v -0.3877 0.9165 -0.1018
v -0.3869 0.9169 0.1013
v -0.2569 0.9665 0.0210
v -0.3451 0.9369 0.0603
v -0.3454 0.9368 -0.0608
v -0.4107 0.9118 -0.0221
v -0.3680 0.9300 -0.0000
v -0.3176 0.9484 0.0103
v -0.3123 0.9427 0.1201
v -0.2832 0.9566 0.0716
v -0.3215 0.9366 -0.1417
v -0.2748 0.9565 -0.1011
v -0.2905 0.9563 -0.0404
v -0.4426 0.8933 -0.0807
v -0.4211 0.9065 0.0403
v -0.4836 0.8747 -0.0416
v -0.4751 0.8800 0.0227
v -0.4369 0.8853 -0.1614
v -0.4807 0.8693 -0.1176
v -0.4754 0.8581 -0.1955
v -0.3769 0.9113 -0.1689
v -0.4300 0.8719 -0.2357
v -0.4636 0.8429 -0.2742
v -0.5156 0.8193 -0.2519
v -0.3123 0.9240 -0.2221
v -0.5452 0.8351 -0.0781
v -0.4727 0.8652 0.1683
v -0.5055 0.8531 0.1330
v -0.4505 0.8875 0.0996
v -0.4124 0.8957 0.1686
v -0.4406 0.8715 0.2168
v -0.3123 0.9240 0.2221
v -0.3509 0.9227 0.1618
v -0.4660 0.8419 0.2732
v -0.5015 0.8383 0.2152
v -0.5222 0.8519 0.0503
v -0.1314 0.9915 -0.0270
v -0.1640 0.9836 -0.0812
v -0.0999 0.9947 0.0406
v -0.1837 0.9830 0.0280
v -0.2240 0.9741 -0.0404
v -0.1859 0.9723 0.1439
v -0.2220 0.9719 0.0822
v -0.2237 0.9659 -0.1341
v -0.0591 0.9983 -0.0221
v -0.1964 0.9327 0.3040
v -0.1498 0.9197 0.3639
v -0.1048 0.9471 0.3053
v -0.2539 0.9076 0.3361
v -0.1225 0.9638 0.2379
v -0.1816 0.9499 0.2555
v -0.1821 0.9631 0.1990
v -0.2488 0.9397 0.2365
v -0.0468 0.9639 0.2641
v -0.2124 0.8961 0.3908
v -0.0801 0.8841 0.4609
v -0.0798 0.9270 0.3672
v -0.1625 0.8899 0.4273
v -0.0882 0.9048 0.4173
v -0.0330 0.8974 0.4403
v -0.0309 0.9320 0.3623
v -0.3678 0.8997 0.2362
v -0.3107 0.9090 0.2785
v -0.4028 0.8724 0.2780
v -0.3053 0.8917 0.3348
v -0.3476 0.8861 0.3073
v -0.3085 0.8722 0.3800
v -0.1452 0.9848 0.0986
v -0.1332 0.9768 0.1688
v -0.0804 0.9771 0.1980
v -0.0805 0.9925 0.0946
v -0.0872 0.9857 0.1461
v 0.0000 0.9748 0.2238
v -0.0334 0.9840 0.1760
v -0.0299 0.9958 0.0913
v -0.0131 0.9566 -0.2920
v -0.1877 0.9392 -0.2894
v -0.2511 0.9146 -0.3178
v -0.1937 0.9131 -0.3605
v -0.1191 0.9314 -0.3450
v -0.1569 0.9625 -0.2228
v -0.1204 0.9543 -0.2744
v -0.0462 0.9684 -0.2459
v -0.0786 0.9507 -0.3007
v -0.2116 0.9551 -0.2084
v -0.2540 0.9347 -0.2499
v -0.2539 0.8848 -0.3920
v -0.3677 0.8997 -0.2362
v -0.3948 0.8725 -0.2888
v -0.3107 0.9090 -0.2785
v -0.3035 0.8919 -0.3359
v -0.3477 0.8862 -0.3071
v -0.4143 0.8494 -0.3283
v -0.3393 0.8671 -0.3650
v -0.0183 0.9098 -0.4155
v -0.0499 0.9333 -0.3568
v -0.0677 0.8857 -0.4600
v -0.1418 0.9033 -0.4055
v -0.0845 0.9049 -0.4178
v -0.0124 0.8765 -0.4817
v -0.1634 0.8814 -0.4442
v -0.1003 0.9755 -0.1985
v -0.1224 0.9834 -0.1360
v -0.0805 0.9925 -0.0946
v -0.0360 0.9874 -0.1579
v -0.0000 0.9748 -0.2238
v -0.1785 0.9718 -0.1557
v -0.0182 0.9984 -0.0610
v -0.6283 0.7781 -0.0187
v -0.6368 0.7672 -0.0796
v -0.6504 0.7599 0.0241
v -0.6502 0.7558 0.0803
v -0.7080 0.7065 -0.0189
v -0.7001 0.7129 0.0490
v -0.6811 0.7216 0.1280
v -0.7131 0.6943 -0.0999
v -0.6759 0.7346 -0.0661
v -0.5810 0.8140 0.0207
v -0.5910 0.8059 -0.0416
v -0.5273 0.8388 -0.1376
v -0.5367 0.8213 -0.1952
v -0.6224 0.7706 -0.1389
v -0.5838 0.8046 -0.1097
v -0.5843 0.7957 -0.1610
v -0.6048 0.7927 0.0797
v -0.6239 0.7695 0.1379
v -0.5479 0.8140 0.1942
v -0.5706 0.8099 0.1385
v -0.5562 0.8277 0.0779
v -0.7359 0.6764 0.0383
v -0.7397 0.6712 -0.0506
v -0.7991 0.6015 0.0001
v -0.7630 0.6469 0.0020
v -0.7377 0.6692 0.0910
v -0.2428 -0.9573 -0.1586
v -0.2746 -0.9451 0.1789
v -0.5212 -0.8537 -0.0204
v -0.3868 -0.9169 0.1016
v -0.4209 -0.9039 -0.0803
v -0.2562 -0.9667 0.0202
v -0.3115 -0.9497 -0.0397
v -0.3353 -0.9419 0.0444
v -0.3880 -0.9218 -0.0201
v -0.3112 -0.9424 -0.1249
v -0.2543 -0.9623 -0.1001
v -0.3556 -0.9315 -0.0807
v -0.2446 -0.9690 -0.0417
v -0.3215 -0.9366 0.1417
v -0.2765 -0.9561 0.1001
v -0.4210 -0.9065 0.0394
v -0.4487 -0.8934 -0.0307
v -0.4749 -0.8802 0.0222
v -0.4264 -0.8905 0.1602
v -0.4505 -0.8875 0.0996
v -0.5055 -0.8531 0.1329
v -0.4727 -0.8652 0.1683
v -0.3761 -0.9117 0.1679
v -0.4410 -0.8714 0.2165
v -0.4660 -0.8419 0.2732
v -0.5016 -0.8383 0.2150
v -0.3123 -0.9240 0.2221
v -0.5222 -0.8519 0.0503
v -0.4663 -0.8668 -0.1784
v -0.4759 -0.8702 -0.1290
v -0.3973 -0.9071 -0.1424
v -0.4227 -0.8843 -0.1992
v -0.3754 -0.9034 -0.2093
v -0.3149 -0.9325 -0.1781
v -0.4543 -0.8427 -0.2898
v -0.5142 -0.8198 -0.2531
v -0.4693 -0.8515 -0.2353
v -0.5452 -0.8351 -0.0781
v -0.4839 -0.8719 -0.0797
v -0.1421 -0.9900 0.0204
v -0.1837 -0.9818 0.0515
v -0.1504 -0.9883 -0.0309
v -0.1910 -0.9800 -0.0615
v -0.2005 -0.9797 0.0000
v -0.1859 -0.9723 -0.1439
v -0.2036 -0.9680 0.1505
v -0.2220 -0.9719 0.0822
v -0.0931 -0.9951 -0.0411
v -0.0938 -0.9951 0.0401
v -0.0444 -0.9993 0.0024
v -0.1823 -0.9354 -0.3035
v -0.1796 -0.9117 -0.3706
v -0.1182 -0.9316 -0.3447
v -0.2338 -0.9150 -0.3302
v -0.2517 -0.9257 -0.2832
v -0.1464 -0.9514 -0.2721
v -0.1543 -0.9628 -0.2230
v -0.2110 -0.9509 -0.2287
v -0.2730 -0.9382 -0.2136
v -0.0466 -0.9682 -0.2467
v -0.0461 -0.9492 -0.3121
v -0.0875 -0.9545 -0.2860
v -0.2545 -0.8845 -0.3924
v -0.0832 -0.9046 -0.4188
v -0.0661 -0.9285 -0.3658
v -0.1418 -0.9033 -0.4055
v -0.0604 -0.8826 -0.4672
v -0.0182 -0.9098 -0.4156
v 0.0048 -0.9360 -0.3534
v -0.1316 -0.8814 -0.4537
v -0.3178 -0.9082 -0.2754
v -0.4028 -0.8724 -0.2780
v -0.3849 -0.8653 -0.3225
v -0.1451 -0.9848 -0.0986
v -0.1332 -0.9768 -0.1688
v -0.0861 -0.9742 -0.2104
v -0.0805 -0.9925 -0.0946
v -0.0858 -0.9860 -0.1450
v -0.0334 -0.9840 -0.1760
v -0.0334 -0.9970 -0.0725
v -0.0131 -0.9927 -0.1222
v -0.1862 -0.9415 0.2832
v -0.2341 -0.9166 0.3258
v -0.1498 -0.9197 0.3639
v -0.1051 -0.9470 0.3056
v -0.1226 -0.9637 0.2384
v -0.0468 -0.9639 0.2641
v -0.1999 -0.9584 0.2058
v -0.2540 -0.9347 0.2499
v -0.2137 -0.8960 0.3903
v -0.2710 -0.8826 0.3849
v -0.3681 -0.8997 0.2356
v -0.4028 -0.8724 0.2780
v -0.3111 -0.9041 0.2940
v -0.3560 -0.8829 0.3066
v -0.3999 -0.8538 0.3336
v -0.0798 -0.9270 0.3672
v -0.0845 -0.9040 0.4198
v -0.1479 -0.8973 0.4164
v -0.0330 -0.9383 0.3445
v -0.0181 -0.9097 0.4157
v -0.0630 -0.8822 0.4676
v -0.1452 -0.9848 0.0986
v -0.0804 -0.9771 0.1980
v -0.1332 -0.9768 0.1688
v -0.0805 -0.9925 0.0946
v -0.0872 -0.9857 0.1461
v -0.0334 -0.9840 0.1760
v -0.0299 -0.9958 0.0913
v -0.6382 -0.7690 0.0424
v -0.6275 -0.7787 -0.0205
v -0.6449 -0.7606 -0.0804
v -0.6835 -0.7294 0.0368
v -0.6737 -0.7390 -0.0226
v -0.6973 -0.7115 -0.0911
v -0.6676 -0.7317 -0.1392
v -0.7182 -0.6901 0.0908
v -0.6691 -0.7347 0.1170
v -0.5910 -0.8059 -0.0416
v -0.5810 -0.8140 0.0207
v -0.6048 -0.7927 0.0797
v -0.5479 -0.8140 0.1942
v -0.6307 -0.7662 0.1262
v -0.5762 -0.8035 0.1533
v -0.5562 -0.8277 0.0779
v -0.5274 -0.8388 -0.1376
v -0.6239 -0.7695 -0.1379
v -0.5367 -0.8213 -0.1952
v -0.5838 -0.8046 -0.1097
v -0.5844 -0.7955 -0.1620
v -0.5733 -0.7876 -0.2265
v -0.7154 -0.6988 -0.0189
v -0.7488 -0.6605 -0.0604
v -0.7305 -0.6822 0.0412
v -0.7709 -0.6377 -0.0097
v -0.7947 -0.6064 0.0304
v 0.7021 -0.5720 0.4247
v 0.5720 -0.4247 0.7021
v 0.4247 -0.7021 0.5720
v 0.5129 -0.5824 0.6312
v 0.5506 -0.6433 0.5326
v 0.6470 -0.4960 0.5796
v 0.5902 -0.5966 0.5444
v 0.5659 -0.5565 0.6089
v 0.5164 -0.6265 0.5845
v 0.6118 -0.5462 0.5727
v 0.6628 -0.5882 0.4640
v 0.6142 -0.6171 0.4925
v 0.6546 -0.5504 0.5188
v 0.5516 -0.5176 0.6545
v 0.5858 -0.4656 0.6638
v 0.6102 -0.4889 0.6238
v 0.4535 -0.6425 0.6182
v 0.4781 -0.6813 0.5548
v 0.4491 -0.5444 0.7090
v 0.4611 -0.5877 0.6653
v 0.5008 -0.5238 0.6895
v 0.3914 -0.5877 0.7085
v 0.4735 -0.4735 0.7431
v 0.4169 -0.5000 0.7594
v 0.3964 -0.5412 0.7419
v 0.3659 -0.4983 0.7864
v 0.3272 -0.5443 0.7727
v 0.5221 -0.4700 0.7121
v 0.4060 -0.6298 0.6626
v 0.5301 -0.6965 0.4847
v 0.4900 -0.7453 0.4528
v 0.5889 -0.6636 0.4620
v 0.5545 -0.7229 0.4131
v 0.6062 -0.6903 0.3963
v 0.6607 -0.6280 0.4125
v 0.5456 -0.7570 0.3608
v 0.4933 -0.7724 0.4008
v 0.4643 -0.7256 0.5084
v 0.6995 -0.4321 0.5702
v 0.7360 -0.4324 0.5215
v 0.7390 -0.4753 0.4784
v 0.6885 -0.5024 0.5236
v 0.7115 -0.5301 0.4617
v 0.6348 -0.3877 0.6693
v 0.6499 -0.4388 0.6211
v 0.7713 -0.4014 0.4946
v 0.7455 -0.3626 0.5597
v 0.7864 -0.3424 0.5148
v 0.8468 -0.4547 0.2787
v 0.7806 -0.5621 0.2743
v 0.7816 -0.5879 0.2104
v 0.8103 -0.5350 0.2409
v 0.7383 -0.6114 0.2861
v 0.7997 -0.5139 0.3113
v 0.7588 -0.5675 0.3207
v 0.7400 -0.5615 0.3707
v 0.7111 -0.6037 0.3611
v 0.6981 -0.6837 0.2136
v 0.7414 -0.6484 0.1746
v 0.7372 -0.6385 0.2223
v 0.8592 -0.4900 0.1492
v 0.8185 -0.5635 0.1172
v 0.8235 -0.5346 0.1911
v 0.7708 -0.6241 0.1329
v 0.8514 -0.5225 0.0503
v 0.8518 -0.5149 0.0992
v 0.8491 -0.4890 0.2007
v 0.6943 -0.6478 0.3143
v 0.6427 -0.6933 0.3271
v 0.5977 -0.7334 0.3245
v 0.6839 -0.6801 0.2655
v 0.6343 -0.7293 0.2582
v 0.6668 -0.6488 0.3674
v 0.5690 -0.7733 0.2813
v 0.5081 -0.8007 0.3190
v 0.8344 -0.3783 0.4014
v 0.7741 -0.5187 0.3636
v 0.7811 -0.4692 0.4127
v 0.8164 -0.4482 0.3658
v 0.7919 -0.4192 0.4446
v 0.7447 -0.5227 0.4156
v 0.8123 -0.3714 0.4501
v 0.5577 -0.3180 0.7669
v 0.5139 -0.3112 0.7997
v 0.5354 -0.2532 0.8064
v 0.5949 -0.2694 0.7577
v 0.5873 -0.2117 0.7816
v 0.6101 -0.3338 0.7194
v 0.6450 -0.2675 0.7164
v 0.6848 -0.2151 0.6966
v 0.6459 -0.1985 0.7377
v 0.5716 -0.3730 0.7312
v 0.4676 -0.2829 0.8381
v 0.5187 -0.3636 0.7741
v 0.4192 -0.4446 0.7919
v 0.4559 -0.4094 0.7910
v 0.4660 -0.3532 0.8115
v 0.3714 -0.4501 0.8123
v 0.5227 -0.4156 0.7447
v 0.6105 -0.1413 0.7797
v 0.5323 -0.1059 0.8402
v 0.5346 -0.1911 0.8235
v 0.5604 -0.1395 0.8167
v 0.6583 -0.1405 0.7399
v 0.5437 -0.0358 0.8387
v 0.4941 -0.1825 0.8505
v 0.6936 -0.3724 0.6170
v 0.7588 -0.2561 0.5992
v 0.6891 -0.2680 0.6736
v 0.6714 -0.3252 0.6661
v 0.7334 -0.3245 0.5977
v 0.7087 -0.3021 0.6380
v 0.7250 -0.2431 0.6446
v 0.7674 -0.2988 0.5675
v 0.3093 -0.7380 0.6001
v 0.2616 -0.7194 0.6438
v 0.3161 -0.7752 0.5474
v 0.2530 -0.7633 0.5948
v 0.2597 -0.7967 0.5461
v 0.2273 -0.8397 0.4935
v 0.2958 -0.8268 0.4796
v 0.1973 -0.7397 0.6441
v 0.3707 -0.7400 0.5615
v 0.3611 -0.7126 0.6019
v 0.3145 -0.6942 0.6478
v 0.3358 -0.5904 0.7345
v 0.2680 -0.6736 0.6891
v 0.3194 -0.6369 0.7024
v 0.2431 -0.6446 0.7250
v 0.3675 -0.6673 0.6482
v 0.4044 -0.6803 0.6115
v 0.3636 -0.7741 0.5187
v 0.3435 -0.8101 0.4759
v 0.4446 -0.7919 0.4192
v 0.4127 -0.7811 0.4692
v 0.3717 -0.8245 0.4275
v 0.4468 -0.8186 0.3616
v 0.4014 -0.8344 0.3783
v 0.4156 -0.7447 0.5227
v 0.2018 -0.7852 0.5858
v 0.1994 -0.8224 0.5335
v 0.1495 -0.7707 0.6201
v 0.1035 -0.8148 0.5710
v 0.1499 -0.8206 0.5518
v 0.2461 -0.8576 0.4522
v 0.1743 -0.8562 0.4872
v 0.0873 -0.8533 0.5148
v 0.0126 -1.0000 0.0184
v 0.2427 -0.9573 -0.1586
v 0.5324 -0.8466 -0.0195
v 0.2428 -0.9573 0.1586
v 0.4211 -0.9038 0.0803
v 0.2569 -0.9665 0.0210
v 0.4096 -0.9106 -0.0609
v 0.3259 -0.9455 -0.0215
v 0.4120 -0.9114 0.0173
v 0.3132 -0.9491 0.0405
v 0.3677 -0.9292 0.0412
v 0.3677 -0.9292 -0.0412
v 0.2857 -0.9509 -0.1214
v 0.2795 -0.9587 -0.0576
v 0.3447 -0.9336 -0.1007
v 0.4847 -0.8741 0.0403
v 0.4610 -0.8877 -0.0221
v 0.3459 -0.9332 0.1002
v 0.3079 -0.9381 0.1602
v 0.2779 -0.9558 0.0995
v 0.4392 -0.8842 0.1608
v 0.3849 -0.9124 0.1418
v 0.4004 -0.8901 0.2192
v 0.4756 -0.8737 0.1065
v 0.4736 -0.8587 0.1976
v 0.5144 -0.8199 0.2524
v 0.4559 -0.8475 0.2740
v 0.5438 -0.8379 0.0586
v 0.3449 -0.9176 0.1991
v 0.1836 -0.9830 0.0284
v 0.0999 -0.9947 0.0406
v 0.2222 -0.9745 -0.0397
v 0.1320 -0.9914 -0.0281
v 0.1575 -0.9843 -0.0835
v 0.2115 -0.9724 -0.1007
v 0.0591 -0.9983 -0.0221
v 0.1859 -0.9723 0.1439
v 0.2220 -0.9719 0.0821
v 0.4367 -0.8853 -0.1619
v 0.4744 -0.8583 -0.1972
v 0.5059 -0.8535 -0.1286
v 0.4353 -0.8713 -0.2276
v 0.3754 -0.9034 -0.2093
v 0.4505 -0.8875 -0.0996
v 0.3857 -0.9124 -0.1394
v 0.3149 -0.9325 -0.1781
v 0.5086 -0.8584 -0.0695
v 0.4658 -0.8415 -0.2747
v 0.5147 -0.8200 -0.2514
v 0.0131 -0.9566 -0.2920
v 0.1535 -0.9438 -0.2936
v 0.1360 -0.9273 -0.3504
v 0.1164 -0.9627 -0.2458
v 0.1915 -0.9579 -0.2164
v 0.2445 -0.9125 -0.3292
v 0.2316 -0.9371 -0.2631
v 0.1987 -0.9288 -0.3135
v 0.2730 -0.9382 -0.2136
v 0.2710 -0.8826 -0.3849
v 0.2137 -0.8960 -0.3903
v 0.0462 -0.9684 -0.2459
v 0.0790 -0.9507 -0.3008
v 0.0861 -0.8988 -0.4309
v 0.1479 -0.8973 -0.4164
v 0.0798 -0.9270 -0.3672
v 0.0115 -0.8754 -0.4837
v 0.0330 -0.8974 -0.4403
v 0.0855 -0.8603 -0.5037
v 0.1845 -0.8766 -0.4450
v 0.1533 -0.8646 -0.4797
v 0.0330 -0.9190 -0.3928
v 0.1224 -0.9834 -0.1360
v 0.0805 -0.9925 -0.0946
v 0.0959 -0.9774 -0.1911
v 0.0360 -0.9874 -0.1579
v 0.1785 -0.9718 -0.1557
v 0.0182 -0.9984 -0.0610
v 0.0000 -0.9748 -0.2238
v 0.3210 -0.9072 -0.2748
v 0.3272 -0.8735 -0.3619
v 0.4028 -0.8724 -0.2780
v 0.3856 -0.8646 -0.3233
v 0.4523 -0.8310 -0.3246
v 0.7032 -0.6979 0.1387
v 0.6275 -0.7787 0.0194
v 0.6603 -0.7490 0.0587
v 0.7051 -0.7098 0.0012
v 0.6509 -0.7596 -0.0230
v 0.6586 -0.7462 -0.1004
v 0.6968 -0.7121 -0.0899
v 0.5808 -0.8141 -0.0201
v 0.5913 -0.8057 0.0416
v 0.6939 -0.7159 0.0809
v 0.6383 -0.7596 0.1293
v 0.6202 -0.7802 0.0811
v 0.6166 -0.7573 0.2163
v 0.5274 -0.8387 0.1376
v 0.5367 -0.8213 0.1952
v 0.5838 -0.8046 0.1097
v 0.5854 -0.7948 0.1615
v 0.5733 -0.7876 0.2265
v 0.6595 -0.7306 0.1788
v 0.7852 -0.6170 0.0590
v 0.7488 -0.6605 -0.0604
v 0.7655 -0.6440 0.0016
v 0.7359 -0.6764 0.0383
v 0.7318 -0.6714 -0.1192
v 0.8162 -0.5780 0.0206
v 0.8093 -0.5864 -0.0490
v 0.7377 -0.6692 0.0910
v 0.6044 -0.7930 -0.0803
v 0.6224 -0.7706 -0.1389
v 0.5733 -0.8063 -0.1492
v 0.5367 -0.8213 -0.1952
v 0.6356 -0.7492 -0.1889
v 0.6880 -0.7084 -0.1589
v 0.5564 -0.8276 -0.0772
v 0.5822 -0.7736 -0.2535
v 0.0131 -0.9566 0.2920
v 0.1868 -0.9311 0.3143
v 0.2302 -0.9375 0.2627
v 0.2447 -0.9125 0.3290
v 0.1543 -0.9628 0.2230
v 0.1454 -0.9513 0.2729
v 0.1797 -0.9116 0.3706
v 0.1191 -0.9314 0.3450
v 0.0392 -0.9347 0.3554
v 0.0466 -0.9682 0.2467
v 0.0881 -0.9544 0.2862
v 0.2545 -0.8845 0.3924
v 0.2102 -0.9550 0.2103
v 0.2730 -0.9382 0.2136
v 0.4028 -0.8724 0.2780
v 0.3095 -0.8856 0.3467
v 0.3215 -0.9070 0.2746
v 0.3849 -0.8653 0.3225
v 0.3063 -0.8578 0.4131
v 0.3437 -0.8612 0.3750
v 0.1452 -0.9848 0.0986
v 0.0258 -0.9878 0.1568
v 0.0861 -0.9742 0.2104
v 0.0805 -0.9925 0.0946
v 0.1332 -0.9768 0.1688
v 0.0872 -0.9857 0.1461
v 0.0000 -0.9748 0.2238
v 0.0179 -0.9968 0.0818
v 0.1135 -0.8736 0.4741
v 0.1418 -0.9033 0.4055
v 0.0481 -0.8916 0.4510
v 0.0895 -0.9043 0.4181
v 0.1802 -0.8821 0.4355
v 0.0127 -0.8756 0.4834
v 0.5143 -0.8036 -0.3002
v 0.8084 -0.3284 -0.4890
v 0.5715 -0.4254 -0.7022
v 0.7021 -0.5720 -0.4247
v 0.4247 -0.7021 -0.5720
v 0.5460 -0.6604 -0.5162
v 0.4960 -0.5796 -0.6470
v 0.6294 -0.5307 -0.5682
v 0.5733 -0.5606 -0.5982
v 0.5907 -0.5962 -0.5442
v 0.5371 -0.6244 -0.5677
v 0.5858 -0.4656 -0.6638
v 0.5504 -0.5190 -0.6545
v 0.6171 -0.4922 -0.6144
v 0.6238 -0.6102 -0.4889
v 0.5861 -0.6484 -0.4863
v 0.6632 -0.5864 -0.4657
v 0.6546 -0.5517 -0.5174
v 0.5171 -0.6026 -0.6082
v 0.4787 -0.6823 -0.5531
v 0.4691 -0.6446 -0.6042
v 0.5619 -0.7021 -0.4386
v 0.5020 -0.7087 -0.4966
v 0.4994 -0.7595 -0.4175
v 0.5525 -0.7339 -0.3959
v 0.5441 -0.7724 -0.3283
v 0.4983 -0.7861 -0.3665
v 0.6695 -0.6344 -0.3879
v 0.6211 -0.6499 -0.4388
v 0.4272 -0.7382 -0.5228
v 0.4386 -0.5707 -0.6948
v 0.3787 -0.5620 -0.7358
v 0.5024 -0.5236 -0.6885
v 0.4345 -0.5208 -0.7352
v 0.4752 -0.4785 -0.7391
v 0.5301 -0.4617 -0.7115
v 0.4001 -0.4939 -0.7724
v 0.3453 -0.5353 -0.7712
v 0.3891 -0.6685 -0.6347
v 0.4388 -0.6211 -0.6499
v 0.7088 -0.4479 -0.5456
v 0.7577 -0.4396 -0.4830
v 0.7297 -0.4877 -0.4798
v 0.7210 -0.3759 -0.5826
v 0.6796 -0.4071 -0.6107
v 0.6881 -0.5017 -0.5248
v 0.6632 -0.4619 -0.5894
v 0.6320 -0.4194 -0.6521
v 0.7115 -0.5301 -0.4617
v 0.7726 -0.3435 -0.5346
v 0.7733 -0.3905 -0.4999
v 0.7419 -0.3964 -0.5412
v 0.5946 -0.2710 -0.7574
v 0.5265 -0.2577 -0.8110
v 0.5873 -0.2117 -0.7816
v 0.5140 -0.3113 -0.7996
v 0.5664 -0.3200 -0.7598
v 0.6449 -0.2673 -0.7165
v 0.6178 -0.3283 -0.7149
v 0.6176 -0.3807 -0.6886
v 0.5696 -0.3723 -0.7331
v 0.6848 -0.2151 -0.6966
v 0.6460 -0.1964 -0.7382
v 0.4595 -0.3012 -0.8358
v 0.6183 -0.1004 -0.7798
v 0.5628 -0.1273 -0.8173
v 0.6201 -0.1495 -0.7707
v 0.5346 -0.1911 -0.8235
v 0.5242 -0.1027 -0.8456
v 0.5071 -0.1520 -0.8484
v 0.5187 -0.3636 -0.7741
v 0.4560 -0.4103 -0.7905
v 0.4192 -0.4446 -0.7919
v 0.4660 -0.3532 -0.8115
v 0.5227 -0.4156 -0.7447
v 0.6713 -0.3355 -0.6616
v 0.6891 -0.2680 -0.6736
v 0.7368 -0.2993 -0.6071
v 0.7066 -0.3395 -0.6212
v 0.7300 -0.2256 -0.6458
v 0.7848 -0.2930 -0.5465
v 0.8500 -0.4692 -0.2420
v 0.7380 -0.5999 -0.3099
v 0.7254 -0.6348 -0.2683
v 0.7712 -0.6029 -0.2072
v 0.7895 -0.5556 -0.2622
v 0.7753 -0.5473 -0.3161
v 0.8246 -0.4802 -0.3013
v 0.7315 -0.5703 -0.3744
v 0.7066 -0.6193 -0.3433
v 0.7156 -0.6693 -0.2021
v 0.6170 -0.6936 -0.3724
v 0.5904 -0.7345 -0.3358
v 0.6661 -0.6714 -0.3252
v 0.6722 -0.6900 -0.2694
v 0.6381 -0.7087 -0.3019
v 0.6322 -0.7325 -0.2524
v 0.6688 -0.7091 -0.2240
v 0.7798 -0.6183 -0.1004
v 0.8203 -0.5356 -0.2020
v 0.8178 -0.5618 -0.1283
v 0.7707 -0.6201 -0.1495
v 0.8520 -0.5216 -0.0503
v 0.8519 -0.5148 -0.0989
v 0.8344 -0.3783 -0.4014
v 0.7741 -0.5188 -0.3635
v 0.8074 -0.4658 -0.3630
v 0.7694 -0.4785 -0.4236
v 0.7994 -0.4232 -0.4276
v 0.8400 -0.4093 -0.3567
v 0.7444 -0.5233 -0.4152
v 0.8173 -0.3631 -0.4479
v 0.2461 -0.8576 -0.4522
v 0.3215 -0.7590 -0.5666
v 0.3269 -0.7920 -0.5162
v 0.2784 -0.7487 -0.6025
v 0.2623 -0.7973 -0.5440
v 0.2107 -0.7815 -0.5878
v 0.1739 -0.7417 -0.6483
v 0.2136 -0.6981 -0.6838
v 0.2228 -0.7357 -0.6400
v 0.2273 -0.8397 -0.4935
v 0.2939 -0.8280 -0.4786
v 0.3616 -0.7112 -0.6033
v 0.3694 -0.7480 -0.5519
v 0.4574 -0.7546 -0.4710
v 0.4015 -0.8343 -0.3785
v 0.4446 -0.7919 -0.4192
v 0.3532 -0.8115 -0.4660
v 0.3930 -0.7758 -0.4940
v 0.4022 -0.7996 -0.4466
v 0.4501 -0.8123 -0.3714
v 0.3063 -0.8578 -0.4131
v 0.3600 -0.8337 -0.4190
v 0.3724 -0.6170 -0.6936
v 0.3222 -0.6823 -0.6570
v 0.2655 -0.6839 -0.6801
v 0.3245 -0.5977 -0.7334
v 0.3016 -0.6368 -0.7100
v 0.2431 -0.6446 -0.7250
v 0.1424 -0.7790 -0.6112
v 0.2020 -0.8203 -0.5356
v 0.0940 -0.8175 -0.5686
v 0.1420 -0.8173 -0.5590
f 21 23 20
f 22 23 21
f 21 17 22
f 20 23 26
f 23 18 26
f 21 20 29
f 29 20 19
f 20 26 24
f 24 26 25
f 24 25 14
f 20 24 19
f 29 28 27
f 27 21 29
f 21 27 17
f 27 28 15
f 31 30 22
f 17 31 22
f 23 30 18
f 22 30 23
f 31 16 30
f 32 33 34
f 34 33 17
f 35 32 36
f 33 32 35
f 37 38 32
f 32 34 37
f 39 40 38
f 38 40 32
f 39 12 40
f 32 40 36
f 27 41 34
f 17 27 34
f 15 41 27
f 37 34 41
f 33 35 42
f 42 31 33
f 33 31 17
f 31 42 16
f 45 43 47
f 44 43 165
f 44 47 43
f 18 43 45
f 47 46 45
f 25 45 48
f 14 25 93
f 25 48 93
f 26 18 45
f 26 45 25
f 45 46 48
f 44 50 49
f 49 47 44
f 46 47 49
f 165 43 52
f 52 51 165
f 30 52 18
f 18 52 43
f 30 16 52
f 16 51 52
f 53 57 56
f 53 56 55
f 54 57 53
f 56 98 55
f 57 19 56
f 24 14 59
f 59 14 58
f 56 59 98
f 98 59 58
f 56 19 59
f 19 24 59
f 54 60 57
f 57 60 28
f 60 15 28
f 28 29 57
f 57 29 19
f 62 55 61
f 54 53 62
f 62 53 55
f 61 55 101
f 55 98 101
f 64 68 69
f 64 65 66
f 66 68 64
f 64 87 67
f 99 69 68
f 70 71 69
f 14 93 71
f 71 70 14
f 64 71 87
f 69 71 64
f 70 69 99
f 66 73 68
f 68 73 72
f 72 73 63
f 68 72 99
f 75 67 74
f 64 67 75
f 75 65 64
f 75 74 96
f 79 65 81
f 81 65 80
f 78 81 76
f 76 81 80
f 78 77 81
f 77 79 81
f 82 78 1
f 78 82 77
f 79 83 66
f 79 66 65
f 73 83 84
f 84 63 73
f 66 83 73
f 83 79 77
f 80 75 85
f 65 75 80
f 80 85 76
f 96 85 75
f 88 89 91
f 90 88 91
f 87 88 90
f 89 88 46
f 93 48 92
f 71 93 92
f 87 92 88
f 71 92 87
f 48 88 92
f 46 88 48
f 49 94 89
f 94 86 91
f 91 89 94
f 50 94 49
f 50 174 94
f 46 49 89
f 74 90 91
f 91 95 74
f 95 91 86
f 67 90 74
f 67 87 90
f 74 95 96
f 102 72 97
f 102 97 101
f 98 102 101
f 100 102 98
f 102 100 72
f 72 100 99
f 14 70 58
f 98 58 100
f 70 100 58
f 99 100 70
f 72 103 97
f 103 72 63
f 61 101 97
f 97 104 61
f 61 104 13
f 107 110 109
f 107 108 119
f 109 108 107
f 109 110 111
f 112 113 110
f 110 107 112
f 113 115 110
f 113 114 115
f 114 105 115
f 110 115 111
f 112 117 116
f 112 107 117
f 107 119 117
f 116 117 15
f 109 118 108
f 109 106 118
f 122 123 121
f 123 122 119
f 123 120 121
f 124 39 121
f 39 124 12
f 124 121 120
f 38 122 121
f 121 39 38
f 37 122 38
f 119 122 125
f 117 119 125
f 15 125 41
f 117 125 15
f 122 37 125
f 125 37 41
f 126 123 118
f 108 123 119
f 108 118 123
f 127 123 126
f 127 120 123
f 106 126 118
f 136 137 131
f 128 137 136
f 131 137 132
f 111 131 132
f 130 131 111
f 130 129 131
f 133 130 115
f 115 105 133
f 115 130 111
f 133 129 130
f 134 135 136
f 136 131 134
f 135 128 136
f 9 135 134
f 129 134 131
f 109 132 137
f 109 111 132
f 137 106 109
f 140 142 139
f 141 142 140
f 54 141 140
f 139 142 114
f 114 142 143
f 114 143 105
f 113 140 139
f 139 114 113
f 140 116 60
f 60 54 140
f 116 15 60
f 140 112 116
f 113 112 140
f 141 62 145
f 62 141 54
f 142 145 138
f 138 145 144
f 141 145 142
f 61 144 145
f 145 62 61
f 13 144 61
f 147 155 151
f 147 148 149
f 149 155 147
f 150 147 151
f 150 166 147
f 151 152 150
f 182 153 150
f 150 152 182
f 155 146 154
f 155 149 146
f 155 185 151
f 154 185 155
f 156 157 148
f 147 156 148
f 166 156 147
f 156 16 157
f 161 162 159
f 159 160 161
f 149 161 160
f 164 160 159
f 164 159 158
f 163 159 40
f 40 12 163
f 36 159 162
f 40 159 36
f 158 159 163
f 164 146 160
f 146 149 160
f 42 161 157
f 148 161 149
f 148 157 161
f 162 161 35
f 35 161 42
f 35 36 162
f 16 42 157
f 169 165 170
f 170 165 166
f 168 170 166
f 170 172 173
f 168 172 170
f 173 169 170
f 173 172 167
f 172 168 153
f 153 171 172
f 171 153 182
f 168 166 150
f 153 168 150
f 172 171 167
f 169 173 44
f 169 44 165
f 50 173 174
f 44 173 50
f 166 165 51
f 166 51 156
f 51 16 156
f 178 175 180
f 180 175 179
f 177 180 176
f 176 180 179
f 180 151 185
f 177 151 180
f 185 178 180
f 177 181 152
f 181 182 152
f 176 181 177
f 177 152 151
f 154 183 178
f 178 183 175
f 184 154 146
f 183 154 184
f 154 178 185
f 179 175 186
f 197 198 194
f 196 198 197
f 195 196 197
f 191 196 195
f 205 192 198
f 205 198 196
f 197 194 203
f 203 195 197
f 203 194 193
f 194 200 199
f 200 188 199
f 192 200 198
f 198 200 194
f 194 199 193
f 203 202 195
f 195 202 201
f 201 191 195
f 202 189 201
f 207 205 196
f 196 206 207
f 204 196 191
f 204 206 196
f 190 207 206
f 208 204 191
f 191 211 208
f 209 204 208
f 209 208 210
f 210 329 209
f 211 212 208
f 292 212 211
f 213 210 212
f 212 210 208
f 213 174 210
f 211 201 214
f 211 191 201
f 201 189 214
f 214 292 211
f 204 209 206
f 206 209 215
f 215 209 329
f 206 215 190
f 216 218 221
f 216 217 218
f 219 217 216
f 219 216 192
f 192 216 221
f 221 218 220
f 262 221 220
f 223 222 188
f 223 188 200
f 221 223 192
f 192 223 200
f 223 221 262
f 262 222 223
f 218 224 220
f 217 337 218
f 218 337 224
f 220 224 268
f 217 219 225
f 225 219 207
f 207 219 205
f 219 192 205
f 225 207 190
f 226 230 229
f 227 230 226
f 229 270 228
f 226 229 228
f 230 193 229
f 199 231 232
f 188 231 199
f 229 232 270
f 270 232 231
f 229 193 232
f 193 199 232
f 233 202 230
f 233 230 227
f 189 202 233
f 202 203 230
f 230 203 193
f 235 228 234
f 226 228 235
f 235 227 226
f 187 235 234
f 238 240 243
f 238 239 240
f 243 240 242
f 244 245 243
f 231 188 244
f 244 188 245
f 243 245 238
f 245 241 238
f 244 243 242
f 246 242 240
f 249 248 239
f 249 239 238
f 247 249 241
f 241 249 238
f 249 247 237
f 237 248 249
f 253 239 255
f 255 239 254
f 252 255 254
f 254 250 252
f 255 256 259
f 252 256 255
f 259 253 255
f 259 256 251
f 256 252 10
f 10 252 257
f 252 250 257
f 253 259 240
f 253 240 239
f 246 259 236
f 236 259 258
f 240 259 246
f 251 258 259
f 260 254 248
f 239 248 254
f 250 254 260
f 248 237 260
f 263 264 266
f 265 263 266
f 265 241 263
f 263 262 264
f 245 188 222
f 245 222 263
f 263 241 245
f 222 262 263
f 220 267 264
f 266 267 261
f 266 264 267
f 268 267 220
f 262 220 264
f 247 266 261
f 265 266 247
f 241 265 247
f 271 275 272
f 270 271 272
f 270 231 271
f 244 271 231
f 242 271 244
f 246 273 271
f 273 274 275
f 275 274 269
f 275 271 273
f 246 236 273
f 271 242 246
f 234 272 277
f 277 275 269
f 269 276 277
f 272 275 277
f 228 272 234
f 228 270 272
f 276 234 277
f 187 234 276
f 283 281 279
f 284 281 283
f 279 281 291
f 291 280 279
f 282 281 284
f 309 284 283
f 287 286 284
f 284 285 287
f 284 286 282
f 285 284 309
f 288 283 289
f 280 289 279
f 289 283 279
f 189 288 214
f 214 288 289
f 288 309 283
f 96 291 290
f 291 96 280
f 307 291 281
f 290 291 307
f 281 282 307
f 294 295 296
f 280 295 294
f 86 296 95
f 293 296 86
f 95 296 295
f 296 293 292
f 292 294 296
f 297 213 293
f 297 94 213
f 213 94 174
f 86 297 293
f 94 297 86
f 293 213 212
f 292 293 212
f 214 289 294
f 294 289 280
f 214 294 292
f 96 95 295
f 280 96 295
f 305 301 302
f 76 301 305
f 302 300 305
f 282 302 307
f 299 302 282
f 307 302 301
f 302 298 300
f 299 298 302
f 303 299 286
f 303 287 278
f 286 287 303
f 286 299 282
f 303 298 299
f 300 306 305
f 304 306 300
f 305 306 78
f 78 76 305
f 306 1 78
f 298 304 300
f 290 301 85
f 85 301 76
f 301 290 307
f 85 96 290
f 310 312 285
f 311 312 310
f 227 311 310
f 310 285 309
f 287 313 278
f 287 285 313
f 314 313 312
f 312 313 285
f 312 308 314
f 315 233 310
f 310 233 227
f 189 315 288
f 233 315 189
f 315 309 288
f 315 310 309
f 311 235 317
f 235 311 227
f 312 317 308
f 308 317 316
f 311 317 312
f 317 187 316
f 317 235 187
f 323 322 319
f 319 320 321
f 322 320 319
f 323 335 322
f 324 325 319
f 319 325 323
f 318 323 326
f 323 325 326
f 321 327 324
f 324 319 321
f 322 328 320
f 335 328 322
f 320 190 215
f 328 190 320
f 331 332 333
f 321 332 331
f 330 333 329
f 329 333 332
f 330 167 333
f 167 331 333
f 334 330 210
f 174 173 334
f 210 174 334
f 330 329 210
f 173 167 334
f 334 167 330
f 167 327 331
f 171 327 167
f 327 321 331
f 171 182 327
f 215 332 320
f 320 332 321
f 332 215 329
f 217 338 337
f 336 338 335
f 338 339 341
f 336 339 338
f 341 337 338
f 341 339 480
f 339 336 318
f 336 335 323
f 318 336 323
f 341 340 337
f 337 340 224
f 340 268 224
f 341 480 340
f 342 338 217
f 217 225 342
f 335 342 328
f 338 342 335
f 342 190 328
f 342 225 190
f 344 345 343
f 176 347 344
f 344 347 345
f 343 345 346
f 343 325 344
f 343 500 326
f 326 500 318
f 500 343 346
f 343 326 325
f 324 181 344
f 344 181 176
f 182 181 327
f 327 181 324
f 325 324 344
f 348 345 347
f 347 179 348
f 176 179 347
f 502 345 348
f 502 346 345
f 186 348 179
f 356 357 359
f 358 356 359
f 361 356 358
f 358 354 361
f 357 356 355
f 362 361 360
f 356 361 362
f 350 362 360
f 355 356 362
f 366 365 363
f 363 357 366
f 363 364 359
f 359 364 353
f 359 357 363
f 355 366 357
f 368 358 367
f 367 359 353
f 358 359 367
f 354 358 368
f 368 367 352
f 371 370 369
f 369 353 364
f 370 353 369
f 371 479 370
f 369 372 371
f 450 372 369
f 373 371 372
f 373 372 268
f 375 369 364
f 375 364 363
f 351 375 365
f 374 375 351
f 365 375 363
f 375 450 369
f 374 450 375
f 377 367 353
f 377 353 370
f 479 377 370
f 376 377 479
f 376 352 377
f 352 367 377
f 380 378 381
f 379 378 487
f 379 381 378
f 354 378 380
f 381 382 380
f 383 380 382
f 360 380 383
f 350 360 383
f 361 354 380
f 361 380 360
f 379 385 384
f 384 381 379
f 384 385 428
f 381 384 382
f 487 378 387
f 387 386 487
f 368 387 354
f 354 387 378
f 387 368 352
f 352 386 387
f 388 392 391
f 389 392 388
f 391 430 390
f 388 391 390
f 392 355 391
f 394 362 350
f 394 350 393
f 391 394 430
f 430 394 393
f 391 355 394
f 355 362 394
f 389 395 392
f 392 395 366
f 366 395 365
f 395 351 365
f 392 366 355
f 388 396 397
f 389 388 397
f 390 396 388
f 349 397 396
f 404 401 399
f 399 402 404
f 401 400 399
f 402 403 404
f 405 406 404
f 405 350 406
f 401 406 421
f 404 406 401
f 404 403 405
f 399 413 402
f 400 413 399
f 402 413 398
f 407 402 398
f 402 407 403
f 410 409 400
f 410 400 401
f 424 410 401
f 408 410 424
f 401 421 424
f 410 408 409
f 409 408 591
f 413 400 415
f 415 400 414
f 418 415 414
f 412 415 418
f 414 610 418
f 415 412 420
f 420 413 415
f 420 412 411
f 412 418 417
f 417 416 412
f 416 417 5
f 417 418 610
f 412 416 411
f 420 398 413
f 419 398 420
f 411 419 420
f 400 409 414
f 409 591 414
f 422 423 425
f 424 422 425
f 421 422 424
f 423 422 382
f 350 383 426
f 406 350 426
f 421 426 422
f 406 426 421
f 382 422 426
f 426 383 382
f 384 427 423
f 425 423 427
f 428 427 384
f 382 384 423
f 408 424 425
f 425 609 408
f 591 408 609
f 431 407 433
f 432 431 433
f 430 431 432
f 407 431 403
f 350 405 393
f 430 393 431
f 403 431 393
f 393 405 403
f 407 435 433
f 433 435 429
f 434 435 407
f 407 398 434
f 396 432 436
f 436 433 429
f 432 433 436
f 390 432 396
f 390 430 432
f 436 349 396
f 441 440 438
f 438 439 449
f 440 439 438
f 441 455 440
f 438 442 441
f 444 441 443
f 443 437 444
f 455 441 444
f 443 442 461
f 441 442 443
f 445 438 446
f 438 449 446
f 395 445 351
f 351 445 446
f 442 438 445
f 447 448 439
f 440 447 439
f 458 447 440
f 440 455 458
f 448 447 237
f 449 452 453
f 451 453 261
f 261 453 452
f 453 451 450
f 450 449 453
f 454 372 451
f 268 372 454
f 267 268 454
f 267 454 261
f 261 454 451
f 450 451 372
f 446 449 374
f 446 374 351
f 374 449 450
f 448 261 452
f 247 261 448
f 439 452 449
f 439 448 452
f 237 247 448
f 457 250 458
f 455 457 458
f 444 457 455
f 444 456 457
f 457 459 257
f 457 257 250
f 257 459 10
f 457 456 459
f 447 458 260
f 458 250 260
f 237 447 260
f 462 460 461
f 463 460 462
f 389 463 462
f 462 461 442
f 461 460 443
f 443 460 464
f 443 464 437
f 465 389 462
f 395 389 465
f 395 465 445
f 465 442 445
f 465 462 442
f 463 397 466
f 397 463 389
f 463 466 460
f 466 397 349
f 471 467 470
f 468 470 467
f 469 467 471
f 495 471 470
f 471 472 474
f 498 473 474
f 474 472 498
f 471 474 469
f 469 474 473
f 495 472 471
f 475 470 468
f 476 475 468
f 476 318 475
f 475 501 470
f 470 501 495
f 477 478 467
f 468 467 478
f 467 469 477
f 352 478 477
f 482 483 484
f 468 483 482
f 481 484 479
f 479 484 483
f 484 480 486
f 481 480 484
f 486 482 484
f 485 481 373
f 485 373 340
f 340 373 268
f 481 479 371
f 373 481 371
f 485 480 481
f 485 340 480
f 486 476 482
f 339 476 486
f 476 468 482
f 318 476 339
f 480 339 486
f 376 483 478
f 478 483 468
f 483 376 479
f 376 478 352
f 489 487 491
f 491 487 490
f 488 491 490
f 490 469 488
f 491 492 494
f 488 492 491
f 494 489 491
f 492 488 473
f 473 643 492
f 643 473 498
f 473 488 469
f 489 493 385
f 489 379 487
f 385 379 489
f 493 428 385
f 493 489 494
f 490 487 386
f 490 386 477
f 477 469 490
f 386 352 477
f 496 502 497
f 346 502 496
f 472 497 499
f 497 495 501
f 472 495 497
f 501 496 497
f 475 500 496
f 500 346 496
f 475 318 500
f 496 501 475
f 502 348 503
f 502 503 497
f 499 503 657
f 497 503 499
f 348 657 503
f 186 657 348
f 515 514 513
f 513 514 512
f 512 514 510
f 513 512 511
f 516 512 517
f 516 517 506
f 517 512 510
f 512 516 511
f 513 519 518
f 518 509 515
f 515 513 518
f 518 519 507
f 513 520 519
f 511 520 513
f 523 522 521
f 521 522 514
f 521 515 509
f 514 515 521
f 522 510 514
f 524 527 525
f 524 525 509
f 525 527 526
f 524 528 527
f 603 528 524
f 530 529 528
f 528 529 527
f 529 526 527
f 532 524 509
f 532 509 518
f 531 532 507
f 507 532 518
f 532 603 524
f 531 603 532
f 525 526 533
f 533 521 525
f 509 525 521
f 533 508 523
f 523 521 533
f 536 535 534
f 536 534 537
f 537 510 536
f 534 538 537
f 517 537 539
f 517 539 506
f 510 537 517
f 537 538 539
f 541 542 540
f 540 534 541
f 535 541 534
f 538 534 540
f 535 536 543
f 543 536 522
f 536 510 522
f 522 523 543
f 543 523 508
f 547 546 544
f 546 583 545
f 544 546 545
f 520 511 547
f 547 511 546
f 516 548 549
f 506 548 516
f 546 549 583
f 583 549 548
f 546 511 549
f 511 516 549
f 544 618 551
f 551 547 544
f 551 618 550
f 519 551 550
f 550 507 519
f 519 520 551
f 520 547 551
f 552 545 553
f 544 545 552
f 618 544 552
f 545 590 553
f 553 590 505
f 558 556 554
f 554 556 555
f 554 555 565
f 558 554 557
f 559 560 558
f 548 506 559
f 559 506 560
f 556 560 575
f 558 560 556
f 558 557 559
f 562 561 554
f 565 567 554
f 554 567 562
f 572 561 562
f 557 554 561
f 563 564 555
f 555 564 565
f 556 575 563
f 556 563 555
f 563 582 564
f 564 582 741
f 567 565 568
f 566 568 570
f 570 568 565
f 566 571 568
f 571 567 568
f 569 4 566
f 569 566 570
f 566 4 571
f 573 562 567
f 572 562 573
f 573 567 571
f 564 574 565
f 565 574 570
f 564 741 574
f 576 577 579
f 578 576 579
f 575 576 578
f 577 576 538
f 506 539 580
f 560 506 580
f 575 580 576
f 560 580 575
f 539 576 580
f 538 576 539
f 540 581 577
f 579 581 754
f 579 577 581
f 758 581 542
f 542 581 540
f 542 504 758
f 538 540 577
f 563 578 582
f 582 579 754
f 578 579 582
f 563 575 578
f 588 589 587
f 1249 589 588
f 587 585 588
f 587 589 586
f 583 587 586
f 584 587 583
f 587 584 585
f 585 584 557
f 583 548 584
f 557 584 548
f 548 559 557
f 585 561 588
f 588 561 1254
f 1254 1249 588
f 561 572 1254
f 585 557 561
f 545 586 589
f 545 583 586
f 589 590 545
f 596 592 597
f 592 593 594
f 594 597 592
f 595 592 596
f 597 598 596
f 598 599 596
f 599 616 596
f 600 597 594
f 550 594 507
f 600 594 550
f 597 600 598
f 601 602 593
f 592 601 593
f 595 601 592
f 601 591 602
f 605 607 604
f 606 607 605
f 593 606 605
f 605 604 603
f 608 528 604
f 608 428 530
f 530 528 608
f 427 428 608
f 427 608 607
f 607 608 604
f 607 425 427
f 603 604 528
f 531 594 605
f 605 594 593
f 594 531 507
f 531 605 603
f 606 602 609
f 593 602 606
f 607 609 425
f 606 609 607
f 591 609 602
f 614 612 610
f 614 610 613
f 611 614 595
f 595 614 613
f 611 617 614
f 617 612 614
f 615 611 596
f 616 1205 615
f 596 616 615
f 611 595 596
f 1205 617 615
f 615 617 611
f 1203 417 612
f 417 610 612
f 1203 5 417
f 612 617 1203
f 613 610 414
f 595 613 601
f 613 591 601
f 613 414 591
f 618 621 622
f 622 620 618
f 619 622 623
f 623 622 621
f 622 619 620
f 620 619 598
f 619 623 599
f 599 623 1222
f 599 1222 616
f 619 599 598
f 618 620 550
f 620 600 550
f 598 600 620
f 621 552 624
f 552 621 618
f 623 624 1223
f 621 624 623
f 553 505 624
f 624 505 1223
f 624 552 553
f 630 626 625
f 627 626 630
f 627 645 626
f 628 629 630
f 630 625 628
f 631 627 629
f 629 627 630
f 633 634 632
f 632 625 633
f 637 633 625
f 628 625 632
f 626 635 636
f 637 625 636
f 636 625 626
f 645 635 626
f 635 543 508
f 508 636 635
f 641 640 638
f 641 639 640
f 639 637 640
f 640 526 638
f 642 638 529
f 642 530 493
f 493 530 428
f 529 530 642
f 638 526 529
f 494 641 642
f 642 641 638
f 642 493 494
f 639 643 633
f 639 633 637
f 643 498 634
f 633 643 634
f 641 492 643
f 643 639 641
f 494 492 641
f 637 636 644
f 640 637 644
f 640 644 526
f 526 644 533
f 644 508 533
f 644 636 508
f 649 648 646
f 649 647 648
f 535 648 647
f 646 648 645
f 649 646 631
f 631 798 649
f 798 631 779
f 646 645 627
f 631 646 627
f 649 798 793
f 647 650 541
f 647 541 535
f 542 650 504
f 541 650 542
f 650 647 649
f 793 650 649
f 651 648 535
f 535 543 651
f 645 651 635
f 648 651 645
f 651 543 635
f 499 654 653
f 656 654 658
f 652 654 656
f 658 807 656
f 654 652 628
f 628 653 654
f 655 629 652
f 655 779 631
f 631 629 655
f 656 655 652
f 656 807 655
f 628 652 629
f 653 472 499
f 498 653 634
f 634 653 632
f 472 653 498
f 653 628 632
f 657 658 654
f 810 658 657
f 499 657 654
f 807 658 810
f 657 186 810
f 663 666 667
f 668 666 663
f 671 666 664
f 664 666 668
f 666 672 667
f 667 672 665
f 672 671 669
f 666 671 672
f 669 670 672
f 670 669 660
f 675 674 673
f 673 667 675
f 663 667 673
f 667 665 675
f 668 676 677
f 663 676 668
f 664 668 677
f 662 677 676
f 678 679 682
f 679 678 663
f 680 678 682
f 682 679 681
f 683 684 682
f 758 504 684
f 684 683 758
f 682 684 680
f 683 682 681
f 679 685 681
f 673 685 679
f 663 673 679
f 760 685 674
f 674 661 760
f 674 685 673
f 678 686 676
f 678 676 663
f 680 686 678
f 686 800 676
f 676 800 662
f 687 688 689
f 689 692 687
f 690 688 687
f 690 687 691
f 691 664 690
f 692 693 687
f 687 693 691
f 694 691 693
f 669 691 694
f 660 669 694
f 671 664 691
f 671 691 669
f 689 696 692
f 692 696 695
f 696 12 695
f 695 727 692
f 692 727 693
f 688 690 697
f 697 690 677
f 677 690 664
f 697 677 662
f 698 699 770
f 700 698 701
f 699 698 700
f 665 701 698
f 670 702 701
f 670 660 702
f 701 702 700
f 672 670 701
f 672 701 665
f 698 770 704
f 704 770 703
f 674 704 661
f 675 704 674
f 661 704 703
f 675 665 704
f 665 698 704
f 699 705 706
f 770 699 774
f 699 706 774
f 700 705 699
f 705 659 706
f 712 708 711
f 708 709 711
f 709 708 719
f 710 708 712
f 660 713 712
f 710 712 713
f 712 711 731
f 715 714 709
f 709 719 715
f 707 714 715
f 714 733 711
f 711 709 714
f 711 733 731
f 722 708 718
f 719 708 722
f 718 717 722
f 716 718 710
f 710 718 708
f 718 716 717
f 717 716 106
f 719 722 723
f 721 723 128
f 128 723 722
f 721 720 723
f 720 719 723
f 724 721 135
f 724 135 9
f 135 721 128
f 721 724 720
f 725 715 719
f 707 715 725
f 725 719 720
f 717 137 722
f 722 137 128
f 717 106 137
f 726 727 729
f 728 726 729
f 120 127 729
f 729 727 120
f 729 127 728
f 727 726 693
f 713 694 726
f 694 713 660
f 713 726 710
f 726 694 693
f 727 695 120
f 120 695 124
f 695 12 124
f 716 728 127
f 127 126 716
f 726 728 710
f 710 728 716
f 106 716 126
f 732 733 735
f 734 732 735
f 735 730 734
f 734 700 732
f 732 731 733
f 660 712 736
f 702 660 736
f 702 736 732
f 732 700 702
f 736 731 732
f 736 712 731
f 733 714 735
f 735 714 737
f 735 738 730
f 737 738 735
f 714 707 737
f 705 734 739
f 734 730 739
f 705 700 734
f 739 659 705
f 742 745 743
f 742 743 753
f 743 745 744
f 745 742 746
f 747 748 745
f 745 748 744
f 745 746 747
f 749 742 750
f 742 753 750
f 661 749 760
f 760 749 750
f 746 742 749
f 751 752 743
f 744 751 743
f 751 741 752
f 756 754 755
f 757 754 756
f 753 757 756
f 756 755 681
f 758 683 755
f 581 758 754
f 754 758 755
f 681 755 683
f 753 756 759
f 750 753 759
f 760 759 685
f 750 759 760
f 756 681 759
f 759 681 685
f 752 754 757
f 582 754 752
f 743 757 753
f 743 752 757
f 741 582 752
f 763 764 762
f 570 764 768
f 764 763 768
f 764 744 762
f 762 761 763
f 766 762 748
f 766 747 765
f 765 747 740
f 748 747 766
f 762 744 748
f 766 761 762
f 766 765 761
f 763 569 768
f 767 569 763
f 569 570 768
f 769 569 767
f 769 4 569
f 761 767 763
f 751 764 574
f 574 764 570
f 744 764 751
f 574 741 751
f 770 774 775
f 775 773 770
f 772 775 771
f 771 775 774
f 775 772 773
f 773 772 746
f 777 747 772
f 740 747 777
f 776 740 777
f 776 777 771
f 771 777 772
f 772 747 746
f 770 773 703
f 661 703 749
f 773 746 703
f 703 746 749
f 778 771 774
f 774 706 778
f 659 778 706
f 784 781 780
f 782 781 784
f 782 801 781
f 784 780 783
f 785 782 784
f 786 782 785
f 184 786 785
f 146 786 184
f 785 784 808
f 808 784 783
f 780 795 789
f 792 795 780
f 789 795 788
f 779 789 788
f 787 789 779
f 787 783 789
f 783 780 789
f 781 790 791
f 792 780 791
f 791 780 781
f 801 790 781
f 791 662 800
f 790 662 791
f 793 796 794
f 793 795 796
f 795 792 796
f 796 680 794
f 797 794 684
f 504 650 797
f 684 504 797
f 794 680 684
f 650 793 797
f 797 793 794
f 793 788 795
f 798 788 793
f 798 779 788
f 792 791 799
f 796 792 799
f 796 799 686
f 686 680 796
f 799 800 686
f 799 791 800
f 802 803 804
f 688 804 803
f 802 804 801
f 158 803 802
f 786 164 802
f 146 164 786
f 802 801 782
f 786 802 782
f 158 802 164
f 803 805 696
f 803 689 688
f 696 689 803
f 696 805 12
f 12 805 163
f 805 158 163
f 805 803 158
f 806 804 688
f 688 697 806
f 801 806 790
f 804 806 801
f 806 662 790
f 806 697 662
f 809 787 807
f 183 809 175
f 808 809 183
f 809 808 783
f 783 787 809
f 808 183 184
f 184 785 808
f 807 787 655
f 655 787 779
f 810 175 809
f 809 807 810
f 810 186 175
f 820 818 821
f 819 820 821
f 815 820 819
f 830 816 818
f 830 818 820
f 821 825 828
f 818 825 821
f 828 819 821
f 828 825 817
f 825 824 822
f 818 824 825
f 824 812 822
f 823 824 818
f 818 816 823
f 828 827 819
f 819 827 826
f 826 815 819
f 827 813 826
f 828 817 827
f 832 830 820
f 820 831 832
f 829 820 815
f 829 831 820
f 816 830 832
f 814 832 831
f 833 829 815
f 815 836 833
f 834 829 833
f 834 833 835
f 835 947 834
f 836 837 833
f 910 837 836
f 838 835 837
f 837 835 833
f 838 837 916
f 836 826 839
f 836 815 826
f 826 813 839
f 839 910 836
f 829 834 831
f 831 834 840
f 840 834 947
f 831 840 814
f 841 842 843
f 842 841 958
f 816 843 823
f 841 843 816
f 843 842 844
f 881 843 844
f 846 845 812
f 846 812 824
f 843 846 823
f 823 846 824
f 846 843 881
f 881 845 846
f 842 847 844
f 844 847 887
f 958 841 849
f 849 848 958
f 832 849 816
f 816 849 841
f 849 832 814
f 814 848 849
f 854 852 850
f 850 852 851
f 850 851 927
f 853 852 854
f 817 854 850
f 855 853 854
f 854 822 855
f 812 855 822
f 825 822 854
f 825 854 817
f 850 927 857
f 857 927 856
f 827 857 813
f 813 857 856
f 827 817 857
f 817 850 857
f 851 858 859
f 927 851 931
f 851 859 931
f 852 853 858
f 852 858 851
f 858 811 859
f 861 865 862
f 861 862 863
f 862 865 864
f 890 861 866
f 867 868 865
f 855 812 867
f 867 812 868
f 868 864 865
f 867 861 890
f 865 861 867
f 866 870 869
f 866 861 870
f 870 861 863
f 870 860 869
f 862 864 871
f 862 871 880
f 873 874 875
f 875 874 863
f 873 875 877
f 874 873 872
f 8 873 876
f 876 873 877
f 874 878 870
f 870 863 874
f 878 860 870
f 874 872 878
f 875 862 879
f 862 875 863
f 877 879 1086
f 875 879 877
f 879 880 1086
f 879 862 880
f 882 883 885
f 884 882 885
f 884 864 882
f 882 881 883
f 868 812 845
f 868 845 882
f 882 864 868
f 845 881 882
f 844 886 883
f 885 886 1077
f 885 883 886
f 887 886 844
f 881 844 883
f 871 884 888
f 888 885 1077
f 884 885 888
f 864 884 871
f 880 871 888
f 895 889 891
f 891 892 895
f 891 889 893
f 893 853 891
f 891 890 892
f 855 867 894
f 853 894 891
f 855 894 853
f 894 890 891
f 894 867 890
f 892 869 895
f 895 869 860
f 892 866 869
f 890 866 892
f 858 893 896
f 893 889 896
f 858 853 893
f 896 811 858
f 898 901 900
f 900 899 898
f 900 901 902
f 904 897 906
f 906 897 905
f 901 906 902
f 902 906 905
f 901 903 906
f 903 904 906
f 907 898 908
f 899 908 898
f 813 908 839
f 907 908 813
f 901 898 907
f 901 907 903
f 900 909 899
f 912 913 914
f 899 913 912
f 911 914 917
f 917 914 913
f 914 911 910
f 910 912 914
f 915 837 911
f 916 837 915
f 917 915 911
f 910 911 837
f 839 908 912
f 912 908 899
f 839 912 910
f 909 917 913
f 918 917 909
f 899 909 913
f 926 918 909
f 922 920 923
f 922 923 921
f 902 922 921
f 905 922 902
f 905 919 922
f 919 920 922
f 1528 923 920
f 920 2 1528
f 900 921 924
f 924 923 925
f 921 923 924
f 900 902 921
f 926 909 924
f 924 909 900
f 924 925 926
f 927 931 932
f 932 930 927
f 929 932 928
f 928 932 931
f 932 929 930
f 930 929 903
f 933 904 928
f 928 904 929
f 929 904 903
f 927 930 856
f 813 856 907
f 930 907 856
f 903 907 930
f 934 928 931
f 931 859 934
f 811 934 859
f 935 939 937
f 936 939 935
f 939 940 937
f 967 942 943
f 943 941 967
f 937 943 938
f 938 943 942
f 937 940 943
f 940 941 943
f 939 936 944
f 935 945 946
f 936 935 946
f 937 938 945
f 937 945 935
f 946 814 840
f 945 814 946
f 950 951 952
f 936 951 950
f 949 952 947
f 947 952 951
f 952 954 957
f 949 954 952
f 957 950 952
f 957 954 948
f 954 949 838
f 954 838 955
f 955 838 916
f 955 953 954
f 949 947 835
f 838 949 835
f 948 954 953
f 957 944 950
f 956 944 957
f 944 936 950
f 956 971 944
f 957 948 956
f 840 951 946
f 946 951 936
f 951 840 947
f 960 961 959
f 960 958 961
f 960 959 1114
f 942 1120 959
f 1120 942 967
f 938 959 961
f 942 959 938
f 960 962 847
f 960 842 958
f 847 842 960
f 847 962 1119
f 1119 887 847
f 960 1114 962
f 962 1114 1119
f 961 958 848
f 961 848 945
f 945 938 961
f 848 814 945
f 970 965 966
f 963 965 970
f 966 964 970
f 941 966 968
f 968 966 965
f 966 940 964
f 941 940 966
f 939 969 964
f 970 969 963
f 970 964 969
f 971 969 944
f 944 969 939
f 940 939 964
f 1139 965 972
f 963 972 965
f 968 965 1139
f 3 1139 972
f 982 980 983
f 981 982 983
f 977 982 981
f 991 978 980
f 991 980 982
f 983 986 989
f 980 986 983
f 989 981 983
f 989 986 979
f 986 985 984
f 980 985 986
f 985 974 984
f 978 985 980
f 989 988 981
f 981 988 987
f 987 977 981
f 988 975 987
f 989 979 988
f 992 991 982
f 993 991 992
f 990 982 977
f 990 992 982
f 976 993 992
f 998 996 994
f 994 997 998
f 994 996 995
f 994 990 977
f 977 997 994
f 995 990 994
f 996 1113 995
f 1078 998 997
f 1001 1000 999
f 999 1000 996
f 1000 1113 996
f 996 998 999
f 999 998 1078
f 997 987 1002
f 997 977 987
f 987 975 1002
f 1002 1078 997
f 1004 992 990
f 1004 990 995
f 1113 1004 995
f 1003 1004 1113
f 1004 976 992
f 1003 976 1004
f 1005 1008 1007
f 1007 1006 1005
f 1007 1008 978
f 1008 1005 1009
f 1047 1008 1009
f 1011 1010 974
f 1011 974 985
f 1008 1011 978
f 978 1011 985
f 1011 1008 1047
f 1047 1010 1011
f 1013 1012 1009
f 1009 1005 1013
f 1013 1005 1006
f 1127 1012 1013
f 1014 1007 993
f 1014 1006 1007
f 993 1007 991
f 1007 978 991
f 1130 1014 993
f 1130 993 976
f 1015 1018 1017
f 1015 1016 1092
f 1017 1016 1015
f 1017 1018 1019
f 1019 1018 1020
f 979 1020 1018
f 1018 1015 979
f 1021 1019 1020
f 1020 984 1021
f 974 1021 984
f 986 984 1020
f 986 1020 979
f 1015 1092 1023
f 1023 1092 1022
f 988 1023 975
f 975 1023 1022
f 988 979 1023
f 979 1015 1023
f 1016 1017 1025
f 1025 1017 1024
f 1024 1017 1059
f 1017 1019 1059
f 1025 1024 973
f 1031 1030 1027
f 1027 1030 1029
f 1029 1028 1027
f 1032 1033 1030
f 1021 974 1032
f 1032 974 1033
f 1033 1029 1030
f 1032 1031 1056
f 1030 1031 1032
f 1027 1041 1036
f 1028 1041 1027
f 1036 1041 1035
f 1034 1036 1035
f 1035 1026 1034
f 1036 1058 1031
f 1034 1058 1036
f 1031 1027 1036
f 1031 1058 1056
f 1038 1029 1037
f 1038 1028 1029
f 1038 1037 1224
f 1041 1028 1040
f 1040 1028 1042
f 1046 1040 1042
f 1040 1039 1045
f 1045 1041 1040
f 1040 1043 769
f 1043 4 769
f 1040 1046 1043
f 1040 769 1039
f 1045 1035 1041
f 1044 1035 1045
f 1026 1035 1044
f 1039 1044 1045
f 1028 1038 1042
f 1046 1042 1247
f 1038 1247 1042
f 1224 1247 1038
f 1053 1054 1051
f 1051 1049 1053
f 1051 1054 1050
f 1048 1051 1050
f 1050 1029 1048
f 1051 1047 1049
f 1048 1047 1051
f 1033 974 1010
f 1033 1010 1048
f 1048 1029 1033
f 1010 1047 1048
f 1012 1052 1049
f 1053 1049 1052
f 1012 1127 1052
f 1049 1009 1012
f 1047 1009 1049
f 1037 1050 1054
f 1029 1050 1037
f 1037 1054 1224
f 1057 1058 1060
f 1059 1057 1060
f 1060 1055 1059
f 1059 1019 1057
f 1057 1056 1058
f 1021 1032 1061
f 1019 1061 1057
f 1021 1061 1019
f 1061 1056 1057
f 1061 1032 1056
f 1034 1062 1060
f 1060 1062 1055
f 1060 1058 1034
f 1024 1059 1055
f 1055 1063 1024
f 1024 1063 973
f 1065 1068 1066
f 1065 1066 1076
f 1066 1068 1067
f 1065 1069 1068
f 1069 1071 1068
f 1069 1070 1071
f 1070 1064 1071
f 1072 1065 1073
f 1065 1076 1073
f 975 1073 1002
f 1072 1073 975
f 1065 1072 1069
f 1074 1075 1066
f 1074 1066 1067
f 1075 1074 880
f 1076 1080 1081
f 1079 1081 1077
f 1077 1081 1080
f 1081 1079 1078
f 1078 1076 1081
f 1082 999 1079
f 1082 887 1001
f 1001 999 1082
f 886 887 1082
f 886 1082 1077
f 1077 1082 1079
f 1078 1079 999
f 1073 1076 1002
f 1002 1076 1078
f 1075 1077 1080
f 888 1077 1075
f 1066 1080 1076
f 1066 1075 1080
f 880 888 1075
f 1091 1086 1085
f 877 1086 1091
f 1084 1085 1067
f 1067 1085 1086
f 1084 1089 1085
f 1088 1084 1071
f 1064 1087 1088
f 1071 1064 1088
f 1084 1067 1068
f 1071 1084 1068
f 1083 1089 1088
f 1088 1089 1084
f 1088 1087 1083
f 1091 1085 1090
f 1091 1090 876
f 876 877 1091
f 1090 8 876
f 1090 1085 1089
f 1083 1090 1089
f 1067 1086 1074
f 1074 1086 880
f 1092 1096 1097
f 1097 1095 1092
f 1100 1097 1093
f 1094 1097 1100
f 1093 1097 1096
f 1097 1094 1095
f 1095 1094 1069
f 1094 1100 1070
f 1070 1100 1098
f 1070 1098 1064
f 1100 1093 1099
f 1098 1100 1099
f 1094 1070 1069
f 1092 1095 1022
f 975 1022 1072
f 1095 1072 1022
f 1069 1072 1095
f 1096 1025 1102
f 1016 1096 1092
f 1016 1025 1096
f 1093 1102 1101
f 1096 1102 1093
f 1025 1101 1102
f 973 1101 1025
f 1104 1106 1103
f 1105 1122 1103
f 1106 1107 1103
f 1103 1107 1105
f 1109 1105 1108
f 1135 1109 1108
f 1107 1108 1105
f 1106 1104 1110
f 1103 1111 1112
f 1104 1103 1112
f 1122 1111 1103
f 1111 1130 976
f 976 1112 1111
f 1116 1117 1118
f 1104 1117 1116
f 1115 1118 1113
f 1113 1118 1117
f 1118 1114 1121
f 1115 1114 1118
f 1121 1116 1118
f 1119 1115 1000
f 1119 1001 887
f 1000 1001 1119
f 1115 1113 1000
f 1119 1114 1115
f 1121 1110 1116
f 1120 1110 1121
f 1110 1104 1116
f 1120 967 1110
f 1121 959 1120
f 1114 959 1121
f 1003 1117 1112
f 1112 1117 1104
f 1117 1003 1113
f 1003 1112 976
f 1126 1125 1123
f 1126 1124 1125
f 1006 1125 1124
f 1123 1125 1122
f 1126 1123 1109
f 1109 1273 1126
f 1273 1109 1135
f 1123 1122 1105
f 1109 1123 1105
f 1124 1128 1013
f 1124 1013 1006
f 1013 1128 1127
f 1128 1124 1126
f 1129 1125 1014
f 1014 1125 1006
f 1122 1129 1111
f 1125 1129 1122
f 1129 1130 1111
f 1129 1014 1130
f 1138 1133 1134
f 968 1133 1138
f 1134 1132 1138
f 1131 1134 1137
f 1137 1134 1133
f 1134 1107 1132
f 1131 1107 1134
f 1131 1136 1108
f 1136 1135 1108
f 1137 1136 1131
f 1131 1108 1107
f 1106 1138 1132
f 1138 941 968
f 967 1138 1110
f 1110 1138 1106
f 941 1138 967
f 1107 1106 1132
f 3 1133 1139
f 968 1139 1133
f 1137 1133 3
f 1153 1148 1146
f 1143 1148 1153
f 1146 1147 1153
f 1151 1146 1144
f 1144 1146 1148
f 1146 1152 1147
f 1147 1152 1145
f 1152 1151 1149
f 1146 1151 1152
f 1149 1150 1152
f 1150 1149 1140
f 1147 1154 1153
f 1155 1154 1147
f 1155 1141 1154
f 1147 1145 1155
f 1148 1157 1156
f 1143 1157 1148
f 1148 1156 1144
f 1142 1156 1157
f 1161 1158 1163
f 1158 1159 1163
f 1158 1143 1159
f 1160 1143 1158
f 1160 1158 1161
f 1161 1267 1160
f 1163 1159 1162
f 1165 1161 1164
f 1268 1267 1161
f 1268 1161 1165
f 1161 1163 1164
f 1164 1163 1162
f 1159 1166 1162
f 1154 1166 1159
f 1143 1153 1159
f 1159 1153 1154
f 1154 1141 1166
f 1157 1160 1167
f 1160 1157 1143
f 1167 1160 1267
f 1167 1142 1157
f 1170 1169 1168
f 1170 1168 1171
f 1171 1144 1170
f 1172 1173 1168
f 1168 1173 1171
f 1149 1171 1174
f 1140 1149 1174
f 1151 1144 1171
f 1151 1171 1149
f 1171 1173 1174
f 1176 1175 1172
f 1172 1168 1176
f 1176 1168 1169
f 1280 1290 1175
f 1280 1175 1176
f 1177 1170 1156
f 1177 1169 1170
f 1156 1170 1144
f 1283 1177 1156
f 1283 1156 1142
f 1178 1179 1180
f 1180 1179 1248
f 1181 1178 1182
f 1145 1182 1178
f 1178 1180 1145
f 1150 1183 1182
f 1140 1221 1150
f 1150 1221 1183
f 1182 1183 1181
f 1152 1150 1182
f 1152 1182 1145
f 1184 1155 1180
f 1180 1248 1184
f 1141 1155 1184
f 1155 1145 1180
f 1179 1185 1186
f 1178 1185 1179
f 1181 1185 1178
f 1185 505 1186
f 1192 1190 1187
f 1187 1190 1188
f 1187 1188 1199
f 1190 1207 1189
f 1188 1190 1189
f 1192 1187 1191
f 1215 1192 1191
f 1193 1194 1192
f 1221 1140 1193
f 1193 1140 1194
f 1190 1194 1207
f 1192 1194 1190
f 1193 1192 1215
f 1187 1196 1191
f 1191 1196 1195
f 1199 1201 1187
f 1187 1201 1196
f 1196 616 1195
f 1188 1189 1197
f 1197 1198 1188
f 1188 1198 1199
f 1206 1198 1197
f 1201 1199 1202
f 1202 1199 1198
f 1200 1202 1204
f 1204 1202 1198
f 1202 1200 1205
f 1205 1201 1202
f 1205 1200 617
f 1203 1200 1410
f 1410 5 1203
f 1410 1200 1204
f 1200 1203 617
f 1205 1196 1201
f 616 1196 1205
f 1211 1210 1209
f 1209 1210 1208
f 1208 1210 1207
f 1209 1208 1173
f 1140 1174 1212
f 1194 1140 1212
f 1207 1212 1208
f 1194 1212 1207
f 1173 1208 1212
f 1212 1174 1173
f 1175 1213 1209
f 1213 1398 1211
f 1211 1209 1213
f 1290 1213 1175
f 1209 1172 1175
f 1173 1172 1209
f 1197 1210 1214
f 1214 1211 1404
f 1404 1211 1398
f 1210 1211 1214
f 1189 1210 1197
f 1189 1207 1210
f 1206 1197 1214
f 1216 1217 1219
f 1218 1216 1219
f 1218 1181 1216
f 1216 1215 1217
f 1221 1193 1220
f 1183 1221 1220
f 1183 1220 1216
f 1216 1181 1183
f 1220 1215 1216
f 1220 1193 1215
f 1217 1195 1219
f 1219 1195 1222
f 1222 623 1219
f 1195 616 1222
f 1217 1191 1195
f 1215 1191 1217
f 1185 1218 1223
f 1223 1219 623
f 1218 1219 1223
f 1185 1181 1218
f 1223 505 1185
f 1227 1225 1228
f 1226 1225 1227
f 1228 1229 1227
f 1229 1230 1227
f 1231 1228 1232
f 1225 1235 1232
f 1232 1228 1225
f 1141 1232 1166
f 1231 1232 1141
f 1228 1231 1229
f 1225 1233 1234
f 1235 1225 1234
f 1226 1233 1225
f 1224 1234 1233
f 1237 1239 1236
f 1238 1239 1237
f 1235 1238 1237
f 1237 1236 1162
f 1240 1164 1236
f 1240 1052 1165
f 1165 1052 1127
f 1165 1164 1240
f 1053 1240 1239
f 1239 1240 1236
f 1052 1240 1053
f 1162 1236 1164
f 1235 1237 1241
f 1232 1235 1241
f 1232 1241 1166
f 1237 1162 1241
f 1241 1162 1166
f 1238 1234 1242
f 1234 1238 1235
f 1239 1242 1054
f 1054 1053 1239
f 1238 1242 1239
f 1242 1224 1054
f 1242 1234 1224
f 1043 1245 1246
f 1046 1245 1043
f 1246 1244 1043
f 1243 1246 1226
f 1226 1246 1245
f 1246 573 1244
f 1243 573 1246
f 1244 573 571
f 573 1243 1227
f 573 1230 572
f 1227 1230 573
f 1243 1226 1227
f 1244 4 1043
f 1244 571 4
f 1233 1245 1247
f 1046 1247 1245
f 1226 1245 1233
f 1224 1233 1247
f 1248 1252 1253
f 1253 1251 1248
f 1250 1253 1249
f 1249 1253 1252
f 1253 1250 1251
f 1251 1250 1229
f 1250 1249 1230
f 1230 1249 1254
f 1230 1254 572
f 1250 1230 1229
f 1248 1251 1184
f 1141 1184 1231
f 1251 1231 1184
f 1229 1231 1251
f 1252 1186 1255
f 1179 1252 1248
f 1179 1186 1252
f 1249 1255 589
f 1252 1255 1249
f 1186 590 1255
f 1255 590 589
f 505 590 1186
f 1256 1257 1258
f 1259 1275 1258
f 1260 1261 1258
f 1258 1257 1260
f 1262 1259 1261
f 1261 1259 1258
f 1264 1263 1257
f 1264 1135 1263
f 1260 1257 1263
f 1256 1265 1266
f 1257 1256 1266
f 1275 1265 1258
f 1258 1265 1256
f 1265 1283 1142
f 1142 1266 1265
f 1269 1270 1271
f 1257 1270 1269
f 1268 1271 1267
f 1267 1271 1270
f 1271 1272 1274
f 1268 1272 1271
f 1274 1269 1271
f 1274 1272 1126
f 1272 1268 1165
f 1165 1128 1272
f 1127 1128 1165
f 1126 1272 1128
f 1274 1264 1269
f 1273 1264 1274
f 1264 1257 1269
f 1273 1135 1264
f 1274 1126 1273
f 1167 1270 1266
f 1266 1270 1257
f 1270 1167 1267
f 1167 1266 1142
f 1279 1278 1276
f 1279 1277 1278
f 1169 1278 1277
f 1276 1278 1275
f 1279 1276 1262
f 1262 1440 1279
f 1440 1262 1422
f 1276 1275 1259
f 1262 1276 1259
f 1279 1440 1435
f 1277 1281 1176
f 1277 1176 1169
f 1176 1281 1280
f 1281 1277 1279
f 1435 1281 1279
f 1282 1278 1177
f 1177 1278 1169
f 1275 1282 1265
f 1278 1282 1275
f 1282 1283 1265
f 1282 1177 1283
f 1285 1286 1287
f 1137 1286 1285
f 1288 1287 1289
f 1284 1287 1288
f 1289 1453 1288
f 1289 1287 1286
f 1287 1284 1260
f 1260 1285 1287
f 1288 1261 1284
f 1288 1422 1262
f 1262 1261 1288
f 1430 1422 1288
f 1288 1453 1430
f 1260 1284 1261
f 1285 1136 1137
f 1135 1285 1263
f 1136 1285 1135
f 1285 1260 1263
f 3 1289 1286
f 1137 3 1286
f 1299 1298 1301
f 1300 1298 1299
f 1299 1295 1300
f 1304 1298 1296
f 1296 1298 1300
f 1298 1305 1301
f 1301 1305 1297
f 1305 1304 1302
f 1298 1304 1305
f 1302 1303 1305
f 1303 1302 1292
f 1308 1307 1306
f 1306 1299 1308
f 1299 1306 1295
f 1301 1297 1308
f 1308 1299 1301
f 1295 1309 1300
f 1296 1300 1310
f 1309 1310 1300
f 1294 1310 1309
f 1311 1312 1313
f 1313 1312 1295
f 1314 1311 1317
f 1312 1311 1314
f 1315 1316 1311
f 1311 1316 1317
f 1311 1313 1315
f 1319 1317 1318
f 1290 1319 1318
f 1314 1317 1436
f 1436 1317 1319
f 1317 1316 1318
f 1313 1320 1315
f 1306 1320 1313
f 1295 1306 1313
f 1293 1320 1307
f 1307 1320 1306
f 1312 1321 1309
f 1312 1309 1295
f 1314 1321 1312
f 1321 1442 1309
f 1309 1442 1294
f 1323 1326 1322
f 1324 1323 1322
f 1324 1322 1325
f 1325 1296 1324
f 1326 1327 1322
f 1322 1327 1325
f 1328 1325 1327
f 1302 1325 1328
f 1292 1302 1328
f 1304 1296 1325
f 1304 1325 1302
f 1330 1329 1326
f 1330 1326 1323
f 1329 1368 1326
f 1326 1368 1327
f 1331 1324 1310
f 1331 1323 1324
f 1310 1324 1296
f 1294 1331 1310
f 1333 1332 1334
f 1297 1334 1332
f 1303 1335 1334
f 1303 1292 1335
f 1334 1335 1333
f 1305 1303 1334
f 1305 1334 1297
f 1332 1412 1337
f 1337 1412 1336
f 1307 1337 1336
f 1308 1337 1307
f 1336 1293 1307
f 1308 1297 1337
f 1297 1332 1337
f 1339 1338 1340
f 1332 1338 1339
f 1412 1332 1339
f 1333 1338 1332
f 1347 1345 1342
f 1342 1343 1347
f 1343 1342 1354
f 1345 1366 1344
f 1342 1345 1344
f 1347 1343 1346
f 1376 1347 1346
f 1348 1349 1345
f 1292 1328 1349
f 1349 1348 1292
f 1345 1349 1366
f 1348 1347 1376
f 1345 1347 1348
f 1346 1351 1350
f 1346 1343 1351
f 1343 1354 1351
f 1351 1341 1350
f 1353 1344 1352
f 1342 1344 1353
f 1359 1342 1353
f 1354 1342 1359
f 1359 1355 1357
f 1357 1358 1359
f 1359 1358 1354
f 1358 1357 1356
f 1357 1361 1360
f 1361 11 1360
f 1355 1361 1357
f 1356 1357 1360
f 1358 1362 1351
f 1351 1354 1358
f 1362 1341 1351
f 1358 1356 1362
f 1359 1353 1364
f 1355 1364 1363
f 1359 1364 1355
f 1353 1363 1364
f 1352 1363 1353
f 1365 1374 1367
f 1367 1368 1365
f 1367 1374 1369
f 1366 1367 1369
f 1368 1367 1327
f 1349 1328 1370
f 1366 1370 1367
f 1349 1370 1366
f 1327 1367 1370
f 1370 1328 1327
f 1368 1329 1365
f 1365 1329 1371
f 1371 1329 1372
f 1352 1369 1374
f 1374 1373 1352
f 1373 1374 1365
f 1344 1369 1352
f 1344 1366 1369
f 1381 1375 1377
f 1377 1378 1381
f 1377 1375 1379
f 1379 1333 1377
f 1377 1376 1378
f 1292 1348 1380
f 1335 1292 1380
f 1335 1380 1377
f 1377 1333 1335
f 1380 1376 1377
f 1380 1348 1376
f 1378 1350 1381
f 1381 1350 1341
f 1378 1346 1350
f 1376 1346 1378
f 1338 1379 1383
f 1375 1382 1383
f 1379 1375 1383
f 1338 1333 1379
f 1382 1340 1383
f 1383 1340 1338
f 1291 1340 1382
f 1390 1388 1385
f 1391 1388 1390
f 1385 1386 1397
f 1388 1386 1385
f 1387 1388 1389
f 1389 1388 1391
f 1414 1391 1390
f 1393 1391 1392
f 1392 1384 1393
f 1389 1391 1393
f 1394 1385 1395
f 1385 1397 1395
f 1336 1394 1293
f 1293 1394 1395
f 1394 1414 1390
f 1390 1385 1394
f 1386 1387 1396
f 1388 1387 1386
f 1397 1401 1400
f 1398 1400 1404
f 1399 1400 1398
f 1404 1400 1401
f 1400 1399 1316
f 1402 1318 1399
f 1290 1318 1402
f 1213 1290 1402
f 1398 1402 1399
f 1213 1402 1398
f 1399 1318 1316
f 1397 1400 1403
f 1395 1397 1403
f 1293 1403 1320
f 1395 1403 1293
f 1400 1315 1403
f 1403 1315 1320
f 1316 1315 1400
f 1396 1404 1401
f 1214 1404 1396
f 1386 1401 1397
f 1386 1396 1401
f 1206 1214 1396
f 1410 1411 1409
f 1204 1411 1410
f 1409 1407 1410
f 1409 1411 1408
f 1389 1409 1408
f 1406 1409 1389
f 1409 1406 1407
f 1407 1406 1405
f 1384 1406 1393
f 1393 1406 1389
f 1407 5 1410
f 1407 1405 5
f 1387 1408 1411
f 1198 1411 1204
f 1387 1389 1408
f 1206 1396 1411
f 1411 1396 1387
f 1411 1198 1206
f 1416 1418 1415
f 1417 1418 1416
f 1412 1417 1416
f 1416 1415 1414
f 1419 1392 1415
f 1392 1419 1384
f 1413 1419 1418
f 1418 1419 1415
f 1415 1392 1391
f 1414 1415 1391
f 1412 1416 1336
f 1416 1414 1336
f 1336 1414 1394
f 1417 1339 1421
f 1339 1417 1412
f 1418 1421 1420
f 1420 1413 1418
f 1417 1421 1418
f 1340 1291 1421
f 1421 1291 1420
f 1421 1339 1340
f 1427 1424 1423
f 1423 1426 1427
f 1425 1424 1427
f 1425 1443 1424
f 1455 1427 1426
f 1427 1428 1425
f 1460 1429 1425
f 1425 1428 1460
f 1456 1428 1427
f 1456 1427 1455
f 1426 1431 1430
f 1423 1437 1431
f 1434 1437 1423
f 1431 1426 1423
f 1430 1431 1422
f 1430 1455 1426
f 1424 1432 1433
f 1434 1423 1433
f 1433 1423 1424
f 1443 1432 1424
f 1433 1294 1442
f 1432 1294 1433
f 1437 1434 1438
f 1438 1314 1436
f 1438 1439 1435
f 1436 1439 1438
f 1435 1437 1438
f 1439 1436 1319
f 1319 1281 1439
f 1280 1319 1290
f 1280 1281 1319
f 1435 1439 1281
f 1435 1431 1437
f 1440 1431 1435
f 1440 1422 1431
f 1434 1433 1441
f 1438 1434 1441
f 1438 1441 1321
f 1321 1314 1438
f 1441 1442 1321
f 1441 1433 1442
f 1445 1446 1447
f 1323 1447 1446
f 1445 1447 1443
f 1444 1446 1445
f 1429 1448 1445
f 1448 1429 1460
f 1445 1443 1425
f 1429 1445 1425
f 1445 1448 1449
f 1444 1445 1449
f 1446 1451 1330
f 1446 1330 1323
f 1329 1451 1450
f 1450 1372 1329
f 1330 1451 1329
f 1451 1444 1450
f 1451 1446 1444
f 1452 1447 1331
f 1331 1447 1323
f 1443 1452 1432
f 1447 1452 1443
f 1452 1294 1432
f 1452 1331 1294
f 1458 1430 1453
f 1458 1453 1457
f 1459 1458 1457
f 1456 1458 1459
f 1457 1454 1459
f 1458 1456 1455
f 1455 1430 1458
f 1456 1459 1428
f 1459 1460 1428
f 1457 1289 1461
f 1453 1289 1457
f 1454 1457 1461
f 1461 1289 3
f 1468 1469 1470
f 1465 1470 1474
f 1470 1469 1474
f 1468 1470 1466
f 1469 1468 1467
f 1473 1472 1471
f 1468 1472 1473
f 1466 1472 1468
f 1467 1468 1473
f 1469 1476 1474
f 1474 1476 1475
f 1476 1463 1475
f 1469 1467 1476
f 1479 1478 1477
f 1477 1478 1470
f 1477 1470 1465
f 1470 1478 1466
f 1480 1481 1484
f 1480 1465 1481
f 1482 1480 1484
f 1482 1588 1480
f 1484 1481 1483
f 1486 1482 1485
f 1485 1482 1484
f 1486 1485 1372
f 1484 1483 1485
f 1481 1475 1487
f 1465 1474 1481
f 1481 1474 1475
f 1487 1475 1562
f 1475 1463 1562
f 1483 1481 1487
f 1489 1477 1465
f 1489 1465 1480
f 1588 1489 1480
f 1488 1489 1588
f 1489 1488 1479
f 1479 1477 1489
f 1479 1488 1464
f 1493 1491 1490
f 1492 1491 1493
f 1492 1466 1491
f 1493 1494 1492
f 1495 1492 1494
f 1472 1492 1495
f 1462 1471 1495
f 1495 1471 1472
f 1472 1466 1492
f 1497 1498 1496
f 1496 1493 1497
f 1497 1493 1490
f 955 916 1498
f 955 1498 1497
f 1493 1496 1494
f 1490 1491 1499
f 1499 1491 1478
f 1491 1466 1478
f 1499 1479 1464
f 1478 1479 1499
f 1500 1503 1502
f 1500 1501 1570
f 1502 1501 1500
f 1502 1503 1504
f 1504 1503 1505
f 1467 1505 1503
f 1503 1500 1467
f 1506 1504 1505
f 1505 1473 1506
f 1471 1462 1506
f 1506 1473 1471
f 1473 1505 1467
f 1500 1570 1508
f 1508 1570 1507
f 1476 1508 1463
f 1463 1508 1507
f 1476 1467 1508
f 1467 1500 1508
f 1501 1502 1510
f 1510 1502 1509
f 1509 1502 1540
f 1502 1504 1540
f 1510 1509 1602
f 1515 1514 1512
f 1512 1514 1513
f 1512 1513 1522
f 1516 1517 1515
f 1462 1495 1517
f 1517 1516 1462
f 1514 1517 1529
f 1515 1517 1514
f 1516 1515 1537
f 1519 1518 1512
f 1512 1522 1519
f 1511 1518 1519
f 1515 1512 1518
f 1515 1518 1537
f 1520 1521 1513
f 1522 1513 1525
f 1513 1521 1525
f 1532 1520 1514
f 1514 1529 1532
f 1514 1520 1513
f 926 1521 1520
f 1522 1525 1526
f 1526 1519 1522
f 1524 1526 925
f 925 923 1524
f 925 1526 1525
f 1524 1523 1526
f 1523 1519 1526
f 1528 1527 1524
f 2 1527 1528
f 1528 1524 923
f 1524 1527 1523
f 1521 925 1525
f 1521 926 925
f 1530 1531 1533
f 1532 1530 1533
f 1529 1530 1532
f 1531 1530 1494
f 1517 1495 1534
f 1529 1534 1530
f 1517 1534 1529
f 1494 1530 1534
f 1534 1495 1494
f 1496 1535 1531
f 1535 915 1533
f 1533 915 917
f 1533 1531 1535
f 916 1535 1498
f 1498 1535 1496
f 915 1535 916
f 1494 1496 1531
f 1520 1532 1533
f 1533 918 1520
f 917 918 1533
f 926 1520 918
f 1538 1539 1541
f 1540 1538 1541
f 1541 1539 1536
f 1540 1504 1538
f 1538 1537 1539
f 1462 1516 1542
f 1506 1462 1542
f 1504 1542 1538
f 1506 1542 1504
f 1542 1537 1538
f 1542 1516 1537
f 1518 1543 1539
f 1536 1539 1543
f 1511 1543 1518
f 1537 1518 1539
f 1509 1540 1541
f 1541 1718 1509
f 1718 1541 1536
f 1509 1718 1719
f 1602 1509 1719
f 1549 1548 1545
f 1545 1548 1547
f 1545 1546 1557
f 1547 1546 1545
f 1548 1563 1547
f 1549 1550 1548
f 1552 1548 1551
f 1544 1552 1551
f 1564 1563 1548
f 1564 1548 1552
f 1548 1550 1551
f 1553 1549 1554
f 1545 1557 1554
f 1554 1549 1545
f 1463 1554 1562
f 1553 1554 1463
f 1549 1553 1550
f 1555 1556 1546
f 1547 1555 1546
f 1563 1555 1547
f 1556 1555 1352
f 1557 1560 1559
f 1365 1559 1373
f 1558 1559 1365
f 1373 1559 1560
f 1559 1558 1483
f 1371 1485 1558
f 1372 1485 1371
f 1365 1371 1558
f 1483 1558 1485
f 1557 1559 1561
f 1554 1557 1561
f 1562 1561 1487
f 1554 1561 1562
f 1559 1487 1561
f 1483 1487 1559
f 1556 1373 1560
f 1546 1560 1557
f 1546 1556 1560
f 1556 1352 1373
f 1569 1566 1567
f 1355 1566 1569
f 1567 1565 1569
f 1564 1567 1563
f 1563 1567 1566
f 1567 1568 1565
f 1564 1568 1567
f 1565 1568 1665
f 1568 1564 1552
f 1544 1568 1552
f 1565 11 1569
f 1569 11 1361
f 1569 1361 1355
f 1565 1665 11
f 1555 1566 1363
f 1355 1363 1566
f 1563 1566 1555
f 1352 1555 1363
f 1570 1573 1574
f 1574 1572 1570
f 1575 1574 1576
f 1571 1574 1575
f 1576 1680 1575
f 1576 1574 1573
f 1574 1571 1572
f 1572 1571 1550
f 1571 1575 1551
f 1551 1575 1686
f 1551 1686 1544
f 1686 1575 1680
f 1571 1551 1550
f 1570 1572 1507
f 1463 1507 1553
f 1572 1553 1507
f 1550 1553 1572
f 1573 1510 1576
f 1501 1573 1570
f 1501 1510 1573
f 1687 1680 1576
f 1510 1602 1576
f 1576 1602 1687
f 1577 1580 1579
f 1578 1580 1577
f 1580 1581 1579
f 971 1583 1584
f 1584 1582 971
f 1579 1584 1592
f 1592 1591 1579
f 1592 1584 1583
f 1579 1581 1584
f 1581 1582 1584
f 1580 1578 1585
f 1577 1586 1587
f 1578 1577 1587
f 1591 1586 1579
f 1579 1586 1577
f 1586 1464 1488
f 1488 1587 1586
f 1589 1449 1590
f 1588 1589 1590
f 1449 1589 1444
f 1450 1589 1486
f 1450 1486 1372
f 1589 1588 1482
f 1486 1589 1482
f 1444 1589 1450
f 1448 1585 1449
f 1449 1578 1590
f 1585 1578 1449
f 1448 1460 1585
f 1488 1590 1587
f 1587 1590 1578
f 1590 1488 1588
f 948 1594 1592
f 948 1593 1594
f 1490 1594 1593
f 1592 1594 1591
f 948 1592 1583
f 1583 956 948
f 956 1583 971
f 1593 953 1497
f 1593 1497 1490
f 1497 953 955
f 953 1593 948
f 1595 1594 1490
f 1490 1499 1595
f 1591 1595 1586
f 1594 1595 1591
f 1595 1464 1586
f 1595 1499 1464
f 1598 1597 1454
f 1596 1598 963
f 1598 1581 1597
f 1596 1581 1598
f 1596 969 1582
f 969 971 1582
f 963 969 1596
f 1596 1582 1581
f 1580 1599 1597
f 1599 1459 1454
f 1454 1597 1599
f 1460 1599 1585
f 1585 1599 1580
f 1459 1599 1460
f 1581 1580 1597
f 1454 1461 1600
f 1598 1454 1600
f 963 1600 972
f 1598 1600 963
f 1461 972 1600
f 3 972 1461
f 1610 1611 1612
f 1612 1611 1609
f 1606 1619 1610
f 1610 1619 1611
f 1611 1607 1609
f 1618 1610 1612
f 1618 1612 1608
f 1614 1609 1613
f 1603 1614 1613
f 1613 1609 1607
f 1608 1612 1614
f 1614 1612 1609
f 1617 1615 1618
f 1615 1610 1618
f 1606 1610 1615
f 1616 1606 1615
f 1616 1615 1617
f 1617 1604 1616
f 1621 1620 1619
f 1619 1620 1611
f 1620 1607 1611
f 1621 1622 1620
f 1605 1622 1621
f 1623 1626 1624
f 1623 1624 1606
f 1625 1626 1627
f 1624 1626 1625
f 1626 1623 1628
f 1630 1627 1629
f 1629 1627 1626
f 1630 1629 1601
f 1626 1628 1629
f 1623 1616 1631
f 1623 1606 1616
f 1631 1616 1604
f 1628 1623 1631
f 1632 1621 1624
f 1606 1624 1619
f 1624 1621 1619
f 1625 1632 1624
f 1632 1605 1621
f 1633 1636 1635
f 1635 1634 1633
f 1635 1636 1607
f 1636 1633 1637
f 1672 1636 1637
f 1603 1613 1639
f 1639 1638 1603
f 1636 1639 1607
f 1607 1639 1613
f 1639 1636 1672
f 1672 1638 1639
f 1640 1641 1637
f 1637 1633 1640
f 1640 1633 1634
f 1642 1635 1622
f 1622 1635 1620
f 1642 1634 1635
f 1635 1607 1620
f 1643 1647 1646
f 1644 1647 1643
f 1646 1681 1645
f 1643 1646 1645
f 1647 1608 1646
f 1649 1614 1603
f 1649 1603 1648
f 1646 1649 1681
f 1681 1649 1648
f 1646 1608 1649
f 1608 1614 1649
f 1650 1617 1647
f 1650 1647 1644
f 1717 1604 1617
f 1717 1617 1650
f 1617 1618 1647
f 1647 1618 1608
f 1643 1651 1652
f 1652 1644 1643
f 1645 1651 1643
f 1651 1602 1719
f 1719 1652 1651
f 1653 1655 1658
f 1653 1654 1655
f 1656 1653 1658
f 1658 1655 1657
f 1659 1660 1658
f 1660 1659 1603
f 1658 1660 1656
f 1659 1658 1657
f 1657 1655 1661
f 1661 1655 1544
f 1664 1663 1654
f 1664 1654 1653
f 1662 1664 1656
f 1656 1664 1653
f 1664 1662 1671
f 1671 1663 1664
f 1667 1654 1668
f 1668 1654 1663
f 1666 1668 1663
f 1663 1861 1666
f 1666 1665 1668
f 1665 1667 1668
f 1669 11 1666
f 1669 1666 1861
f 1666 11 1665
f 1667 1670 1655
f 1667 1655 1654
f 1544 1670 1568
f 1655 1670 1544
f 1665 1568 1670
f 1670 1667 1665
f 1678 1679 1676
f 1676 1674 1678
f 1676 1679 1675
f 1673 1676 1675
f 1675 1656 1673
f 1676 1672 1674
f 1673 1672 1676
f 1660 1603 1638
f 1656 1638 1673
f 1660 1638 1656
f 1638 1672 1673
f 1637 1677 1674
f 1678 1674 1677
f 1857 1678 1677
f 1755 1677 1641
f 1641 1677 1637
f 1857 1677 1755
f 1672 1637 1674
f 1662 1675 1679
f 1679 1860 1662
f 1656 1675 1662
f 1671 1662 1860
f 1685 1683 1680
f 1685 1680 1684
f 1681 1685 1684
f 1682 1685 1681
f 1685 1682 1683
f 1683 1682 1657
f 1603 1659 1648
f 1681 1648 1682
f 1659 1682 1648
f 1657 1682 1659
f 1683 1661 1680
f 1680 1661 1686
f 1661 1544 1686
f 1683 1657 1661
f 1651 1684 1687
f 1684 1680 1687
f 1645 1684 1651
f 1645 1681 1684
f 1687 1602 1651
f 1688 1691 1689
f 1688 1689 1699
f 1690 1691 1692
f 1689 1691 1690
f 1711 1693 1691
f 1694 1692 1693
f 1693 1692 1691
f 1695 1688 1696
f 1688 1699 1696
f 1717 1695 1604
f 1604 1695 1696
f 1695 1711 1691
f 1691 1688 1695
f 1699 1689 1702
f 1689 1698 1702
f 1697 1689 1690
f 1689 1710 1698
f 1697 1710 1689
f 1701 1703 1700
f 1702 1703 1701
f 1699 1702 1701
f 1701 1700 1628
f 1704 1629 1700
f 1601 1629 1704
f 1703 1704 1700
f 1703 2278 1704
f 1628 1700 1629
f 1699 1701 1705
f 1696 1699 1705
f 1604 1705 1631
f 1696 1705 1604
f 1701 1631 1705
f 1628 1631 1701
f 1698 1703 1702
f 2284 1703 1698
f 2278 1703 2284
f 1710 2284 1698
f 1707 1697 1708
f 2269 1697 1707
f 1706 1708 1690
f 1690 1708 1697
f 1708 1709 1527
f 1706 1709 1708
f 1527 1707 1708
f 1527 1709 1523
f 1709 1706 1692
f 1709 1694 1511
f 1511 1519 1709
f 1692 1694 1709
f 1706 1690 1692
f 1523 1709 1519
f 1527 2 1707
f 1707 2 2273
f 2273 2269 1707
f 1713 1715 1712
f 1714 1715 1713
f 1644 1714 1713
f 1713 1712 1711
f 1712 1715 1694
f 1694 1715 1543
f 1694 1543 1511
f 1543 1715 1536
f 1712 1694 1693
f 1711 1712 1693
f 1716 1650 1713
f 1713 1650 1644
f 1717 1716 1695
f 1650 1716 1717
f 1716 1711 1695
f 1716 1713 1711
f 1714 1652 1718
f 1652 1714 1644
f 1718 1536 1715
f 1714 1718 1715
f 1718 1652 1719
f 1720 1725 1723
f 1720 1723 1722
f 1721 1720 1732
f 1721 1725 1720
f 1722 1723 1724
f 1724 1740 1722
f 1725 1726 1723
f 1728 1724 1727
f 1727 1724 1723
f 1723 1726 1727
f 1721 1729 1725
f 1731 1722 1730
f 1732 1720 1731
f 1731 1720 1722
f 1730 1722 1740
f 1731 1730 1605
f 1734 1732 1735
f 1735 1625 1733
f 1735 1737 1738
f 1733 1737 1735
f 1738 1734 1735
f 1736 1733 1630
f 1736 1630 1601
f 1733 1625 1627
f 1630 1733 1627
f 1736 1737 1733
f 1738 1729 1734
f 1734 1721 1732
f 1729 1721 1734
f 2326 1729 1738
f 1732 1731 1739
f 1735 1732 1739
f 1735 1739 1625
f 1625 1739 1632
f 1739 1605 1632
f 1739 1731 1605
f 1744 1743 1745
f 1745 1743 1741
f 1745 1742 1744
f 1743 1740 1741
f 1742 1745 1888
f 1746 1741 1728
f 1746 1728 1876
f 1876 1892 1746
f 1741 1740 1724
f 1728 1741 1724
f 1892 1745 1746
f 1746 1745 1741
f 1888 1745 1892
f 1742 1747 1640
f 1742 1640 1744
f 1744 1640 1634
f 1747 1755 1641
f 1640 1747 1641
f 1742 1888 1747
f 1743 1642 1730
f 1743 1744 1642
f 1642 1744 1634
f 1740 1743 1730
f 1730 1642 1622
f 1605 1730 1622
f 1753 1754 1751
f 1751 1749 1753
f 1751 1754 1750
f 1748 1751 1750
f 1750 1903 1748
f 1751 1726 1749
f 1748 1726 1751
f 1748 1909 1728
f 1728 1909 1876
f 1728 1727 1748
f 1909 1748 1903
f 1748 1727 1726
f 1725 1752 1749
f 1753 1749 1752
f 2357 1753 1752
f 2357 1752 1729
f 1729 1752 1725
f 1729 2326 2357
f 1726 1725 1749
f 6 1750 1754
f 1910 1750 6
f 1754 2356 6
f 2356 1754 1753
f 1910 1903 1750
f 1765 1767 1764
f 1772 1766 1767
f 1761 1766 1772
f 1767 1765 1772
f 1770 1767 1762
f 1764 1767 1770
f 1762 1767 1766
f 1765 1764 1763
f 1764 1770 1768
f 1768 1770 1769
f 1768 1769 1758
f 1764 1768 1771
f 1763 1764 1771
f 1772 1765 1774
f 1772 1774 1773
f 1773 1774 1775
f 1775 1759 1773
f 1765 1763 1774
f 1774 1763 1775
f 1766 1777 1776
f 1761 1777 1766
f 1766 1776 1762
f 1760 1776 1777
f 1778 1761 1779
f 1780 1761 1778
f 1780 1778 1781
f 1781 1887 1780
f 1782 1783 1778
f 1778 1779 1782
f 1785 1781 1784
f 1784 1781 1778
f 1785 1784 1755
f 1778 1783 1784
f 1779 1773 1782
f 1782 1773 1786
f 1761 1772 1779
f 1779 1772 1773
f 1773 1759 1786
f 1777 1780 1787
f 1780 1777 1761
f 1787 1780 1887
f 1787 1760 1777
f 1789 1796 1788
f 1790 1789 1788
f 1790 1788 1791
f 1791 1762 1790
f 1792 1793 1788
f 1788 1793 1791
f 1788 1796 1792
f 1769 1791 1793
f 1793 1794 1769
f 1769 1794 1758
f 1770 1762 1791
f 1770 1791 1769
f 1797 1795 1796
f 1797 1796 1789
f 1899 1756 1795
f 1899 1795 1797
f 1795 1792 1796
f 1798 1790 1776
f 1798 1789 1790
f 1776 1790 1762
f 1902 1798 1776
f 1902 1776 1760
f 1799 1800 1802
f 1800 1799 1869
f 1802 1835 1801
f 1799 1802 1801
f 1763 1771 1802
f 1802 1800 1763
f 1768 1803 1804
f 1758 1803 1768
f 1802 1804 1835
f 1835 1804 1803
f 1802 1771 1804
f 1771 1768 1804
f 1805 1775 1800
f 1800 1869 1805
f 1759 1775 1805
f 1775 1763 1800
f 1806 1801 1807
f 1799 1801 1806
f 1869 1799 1806
f 1815 1808 1813
f 1808 1809 1810
f 1810 1813 1808
f 1811 1808 1812
f 1812 1808 1815
f 1813 1814 1815
f 1816 1812 1815
f 1803 1758 1816
f 1816 1758 1812
f 1815 1814 1816
f 1819 1813 1810
f 1819 1810 1818
f 1817 1819 1818
f 1818 2437 1817
f 1819 1837 1813
f 1817 1837 1819
f 1813 1837 1814
f 1821 1811 1820
f 1808 1811 1821
f 1821 1809 1808
f 1821 1820 1828
f 1810 1824 1822
f 1822 1823 1810
f 1826 1822 1824
f 1822 1825 1823
f 1823 1825 2456
f 1825 2016 2461
f 2461 2016 10
f 1826 1825 1822
f 2016 1825 1826
f 1825 2461 2456
f 1818 1810 1823
f 2437 1818 1823
f 1824 1821 1827
f 1809 1824 1810
f 1809 1821 1824
f 1826 1827 2017
f 1824 1827 1826
f 1827 1828 2017
f 1827 1821 1828
f 1832 1829 1833
f 1833 1830 1832
f 1831 1829 1832
f 1831 1812 1829
f 1812 1758 1794
f 1812 1794 1829
f 1793 1833 1794
f 1794 1833 1829
f 1792 1833 1793
f 1830 2006 1832
f 1756 1830 1795
f 1833 1792 1830
f 1830 1792 1795
f 1820 1831 1834
f 1834 1832 2012
f 2012 1832 2006
f 1831 1832 1834
f 1811 1831 1820
f 1811 1812 1831
f 1828 1820 1834
f 1840 1842 1839
f 1839 1837 1840
f 1839 1842 1838
f 1835 1839 1838
f 1836 1839 1835
f 1839 1836 1837
f 1837 1836 1814
f 1835 1803 1836
f 1814 1836 1803
f 1803 1816 1814
f 1837 1817 1840
f 1840 1817 2467
f 1840 2466 1842
f 2467 2466 1840
f 1817 2437 2467
f 1801 1838 1841
f 1842 2469 1841
f 1838 1842 1841
f 1801 1835 1838
f 2469 1807 1841
f 1841 1807 1801
f 1757 1807 2469
f 1843 1846 1844
f 1843 1844 1856
f 1845 1846 1847
f 1844 1846 1845
f 1849 1865 1851
f 1851 1865 1850
f 1846 1851 1847
f 1847 1851 1850
f 1846 1848 1851
f 1848 1849 1851
f 1852 1843 1853
f 1856 1853 1843
f 1759 1852 1786
f 1786 1852 1853
f 1846 1843 1852
f 1846 1852 1848
f 1844 1845 1855
f 1855 1854 1844
f 1856 1844 1854
f 1856 1858 1859
f 1859 1858 1857
f 1755 1784 1857
f 1678 1857 1858
f 1783 1859 1857
f 1857 1784 1783
f 1786 1853 1856
f 1859 1782 1786
f 1786 1856 1859
f 1783 1782 1859
f 1856 1854 1860
f 1858 1860 1679
f 1679 1678 1858
f 1856 1860 1858
f 1860 1854 1855
f 1671 1860 1855
f 1864 1862 1861
f 1864 1861 1863
f 1847 1864 1863
f 1850 1864 1847
f 1850 1866 1864
f 1866 1862 1864
f 1862 1867 1669
f 1669 1861 1862
f 1867 11 1669
f 1862 1866 1867
f 1845 1863 1868
f 1868 1861 1663
f 1863 1861 1868
f 1845 1847 1863
f 1671 1855 1868
f 1868 1855 1845
f 1868 1663 1671
f 1869 1872 1873
f 1873 1871 1869
f 1870 1873 1874
f 1874 1873 1872
f 1873 1870 1871
f 1871 1870 1848
f 1870 1874 1849
f 1849 1874 2434
f 1849 2434 1865
f 1870 1849 1848
f 1869 1871 1805
f 1759 1805 1852
f 1871 1852 1805
f 1848 1852 1871
f 1872 1806 1875
f 1806 1872 1869
f 1872 1875 1874
f 1807 1757 1875
f 1875 1806 1807
f 1879 1878 1877
f 1877 1880 1879
f 1881 1882 1879
f 1881 1898 1882
f 1882 1893 1879
f 1879 1880 1881
f 1883 1877 1884
f 1884 1877 1878
f 1876 1883 1884
f 1880 1877 1883
f 1879 1885 1886
f 1886 1878 1879
f 1893 1885 1879
f 1885 1902 1760
f 1760 1886 1885
f 1889 1890 1887
f 1889 1888 1890
f 1891 1889 1785
f 1891 1785 1747
f 1747 1785 1755
f 1889 1887 1781
f 1785 1889 1781
f 1891 1888 1889
f 1891 1747 1888
f 1890 1892 1884
f 1890 1884 1878
f 1884 1892 1876
f 1892 1890 1888
f 1787 1890 1886
f 1886 1890 1878
f 1890 1787 1887
f 1787 1886 1760
f 1897 1896 1894
f 1897 1895 1896
f 1789 1896 1895
f 1894 1896 1893
f 1894 1898 2030
f 1882 1898 1894
f 1894 1893 1882
f 2034 1897 1894
f 1894 2030 2034
f 1895 1900 1797
f 1895 1797 1789
f 1797 1900 1899
f 1900 1895 1897
f 2034 1900 1897
f 1901 1896 1798
f 1798 1896 1789
f 1893 1901 1885
f 1896 1901 1893
f 1901 1902 1885
f 1901 1798 1902
f 1906 1905 1903
f 1908 1906 1911
f 1904 1906 1908
f 1911 2048 1908
f 1906 1904 1880
f 1880 1905 1906
f 1907 1881 1904
f 1898 1881 1907
f 1908 1907 1904
f 1908 2048 1907
f 1904 1881 1880
f 1883 1909 1905
f 1909 1903 1905
f 1883 1876 1909
f 1905 1880 1883
f 1912 1911 1910
f 1910 1911 1906
f 1910 1906 1903
f 2048 1911 1912
f 1912 1910 6
f 1922 1923 1920
f 1920 1923 1919
f 1921 1923 1922
f 1916 1921 1922
f 1919 1918 1920
f 1919 1926 1924
f 1926 1913 1924
f 1925 1926 1923
f 1923 1926 1919
f 1923 1917 1925
f 1919 1924 1918
f 1929 1928 1927
f 1927 1920 1929
f 1922 1927 1916
f 1922 1920 1927
f 1918 1929 1920
f 1931 1930 1921
f 1916 1931 1921
f 1923 1930 1917
f 1921 1930 1923
f 1931 1915 1930
f 1935 1934 1932
f 1932 1916 1933
f 1934 1916 1932
f 1935 2033 1934
f 1936 1937 1932
f 1932 1937 1935
f 1932 1933 1936
f 1939 1935 1938
f 1756 1939 1938
f 2035 2033 1935
f 2035 1935 1939
f 1935 1937 1938
f 1933 1940 1936
f 1927 1940 1933
f 1916 1927 1933
f 1914 1940 1928
f 1928 1940 1927
f 1942 1931 1916
f 1942 1916 1934
f 2033 1942 1934
f 1941 1942 2033
f 1942 1915 1931
f 1941 1915 1942
f 1943 1944 1945
f 1944 1943 2040
f 1917 1945 1925
f 1943 1945 1917
f 1945 1944 1946
f 1981 1945 1946
f 1948 1947 1913
f 1948 1913 1926
f 1945 1948 1925
f 1925 1948 1926
f 1948 1945 1981
f 1981 1947 1948
f 1944 1949 1946
f 1946 1949 1988
f 2040 1943 1951
f 1951 1950 2040
f 1930 1951 1917
f 1917 1951 1943
f 1930 1915 1951
f 1915 1950 1951
f 1952 1953 1954
f 1954 1957 1952
f 1955 1952 1956
f 1956 1952 1958
f 1953 1952 1955
f 1957 1958 1952
f 1918 1958 1957
f 1959 1956 1958
f 1958 1924 1959
f 1913 1959 1924
f 1918 1924 1958
f 1954 1960 1957
f 1957 1960 1929
f 1929 1960 1928
f 1960 1914 1928
f 1957 1929 1918
f 1953 1961 1962
f 1954 1953 2020
f 1953 1962 2020
f 1955 1961 1953
f 1961 187 1962
f 1963 1964 1965
f 1966 1963 1967
f 1968 1969 1963
f 1963 1965 1968
f 1969 1967 1963
f 1969 1970 1967
f 1970 1913 1967
f 278 1972 1965
f 1964 1976 1965
f 1965 1976 278
f 1971 1972 278
f 1971 1968 1972
f 1968 1965 1972
f 1974 1964 1963
f 1973 1974 1966
f 1966 1974 1963
f 1974 1973 2143
f 1976 1964 1975
f 1975 1964 1977
f 1979 1975 1977
f 298 1976 1975
f 1975 1978 304
f 1978 1 306
f 306 304 1978
f 1979 1978 1975
f 298 1975 304
f 298 278 1976
f 303 278 298
f 1974 1980 1977
f 1964 1974 1977
f 1977 1980 1979
f 1974 2143 1980
f 1985 1983 1987
f 1985 1987 1984
f 1982 1985 1984
f 1984 1966 1982
f 1985 1981 1983
f 1982 1981 1985
f 1967 1913 1947
f 1967 1947 1982
f 1982 1966 1967
f 1947 1981 1982
f 1946 1986 1983
f 1987 1983 1986
f 1988 1986 1946
f 1981 1946 1983
f 1973 1984 1987
f 1987 2163 1973
f 1966 1984 1973
f 2143 1973 2163
f 1991 1992 1989
f 1989 1990 1991
f 316 1992 1991
f 314 308 1991
f 1991 1990 314
f 1991 308 316
f 1990 1989 1968
f 1970 1989 1959
f 1970 1959 1913
f 1956 1989 1992
f 1992 1955 1956
f 1959 1989 1956
f 1989 1970 1969
f 1968 1989 1969
f 1990 1971 314
f 314 1971 313
f 1971 278 313
f 1990 1968 1971
f 1992 316 1955
f 1955 316 1961
f 316 187 1961
f 1997 1994 1993
f 1993 2001 1997
f 1995 1994 1997
f 1997 2001 1996
f 1998 236 1999
f 1999 236 258
f 1997 1999 1995
f 1995 1999 258
f 1999 1997 2018
f 2018 1998 1999
f 2018 1997 1996
f 1993 2005 2001
f 2000 2001 1914
f 2000 1996 2001
f 2009 1993 2004
f 2005 1993 2009
f 2004 2003 2009
f 2004 1993 1994
f 2014 2004 1994
f 2002 2004 2014
f 1994 1995 2014
f 2004 2002 2003
f 2003 2002 1828
f 2005 2009 2008
f 2006 2008 2012
f 2007 2008 2006
f 2012 2008 2009
f 2008 2007 1937
f 2010 1938 2007
f 1756 1938 2010
f 1830 1756 2010
f 2006 2010 2007
f 1830 2010 2006
f 2007 1938 1937
f 2005 2008 2011
f 2001 2005 2011
f 1914 2011 1940
f 2001 2011 1914
f 2008 1936 2011
f 2011 1936 1940
f 1937 1936 2008
f 2003 2012 2009
f 1834 2012 2003
f 1828 1834 2003
f 2013 2017 2015
f 1826 2017 2013
f 2015 2017 2014
f 1995 2015 2014
f 258 2015 1995
f 258 251 2015
f 251 2013 2015
f 256 2016 2013
f 2016 1826 2013
f 10 2016 256
f 2013 251 256
f 2002 2014 2017
f 2002 2017 1828
f 2019 2021 2018
f 2020 2021 2019
f 1954 2020 2019
f 274 2021 269
f 2018 2021 274
f 269 2021 2020
f 2018 274 1998
f 1998 274 273
f 1998 273 236
f 2019 2000 1960
f 1960 1954 2019
f 2000 1914 1960
f 2018 1996 2019
f 2019 1996 2000
f 276 269 2020
f 2020 1962 276
f 187 276 1962
f 2027 2024 2022
f 2024 2023 2022
f 2025 2024 2027
f 2026 2027 2022
f 2028 2025 2027
f 2054 2028 2027
f 2029 2022 2023
f 2029 2023 2030
f 2030 1898 2029
f 2026 2022 2029
f 2024 2031 2032
f 2032 2023 2024
f 2024 2025 2031
f 2031 1915 2032
f 2036 2037 2038
f 2023 2037 2036
f 2035 2038 2033
f 2033 2038 2037
f 2038 2039 2034
f 2035 2039 2038
f 2034 2036 2038
f 2039 2035 1939
f 1939 1900 2039
f 1899 1939 1756
f 1899 1900 1939
f 2034 2039 1900
f 2030 2023 2036
f 2030 2036 2034
f 1941 2037 2023
f 2023 2032 1941
f 2037 1941 2033
f 1941 2032 1915
f 2042 2040 2044
f 2044 2040 2043
f 2041 2044 2043
f 2043 2025 2041
f 2044 2045 2047
f 2041 2045 2044
f 2047 2042 2044
f 2045 2041 2028
f 2028 2194 2045
f 2194 2028 2054
f 2028 2041 2025
f 2042 2046 1949
f 2042 1944 2040
f 1949 1944 2042
f 2046 1988 1949
f 2046 2042 2047
f 2043 2040 1950
f 2043 1950 2031
f 2031 2025 2043
f 1950 1915 2031
f 2052 2050 2048
f 2052 2048 2051
f 2049 2052 2055
f 2055 2052 2051
f 2052 2049 2026
f 2026 2050 2052
f 2053 2027 2049
f 2054 2027 2053
f 2204 2054 2053
f 2204 2053 2055
f 2055 2053 2049
f 2026 2049 2027
f 2050 2029 1907
f 2048 2050 1907
f 1907 2029 1898
f 2050 2026 2029
f 2051 1912 2056
f 2048 1912 2051
f 2055 2051 2056
f 6 2056 1912
f 2063 2064 2066
f 2065 2063 2066
f 2060 2066 2070
f 2066 2064 2070
f 2065 2061 2063
f 2063 2069 2064
f 2064 2069 2062
f 2069 2068 2067
f 2063 2068 2069
f 2068 2057 2067
f 2061 2068 2063
f 2064 2072 2070
f 2070 2072 2071
f 2072 2058 2071
f 2064 2062 2072
f 2076 2065 2073
f 2073 2066 2060
f 2060 2075 2073
f 2065 2066 2073
f 2074 2065 2076
f 2074 2061 2065
f 2075 2076 2073
f 2059 2076 2075
f 2082 2080 2077
f 2077 2080 2079
f 2077 2060 2078
f 2079 2060 2077
f 2080 2188 2079
f 2077 2081 2082
f 2077 2078 2081
f 2083 2084 2082
f 2082 2084 2080
f 2084 2188 2080
f 2082 2081 2157
f 2157 2083 2082
f 2078 2071 2085
f 2060 2070 2078
f 2078 2070 2071
f 2085 2071 2162
f 2071 2058 2162
f 2081 2078 2085
f 2075 2079 2086
f 2079 2075 2060
f 2086 2079 2188
f 2075 2086 2059
f 2087 2088 2089
f 2089 2088 2195
f 2074 2087 2061
f 2088 2087 2074
f 2127 2087 2090
f 2092 2091 2057
f 2092 2057 2068
f 2087 2092 2061
f 2061 2092 2068
f 2092 2087 2127
f 2127 2091 2092
f 2089 2093 2090
f 2090 2087 2089
f 2090 2093 2134
f 2088 2074 2076
f 2076 2094 2088
f 2088 2094 2195
f 2059 2094 2076
f 2095 2098 2096
f 2095 2096 2170
f 2097 2098 2099
f 2099 2098 2100
f 2096 2098 2097
f 2062 2100 2098
f 2098 2095 2062
f 2100 2067 2101
f 2067 2057 2101
f 2100 2101 2099
f 2069 2067 2100
f 2069 2100 2062
f 2095 2170 2103
f 2103 2170 2102
f 2072 2103 2058
f 2058 2103 2102
f 2072 2062 2103
f 2062 2095 2103
f 2096 2097 2104
f 2104 2105 2096
f 2170 2096 2173
f 2096 2105 2173
f 2105 2104 2932
f 2110 2108 2106
f 2106 2109 2110
f 2106 2108 2107
f 2135 2110 2109
f 2111 2112 2110
f 2111 2057 2112
f 2110 2112 2108
f 2112 2107 2108
f 2111 2110 2135
f 2114 2115 2113
f 2113 2109 2114
f 2106 2120 2114
f 2118 2120 2106
f 2114 2109 2106
f 2109 2113 2135
f 2116 2117 2106
f 2106 2117 2118
f 2107 2116 2106
f 2126 2117 2116
f 2120 2118 2121
f 2121 2118 2117
f 2119 2121 2117
f 2117 2311 2119
f 2121 2123 2125
f 2119 2123 2121
f 2125 2120 2121
f 2123 2119 2122
f 2122 3033 2123
f 3033 2122 7
f 2122 2119 2311
f 2123 3033 3034
f 2125 2123 3034
f 2120 2124 2114
f 2115 2124 3012
f 2114 2124 2115
f 2124 2120 2125
f 2131 2129 2133
f 2131 2133 2130
f 2128 2131 2130
f 2130 2107 2128
f 2131 2127 2129
f 2128 2127 2131
f 2112 2057 2091
f 2112 2091 2128
f 2128 2107 2112
f 2091 2127 2128
f 2090 2132 2129
f 2132 2308 2133
f 2133 2129 2132
f 2134 2132 2090
f 2308 2132 2134
f 2127 2090 2129
f 2116 2130 2133
f 2133 2309 2116
f 2107 2130 2116
f 2126 2116 2309
f 2136 2137 2139
f 2138 2136 2139
f 2138 2099 2136
f 2136 2135 2137
f 2057 2111 2140
f 2101 2057 2140
f 2099 2140 2136
f 2101 2140 2099
f 2140 2135 2136
f 2140 2111 2135
f 2113 2141 2137
f 2141 3040 2139
f 2139 3040 3035
f 2139 2137 2141
f 2115 2141 2113
f 2115 3012 2141
f 2135 2113 2137
f 2104 2138 2142
f 2142 2139 3035
f 3035 3042 2142
f 2138 2139 2142
f 2097 2138 2104
f 2097 2099 2138
f 2932 2104 2142
f 2142 3042 2932
f 2148 2146 2144
f 2149 2146 2148
f 2144 2145 2156
f 2146 2145 2144
f 2147 2146 2149
f 2171 2149 2148
f 2149 2150 2151
f 2151 2150 2175
f 2149 2151 2147
f 2150 2149 2171
f 2152 2148 2153
f 2144 2156 2153
f 2153 2148 2144
f 2058 2153 2162
f 2152 2153 2058
f 2148 2152 2171
f 2154 2155 2145
f 2146 2154 2145
f 2154 2143 2155
f 2158 2159 2157
f 2156 2159 2158
f 2157 2159 2160
f 2159 1987 2160
f 2158 2157 2081
f 2157 2160 2083
f 2083 2160 1986
f 1986 1988 2083
f 2160 1987 1986
f 2156 2158 2161
f 2153 2156 2161
f 2162 2161 2085
f 2153 2161 2162
f 2158 2085 2161
f 2081 2085 2158
f 2163 2159 2155
f 2145 2159 2156
f 2145 2155 2159
f 1987 2159 2163
f 2143 2163 2155
f 2165 1980 2167
f 1979 1980 2165
f 2167 1980 2166
f 2147 2167 2166
f 2164 2167 2147
f 2167 2164 2169
f 2169 2165 2167
f 2169 2164 2995
f 2168 2164 2151
f 2168 2151 2175
f 2151 2164 2147
f 2164 2168 2995
f 2169 1 2165
f 2165 1 1978
f 1978 1979 2165
f 2154 2166 1980
f 2146 2166 2154
f 2146 2147 2166
f 1980 2143 2154
f 2170 2173 2174
f 2174 2172 2170
f 2150 2174 2176
f 2176 2174 2173
f 2174 2150 2172
f 2172 2150 2171
f 3010 2175 2150
f 3010 2150 2176
f 2170 2172 2102
f 2058 2102 2152
f 2172 2152 2102
f 2171 2152 2172
f 2105 2176 2173
f 3011 2176 2105
f 2932 3011 2105
f 2177 2180 2181
f 2178 2180 2177
f 2179 2177 2181
f 2202 2181 2180
f 2181 2182 2183
f 2327 2183 2182
f 2181 2183 2179
f 2203 2182 2181
f 2203 2181 2202
f 2180 2185 2184
f 2185 2180 2178
f 2185 2054 2184
f 2184 2202 2180
f 2177 2186 2187
f 2187 2178 2177
f 2177 2179 2186
f 2187 2059 2086
f 2186 2059 2187
f 2192 2191 2189
f 2192 2190 2191
f 2178 2191 2190
f 2189 2191 2188
f 2193 2189 2084
f 2193 2083 2046
f 2046 2083 1988
f 2084 2083 2193
f 2189 2188 2084
f 2047 2192 2193
f 2193 2192 2189
f 2193 2046 2047
f 2190 2194 2185
f 2185 2178 2190
f 2194 2054 2185
f 2192 2045 2194
f 2194 2190 2192
f 2047 2045 2192
f 2086 2191 2178
f 2178 2187 2086
f 2191 2086 2188
f 2197 2195 2199
f 2199 2195 2198
f 2196 2199 2198
f 2198 2179 2196
f 2199 2200 2201
f 2196 2200 2199
f 2201 2197 2199
f 2201 2200 2338
f 2200 2196 2183
f 2183 2345 2200
f 2345 2183 2327
f 2183 2196 2179
f 2200 2345 2338
f 2197 2201 2093
f 2197 2089 2195
f 2093 2089 2197
f 2093 2201 2344
f 2344 2201 2343
f 2344 2134 2093
f 2338 2343 2201
f 2198 2195 2094
f 2198 2094 2186
f 2186 2179 2198
f 2094 2059 2186
f 2204 2208 2206
f 2055 2208 2204
f 2206 2208 2205
f 2207 2206 2205
f 2203 2206 2207
f 2205 2352 2207
f 2206 2203 2202
f 2202 2204 2206
f 2203 2207 2182
f 2207 2327 2182
f 2204 2184 2054
f 2204 2202 2184
f 2209 2205 2208
f 2208 2056 2209
f 2055 2056 2208
f 2352 2205 2209
f 6 2209 2056
f 2218 2216 2217
f 2213 2225 2217
f 2217 2225 2218
f 2218 2214 2216
f 2216 2215 2217
f 2221 2220 2219
f 2216 2220 2221
f 2216 2214 2220
f 2221 2215 2216
f 2224 2223 2222
f 2222 2217 2224
f 2222 2213 2217
f 2224 2217 2215
f 2228 2218 2225
f 2225 2227 2228
f 2226 2225 2213
f 2226 2227 2225
f 2214 2218 2228
f 2212 2228 2227
f 2229 2226 2213
f 2230 2226 2229
f 2230 2229 2231
f 2231 2337 2230
f 2303 2232 2229
f 2233 2231 2232
f 2232 2231 2229
f 2134 2344 2233
f 2233 2344 2231
f 2235 2229 2213
f 2235 2213 2222
f 2211 2235 2223
f 2234 2235 2211
f 2223 2235 2222
f 2235 2303 2229
f 2234 2303 2235
f 2226 2230 2227
f 2227 2230 2236
f 2236 2230 2337
f 2236 2212 2227
f 2237 2240 2238
f 2214 2238 2239
f 2237 2238 2214
f 2240 2241 2238
f 2238 2241 2239
f 2242 2239 2241
f 2220 2239 2242
f 2210 2219 2242
f 2242 2219 2220
f 2220 2214 2239
f 2244 2243 2240
f 2346 2244 2237
f 2244 2240 2237
f 2243 2281 2240
f 2240 2281 2241
f 2346 2237 2246
f 2246 2245 2346
f 2228 2246 2214
f 2214 2246 2237
f 2246 2228 2245
f 2245 2228 2212
f 2247 2248 2249
f 2249 2252 2247
f 2250 2247 2251
f 2251 2247 2253
f 2252 2253 2247
f 2215 2253 2252
f 2254 2251 2253
f 2253 2221 2254
f 2210 2254 2219
f 2254 2221 2219
f 2221 2253 2215
f 2249 2255 2252
f 2252 2255 2224
f 2224 2255 2223
f 2255 2211 2223
f 2252 2224 2215
f 2257 2250 2256
f 2247 2250 2257
f 2257 2248 2247
f 2325 2257 2256
f 2261 2260 2258
f 2258 2260 2259
f 2260 2279 2259
f 2262 2263 2260
f 2254 2210 2262
f 2262 2210 2263
f 2260 2263 2279
f 2262 2261 2285
f 2260 2261 2262
f 2265 2264 2261
f 2265 2261 2258
f 2267 2259 2268
f 2268 2259 2266
f 2267 2258 2259
f 2259 2279 2266
f 2272 2270 2271
f 2258 2272 2271
f 2269 2270 2272
f 2276 2271 2270
f 2270 2273 2274
f 2273 2 2736
f 2736 2274 2273
f 2269 2273 2270
f 2276 2270 2274
f 2271 2275 2265
f 2271 2265 2258
f 2264 2275 2735
f 2265 2275 2264
f 2275 2276 2735
f 2275 2271 2276
f 2272 2267 2277
f 2267 2272 2258
f 2269 2277 1697
f 2272 2277 2269
f 2268 1710 2277
f 2277 1710 1697
f 2277 2267 2268
f 2280 2281 2282
f 2266 2280 2282
f 2282 2278 2266
f 2279 2280 2266
f 2281 2280 2241
f 2210 2242 2283
f 2263 2210 2283
f 2279 2283 2280
f 2263 2283 2279
f 2241 2280 2283
f 2283 2242 2241
f 2281 2243 2282
f 2282 2243 1704
f 2282 1704 2278
f 1704 2243 1601
f 2266 2278 2284
f 2284 2268 2266
f 1710 2268 2284
f 2288 2286 2287
f 2290 2288 2287
f 2739 2288 2290
f 2286 2285 2287
f 2254 2262 2289
f 2251 2289 2286
f 2254 2289 2251
f 2289 2285 2286
f 2289 2262 2285
f 2287 2264 2290
f 2287 2261 2264
f 2285 2261 2287
f 2256 2288 2291
f 2739 2291 2288
f 2286 2288 2250
f 2250 2288 2256
f 2250 2251 2286
f 2325 2256 2291
f 2292 2295 2294
f 2294 2293 2292
f 2295 2312 2294
f 2296 2297 2295
f 2295 2292 2296
f 2297 2299 2295
f 2297 2298 2299
f 2680 2299 2298
f 2295 2299 2312
f 2300 2292 2301
f 2293 2301 2292
f 2211 2300 2301
f 2296 2292 2300
f 2294 2302 2293
f 2305 2306 2307
f 2293 2306 2305
f 2308 2307 2310
f 2304 2307 2308
f 2310 2133 2308
f 2310 2307 2306
f 2307 2304 2303
f 2303 2305 2307
f 2308 2232 2304
f 2308 2134 2233
f 2233 2232 2308
f 2303 2304 2232
f 2234 2301 2305
f 2305 2301 2293
f 2301 2234 2211
f 2234 2305 2303
f 2302 2310 2306
f 2309 2310 2302
f 2293 2302 2306
f 2133 2310 2309
f 2126 2309 2302
f 2314 2311 2315
f 2312 2314 2315
f 2313 2314 2312
f 2314 2313 2317
f 2317 2313 2692
f 2316 2313 2299
f 2316 2299 2680
f 2299 2313 2312
f 2313 2316 2692
f 2696 2122 2317
f 2122 2314 2317
f 2311 2314 2122
f 2696 7 2122
f 2317 2697 2696
f 2692 2697 2317
f 2294 2315 2318
f 2318 2311 2117
f 2315 2311 2318
f 2294 2312 2315
f 2126 2302 2318
f 2318 2302 2294
f 2318 2117 2126
f 2322 2321 2320
f 2320 2321 2319
f 2319 2321 2323
f 2321 2707 2323
f 2320 2319 2297
f 2319 2323 2298
f 2323 2680 2298
f 2319 2298 2297
f 2320 2300 2255
f 2320 2249 2322
f 2322 2249 2248
f 2255 2249 2320
f 2300 2211 2255
f 2320 2296 2300
f 2297 2296 2320
f 2321 2257 2324
f 2321 2322 2248
f 2248 2257 2321
f 2321 2324 2707
f 2324 2257 2325
f 2328 2331 2332
f 2329 2331 2328
f 2330 2328 2332
f 2353 2332 2331
f 2333 2330 2332
f 2333 2326 2330
f 2333 2332 2353
f 2334 2331 2329
f 2327 2331 2334
f 2328 2335 2336
f 2329 2328 2336
f 2328 2330 2335
f 2336 2245 2212
f 2335 2245 2336
f 2340 2341 2342
f 2329 2341 2340
f 2339 2342 2337
f 2337 2342 2341
f 2339 2338 2342
f 2338 2340 2342
f 2343 2339 2231
f 2231 2344 2343
f 2339 2337 2231
f 2343 2338 2339
f 2338 2334 2340
f 2345 2334 2338
f 2334 2329 2340
f 2345 2327 2334
f 2236 2341 2336
f 2336 2341 2329
f 2341 2236 2337
f 2236 2336 2212
f 2348 2346 2347
f 2350 2348 2347
f 2349 2347 2330
f 2326 1738 2349
f 2330 2326 2349
f 1738 2350 2349
f 2349 2350 2347
f 1737 2350 1738
f 2348 2351 2244
f 2348 2244 2346
f 2243 2351 1736
f 1736 1601 2243
f 2244 2351 2243
f 2350 1737 2351
f 2351 1737 1736
f 2351 2348 2350
f 2347 2346 2245
f 2347 2245 2335
f 2335 2330 2347
f 2355 2356 2354
f 2355 2352 2356
f 2356 1753 2354
f 2354 2353 2355
f 2357 2333 2354
f 2333 2357 2326
f 2357 2354 1753
f 2354 2333 2353
f 2331 2358 2355
f 2358 2207 2352
f 2352 2355 2358
f 2327 2358 2331
f 2207 2358 2327
f 2353 2331 2355
f 2352 2209 2356
f 2209 6 2356
f 2369 2368 2365
f 2369 2366 2368
f 2366 2367 2368
f 2362 2367 2366
f 2365 2368 2376
f 2376 2363 2365
f 2376 2368 2367
f 2374 2366 2369
f 2374 2369 2364
f 2371 2365 2370
f 2359 2371 2370
f 2370 2365 2363
f 2364 2369 2371
f 2371 2369 2365
f 2374 2373 2366
f 2366 2373 2372
f 2372 2362 2366
f 2373 2360 2372
f 2378 2376 2367
f 2367 2377 2378
f 2375 2367 2362
f 2375 2377 2367
f 2361 2378 2377
f 2379 2375 2362
f 2362 2382 2379
f 2380 2375 2379
f 2380 2379 2381
f 2381 2481 2380
f 2382 2383 2379
f 2379 2383 2381
f 2449 2383 2382
f 2384 2381 2383
f 2385 2381 2384
f 349 2385 2384
f 2482 2481 2381
f 2482 2381 2385
f 2382 2372 2386
f 2382 2362 2372
f 2386 2372 2360
f 2386 2449 2382
f 2375 2380 2377
f 2377 2380 2387
f 2387 2380 2481
f 2387 2361 2377
f 2388 2392 2391
f 2388 2391 2390
f 2390 2389 2388
f 2390 2391 2363
f 2423 2391 2392
f 2359 2370 2394
f 2394 2393 2359
f 2391 2394 2363
f 2363 2394 2370
f 2394 2391 2423
f 2423 2393 2394
f 2396 2395 2392
f 2389 2396 2388
f 2396 2392 2388
f 1291 2395 2396
f 2395 2425 2392
f 2392 2425 2423
f 2389 2390 2397
f 2397 2390 2378
f 2378 2390 2376
f 2390 2363 2376
f 2397 2378 2361
f 2398 2402 2401
f 2399 2402 2398
f 2401 2429 2400
f 2398 2401 2400
f 2402 2364 2401
f 2404 2371 2359
f 2404 2359 2403
f 2401 2404 2429
f 2429 2404 2403
f 2401 2364 2404
f 2364 2371 2404
f 2399 2405 2402
f 2402 2405 2373
f 2405 2360 2373
f 2373 2374 2402
f 2402 2374 2364
f 2398 2400 2406
f 2400 1757 2406
f 2407 2409 2412
f 2407 2408 2409
f 2412 2409 2411
f 2412 2413 2414
f 2414 2413 2359
f 2412 2414 2407
f 2414 2410 2407
f 2413 2412 2411
f 2415 2411 2409
f 2407 2410 2416
f 2416 2408 2407
f 2410 1341 2416
f 2418 2408 2420
f 2420 2408 2419
f 2417 2420 1356
f 1356 2420 2419
f 2420 2421 2422
f 2417 2421 2420
f 2422 2418 2420
f 2422 2421 1866
f 2421 2417 1360
f 1360 1867 2421
f 1867 1360 11
f 2417 1356 1360
f 2421 1867 1866
f 2418 2422 2409
f 2418 2409 2408
f 2415 2422 1865
f 1865 2422 1850
f 2409 2422 2415
f 1866 1850 2422
f 2408 2416 2419
f 1356 2419 1362
f 2416 1362 2419
f 1341 1362 2416
f 2427 2425 1375
f 2427 1375 2426
f 2424 2427 2426
f 2426 2410 2424
f 2427 2423 2425
f 2424 2423 2427
f 2414 2359 2393
f 2414 2393 2424
f 2424 2410 2414
f 2393 2423 2424
f 2425 1382 1375
f 2395 1382 2425
f 2395 1291 1382
f 2410 2426 2428
f 2428 1375 1381
f 2426 1375 2428
f 2428 1341 2410
f 2428 1381 1341
f 2435 2436 2433
f 1874 2436 2435
f 2433 2431 2435
f 2433 2436 2432
f 2429 2433 2432
f 2430 2433 2429
f 2433 2430 2431
f 2431 2430 2411
f 2359 2413 2403
f 2429 2403 2430
f 2413 2430 2403
f 2411 2430 2413
f 2431 2415 2435
f 2435 2415 2434
f 2434 1874 2435
f 2415 1865 2434
f 2431 2411 2415
f 2400 2432 2436
f 1875 2436 1874
f 2400 2429 2432
f 2436 1757 2400
f 2436 1875 1757
f 2440 2439 2438
f 2440 2438 2441
f 2441 2438 2443
f 2442 2443 2438
f 2443 2444 2445
f 2444 2437 2445
f 2443 2445 2441
f 2463 2444 2443
f 2463 2443 2442
f 2446 2438 2447
f 2439 2447 2438
f 2405 2446 2360
f 2360 2446 2447
f 2442 2438 2446
f 2440 2448 2439
f 2451 2452 2453
f 2439 2452 2451
f 2454 2453 2455
f 2450 2453 2454
f 2455 460 2454
f 2455 2453 2452
f 2453 2450 2449
f 2449 2451 2453
f 2454 2384 2450
f 2454 349 2384
f 466 349 2454
f 2454 460 466
f 2450 2384 2383
f 2449 2450 2383
f 2386 2447 2451
f 2451 2447 2439
f 2447 2386 2360
f 2386 2451 2449
f 2448 2455 2452
f 464 2455 2448
f 2439 2448 2452
f 460 2455 464
f 437 464 2448
f 2458 2462 2460
f 456 2462 2458
f 2460 2462 2459
f 2441 2460 2459
f 2457 2460 2441
f 2457 2456 2460
f 2456 2458 2460
f 2437 1823 2457
f 2445 2437 2457
f 2445 2457 2441
f 1823 2456 2457
f 2458 2461 459
f 459 456 2458
f 2461 10 459
f 2458 2456 2461
f 2440 2459 2462
f 444 2462 456
f 2440 2441 2459
f 437 2448 2462
f 2462 2448 2440
f 2462 444 437
f 2464 2466 2463
f 2465 2466 2464
f 2399 2465 2464
f 2463 2466 2444
f 2444 2466 2467
f 2444 2467 2437
f 2468 2399 2464
f 2405 2399 2468
f 2405 2468 2446
f 2463 2442 2468
f 2468 2442 2446
f 2468 2464 2463
f 2465 2406 2469
f 2398 2465 2399
f 2398 2406 2465
f 2466 2469 1842
f 2465 2469 2466
f 1757 2469 2406
f 2470 2478 2472
f 2471 2478 2470
f 2473 2486 2472
f 2474 2475 2472
f 2472 2478 2474
f 2476 2473 2475
f 2475 2473 2472
f 2478 2471 434
f 2477 2478 434
f 434 398 2477
f 2477 2474 2478
f 2470 2479 2480
f 2471 2470 2480
f 2486 2479 2472
f 2472 2479 2470
f 2479 2397 2361
f 2361 2480 2479
f 2483 2484 2485
f 2471 2484 2483
f 2482 2485 2481
f 2481 2485 2484
f 2485 429 435
f 2482 429 2485
f 435 2483 2485
f 429 2482 2385
f 2385 436 429
f 349 436 2385
f 434 2471 2483
f 434 2483 435
f 2387 2484 2480
f 2480 2484 2471
f 2484 2387 2481
f 2387 2480 2361
f 1413 2489 2487
f 1413 2488 2489
f 2389 2489 2488
f 2487 2489 2486
f 1413 2487 2476
f 2476 1419 1413
f 1419 2476 1384
f 2487 2486 2473
f 2476 2487 2473
f 2488 1420 2396
f 2488 2396 2389
f 2396 1420 1291
f 1420 2488 1413
f 2490 2489 2389
f 2389 2397 2490
f 2486 2490 2479
f 2489 2490 2486
f 2490 2397 2479
f 2494 2492 411
f 2494 411 2493
f 2491 2494 1405
f 1405 2494 2493
f 2494 2491 2474
f 2474 2492 2494
f 2495 2475 2491
f 2495 1384 2476
f 2476 2475 2495
f 1406 1384 2495
f 1406 2495 1405
f 1405 2495 2491
f 2474 2491 2475
f 2492 2477 419
f 411 2492 419
f 419 2477 398
f 2492 2474 2477
f 5 2493 416
f 411 416 2493
f 1405 2493 5
f 2503 2504 2502
f 2499 2511 2503
f 2503 2511 2504
f 2502 2504 2507
f 2504 2500 2507
f 2503 2502 2501
f 2502 2507 2505
f 2505 2506 2502
f 2506 2505 2496
f 2502 2506 2508
f 2501 2502 2508
f 2503 2510 2509
f 2509 2499 2503
f 2510 2497 2509
f 2503 2501 2510
f 2513 2512 2511
f 2511 2512 2504
f 2504 2512 2500
f 2513 2498 2512
f 2519 2517 2514
f 2514 2517 2515
f 2514 2515 2499
f 2499 2518 2514
f 2515 2517 2516
f 2518 2519 2514
f 2587 2519 2518
f 2520 2521 2519
f 2520 973 2521
f 2519 2521 2517
f 2521 2516 2517
f 2588 2520 2519
f 2588 2519 2587
f 2518 2509 2522
f 2518 2499 2509
f 2522 2509 2497
f 2522 2587 2518
f 2515 2516 2523
f 2523 2513 2515
f 2499 2515 2511
f 2515 2513 2511
f 2513 2523 2498
f 2527 2526 2524
f 2524 2526 2525
f 2524 2525 2621
f 2525 2526 2500
f 2527 2528 2526
f 2529 2526 2528
f 2505 2526 2529
f 2496 2505 2529
f 2507 2500 2526
f 2507 2526 2505
f 2524 2623 2532
f 2621 2623 2524
f 2532 2623 2531
f 2530 2532 2531
f 2531 659 2530
f 2532 2567 2527
f 2530 2567 2532
f 2527 2524 2532
f 2527 2567 2528
f 2621 2525 2534
f 2534 2533 2621
f 2512 2534 2500
f 2500 2534 2525
f 2512 2498 2534
f 2498 2533 2534
f 2539 2537 2535
f 2538 2537 2539
f 2535 2536 2539
f 2536 2535 2598
f 2538 2569 2537
f 2501 2508 2539
f 2539 2508 2538
f 2539 2536 2501
f 2506 2538 2508
f 2540 2538 2506
f 2506 2496 2540
f 2569 2538 2540
f 2536 2598 2542
f 2542 2598 2541
f 2510 2542 2541
f 2541 2497 2510
f 2510 2501 2542
f 2501 2536 2542
f 2544 2543 2545
f 2535 2543 2544
f 2598 2535 2544
f 2537 2569 2543
f 2537 2543 2535
f 2553 2546 2551
f 2546 2547 2548
f 2548 2551 2546
f 2549 2547 2546
f 2549 2546 2550
f 2550 2546 2553
f 2551 2552 2553
f 2496 2554 2553
f 2550 2553 2554
f 2557 2551 2548
f 2557 2548 2556
f 2555 2557 2556
f 2556 2828 2555
f 2557 2571 2551
f 2555 2571 2557
f 2551 2571 2552
f 2547 2549 2558
f 2548 2561 2559
f 2559 2560 2548
f 2562 2559 2565
f 2565 720 2562
f 2565 2559 2561
f 2563 2560 2559
f 2562 724 2844
f 2844 724 9
f 724 2562 720
f 2562 2563 2559
f 2562 2844 2563
f 2564 2556 2560
f 2556 2548 2560
f 2828 2556 2564
f 2564 2560 2563
f 2561 2547 725
f 2547 2561 2548
f 725 720 2565
f 2561 725 2565
f 2558 707 725
f 725 2547 2558
f 2566 2567 2568
f 738 2566 2568
f 730 738 2568
f 2567 2566 2528
f 2554 2529 2566
f 2529 2554 2496
f 2554 2566 2550
f 2566 2529 2528
f 2567 2530 2568
f 2568 2530 739
f 739 730 2568
f 739 2530 659
f 738 737 2558
f 2566 738 2549
f 2549 738 2558
f 2549 2550 2566
f 707 2558 737
f 2574 2576 2573
f 2573 2571 2574
f 2573 2576 2572
f 2569 2573 2572
f 2570 2573 2569
f 2573 2570 2571
f 2571 2570 2552
f 2496 2553 2540
f 2569 2540 2570
f 2552 2570 2540
f 2540 2553 2552
f 2571 2555 2574
f 2574 2555 2856
f 2574 2853 2576
f 2856 2853 2574
f 2555 2828 2856
f 2543 2572 2575
f 2576 2855 2575
f 2572 2576 2575
f 2543 2569 2572
f 2855 2545 2575
f 2575 2545 2543
f 2779 2545 2855
f 2579 2577 2580
f 2578 2577 2579
f 2577 2581 2580
f 2581 2582 2580
f 2583 2577 2584
f 2578 2584 2577
f 2541 2583 2497
f 2497 2583 2584
f 2577 2583 2581
f 2585 2586 2578
f 2579 2585 2578
f 2586 2585 1064
f 1099 2590 2589
f 2591 2590 1099
f 2588 2590 2591
f 1099 1093 2591
f 2590 2588 2587
f 2587 2589 2590
f 2588 2591 1101
f 1101 2520 2588
f 2520 1101 973
f 1101 2591 1093
f 2522 2584 2589
f 2589 2584 2578
f 2584 2522 2497
f 2522 2589 2587
f 1098 1099 2586
f 1099 2589 2578
f 2578 2586 1099
f 1064 1098 2586
f 2597 1083 2593
f 2593 1083 2594
f 2592 2593 2579
f 2579 2593 2594
f 2592 2596 2593
f 2595 2592 2580
f 2595 2582 2897
f 2897 2905 2595
f 2580 2582 2595
f 2592 2579 2580
f 2905 2596 2595
f 2595 2596 2592
f 2597 1090 1083
f 1090 2597 2930
f 2930 8 1090
f 2597 2596 2930
f 2597 2593 2596
f 2585 2594 1087
f 2594 1083 1087
f 2579 2594 2585
f 1064 2585 1087
f 2598 2601 2602
f 2602 2600 2598
f 2603 2602 2604
f 2599 2602 2603
f 2604 2918 2603
f 2604 2602 2601
f 2602 2599 2600
f 2600 2599 2581
f 2599 2603 2582
f 2582 2603 2923
f 2582 2923 2897
f 2923 2603 2918
f 2599 2582 2581
f 2598 2600 2541
f 2600 2583 2541
f 2581 2583 2600
f 2601 2544 2604
f 2544 2601 2598
f 2924 2918 2604
f 2545 2779 2604
f 2604 2779 2924
f 2604 2544 2545
f 2609 2606 2605
f 2605 2608 2609
f 2607 2606 2609
f 2627 2609 2608
f 2610 2607 2609
f 2611 2607 2610
f 740 2611 2610
f 2610 2609 2627
f 2608 2613 2612
f 2605 2618 2613
f 2616 2618 2605
f 2613 2608 2605
f 2612 2613 1026
f 2612 2629 2608
f 2608 2629 2627
f 2606 2614 2615
f 2616 2605 2615
f 2615 2605 2606
f 2606 2607 2614
f 2615 2498 2523
f 2614 2498 2615
f 2618 2616 2619
f 2619 2516 2617
f 2619 1055 1062
f 2617 1055 2619
f 1062 2618 2619
f 1063 2617 2521
f 2521 973 1063
f 2617 2516 2521
f 1063 1055 2617
f 1062 2613 2618
f 1034 2613 1062
f 1034 1026 2613
f 2616 2615 2620
f 2619 2616 2620
f 2619 2620 2516
f 2516 2620 2523
f 2620 2615 2523
f 2623 2621 2625
f 2625 2621 2624
f 2622 2625 2624
f 2624 2607 2622
f 2625 776 2626
f 2622 776 2625
f 2626 2623 2625
f 2626 776 771
f 776 2622 2611
f 740 776 2611
f 2611 2622 2607
f 2626 2531 2623
f 778 2531 2626
f 778 659 2531
f 2626 771 778
f 2624 2621 2533
f 2624 2533 2614
f 2614 2607 2624
f 2533 2498 2614
f 1044 2631 2630
f 1039 2631 1044
f 2630 2629 1044
f 2630 761 2628
f 2630 2627 2629
f 2628 2627 2630
f 765 2610 2628
f 2610 765 740
f 765 2628 761
f 2628 2610 2627
f 2629 2612 1044
f 1044 2612 1026
f 769 767 2631
f 2631 767 2630
f 1039 769 2631
f 767 761 2630
f 2639 2638 2641
f 2640 2638 2639
f 2639 2635 2640
f 2636 2638 2640
f 2644 2643 2642
f 2638 2643 2644
f 2638 2636 2643
f 2644 2641 2638
f 2637 2641 2644
f 2647 2646 2645
f 2645 2639 2647
f 2639 2645 2635
f 2641 2637 2647
f 2647 2639 2641
f 2635 2648 2640
f 2636 2640 2649
f 2648 2649 2640
f 2634 2649 2648
f 2650 2651 2652
f 2652 2651 2635
f 2653 2650 2656
f 2651 2650 2653
f 2654 2655 2650
f 2650 2655 2656
f 2650 2652 2654
f 2657 2656 2655
f 2658 2656 2657
f 811 2658 2657
f 2653 2656 2757
f 2757 2656 2658
f 2645 2659 2652
f 2635 2645 2652
f 2633 2659 2646
f 2646 2659 2645
f 2654 2652 2659
f 2651 2660 2648
f 2651 2648 2635
f 2653 2660 2651
f 2660 2762 2648
f 2648 2762 2634
f 2663 2661 2664
f 2662 2664 2661
f 2663 2636 2661
f 2664 2665 2663
f 2666 2663 2665
f 2643 2663 2666
f 2632 2642 2666
f 2666 2642 2643
f 2643 2636 2663
f 2667 2664 2668
f 2668 2664 2662
f 2706 2667 2668
f 2664 2667 2665
f 2669 2661 2649
f 2669 2662 2661
f 2649 2661 2636
f 2634 2669 2649
f 2673 2671 2670
f 2672 2671 2673
f 2637 2673 2670
f 2674 2672 2673
f 2673 2644 2674
f 2642 2632 2674
f 2674 2644 2642
f 2644 2673 2637
f 2670 2738 2676
f 2676 2738 2675
f 2646 2676 2675
f 2647 2676 2646
f 2675 2633 2646
f 2647 2637 2676
f 2637 2670 2676
f 2678 2677 2679
f 2671 2677 2678
f 2738 2670 2678
f 2678 2670 2671
f 2671 2672 2677
f 2686 2684 2681
f 2681 2682 2683
f 2684 2682 2681
f 2686 2681 2685
f 2708 2686 2685
f 2687 2688 2686
f 2632 2666 2688
f 2688 2687 2632
f 2684 2688 2699
f 2686 2688 2684
f 2687 2686 2708
f 2683 2680 2685
f 2685 2681 2683
f 2691 2690 2682
f 2691 2682 2684
f 2702 2691 2684
f 2689 2691 2702
f 2684 2699 2702
f 2691 2689 2690
f 2690 2689 2862
f 2694 2682 2693
f 2693 2682 2695
f 2695 2881 2693
f 2693 2697 2692
f 2692 2694 2693
f 2697 2693 2696
f 2696 2693 2886
f 2886 7 2696
f 2886 2693 2881
f 2694 2698 2683
f 2694 2683 2682
f 2680 2698 2316
f 2683 2698 2680
f 2698 2692 2316
f 2698 2694 2692
f 2682 2690 2695
f 2690 2862 2695
f 2700 2701 2703
f 2702 2700 2703
f 2699 2700 2702
f 2701 2700 2665
f 2688 2666 2704
f 2699 2704 2700
f 2688 2704 2699
f 2665 2700 2704
f 2704 2666 2665
f 2667 2705 2701
f 2703 2705 2874
f 2703 2701 2705
f 2706 2705 2667
f 2665 2667 2701
f 2689 2702 2703
f 2703 2880 2689
f 2874 2880 2703
f 2862 2689 2880
f 2711 2709 2710
f 2710 2707 2711
f 2711 2672 2709
f 2709 2708 2710
f 2632 2687 2712
f 2674 2632 2712
f 2672 2712 2709
f 2674 2712 2672
f 2712 2708 2709
f 2712 2687 2708
f 2710 2680 2323
f 2710 2323 2707
f 2710 2685 2680
f 2708 2685 2710
f 2677 2711 2713
f 2707 2324 2713
f 2711 2707 2713
f 2677 2672 2711
f 2325 2679 2713
f 2713 2679 2677
f 2713 2324 2325
f 2714 2719 2717
f 2714 2717 2716
f 2714 2715 2725
f 2716 2715 2714
f 2716 2717 2718
f 2719 2720 2717
f 2720 2722 2717
f 2720 2721 2722
f 2264 2722 2721
f 2717 2722 2718
f 2714 2725 2723
f 2723 2719 2714
f 2675 2723 2633
f 2719 2723 2675
f 2715 2716 2724
f 2725 2728 2727
f 928 2727 933
f 2726 2727 928
f 933 2727 2728
f 2727 2726 2654
f 2729 2657 2726
f 2729 934 2657
f 2657 934 811
f 928 2729 2726
f 934 2729 928
f 2726 2657 2655
f 2654 2726 2655
f 2725 2727 2730
f 2723 2725 2730
f 2633 2730 2659
f 2723 2730 2633
f 2727 2654 2730
f 2730 2654 2659
f 2724 933 2728
f 904 933 2724
f 2715 2728 2725
f 2715 2724 2728
f 897 904 2724
f 2732 2737 2734
f 919 2737 2732
f 2734 2737 2733
f 2718 2734 2733
f 2731 2734 2718
f 2734 2731 2274
f 2274 2732 2734
f 2274 2731 2276
f 2735 2731 2722
f 2735 2722 2264
f 2722 2731 2718
f 2731 2735 2276
f 2274 2736 2732
f 2732 2736 920
f 920 919 2732
f 2736 2 920
f 2716 2733 2737
f 905 2737 919
f 2716 2718 2733
f 897 2724 2737
f 2737 2724 2716
f 2737 905 897
f 2738 2742 2743
f 2743 2741 2738
f 2744 2743 2739
f 2740 2743 2744
f 2739 2743 2742
f 2743 2740 2741
f 2741 2740 2720
f 2740 2744 2721
f 2721 2744 2290
f 2290 2264 2721
f 2744 2739 2290
f 2740 2721 2720
f 2738 2741 2675
f 2741 2719 2675
f 2720 2719 2741
f 2742 2678 2745
f 2678 2742 2738
f 2739 2745 2291
f 2742 2745 2739
f 2679 2291 2745
f 2745 2678 2679
f 2325 2291 2679
f 2749 2748 2746
f 2750 2748 2749
f 2747 2746 2756
f 2747 2749 2746
f 2771 2750 2749
f 2750 2751 2752
f 2752 2751 2776
f 2748 2752 2764
f 2750 2752 2748
f 2764 2763 2748
f 2772 2751 2750
f 2772 2750 2771
f 2753 2749 2747
f 860 2753 2747
f 2753 2771 2749
f 2746 2754 2755
f 2756 2746 2755
f 2763 2754 2748
f 2748 2754 2746
f 2755 2634 2762
f 2754 2634 2755
f 2758 2756 2759
f 2759 2653 2757
f 2759 889 2760
f 2757 889 2759
f 2760 2758 2759
f 889 2757 2658
f 2658 896 889
f 811 896 2658
f 2760 860 2758
f 895 860 2760
f 2758 2747 2756
f 860 2747 2758
f 889 895 2760
f 2756 2755 2761
f 2759 2756 2761
f 2759 2761 2660
f 2660 2653 2759
f 2761 2762 2660
f 2761 2755 2762
f 2767 2766 2764
f 2767 2765 2766
f 2662 2766 2765
f 2764 2766 2763
f 2769 2765 2767
f 2767 2764 2752
f 2752 2915 2767
f 2915 2752 2776
f 2767 2915 2916
f 2769 2767 2916
f 2765 2768 2668
f 2765 2668 2662
f 2668 2768 2706
f 2768 2765 2769
f 2770 2766 2669
f 2669 2766 2662
f 2763 2770 2754
f 2766 2770 2763
f 2770 2634 2754
f 2770 2669 2634
f 2775 2773 2774
f 2774 2773 872
f 2777 2775 2778
f 2772 2775 2777
f 2778 2925 2777
f 2778 2775 2774
f 2775 2772 2771
f 2771 2773 2775
f 2772 2777 2751
f 2777 2776 2751
f 878 872 2773
f 878 2773 2753
f 2753 860 878
f 2773 2771 2753
f 8 2778 2774
f 2774 873 8
f 873 2774 872
f 2789 2786 2790
f 2790 2787 2789
f 2788 2786 2789
f 2783 2789 2787
f 2788 2784 2786
f 2785 2787 2790
f 2793 2792 2791
f 2786 2792 2793
f 2786 2784 2792
f 2793 2790 2786
f 2785 2790 2793
f 2787 2795 2794
f 2794 2783 2787
f 2795 2781 2794
f 2795 2787 2785
f 2798 2788 2796
f 2796 2789 2783
f 2788 2789 2796
f 2784 2788 2798
f 2798 2796 2797
f 2782 2798 2797
f 2799 2800 2783
f 2783 2802 2799
f 2801 2799 2803
f 2800 2799 2801
f 2802 2803 2799
f 2875 2803 2802
f 2803 2804 2805
f 2706 2805 2804
f 2801 2805 2911
f 2803 2805 2801
f 2876 2804 2803
f 2876 2803 2875
f 2802 2794 2806
f 2802 2783 2794
f 2794 2781 2806
f 2806 2875 2802
f 2800 2807 2797
f 2797 2796 2800
f 2783 2800 2796
f 2801 2807 2800
f 2810 2808 2811
f 2809 2808 2917
f 2809 2811 2808
f 2784 2808 2810
f 2811 2812 2810
f 2792 2810 2813
f 2780 2791 2813
f 2813 2791 2792
f 2792 2784 2810
f 2810 2812 2813
f 2809 2814 2811
f 2779 2814 2809
f 2917 2808 2816
f 2816 2815 2917
f 2798 2816 2784
f 2784 2816 2808
f 2816 2798 2782
f 2782 2815 2816
f 2817 2818 2819
f 2819 2822 2817
f 2820 2817 2821
f 2821 2817 2823
f 2818 2817 2820
f 2822 2823 2817
f 2785 2823 2822
f 2824 2821 2823
f 2823 2793 2824
f 2780 2824 2791
f 2824 2793 2791
f 2793 2823 2785
f 2819 2825 2822
f 2822 2825 2795
f 2795 2825 2781
f 2795 2785 2822
f 2818 2820 2826
f 2826 2827 2818
f 2819 2818 2892
f 2818 2827 2892
f 2826 2820 2859
f 2820 2821 2859
f 2827 2826 2931
f 2834 2829 2835
f 2830 2835 2829
f 2831 2829 2832
f 2832 2829 2834
f 2833 2834 2835
f 2834 2836 2832
f 2836 2780 2832
f 2833 2838 2837
f 2833 2835 2838
f 2838 2835 2830
f 2838 3043 2837
f 2840 2831 2839
f 2829 2831 2840
f 2840 2830 2829
f 2840 2839 2828
f 2830 2843 2841
f 2841 2842 2830
f 2845 2841 2849
f 2849 2563 2845
f 2849 2841 2843
f 2848 2842 2841
f 2846 2845 2844
f 2841 2845 2846
f 9 2846 2844
f 2844 2845 2563
f 2848 2841 2846
f 2842 2847 2838
f 2838 2830 2842
f 2838 2847 3043
f 2847 2842 2848
f 2843 2840 2564
f 2830 2840 2843
f 2564 2563 2849
f 2843 2564 2849
f 2564 2840 2828
f 2853 2852 2850
f 2850 2851 2853
f 2851 2850 2812
f 2780 2813 2854
f 2832 2780 2854
f 2832 2854 2852
f 2852 2854 2850
f 2852 2831 2832
f 2812 2850 2854
f 2854 2813 2812
f 2814 2855 2851
f 2855 2576 2853
f 2853 2851 2855
f 2814 2779 2855
f 2851 2811 2814
f 2812 2811 2851
f 2839 2852 2853
f 2853 2856 2839
f 2831 2852 2839
f 2828 2839 2856
f 2857 2858 2860
f 2859 2857 2860
f 3057 2860 2858
f 2859 2821 2857
f 2836 2857 2824
f 2836 2824 2780
f 2824 2857 2821
f 2857 2836 2834
f 2833 2857 2834
f 2858 2837 3063
f 2837 3043 3063
f 2857 2833 2858
f 2858 2833 2837
f 2861 2859 2860
f 2826 2859 2861
f 3057 2861 2860
f 2931 2826 2861
f 2863 2866 2864
f 2863 2864 2873
f 2864 2866 2865
f 2867 2868 2866
f 2868 2867 2894
f 2866 2868 2865
f 2867 2866 2889
f 2869 2863 2870
f 2873 2870 2863
f 2781 2869 2806
f 2806 2869 2870
f 2869 2889 2866
f 2866 2863 2869
f 2871 2872 2864
f 2873 2864 2872
f 2865 2871 2864
f 2862 2872 2871
f 2877 2872 2878
f 2873 2872 2877
f 2879 2878 2874
f 2876 2878 2879
f 2874 2878 2872
f 2878 2876 2875
f 2875 2877 2878
f 2876 2879 2804
f 2804 2879 2705
f 2705 2706 2804
f 2879 2874 2705
f 2806 2870 2877
f 2877 2870 2873
f 2806 2877 2875
f 2872 2880 2874
f 2880 2872 2862
f 2883 2881 2884
f 2865 2883 2884
f 2882 2883 2865
f 2883 2882 2887
f 2887 2882 3029
f 2885 2882 2868
f 2885 2868 2894
f 2868 2882 2865
f 2882 2885 3029
f 2886 2883 2887
f 2881 2883 2886
f 7 2886 2887
f 2871 2884 2888
f 2888 2881 2695
f 2884 2881 2888
f 2865 2884 2871
f 2888 2862 2871
f 2888 2695 2862
f 2819 2892 2891
f 2893 2891 2896
f 2890 2891 2893
f 2896 2891 2892
f 2891 2890 2889
f 2893 2867 2890
f 2894 2867 2893
f 2889 2890 2867
f 2895 2819 2891
f 2825 2819 2895
f 2781 2895 2869
f 2825 2895 2781
f 2895 2889 2869
f 2895 2891 2889
f 2827 2896 2892
f 2827 2931 2896
f 2898 2902 2899
f 2898 2899 2900
f 2899 2902 2901
f 2903 2904 2898
f 2898 2904 2902
f 2897 2906 2907
f 2907 2905 2897
f 2902 2907 2919
f 2919 2901 2902
f 2919 2907 2906
f 2902 2904 2907
f 2904 2905 2907
f 2900 2908 2903
f 2903 2898 2900
f 2909 2910 2899
f 2901 2909 2899
f 2909 2782 2910
f 2914 2913 2911
f 2914 2912 2913
f 2913 2801 2911
f 2916 2912 2914
f 2916 2914 2769
f 2914 2911 2805
f 2805 2768 2914
f 2706 2768 2805
f 2914 2768 2769
f 2916 2908 2912
f 2915 2908 2916
f 2912 2900 2913
f 2908 2900 2912
f 2915 2776 2908
f 2807 2913 2910
f 2899 2913 2900
f 2899 2910 2913
f 2807 2801 2913
f 2910 2797 2807
f 2782 2797 2910
f 2920 2917 2922
f 2922 2917 2921
f 2919 2922 2921
f 2921 2901 2919
f 2919 2918 2922
f 2918 2920 2922
f 2918 2919 2906
f 2906 2923 2918
f 2923 2906 2897
f 2920 2924 2809
f 2920 2809 2917
f 2809 2924 2779
f 2924 2920 2918
f 2921 2917 2815
f 2921 2815 2901
f 2901 2815 2909
f 2815 2782 2909
f 2928 2926 2925
f 2928 2925 2927
f 2905 2928 2927
f 2927 2596 2905
f 2928 2904 2926
f 2905 2904 2928
f 2903 2929 2926
f 2929 2777 2925
f 2925 2926 2929
f 2776 2929 2908
f 2908 2929 2903
f 2777 2929 2776
f 2904 2903 2926
f 2927 2778 2930
f 2925 2778 2927
f 2596 2927 2930
f 2930 2778 8
f 2941 2939 2940
f 2936 2941 2940
f 2949 2937 2939
f 2949 2939 2941
f 2938 2940 2939
f 2944 2943 2942
f 2939 2943 2944
f 2939 2937 2943
f 2944 2938 2939
f 2948 2947 2945
f 2945 2940 2948
f 2945 2946 2940
f 2940 2946 2936
f 2948 2940 2938
f 2951 2949 2941
f 2941 2950 2951
f 2936 2950 2941
f 2937 2949 2951
f 2935 2951 2950
f 2952 2936 2946
f 2953 2936 2952
f 2953 2952 2954
f 2954 2952 2955
f 2954 3056 2953
f 3022 2955 2952
f 2957 2954 2955
f 2955 2956 2957
f 2931 2957 2956
f 3023 2956 2955
f 3023 2955 3022
f 2959 2952 2946
f 2959 2946 2945
f 2958 2959 2947
f 2947 2934 2958
f 2947 2959 2945
f 2959 3022 2952
f 2958 3022 2959
f 2950 2953 2960
f 2953 2950 2936
f 2960 2953 3056
f 2960 2935 2950
f 2963 2961 2964
f 2962 2961 3065
f 2962 2964 2961
f 2937 2961 2963
f 2964 2965 2963
f 2966 2963 2965
f 2943 2963 2966
f 2933 2942 2966
f 2966 2942 2943
f 2943 2937 2963
f 2962 2968 2967
f 2967 2964 2962
f 2967 2968 13
f 2964 2967 2965
f 3065 2961 2970
f 2970 2969 3065
f 2951 2970 2937
f 2937 2970 2961
f 2970 2951 2969
f 2969 2951 2935
f 2971 2972 2973
f 2973 2976 2971
f 2982 2972 2971
f 2974 2971 2975
f 2975 2971 2977
f 2982 2971 2974
f 2976 2977 2971
f 2938 2977 2976
f 2978 2975 2977
f 2977 2944 2978
f 2933 2978 2942
f 2978 2944 2942
f 2944 2977 2938
f 2973 2979 2976
f 2976 2979 2948
f 2947 2979 2934
f 2948 2979 2947
f 2976 2948 2938
f 2981 2982 2980
f 2981 2972 2982
f 2980 2982 2974
f 2932 2981 2980
f 2983 2987 2984
f 2983 2984 2985
f 2987 3001 2986
f 2984 2987 2986
f 2988 2989 2983
f 2983 2989 2987
f 2989 2991 2987
f 2989 2990 2991
f 2990 2933 2991
f 2987 2991 3001
f 2988 2993 2992
f 2988 2983 2993
f 2993 2983 2985
f 2993 2175 2992
f 2984 2986 2994
f 2984 2994 84
f 84 2994 63
f 2985 2998 2996
f 2996 2997 2985
f 2999 2996 3000
f 3000 77 2999
f 3000 2996 2998
f 2995 2997 2996
f 2169 2999 82
f 2996 2999 2169
f 1 2169 82
f 82 2999 77
f 2995 2996 2169
f 2993 2985 2997
f 2993 2997 2168
f 2168 2175 2993
f 2997 2995 2168
f 2998 2984 84
f 2984 2998 2985
f 3000 84 83
f 83 77 3000
f 2998 84 3000
f 97 103 3002
f 3002 3003 97
f 3002 103 3004
f 3001 3002 3004
f 3003 3002 2965
f 2933 2966 3005
f 2991 2933 3005
f 3001 3005 3002
f 2991 3005 3001
f 2965 3002 3005
f 3005 2966 2965
f 2967 104 3003
f 97 3003 104
f 13 104 2967
f 2965 2967 3003
f 2994 3004 103
f 2986 3004 2994
f 2986 3001 3004
f 2994 103 63
f 3008 3009 3006
f 3006 3007 3008
f 2176 3008 3010
f 3008 3007 3010
f 3007 3006 2988
f 2990 3006 2978
f 2990 2978 2933
f 2975 3006 3009
f 3009 2974 2975
f 2978 3006 2975
f 3006 2990 2989
f 2988 3006 2989
f 3007 2992 3010
f 3010 2992 2175
f 3007 2988 2992
f 2980 3008 3011
f 2176 3011 3008
f 3009 3008 2974
f 2974 3008 2980
f 2932 2980 3011
f 3017 3016 3013
f 3013 3016 3014
f 3014 3016 3015
f 3012 3016 3018
f 3030 3015 3016
f 3030 3016 3012
f 3016 3017 3018
f 3018 3017 3036
f 3019 3013 3020
f 3014 3020 3013
f 2934 3019 2958
f 2958 3019 3020
f 3019 3036 3017
f 3017 3013 3019
f 3014 3015 3021
f 3024 3025 3026
f 3014 3025 3024
f 2896 3026 3027
f 3023 3026 2896
f 3027 3026 3025
f 3026 3023 3022
f 3022 3024 3026
f 3023 2896 2956
f 2896 2931 2956
f 2958 3020 3024
f 3024 3020 3014
f 2958 3024 3022
f 3025 3021 3028
f 3014 3021 3025
f 3027 3028 2893
f 2893 2896 3027
f 3025 3028 3027
f 3021 2894 3028
f 3028 2894 2893
f 3031 3029 3032
f 3030 3031 3015
f 3015 3031 3032
f 3031 2125 3034
f 3030 2125 3031
f 2125 3030 3012
f 3012 2124 2125
f 3034 3033 2887
f 2887 3031 3034
f 3031 2887 3029
f 2887 3033 7
f 3029 2885 3032
f 2885 3021 3032
f 3032 3021 3015
f 2894 3021 2885
f 3037 3038 3039
f 2972 3039 3038
f 3040 3039 3035
f 3037 3039 3040
f 3036 3038 3037
f 3037 3040 3018
f 3018 3040 2141
f 3018 2141 3012
f 3036 3037 3018
f 3041 2973 3038
f 3038 2973 2972
f 2979 2973 3041
f 2934 3041 3019
f 2979 3041 2934
f 3041 3036 3019
f 3041 3038 3036
f 3039 2981 3042
f 2972 2981 3039
f 3039 3042 3035
f 3042 2981 2932
f 3044 3047 3046
f 3045 3047 3044
f 3047 3048 3046
f 3049 3050 3051
f 105 3050 3049
f 3046 3051 3067
f 3067 3066 3046
f 3067 3051 3050
f 3046 3048 3051
f 3048 3049 3051
f 3047 3053 3052
f 3053 3047 3045
f 3052 3053 3043
f 3052 3072 3047
f 3047 3072 3048
f 3044 3054 3055
f 3045 3044 3055
f 3066 3054 3046
f 3046 3054 3044
f 3054 2969 2935
f 2935 3055 3054
f 3059 3060 3061
f 3045 3060 3059
f 3058 3061 3056
f 3056 3061 3060
f 3061 3057 3064
f 3058 3057 3061
f 3064 3059 3061
f 3062 3058 2957
f 3062 2957 2861
f 2861 2957 2931
f 3058 3056 2954
f 2957 3058 2954
f 3062 3057 3058
f 3062 2861 3057
f 3064 3053 3059
f 3063 3053 3064
f 3053 3045 3059
f 3063 3043 3053
f 3064 2858 3063
f 3057 2858 3064
f 2960 3060 3055
f 3055 3060 3045
f 3060 2960 3056
f 2960 3055 2935
f 3068 3065 3069
f 3069 3065 3066
f 3067 3069 3066
f 3069 3070 138
f 3067 3070 3069
f 138 3068 3069
f 3070 3067 3050
f 3050 143 3070
f 143 3050 105
f 3070 143 142
f 138 3070 142
f 3068 144 2968
f 3068 2962 3065
f 2968 2962 3068
f 144 13 2968
f 144 3068 138
f 3066 3065 2969
f 3066 2969 3054
f 2848 2846 3074
f 3074 3072 2848
f 3074 2846 3073
f 3071 3074 3073
f 3073 129 3071
f 3074 3048 3072
f 3071 3048 3074
f 3049 3071 133
f 133 105 3049
f 133 3071 129
f 3071 3049 3048
f 3072 3052 2848
f 2848 3052 2847
f 2847 3052 3043
f 9 3073 2846
f 134 3073 9
f 134 129 3073
